,greek_id,greek_word,gloss,sent_id
0,110146213,ἐν,in,0
1,110146214,ἀρχῇ,beginning,0
2,110146215,ἦν,was,0
3,110146216,ὁ,the,0
4,110146217,λόγος,Word,0
5,110146218,",",",",0
6,110146219,καὶ,and,0
7,110146220,ὁ,the,0
8,110146221,λόγος,Word,0
9,110146222,ἦν,was,0
10,110146223,πρὸς,toward,0
11,110146224,τὸν,the,0
12,110146225,θεόν,God,0
13,110146226,",",",",0
14,110146227,καὶ,and,0
15,110146228,θεὸς,God,0
16,110146229,ἦν,was,0
17,110146230,ὁ,the,0
18,110146231,λόγος,Word,0
19,110146232,.,.,0
20,110146233,οὗτος,this,1
21,110146234,ἦν,was,1
22,110146235,ἐν,in,1
23,110146236,ἀρχῇ,beginning,1
24,110146237,πρὸς,toward,1
25,110146238,τὸν,the,1
26,110146239,θεόν,God,1
27,110146240,.,.,1
28,110146241,πάντα,all,2
29,110146242,δι’,through,2
30,110146243,αὐτοῦ,him,2
31,110146244,ἐγένετο,came to be,2
32,110146245,",",",",2
33,110146246,καὶ,and,2
34,110146247,χωρὶς,apart from,2
35,110146248,αὐτοῦ,him,2
36,110146249,ἐγένετο,came to be,2
37,110146250,οὐ,not,2
38,110146251,-δὲ,-not even,2
39,110146252,ἕν,anything,2
40,110146253,ὃ,which,2
41,110146254,γέγονεν,has come into being,2
42,110146255,.,.,2
43,110146256,ἐν,in,3
44,110146257,αὐτῷ,in him,3
45,110146258,ζωὴ,life,3
46,110146259,ἐστιν,is,3
47,110146260,",",",",3
48,110146261,καὶ,and,3
49,110146262,ἡ,the,3
50,110146263,ζωὴ,life,3
51,110146264,ἦν,was,3
52,110146265,τὸ,the,3
53,110146266,φῶς,light,3
54,110146267,τῶν,of the,3
55,110146268,ἀνθρώπων,of men,3
56,110146269,.,.,3
57,110146270,καὶ,and,4
58,110146271,τὸ,the,4
59,110146272,φῶς,light,4
60,110146273,ἐν,in,4
61,110146274,τῇ,the,4
62,110146275,σκοτίᾳ,darkness,4
63,110146276,φαίνει,shines,4
64,110146277,",",",",4
65,110146278,καὶ,and,4
66,110146279,ἡ,the,4
67,110146280,σκοτία,darkness,4
68,110146281,αὐτὸ,it,4
69,110146282,οὐ,not,4
70,110146283,κατέλαβεν,overcame,4
71,110146284,.,.,4
72,110146285,ἐγένετο,came to be,5
73,110146286,ἄνθρωπος,man,5
74,110146287,",",",",5
75,110146288,ἀπεσταλμένος,having been sent,5
76,110146289,παρὰ,from,5
77,110146290,θεοῦ,of God,5
78,110146291,",",",",5
79,110146292,ὄνομα,name,5
80,110146293,αὐτῷ,to him,5
81,110146294,Ἰωάννης,John,5
82,110146295,.,.,5
83,110146296,οὗτος,this,6
84,110146297,ἦλθεν,came,6
85,110146298,εἰς,into,6
86,110146299,μαρτυρίαν,testimony,6
87,110146300,",",",",6
88,110146301,ἵνα,in order that,6
89,110146302,μαρτυρήσῃ,testify,6
90,110146303,περὶ,concerning,6
91,110146304,τοῦ,of the,6
92,110146305,φωτός,light,6
93,110146306,",",",",6
94,110146307,ἵνα,so that,6
95,110146308,πάντες,all,6
96,110146309,πιστεύσωσιν,believe,6
97,110146310,δι’,through,6
98,110146311,αὐτοῦ,him,6
99,110146312,.,.,6
100,110146313,οὐκ,not,7
101,110146314,ἦν,was,7
102,110146315,ἐκεῖνος,that one,7
103,110146316,τὸ,the,7
104,110146317,φῶς,light,7
105,110146318,",",",",7
106,110146319,ἀλλ’,but,7
107,110146320,ἵνα,so that,7
108,110146321,μαρτυρήσῃ,testify,7
109,110146322,περὶ,about,7
110,110146323,τοῦ,of the,7
111,110146324,φωτός,of the light,7
112,110146325,.,.,7
113,110146326,ἦν,was,8
114,110146327,τὸ,the,8
115,110146328,φῶς,light,8
116,110146329,τὸ,the,8
117,110146330,ἀληθινόν,true,8
118,110146331,",",",",8
119,110146332,ὃ,who,8
120,110146333,φωτίζει,illuminates,8
121,110146334,πάντα,every,8
122,110146335,ἄνθρωπον,human being,8
123,110146336,",",",",8
124,110146337,ἐρχόμενον,coming,8
125,110146338,εἰς,into,8
126,110146339,τὸν,the,8
127,110146340,κόσμον,world,8
128,110146341,.,.,8
129,110146342,ἐν,in,9
130,110146343,τῷ,the,9
131,110146344,κόσμῳ,world,9
132,110146345,ἦν,was,9
133,110146346,",",",",9
134,110146347,καὶ,and,9
135,110146348,ὁ,the,9
136,110146349,κόσμος,world,9
137,110146350,δι’,through,9
138,110146351,αὐτοῦ,him,9
139,110146352,ἐγένετο,came into being,9
140,110146353,",",",",9
141,110146354,καὶ,and,9
142,110146355,ὁ,the,9
143,110146356,κόσμος,universe,9
144,110146357,αὐτὸν,him,9
145,110146358,οὐκ,not,9
146,110146359,ἔγνω,knew,9
147,110146360,.,.,9
148,110146361,εἰς,into,10
149,110146362,τὰ,the,10
150,110146363,ἴδια,his own,10
151,110146364,ἦλθεν,came,10
152,110146365,",",",",10
153,110146366,καὶ,and,10
154,110146367,οἱ,the,10
155,110146368,ἴδιοι,his own,10
156,110146369,αὐτὸν,him,10
157,110146370,οὐ,not,10
158,110146371,παρέλαβον,received,10
159,110146372,.,.,10
160,110146373,ὅσοι,as many as,11
161,110146374,δὲ,but,11
162,110146375,ἔλαβον,received,11
163,110146376,αὐτόν,him,11
164,110146377,",",",",11
165,110146378,ἔδωκεν,gave,11
166,110146379,αὐτοῖς,them,11
167,110146380,ἐξουσίαν,authority,11
168,110146381,τέκνα,children,11
169,110146382,θεοῦ,of God,11
170,110146383,γενέσθαι,to become,11
171,110146384,",",",",11
172,110146385,τοῖς,to,11
173,110146386,πιστεύουσιν,believing,11
174,110146387,εἰς,in,11
175,110146388,τὸ,the,11
176,110146389,ὄνομα,name,11
177,110146390,αὐτοῦ,his,11
178,110146391,",",",",11
179,110146392,οἳ,who,11
180,110146393,οὐκ,not,11
181,110146394,ἐξ,from,11
182,110146395,αἱμάτων,bloods,11
183,110146396,οὐ,not,11
184,110146397,-δὲ,nor,11
185,110146398,ἐκ,from,11
186,110146399,θελήματος,will,11
187,110146400,σαρκὸς,flesh,11
188,110146401,οὐ,not,11
189,110146402,-δὲ,neither,11
190,110146403,ἐκ,from,11
191,110146404,θελήματος,of will,11
192,110146405,ἀνδρὸς,man,11
193,110146406,ἀλλ’,but,11
194,110146407,ἐκ,from,11
195,110146408,θεοῦ,of God,11
196,110146409,ἐγεννήθησαν,were born,11
197,110146410,.,.,11
198,110146411,καὶ,and,12
199,110146412,ὁ,the,12
200,110146413,λόγος,Word,12
201,110146414,σὰρξ,flesh,12
202,110146415,ἐγένετο,became,12
203,110146416,καὶ,and,12
204,110146417,ἐσκήνωσεν,dwelt,12
205,110146418,ἐν,in,12
206,110146419,ἡμῖν,us,12
207,110146420,",",",",12
208,110146421,καὶ,and,12
209,110146422,ἐθεασάμεθα,we beheld,12
210,110146423,τὴν,the,12
211,110146424,δόξαν,glory,12
212,110146425,αὐτοῦ,of him,12
213,110146426,",",",",12
214,110146427,δόξαν,glory,12
215,110146428,ὡς,as,12
216,110146429,μονογενοῦς,only-begotten,12
217,110146430,παρὰ,from,12
218,110146431,πατρός,of a father,12
219,110146432,",",",",12
220,110146433,πλήρης,full,12
221,110146434,χάριτος,of grace,12
222,110146435,καὶ,and,12
223,110146436,ἀληθείας,truth,12
224,110146437,.,.,12
225,110146438,Ἰωάννης,John,13
226,110146439,μαρτυρεῖ,bears witness,13
227,110146440,περὶ,concerning,13
228,110146441,αὐτοῦ,of him,13
229,110146442,καὶ,and,13
230,110146443,κέκραγεν,has cried out,13
231,110146444,λέγων,saying,13
232,110146445,.,.,13
233,110146446,οὗτος,this,14
234,110146447,ἦν,was,14
235,110146448,ὃν,which,14
236,110146449,εἶπον,said,14
237,110146450,.,.,14
238,110146451,ὁ,the,15
239,110146452,ὀπίσω,behind,15
240,110146453,μου,of me,15
241,110146454,ἐρχόμενος,coming,15
242,110146455,ἔμπροσθέν,before,15
243,110146456,μου,of me,15
244,110146457,γέγονεν,has come,15
245,110146458,",",",",15
246,110146459,ὅτι,because,15
247,110146460,πρῶτός,first,15
248,110146461,μου,of me,15
249,110146462,ἦν,was,15
250,110146463,.,.,15
251,110146464,ὅτι,that,16
252,110146465,ἐκ,out of,16
253,110146466,τοῦ,the,16
254,110146467,πληρώματος,fullness,16
255,110146468,αὐτοῦ,his,16
256,110146469,ἡμεῖς,we,16
257,110146470,πάντες,all,16
258,110146471,ἐλάβομεν,received,16
259,110146472,",",",",16
260,110146473,καὶ,and,16
261,110146474,χάριν,grace,16
262,110146475,ἀντὶ,instead of,16
263,110146476,χάριτος,grace,16
264,110146477,.,.,16
265,110146478,ὅτι,because,17
266,110146479,ὁ,the,17
267,110146480,νόμος,law,17
268,110146481,διὰ,through,17
269,110146482,Μωϋσέως,of Moses,17
270,110146483,ἐδόθη,was given,17
271,110146484,",",",",17
272,110146485,ἡ,the,17
273,110146486,χάρις,grace,17
274,110146487,καὶ,and,17
275,110146488,ἡ,the,17
276,110146489,ἀλήθεια,truth,17
277,110146490,διὰ,through,17
278,110146491,Ἰησοῦ,of Jesus,17
279,110146492,Χριστοῦ,Christ,17
280,110146493,ἐγένετο,came,17
281,110146494,.,.,17
282,110146495,θεὸν,God,18
283,110146496,οὐδεὶς,no one,18
284,110146497,ἑώρακεν,has seen,18
285,110146498,πώποτε,ever,18
286,110146499,.,.,18
287,110146500,ὁ,the,19
288,110146501,μονογενὴς,only-begotten,19
289,110146502,υἱὸς,son,19
290,110146503,ὁ,the,19
291,110146504,ὢν,being,19
292,110146505,εἰς,into,19
293,110146506,τὸν,the,19
294,110146507,κόλπον,bosom,19
295,110146508,τοῦ,of the,19
296,110146509,πατρός,father's,19
297,110146510,",",",",19
298,110146511,ἐκεῖνος,that one,19
299,110146512,ἐξηγήσατο,declared,19
300,110146513,.,.,19
301,110146514,καὶ,and,20
302,110146515,αὕτη,this,20
303,110146516,ἐστὶν,is,20
304,110146517,ἡ,the,20
305,110146518,μαρτυρία,testimony,20
306,110146519,τοῦ,of,20
307,110146520,Ἰωάννου,of John,20
308,110146521,",",",",20
309,110146522,ὅτε,when,20
310,110146523,ἀπέστειλαν,sent,20
311,110146524,οἱ,the,20
312,110146525,Ἰουδαῖοι,Jews,20
313,110146526,ἐξ,from,20
314,110146527,Ἱεροσολύμων,Jerusalem,20
315,110146528,ἱερεῖς,priests,20
316,110146529,καὶ,and,20
317,110146530,Λευείτας,Levites,20
318,110146531,ἵνα,so that,20
319,110146532,ἐρωτήσωσιν,ask,20
320,110146533,αὐτόν,him,20
321,110146534,.,.,20
322,110146535,σὺ,you,21
323,110146536,τίς,who,21
324,110146537,εἶ,are,21
325,110146538,;,?,21
326,110146539,καὶ,and,22
327,110146540,ὡμολόγησεν,confessed,22
328,110146541,καὶ,and,22
329,110146542,οὐκ,not,22
330,110146543,ἠρνήσατο,denied,22
331,110146544,",",",",22
332,110146545,καὶ,and,22
333,110146546,ὡμολόγησεν,confessed,22
334,110146547,ὅτι,that,22
335,110146548,ἐγὼ,I,22
336,110146549,οὐκ,not,22
337,110146550,εἰμὶ,am,22
338,110146551,ὁ,the,22
339,110146552,Χριστός,Messiah,22
340,110146553,.,.,22
341,110146554,καὶ,and,23
342,110146555,ἠρώτησαν,asked,23
343,110146556,αὐτόν,him,23
344,110146557,.,.,23
345,110146558,τί,what,24
346,110146559,οὖν,then,24
347,110146560,;,;,24
348,110146561,Ἡλείας,Elijah,25
349,110146562,εἶ,is,25
350,110146563,;,?,25
351,110146564,λέγει,he says,26
352,110146565,.,.,26
353,110146566,οὐκ,not,27
354,110146567,εἰμί,am,27
355,110146568,.,.,27
356,110146569,ὁ,the,28
357,110146570,προφήτης,prophet,28
358,110146571,εἶ,are,28
359,110146572,σύ,you,28
360,110146573,;,?,28
361,110146574,καὶ,and,29
362,110146575,ἀπεκρίθη,answered,29
363,110146576,.,.,29
364,110146577,οὔ,no,30
365,110146578,.,.,30
366,110146579,εἶπαν,said,31
367,110146580,οὖν,therefore,31
368,110146581,αὐτῷ,him,31
369,110146582,.,.,31
370,110146583,τίς,who,32
371,110146584,εἶ,is,32
372,110146585,;,;,32
373,110146586,ἵνα,in order that,33
374,110146587,ἀπόκρισιν,answer,33
375,110146588,δῶμεν,we may give,33
376,110146589,τοῖς,those,33
377,110146590,πέμψασιν,having sent,33
378,110146591,ἡμᾶς,us,33
379,110146592,.,.,33
380,110146593,τί,what,34
381,110146594,λέγεις,you say,34
382,110146595,περὶ,about,34
383,110146596,σεαυτοῦ,yourself,34
384,110146597,;,question mark,34
385,110146598,ἔφη,said,35
386,110146599,.,.,35
387,110146600,ἐγὼ,I,36
388,110146601,φωνὴ,voice,36
389,110146602,βοῶντος,calling,36
390,110146603,ἐν,in,36
391,110146604,τῇ,the,36
392,110146605,ἐρήμῳ,desert,36
393,110146606,.,.,36
394,110146607,εὐθύνατε,make straight,37
395,110146608,τὴν,the,37
396,110146609,ὁδὸν,way,37
397,110146610,κυρίου,Lord,37
398,110146611,",",",",37
399,110146612,καθὼς,as,37
400,110146613,εἶπεν,said,37
401,110146614,Ἠσαΐας,Isaiah,37
402,110146615,ὁ,the,37
403,110146616,προφήτης,prophet,37
404,110146617,.,.,37
405,110146618,καὶ,and,38
406,110146619,ἀπεσταλμένοι,having been sent,38
407,110146620,ἦσαν,were,38
408,110146621,ἐκ,from,38
409,110146622,τῶν,the,38
410,110146623,Φαρισαίων,of the Pharisees,38
411,110146624,.,.,38
412,110146625,καὶ,and,39
413,110146626,ἠρώτησαν,asked,39
414,110146627,αὐτὸν,him,39
415,110146628,καὶ,and,39
416,110146629,εἶπαν,said,39
417,110146630,αὐτῷ,him,39
418,110146631,.,.,39
419,110146632,τί,why,40
420,110146633,οὖν,then,40
421,110146634,βαπτίζεις,you baptize,40
422,110146635,",",",",40
423,110146636,εἰ,if,40
424,110146637,σὺ,you,40
425,110146638,οὐκ,not,40
426,110146639,εἶ,are,40
427,110146640,ὁ,the,40
428,110146641,Χριστὸς,Messiah,40
429,110146642,οὐ,not,40
430,110146643,-δὲ,or,40
431,110146644,Ἡλείας,Elijah,40
432,110146645,οὐ,not,40
433,110146646,-δὲ,or,40
434,110146647,ὁ,the,40
435,110146648,προφήτης,prophet,40
436,110146649,;,?,40
437,110146650,ἀπεκρίθη,answered,41
438,110146651,αὐτοῖς,them,41
439,110146652,ὁ,the,41
440,110146653,Ἰωάννης,John,41
441,110146654,λέγων,saying,41
442,110146655,.,.,41
443,110146656,ἐγὼ,I,42
444,110146657,βαπτίζω,baptize,42
445,110146658,ἐν,in,42
446,110146659,ὕδατι,water,42
447,110146660,.,.,42
448,110146661,μέσος,among,43
449,110146662,ὑμῶν,your,43
450,110146663,στήκει,stands,43
451,110146664,",",",",43
452,110146665,ὃν,whom,43
453,110146666,ὑμεῖς,you,43
454,110146667,οὐκ,not,43
455,110146668,οἴδατε,you know,43
456,110146669,",",",",43
457,110146670,ὁ,the,43
458,110146671,ὀπίσω,behind,43
459,110146672,μου,of me,43
460,110146673,ἐρχόμενος,coming,43
461,110146674,",",",",43
462,110146675,οὗ,who,43
463,110146676,οὐκ,not,43
464,110146677,εἰμὶ,am,43
465,110146678,ἐγὼ,I,43
466,110146679,ἄξιος,worthy,43
467,110146680,ἵνα,that,43
468,110146681,λύσω,loosen,43
469,110146682,αὐτοῦ,his,43
470,110146683,τὸν,the,43
471,110146684,ἱμάντα,thong,43
472,110146685,τοῦ,of the,43
473,110146686,ὑποδήματος,of the shoe,43
474,110146687,.,.,43
475,110146688,ταῦτα,these things,44
476,110146689,ἐν,in,44
477,110146690,Βηθανίᾳ,Bethany,44
478,110146691,ἐγένετο,happened,44
479,110146692,πέραν,beyond,44
480,110146693,τοῦ,the,44
481,110146694,Ἰορδάνου,Jordan,44
482,110146695,",",",",44
483,110146696,ὅπου,where,44
484,110146697,ἦν,was,44
485,110146698,ὁ,the,44
486,110146699,Ἰωάννης,John,44
487,110146700,βαπτίζων,baptizing,44
488,110146701,.,.,44
489,110146702,τῇ,the,45
490,110146703,ἐπαύριον,the next day,45
491,110146704,βλέπει,sees,45
492,110146705,τὸν,the,45
493,110146706,Ἰησοῦν,Jesus,45
494,110146707,ἐρχόμενον,coming,45
495,110146708,πρὸς,toward,45
496,110146709,αὐτόν,him,45
497,110146710,",",",",45
498,110146711,καὶ,and,45
499,110146712,λέγει,says,45
500,110146713,.,.,45
501,110146714,ἴδε,behold,46
502,110146715,ὁ,the,46
503,110146716,ἀμνὸς,lamb,46
504,110146717,τοῦ,of the,46
505,110146718,θεοῦ,of God,46
506,110146719,ὁ,the,46
507,110146720,αἴρων,taking away,46
508,110146721,τὴν,the,46
509,110146722,ἁμαρτίαν,sin,46
510,110146723,τοῦ,of the,46
511,110146724,κόσμου,world,46
512,110146725,.,.,46
513,110146726,οὗτός,this,47
514,110146727,ἐστιν,is,47
515,110146728,ὑπὲρ,for,47
516,110146729,οὗ,whom,47
517,110146730,ἐγὼ,I,47
518,110146731,εἶπον,said,47
519,110146732,.,.,47
520,110146733,ὀπίσω,behind,48
521,110146734,μου,of me,48
522,110146735,ἔρχεται,comes,48
523,110146736,ἀνὴρ,man,48
524,110146737,ὃς,who,48
525,110146738,ἔμπροσθέν,before,48
526,110146739,μου,of me,48
527,110146740,γέγονεν,has come into being,48
528,110146741,",",",",48
529,110146742,ὅτι,because,48
530,110146743,πρῶτός,first,48
531,110146744,μου,of me,48
532,110146745,ἦν,was,48
533,110146746,.,.,48
534,110146747,κα-,and,49
535,110146748,κἀγὼ,and I,49
536,110146749,οὐκ,not,49
537,110146750,ᾔδειν,I knew,49
538,110146751,αὐτόν,him,49
539,110146752,",",",",49
540,110146753,ἀλλ’,but,49
541,110146754,ἵνα,in order that,49
542,110146755,φανερωθῇ,be revealed,49
543,110146756,τῷ,the,49
544,110146757,Ἰσραήλ,Israel,49
545,110146758,",",",",49
546,110146759,διὰ,because,49
547,110146760,τοῦτο,therefore,49
548,110146761,ἦλθον,came,49
549,110146762,ἐγὼ,I,49
550,110146763,ἐν,in,49
551,110146764,ὕδατι,water,49
552,110146765,βαπτίζων,baptizing,49
553,110146766,.,.,49
554,110146767,καὶ,and,50
555,110146768,ἐμαρτύρησεν,bore witness,50
556,110146769,Ἰωάννης,John,50
557,110146770,λέγων,saying,50
558,110146771,ὅτι,that,50
559,110146772,τεθέαμαι,I have seen,50
560,110146773,τὸ,the,50
561,110146774,πνεῦμα,spirit,50
562,110146775,καταβαῖνον,coming down,50
563,110146776,ὡς,as,50
564,110146777,περιστερὰν,dove,50
565,110146778,ἐξ,out of,50
566,110146779,οὐρανοῦ,of heaven,50
567,110146780,",",",",50
568,110146781,καὶ,and,50
569,110146782,ἔμεινεν,remained,50
570,110146783,ἐπ’,on,50
571,110146784,αὐτόν,him,50
572,110146785,.,.,50
573,110146786,κα-,and,51
574,110146787,κἀγὼ,but I,51
575,110146788,οὐκ,not,51
576,110146789,ᾔδειν,I knew,51
577,110146790,αὐτόν,him,51
578,110146791,",",",",51
579,110146792,ἀλλ’,but,51
580,110146793,ὁ,the,51
581,110146794,πέμψας,sending,51
582,110146795,με,me,51
583,110146796,βαπτίζειν,to baptize,51
584,110146797,ἐν,in,51
585,110146798,ὕδατι,water,51
586,110146799,",",",",51
587,110146800,ἐκεῖνός,that one,51
588,110146801,μοι,to me,51
589,110146802,εἶπεν,said,51
590,110146803,.,.,51
591,110146804,ἐφ’,upon,52
592,110146805,ὃν,whom,52
593,110146806,ἂν,if,52
594,110146807,ἴδῃς,you see,52
595,110146808,τὸ,the,52
596,110146809,πνεῦμα,spirit,52
597,110146810,καταβαῖνον,coming down,52
598,110146811,καὶ,and,52
599,110146812,μένον,remaining,52
600,110146813,ἐπ',on,52
601,110146814,αὐτόν,him,52
602,110146815,",",",",52
603,110146816,οὗτός,this,52
604,110146817,ἐστιν,is,52
605,110146818,ὁ,the,52
606,110146819,βαπτίζων,one who baptizes,52
607,110146820,ἐν,in,52
608,110146821,πνεύματι,spirit,52
609,110146822,ἁγίῳ,holy,52
610,110146823,.,.,52
611,110146824,κα-,and,53
612,110146825,κἀγὼ,and I,53
613,110146826,ἑώρακα,have seen,53
614,110146827,",",",",53
615,110146828,καὶ,and,53
616,110146829,μεμαρτύρηκα,have testified,53
617,110146830,ὅτι,that,53
618,110146831,οὗτός,this,53
619,110146832,ἐστιν,is,53
620,110146833,ὁ,the,53
621,110146834,υἱὸς,son,53
622,110146835,τοῦ,of the,53
623,110146836,θεοῦ,God,53
624,110146837,.,.,53
625,110146838,τῇ,the,54
626,110146839,ἐπαύριον,on the next day,54
627,110146840,πάλιν,again,54
628,110146841,εἱστήκει,was standing,54
629,110146842,ὁ,the,54
630,110146843,Ἰωάννης,John,54
631,110146844,καὶ,and,54
632,110146845,ἐκ,from,54
633,110146846,τῶν,the,54
634,110146847,μαθητῶν,disciples,54
635,110146848,αὐτοῦ,his,54
636,110146849,δύο,two,54
637,110146850,",",",",54
638,110146851,καὶ,and,54
639,110146852,ἐμβλέψας,having looked,54
640,110146853,τῷ,the,54
641,110146854,Ἰησοῦ,Jesus,54
642,110146855,περιπατοῦντι,walking,54
643,110146856,λέγει,says,54
644,110146857,.,.,54
645,110146858,ἴδε,behold,55
646,110146859,ὁ,the,55
647,110146860,ἀμνὸς,lamb,55
648,110146861,τοῦ,of the,55
649,110146862,θεοῦ,of God,55
650,110146863,.,.,55
651,110146864,ἤκουσαν,heard,56
652,110146865,οἱ,the,56
653,110146866,δύο,two,56
654,110146867,μαθηταὶ,disciples,56
655,110146868,αὐτοῦ,his,56
656,110146869,λαλοῦντος,speaking,56
657,110146870,",",",",56
658,110146871,καὶ,and,56
659,110146872,ἠκολούθησαν,followed,56
660,110146873,τῷ,the,56
661,110146874,Ἰησοῦ,Jesus,56
662,110146875,.,.,56
663,110146876,στραφεὶς,turning,57
664,110146877,ὁ,the,57
665,110146878,Ἰησοῦς,Jesus,57
666,110146879,καὶ,and,57
667,110146880,θεασάμενος,having seen,57
668,110146881,αὐτοὺς,them,57
669,110146882,ἀκολουθοῦντας,following,57
670,110146883,λέγει,says,57
671,110146884,αὐτοῖς,them,57
672,110146885,.,.,57
673,110146886,τί,what,58
674,110146887,ζητεῖτε,you seek,58
675,110146888,;,?,58
676,110146889,οἱ,they,59
677,110146890,δὲ,but,59
678,110146891,εἶπαν,said,59
679,110146892,αὐτῷ,him,59
680,110146893,.,.,59
681,110146894,ῥαββεί,Rabbi,60
682,110146895,",",",",60
683,110146896,ὃ,which,60
684,110146897,λέγεται,is called,60
685,110146898,ἑρμηνευόμενον,being translated,60
686,110146899,διδάσκαλε,teacher,60
687,110146900,",",",",60
688,110146901,ποῦ,where,60
689,110146902,μένεις,you remain,60
690,110146903,;,?,60
691,110146904,λέγει,says,61
692,110146905,αὐτοῖς,them,61
693,110146906,.,.,61
694,110146907,ἔρχεσθε,come,62
695,110146908,καὶ,and,62
696,110146909,ὄψεσθε,you will see,62
697,110146910,.,.,62
698,110146911,ἦλθαν,they came,63
699,110146912,οὖν,therefore,63
700,110146913,καὶ,and,63
701,110146914,εἶδαν,saw,63
702,110146915,ποῦ,where,63
703,110146916,μένει,he remains,63
704,110146917,",",",",63
705,110146918,καὶ,and,63
706,110146919,παρ’,with,63
707,110146920,αὐτῷ,him,63
708,110146921,ἔμειναν,stayed,63
709,110146922,τὴν,the,63
710,110146923,ἡμέραν,day,63
711,110146924,ἐκείνην,that,63
712,110146925,.,.,63
713,110146926,ὥρα,hour,64
714,110146927,ἦν,was,64
715,110146928,ὡς,about,64
716,110146929,δεκάτη,tenth,64
717,110146930,.,.,64
718,110146931,ἦν,was,65
719,110146932,Ἀνδρέας,Andrew,65
720,110146933,ὁ,the,65
721,110146934,ἀδελφὸς,brother,65
722,110146935,Σίμωνος,Simon,65
723,110146936,Πέτρου,Peter,65
724,110146937,εἷς,one of,65
725,110146938,ἐκ,from,65
726,110146939,τῶν,the,65
727,110146940,δύο,two,65
728,110146941,τῶν,the,65
729,110146942,ἀκουσάντων,having heard,65
730,110146943,παρὰ,from,65
731,110146944,Ἰωάννου,John,65
732,110146945,καὶ,and,65
733,110146946,ἀκολουθησάντων,having followed,65
734,110146947,αὐτῷ,him,65
735,110146948,.,.,65
736,110146949,εὑρίσκει,finds,66
737,110146950,οὗτος,this,66
738,110146951,πρῶτος,first,66
739,110146952,τὸν,the,66
740,110146953,ἀδελφὸν,brother,66
741,110146954,τὸν,the,66
742,110146955,ἴδιον,own,66
743,110146956,Σίμωνα,Simon,66
744,110146957,καὶ,and,66
745,110146958,λέγει,says,66
746,110146959,αὐτῷ,him,66
747,110146960,.,.,66
748,110146961,εὑρήκαμεν,we have found,67
749,110146962,τὸν,the,67
750,110146963,Μεσσίαν,Messiah,67
751,110146964,",",",",67
752,110146965,ὅ,who,67
753,110146966,ἐστιν,is,67
754,110146967,μεθερμηνευόμενον,translated,67
755,110146968,Χριστός,Messiah,67
756,110146969,.,.,67
757,110146970,ἤγαγεν,brought,68
758,110146971,αὐτὸν,him,68
759,110146972,πρὸς,toward,68
760,110146973,τὸν,the,68
761,110146974,Ἰησοῦν,Jesus,68
762,110146975,.,.,68
763,110146976,ἐμβλέψας,having looked,69
764,110146977,αὐτῷ,him,69
765,110146978,ὁ,the,69
766,110146979,Ἰησοῦς,Jesus,69
767,110146980,εἶπεν,said,69
768,110146981,.,.,69
769,110146982,σὺ,you,70
770,110146983,εἶ,are,70
771,110146984,Σίμων,Simon,70
772,110146985,ὁ,the,70
773,110146986,υἱὸς,son,70
774,110146987,Ἰωάννου,of John,70
775,110146988,",",",",70
776,110146989,σὺ,you,70
777,110146990,κληθήσῃ,you will be called,70
778,110146991,Κηφᾶς,Cephas,70
779,110146992,",",",",70
780,110146993,ὃ,which,70
781,110146994,ἑρμηνεύεται,is interpreted,70
782,110146995,Πέτρος,Peter,70
783,110146996,.,.,70
784,110146997,τῇ,the,71
785,110146998,ἐπαύριον,on the next day,71
786,110146999,ἠθέλησεν,wished,71
787,110147000,ἐξελθεῖν,to go out,71
788,110147001,εἰς,into,71
789,110147002,τὴν,the,71
790,110147003,Γαλιλαίαν,Galilee,71
791,110147004,",",",",71
792,110147005,καὶ,and,71
793,110147006,εὑρίσκει,finds,71
794,110147007,Φίλιππον,Philip,71
795,110147008,.,.,71
796,110147009,καὶ,and,72
797,110147010,λέγει,says,72
798,110147011,αὐτῷ,him,72
799,110147012,ὁ,the,72
800,110147013,Ἰησοῦς,Jesus,72
801,110147014,",",",",72
802,110147015,ἀκολούθει,follow,72
803,110147016,μοι,me,72
804,110147017,.,.,72
805,110147018,ἦν,was,73
806,110147019,δὲ,but,73
807,110147020,ὁ,the,73
808,110147021,Φίλιππος,Philip,73
809,110147022,ἀπὸ,from,73
810,110147023,Βηθσαϊδά,Bethsaida,73
811,110147024,",",",",73
812,110147025,ἐκ,from,73
813,110147026,τῆς,the,73
814,110147027,πόλεως,city,73
815,110147028,Ἀνδρέου,Andrew's,73
816,110147029,καὶ,and,73
817,110147030,Πέτρου,of Peter,73
818,110147031,.,.,73
819,110147032,εὑρίσκει,finds,74
820,110147033,Φίλιππος,Philip,74
821,110147034,τὸν,the,74
822,110147035,Ναθαναὴλ,Nathanael,74
823,110147036,καὶ,and,74
824,110147037,λέγει,says,74
825,110147038,αὐτῷ,him,74
826,110147039,.,.,74
827,110147040,ὃν,whom,75
828,110147041,ἔγραψεν,wrote,75
829,110147042,Μωϋσῆς,Moses,75
830,110147043,ἐν,in,75
831,110147044,τῷ,the,75
832,110147045,νόμῳ,law,75
833,110147046,καὶ,and,75
834,110147047,οἱ,the,75
835,110147048,προφῆται,prophets,75
836,110147049,",",",",75
837,110147050,εὑρήκαμεν,have found,75
838,110147051,",",",",75
839,110147052,Ἰησοῦν,Jesus,75
840,110147053,υἱὸν,son,75
841,110147054,τοῦ,of,75
842,110147055,Ἰωσὴφ,Joseph,75
843,110147056,τὸν,the,75
844,110147057,ἀπὸ,from,75
845,110147058,Ναζαρέτ,of Nazareth,75
846,110147059,.,.,75
847,110147060,εἶπεν,said,76
848,110147061,αὐτῷ,him,76
849,110147062,Ναθαναήλ,Nathanael,76
850,110147063,.,.,76
851,110147064,ἐκ,from,77
852,110147065,Ναζαρὲτ,Nazareth,77
853,110147066,δύναταί,is able,77
854,110147067,τι,any,77
855,110147068,ἀγαθὸν,good,77
856,110147069,εἶναι,to be,77
857,110147070,;,;,77
858,110147071,λέγει,says,78
859,110147072,αὐτῷ,him,78
860,110147073,Φίλιππος,Philip,78
861,110147074,.,.,78
862,110147075,ἔρχου,come,79
863,110147076,καὶ,and,79
864,110147077,ἴδε,see,79
865,110147078,.,.,79
866,110147079,εἶδεν,saw,80
867,110147080,Ἰησοῦς,Jesus,80
868,110147081,τὸν,the,80
869,110147082,Ναθαναὴλ,Nathanael,80
870,110147083,ἐρχόμενον,coming,80
871,110147084,πρὸς,toward,80
872,110147085,αὐτὸν,him,80
873,110147086,καὶ,and,80
874,110147087,λέγει,says,80
875,110147088,περὶ,about,80
876,110147089,αὐτοῦ,him,80
877,110147090,.,.,80
878,110147091,ἴδε,behold,81
879,110147092,ἀληθῶς,truly,81
880,110147093,Ἰσραηλείτης,Israelite,81
881,110147094,",",",",81
882,110147095,ἐν,in,81
883,110147096,ᾧ,in whom,81
884,110147097,δόλος,crafty,81
885,110147098,οὐκ,not,81
886,110147099,ἔστιν,is,81
887,110147100,.,.,81
888,110147101,λέγει,says,82
889,110147102,αὐτῷ,him,82
890,110147103,Ναθαναήλ,Nathanael,82
891,110147104,.,.,82
892,110147105,πόθεν,from where,83
893,110147106,με,me,83
894,110147107,γινώσκεις,you know,83
895,110147108,;,?,83
896,110147109,ἀπεκρίθη,answered,84
897,110147110,Ἰησοῦς,Jesus,84
898,110147111,καὶ,and,84
899,110147112,εἶπεν,said,84
900,110147113,αὐτῷ,him,84
901,110147114,.,.,84
902,110147115,πρὸ,before,85
903,110147116,τοῦ,before,85
904,110147117,σε,you,85
905,110147118,Φίλιππον,Philip,85
906,110147119,φωνῆσαι,to call,85
907,110147120,ὄντα,being,85
908,110147121,ὑπὸ,under,85
909,110147122,τὴν,the,85
910,110147123,συκῆν,fig tree,85
911,110147124,εἶδόν,I saw,85
912,110147125,σε,you,85
913,110147126,.,.,85
914,110147127,ἀπεκρίθη,answered,86
915,110147128,αὐτῷ,him,86
916,110147129,Ναθαναήλ,Nathanael,86
917,110147130,.,.,86
918,110147131,ῥαββεί,Rabbi,87
919,110147132,",",",",87
920,110147133,σὺ,you,87
921,110147134,εἶ,are,87
922,110147135,ὁ,the,87
923,110147136,υἱὸς,son,87
924,110147137,τοῦ,of the,87
925,110147138,θεοῦ,of God,87
926,110147139,",",",",87
927,110147140,σὺ,you,87
928,110147141,βασιλεὺς,king,87
929,110147142,εἶ,are,87
930,110147143,τοῦ,of the,87
931,110147144,Ἰσραήλ,Israel,87
932,110147145,.,.,87
933,110147146,ἀπεκρίθη,answered,88
934,110147147,Ἰησοῦς,Jesus,88
935,110147148,καὶ,and,88
936,110147149,εἶπεν,said,88
937,110147150,αὐτῷ,to him,88
938,110147151,.,.,88
939,110147152,ὅτι,that,89
940,110147153,εἶπόν,I said,89
941,110147154,σοι,you,89
942,110147155,ὅτι,that,89
943,110147156,εἶδόν,saw,89
944,110147157,σε,you,89
945,110147158,ὑποκάτω,under,89
946,110147159,τῆς,the,89
947,110147160,συκῆς,fig tree,89
948,110147161,",",",",89
949,110147162,πιστεύεις,you believe,89
950,110147163,;,?,89
951,110147164,μείζω,greater,90
952,110147165,τούτων,of these,90
953,110147166,ὄψῃ,you will see,90
954,110147167,.,.,90
955,110147168,καὶ,and,91
956,110147169,λέγει,he says,91
957,110147170,αὐτῷ,him,91
958,110147171,.,.,91
959,110147172,ἀμὴν,truly,92
960,110147173,ἀμὴν,truly,92
961,110147174,λέγω,I say,92
962,110147175,ὑμῖν,you,92
963,110147176,",",",",92
964,110147177,ὄψεσθε,you will see,92
965,110147178,τὸν,the,92
966,110147179,οὐρανὸν,heaven,92
967,110147180,ἀνεῳγότα,having been opened,92
968,110147181,καὶ,and,92
969,110147182,τοὺς,the,92
970,110147183,ἀγγέλους,angels,92
971,110147184,τοῦ,of,92
972,110147185,θεοῦ,of God,92
973,110147186,ἀναβαίνοντας,ascending,92
974,110147187,καὶ,and,92
975,110147188,καταβαίνοντας,descending,92
976,110147189,ἐπὶ,to,92
977,110147190,τὸν,the,92
978,110147191,υἱὸν,Son,92
979,110147192,τοῦ,of,92
980,110147193,ἀνθρώπου,of man,92
981,110147194,.,.,92
982,110147195,καὶ,and,93
983,110147196,τῇ,the,93
984,110147197,ἡμέρᾳ,day,93
985,110147198,τῇ,the,93
986,110147199,τρίτῃ,third,93
987,110147200,γάμος,wedding,93
988,110147201,ἐγένετο,took place,93
989,110147202,ἐν,in,93
990,110147203,Κανὰ,Cana,93
991,110147204,τῆς,of,93
992,110147205,Γαλιλαίας,of Galilee,93
993,110147206,",",",",93
994,110147207,καὶ,and,93
995,110147208,ἦν,was,93
996,110147209,ἡ,the,93
997,110147210,μήτηρ,mother,93
998,110147211,τοῦ,of the,93
999,110147212,Ἰησοῦ,of Jesus,93
1000,110147213,ἐκεῖ,there,93
1001,110147214,.,.,93
1002,110147215,ἐκλήθη,was called,94
1003,110147216,δὲ,but,94
1004,110147217,καὶ,and,94
1005,110147218,ὁ,the,94
1006,110147219,Ἰησοῦς,Jesus,94
1007,110147220,καὶ,and,94
1008,110147221,οἱ,the,94
1009,110147222,μαθηταὶ,disciples,94
1010,110147223,αὐτοῦ,his,94
1011,110147224,εἰς,to,94
1012,110147225,τὸν,the,94
1013,110147226,γάμον,wedding,94
1014,110147227,.,.,94
1015,110147228,καὶ,and,95
1016,110147229,οἶνον,wine,95
1017,110147230,οὐκ,not,95
1018,110147231,εἶχον,had,95
1019,110147232,",",",",95
1020,110147233,ὅτι,because,95
1021,110147234,συνετελέσθη,was completed,95
1022,110147235,ὁ,the,95
1023,110147236,οἶνος,the wine,95
1024,110147237,τοῦ,of the,95
1025,110147238,γάμου,of the wedding,95
1026,110147239,.,.,95
1027,110147240,εἶτα,then,96
1028,110147241,λέγει,says,96
1029,110147242,ἡ,the,96
1030,110147243,μήτηρ,mother,96
1031,110147244,τοῦ,of the,96
1032,110147245,Ἰησοῦ,of Jesus,96
1033,110147246,πρὸς,to,96
1034,110147247,αὐτόν,him,96
1035,110147248,.,.,96
1036,110147249,οἶνος,wine,97
1037,110147250,οὐκ,not,97
1038,110147251,ἔστιν,is,97
1039,110147252,.,.,97
1040,110147253,λέγει,says,98
1041,110147254,αὐτῇ,her,98
1042,110147255,ὁ,the,98
1043,110147256,Ἰησοῦς,Jesus,98
1044,110147257,.,.,98
1045,110147258,τί,what,99
1046,110147259,ἐμοὶ,to me,99
1047,110147260,καὶ,and,99
1048,110147261,σοί,to you,99
1049,110147262,",",",",99
1050,110147263,γύναι,woman,99
1051,110147264,;,?,99
1052,110147265,οὔπω,not yet,100
1053,110147266,ἥκει,has come,100
1054,110147267,ἡ,the,100
1055,110147268,ὥρα,hour,100
1056,110147269,μου,my,100
1057,110147270,.,.,100
1058,110147271,λέγει,he/she/it says,101
1059,110147272,ἡ,the,101
1060,110147273,μήτηρ,mother,101
1061,110147274,αὐτοῦ,his,101
1062,110147275,τοῖς,the,101
1063,110147276,διακόνοις,servants,101
1064,110147277,.,.,101
1065,110147278,ὅ,what,102
1066,110147279,τι,what,102
1067,110147280,ἂν,if,102
1068,110147281,λέγῃ,he/she/it will say,102
1069,110147282,ὑμῖν,you,102
1070,110147283,",",",",102
1071,110147284,ποιήσατε,do,102
1072,110147285,.,.,102
1073,110147286,ἦσαν,were,103
1074,110147287,δὲ,but,103
1075,110147288,ἐκεῖ,there,103
1076,110147289,λίθιναι,stone,103
1077,110147290,ὑδρίαι,pitchers,103
1078,110147291,ἓξ,six,103
1079,110147292,κατὰ,according to,103
1080,110147293,τὸν,the,103
1081,110147294,καθαρισμὸν,purification,103
1082,110147295,τῶν,of the,103
1083,110147296,Ἰουδαίων,of the Jews,103
1084,110147297,κείμεναι,placed,103
1085,110147298,",",",",103
1086,110147299,χωροῦσαι,holding,103
1087,110147300,ἀνὰ,up to,103
1088,110147301,μετρητὰς,measures,103
1089,110147302,δύο,two,103
1090,110147303,ἢ,or,103
1091,110147304,τρεῖς,three,103
1092,110147305,.,.,103
1093,110147306,λέγει,says,104
1094,110147307,αὐτοῖς,them,104
1095,110147308,ὁ,the,104
1096,110147309,Ἰησοῦς,Jesus,104
1097,110147310,.,.,104
1098,110147311,γεμίσατε,fill,105
1099,110147312,τὰς,the,105
1100,110147313,ὑδρίας,pitchers,105
1101,110147314,ὕδατος,of water,105
1102,110147315,.,.,105
1103,110147316,καὶ,and,106
1104,110147317,ἐγέμισαν,filled,106
1105,110147318,αὐτὰς,them,106
1106,110147319,ἕως,until,106
1107,110147320,ἄνω,up,106
1108,110147321,.,.,106
1109,110147322,καὶ,and,107
1110,110147323,λέγει,says,107
1111,110147324,αὐτοῖς,to them,107
1112,110147325,.,.,107
1113,110147326,ἀντλήσατε,draw,108
1114,110147327,νῦν,now,108
1115,110147328,καὶ,and,108
1116,110147329,φέρετε,bring,108
1117,110147330,τῷ,to,108
1118,110147331,ἀρχιτρικλίνῳ,master of the banquet,108
1119,110147332,.,.,108
1120,110147333,οἱ,the,109
1121,110147334,δὲ,but,109
1122,110147335,ἤνεγκαν,brought,109
1123,110147336,.,.,109
1124,110147337,ὡς,as,110
1125,110147338,δὲ,but,110
1126,110147339,ἐγεύσατο,tasted,110
1127,110147340,ὁ,the,110
1128,110147341,ἀρχιτρίκλινος,master of the feast,110
1129,110147342,τὸ,the,110
1130,110147343,ὕδωρ,water,110
1131,110147344,οἶνον,wine,110
1132,110147345,γεγενημένον,become,110
1133,110147346,",",",",110
1134,110147347,καὶ,and,110
1135,110147348,οὐκ,not,110
1136,110147349,ᾔδει,knew,110
1137,110147350,πόθεν,from where,110
1138,110147351,ἐστίν,is,110
1139,110147352,",",",",110
1140,110147353,οἱ,the,110
1141,110147354,δὲ,but,110
1142,110147355,διάκονοι,servants,110
1143,110147356,ᾔδεισαν,knew,110
1144,110147357,οἱ,the,110
1145,110147358,ἠντληκότες,having drawn,110
1146,110147359,τὸ,the,110
1147,110147360,ὕδωρ,water,110
1148,110147361,",",",",110
1149,110147362,φωνεῖ,calls,110
1150,110147363,τὸν,the,110
1151,110147364,νυμφίον,groom,110
1152,110147365,ὁ,the,110
1153,110147366,ἀρχιτρίκλινος,master of the banquet,110
1154,110147367,καὶ,and,110
1155,110147368,λέγει,says,110
1156,110147369,αὐτῷ,him,110
1157,110147370,.,.,110
1158,110147371,πᾶς,every,111
1159,110147372,ἄνθρωπος,man,111
1160,110147373,πρῶτον,first,111
1161,110147374,τὸν,the,111
1162,110147375,καλὸν,good,111
1163,110147376,οἶνον,wine,111
1164,110147377,τίθησιν,puts,111
1165,110147378,",",",",111
1166,110147379,καὶ,and,111
1167,110147380,ὅταν,when,111
1168,110147381,μεθυσθῶσιν,they become drunk,111
1169,110147382,τὸν,the,111
1170,110147383,ἐλάσσω,inferior,111
1171,110147384,.,.,111
1172,110147385,σὺ,you,112
1173,110147386,τετήρηκας,you have kept,112
1174,110147387,τὸν,the,112
1175,110147388,καλὸν,good,112
1176,110147389,οἶνον,wine,112
1177,110147390,ἕως,until,112
1178,110147391,ἄρτι,until now,112
1179,110147392,.,.,112
1180,110147393,ταύτην,this,113
1181,110147394,ἐποίησεν,made,113
1182,110147395,ἀρχὴν,beginning,113
1183,110147396,τῶν,of the,113
1184,110147397,σημείων,signs,113
1185,110147398,ὁ,the,113
1186,110147399,Ἰησοῦς,Jesus,113
1187,110147400,ἐν,in,113
1188,110147401,Κανὰ,Cana,113
1189,110147402,τῆς,of,113
1190,110147403,Γαλιλαίας,of Galilee,113
1191,110147404,καὶ,and,113
1192,110147405,ἐφανέρωσεν,revealed,113
1193,110147406,τὴν,the,113
1194,110147407,δόξαν,glory,113
1195,110147408,αὐτοῦ,his,113
1196,110147409,",",",",113
1197,110147410,καὶ,and,113
1198,110147411,ἐπίστευσαν,believed,113
1199,110147412,εἰς,into,113
1200,110147413,αὐτὸν,him,113
1201,110147414,οἱ,the,113
1202,110147415,μαθηταὶ,disciples,113
1203,110147416,αὐτοῦ,his,113
1204,110147417,.,.,113
1205,110147418,μετὰ,after,114
1206,110147419,τοῦτο,this,114
1207,110147420,κατέβη,went down,114
1208,110147421,εἰς,into,114
1209,110147422,Καφαρναοὺμ,Capernaum,114
1210,110147423,αὐτὸς,he,114
1211,110147424,καὶ,and,114
1212,110147425,ἡ,the,114
1213,110147426,μήτηρ,mother,114
1214,110147427,αὐτοῦ,his,114
1215,110147428,καὶ,and,114
1216,110147429,οἱ,the,114
1217,110147430,ἀδελφοὶ,brothers,114
1218,110147431,αὐτοῦ,his,114
1219,110147432,καὶ,and,114
1220,110147433,οἱ,the,114
1221,110147434,μαθηταὶ,disciples,114
1222,110147435,αὐτοῦ,his,114
1223,110147436,",",",",114
1224,110147437,καὶ,and,114
1225,110147438,ἐκεῖ,there,114
1226,110147439,ἔμειναν,remained,114
1227,110147440,οὐ,not,114
1228,110147441,πολλὰς,many,114
1229,110147442,ἡμέρας,days,114
1230,110147443,.,.,114
1231,110147444,καὶ,and,115
1232,110147445,ἐγγὺς,near,115
1233,110147446,ἦν,was,115
1234,110147447,τὸ,the,115
1235,110147448,πάσχα,Passover,115
1236,110147449,τῶν,of the,115
1237,110147450,Ἰουδαίων,of the Jews,115
1238,110147451,",",",",115
1239,110147452,καὶ,and,115
1240,110147453,ἀνέβη,went up,115
1241,110147454,εἰς,into,115
1242,110147455,Ἱεροσόλυμα,Jerusalem,115
1243,110147456,ὁ,the,115
1244,110147457,Ἰησοῦς,Jesus,115
1245,110147458,.,.,115
1246,110147459,καὶ,and,116
1247,110147460,εὗρεν,found,116
1248,110147461,ἐν,in,116
1249,110147462,τῷ,the,116
1250,110147463,ἱερῷ,temple,116
1251,110147464,τοὺς,the,116
1252,110147465,πωλοῦντας,selling,116
1253,110147466,βόας,oxen,116
1254,110147467,καὶ,and,116
1255,110147468,πρόβατα,sheep,116
1256,110147469,καὶ,and,116
1257,110147470,περιστερὰς,pigeons,116
1258,110147471,καὶ,and,116
1259,110147472,τοὺς,the,116
1260,110147473,κερματιστὰς,money-changers,116
1261,110147474,καθημένους,sitting,116
1262,110147475,",",",",116
1263,110147476,καὶ,and,116
1264,110147477,ποιήσας,having made,116
1265,110147478,φραγέλλιον,whip,116
1266,110147479,ἐκ,of,116
1267,110147480,σχοινίων,ropes,116
1268,110147481,πάντας,all,116
1269,110147482,ἐξέβαλεν,drove out,116
1270,110147483,ἐκ,out of,116
1271,110147484,τοῦ,the,116
1272,110147485,ἱεροῦ,temple,116
1273,110147486,",",",",116
1274,110147487,τά,the,116
1275,110147488,τε,and,116
1276,110147489,πρόβατα,sheep,116
1277,110147490,καὶ,and,116
1278,110147491,τοὺς,the,116
1279,110147492,βόας,oxen,116
1280,110147493,",",",",116
1281,110147494,καὶ,and,116
1282,110147495,τῶν,of the,116
1283,110147496,κολλυβιστῶν,money-changers,116
1284,110147497,ἐξέχεεν,poured out,116
1285,110147498,τὸ,the,116
1286,110147499,κέρμα,coins,116
1287,110147500,καὶ,and,116
1288,110147501,τὰς,the,116
1289,110147502,τραπέζας,tables,116
1290,110147503,ἀνέστρεψεν,overturned,116
1291,110147504,",",",",116
1292,110147505,καὶ,and,116
1293,110147506,τοῖς,to,116
1294,110147507,τὰς,the,116
1295,110147508,περιστερὰς,pigeons,116
1296,110147509,πωλοῦσιν,selling,116
1297,110147510,εἶπεν,said,116
1298,110147511,.,.,116
1299,110147512,ἄρατε,lift,117
1300,110147513,ταῦτα,these,117
1301,110147514,ἐντεῦθεν,from here,117
1302,110147515,",",",",117
1303,110147516,μὴ,do not,117
1304,110147517,ποιεῖτε,make,117
1305,110147518,τὸν,the,117
1306,110147519,οἶκον,house,117
1307,110147520,τοῦ,of,117
1308,110147521,πατρός,of my father,117
1309,110147522,μου,my,117
1310,110147523,οἶκον,house,117
1311,110147524,ἐμπορίου,of trade,117
1312,110147525,.,.,117
1313,110147526,ἐμνήσθησαν,remembered,118
1314,110147527,οἱ,the,118
1315,110147528,μαθηταὶ,disciples,118
1316,110147529,αὐτοῦ,his,118
1317,110147530,ὅτι,that,118
1318,110147531,γεγραμμένον,written,118
1319,110147532,ἐστίν,is,118
1320,110147533,.,.,118
1321,110147534,ὁ,the,119
1322,110147535,ζῆλος,zeal,119
1323,110147536,τοῦ,of the,119
1324,110147537,οἴκου,house,119
1325,110147538,σου,your,119
1326,110147539,καταφάγεταί,will devour,119
1327,110147540,με,me,119
1328,110147541,.,.,119
1329,110147542,ἀπεκρίθησαν,answered,120
1330,110147543,οὖν,therefore,120
1331,110147544,οἱ,the,120
1332,110147545,Ἰουδαῖοι,Jews,120
1333,110147546,καὶ,and,120
1334,110147547,εἶπαν,said,120
1335,110147548,αὐτῷ,him,120
1336,110147549,.,.,120
1337,110147550,τί,what,121
1338,110147551,σημεῖον,sign,121
1339,110147552,δεικνύεις,show,121
1340,110147553,ἡμῖν,us,121
1341,110147554,",",",",121
1342,110147555,ὅτι,that,121
1343,110147556,ταῦτα,these,121
1344,110147557,ποιεῖς,do,121
1345,110147558,;,;,121
1346,110147559,ἀπεκρίθη,answered,122
1347,110147560,Ἰησοῦς,Jesus,122
1348,110147561,καὶ,and,122
1349,110147562,εἶπεν,said,122
1350,110147563,αὐτοῖς,them,122
1351,110147564,.,.,122
1352,110147565,λύσατε,destroy,123
1353,110147566,τὸν,the,123
1354,110147567,ναὸν,temple,123
1355,110147568,τοῦτον,this,123
1356,110147569,",",",",123
1357,110147570,καὶ,and,123
1358,110147571,ἐν,in,123
1359,110147572,τρισὶν,three,123
1360,110147573,ἡμέραις,days,123
1361,110147574,ἐγερῶ,raise,123
1362,110147575,αὐτόν,it,123
1363,110147576,.,.,123
1364,110147577,εἶπαν,they said,124
1365,110147578,οὖν,then,124
1366,110147579,οἱ,the,124
1367,110147580,Ἰουδαῖοι,Jews,124
1368,110147581,.,.,124
1369,110147582,τεσσεράκοντα,forty,125
1370,110147583,καὶ,and,125
1371,110147584,ἓξ,six,125
1372,110147585,ἔτεσιν,years,125
1373,110147586,οἰκοδομήθη,was built,125
1374,110147587,ὁ,the,125
1375,110147588,ναὸς,temple,125
1376,110147589,οὗτος,this,125
1377,110147590,",",",",125
1378,110147591,καὶ,and,125
1379,110147592,σὺ,you,125
1380,110147593,ἐν,in,125
1381,110147594,τρισὶν,three,125
1382,110147595,ἡμέραις,days,125
1383,110147596,ἐγερεῖς,will be raised,125
1384,110147597,αὐτόν,it,125
1385,110147598,;,?,125
1386,110147599,ἐκεῖνος,that one,126
1387,110147600,δὲ,but,126
1388,110147601,ἔλεγεν,was saying,126
1389,110147602,περὶ,about,126
1390,110147603,τοῦ,of the,126
1391,110147604,ναοῦ,temple,126
1392,110147605,τοῦ,of the,126
1393,110147606,σώματος,body,126
1394,110147607,αὐτοῦ,his,126
1395,110147608,.,.,126
1396,110147609,ὅτε,when,127
1397,110147610,οὖν,then,127
1398,110147611,ἠγέρθη,was raised,127
1399,110147612,ἐκ,from,127
1400,110147613,νεκρῶν,of the dead,127
1401,110147614,",",",",127
1402,110147615,ἐμνήσθησαν,remembered,127
1403,110147616,οἱ,the,127
1404,110147617,μαθηταὶ,disciples,127
1405,110147618,αὐτοῦ,his,127
1406,110147619,ὅτι,that,127
1407,110147620,τοῦτο,this,127
1408,110147621,ἔλεγεν,was saying,127
1409,110147622,",",",",127
1410,110147623,καὶ,and,127
1411,110147624,ἐπίστευσαν,believed,127
1412,110147625,τῇ,the,127
1413,110147626,γραφῇ,Scripture,127
1414,110147627,καὶ,and,127
1415,110147628,τῷ,the,127
1416,110147629,λόγῳ,word,127
1417,110147630,ὃν,which,127
1418,110147631,εἶπεν,said,127
1419,110147632,ὁ,the,127
1420,110147633,Ἰησοῦς,Jesus,127
1421,110147634,.,.,127
1422,110147635,ὡς,as,128
1423,110147636,δὲ,but,128
1424,110147637,ἦν,was,128
1425,110147638,ἐν,in,128
1426,110147639,τοῖς,the,128
1427,110147640,Ἱεροσολύμοις,Jerusalem,128
1428,110147641,ἐν,in,128
1429,110147642,τῷ,the,128
1430,110147643,πάσχα,Passover,128
1431,110147644,ἐν,during,128
1432,110147645,τῇ,the,128
1433,110147646,ἑορτῇ,festival,128
1434,110147647,",",",",128
1435,110147648,πολλοὶ,many,128
1436,110147649,ἐπίστευσαν,believed,128
1437,110147650,εἰς,into,128
1438,110147651,τὸ,the,128
1439,110147652,ὄνομα,name,128
1440,110147653,αὐτοῦ,his,128
1441,110147654,",",",",128
1442,110147655,θεωροῦντες,seeing,128
1443,110147656,αὐτοῦ,his,128
1444,110147657,τὰ,the,128
1445,110147658,σημεῖα,signs,128
1446,110147659,ἃ,which,128
1447,110147660,ἐποίει,was doing,128
1448,110147661,.,.,128
1449,110147662,αὐτὸς,he,129
1450,110147663,δὲ,but,129
1451,110147664,Ἰησοῦς,Jesus,129
1452,110147665,οὐκ,not,129
1453,110147666,ἐπίστευεν,was believing,129
1454,110147667,αὐτὸν,him,129
1455,110147668,αὐτοῖς,them,129
1456,110147669,διὰ,because,129
1457,110147670,τὸ,the,129
1458,110147671,αὐτὸν,him,129
1459,110147672,γινώσκειν,knowing,129
1460,110147673,πάντας,everyone,129
1461,110147674,",",",",129
1462,110147675,καὶ,and,129
1463,110147676,ὅτι,that,129
1464,110147677,οὐ,not,129
1465,110147678,χρείαν,need,129
1466,110147679,εἶχεν,had,129
1467,110147680,ἵνα,that,129
1468,110147681,τις,someone,129
1469,110147682,μαρτυρήσῃ,testify,129
1470,110147683,περὶ,about,129
1471,110147684,τοῦ,the,129
1472,110147685,ἀνθρώπου,man,129
1473,110147686,.,.,129
1474,110147687,αὐτὸς,he,130
1475,110147688,γὰρ,for,130
1476,110147689,ἐγίνωσκεν,knew,130
1477,110147690,τί,what,130
1478,110147691,ἦν,was,130
1479,110147692,ἐν,in,130
1480,110147693,τῷ,the,130
1481,110147694,ἀνθρώπῳ,man,130
1482,110147695,.,.,130
1483,110147696,ἦν,was,131
1484,110147697,δὲ,but,131
1485,110147698,ἄνθρωπος,man,131
1486,110147699,ἐκ,from,131
1487,110147700,τῶν,of the,131
1488,110147701,Φαρισαίων,of Pharisees,131
1489,110147702,",",",",131
1490,110147703,Νικόδημος,Nicodemus,131
1491,110147704,ὄνομα,name,131
1492,110147705,αὐτῷ,him,131
1493,110147706,",",",",131
1494,110147707,ἄρχων,ruler,131
1495,110147708,τῶν,of the,131
1496,110147709,Ἰουδαίων,of the Jews,131
1497,110147710,.,.,131
1498,110147711,οὗτος,this,132
1499,110147712,ἦλθεν,came,132
1500,110147713,πρὸς,toward,132
1501,110147714,αὐτὸν,him,132
1502,110147715,νυκτὸς,at night,132
1503,110147716,καὶ,and,132
1504,110147717,εἶπεν,said,132
1505,110147718,αὐτῷ,to him,132
1506,110147719,.,.,132
1507,110147720,ῥαββεί,Rabbi,133
1508,110147721,",",",",133
1509,110147722,οἴδαμεν,we know,133
1510,110147723,ὅτι,that,133
1511,110147724,ἀπὸ,from,133
1512,110147725,θεοῦ,God,133
1513,110147726,ἐλήλυθας,you have come,133
1514,110147727,διδάσκαλος,teacher,133
1515,110147728,.,.,133
1516,110147729,οὐδεὶς,no one,134
1517,110147730,γὰρ,for,134
1518,110147731,δύναται,is able,134
1519,110147732,ταῦτα,these,134
1520,110147733,τὰ,these,134
1521,110147734,σημεῖα,signs,134
1522,110147735,ποιεῖν,to do,134
1523,110147736,ἃ,which,134
1524,110147737,σὺ,you,134
1525,110147738,ποιεῖς,you do,134
1526,110147739,",",",",134
1527,110147740,ἐὰν,unless,134
1528,110147741,μὴ,not,134
1529,110147742,ᾖ,were,134
1530,110147743,ὁ,the,134
1531,110147744,θεὸς,God,134
1532,110147745,μετ’,with,134
1533,110147746,αὐτοῦ,him,134
1534,110147747,.,.,134
1535,110147748,ἀπεκρίθη,answered,135
1536,110147749,Ἰησοῦς,Jesus,135
1537,110147750,καὶ,and,135
1538,110147751,εἶπεν,said,135
1539,110147752,αὐτῷ,to him,135
1540,110147753,.,.,135
1541,110147754,ἀμὴν,Amen,136
1542,110147755,ἀμὴν,truly,136
1543,110147756,λέγω,I say,136
1544,110147757,σοι,to you,136
1545,110147758,",",",",136
1546,110147759,ἐὰν,if,136
1547,110147760,μή,not,136
1548,110147761,τις,anyone,136
1549,110147762,γεννηθῇ,be born,136
1550,110147763,ἄνωθεν,from above,136
1551,110147764,",",",",136
1552,110147765,οὐ,not,136
1553,110147766,δύναται,is able,136
1554,110147767,ἰδεῖν,to see,136
1555,110147768,τὴν,the,136
1556,110147769,βασιλείαν,kingdom,136
1557,110147770,τοῦ,of the,136
1558,110147771,θεοῦ,God,136
1559,110147772,.,.,136
1560,110147773,λέγει,says,137
1561,110147774,πρὸς,to,137
1562,110147775,αὐτὸν,him,137
1563,110147776,ὁ,the,137
1564,110147777,Νικόδημος,Nicodemus,137
1565,110147778,.,.,137
1566,110147779,πῶς,how,138
1567,110147780,δύναται,is able,138
1568,110147781,ἄνθρωπος,man,138
1569,110147782,γεννηθῆναι,to be born,138
1570,110147783,γέρων,old,138
1571,110147784,ὤν,being,138
1572,110147785,;,?,138
1573,110147786,μὴ,not,139
1574,110147787,δύναται,is able,139
1575,110147788,εἰς,into,139
1576,110147789,τὴν,the,139
1577,110147790,κοιλίαν,womb,139
1578,110147791,τῆς,of the,139
1579,110147792,μητρὸς,mother's,139
1580,110147793,αὐτοῦ,his,139
1581,110147794,δεύτερον,again,139
1582,110147795,εἰσελθεῖν,to enter,139
1583,110147796,καὶ,and,139
1584,110147797,γεννηθῆναι,to be born,139
1585,110147798,;,?,139
1586,110147799,ἀπεκρίθη,answered,140
1587,110147800,Ἰησοῦς,Jesus,140
1588,110147801,.,.,140
1589,110147802,ἀμὴν,Amen,141
1590,110147803,ἀμὴν,Amen,141
1591,110147804,λέγω,say,141
1592,110147805,σοι,you,141
1593,110147806,",",",",141
1594,110147807,ἐὰν,if,141
1595,110147808,μή,not,141
1596,110147809,τις,anyone,141
1597,110147810,γεννηθῇ,be born,141
1598,110147811,ἐξ,from,141
1599,110147812,ὕδατος,of water,141
1600,110147813,καὶ,and,141
1601,110147814,πνεύματος,spirit,141
1602,110147815,",",",",141
1603,110147816,οὐ,not,141
1604,110147817,δύναται,is able,141
1605,110147818,εἰσελθεῖν,to enter,141
1606,110147819,εἰς,into,141
1607,110147820,τὴν,the,141
1608,110147821,βασιλείαν,kingdom,141
1609,110147822,τῶν,of the,141
1610,110147823,οὐρανῶν,heavens,141
1611,110147824,.,.,141
1612,110147825,τὸ,the,142
1613,110147826,γεγεννημένον,born,142
1614,110147827,ἐκ,out of,142
1615,110147828,τῆς,the,142
1616,110147829,σαρκὸς,of flesh,142
1617,110147830,σάρξ,flesh,142
1618,110147831,ἐστιν,is,142
1619,110147832,",",",",142
1620,110147833,καὶ,and,142
1621,110147834,τὸ,the,142
1622,110147835,γεγεννημένον,born,142
1623,110147836,ἐκ,out of,142
1624,110147837,τοῦ,of the,142
1625,110147838,πνεύματος,spirit,142
1626,110147839,πνεῦμά,spirit,142
1627,110147840,ἐστιν,is,142
1628,110147841,.,.,142
1629,110147842,μὴ,not,143
1630,110147843,θαυμάσῃς,be amazed,143
1631,110147844,ὅτι,that,143
1632,110147845,εἶπόν,I said,143
1633,110147846,σοι,you,143
1634,110147847,.,.,143
1635,110147848,δεῖ,it is necessary,144
1636,110147849,ὑμᾶς,you,144
1637,110147850,γεννηθῆναι,to be born,144
1638,110147851,ἄνωθεν,from above,144
1639,110147852,.,.,144
1640,110147853,τὸ,the,145
1641,110147854,πνεῦμα,spirit,145
1642,110147855,ὅπου,where,145
1643,110147856,θέλει,wills,145
1644,110147857,πνεῖ,blows,145
1645,110147858,",",",",145
1646,110147859,καὶ,and,145
1647,110147860,τὴν,the,145
1648,110147861,φωνὴν,voice,145
1649,110147862,αὐτοῦ,his,145
1650,110147863,ἀκούεις,you hear,145
1651,110147864,",",",",145
1652,110147865,ἀλλ’,but,145
1653,110147866,οὐκ,not,145
1654,110147867,οἶδας,know,145
1655,110147868,πόθεν,from where,145
1656,110147869,ἔρχεται,comes,145
1657,110147870,καὶ,and,145
1658,110147871,ποῦ,where,145
1659,110147872,ὑπάγει,goes,145
1660,110147873,.,.,145
1661,110147874,οὕτως,thus,146
1662,110147875,ἐστὶν,is,146
1663,110147876,πᾶς,every,146
1664,110147877,ὁ,the,146
1665,110147878,γεγεννημένος,having been born,146
1666,110147879,ἐκ,out of,146
1667,110147880,τοῦ,the,146
1668,110147881,πνεύματος,spirit,146
1669,110147882,.,.,146
1670,110147883,ἀπεκρίθη,answered,147
1671,110147884,Νικόδημος,Nicodemus,147
1672,110147885,καὶ,and,147
1673,110147886,εἶπεν,said,147
1674,110147887,αὐτῷ,to him,147
1675,110147888,.,.,147
1676,110147889,πῶς,how,148
1677,110147890,δύναται,is able,148
1678,110147891,ταῦτα,these things,148
1679,110147892,γενέσθαι,to come to be,148
1680,110147893,;,?,148
1681,110147894,ἀπεκρίθη,answered,149
1682,110147895,Ἰησοῦς,Jesus,149
1683,110147896,καὶ,and,149
1684,110147897,εἶπεν,said,149
1685,110147898,αὐτῷ,him,149
1686,110147899,.,.,149
1687,110147900,σὺ,you,150
1688,110147901,εἶ,are,150
1689,110147902,ὁ,the,150
1690,110147903,διδάσκαλος,teacher,150
1691,110147904,τοῦ,of the,150
1692,110147905,Ἰσραὴλ,of Israel,150
1693,110147906,καὶ,and,150
1694,110147907,ταῦτα,these things,150
1695,110147908,οὐ,not,150
1696,110147909,γινώσκεις,you know,150
1697,110147910,;,?,150
1698,110147911,ἀμὴν,Amen,151
1699,110147912,ἀμὴν,truly,151
1700,110147913,λέγω,say,151
1701,110147914,σοι,you,151
1702,110147915,ὅτι,that,151
1703,110147916,ὃ,what,151
1704,110147917,οἴδαμεν,know,151
1705,110147918,λαλοῦμεν,we speak,151
1706,110147919,καὶ,and,151
1707,110147920,ὃ,what,151
1708,110147921,ἑωράκαμεν,have seen,151
1709,110147922,μαρτυροῦμεν,we testify,151
1710,110147923,",",",",151
1711,110147924,καὶ,and,151
1712,110147925,τὴν,the,151
1713,110147926,μαρτυρίαν,testimony,151
1714,110147927,ἡμῶν,our,151
1715,110147928,οὐ,not,151
1716,110147929,λαμβάνετε,receive,151
1717,110147930,.,.,151
1718,110147931,εἰ,if,152
1719,110147932,τὰ,the,152
1720,110147933,ἐπίγεια,earthly things,152
1721,110147934,εἶπον,said,152
1722,110147935,ὑμῖν,you,152
1723,110147936,καὶ,and,152
1724,110147937,οὐ,not,152
1725,110147938,πιστεύετε,you believe,152
1726,110147939,",",",",152
1727,110147940,πῶς,how,152
1728,110147941,ἐὰν,if,152
1729,110147942,εἴπω,I say,152
1730,110147943,ὑμῖν,you,152
1731,110147944,τὰ,the,152
1732,110147945,ἐπουράνια,heavenly things,152
1733,110147946,πιστεύσετε,you will believe,152
1734,110147947,;,;,152
1735,110147948,καὶ,and,153
1736,110147949,οὐδεὶς,no one,153
1737,110147950,ἀναβέβηκεν,has gone up,153
1738,110147951,εἰς,into,153
1739,110147952,τὸν,the,153
1740,110147953,οὐρανὸν,heaven,153
1741,110147954,εἰ,except,153
1742,110147955,μὴ,except,153
1743,110147956,ὁ,the,153
1744,110147957,ἐκ,out of,153
1745,110147958,τοῦ,of the,153
1746,110147959,οὐρανοῦ,heaven,153
1747,110147960,καταβάς,having come down,153
1748,110147961,",",",",153
1749,110147962,ὁ,the,153
1750,110147963,υἱὸς,Son,153
1751,110147964,τοῦ,of the,153
1752,110147965,ἀνθρώπου,of man,153
1753,110147966,ὁ,the,153
1754,110147967,ὢν,being,153
1755,110147968,ἐν,in,153
1756,110147969,τῷ,the,153
1757,110147970,οὐρανῷ,heaven,153
1758,110147971,.,.,153
1759,110147972,καὶ,and,154
1760,110147973,καθὼς,just as,154
1761,110147974,Μωϋσῆς,Moses,154
1762,110147975,ὕψωσεν,lifted up,154
1763,110147976,τὸν,the,154
1764,110147977,ὄφιν,serpent,154
1765,110147978,ἐν,in,154
1766,110147979,τῇ,the,154
1767,110147980,ἐρήμῳ,desert,154
1768,110147981,",",",",154
1769,110147982,οὕτως,thus,154
1770,110147983,ὑψωθῆναι,to be lifted up,154
1771,110147984,δεῖ,must,154
1772,110147985,τὸν,the,154
1773,110147986,υἱὸν,son,154
1774,110147987,τοῦ,of the,154
1775,110147988,ἀνθρώπου,man,154
1776,110147989,",",",",154
1777,110147990,ἵνα,so that,154
1778,110147991,πᾶς,every,154
1779,110147992,ὁ,the,154
1780,110147993,πιστεύων,believing,154
1781,110147994,ἐν,in,154
1782,110147995,αὐτῷ,him,154
1783,110147996,ἔχῃ,may have,154
1784,110147997,ζωὴν,life,154
1785,110147998,αἰώνιον,eternal,154
1786,110147999,.,.,154
1787,110148000,οὕτως,so,155
1788,110148001,γὰρ,for,155
1789,110148002,ἠγάπησεν,loved,155
1790,110148003,ὁ,the,155
1791,110148004,θεὸς,God,155
1792,110148005,τὸν,the,155
1793,110148006,κόσμον,world,155
1794,110148007,",",",",155
1795,110148008,ὥστε,so that,155
1796,110148009,τὸν,the,155
1797,110148010,υἱὸν,Son,155
1798,110148011,τὸν,the,155
1799,110148012,μονογενῆ,only-begotten,155
1800,110148013,ἔδωκεν,gave,155
1801,110148014,",",",",155
1802,110148015,ἵνα,so that,155
1803,110148016,πᾶς,every,155
1804,110148017,ὁ,the,155
1805,110148018,πιστεύων,believing,155
1806,110148019,εἰς,into,155
1807,110148020,αὐτὸν,him,155
1808,110148021,μὴ,not,155
1809,110148022,ἀπόληται,perish,155
1810,110148023,ἀλλ’,but,155
1811,110148024,ἔχῃ,have,155
1812,110148025,ζωὴν,life,155
1813,110148026,αἰώνιον,eternal,155
1814,110148027,.,.,155
1815,110148028,οὐ,for,156
1816,110148029,γὰρ,for,156
1817,110148030,ἀπέστειλεν,sent,156
1818,110148031,ὁ,the,156
1819,110148032,θεὸς,God,156
1820,110148033,τὸν,the,156
1821,110148034,υἱὸν,son,156
1822,110148035,εἰς,into,156
1823,110148036,τὸν,the,156
1824,110148037,κόσμον,world,156
1825,110148038,ἵνα,so that,156
1826,110148039,κρίνῃ,judge,156
1827,110148040,τὸν,the,156
1828,110148041,κόσμον,world,156
1829,110148042,",",",",156
1830,110148043,ἀλλ’,but,156
1831,110148044,ἵνα,in order that,156
1832,110148045,σωθῇ,be saved,156
1833,110148046,ὁ,the,156
1834,110148047,κόσμος,world,156
1835,110148048,δι’,through,156
1836,110148049,αὐτοῦ,him,156
1837,110148050,.,.,156
1838,110148051,ὁ,the,157
1839,110148052,πιστεύων,believing,157
1840,110148053,εἰς,into,157
1841,110148054,αὐτὸν,him,157
1842,110148055,οὐ,not,157
1843,110148056,κρίνεται,is judged,157
1844,110148057,.,.,157
1845,110148058,ὁ,he who,158
1846,110148059,μὴ,not,158
1847,110148060,πιστεύων,believing,158
1848,110148061,ἤδη,already,158
1849,110148062,κέκριται,has been judged,158
1850,110148063,",",",",158
1851,110148064,ὅτι,because,158
1852,110148065,μὴ,not,158
1853,110148066,πεπίστευκεν,has believed,158
1854,110148067,εἰς,into,158
1855,110148068,τὸ,the,158
1856,110148069,ὄνομα,name,158
1857,110148070,τοῦ,of the,158
1858,110148071,μονογενοῦς,only-born,158
1859,110148072,υἱοῦ,son,158
1860,110148073,τοῦ,of the,158
1861,110148074,θεοῦ,of God,158
1862,110148075,.,.,158
1863,110148076,αὕτη,this,159
1864,110148077,δέ,but,159
1865,110148078,ἐστιν,is,159
1866,110148079,ἡ,the,159
1867,110148080,κρίσις,judgment,159
1868,110148081,",",",",159
1869,110148082,ὅτι,that,159
1870,110148083,τὸ,the,159
1871,110148084,φῶς,light,159
1872,110148085,ἐλήλυθεν,has come,159
1873,110148086,εἰς,into,159
1874,110148087,τὸν,the,159
1875,110148088,κόσμον,world,159
1876,110148089,καὶ,and,159
1877,110148090,ἠγάπησαν,loved,159
1878,110148091,οἱ,the,159
1879,110148092,ἄνθρωποι,men,159
1880,110148093,μᾶλλον,rather,159
1881,110148094,τὸ,the,159
1882,110148095,σκότος,darkness,159
1883,110148096,ἢ,than,159
1884,110148097,τὸ,the,159
1885,110148098,φῶς,light,159
1886,110148099,.,.,159
1887,110148100,ἦν,was,160
1888,110148101,γὰρ,for,160
1889,110148102,αὐτῶν,their,160
1890,110148103,πονηρὰ,bad,160
1891,110148104,τὰ,the,160
1892,110148105,ἔργα,works,160
1893,110148106,.,.,160
1894,110148107,πᾶς,everyone,161
1895,110148108,γὰρ,for,161
1896,110148109,ὁ,the,161
1897,110148110,φαῦλα,badly,161
1898,110148111,πράσσων,doing,161
1899,110148112,μισεῖ,hates,161
1900,110148113,τὸ,the,161
1901,110148114,φῶς,light,161
1902,110148115,καὶ,and,161
1903,110148116,οὐκ,not,161
1904,110148117,ἔρχεται,comes,161
1905,110148118,πρὸς,toward,161
1906,110148119,τὸ,the,161
1907,110148120,φῶς,light,161
1908,110148121,",",",",161
1909,110148122,ἵνα,so that,161
1910,110148123,μὴ,not,161
1911,110148124,ἐλεγχθῇ,be exposed,161
1912,110148125,τὰ,the,161
1913,110148126,ἔργα,works,161
1914,110148127,αὐτοῦ,his,161
1915,110148128,.,.,161
1916,110148129,ὁ,the,162
1917,110148130,δὲ,but,162
1918,110148131,ποιῶν,doing,162
1919,110148132,τὴν,the,162
1920,110148133,ἀλήθειαν,truth,162
1921,110148134,ἔρχεται,comes,162
1922,110148135,πρὸς,toward,162
1923,110148136,τὸ,the,162
1924,110148137,φῶς,light,162
1925,110148138,",",",",162
1926,110148139,ἵνα,in order that,162
1927,110148140,φανερωθῇ,may be made manifest,162
1928,110148141,αὐτοῦ,his,162
1929,110148142,τὰ,the,162
1930,110148143,ἔργα,works,162
1931,110148144,",",",",162
1932,110148145,ὅτι,that,162
1933,110148146,ἐν,in,162
1934,110148147,θεῷ,God,162
1935,110148148,ἐστιν,are,162
1936,110148149,εἰργασμένα,have been done,162
1937,110148150,.,.,162
1938,110148151,μετὰ,after,163
1939,110148152,ταῦτα,these,163
1940,110148153,ἦλθεν,came,163
1941,110148154,ὁ,the,163
1942,110148155,Ἰησοῦς,Jesus,163
1943,110148156,καὶ,and,163
1944,110148157,οἱ,the,163
1945,110148158,μαθηταὶ,disciples,163
1946,110148159,αὐτοῦ,his,163
1947,110148160,εἰς,into,163
1948,110148161,τὴν,the,163
1949,110148162,Ἰουδαίαν,Judean,163
1950,110148163,γῆν,land,163
1951,110148164,",",",",163
1952,110148165,καὶ,and,163
1953,110148166,ἐκεῖ,there,163
1954,110148167,διέτριβεν,remained,163
1955,110148168,μετ',with,163
1956,110148169,αὐτῶν,them,163
1957,110148170,καὶ,and,163
1958,110148171,ἐβάπτιζεν,was baptizing,163
1959,110148172,.,.,163
1960,110148173,ἦν,was,164
1961,110148174,δὲ,but,164
1962,110148175,καὶ,and,164
1963,110148176,Ἰωάννης,John,164
1964,110148177,βαπτίζων,baptizing,164
1965,110148178,ἐν,in,164
1966,110148179,Αἰνὼν,Aenon,164
1967,110148180,ἐγγὺς,near,164
1968,110148181,τοῦ,of,164
1969,110148182,Σαλείμ,Salim,164
1970,110148183,",",",",164
1971,110148184,ὅτι,because,164
1972,110148185,ὕδατα,waters,164
1973,110148186,πολλὰ,many,164
1974,110148187,ἦν,were,164
1975,110148188,ἐκεῖ,there,164
1976,110148189,",",",",164
1977,110148190,καὶ,and,164
1978,110148191,παρεγίνοντο,they came,164
1979,110148192,καὶ,and,164
1980,110148193,ἐβαπτίζοντο,were being baptized,164
1981,110148194,.,.,164
1982,110148195,οὔπω,not yet,165
1983,110148196,γὰρ,for,165
1984,110148197,ἦν,was,165
1985,110148198,βεβλημένος,having been thrown,165
1986,110148199,εἰς,into,165
1987,110148200,τὴν,the,165
1988,110148201,φυλακὴν,prison,165
1989,110148202,Ἰωάννης,John,165
1990,110148203,.,.,165
1991,110148204,ἐγένετο,came to be,166
1992,110148205,οὖν,then,166
1993,110148206,ζήτησις,a dispute,166
1994,110148207,ἐκ,from,166
1995,110148208,τῶν,of the,166
1996,110148209,μαθητῶν,disciples,166
1997,110148210,Ἰωάννου,of John,166
1998,110148211,μετὰ,after,166
1999,110148212,Ἰουδαίου,Judean,166
2000,110148213,περὶ,concerning,166
2001,110148214,καθαρισμοῦ,purification,166
2002,110148215,.,.,166
2003,110148216,καὶ,and,167
2004,110148217,ἦλθον,came,167
2005,110148218,πρὸς,to,167
2006,110148219,τὸν,the,167
2007,110148220,Ἰωάννην,John,167
2008,110148221,καὶ,and,167
2009,110148222,εἶπον,said,167
2010,110148223,αὐτῷ,him,167
2011,110148224,.,.,167
2012,110148225,ῥαββεί,Rabbi,168
2013,110148226,",",",",168
2014,110148227,ὃς,who,168
2015,110148228,ἦν,was,168
2016,110148229,μετὰ,across,168
2017,110148230,σοῦ,your,168
2018,110148231,πέραν,beyond,168
2019,110148232,τοῦ,the,168
2020,110148233,Ἰορδάνου,Jordan,168
2021,110148234,",",",",168
2022,110148235,ᾧ,whom,168
2023,110148236,σὺ,you,168
2024,110148237,μεμαρτύρηκας,you have testified,168
2025,110148238,",",",",168
2026,110148239,ἴδε,behold,168
2027,110148240,οὗτος,this,168
2028,110148241,βαπτίζει,is baptizing,168
2029,110148242,καὶ,and,168
2030,110148243,πάντες,all,168
2031,110148244,ἔρχονται,are coming,168
2032,110148245,πρὸς,toward,168
2033,110148246,αὐτόν,him,168
2034,110148247,.,.,168
2035,110148248,ἀπεκρίθη,answered,169
2036,110148249,Ἰωάννης,John,169
2037,110148250,καὶ,and,169
2038,110148251,εἶπεν,said,169
2039,110148252,.,.,169
2040,110148253,οὐ,not,170
2041,110148254,δύναται,is able,170
2042,110148255,ἄνθρωπος,man,170
2043,110148256,λαμβάνειν,to receive,170
2044,110148257,οὐδέν,nothing,170
2045,110148258,ἐὰν,if,170
2046,110148259,μὴ,not,170
2047,110148260,ᾖ,is,170
2048,110148261,δεδομένον,having been given,170
2049,110148262,αὐτῷ,to him,170
2050,110148263,ἐκ,from,170
2051,110148264,τοῦ,the,170
2052,110148265,οὐρανοῦ,from heaven,170
2053,110148266,.,.,170
2054,110148267,αὐτοὶ,you,171
2055,110148268,ὑμεῖς,you,171
2056,110148269,μοι,me,171
2057,110148270,μαρτυρεῖτε,you are testifying,171
2058,110148271,ὅτι,that,171
2059,110148272,εἶπον,I said,171
2060,110148273,.,.,171
2061,110148274,οὐκ,not,172
2062,110148275,εἰμὶ,am,172
2063,110148276,ἐγὼ,I,172
2064,110148277,ὁ,the,172
2065,110148278,Χριστός,Messiah,172
2066,110148279,",",",",172
2067,110148280,ἀλλ',but,172
2068,110148281,ὅτι,that,172
2069,110148282,ἀπεσταλμένος,sent,172
2070,110148283,εἰμὶ,am,172
2071,110148284,ἔμπροσθεν,before,172
2072,110148285,ἐκείνου,of him,172
2073,110148286,.,.,172
2074,110148287,ὁ,the one who,173
2075,110148288,ἔχων,having,173
2076,110148289,τὴν,the,173
2077,110148290,νύμφην,bride,173
2078,110148291,νυμφίος,groom,173
2079,110148292,ἐστίν,is,173
2080,110148293,.,.,173
2081,110148294,ὁ,the,174
2082,110148295,δὲ,but,174
2083,110148296,φίλος,friend,174
2084,110148297,τοῦ,of the,174
2085,110148298,νυμφίου,groom,174
2086,110148299,",",",",174
2087,110148300,ὁ,the,174
2088,110148301,ἑστηκὼς,standing,174
2089,110148302,καὶ,and,174
2090,110148303,ἀκούων,hearing,174
2091,110148304,αὐτοῦ,him,174
2092,110148305,",",",",174
2093,110148306,χαρᾷ,greatly,174
2094,110148307,χαίρει,rejoices,174
2095,110148308,διὰ,because of,174
2096,110148309,τὴν,the,174
2097,110148310,φωνὴν,voice,174
2098,110148311,τοῦ,of the,174
2099,110148312,νυμφίου,of the groom,174
2100,110148313,.,.,174
2101,110148314,αὕτη,this,175
2102,110148315,οὖν,therefore,175
2103,110148316,ἡ,the,175
2104,110148317,χαρὰ,joy,175
2105,110148318,ἡ,the,175
2106,110148319,ἐμὴ,my,175
2107,110148320,πεπλήρωται,has been filled,175
2108,110148321,.,.,175
2109,110148322,ἐκεῖνον,that one,176
2110,110148323,δεῖ,must,176
2111,110148324,αὐξάνειν,to grow,176
2112,110148325,",",",",176
2113,110148326,ἐμὲ,me,176
2114,110148327,δὲ,but,176
2115,110148328,ἐλαττοῦσθαι,to be diminished,176
2116,110148329,.,.,176
2117,110148330,ὁ,the,177
2118,110148331,ἄνωθεν,from above,177
2119,110148332,ἐρχόμενος,coming,177
2120,110148333,ἐπάνω,above,177
2121,110148334,πάντων,all,177
2122,110148335,ἐστίν,is,177
2123,110148336,.,.,177
2124,110148337,ὁ,the,178
2125,110148338,ὢν,being,178
2126,110148339,ἐκ,from,178
2127,110148340,τῆς,the,178
2128,110148341,γῆς,of the earth,178
2129,110148342,ἐκ,out of,178
2130,110148343,τῆς,the,178
2131,110148344,γῆς,of the earth,178
2132,110148345,ἐστιν,is,178
2133,110148346,καὶ,and,178
2134,110148347,ἐκ,from,178
2135,110148348,τῆς,of the,178
2136,110148349,γῆς,of the earth,178
2137,110148350,λαλεῖ,speaks,178
2138,110148351,.,.,178
2139,110148352,ὁ,the,179
2140,110148353,ἐκ,from,179
2141,110148354,τοῦ,the,179
2142,110148355,οὐρανοῦ,heaven,179
2143,110148356,ἐρχόμενος,coming,179
2144,110148357,ὃ,who,179
2145,110148358,ἑώρακεν,has seen,179
2146,110148359,καὶ,and,179
2147,110148360,ἤκουσεν,heard,179
2148,110148361,μαρτυρεῖ,testifies,179
2149,110148362,",",",",179
2150,110148363,καὶ,and,179
2151,110148364,τὴν,the,179
2152,110148365,μαρτυρίαν,testimony,179
2153,110148366,αὐτοῦ,his,179
2154,110148367,οὐδεὶς,no one,179
2155,110148368,λαμβάνει,accepts,179
2156,110148369,.,.,179
2157,110148370,ὁ,the,180
2158,110148371,λαβὼν,having received,180
2159,110148372,αὐτοῦ,his,180
2160,110148373,τὴν,the,180
2161,110148374,μαρτυρίαν,testimony,180
2162,110148375,ἐσφράγισεν,sealed,180
2163,110148376,ὅτι,that,180
2164,110148377,ὁ,the,180
2165,110148378,θεὸς,God,180
2166,110148379,ἀληθής,true,180
2167,110148380,ἐστιν,is,180
2168,110148381,.,.,180
2169,110148382,ὃν,whom,181
2170,110148383,γὰρ,for,181
2171,110148384,ἀπέστειλεν,sent,181
2172,110148385,ὁ,the,181
2173,110148386,θεός,God,181
2174,110148387,",",",",181
2175,110148388,τὰ,the,181
2176,110148389,ῥήματα,words,181
2177,110148390,τοῦ,of,181
2178,110148391,θεοῦ,of God,181
2179,110148392,λαλεῖ,speaks,181
2180,110148393,.,.,181
2181,110148394,οὐ,for,182
2182,110148395,γὰρ,for,182
2183,110148396,ἐκ,out of,182
2184,110148397,μέτρου,measure,182
2185,110148398,δίδωσιν,gives,182
2186,110148399,τὸ,the,182
2187,110148400,πνεῦμα,spirit,182
2188,110148401,.,.,182
2189,110148402,ὁ,the,183
2190,110148403,πατὴρ,father,183
2191,110148404,ἀγαπᾷ,loves,183
2192,110148405,τὸν,the,183
2193,110148406,υἱόν,son,183
2194,110148407,",",",",183
2195,110148408,καὶ,and,183
2196,110148409,πάντα,all,183
2197,110148410,δέδωκεν,has given,183
2198,110148411,ἐν,in,183
2199,110148412,τῇ,the,183
2200,110148413,χειρὶ,hand,183
2201,110148414,αὐτοῦ,his,183
2202,110148415,.,.,183
2203,110148416,ὁ,the,184
2204,110148417,πιστεύων,believing,184
2205,110148418,εἰς,into,184
2206,110148419,τὸν,the,184
2207,110148420,υἱὸν,son,184
2208,110148421,ἔχει,has,184
2209,110148422,ζωὴν,life,184
2210,110148423,αἰώνιον,eternal,184
2211,110148424,.,.,184
2212,110148425,ὁ,the,185
2213,110148426,ἀπειθῶν,disobeying,185
2214,110148427,τῷ,to,185
2215,110148428,υἱῷ,son,185
2216,110148429,οὐκ,not,185
2217,110148430,ὄψεται,will see,185
2218,110148431,ζωήν,life,185
2219,110148432,",",",",185
2220,110148433,ἀλλ’,but,185
2221,110148434,ἡ,the,185
2222,110148435,ὀργὴ,wrath,185
2223,110148436,τοῦ,of,185
2224,110148437,θεοῦ,God,185
2225,110148438,μένει,remains,185
2226,110148439,ἐπ',upon,185
2227,110148440,αὐτόν,him,185
2228,110148441,.,.,185
2229,110148442,ὡς,so,186
2230,110148443,οὖν,therefore,186
2231,110148444,ἔγνω,knew,186
2232,110148445,ὁ,the,186
2233,110148446,Ἰησοῦς,Jesus,186
2234,110148447,ὅτι,that,186
2235,110148448,ἤκουσαν,heard,186
2236,110148449,οἱ,the,186
2237,110148450,Φαρισαῖοι,the Pharisees,186
2238,110148451,ὅτι,that,186
2239,110148452,Ἰησοῦς,Jesus,186
2240,110148453,πλείονας,more,186
2241,110148454,μαθητὰς,disciples,186
2242,110148455,ποιεῖ,makes,186
2243,110148456,καὶ,and,186
2244,110148457,βαπτίζει,baptizes,186
2245,110148458,ἢ,than,186
2246,110148459,Ἰωάννης,John,186
2247,110148460,",",",",186
2248,110148461,καίτοιγε,and yet,186
2249,110148462,Ἰησοῦς,Jesus,186
2250,110148463,αὐτὸς,himself,186
2251,110148464,οὐκ,not,186
2252,110148465,ἐβάπτιζεν,was baptizing,186
2253,110148466,ἀλλ’,but,186
2254,110148467,οἱ,the,186
2255,110148468,μαθηταὶ,disciples,186
2256,110148469,αὐτοῦ,his,186
2257,110148470,",",",",186
2258,110148471,ἀφῆκεν,left,186
2259,110148472,τὴν,the,186
2260,110148473,Ἰουδαίαν,Judea,186
2261,110148474,καὶ,and,186
2262,110148475,ἀπῆλθεν,went away,186
2263,110148476,πάλιν,again,186
2264,110148477,εἰς,into,186
2265,110148478,τὴν,the,186
2266,110148479,Γαλιλαίαν,Galilee,186
2267,110148480,.,.,186
2268,110148481,ἔδει,it was necessary,187
2269,110148482,δὲ,but,187
2270,110148483,αὐτὸν,him,187
2271,110148484,διέρχεσθαι,to pass through,187
2272,110148485,διὰ,through,187
2273,110148486,τῆς,of the,187
2274,110148487,Σαμαρίας,Samaria,187
2275,110148488,.,.,187
2276,110148489,ἔρχεται,comes,188
2277,110148490,οὖν,therefore,188
2278,110148491,εἰς,into,188
2279,110148492,πόλιν,city,188
2280,110148493,τῆς,the,188
2281,110148494,Σαμαρίας,of Samaria,188
2282,110148495,λεγομένην,called,188
2283,110148496,Συχάρ,Sychar,188
2284,110148497,",",",",188
2285,110148498,πλησίον,near,188
2286,110148499,τοῦ,the,188
2287,110148500,χωρίου,village,188
2288,110148501,ὃ,which,188
2289,110148502,ἔδωκεν,gave,188
2290,110148503,Ἰακὼβ,Jacob,188
2291,110148504,Ἰωσὴφ,Joseph,188
2292,110148505,τῷ,the,188
2293,110148506,υἱῷ,son,188
2294,110148507,αὐτοῦ,his,188
2295,110148508,.,.,188
2296,110148509,ἦν,was,189
2297,110148510,δὲ,but,189
2298,110148511,ἐκεῖ,there,189
2299,110148512,πηγὴ,spring,189
2300,110148513,τοῦ,of,189
2301,110148514,Ἰακώβ,Jacob,189
2302,110148515,.,.,189
2303,110148516,ὁ,the,190
2304,110148517,οὖν,therefore,190
2305,110148518,Ἰησοῦς,Jesus,190
2306,110148519,κεκοπιακὼς,having grown weary,190
2307,110148520,ἐκ,from,190
2308,110148521,τῆς,the,190
2309,110148522,ὁδοιπορίας,of the journey,190
2310,110148523,ἐκαθέζετο,sat,190
2311,110148524,οὕτως,thus,190
2312,110148525,ἐπὶ,on,190
2313,110148526,τῇ,the,190
2314,110148527,πηγῇ,well,190
2315,110148528,.,.,190
2316,110148529,ὥρα,hour,191
2317,110148530,ἦν,was,191
2318,110148531,ὡς,about,191
2319,110148532,ἕκτη,sixth,191
2320,110148533,.,.,191
2321,110148534,ἔρχεται,comes,192
2322,110148535,γυνὴ,woman,192
2323,110148536,ἐκ,from,192
2324,110148537,τῆς,the,192
2325,110148538,Σαμαρίας,of Samaria,192
2326,110148539,ἀντλῆσαι,to draw,192
2327,110148540,ὕδωρ,water,192
2328,110148541,.,.,192
2329,110148542,λέγει,says,193
2330,110148543,αὐτῇ,her,193
2331,110148544,ὁ,the,193
2332,110148545,Ἰησοῦς,Jesus,193
2333,110148546,",",",",193
2334,110148547,δός,give,193
2335,110148548,μοι,me,193
2336,110148549,πεῖν,to drink,193
2337,110148550,.,.,193
2338,110148551,οἱ,the,194
2339,110148552,γὰρ,for,194
2340,110148553,μαθηταὶ,disciples,194
2341,110148554,αὐτοῦ,his,194
2342,110148555,ἀπεληλύθεισαν,had gone away,194
2343,110148556,εἰς,into,194
2344,110148557,τὴν,the,194
2345,110148558,πόλιν,city,194
2346,110148559,",",",",194
2347,110148560,ἵνα,in order that,194
2348,110148561,τροφὰς,food,194
2349,110148562,ἀγοράσωσιν,they might buy,194
2350,110148563,.,.,194
2351,110148564,λέγει,says,195
2352,110148565,αὐτῷ,him,195
2353,110148566,ἡ,the,195
2354,110148567,γυνὴ,woman,195
2355,110148568,ἡ,the,195
2356,110148569,Σαμαρῖτις,Samaritan,195
2357,110148570,.,.,195
2358,110148571,πῶς,how,196
2359,110148572,σὺ,you,196
2360,110148573,Ἰουδαῖος,Jew,196
2361,110148574,ὢν,being,196
2362,110148575,παρ’,from,196
2363,110148576,ἐμοῦ,me,196
2364,110148577,πεῖν,to drink,196
2365,110148578,αἰτεῖς,asking,196
2366,110148579,γυναικὸς,woman,196
2367,110148580,Σαμαρίτιδος,Samaritan,196
2368,110148581,οὔσης,being,196
2369,110148582,;,?,196
2370,110148583,ἀπεκρίθη,answered,197
2371,110148584,Ἰησοῦς,Jesus,197
2372,110148585,καὶ,and,197
2373,110148586,εἶπεν,said,197
2374,110148587,αὐτῇ,her,197
2375,110148588,.,.,197
2376,110148589,εἰ,if,198
2377,110148590,ᾔδεις,you had seen,198
2378,110148591,τὴν,the,198
2379,110148592,δωρεὰν,gift,198
2380,110148593,τοῦ,of,198
2381,110148594,θεοῦ,God,198
2382,110148595,",",",",198
2383,110148596,καὶ,and,198
2384,110148597,τίς,who,198
2385,110148598,ἐστιν,is,198
2386,110148599,ὁ,the,198
2387,110148600,λέγων,saying,198
2388,110148601,σοι,to you,198
2389,110148602,",",",",198
2390,110148603,δός,give,198
2391,110148604,μοι,to me,198
2392,110148605,πεῖν,to drink,198
2393,110148606,",",",",198
2394,110148607,σὺ,you,198
2395,110148608,ἂν,would,198
2396,110148609,ᾔτησας,you had asked,198
2397,110148610,αὐτὸν,him,198
2398,110148611,καὶ,and,198
2399,110148612,ἔδωκεν,he gave,198
2400,110148613,ἄν,would,198
2401,110148614,σοι,you,198
2402,110148615,ὕδωρ,water,198
2403,110148616,ζῶν,living,198
2404,110148617,.,.,198
2405,110148618,λέγει,says,199
2406,110148619,αὐτῷ,him,199
2407,110148620,ἡ,the,199
2408,110148621,γυνή,woman,199
2409,110148622,.,.,199
2410,110148623,κύριε,Sir,200
2411,110148624,",",",",200
2412,110148625,οὔ,not,200
2413,110148626,-τε,-te,200
2414,110148627,ἄντλημα,bucket,200
2415,110148628,ἔχεις,have,200
2416,110148629,καὶ,and,200
2417,110148630,τὸ,the,200
2418,110148631,φρέαρ,well,200
2419,110148632,ἐστὶν,is,200
2420,110148633,βαθύ,deep,200
2421,110148634,.,.,200
2422,110148635,πόθεν,from where,201
2423,110148636,ἔχεις,have,201
2424,110148637,τὸ,the,201
2425,110148638,ὕδωρ,water,201
2426,110148639,τὸ,the,201
2427,110148640,ζῶν,living,201
2428,110148641,;,?,201
2429,110148642,μὴ,not,202
2430,110148643,σὺ,you,202
2431,110148644,μείζων,greater,202
2432,110148645,εἶ,are,202
2433,110148646,τοῦ,of,202
2434,110148647,πατρὸς,of father,202
2435,110148648,ἡμῶν,our,202
2436,110148649,Ἰακώβ,Jacob,202
2437,110148650,",",",",202
2438,110148651,ὃς,who,202
2439,110148652,ἔδωκεν,gave,202
2440,110148653,ἡμῖν,us,202
2441,110148654,τὸ,the,202
2442,110148655,φρέαρ,well,202
2443,110148656,",",",",202
2444,110148657,καὶ,and,202
2445,110148658,αὐτὸς,he,202
2446,110148659,ἐξ,from,202
2447,110148660,αὐτοῦ,it,202
2448,110148661,ἔπιεν,drank,202
2449,110148662,καὶ,and,202
2450,110148663,οἱ,the,202
2451,110148664,υἱοὶ,sons,202
2452,110148665,αὐτοῦ,his,202
2453,110148666,καὶ,and,202
2454,110148667,τὰ,the,202
2455,110148668,θρέμματα,cattle,202
2456,110148669,αὐτοῦ,his,202
2457,110148670,;,;,202
2458,110148671,ἀπεκρίθη,answered,203
2459,110148672,Ἰησοῦς,Jesus,203
2460,110148673,καὶ,and,203
2461,110148674,εἶπεν,said,203
2462,110148675,αὐτῇ,her,203
2463,110148676,.,.,203
2464,110148677,πᾶς,every,204
2465,110148678,ὁ,the,204
2466,110148679,πίνων,drinking,204
2467,110148680,ἐκ,from,204
2468,110148681,τοῦ,of the,204
2469,110148682,ὕδατος,water,204
2470,110148683,τούτου,this,204
2471,110148684,διψήσει,will be thirsty,204
2472,110148685,πάλιν,again,204
2473,110148686,.,.,204
2474,110148687,ὃς,whoever,205
2475,110148688,δ’,but,205
2476,110148689,ἂν,if,205
2477,110148690,πίῃ,drinks,205
2478,110148691,ἐκ,out of,205
2479,110148692,τοῦ,the,205
2480,110148693,ὕδατος,water,205
2481,110148694,οὗ,whom,205
2482,110148695,ἐγὼ,I,205
2483,110148696,δώσω,I will give,205
2484,110148697,αὐτῷ,him,205
2485,110148698,",",",",205
2486,110148699,οὐ,not,205
2487,110148700,μὴ,not,205
2488,110148701,διψήσει,will thirst,205
2489,110148702,εἰς,into,205
2490,110148703,τὸν,the,205
2491,110148704,αἰῶνα,age,205
2492,110148705,",",",",205
2493,110148706,ἀλλὰ,but,205
2494,110148707,τὸ,the,205
2495,110148708,ὕδωρ,water,205
2496,110148709,ὃ,which,205
2497,110148710,ἐγὼ,I,205
2498,110148711,δώσω,I will give,205
2499,110148712,αὐτῷ,to him,205
2500,110148713,γενήσεται,will become,205
2501,110148714,ἐν,in,205
2502,110148715,αὐτῷ,in him,205
2503,110148716,πηγὴ,spring,205
2504,110148717,ὕδατος,of water,205
2505,110148718,ἁλλομένου,flowing,205
2506,110148719,εἰς,into,205
2507,110148720,ζωὴν,life,205
2508,110148721,αἰώνιον,eternal,205
2509,110148722,.,.,205
2510,110148723,λέγει,says,206
2511,110148724,πρὸς,to,206
2512,110148725,αὐτὸν,him,206
2513,110148726,ἡ,the,206
2514,110148727,γυνή,woman,206
2515,110148728,.,.,206
2516,110148729,κύριε,sir,207
2517,110148730,",",",",207
2518,110148731,δός,give,207
2519,110148732,μοι,to me,207
2520,110148733,τοῦτο,this,207
2521,110148734,τὸ,the,207
2522,110148735,ὕδωρ,water,207
2523,110148736,",",",",207
2524,110148737,ἵνα,so that,207
2525,110148738,μὴ,not,207
2526,110148739,διψῶ,thirst,207
2527,110148740,μη,not,207
2528,110148741,-δὲ,and,207
2529,110148742,διέρχωμαι,pass,207
2530,110148743,ἐνθάδε,here,207
2531,110148744,ἀντλεῖν,to draw,207
2532,110148745,.,.,207
2533,110148746,λέγει,says,208
2534,110148747,αὐτῇ,her,208
2535,110148748,.,.,208
2536,110148749,ὕπαγε,go,209
2537,110148750,φώνησον,summon,209
2538,110148751,τὸν,the,209
2539,110148752,ἄνδρα,man,209
2540,110148753,σου,your,209
2541,110148754,καὶ,and,209
2542,110148755,ἐλθὲ,come,209
2543,110148756,ἐνθάδε,here,209
2544,110148757,.,.,209
2545,110148758,ἀπεκρίθη,answered,210
2546,110148759,ἡ,the,210
2547,110148760,γυνὴ,woman,210
2548,110148761,καὶ,and,210
2549,110148762,εἶπεν,said,210
2550,110148763,.,.,210
2551,110148764,ἄνδρα,man,211
2552,110148765,οὐκ,not,211
2553,110148766,ἔχω,have,211
2554,110148767,.,.,211
2555,110148768,λέγει,says,212
2556,110148769,αὐτῇ,her,212
2557,110148770,ὁ,the,212
2558,110148771,Ἰησοῦς,Jesus,212
2559,110148772,.,.,212
2560,110148773,καλῶς,well,213
2561,110148774,εἶπες,you said,213
2562,110148775,ὅτι,that,213
2563,110148776,ἄνδρα,man,213
2564,110148777,οὐκ,not,213
2565,110148778,ἔχω,have,213
2566,110148779,.,.,213
2567,110148780,πέντε,five,214
2568,110148781,γὰρ,for,214
2569,110148782,ἄνδρας,men,214
2570,110148783,ἔσχες,had,214
2571,110148784,",",",",214
2572,110148785,καὶ,and,214
2573,110148786,νῦν,now,214
2574,110148787,ὃν,whom,214
2575,110148788,ἔχεις,you have,214
2576,110148789,οὐκ,not,214
2577,110148790,ἔστιν,is,214
2578,110148791,σου,your,214
2579,110148792,ἀνήρ,man,214
2580,110148793,.,.,214
2581,110148794,τοῦτο,this,215
2582,110148795,ἀληθὲς,true,215
2583,110148796,εἴρηκας,you have said,215
2584,110148797,.,.,215
2585,110148798,λέγει,says,216
2586,110148799,αὐτῷ,him,216
2587,110148800,ἡ,the,216
2588,110148801,γυνή,woman,216
2589,110148802,.,.,216
2590,110148803,κύριε,Sir,217
2591,110148804,",",",",217
2592,110148805,θεωρῶ,I see,217
2593,110148806,ὅτι,that,217
2594,110148807,προφήτης,prophet,217
2595,110148808,εἶ,are,217
2596,110148809,σύ,you,217
2597,110148810,.,.,217
2598,110148811,οἱ,the,218
2599,110148812,πατέρες,fathers,218
2600,110148813,ἡμῶν,of us,218
2601,110148814,ἐν,in,218
2602,110148815,τῷ,the,218
2603,110148816,ὄρει,mountain,218
2604,110148817,τούτῳ,this,218
2605,110148818,προσεκύνησαν,worshipped,218
2606,110148819,.,.,218
2607,110148820,καὶ,and,219
2608,110148821,ὑμεῖς,you,219
2609,110148822,λέγετε,say,219
2610,110148823,ὅτι,that,219
2611,110148824,ἐν,in,219
2612,110148825,Ἱεροσολύμοις,Jerusalem,219
2613,110148826,ἐστὶν,is,219
2614,110148827,ὁ,the,219
2615,110148828,τόπος,place,219
2616,110148829,ὅπου,where,219
2617,110148830,προσκυνεῖν,to worship,219
2618,110148831,δεῖ,must,219
2619,110148832,.,.,219
2620,110148833,λέγει,says,220
2621,110148834,αὐτῇ,her,220
2622,110148835,ὁ,the,220
2623,110148836,Ἰησοῦς,Jesus,220
2624,110148837,.,.,220
2625,110148838,πίστευέ,believe,221
2626,110148839,μοι,me,221
2627,110148840,",",",",221
2628,110148841,γύναι,woman,221
2629,110148842,",",",",221
2630,110148843,ὅτι,that,221
2631,110148844,ἔρχεται,is coming,221
2632,110148845,ὥρα,hour,221
2633,110148846,ὅτε,when,221
2634,110148847,οὔ,not,221
2635,110148848,-τε,neither,221
2636,110148849,ἐν,in,221
2637,110148850,τῷ,the,221
2638,110148851,ὄρει,mountain,221
2639,110148852,τούτῳ,this,221
2640,110148853,οὔ,not,221
2641,110148854,-τε,-neither,221
2642,110148855,ἐν,in,221
2643,110148856,Ἱεροσολύμοις,Jerusalem,221
2644,110148857,προσκυνήσετε,you will worship,221
2645,110148858,τῷ,the,221
2646,110148859,πατρί,father,221
2647,110148860,.,.,221
2648,110148861,ὑμεῖς,you,222
2649,110148862,προσκυνεῖτε,you worship,222
2650,110148863,ὃ,whom,222
2651,110148864,οὐκ,not,222
2652,110148865,οἴδατε,you know,222
2653,110148866,",",",",222
2654,110148867,ἡμεῖς,we,222
2655,110148868,προσκυνοῦμεν,we worship,222
2656,110148869,ὃ,what,222
2657,110148870,οἴδαμεν,we know,222
2658,110148871,",",",",222
2659,110148872,ὅτι,because,222
2660,110148873,ἡ,the,222
2661,110148874,σωτηρία,salvation,222
2662,110148875,ἐκ,from,222
2663,110148876,τῶν,the,222
2664,110148877,Ἰουδαίων,Jews,222
2665,110148878,ἐστίν,is,222
2666,110148879,.,.,222
2667,110148880,ἀλλὰ,but,223
2668,110148881,ἔρχεται,comes,223
2669,110148882,ὥρα,hour,223
2670,110148883,καὶ,and,223
2671,110148884,νῦν,now,223
2672,110148885,ἐστιν,is,223
2673,110148886,",",",",223
2674,110148887,ὅτε,when,223
2675,110148888,οἱ,the,223
2676,110148889,ἀληθινοὶ,true,223
2677,110148890,προσκυνηταὶ,worshippers,223
2678,110148891,προσκυνήσουσιν,will worship,223
2679,110148892,τῷ,the,223
2680,110148893,πατρὶ,Father,223
2681,110148894,ἐν,in,223
2682,110148895,πνεύματι,spirit,223
2683,110148896,καὶ,and,223
2684,110148897,ἀληθείᾳ,truth,223
2685,110148898,.,.,223
2686,110148899,καὶ,and,224
2687,110148900,γὰρ,for,224
2688,110148901,ὁ,the,224
2689,110148902,πατὴρ,father,224
2690,110148903,τοιούτους,such,224
2691,110148904,ζητεῖ,seeks,224
2692,110148905,τοὺς,the,224
2693,110148906,προσκυνοῦντας,worshipping,224
2694,110148907,αὐτόν,him,224
2695,110148908,.,.,224
2696,110148909,πνεῦμα,spirit,225
2697,110148910,ὁ,the,225
2698,110148911,θεός,God,225
2699,110148912,",",",",225
2700,110148913,καὶ,and,225
2701,110148914,τοὺς,the,225
2702,110148915,προσκυνοῦντας,worshipping,225
2703,110148916,ἐν,in,225
2704,110148917,πνεύματι,spirit,225
2705,110148918,καὶ,and,225
2706,110148919,ἀληθείᾳ,truth,225
2707,110148920,προσκυνεῖν,to worship,225
2708,110148921,δεῖ,must,225
2709,110148922,.,.,225
2710,110148923,λέγει,says,226
2711,110148924,αὐτῷ,him,226
2712,110148925,ἡ,the,226
2713,110148926,γυνή,woman,226
2714,110148927,.,.,226
2715,110148928,οἶδα,I know,227
2716,110148929,ὅτι,that,227
2717,110148930,Μεσσίας,Messiah,227
2718,110148931,ἔρχεται,comes,227
2719,110148932,",",",",227
2720,110148933,ὁ,the,227
2721,110148934,λεγόμενος,called,227
2722,110148935,Χριστός,Christ,227
2723,110148936,.,.,227
2724,110148937,ὅταν,when,228
2725,110148938,ἔλθῃ,comes,228
2726,110148939,ἐκεῖνος,he,228
2727,110148940,",",",",228
2728,110148941,ἀναγγελεῖ,report,228
2729,110148942,ἡμῖν,us,228
2730,110148943,ἅπαντα,all,228
2731,110148944,.,.,228
2732,110148945,λέγει,says,229
2733,110148946,αὐτῇ,her,229
2734,110148947,ὁ,the,229
2735,110148948,Ἰησοῦς,Jesus,229
2736,110148949,.,.,229
2737,110148950,ἐγώ,I,230
2738,110148951,εἰμι,am,230
2739,110148952,",",",",230
2740,110148953,ὁ,the,230
2741,110148954,λαλῶν,speaking,230
2742,110148955,σοι,you,230
2743,110148956,.,.,230
2744,110148957,καὶ,and,231
2745,110148958,ἐπὶ,upon,231
2746,110148959,τούτῳ,this,231
2747,110148960,ἦλθαν,came,231
2748,110148961,οἱ,the,231
2749,110148962,μαθηταὶ,disciples,231
2750,110148963,αὐτοῦ,his,231
2751,110148964,",",",",231
2752,110148965,καὶ,and,231
2753,110148966,ἐθαύμαζον,were amazed,231
2754,110148967,ὅτι,that,231
2755,110148968,μετὰ,with,231
2756,110148969,γυναικὸς,woman,231
2757,110148970,ἐλάλει,was speaking,231
2758,110148971,.,.,231
2759,110148972,οὐδεὶς,no one,232
2760,110148973,μέντοι,however,232
2761,110148974,εἶπεν,said,232
2762,110148975,",",",",232
2763,110148976,τί,what,232
2764,110148977,ζητεῖς,you seek,232
2765,110148978,ἤ,or,232
2766,110148979,τί,what,232
2767,110148980,λαλεῖς,you speak,232
2768,110148981,μετ’,with,232
2769,110148982,αὐτῆς,her,232
2770,110148983,;,;,232
2771,110148984,ἀφῆκεν,left,233
2772,110148985,οὖν,therefore,233
2773,110148986,τὴν,the,233
2774,110148987,ὑδρίαν,shame,233
2775,110148988,αὐτῆς,her,233
2776,110148989,ἡ,the,233
2777,110148990,γυνὴ,woman,233
2778,110148991,καὶ,and,233
2779,110148992,ἀπῆλθεν,went,233
2780,110148993,εἰς,into,233
2781,110148994,τὴν,the,233
2782,110148995,πόλιν,city,233
2783,110148996,",",",",233
2784,110148997,καὶ,and,233
2785,110148998,λέγει,says,233
2786,110148999,τοῖς,the,233
2787,110149000,ἀνθρώποις,men,233
2788,110149001,.,.,233
2789,110149002,δεῦτε,Come,234
2790,110149003,ἴδετε,see,234
2791,110149004,ἄνθρωπον,man,234
2792,110149005,ὃς,who,234
2793,110149006,εἶπέν,said,234
2794,110149007,μοι,me,234
2795,110149008,πάντα,all,234
2796,110149009,ἃ,which,234
2797,110149010,ἐποίησα,I did,234
2798,110149011,.,.,234
2799,110149012,μήτι,not,235
2800,110149013,οὗτός,this,235
2801,110149014,ἐστιν,is,235
2802,110149015,ὁ,the,235
2803,110149016,Χριστός,Christ,235
2804,110149017,;,?,235
2805,110149018,ἐξῆλθον,they went out,236
2806,110149019,ἐκ,out of,236
2807,110149020,τῆς,the,236
2808,110149021,πόλεως,city,236
2809,110149022,",",",",236
2810,110149023,καὶ,and,236
2811,110149024,ἤρχοντο,were coming,236
2812,110149025,πρὸς,toward,236
2813,110149026,αὐτόν,him,236
2814,110149027,.,.,236
2815,110149028,ἐν,in,237
2816,110149029,τῷ,the,237
2817,110149030,μεταξὺ,between,237
2818,110149031,ἠρώτων,were asking,237
2819,110149032,αὐτὸν,him,237
2820,110149033,οἱ,the,237
2821,110149034,μαθηταὶ,disciples,237
2822,110149035,λέγοντες,saying,237
2823,110149036,.,.,237
2824,110149037,ῥαββεί,Rabbi,238
2825,110149038,",",",",238
2826,110149039,φάγε,eat!,238
2827,110149040,.,.,238
2828,110149041,ὁ,the,239
2829,110149042,δὲ,but,239
2830,110149043,εἶπεν,said,239
2831,110149044,αὐτοῖς,to them,239
2832,110149045,.,.,239
2833,110149046,ἐγὼ,I,240
2834,110149047,βρῶσιν,food,240
2835,110149048,ἔχω,have,240
2836,110149049,φαγεῖν,to eat,240
2837,110149050,ἣν,which,240
2838,110149051,ὑμεῖς,you,240
2839,110149052,οὐκ,not,240
2840,110149053,οἴδατε,know,240
2841,110149054,.,.,240
2842,110149055,ἔλεγον,were saying,241
2843,110149056,οὖν,therefore,241
2844,110149057,οἱ,the,241
2845,110149058,μαθηταὶ,disciples,241
2846,110149059,πρὸς,to,241
2847,110149060,ἀλλήλους,each other,241
2848,110149061,",",",",241
2849,110149062,μή,that,241
2850,110149063,τις,anyone,241
2851,110149064,ἤνεγκεν,brought,241
2852,110149065,αὐτῷ,him,241
2853,110149066,φαγεῖν,to eat,241
2854,110149067,;,;,241
2855,110149068,λέγει,says,242
2856,110149069,αὐτοῖς,them,242
2857,110149070,ὁ,the,242
2858,110149071,Ἰησοῦς,Jesus,242
2859,110149072,.,.,242
2860,110149073,ἐμὸν,my,243
2861,110149074,βρῶμά,food,243
2862,110149075,ἐστιν,is,243
2863,110149076,ἵνα,that,243
2864,110149077,ποιῶ,do,243
2865,110149078,τὸ,the,243
2866,110149079,θέλημα,will,243
2867,110149080,τοῦ,of the,243
2868,110149081,πέμψαντός,having sent,243
2869,110149082,με,me,243
2870,110149083,καὶ,and,243
2871,110149084,τελειώσω,finish,243
2872,110149085,αὐτοῦ,his,243
2873,110149086,τὸ,the,243
2874,110149087,ἔργον,work,243
2875,110149088,.,.,243
2876,110149089,οὐχ,not,244
2877,110149090,ὑμεῖς,you,244
2878,110149091,λέγετε,you say,244
2879,110149092,ὅτι,that,244
2880,110149093,ἔτι,still,244
2881,110149094,τετράμηνός,four months,244
2882,110149095,ἐστιν,is,244
2883,110149096,καὶ,and,244
2884,110149097,ὁ,the,244
2885,110149098,θερισμὸς,harvest,244
2886,110149099,ἔρχεται,comes,244
2887,110149100,;,;,244
2888,110149101,ἰδοὺ,behold,245
2889,110149102,λέγω,say,245
2890,110149103,ὑμῖν,you,245
2891,110149104,",",",",245
2892,110149105,ἐπάρατε,lift,245
2893,110149106,τοὺς,the,245
2894,110149107,ὀφθαλμοὺς,eyes,245
2895,110149108,ὑμῶν,your,245
2896,110149109,καὶ,and,245
2897,110149110,θεάσασθε,behold,245
2898,110149111,τὰς,the,245
2899,110149112,χώρας,regions,245
2900,110149113,",",",",245
2901,110149114,ὅτι,that,245
2902,110149115,λευκαί,white,245
2903,110149116,εἰσίν,are,245
2904,110149117,πρὸς,toward,245
2905,110149118,θερισμόν,harvest,245
2906,110149119,.,.,245
2907,110149120,ἤδη,now,246
2908,110149121,ὁ,the,246
2909,110149122,θερίζων,harvesting,246
2910,110149123,μισθὸν,wage,246
2911,110149124,λαμβάνει,receives,246
2912,110149125,καὶ,and,246
2913,110149126,συνάγει,gathers,246
2914,110149127,καρπὸν,fruit,246
2915,110149128,εἰς,into,246
2916,110149129,ζωὴν,life,246
2917,110149130,αἰώνιον,eternal,246
2918,110149131,",",",",246
2919,110149132,ἵνα,so that,246
2920,110149133,καὶ,and,246
2921,110149134,ὁ,the,246
2922,110149135,σπείρων,sower,246
2923,110149136,ὁμοῦ,together,246
2924,110149137,χαίρῃ,rejoice,246
2925,110149138,καὶ,and,246
2926,110149139,ὁ,the,246
2927,110149140,θερίζων,reaper,246
2928,110149141,.,.,246
2929,110149142,ἐν,in,247
2930,110149143,γὰρ,for,247
2931,110149144,τούτῳ,this,247
2932,110149145,ὁ,the,247
2933,110149146,λόγος,word,247
2934,110149147,ἐστὶν,is,247
2935,110149148,ἀληθινός,true,247
2936,110149149,",",",",247
2937,110149150,ὅτι,that,247
2938,110149151,ἄλλος,another,247
2939,110149152,ἐστὶν,is,247
2940,110149153,ὁ,the,247
2941,110149154,σπείρων,sower,247
2942,110149155,καὶ,and,247
2943,110149156,ἄλλος,another,247
2944,110149157,ὁ,the,247
2945,110149158,θερίζων,reaping,247
2946,110149159,.,.,247
2947,110149160,ἐγὼ,I,248
2948,110149161,ἀπέσταλκα,I have sent,248
2949,110149162,ὑμᾶς,you,248
2950,110149163,θερίζειν,to reap,248
2951,110149164,ὃ,that,248
2952,110149165,οὐχ,not,248
2953,110149166,ὑμεῖς,you,248
2954,110149167,κεκοπιάκατε,you have labored,248
2955,110149168,.,.,248
2956,110149169,ἄλλοι,others,249
2957,110149170,κεκοπιάκασιν,have labored,249
2958,110149171,",",",",249
2959,110149172,καὶ,and,249
2960,110149173,ὑμεῖς,you,249
2961,110149174,εἰς,into,249
2962,110149175,τὸν,the,249
2963,110149176,κόπον,labor,249
2964,110149177,αὐτῶν,their,249
2965,110149178,εἰσεληλύθατε,you have entered,249
2966,110149179,.,.,249
2967,110149180,ἐκ,from,250
2968,110149181,δὲ,but,250
2969,110149182,τῆς,the,250
2970,110149183,πόλεως,city,250
2971,110149184,ἐκείνης,that,250
2972,110149185,πολλοὶ,many,250
2973,110149186,ἐπίστευσαν,believed,250
2974,110149187,εἰς,into,250
2975,110149188,αὐτὸν,him,250
2976,110149189,τῶν,of the,250
2977,110149190,Σαμαριτῶν,of Samaritans,250
2978,110149191,διὰ,because,250
2979,110149192,τὸν,the,250
2980,110149193,λόγον,word,250
2981,110149194,τῆς,of the,250
2982,110149195,γυναικὸς,woman's,250
2983,110149196,μαρτυρούσης,testifying,250
2984,110149197,ὅτι,that,250
2985,110149198,εἶπέν,said,250
2986,110149199,μοι,to me,250
2987,110149200,πάντα,everything,250
2988,110149201,ἃ,which,250
2989,110149202,ἐποίησα,did,250
2990,110149203,.,.,250
2991,110149204,ὡς,as,251
2992,110149205,οὖν,therefore,251
2993,110149206,ἦλθον,they came,251
2994,110149207,πρὸς,to,251
2995,110149208,αὐτὸν,him,251
2996,110149209,οἱ,the,251
2997,110149210,Σαμαρῖται,Samaritans,251
2998,110149211,",",",",251
2999,110149212,ἠρώτων,were asking,251
3000,110149213,αὐτὸν,him,251
3001,110149214,μεῖναι,to stay,251
3002,110149215,παρ’,with,251
3003,110149216,αὐτοῖς,them,251
3004,110149217,.,.,251
3005,110149218,καὶ,and,252
3006,110149219,ἔμεινεν,remained,252
3007,110149220,ἐκεῖ,there,252
3008,110149221,δύο,two,252
3009,110149222,ἡμέρας,days,252
3010,110149223,.,.,252
3011,110149224,καὶ,and,253
3012,110149225,πολλῷ,many,253
3013,110149226,πλείους,more,253
3014,110149227,ἐπίστευσαν,believed,253
3015,110149228,διὰ,because of,253
3016,110149229,τὸν,the,253
3017,110149230,λόγον,word,253
3018,110149231,αὐτοῦ,his,253
3019,110149232,",",",",253
3020,110149233,τῇ,the,253
3021,110149234,τε,and,253
3022,110149235,γυναικὶ,woman,253
3023,110149236,ἔλεγον,they were saying,253
3024,110149237,ὅτι,that,253
3025,110149238,οὐκέτι,no longer,253
3026,110149239,διὰ,because of,253
3027,110149240,τὴν,the,253
3028,110149241,σὴν,your,253
3029,110149242,λαλιὰν,conversation,253
3030,110149243,πιστεύομεν,we believe,253
3031,110149244,.,.,253
3032,110149245,αὐτοὶ,we,254
3033,110149246,γὰρ,for,254
3034,110149247,ἀκηκόαμεν,have heard,254
3035,110149248,",",",",254
3036,110149249,καὶ,and,254
3037,110149250,οἴδαμεν,we know,254
3038,110149251,ὅτι,that,254
3039,110149252,οὗτός,this,254
3040,110149253,ἐστιν,is,254
3041,110149254,ἀληθῶς,truly,254
3042,110149255,ὁ,the,254
3043,110149256,σωτὴρ,savior,254
3044,110149257,τοῦ,of the,254
3045,110149258,κόσμου,world,254
3046,110149259,.,.,254
3047,110149260,μετὰ,after,255
3048,110149261,δὲ,and,255
3049,110149262,τὰς,the,255
3050,110149263,δύο,two,255
3051,110149264,ἡμέρας,days,255
3052,110149265,ἐξῆλθεν,went out,255
3053,110149266,ἐκεῖθεν,from there,255
3054,110149267,εἰς,into,255
3055,110149268,τὴν,the,255
3056,110149269,Γαλιλαίαν,Galilee,255
3057,110149270,.,.,255
3058,110149271,αὐτὸς,he,256
3059,110149272,γὰρ,for,256
3060,110149273,Ἰησοῦς,Jesus,256
3061,110149274,ἐμαρτύρησεν,testified,256
3062,110149275,ὅτι,that,256
3063,110149276,προφήτης,prophet,256
3064,110149277,ἐν,in,256
3065,110149278,τῇ,her,256
3066,110149279,ἰδίᾳ,own,256
3067,110149280,πατρίδι,hometown,256
3068,110149281,τιμὴν,honor,256
3069,110149282,οὐκ,not,256
3070,110149283,ἔχει,has,256
3071,110149284,.,.,256
3072,110149285,ὡς,So,257
3073,110149286,οὖν,then,257
3074,110149287,ἦλθεν,came,257
3075,110149288,εἰς,into,257
3076,110149289,τὴν,the,257
3077,110149290,Γαλιλαίαν,Galilee,257
3078,110149291,",",",",257
3079,110149292,ἐδέξαντο,received them,257
3080,110149293,αὐτὸν,him,257
3081,110149294,οἱ,the,257
3082,110149295,Γαλιλαῖοι,Galileans,257
3083,110149296,",",",",257
3084,110149297,πάντα,all,257
3085,110149298,ἑωρακότες,having seen,257
3086,110149299,ἅ,what,257
3087,110149300,ἐποίησεν,did,257
3088,110149301,ἐν,in,257
3089,110149302,Ἱεροσολύμοις,Jerusalem,257
3090,110149303,ἐν,during,257
3091,110149304,τῇ,the,257
3092,110149305,ἑορτῇ,festival,257
3093,110149306,.,.,257
3094,110149307,καὶ,and,258
3095,110149308,αὐτοὶ,they,258
3096,110149309,γὰρ,for,258
3097,110149310,ἦλθον,came,258
3098,110149311,εἰς,to,258
3099,110149312,τὴν,the,258
3100,110149313,ἑορτήν,festival,258
3101,110149314,.,.,258
3102,110149315,ἦλθεν,came,259
3103,110149316,οὖν,then,259
3104,110149317,πάλιν,again,259
3105,110149318,εἰς,into,259
3106,110149319,τὴν,the,259
3107,110149320,Κανὰ,Cana,259
3108,110149321,τῆς,of the,259
3109,110149322,Γαλιλαίας,of Galilee,259
3110,110149323,",",",",259
3111,110149324,ὅπου,where,259
3112,110149325,ἐποίησεν,made,259
3113,110149326,τὸ,the,259
3114,110149327,ὕδωρ,water,259
3115,110149328,οἶνον,wine,259
3116,110149329,.,.,259
3117,110149330,ἦν,was,260
3118,110149331,δέ,but,260
3119,110149332,βασιλικός,royal,260
3120,110149333,",",",",260
3121,110149334,οὗ,whose,260
3122,110149335,ὁ,the,260
3123,110149336,υἱὸς,son,260
3124,110149337,ἠσθένει,was sick,260
3125,110149338,",",",",260
3126,110149339,ἐν,in,260
3127,110149340,Καφαρναούμ,Capernaum,260
3128,110149341,.,.,260
3129,110149342,οὗτος,this,261
3130,110149343,ἀκούσας,hearing,261
3131,110149344,ὅτι,that,261
3132,110149345,Ἰησοῦς,Jesus,261
3133,110149346,ἥκει,had come,261
3134,110149347,ἐκ,from,261
3135,110149348,τῆς,the,261
3136,110149349,Ἰουδαίας,Judea,261
3137,110149350,εἰς,into,261
3138,110149351,τὴν,the,261
3139,110149352,Γαλιλαίαν,Galilee,261
3140,110149353,",",",",261
3141,110149354,ἀπῆλθεν,went away,261
3142,110149355,πρὸς,toward,261
3143,110149356,αὐτόν,him,261
3144,110149357,",",",",261
3145,110149358,καὶ,and,261
3146,110149359,ἠρώτα,asked,261
3147,110149360,ἵνα,that,261
3148,110149361,καταβῇ,come down,261
3149,110149362,καὶ,and,261
3150,110149363,ἰάσηται,he may heal,261
3151,110149364,αὐτοῦ,his,261
3152,110149365,τὸν,the,261
3153,110149366,υἱόν,son,261
3154,110149367,.,.,261
3155,110149368,ἤμελλεν,was about to,262
3156,110149369,γὰρ,for,262
3157,110149370,ἀποθνῄσκειν,to die,262
3158,110149371,.,.,262
3159,110149372,εἶπεν,said,263
3160,110149373,οὖν,then,263
3161,110149374,ὁ,the,263
3162,110149375,Ἰησοῦς,Jesus,263
3163,110149376,πρὸς,to,263
3164,110149377,αὐτόν,him,263
3165,110149378,.,.,263
3166,110149379,ἐὰν,if,264
3167,110149380,μὴ,not,264
3168,110149381,σημεῖα,signs,264
3169,110149382,καὶ,and,264
3170,110149383,τέρατα,wonders,264
3171,110149384,ἴδητε,you see,264
3172,110149385,",",",",264
3173,110149386,οὐ,not,264
3174,110149387,μὴ,not,264
3175,110149388,πιστεύσητε,you will believe,264
3176,110149389,.,.,264
3177,110149390,λέγει,says,265
3178,110149391,πρὸς,to,265
3179,110149392,αὐτὸν,him,265
3180,110149393,ὁ,the,265
3181,110149394,βασιλικός,royal official,265
3182,110149395,.,.,265
3183,110149396,κύριε,sir,266
3184,110149397,",",",",266
3185,110149398,κατάβηθι,come down,266
3186,110149399,πρὶν,before,266
3187,110149400,ἀποθανεῖν,to die,266
3188,110149401,τὸ,the,266
3189,110149402,παιδίον,child,266
3190,110149403,μου,my,266
3191,110149404,.,.,266
3192,110149405,λέγει,says,267
3193,110149406,αὐτῷ,him,267
3194,110149407,ὁ,the,267
3195,110149408,Ἰησοῦς,Jesus,267
3196,110149409,.,.,267
3197,110149410,πορεύου,go,268
3198,110149411,.,.,268
3199,110149412,ὁ,the,269
3200,110149413,υἱός,son,269
3201,110149414,σου,your,269
3202,110149415,ζῇ,lives,269
3203,110149416,.,.,269
3204,110149417,ἐπίστευσεν,believed,270
3205,110149418,ὁ,the,270
3206,110149419,ἄνθρωπος,man,270
3207,110149420,τῷ,the,270
3208,110149421,λόγῳ,word,270
3209,110149422,ὃν,which,270
3210,110149423,εἶπεν,said,270
3211,110149424,αὐτῷ,to him,270
3212,110149425,ὁ,the,270
3213,110149426,Ἰησοῦς,Jesus,270
3214,110149427,καὶ,and,270
3215,110149428,ἐπορεύετο,he went,270
3216,110149429,.,.,270
3217,110149430,ἤδη,now,271
3218,110149431,δὲ,but,271
3219,110149432,αὐτοῦ,his,271
3220,110149433,καταβαίνοντος,while going down,271
3221,110149434,οἱ,the,271
3222,110149435,δοῦλοι,servants,271
3223,110149436,ὑπήντησαν,met,271
3224,110149437,αὐτῷ,him,271
3225,110149438,καὶ,and,271
3226,110149439,ἤγγειλαν,reported,271
3227,110149440,ὅτι,that,271
3228,110149441,ὁ,the,271
3229,110149442,παῖς,son,271
3230,110149443,αὐτοῦ,his,271
3231,110149444,ζῇ,is alive,271
3232,110149445,.,.,271
3233,110149446,ἐπύθετο,inquired,272
3234,110149447,οὖν,then,272
3235,110149448,τὴν,the,272
3236,110149449,ὥραν,hour,272
3237,110149450,παρ’,from,272
3238,110149451,αὐτῶν,them,272
3239,110149452,ἐν,in,272
3240,110149453,ᾗ,in which,272
3241,110149454,κομψότερον,more gracefully,272
3242,110149455,ἔσχεν,had,272
3243,110149456,.,.,272
3244,110149457,εἶπον,said,273
3245,110149458,οὖν,then,273
3246,110149459,αὐτῷ,him,273
3247,110149460,ὅτι,that,273
3248,110149461,ἐχθὲς,yesterday,273
3249,110149462,ὥραν,hour,273
3250,110149463,ἑβδόμην,seventh,273
3251,110149464,ἀφῆκεν,left,273
3252,110149465,αὐτὸν,him,273
3253,110149466,ὁ,the,273
3254,110149467,πυρετός,fever,273
3255,110149468,.,.,273
3256,110149469,ἔγνω,knew,274
3257,110149470,οὖν,therefore,274
3258,110149471,ὁ,the,274
3259,110149472,πατὴρ,father,274
3260,110149473,ὅτι,that,274
3261,110149474,ἐκείνῃ,that,274
3262,110149475,τῇ,the,274
3263,110149476,ὥρᾳ,hour,274
3264,110149477,ἐν,in,274
3265,110149478,ᾗ,in which,274
3266,110149479,εἶπεν,said,274
3267,110149480,αὐτῷ,him,274
3268,110149481,ὁ,the,274
3269,110149482,Ἰησοῦς,Jesus,274
3270,110149483,.,.,274
3271,110149484,ὁ,the,275
3272,110149485,υἱός,son,275
3273,110149486,σου,your,275
3274,110149487,ζῇ,is living,275
3275,110149488,.,.,275
3276,110149489,καὶ,and,276
3277,110149490,ἐπίστευσεν,believed,276
3278,110149491,αὐτὸς,he,276
3279,110149492,καὶ,and,276
3280,110149493,ἡ,his,276
3281,110149494,οἰκία,household,276
3282,110149495,αὐτοῦ,his,276
3283,110149496,ὅλη,all,276
3284,110149497,.,.,276
3285,110149498,τοῦτο,this,277
3286,110149499,πάλιν,again,277
3287,110149500,δεύτερον,second,277
3288,110149501,σημεῖον,sign,277
3289,110149502,ἐποίησεν,made,277
3290,110149503,ὁ,the,277
3291,110149504,Ἰησοῦς,Jesus,277
3292,110149505,ἐλθὼν,having come,277
3293,110149506,ἐκ,from,277
3294,110149507,τῆς,the,277
3295,110149508,Ἰουδαίας,from Judea,277
3296,110149509,εἰς,into,277
3297,110149510,τὴν,the,277
3298,110149511,Γαλιλαίαν,Galilee,277
3299,110149512,.,.,277
3300,110149513,μετὰ,after,278
3301,110149514,ταῦτα,these,278
3302,110149515,ἦν,was,278
3303,110149516,ἡ,the,278
3304,110149517,ἑορτὴ,festival,278
3305,110149518,τῶν,of the,278
3306,110149519,Ἰουδαίων,Jewish,278
3307,110149520,",",",",278
3308,110149521,καὶ,and,278
3309,110149522,ἀνέβη,went up,278
3310,110149523,Ἰησοῦς,Jesus,278
3311,110149524,εἰς,into,278
3312,110149525,Ἱεροσόλυμα,Jerusalem,278
3313,110149526,.,.,278
3314,110149527,ἔστιν,is,279
3315,110149528,δὲ,but,279
3316,110149529,ἐν,in,279
3317,110149530,τοῖς,the,279
3318,110149531,Ἱεροσολύμοις,Jerusalem,279
3319,110149532,ἐπὶ,by,279
3320,110149533,τῇ,the,279
3321,110149534,προβατικῇ,sheep,279
3322,110149535,κολυμβήθρα,pool,279
3323,110149536,",",",",279
3324,110149537,τὸ,the,279
3325,110149538,λεγόμενον,called,279
3326,110149539,Ἑβραϊστὶ,Hebrew,279
3327,110149540,Βηθζαθά,Bethzatha,279
3328,110149541,",",",",279
3329,110149542,πέντε,five,279
3330,110149543,στοὰς,porticoes,279
3331,110149544,ἔχουσα,having,279
3332,110149545,.,.,279
3333,110149546,ἐν,in,280
3334,110149547,ταύταις,these,280
3335,110149548,κατέκειτο,was lying,280
3336,110149549,πλῆθος,crowd,280
3337,110149550,τῶν,of the,280
3338,110149551,ἀσθενούντων,of the sick,280
3339,110149552,",",",",280
3340,110149553,τυφλῶν,blind,280
3341,110149554,",",",",280
3342,110149555,χωλῶν,lame,280
3343,110149556,",",",",280
3344,110149557,ξηρῶν,dried-up,280
3345,110149558,.,.,280
3346,110149559,ἦν,was,281
3347,110149560,δέ,but,281
3348,110149561,τις,a certain,281
3349,110149562,ἄνθρωπος,man,281
3350,110149563,ἐκεῖ,there,281
3351,110149564,τριάκοντα,thirty,281
3352,110149565,καὶ,and,281
3353,110149566,ὀκτὼ,eight,281
3354,110149567,ἔτη,years,281
3355,110149568,ἔχων,having,281
3356,110149569,ἐν,in,281
3357,110149570,τῇ,the,281
3358,110149571,ἀσθενείᾳ,infirmity,281
3359,110149572,αὐτοῦ,his,281
3360,110149573,.,.,281
3361,110149574,τοῦτον,this,282
3362,110149575,ἰδὼν,having seen,282
3363,110149576,ὁ,the,282
3364,110149577,Ἰησοῦς,Jesus,282
3365,110149578,κατακείμενον,lying down,282
3366,110149579,",",",",282
3367,110149580,καὶ,and,282
3368,110149581,γνοὺς,having learned,282
3369,110149582,ὅτι,that,282
3370,110149583,πολὺν,much,282
3371,110149584,ἤδη,already,282
3372,110149585,χρόνον,time,282
3373,110149586,ἔχει,has,282
3374,110149587,",",",",282
3375,110149588,λέγει,says,282
3376,110149589,αὐτῷ,him,282
3377,110149590,.,.,282
3378,110149591,θέλεις,do you want,283
3379,110149592,ὑγιὴς,healthy,283
3380,110149593,γενέσθαι,to become,283
3381,110149594,;,;,283
3382,110149595,ἀπεκρίθη,answered,284
3383,110149596,αὐτῷ,him,284
3384,110149597,ὁ,the,284
3385,110149598,ἀσθενῶν,was weak,284
3386,110149599,.,.,284
3387,110149600,κύριε,Sir,285
3388,110149601,",",",",285
3389,110149602,ἄνθρωπον,man,285
3390,110149603,οὐκ,not,285
3391,110149604,ἔχω,have,285
3392,110149605,",",",",285
3393,110149606,ἵνα,so that,285
3394,110149607,ὅταν,when,285
3395,110149608,ταραχθῇ,is disturbed,285
3396,110149609,τὸ,the,285
3397,110149610,ὕδωρ,water,285
3398,110149611,βάλῃ,throws,285
3399,110149612,με,me,285
3400,110149613,εἰς,into,285
3401,110149614,τὴν,the,285
3402,110149615,κολυμβήθραν,pool,285
3403,110149616,.,.,285
3404,110149617,ἐν,in,286
3405,110149618,ᾧ,where,286
3406,110149619,δὲ,but,286
3407,110149620,ἔρχομαι,I come,286
3408,110149621,ἐγὼ,I,286
3409,110149622,ἄλλος,another,286
3410,110149623,πρὸ,before,286
3411,110149624,ἐμοῦ,me,286
3412,110149625,καταβαίνει,comes down,286
3413,110149626,.,.,286
3414,110149627,λέγει,says,287
3415,110149628,αὐτῷ,him,287
3416,110149629,ὁ,the,287
3417,110149630,Ἰησοῦς,Jesus,287
3418,110149631,.,.,287
3419,110149632,ἔγειρε,get up,288
3420,110149633,ἆρον,lift,288
3421,110149634,τὸν,the,288
3422,110149635,κράβαττόν,bed,288
3423,110149636,σου,your,288
3424,110149637,καὶ,and,288
3425,110149638,περιπάτει,walk,288
3426,110149639,.,.,288
3427,110149640,καὶ,and,289
3428,110149641,ἐγένετο,came to be,289
3429,110149642,ὑγιὴς,healthy,289
3430,110149643,ὁ,the,289
3431,110149644,ἄνθρωπος,man,289
3432,110149645,",",",",289
3433,110149646,καὶ,and,289
3434,110149647,ἦρεν,picked up,289
3435,110149648,τὸν,the,289
3436,110149649,κράβαττον,bed,289
3437,110149650,αὐτοῦ,his,289
3438,110149651,καὶ,and,289
3439,110149652,περιεπάτει,walked,289
3440,110149653,.,.,289
3441,110149654,ἦν,was,290
3442,110149655,δὲ,but,290
3443,110149656,σάββατον,Sabbath,290
3444,110149657,ἐν,in,290
3445,110149658,ἐκείνῃ,that,290
3446,110149659,τῇ,the,290
3447,110149660,ἡμέρᾳ,day,290
3448,110149661,.,.,290
3449,110149662,ἔλεγον,they were saying,291
3450,110149663,οὖν,therefore,291
3451,110149664,οἱ,the,291
3452,110149665,Ἰουδαῖοι,Jews,291
3453,110149666,τῷ,the,291
3454,110149667,τεθεραπευμένῳ,having been healed,291
3455,110149668,.,.,291
3456,110149669,σάββατόν,it is a Sabbath,292
3457,110149670,ἐστιν,it is,292
3458,110149671,",",",",292
3459,110149672,καὶ,and,292
3460,110149673,οὐκ,not,292
3461,110149674,ἔξεστίν,it is permitted,292
3462,110149675,σοι,you,292
3463,110149676,ἆραι,to lift,292
3464,110149677,τὸν,the,292
3465,110149678,κράβαττόν,mat,292
3466,110149679,.,.,292
3467,110149680,ἀπεκρίθη,answered,293
3468,110149681,αὐτοῖς,them,293
3469,110149682,.,.,293
3470,110149683,ὁ,the,294
3471,110149684,ποιήσας,made,294
3472,110149685,με,me,294
3473,110149686,ὑγιῆ,healthy,294
3474,110149687,",",",",294
3475,110149688,ἐκεῖνός,that one,294
3476,110149689,μοι,to me,294
3477,110149690,εἶπεν,said,294
3478,110149691,.,.,294
3479,110149692,ἆρον,lift,295
3480,110149693,τὸν,the,295
3481,110149694,κράβαττόν,bed,295
3482,110149695,σου,your,295
3483,110149696,καὶ,and,295
3484,110149697,περιπάτει,walk,295
3485,110149698,.,.,295
3486,110149699,ἠρώτησαν,they asked,296
3487,110149700,αὐτόν,him,296
3488,110149701,.,.,296
3489,110149702,τίς,who,297
3490,110149703,ἐστιν,is,297
3491,110149704,ὁ,the,297
3492,110149705,ἄνθρωπος,man,297
3493,110149706,ὁ,who,297
3494,110149707,εἰπών,saying,297
3495,110149708,σοι,you,297
3496,110149709,.,.,297
3497,110149710,ἆρον,lift,298
3498,110149711,καὶ,and,298
3499,110149712,περιπάτει,walk,298
3500,110149713,;,?,298
3501,110149714,ὁ,the,299
3502,110149715,δὲ,but,299
3503,110149716,ἀσθενῶν,being weak,299
3504,110149717,οὐκ,not,299
3505,110149718,ᾔδει,knew,299
3506,110149719,τίς,who,299
3507,110149720,ἐστιν,was,299
3508,110149721,.,.,299
3509,110149722,ὁ,the,300
3510,110149723,γὰρ,for,300
3511,110149724,Ἰησοῦς,Jesus,300
3512,110149725,ἐξένευσεν,drew out,300
3513,110149726,ὄχλου,of the crowd,300
3514,110149727,ὄντος,being,300
3515,110149728,ἐν,in,300
3516,110149729,τῷ,the,300
3517,110149730,τόπῳ,place,300
3518,110149731,.,.,300
3519,110149732,μετὰ,after,301
3520,110149733,ταῦτα,these,301
3521,110149734,εὑρίσκει,finds,301
3522,110149735,αὐτὸν,him,301
3523,110149736,ὁ,the,301
3524,110149737,Ἰησοῦς,Jesus,301
3525,110149738,ἐν,in,301
3526,110149739,τῷ,the,301
3527,110149740,ἱερῷ,holy,301
3528,110149741,καὶ,and,301
3529,110149742,εἶπεν,said,301
3530,110149743,αὐτῷ,him,301
3531,110149744,.,.,301
3532,110149745,ἴδε,see!,302
3533,110149746,ὑγιὴς,healthy,302
3534,110149747,γέγονας,have become,302
3535,110149748,.,.,302
3536,110149749,μηκέτι,no longer,303
3537,110149750,ἁμάρτανε,stop sinning,303
3538,110149751,",",",",303
3539,110149752,ἵνα,so that,303
3540,110149753,μὴ,not,303
3541,110149754,χεῖρόν,worse,303
3542,110149755,σοί,you,303
3543,110149756,τι,something,303
3544,110149757,γένηται,become,303
3545,110149758,.,.,303
3546,110149759,ἀπῆλθεν,went,304
3547,110149760,ὁ,the,304
3548,110149761,ἄνθρωπος,man,304
3549,110149762,καὶ,and,304
3550,110149763,εἶπεν,said,304
3551,110149764,τοῖς,the,304
3552,110149765,Ἰουδαίοις,to the Jews,304
3553,110149766,ὅτι,that,304
3554,110149767,Ἰησοῦς,Jesus,304
3555,110149768,ἐστιν,is,304
3556,110149769,ὁ,the,304
3557,110149770,ποιήσας,having made,304
3558,110149771,αὐτὸν,him,304
3559,110149772,ὑγιῆ,healthy,304
3560,110149773,.,.,304
3561,110149774,καὶ,and,305
3562,110149775,διὰ,because,305
3563,110149776,τοῦτο,this,305
3564,110149777,ἐδίωκον,was persecuting,305
3565,110149778,οἱ,the,305
3566,110149779,Ἰουδαῖοι,the Jews,305
3567,110149780,τὸν,the,305
3568,110149781,Ἰησοῦν,Jesus,305
3569,110149782,",",",",305
3570,110149783,ὅτι,because,305
3571,110149784,ταῦτα,these things,305
3572,110149785,ἐποίει,he was doing,305
3573,110149786,ἐν,in,305
3574,110149787,σαββάτῳ,on a Sabbath,305
3575,110149788,.,.,305
3576,110149789,ὁ,he,306
3577,110149790,δὲ,but,306
3578,110149791,ἀπεκρίνατο,answered,306
3579,110149792,αὐτοῖς,them,306
3580,110149793,.,.,306
3581,110149794,ὁ,the,307
3582,110149795,πατήρ,father,307
3583,110149796,μου,my,307
3584,110149797,ἕως,until,307
3585,110149798,ἄρτι,now,307
3586,110149799,ἐργάζεται,works,307
3587,110149800,",",",",307
3588,110149801,κα-,and,307
3589,110149802,κἀγὼ,and I,307
3590,110149803,ἐργάζομαι,work,307
3591,110149804,.,.,307
3592,110149805,διὰ,because,308
3593,110149806,τοῦτο,this,308
3594,110149807,μᾶλλον,more,308
3595,110149808,ἐζήτουν,kept seeking,308
3596,110149809,αὐτὸν,him,308
3597,110149810,οἱ,the,308
3598,110149811,Ἰουδαῖοι,Jews,308
3599,110149812,ἀποκτεῖναι,to kill,308
3600,110149813,",",",",308
3601,110149814,ὅτι,because,308
3602,110149815,οὐ,not,308
3603,110149816,μόνον,only,308
3604,110149817,ἔλυεν,he was loosening,308
3605,110149818,τὸ,the,308
3606,110149819,σάββατον,sabbath,308
3607,110149820,",",",",308
3608,110149821,ἀλλὰ,but,308
3609,110149822,καὶ,also,308
3610,110149823,πατέρα,father,308
3611,110149824,ἴδιον,his own,308
3612,110149825,ἔλεγεν,was calling,308
3613,110149826,τὸν,the,308
3614,110149827,θεόν,God,308
3615,110149828,",",",",308
3616,110149829,ἴσον,equal,308
3617,110149830,ἑαυτὸν,himself,308
3618,110149831,ποιῶν,making,308
3619,110149832,τῷ,to,308
3620,110149833,θεῷ,God,308
3621,110149834,.,.,308
3622,110149835,ἀπεκρίνατο,answered,309
3623,110149836,οὖν,then,309
3624,110149837,ὁ,the,309
3625,110149838,Ἰησοῦς,Jesus,309
3626,110149839,καὶ,and,309
3627,110149840,ἔλεγεν,was saying,309
3628,110149841,αὐτοῖς,them,309
3629,110149842,.,.,309
3630,110149843,ἀμὴν,Amen,310
3631,110149844,ἀμὴν,truly,310
3632,110149845,λέγω,I say,310
3633,110149846,ὑμῖν,you,310
3634,110149847,",",",",310
3635,110149848,οὐ,not,310
3636,110149849,δύναται,is able,310
3637,110149850,ὁ,the,310
3638,110149851,υἱὸς,son,310
3639,110149852,ποιεῖν,to do,310
3640,110149853,ἀφ’,from,310
3641,110149854,ἑαυτοῦ,himself,310
3642,110149855,οὐδέν,nothing,310
3643,110149856,",",",",310
3644,110149857,ἂν,if,310
3645,110149858,μή,not,310
3646,110149859,τι,anything,310
3647,110149860,βλέπῃ,sees,310
3648,110149861,τὸν,the,310
3649,110149862,πατέρα,father,310
3650,110149863,ποιοῦντα,doing,310
3651,110149864,.,.,310
3652,110149865,ἃ,who,311
3653,110149866,γὰρ,for,311
3654,110149867,ἂν,if,311
3655,110149868,ἐκεῖνος,that one,311
3656,110149869,ποιῇ,should do,311
3657,110149870,",",",",311
3658,110149871,ταῦτα,these,311
3659,110149872,καὶ,and,311
3660,110149873,ὁ,the,311
3661,110149874,υἱὸς,son,311
3662,110149875,ποιεῖ,does,311
3663,110149876,ὁμοίως,likewise,311
3664,110149877,.,.,311
3665,110149878,ὁ,the,312
3666,110149879,γὰρ,for,312
3667,110149880,πατὴρ,father,312
3668,110149881,φιλεῖ,loves,312
3669,110149882,τὸν,the,312
3670,110149883,υἱὸν,son,312
3671,110149884,καὶ,and,312
3672,110149885,πάντα,all,312
3673,110149886,δείκνυσιν,shows,312
3674,110149887,αὐτῷ,to him,312
3675,110149888,ἃ,what,312
3676,110149889,αὐτὸς,he,312
3677,110149890,ποιεῖ,he does,312
3678,110149891,",",",",312
3679,110149892,καὶ,and,312
3680,110149893,μείζονα,greater,312
3681,110149894,τούτων,of these,312
3682,110149895,δείξει,will show,312
3683,110149896,αὐτῷ,to him,312
3684,110149897,ἔργα,works,312
3685,110149898,",",",",312
3686,110149899,ἵνα,so that,312
3687,110149900,ὑμεῖς,you,312
3688,110149901,θαυμάζετε,wonder,312
3689,110149902,.,.,312
3690,110149903,ὥσπερ,just as,313
3691,110149904,γὰρ,for,313
3692,110149905,ὁ,the,313
3693,110149906,πατὴρ,father,313
3694,110149907,ἐγείρει,raises,313
3695,110149908,τοὺς,the,313
3696,110149909,νεκρούς,dead people,313
3697,110149910,καὶ,and,313
3698,110149911,ζῳοποιεῖ,gives life to,313
3699,110149912,",",",",313
3700,110149913,οὕτως,thus,313
3701,110149914,καὶ,also,313
3702,110149915,ὁ,the,313
3703,110149916,υἱὸς,son,313
3704,110149917,οὓς,whom,313
3705,110149918,θέλει,wishes,313
3706,110149919,ζῳοποιεῖ,gives life to,313
3707,110149920,.,.,313
3708,110149921,οὐ,not,314
3709,110149922,-δὲ,not,314
3710,110149923,γὰρ,for,314
3711,110149924,ὁ,the,314
3712,110149925,πατὴρ,Father,314
3713,110149926,κρίνει,judges,314
3714,110149927,οὐδένα,anyone,314
3715,110149928,",",",",314
3716,110149929,ἀλλὰ,but,314
3717,110149930,τὴν,the,314
3718,110149931,κρίσιν,judgment,314
3719,110149932,πᾶσαν,all,314
3720,110149933,δέδωκεν,has given,314
3721,110149934,τῷ,the,314
3722,110149935,υἱῷ,son,314
3723,110149936,",",",",314
3724,110149937,ἵνα,so that,314
3725,110149938,πάντες,all,314
3726,110149939,τιμῶσι,might honor,314
3727,110149940,τὸν,the,314
3728,110149941,υἱὸν,son,314
3729,110149942,καθὼς,just as,314
3730,110149943,τιμῶσι,they honor,314
3731,110149944,τὸν,the,314
3732,110149945,πατέρα,father,314
3733,110149946,.,.,314
3734,110149947,ὁ,the,315
3735,110149948,μὴ,not,315
3736,110149949,τιμῶν,honoring,315
3737,110149950,τὸν,the,315
3738,110149951,υἱὸν,son,315
3739,110149952,οὐ,not,315
3740,110149953,τιμᾷ,honors,315
3741,110149954,τὸν,the,315
3742,110149955,πατέρα,father,315
3743,110149956,τὸν,the,315
3744,110149957,πέμψαντα,sending,315
3745,110149958,αὐτόν,him,315
3746,110149959,.,.,315
3747,110149960,ἀμὴν,truly,316
3748,110149961,ἀμὴν,Truly,316
3749,110149962,λέγω,say,316
3750,110149963,ὑμῖν,you,316
3751,110149964,ὅτι,that,316
3752,110149965,ὁ,the,316
3753,110149966,τὸν,the,316
3754,110149967,λόγον,word,316
3755,110149968,μου,my,316
3756,110149969,ἀκούων,hearing,316
3757,110149970,καὶ,and,316
3758,110149971,πιστεύων,believing,316
3759,110149972,τῷ,the,316
3760,110149973,πέμψαντί,having sent,316
3761,110149974,με,me,316
3762,110149975,ἔχει,has,316
3763,110149976,ζωὴν,life,316
3764,110149977,αἰώνιον,eternal,316
3765,110149978,",",",",316
3766,110149979,καὶ,and,316
3767,110149980,εἰς,into,316
3768,110149981,κρίσιν,judgment,316
3769,110149982,οὐκ,not,316
3770,110149983,ἔρχεται,comes,316
3771,110149984,ἀλλὰ,but,316
3772,110149985,μεταβέβηκεν,has passed,316
3773,110149986,ἐκ,out of,316
3774,110149987,τοῦ,the,316
3775,110149988,θανάτου,death,316
3776,110149989,εἰς,into,316
3777,110149990,τὴν,the,316
3778,110149991,ζωήν,life,316
3779,110149992,.,.,316
3780,110149993,ἀμὴν,Amen,317
3781,110149994,ἀμὴν,amen,317
3782,110149995,λέγω,say,317
3783,110149996,ὑμῖν,you,317
3784,110149997,ὅτι,that,317
3785,110149998,ἔρχεται,comes,317
3786,110149999,ὥρα,hour,317
3787,110150000,καὶ,and,317
3788,110150001,νῦν,now,317
3789,110150002,ἐστιν,is,317
3790,110150003,",",",",317
3791,110150004,ὅτε,when,317
3792,110150005,οἱ,the,317
3793,110150006,νεκροὶ,dead,317
3794,110150007,ἀκούσουσιν,will hear,317
3795,110150008,τῆς,the,317
3796,110150009,φωνῆς,voice,317
3797,110150010,τοῦ,of the,317
3798,110150011,υἱοῦ,son,317
3799,110150012,τοῦ,of the,317
3800,110150013,θεοῦ,of God,317
3801,110150014,καὶ,and,317
3802,110150015,οἱ,the,317
3803,110150016,ἀκούσαντες,having heard,317
3804,110150017,ζήσουσιν,live,317
3805,110150018,.,.,317
3806,110150019,ὥσπερ,just as,318
3807,110150020,γὰρ,for,318
3808,110150021,ὁ,the,318
3809,110150022,πατὴρ,father,318
3810,110150023,ἔχει,has,318
3811,110150024,ζωὴν,life,318
3812,110150025,ἐν,in,318
3813,110150026,ἑαυτῷ,in himself,318
3814,110150027,",",",",318
3815,110150028,οὕτως,thus,318
3816,110150029,καὶ,also,318
3817,110150030,τῷ,the,318
3818,110150031,υἱῷ,son,318
3819,110150032,ἔδωκεν,gave,318
3820,110150033,ζωὴν,life,318
3821,110150034,ἔχειν,to have,318
3822,110150035,ἐν,in,318
3823,110150036,ἑαυτῷ,himself,318
3824,110150037,.,.,318
3825,110150038,καὶ,and,319
3826,110150039,ἐξουσίαν,authority,319
3827,110150040,ἔδωκεν,gave,319
3828,110150041,αὐτῷ,him,319
3829,110150042,κρίσιν,judgment,319
3830,110150043,ποιεῖν,to do,319
3831,110150044,",",",",319
3832,110150045,ὅτι,because,319
3833,110150046,υἱὸς,son,319
3834,110150047,ἀνθρώπου,of man,319
3835,110150048,ἐστίν,is,319
3836,110150049,.,.,319
3837,110150050,μὴ,not,320
3838,110150051,θαυμάζετε,be amazed,320
3839,110150052,τοῦτο,this,320
3840,110150053,",",",",320
3841,110150054,ὅτι,that,320
3842,110150055,ἔρχεται,comes,320
3843,110150056,ὥρα,hour,320
3844,110150057,ἐν,in,320
3845,110150058,ᾗ,in which,320
3846,110150059,πάντες,all,320
3847,110150060,οἱ,the,320
3848,110150061,ἐν,among,320
3849,110150062,τοῖς,the,320
3850,110150063,μνημείοις,tombs,320
3851,110150064,ἀκούσουσιν,will hear,320
3852,110150065,τῆς,of the,320
3853,110150066,φωνῆς,of the voice,320
3854,110150067,αὐτοῦ,his,320
3855,110150068,",",",",320
3856,110150069,καὶ,and,320
3857,110150070,ἐκπορεύσονται,will come out,320
3858,110150071,οἱ,those,320
3859,110150072,τὰ,the,320
3860,110150073,ἀγαθὰ,good things,320
3861,110150074,ποιήσαντες,having done,320
3862,110150075,εἰς,into,320
3863,110150076,ἀνάστασιν,resurrection,320
3864,110150077,ζωῆς,of life,320
3865,110150078,",",",",320
3866,110150079,οἱ,those,320
3867,110150080,τὰ,the,320
3868,110150081,φαῦλα,bad,320
3869,110150082,πράξαντες,having done,320
3870,110150083,εἰς,into,320
3871,110150084,ἀνάστασιν,resurrection,320
3872,110150085,κρίσεως,of judgment,320
3873,110150086,.,.,320
3874,110150087,οὐ,not,321
3875,110150088,δύναμαι,I am able,321
3876,110150089,ἐγὼ,I,321
3877,110150090,ποιεῖν,to do,321
3878,110150091,ἀπ’,from,321
3879,110150092,ἐμαυτοῦ,myself,321
3880,110150093,οὐδέν,nothing,321
3881,110150094,.,.,321
3882,110150095,καθὼς,just as,322
3883,110150096,ἀκούω,I hear,322
3884,110150097,κρίνω,judge,322
3885,110150098,",",",",322
3886,110150099,καὶ,and,322
3887,110150100,ἡ,the,322
3888,110150101,κρίσις,judgment,322
3889,110150102,ἡ,my,322
3890,110150103,ἐμὴ,my,322
3891,110150104,δικαία,just,322
3892,110150105,ἐστίν,is,322
3893,110150106,",",",",322
3894,110150107,ὅτι,because,322
3895,110150108,οὐ,not,322
3896,110150109,ζητῶ,seek,322
3897,110150110,τὸ,the,322
3898,110150111,θέλημα,will,322
3899,110150112,τὸ,my,322
3900,110150113,ἐμὸν,my,322
3901,110150114,ἀλλὰ,but,322
3902,110150115,τὸ,the,322
3903,110150116,θέλημα,will,322
3904,110150117,τοῦ,of the,322
3905,110150118,πέμψαντός,sent,322
3906,110150119,με,me,322
3907,110150120,.,.,322
3908,110150121,ἐὰν,if,323
3909,110150122,ἐγὼ,I,323
3910,110150123,μαρτυρῶ,testify,323
3911,110150124,περὶ,concerning,323
3912,110150125,ἐμαυτοῦ,myself,323
3913,110150126,",",",",323
3914,110150127,ἡ,the,323
3915,110150128,μαρτυρία,testimony,323
3916,110150129,μου,my,323
3917,110150130,οὐκ,not,323
3918,110150131,ἔστιν,is,323
3919,110150132,ἀληθής,true,323
3920,110150133,.,.,323
3921,110150134,ἄλλος,another,324
3922,110150135,ἐστὶν,is,324
3923,110150136,ὁ,the,324
3924,110150137,μαρτυρῶν,testifying,324
3925,110150138,περὶ,concerning,324
3926,110150139,ἐμοῦ,of me,324
3927,110150140,",",",",324
3928,110150141,καὶ,and,324
3929,110150142,οἴδατε,you know,324
3930,110150143,ὅτι,that,324
3931,110150144,ἀληθής,true,324
3932,110150145,ἐστιν,is,324
3933,110150146,ἡ,the,324
3934,110150147,μαρτυρία,testimony,324
3935,110150148,ἣν,which,324
3936,110150149,μαρτυρεῖ,testifies,324
3937,110150150,περὶ,about,324
3938,110150151,ἐμοῦ,me,324
3939,110150152,.,.,324
3940,110150153,ὑμεῖς,you,325
3941,110150154,ἀπεστάλκατε,you have sent,325
3942,110150155,πρὸς,to,325
3943,110150156,Ἰωάννην,John,325
3944,110150157,",",",",325
3945,110150158,καὶ,and,325
3946,110150159,μεμαρτύρηκεν,has testified,325
3947,110150160,τῇ,the,325
3948,110150161,ἀληθείᾳ,truth,325
3949,110150162,.,.,325
3950,110150163,ἐγὼ,I,326
3951,110150164,δὲ,but,326
3952,110150165,οὐ,not,326
3953,110150166,παρὰ,from,326
3954,110150167,ἀνθρώπου,man,326
3955,110150168,τὴν,the,326
3956,110150169,μαρτυρίαν,testimony,326
3957,110150170,λαμβάνω,I receive,326
3958,110150171,",",",",326
3959,110150172,ἀλλὰ,but,326
3960,110150173,ταῦτα,these things,326
3961,110150174,λέγω,speak,326
3962,110150175,ἵνα,so that,326
3963,110150176,ὑμεῖς,you,326
3964,110150177,σωθῆτε,be saved,326
3965,110150178,.,.,326
3966,110150179,ἐκεῖνος,that one,327
3967,110150180,ἦν,was,327
3968,110150181,ὁ,the,327
3969,110150182,λύχνος,lamp,327
3970,110150183,ὁ,the,327
3971,110150184,καιόμενος,burning,327
3972,110150185,καὶ,and,327
3973,110150186,φαίνων,shining,327
3974,110150187,",",",",327
3975,110150188,ὑμεῖς,you,327
3976,110150189,δὲ,but,327
3977,110150190,ἠθελήσατε,you were willing,327
3978,110150191,ἀγαλλιαθῆναι,to rejoice,327
3979,110150192,πρὸς,for,327
3980,110150193,ὥραν,hour,327
3981,110150194,ἐν,in,327
3982,110150195,τῷ,the,327
3983,110150196,φωτὶ,light,327
3984,110150197,αὐτοῦ,his,327
3985,110150198,.,.,327
3986,110150199,ἐγὼ,I,328
3987,110150200,δὲ,but,328
3988,110150201,ἔχω,have,328
3989,110150202,τὴν,the,328
3990,110150203,μαρτυρίαν,testimony,328
3991,110150204,μείζω,greater,328
3992,110150205,τοῦ,than,328
3993,110150206,Ἰωάννου,of John,328
3994,110150207,.,.,328
3995,110150208,τὰ,the,329
3996,110150209,γὰρ,for,329
3997,110150210,ἔργα,works,329
3998,110150211,ἃ,which,329
3999,110150212,δέδωκέν,has given,329
4000,110150213,μοι,me,329
4001,110150214,ὁ,the,329
4002,110150215,πατὴρ,Father,329
4003,110150216,ἵνα,so that,329
4004,110150217,τελειώσω,complete,329
4005,110150218,αὐτά,them,329
4006,110150219,",",",",329
4007,110150220,αὐτὰ,these,329
4008,110150221,τὰ,the,329
4009,110150222,ἔργα,works,329
4010,110150223,ἃ,which,329
4011,110150224,ποιῶ,doing,329
4012,110150225,μαρτυρεῖ,testifies,329
4013,110150226,περὶ,about,329
4014,110150227,ἐμοῦ,me,329
4015,110150228,ὅτι,that,329
4016,110150229,ὁ,the,329
4017,110150230,πατήρ,father,329
4018,110150231,με,me,329
4019,110150232,ἀπέσταλκεν,has sent,329
4020,110150233,.,.,329
4021,110150234,καὶ,and,330
4022,110150235,ὁ,the,330
4023,110150236,πέμψας,having sent,330
4024,110150237,με,me,330
4025,110150238,πατήρ,father,330
4026,110150239,",",",",330
4027,110150240,ἐκεῖνος,he,330
4028,110150241,μεμαρτύρηκεν,has testified,330
4029,110150242,περὶ,about,330
4030,110150243,ἐμοῦ,me,330
4031,110150244,.,.,330
4032,110150245,οὔ,not,331
4033,110150246,-τε,and,331
4034,110150247,φωνὴν,voice,331
4035,110150248,αὐτοῦ,his,331
4036,110150249,πώποτε,ever,331
4037,110150250,ἀκηκόατε,you have heard,331
4038,110150251,",",",",331
4039,110150252,οὔ,not,331
4040,110150253,-τε,and,331
4041,110150254,εἶδος,form,331
4042,110150255,αὐτοῦ,his,331
4043,110150256,ἑωράκατε,have seen,331
4044,110150257,",",",",331
4045,110150258,καὶ,and,331
4046,110150259,τὸν,the,331
4047,110150260,λόγον,Word,331
4048,110150261,αὐτοῦ,his,331
4049,110150262,οὐκ,not,331
4050,110150263,ἔχετε,you have,331
4051,110150264,ἐν,in,331
4052,110150265,ὑμῖν,you,331
4053,110150266,μένοντα,remaining,331
4054,110150267,",",",",331
4055,110150268,ὅτι,because,331
4056,110150269,ὃν,whom,331
4057,110150270,ἀπέστειλεν,sent,331
4058,110150271,ἐκεῖνος,that one,331
4059,110150272,",",",",331
4060,110150273,τούτῳ,him,331
4061,110150274,ὑμεῖς,you,331
4062,110150275,οὐ,not,331
4063,110150276,πιστεύετε,you believe,331
4064,110150277,.,.,331
4065,110150278,ἐραυνᾶτε,search,332
4066,110150279,τὰς,the,332
4067,110150280,γραφάς,scriptures,332
4068,110150281,",",",",332
4069,110150282,ὅτι,because,332
4070,110150283,ὑμεῖς,you,332
4071,110150284,δοκεῖτε,you suppose,332
4072,110150285,ἐν,in,332
4073,110150286,αὐταῖς,them,332
4074,110150287,ζωὴν,life,332
4075,110150288,αἰώνιον,eternal,332
4076,110150289,ἔχειν,to have,332
4077,110150290,.,.,332
4078,110150291,καὶ,and,333
4079,110150292,ἐκεῖναί,those,333
4080,110150293,εἰσίν,are,333
4081,110150294,αἱ,the,333
4082,110150295,μαρτυροῦσαι,testifying,333
4083,110150296,περὶ,about,333
4084,110150297,ἐμοῦ,of me,333
4085,110150298,.,.,333
4086,110150299,καὶ,and,334
4087,110150300,οὐ,not,334
4088,110150301,θέλετε,want,334
4089,110150302,ἐλθεῖν,to come,334
4090,110150303,πρός,to,334
4091,110150304,με,me,334
4092,110150305,ἵνα,so that,334
4093,110150306,ζωὴν,life,334
4094,110150307,ἔχητε,have,334
4095,110150308,.,.,334
4096,110150309,δόξαν,glory,335
4097,110150310,παρὰ,from,335
4098,110150311,ἀνθρώπων,of men,335
4099,110150312,οὐ,not,335
4100,110150313,λαμβάνω,receive,335
4101,110150314,",",",",335
4102,110150315,ἀλλὰ,but,335
4103,110150316,ἔγνωκα,know,335
4104,110150317,ὑμᾶς,you,335
4105,110150318,ὅτι,that,335
4106,110150319,οὐκ,not,335
4107,110150320,ἔχετε,have,335
4108,110150321,τὴν,the,335
4109,110150322,ἀγάπην,love,335
4110,110150323,τοῦ,of,335
4111,110150324,θεοῦ,of God,335
4112,110150325,ἐν,in,335
4113,110150326,ἑαυτοῖς,yourselves,335
4114,110150327,.,.,335
4115,110150328,ἐγὼ,I,336
4116,110150329,ἐλήλυθα,have come,336
4117,110150330,ἐν,in,336
4118,110150331,τῷ,the,336
4119,110150332,ὀνόματι,name,336
4120,110150333,τοῦ,of the,336
4121,110150334,πατρός,of father,336
4122,110150335,μου,my,336
4123,110150336,",",",",336
4124,110150337,καὶ,and,336
4125,110150338,οὐ,not,336
4126,110150339,λαμβάνετέ,you receive,336
4127,110150340,με,me,336
4128,110150341,.,.,336
4129,110150342,ἐὰν,if,337
4130,110150343,ἄλλος,another,337
4131,110150344,ἔλθῃ,come,337
4132,110150345,ἐν,in,337
4133,110150346,τῷ,the,337
4134,110150347,ὀνόματι,name,337
4135,110150348,τῷ,the,337
4136,110150349,ἰδίῳ,his own,337
4137,110150350,",",",",337
4138,110150351,ἐκεῖνον,him,337
4139,110150352,λήμψεσθε,you will take,337
4140,110150353,.,.,337
4141,110150354,πῶς,how,338
4142,110150355,δύνασθε,you are able,338
4143,110150356,ὑμεῖς,you,338
4144,110150357,πιστεῦσαι,to believe,338
4145,110150358,",",",",338
4146,110150359,δόξαν,glory,338
4147,110150360,παρὰ,from,338
4148,110150361,ἀλλήλων,one from another,338
4149,110150362,λαμβάνοντες,receiving,338
4150,110150363,",",",",338
4151,110150364,καὶ,and,338
4152,110150365,τὴν,the,338
4153,110150366,δόξαν,glory,338
4154,110150367,τὴν,the,338
4155,110150368,παρὰ,from,338
4156,110150369,τοῦ,of the,338
4157,110150370,μόνου,only,338
4158,110150371,θεοῦ,God,338
4159,110150372,οὐ,not,338
4160,110150373,ζητεῖτε,you seek,338
4161,110150374,;,?,338
4162,110150375,μὴ,not,339
4163,110150376,δοκεῖτε,think,339
4164,110150377,ὅτι,that,339
4165,110150378,ἐγὼ,I,339
4166,110150379,κατηγορήσω,will accuse,339
4167,110150380,ὑμῶν,you,339
4168,110150381,πρὸς,before,339
4169,110150382,τὸν,the,339
4170,110150383,πατέρα,father,339
4171,110150384,.,.,339
4172,110150385,ἔστιν,is,340
4173,110150386,ὁ,the,340
4174,110150387,κατηγορῶν,accuser,340
4175,110150388,ὑμῶν,your,340
4176,110150389,Μωϋσῆς,Moses,340
4177,110150390,",",",",340
4178,110150391,εἰς,to,340
4179,110150392,ὃν,whom,340
4180,110150393,ὑμεῖς,you,340
4181,110150394,ἠλπίκατε,you hoped,340
4182,110150395,.,.,340
4183,110150396,εἰ,if,341
4184,110150397,γὰρ,for,341
4185,110150398,ἐπιστεύετε,you believed,341
4186,110150399,Μωϋσεῖ,Moses,341
4187,110150400,",",",",341
4188,110150401,ἐπιστεύετε,would believe,341
4189,110150402,ἂν,would,341
4190,110150403,ἐμοί,me,341
4191,110150404,.,.,341
4192,110150405,περὶ,about,342
4193,110150406,γὰρ,for,342
4194,110150407,ἐμοῦ,of me,342
4195,110150408,ἐκεῖνος,that one,342
4196,110150409,ἔγραψεν,wrote,342
4197,110150410,.,.,342
4198,110150411,εἰ,if,343
4199,110150412,δὲ,and,343
4200,110150413,τοῖς,the,343
4201,110150414,ἐκείνου,his,343
4202,110150415,γράμμασιν,writings,343
4203,110150416,οὐ,not,343
4204,110150417,πιστεύετε,you believe,343
4205,110150418,",",",",343
4206,110150419,πῶς,how,343
4207,110150420,τοῖς,the,343
4208,110150421,ἐμοῖς,my,343
4209,110150422,ῥήμασιν,words,343
4210,110150423,πιστεύσετε,will you trust,343
4211,110150424,;,;,343
4212,110150425,μετὰ,after,344
4213,110150426,ταῦτα,these,344
4214,110150427,ἀπῆλθεν,went away,344
4215,110150428,ὁ,the,344
4216,110150429,Ἰησοῦς,Jesus,344
4217,110150430,πέραν,across,344
4218,110150431,τῆς,the,344
4219,110150432,θαλάσσης,sea,344
4220,110150433,τῆς,the,344
4221,110150434,Γαλιλαίας,Galilean,344
4222,110150435,τῆς,the,344
4223,110150436,Τιβεριάδος,of Tiberias,344
4224,110150437,.,.,344
4225,110150438,ἠκολούθει,was following,345
4226,110150439,δὲ,but,345
4227,110150440,αὐτῷ,him,345
4228,110150441,ὄχλος,crowd,345
4229,110150442,πολύς,large,345
4230,110150443,",",",",345
4231,110150444,ὅτι,because,345
4232,110150445,ἑώρων,they were seeing,345
4233,110150446,τὰ,the,345
4234,110150447,σημεῖα,signs,345
4235,110150448,ἃ,which,345
4236,110150449,ἐποίει,was doing,345
4237,110150450,ἐπὶ,upon,345
4238,110150451,τῶν,of the,345
4239,110150452,ἀσθενούντων,of the sick,345
4240,110150453,.,.,345
4241,110150454,ἀνῆλθεν,went up,346
4242,110150455,δὲ,but,346
4243,110150456,εἰς,into,346
4244,110150457,τὸ,the,346
4245,110150458,ὄρος,mountain,346
4246,110150459,Ἰησοῦς,Jesus,346
4247,110150460,",",",",346
4248,110150461,καὶ,and,346
4249,110150462,ἐκεῖ,there,346
4250,110150463,ἐκαθέζετο,was sitting,346
4251,110150464,μετὰ,with,346
4252,110150465,τῶν,the,346
4253,110150466,μαθητῶν,disciples,346
4254,110150467,αὐτοῦ,his,346
4255,110150468,.,.,346
4256,110150469,ἦν,was,347
4257,110150470,δὲ,but,347
4258,110150471,ἐγγὺς,near,347
4259,110150472,τὸ,the,347
4260,110150473,πάσχα,Passover,347
4261,110150474,",",",",347
4262,110150475,ἡ,the,347
4263,110150476,ἑορτὴ,festival,347
4264,110150477,τῶν,of the,347
4265,110150478,Ἰουδαίων,of the Jews,347
4266,110150479,.,.,347
4267,110150480,ἐπάρας,having raised,348
4268,110150481,οὖν,therefore,348
4269,110150482,τοὺς,the,348
4270,110150483,ὀφθαλμοὺς,eyes,348
4271,110150484,ὁ,the,348
4272,110150485,Ἰησοῦς,Jesus,348
4273,110150486,καὶ,and,348
4274,110150487,θεασάμενος,seeing,348
4275,110150488,ὅτι,that,348
4276,110150489,πολὺς,large,348
4277,110150490,ὄχλος,crowd,348
4278,110150491,ἔρχεται,is coming,348
4279,110150492,πρὸς,toward,348
4280,110150493,αὐτὸν,him,348
4281,110150494,λέγει,said,348
4282,110150495,πρὸς,to,348
4283,110150496,Φίλιππον,Philip,348
4284,110150497,.,.,348
4285,110150498,πόθεν,from where,349
4286,110150499,ἀγοράσωμεν,should we buy,349
4287,110150500,ἄρτους,loaves,349
4288,110150501,ἵνα,in order that,349
4289,110150502,φάγωσιν,eat,349
4290,110150503,οὗτοι,these,349
4291,110150504,;,;,349
4292,110150505,τοῦτο,this,350
4293,110150506,δὲ,but,350
4294,110150507,ἔλεγεν,was saying,350
4295,110150508,πειράζων,testing,350
4296,110150509,αὐτόν,him,350
4297,110150510,.,.,350
4298,110150511,αὐτὸς,he,351
4299,110150512,γὰρ,for,351
4300,110150513,ᾔδει,knew,351
4301,110150514,τί,something,351
4302,110150515,ἔμελλεν,was about to,351
4303,110150516,ποιεῖν,to do,351
4304,110150517,.,.,351
4305,110150518,ἀποκρίνεται,answers,352
4306,110150519,αὐτῷ,to him,352
4307,110150520,ὁ,the,352
4308,110150521,Φίλιππος,Philip,352
4309,110150522,",",",",352
4310,110150523,διακοσίων,two hundred,352
4311,110150524,δηναρίων,denarii,352
4312,110150525,ἄρτοι,loaves,352
4313,110150526,οὐκ,not,352
4314,110150527,ἀρκοῦσιν,are sufficient,352
4315,110150528,αὐτοῖς,to them,352
4316,110150529,",",",",352
4317,110150530,ἵνα,so that,352
4318,110150531,ἕκαστος,each,352
4319,110150532,βραχύ,a small amount,352
4320,110150533,τι,some,352
4321,110150534,λάβῃ,should take,352
4322,110150535,.,.,352
4323,110150536,λέγει,says,353
4324,110150537,αὐτῷ,him,353
4325,110150538,εἷς,one,353
4326,110150539,ἐκ,out of,353
4327,110150540,τῶν,of the,353
4328,110150541,μαθητῶν,disciples,353
4329,110150542,αὐτοῦ,his,353
4330,110150543,",",",",353
4331,110150544,Ἀνδρέας,Andrew,353
4332,110150545,ὁ,the,353
4333,110150546,ἀδελφὸς,brother,353
4334,110150547,Σίμωνος,Simon's,353
4335,110150548,Πέτρου,of Peter,353
4336,110150549,.,.,353
4337,110150550,ἔστιν,there is,354
4338,110150551,παιδάριον,child,354
4339,110150552,ὧδε,here,354
4340,110150553,ὃς,who,354
4341,110150554,ἔχει,has,354
4342,110150555,πέντε,five,354
4343,110150556,ἄρτους,loaves,354
4344,110150557,κριθίνους,barley,354
4345,110150558,καὶ,and,354
4346,110150559,δύο,two,354
4347,110150560,ὀψάρια,fish,354
4348,110150561,.,.,354
4349,110150562,ἀλλὰ,but,355
4350,110150563,ταῦτα,these,355
4351,110150564,τί,what,355
4352,110150565,ἐστιν,are,355
4353,110150566,εἰς,into,355
4354,110150567,τοσούτους,so many,355
4355,110150568,;,?,355
4356,110150569,εἶπεν,said,356
4357,110150570,ὁ,the,356
4358,110150571,Ἰησοῦς,Jesus,356
4359,110150572,.,.,356
4360,110150573,ποιήσατε,make,357
4361,110150574,τοὺς,the,357
4362,110150575,ἀνθρώπους,men,357
4363,110150576,ἀναπεσεῖν,to recline,357
4364,110150577,.,.,357
4365,110150578,ἦν,was,358
4366,110150579,δὲ,but,358
4367,110150580,χόρτος,grass,358
4368,110150581,πολὺς,much,358
4369,110150582,ἐν,in,358
4370,110150583,τῷ,the,358
4371,110150584,τόπῳ,place,358
4372,110150585,.,.,358
4373,110150586,ἀνέπεσαν,fell,359
4374,110150587,οὖν,then,359
4375,110150588,οἱ,the,359
4376,110150589,ἄνδρες,men,359
4377,110150590,τὸν,the,359
4378,110150591,ἀριθμὸν,number,359
4379,110150592,ὡς,as,359
4380,110150593,πεντακισχίλιοι,five thousand,359
4381,110150594,.,.,359
4382,110150595,ἔλαβεν,took,360
4383,110150596,οὖν,therefore,360
4384,110150597,τοὺς,the,360
4385,110150598,ἄρτους,loaves,360
4386,110150599,ὁ,the,360
4387,110150600,Ἰησοῦς,Jesus,360
4388,110150601,καὶ,and,360
4389,110150602,εὐχαρίστησεν,gave thanks,360
4390,110150603,καὶ,and,360
4391,110150604,ἔδωκεν,gave,360
4392,110150605,τοῖς,the,360
4393,110150606,ἀνακειμένοις,those reclining,360
4394,110150607,",",",",360
4395,110150608,ὁμοίως,likewise,360
4396,110150609,καὶ,and,360
4397,110150610,ἐκ,from,360
4398,110150611,τῶν,of the,360
4399,110150612,ὀψαρίων,fishes,360
4400,110150613,ὅσον,as much as,360
4401,110150614,ἤθελον,they wished,360
4402,110150615,.,.,360
4403,110150616,ὡς,when,361
4404,110150617,δὲ,but,361
4405,110150618,ἐνεπλήσθησαν,had been filled,361
4406,110150619,",",",",361
4407,110150620,λέγει,says,361
4408,110150621,τοῖς,the,361
4409,110150622,μαθηταῖς,disciples,361
4410,110150623,αὐτοῦ,his,361
4411,110150624,.,.,361
4412,110150625,συναγάγετε,gather,362
4413,110150626,τὰ,the,362
4414,110150627,περισσεύσαντα,remaining,362
4415,110150628,κλάσματα,fragments,362
4416,110150629,",",",",362
4417,110150630,ἵνα,in order that,362
4418,110150631,μή,not,362
4419,110150632,τι,anything,362
4420,110150633,ἀπόληται,be lost,362
4421,110150634,.,.,362
4422,110150635,συνήγαγον,gathered,363
4423,110150636,οὖν,so,363
4424,110150637,",",",",363
4425,110150638,καὶ,and,363
4426,110150639,ἐγέμισαν,they filled,363
4427,110150640,δώδεκα,twelve,363
4428,110150641,κοφίνους,baskets,363
4429,110150642,κλασμάτων,pieces,363
4430,110150643,ἐκ,from,363
4431,110150644,τῶν,of the,363
4432,110150645,πέντε,five,363
4433,110150646,ἄρτων,of bread,363
4434,110150647,τῶν,of the,363
4435,110150648,κριθίνων,barley,363
4436,110150649,",",",",363
4437,110150650,ἃ,which,363
4438,110150651,ἐπερίσσευσαν,they had left over,363
4439,110150652,τοῖς,the,363
4440,110150653,βεβρωκόσιν,those who ate,363
4441,110150654,.,.,363
4442,110150655,οἱ,the,364
4443,110150656,οὖν,then,364
4444,110150657,ἄνθρωποι,men,364
4445,110150658,ἰδόντες,having seen,364
4446,110150659,ὃ,which,364
4447,110150660,ἐποίησεν,made,364
4448,110150661,σημεῖον,sign,364
4449,110150662,ἔλεγον,were saying,364
4450,110150663,ὅτι,that,364
4451,110150664,οὗτός,this,364
4452,110150665,ἐστιν,is,364
4453,110150666,ἀληθῶς,truly,364
4454,110150667,ὁ,the,364
4455,110150668,προφήτης,prophet,364
4456,110150669,ὁ,the,364
4457,110150670,εἰς,into,364
4458,110150671,τὸν,the,364
4459,110150672,κόσμον,world,364
4460,110150673,ἐρχόμενος,coming,364
4461,110150674,.,.,364
4462,110150675,Ἰησοῦς,Jesus,365
4463,110150676,οὖν,therefore,365
4464,110150677,γνοὺς,having learned,365
4465,110150678,ὅτι,that,365
4466,110150679,μέλλουσιν,are about to,365
4467,110150680,ἔρχεσθαι,to come,365
4468,110150681,καὶ,and,365
4469,110150682,ἁρπάζειν,to snatch,365
4470,110150683,αὐτὸν,him,365
4471,110150684,ἵνα,in order that,365
4472,110150685,ποιήσωσιν,make,365
4473,110150686,βασιλέα,king,365
4474,110150687,",",",",365
4475,110150688,φεύγει,fled,365
4476,110150689,πάλιν,again,365
4477,110150690,εἰς,into,365
4478,110150691,τὸ,the,365
4479,110150692,ὄρος,mountain,365
4480,110150693,αὐτὸς,he,365
4481,110150694,μόνος,alone,365
4482,110150695,.,.,365
4483,110150696,ὡς,when,366
4484,110150697,δὲ,but,366
4485,110150698,ὀψία,late,366
4486,110150699,ἐγένετο,it was,366
4487,110150700,",",",",366
4488,110150701,κατέβησαν,went down,366
4489,110150702,οἱ,the,366
4490,110150703,μαθηταὶ,disciples,366
4491,110150704,αὐτοῦ,his,366
4492,110150705,ἐπὶ,to,366
4493,110150706,τὴν,the,366
4494,110150707,θάλασσαν,sea,366
4495,110150708,",",",",366
4496,110150709,καὶ,and,366
4497,110150710,ἐμβάντες,having embarked,366
4498,110150711,εἰς,into,366
4499,110150712,πλοῖον,ship,366
4500,110150713,ἤρχοντο,were going,366
4501,110150714,πέραν,across,366
4502,110150715,τῆς,of the,366
4503,110150716,θαλάσσης,sea,366
4504,110150717,εἰς,into,366
4505,110150718,Καφαρναούμ,Capernaum,366
4506,110150719,.,.,366
4507,110150720,κατέλαβεν,overtook,367
4508,110150721,δὲ,but,367
4509,110150722,αὐτοὺς,them,367
4510,110150723,ἡ,the,367
4511,110150724,σκοτία,darkness,367
4512,110150725,καὶ,and,367
4513,110150726,οὔπω,not yet,367
4514,110150727,ἐληλύθει,had come,367
4515,110150728,Ἰησοῦς,Jesus,367
4516,110150729,πρὸς,toward,367
4517,110150730,αὐτοὺς,them,367
4518,110150731,",",",",367
4519,110150732,ἥ,the,367
4520,110150733,τε,and,367
4521,110150734,θάλασσα,sea,367
4522,110150735,ἀνέμου,of wind,367
4523,110150736,μεγάλου,great,367
4524,110150737,πνέοντος,blowing,367
4525,110150738,διεγείρετο,was stirred up,367
4526,110150739,.,.,367
4527,110150740,ἐληλακότες,having rowed,368
4528,110150741,οὖν,therefore,368
4529,110150742,ὡς,about,368
4530,110150743,στάδια,furlongs,368
4531,110150744,εἴκοσι,twenty,368
4532,110150745,πέντε,five,368
4533,110150746,ἢ,or,368
4534,110150747,τριάκοντα,thirty,368
4535,110150748,θεωροῦσιν,see,368
4536,110150749,τὸν,the,368
4537,110150750,Ἰησοῦν,Jesus,368
4538,110150751,περιπατοῦντα,walking,368
4539,110150752,ἐπὶ,on,368
4540,110150753,τῆς,the,368
4541,110150754,θαλάσσης,of the sea,368
4542,110150755,καὶ,and,368
4543,110150756,ἐγγὺς,near,368
4544,110150757,τοῦ,the,368
4545,110150758,πλοίου,of the boat,368
4546,110150759,γινόμενον,becoming,368
4547,110150760,",",",",368
4548,110150761,καὶ,and,368
4549,110150762,ἐφοβήθησαν,feared,368
4550,110150763,.,.,368
4551,110150764,ὁ,the,369
4552,110150765,δὲ,but,369
4553,110150766,λέγει,says,369
4554,110150767,αὐτοῖς,them,369
4555,110150768,.,.,369
4556,110150769,ἐγώ,I,370
4557,110150770,εἰμι,am,370
4558,110150771,",",",",370
4559,110150772,μὴ,not,370
4560,110150773,φοβεῖσθε,fear,370
4561,110150774,.,.,370
4562,110150775,ἤθελον,I wanted,371
4563,110150776,οὖν,therefore,371
4564,110150777,λαβεῖν,to take,371
4565,110150778,αὐτὸν,him,371
4566,110150779,εἰς,into,371
4567,110150780,τὸ,the,371
4568,110150781,πλοῖον,ship,371
4569,110150782,",",",",371
4570,110150783,καὶ,and,371
4571,110150784,εὐθέως,immediately,371
4572,110150785,ἐγένετο,happened,371
4573,110150786,τὸ,the,371
4574,110150787,πλοῖον,ship,371
4575,110150788,ἐπὶ,onto,371
4576,110150789,τὴν,the,371
4577,110150790,γῆν,land,371
4578,110150791,εἰς,into,371
4579,110150792,ἣν,which,371
4580,110150793,ὑπῆγον,where they were going,371
4581,110150794,.,.,371
4582,110150795,τῇ,the,372
4583,110150796,ἐπαύριον,on the next day,372
4584,110150797,ὁ,the,372
4585,110150798,ὄχλος,crowd,372
4586,110150799,ὁ,the,372
4587,110150800,ἑστηκὼς,standing,372
4588,110150801,πέραν,on the other side,372
4589,110150802,τῆς,the,372
4590,110150803,θαλάσσης,sea,372
4591,110150804,εἶδον,saw,372
4592,110150805,ὅτι,that,372
4593,110150806,πλοιάριον,boat,372
4594,110150807,ἄλλο,other,372
4595,110150808,οὐκ,not,372
4596,110150809,ἦν,was,372
4597,110150810,ἐκεῖ,there,372
4598,110150811,εἰ,except,372
4599,110150812,μὴ,not,372
4600,110150813,ἕν,only,372
4601,110150814,",",",",372
4602,110150815,καὶ,and,372
4603,110150816,ὅτι,that,372
4604,110150817,οὐ,not,372
4605,110150818,συνεισῆλθεν,went in with,372
4606,110150819,τοῖς,the,372
4607,110150820,μαθηταῖς,disciples,372
4608,110150821,αὐτοῦ,his,372
4609,110150822,ὁ,the,372
4610,110150823,Ἰησοῦς,Jesus,372
4611,110150824,εἰς,into,372
4612,110150825,τὸ,the,372
4613,110150826,πλοῖον,boat,372
4614,110150827,ἀλλὰ,but,372
4615,110150828,μόνοι,only,372
4616,110150829,οἱ,the,372
4617,110150830,μαθηταὶ,disciples,372
4618,110150831,αὐτοῦ,his,372
4619,110150832,ἀπῆλθον,went away,372
4620,110150833,.,.,372
4621,110150834,ἄλλα,but,373
4622,110150835,ἦλθεν,came,373
4623,110150836,πλοιάρια,boats,373
4624,110150837,ἐκ,from,373
4625,110150838,Τιβεριάδος,of Tiberias,373
4626,110150839,ἐγγὺς,near,373
4627,110150840,τοῦ,the,373
4628,110150841,τόπου,place,373
4629,110150842,ὅπου,where,373
4630,110150843,ἔφαγον,they ate,373
4631,110150844,τὸν,the,373
4632,110150845,ἄρτον,bread,373
4633,110150846,εὐχαριστήταντος,giving thanks,373
4634,110150847,τοῦ,of the,373
4635,110150848,κυρίου,Lord,373
4636,110150849,.,.,373
4637,110150850,ὅτε,when,374
4638,110150851,οὖν,then,374
4639,110150852,εἶδεν,saw,374
4640,110150853,ὁ,the,374
4641,110150854,ὄχλος,crowd,374
4642,110150855,ὅτι,that,374
4643,110150856,Ἰησοῦς,Jesus,374
4644,110150857,οὐκ,not,374
4645,110150858,ἔστιν,is,374
4646,110150859,ἐκεῖ,there,374
4647,110150860,οὐ,not,374
4648,110150861,-δὲ,not,374
4649,110150862,οἱ,the,374
4650,110150863,μαθηταὶ,disciples,374
4651,110150864,αὐτοῦ,his,374
4652,110150865,",",",",374
4653,110150866,ἐνέβησαν,went aboard,374
4654,110150867,αὐτοὶ,they,374
4655,110150868,εἰς,into,374
4656,110150869,τὰ,the,374
4657,110150870,πλοιάρια,boats,374
4658,110150871,καὶ,and,374
4659,110150872,ἦλθον,came,374
4660,110150873,εἰς,to,374
4661,110150874,Καφαρναοὺμ,Capernaum,374
4662,110150875,ζητοῦντες,seeking,374
4663,110150876,τὸν,the,374
4664,110150877,Ἰησοῦν,Jesus,374
4665,110150878,.,.,374
4666,110150879,καὶ,and,375
4667,110150880,εὑρόντες,having found,375
4668,110150881,αὐτὸν,him,375
4669,110150882,πέραν,across,375
4670,110150883,τῆς,the,375
4671,110150884,θαλάσσης,sea,375
4672,110150885,εἶπον,said,375
4673,110150886,αὐτῷ,him,375
4674,110150887,.,.,375
4675,110150888,ῥαββεί,Rabbi,376
4676,110150889,",",",",376
4677,110150890,πότε,when,376
4678,110150891,ὧδε,here,376
4679,110150892,γέγονας,you have become,376
4680,110150893,;,?,376
4681,110150894,ἀπεκρίθη,answered,377
4682,110150895,αὐτοῖς,them,377
4683,110150896,ὁ,the,377
4684,110150897,Ἰησοῦς,Jesus,377
4685,110150898,καὶ,and,377
4686,110150899,εἶπεν,said,377
4687,110150900,.,.,377
4688,110150901,ἀμὴν,truly,378
4689,110150902,ἀμὴν,truly,378
4690,110150903,λέγω,I say,378
4691,110150904,ὑμῖν,you,378
4692,110150905,",",",",378
4693,110150906,ζητεῖτέ,seek,378
4694,110150907,με,me,378
4695,110150908,οὐχ,not,378
4696,110150909,ὅτι,that,378
4697,110150910,εἴδετε,you saw,378
4698,110150911,σημεῖα,signs,378
4699,110150912,",",",",378
4700,110150913,ἀλλ’,but,378
4701,110150914,ὅτι,that,378
4702,110150915,ἐφάγετε,you ate,378
4703,110150916,ἐκ,out of,378
4704,110150917,τῶν,of the,378
4705,110150918,ἄρτων,breads,378
4706,110150919,καὶ,and,378
4707,110150920,ἐχορτάσθητε,you were satisfied,378
4708,110150921,.,.,378
4709,110150922,ἐργάζεσθε,work,379
4710,110150923,μὴ,not,379
4711,110150924,τὴν,the,379
4712,110150925,βρῶσιν,food,379
4713,110150926,τὴν,the,379
4714,110150927,ἀπολλυμένην,perishing,379
4715,110150928,",",",",379
4716,110150929,ἀλλὰ,but,379
4717,110150930,τὴν,the,379
4718,110150931,βρῶσιν,food,379
4719,110150932,τὴν,the,379
4720,110150933,μένουσαν,remaining,379
4721,110150934,εἰς,into,379
4722,110150935,ζωὴν,life,379
4723,110150936,αἰώνιον,eternal,379
4724,110150937,",",",",379
4725,110150938,ἣν,which,379
4726,110150939,ὁ,the,379
4727,110150940,υἱὸς,Son,379
4728,110150941,τοῦ,of the,379
4729,110150942,ἀνθρώπου,of man,379
4730,110150943,δίδωσιν,gives,379
4731,110150944,ὑμῖν,to you,379
4732,110150945,.,.,379
4733,110150946,τοῦτον,this,380
4734,110150947,γὰρ,for,380
4735,110150948,ὁ,the,380
4736,110150949,πατὴρ,father,380
4737,110150950,ἐσφράγισεν,sealed,380
4738,110150951,",",",",380
4739,110150952,ὁ,the,380
4740,110150953,θεός,God,380
4741,110150954,.,.,380
4742,110150955,εἶπον,said,381
4743,110150956,οὖν,then,381
4744,110150957,πρὸς,to,381
4745,110150958,αὐτόν,him,381
4746,110150959,.,.,381
4747,110150960,τί,what,382
4748,110150961,ποιῶμεν,do,382
4749,110150962,ἵνα,that,382
4750,110150963,ἐργαζώμεθα,work,382
4751,110150964,τὰ,the,382
4752,110150965,ἔργα,works,382
4753,110150966,τοῦ,of,382
4754,110150967,θεοῦ,of God,382
4755,110150968,;,?,382
4756,110150969,ἀπεκρίθη,answered,383
4757,110150970,Ἰησοῦς,Jesus,383
4758,110150971,καὶ,and,383
4759,110150972,εἶπεν,said,383
4760,110150973,αὐτοῖς,them,383
4761,110150974,.,.,383
4762,110150975,τοῦτό,this,384
4763,110150976,ἐστιν,is,384
4764,110150977,τὸ,the,384
4765,110150978,ἔργον,work,384
4766,110150979,τοῦ,of the,384
4767,110150980,θεοῦ,of God,384
4768,110150981,",",",",384
4769,110150982,ἵνα,that,384
4770,110150983,πιστεύητε,you might believe,384
4771,110150984,εἰς,into,384
4772,110150985,ὃν,whom,384
4773,110150986,ἀπέστειλεν,sent,384
4774,110150987,ἐκεῖνος,that one,384
4775,110150988,.,.,384
4776,110150989,εἶπον,said,385
4777,110150990,οὖν,then,385
4778,110150991,αὐτῷ,him,385
4779,110150992,.,.,385
4780,110150993,τί,what,386
4781,110150994,οὖν,then,386
4782,110150995,ποιεῖς,do,386
4783,110150996,σὺ,you,386
4784,110150997,σημεῖον,sign,386
4785,110150998,",",",",386
4786,110150999,ἵνα,so that,386
4787,110151000,ἴδωμεν,we may see,386
4788,110151001,καὶ,and,386
4789,110151002,πιστεύσωμέν,we may believe,386
4790,110151003,σοι,to you,386
4791,110151004,;,;,386
4792,110151005,τί,what,387
4793,110151006,ἐργάζῃ,do,387
4794,110151007,;,.,387
4795,110151008,οἱ,the,388
4796,110151009,πατέρες,fathers,388
4797,110151010,ἡμῶν,our,388
4798,110151011,τὸ,the,388
4799,110151012,μάννα,manna,388
4800,110151013,ἔφαγον,ate,388
4801,110151014,ἐν,in,388
4802,110151015,τῇ,the,388
4803,110151016,ἐρήμῳ,desert,388
4804,110151017,",",",",388
4805,110151018,καθώς,as,388
4806,110151019,ἐστιν,it is,388
4807,110151020,γεγραμμένον,written,388
4808,110151021,.,.,388
4809,110151022,ἄρτον,bread,389
4810,110151023,ἐκ,out of,389
4811,110151024,τοῦ,the,389
4812,110151025,οὐρανοῦ,of heaven,389
4813,110151026,ἔδωκεν,gave,389
4814,110151027,αὐτοῖς,them,389
4815,110151028,φαγεῖν,to eat,389
4816,110151029,.,.,389
4817,110151030,εἶπεν,said,390
4818,110151031,οὖν,therefore,390
4819,110151032,αὐτοῖς,them,390
4820,110151033,ὁ,the,390
4821,110151034,Ἰησοῦς,Jesus,390
4822,110151035,.,.,390
4823,110151036,ἀμὴν,Amen,391
4824,110151037,ἀμὴν,Amen,391
4825,110151038,λέγω,I say,391
4826,110151039,ὑμῖν,you,391
4827,110151040,",",",",391
4828,110151041,οὐ,not,391
4829,110151042,Μωϋσῆς,Moses,391
4830,110151043,δέδωκεν,has given,391
4831,110151044,ὑμῖν,to you,391
4832,110151045,τὸν,the,391
4833,110151046,ἄρτον,bread,391
4834,110151047,ἐκ,from,391
4835,110151048,τοῦ,the,391
4836,110151049,οὐρανοῦ,of heaven,391
4837,110151050,",",",",391
4838,110151051,ἀλλ’,but,391
4839,110151052,ὁ,the,391
4840,110151053,πατήρ,father,391
4841,110151054,μου,my,391
4842,110151055,δίδωσιν,gives,391
4843,110151056,ὑμῖν,to you,391
4844,110151057,τὸν,the,391
4845,110151058,ἄρτον,bread,391
4846,110151059,ἐκ,from,391
4847,110151060,τοῦ,of the,391
4848,110151061,οὐρανοῦ,heaven,391
4849,110151062,τὸν,the,391
4850,110151063,ἀληθινόν,true,391
4851,110151064,.,.,391
4852,110151065,ὁ,the,392
4853,110151066,γὰρ,for,392
4854,110151067,ἄρτος,bread,392
4855,110151068,τοῦ,of the,392
4856,110151069,θεοῦ,of God,392
4857,110151070,ἐστιν,is,392
4858,110151071,ὁ,the,392
4859,110151072,καταβαίνων,coming down,392
4860,110151073,ἐκ,out of,392
4861,110151074,τοῦ,of the,392
4862,110151075,οὐρανοῦ,heaven,392
4863,110151076,καὶ,and,392
4864,110151077,ζωὴν,life,392
4865,110151078,διδοὺς,giving,392
4866,110151079,τῷ,to,392
4867,110151080,κόσμῳ,world,392
4868,110151081,.,.,392
4869,110151082,εἶπον,said,393
4870,110151083,οὖν,therefore,393
4871,110151084,πρὸς,to,393
4872,110151085,αὐτόν,him,393
4873,110151086,.,.,393
4874,110151087,κύριε,Sir,394
4875,110151088,",",",",394
4876,110151089,πάντοτε,always,394
4877,110151090,δὸς,give,394
4878,110151091,ἡμῖν,us,394
4879,110151092,τὸν,the,394
4880,110151093,ἄρτον,bread,394
4881,110151094,τοῦτον,this,394
4882,110151095,.,.,394
4883,110151096,εἶπεν,said,395
4884,110151097,οὖν,therefore,395
4885,110151098,αὐτοῖς,them,395
4886,110151099,ὁ,the,395
4887,110151100,Ἰησοῦς,Jesus,395
4888,110151101,.,.,395
4889,110151102,ἐγώ,I,396
4890,110151103,εἰμι,am,396
4891,110151104,ὁ,the,396
4892,110151105,ἄρτος,bread,396
4893,110151106,τῆς,of the,396
4894,110151107,ζωῆς,of life,396
4895,110151108,.,.,396
4896,110151109,ὁ,the,397
4897,110151110,ἐρχόμενος,coming,397
4898,110151111,πρός,to,397
4899,110151112,ἐμὲ,me,397
4900,110151113,οὐ,not,397
4901,110151114,μὴ,not,397
4902,110151115,πεινάσῃ,should hunger,397
4903,110151116,",",",",397
4904,110151117,καὶ,and,397
4905,110151118,ὁ,the,397
4906,110151119,πιστεύων,believing,397
4907,110151120,εἰς,into,397
4908,110151121,ἐμὲ,me,397
4909,110151122,οὐ,not,397
4910,110151123,μὴ,not,397
4911,110151124,διψήσει,will thirst,397
4912,110151125,πώποτε,ever,397
4913,110151126,.,.,397
4914,110151127,ἀλλ’,but,398
4915,110151128,εἶπον,said,398
4916,110151129,ὑμῖν,you,398
4917,110151130,ὅτι,that,398
4918,110151131,καὶ,and,398
4919,110151132,ἑωράκατέ,you have seen,398
4920,110151133,καὶ,and,398
4921,110151134,οὐ,not,398
4922,110151135,πιστεύετε,you believe,398
4923,110151136,.,.,398
4924,110151137,πᾶν,everything,399
4925,110151138,ὃ,whatever,399
4926,110151139,δίδωσίν,gives,399
4927,110151140,μοι,me,399
4928,110151141,ὁ,the,399
4929,110151142,πατὴρ,father,399
4930,110151143,πρὸς,to,399
4931,110151144,ἐμὲ,me,399
4932,110151145,ἥξει,will come,399
4933,110151146,",",",",399
4934,110151147,καὶ,and,399
4935,110151148,τὸν,the,399
4936,110151149,ἐρχόμενον,coming,399
4937,110151150,πρὸς,to,399
4938,110151151,ἐμὲ,me,399
4939,110151152,οὐ,not,399
4940,110151153,μὴ,not,399
4941,110151154,ἐκβάλω,I will cast out,399
4942,110151155,ἔξω,outside,399
4943,110151156,",",",",399
4944,110151157,ὅτι,because,399
4945,110151158,καταβέβηκα,I have come down,399
4946,110151159,ἀπὸ,from,399
4947,110151160,τοῦ,of the,399
4948,110151161,οὐρανοῦ,heaven,399
4949,110151162,οὐχ,not,399
4950,110151163,ἵνα,that,399
4951,110151164,ποιήσω,do,399
4952,110151165,τὸ,the,399
4953,110151166,θέλημα,will,399
4954,110151167,τὸ,the,399
4955,110151168,ἐμὸν,my,399
4956,110151169,ἀλλὰ,but,399
4957,110151170,τὸ,the,399
4958,110151171,θέλημα,will,399
4959,110151172,τοῦ,of,399
4960,110151173,πέμψαντός,sending,399
4961,110151174,με,me,399
4962,110151175,.,.,399
4963,110151176,τοῦτο,this,400
4964,110151177,δέ,but,400
4965,110151178,ἐστιν,is,400
4966,110151179,τὸ,the,400
4967,110151180,θέλημα,will,400
4968,110151181,τοῦ,of the,400
4969,110151182,πέμψαντός,having sent,400
4970,110151183,με,me,400
4971,110151184,",",",",400
4972,110151185,ἵνα,so that,400
4973,110151186,πᾶν,all,400
4974,110151187,ὃ,that which,400
4975,110151188,δέδωκέν,has given,400
4976,110151189,μοι,to me,400
4977,110151190,μὴ,not,400
4978,110151191,ἀπολέσω,I might destroy,400
4979,110151192,ἐξ,from,400
4980,110151193,αὐτοῦ,of it,400
4981,110151194,",",",",400
4982,110151195,ἀλλὰ,but,400
4983,110151196,ἀναστήσω,raise up,400
4984,110151197,αὐτὸ,him,400
4985,110151198,ἐν,in,400
4986,110151199,τῇ,the,400
4987,110151200,ἐσχάτῃ,last,400
4988,110151201,ἡμέρᾳ,day,400
4989,110151202,.,.,400
4990,110151203,τοῦτο,this,401
4991,110151204,γάρ,for,401
4992,110151205,ἐστιν,is,401
4993,110151206,τὸ,the,401
4994,110151207,θέλημα,will,401
4995,110151208,τοῦ,of the,401
4996,110151209,πατρός,father's,401
4997,110151210,μου,my,401
4998,110151211,",",",",401
4999,110151212,ἵνα,that,401
5000,110151213,πᾶς,every,401
5001,110151214,ὁ,the,401
5002,110151215,θεωρῶν,seeing,401
5003,110151216,τὸν,the,401
5004,110151217,υἱὸν,son,401
5005,110151218,καὶ,and,401
5006,110151219,πιστεύων,believing,401
5007,110151220,εἰς,into,401
5008,110151221,αὐτὸν,him,401
5009,110151222,ἔχῃ,have,401
5010,110151223,ζωὴν,life,401
5011,110151224,αἰώνιον,eternal,401
5012,110151225,καὶ,and,401
5013,110151226,ἀναστήσω,I will raise up,401
5014,110151227,αὐτὸν,him,401
5015,110151228,ἐγὼ,I,401
5016,110151229,ἐν,in,401
5017,110151230,τῇ,the,401
5018,110151231,ἐσχάτῃ,last,401
5019,110151232,ἡμέρᾳ,day,401
5020,110151233,.,.,401
5021,110151234,ἐγόγγυζον,were grumbling,402
5022,110151235,οὖν,therefore,402
5023,110151236,οἱ,the,402
5024,110151237,Ἰουδαῖοι,the Jews,402
5025,110151238,περὶ,about,402
5026,110151239,αὐτοῦ,of him,402
5027,110151240,",",",",402
5028,110151241,ὅτι,that,402
5029,110151242,εἶπεν,said,402
5030,110151243,.,.,402
5031,110151244,ἐγώ,I,403
5032,110151245,εἰμι,am,403
5033,110151246,ὁ,the,403
5034,110151247,ἄρτος,bread,403
5035,110151248,ὁ,the,403
5036,110151249,καταβὰς,coming down,403
5037,110151250,ἐκ,from,403
5038,110151251,τοῦ,the,403
5039,110151252,οὐρανοῦ,heaven,403
5040,110151253,",",",",403
5041,110151254,καὶ,and,403
5042,110151255,ἔλεγον,were saying,403
5043,110151256,.,.,403
5044,110151257,οὐχ,not,404
5045,110151258,οὗτός,this,404
5046,110151259,ἐστιν,is,404
5047,110151260,Ἰησοῦς,Jesus,404
5048,110151261,ὁ,the,404
5049,110151262,υἱὸς,son,404
5050,110151263,Ἰωσήφ,Joseph,404
5051,110151264,",",",",404
5052,110151265,οὗ,whose,404
5053,110151266,ἡμεῖς,we,404
5054,110151267,οἴδαμεν,know,404
5055,110151268,τὸν,the,404
5056,110151269,πατέρα,father,404
5057,110151270,καὶ,and,404
5058,110151271,τὴν,the,404
5059,110151272,μητέρα,mother,404
5060,110151273,;,?,404
5061,110151274,πῶς,how,405
5062,110151275,νῦν,now,405
5063,110151276,λέγει,says,405
5064,110151277,οὗτος,he,405
5065,110151278,",",",",405
5066,110151279,ὅτι,that,405
5067,110151280,ἐκ,out of,405
5068,110151281,τοῦ,the,405
5069,110151282,οὐρανοῦ,heaven,405
5070,110151283,καταβέβηκα,have come down,405
5071,110151284,;,;,405
5072,110151285,ἀπεκρίθη,answered,406
5073,110151286,Ἰησοῦς,Jesus,406
5074,110151287,καὶ,and,406
5075,110151288,εἶπεν,said,406
5076,110151289,αὐτοῖς,them,406
5077,110151290,.,.,406
5078,110151291,μὴ,not,407
5079,110151292,γογγύζετε,grumble,407
5080,110151293,μετ’,with,407
5081,110151294,ἀλλήλων,one another,407
5082,110151295,.,.,407
5083,110151296,οὐδεὶς,no one,408
5084,110151297,δύναται,is able,408
5085,110151298,ἐλθεῖν,to come,408
5086,110151299,πρός,to,408
5087,110151300,με,me,408
5088,110151301,ἐὰν,if,408
5089,110151302,μὴ,not,408
5090,110151303,ὁ,the,408
5091,110151304,πατὴρ,father,408
5092,110151305,ὁ,the,408
5093,110151306,πέμψας,having sent,408
5094,110151307,με,me,408
5095,110151308,ἑλκύσῃ,draw,408
5096,110151309,αὐτόν,him,408
5097,110151310,",",",",408
5098,110151311,κα-,and,408
5099,110151312,κἀγὼ,I,408
5100,110151313,ἀναστήσω,I will raise,408
5101,110151314,αὐτὸν,him,408
5102,110151315,ἐν,in,408
5103,110151316,τῇ,the,408
5104,110151317,ἐσχάτῃ,last,408
5105,110151318,ἡμέρᾳ,day,408
5106,110151319,.,.,408
5107,110151320,ἔστιν,is,409
5108,110151321,γεγραμμένον,written,409
5109,110151322,ἐν,in,409
5110,110151323,τοῖς,the,409
5111,110151324,προφήταις,prophets,409
5112,110151325,.,.,409
5113,110151326,καὶ,and,410
5114,110151327,ἔσονται,will be,410
5115,110151328,πάντες,all,410
5116,110151329,διδακτοὶ,taught,410
5117,110151330,θεοῦ,of God,410
5118,110151331,.,.,410
5119,110151332,πᾶς,everyone,411
5120,110151333,ὁ,the,411
5121,110151334,ἀκούσας,having heard,411
5122,110151335,παρὰ,from,411
5123,110151336,τοῦ,of the,411
5124,110151337,πατρὸς,father,411
5125,110151338,καὶ,and,411
5126,110151339,μαθὼν,learning,411
5127,110151340,ἔρχεται,comes,411
5128,110151341,πρὸς,to,411
5129,110151342,ἐμέ,me,411
5130,110151343,.,.,411
5131,110151344,οὐχ,not,412
5132,110151345,ὅτι,that,412
5133,110151346,τὸν,the,412
5134,110151347,πατέρα,father,412
5135,110151348,ἑώρακέν,has seen,412
5136,110151349,τις,anyone,412
5137,110151350,",",",",412
5138,110151351,εἰ,only,412
5139,110151352,μὴ,not,412
5140,110151353,ὁ,the,412
5141,110151354,ὢν,being,412
5142,110151355,παρὰ,from,412
5143,110151356,τοῦ,of the,412
5144,110151357,θεοῦ,of God,412
5145,110151358,",",",",412
5146,110151359,οὗτος,this,412
5147,110151360,ἑώρακεν,has seen,412
5148,110151361,τὸν,the,412
5149,110151362,θεόν,God,412
5150,110151363,.,.,412
5151,110151364,ἀμὴν,truly,413
5152,110151365,ἀμὴν,truly,413
5153,110151366,λέγω,I say,413
5154,110151367,ὑμῖν,you,413
5155,110151368,",",",",413
5156,110151369,ὁ,the,413
5157,110151370,πιστεύων,believing,413
5158,110151371,ἔχει,has,413
5159,110151372,ζωὴν,life,413
5160,110151373,αἰώνιον,eternal,413
5161,110151374,.,.,413
5162,110151375,ἐγώ,I,414
5163,110151376,εἰμι,am,414
5164,110151377,ὁ,the,414
5165,110151378,ἄρτος,bread,414
5166,110151379,τῆς,of the,414
5167,110151380,ζωῆς,life,414
5168,110151381,.,.,414
5169,110151382,οἱ,the,415
5170,110151383,πατέρες,fathers,415
5171,110151384,ὑμῶν,your,415
5172,110151385,ἔφαγον,ate,415
5173,110151386,ἐν,in,415
5174,110151387,τῇ,the,415
5175,110151388,ἐρήμῳ,wilderness,415
5176,110151389,τὸ,the,415
5177,110151390,μάννα,manna,415
5178,110151391,καὶ,and,415
5179,110151392,ἀπέθανον,died,415
5180,110151393,.,.,415
5181,110151394,οὗτός,this,416
5182,110151395,ἐστιν,is,416
5183,110151396,ὁ,the,416
5184,110151397,ἄρτος,bread,416
5185,110151398,ὁ,the,416
5186,110151399,ἐκ,from,416
5187,110151400,τοῦ,the,416
5188,110151401,οὐρανοῦ,heaven,416
5189,110151402,καταβαίνων,coming down,416
5190,110151403,",",",",416
5191,110151404,ἵνα,so that,416
5192,110151405,τις,anyone,416
5193,110151406,ἐξ,out of,416
5194,110151407,αὐτοῦ,of it,416
5195,110151408,φάγῃ,eat,416
5196,110151409,καὶ,and,416
5197,110151410,μὴ,not,416
5198,110151411,ἀποθάνῃ,die,416
5199,110151412,.,.,416
5200,110151413,ἐγώ,I,417
5201,110151414,εἰμι,am,417
5202,110151415,ὁ,the,417
5203,110151416,ἄρτος,bread,417
5204,110151417,ὁ,the,417
5205,110151418,ζῶν,living,417
5206,110151419,ὁ,the,417
5207,110151420,ἐκ,out of,417
5208,110151421,τοῦ,the,417
5209,110151422,οὐρανοῦ,heaven,417
5210,110151423,καταβάς,coming down,417
5211,110151424,.,.,417
5212,110151425,ἐάν,if,418
5213,110151426,τις,anyone,418
5214,110151427,φάγῃ,eat,418
5215,110151428,ἐκ,from,418
5216,110151429,τοῦ,of the,418
5217,110151430,ἐμοῦ,my,418
5218,110151431,ἄρτου,bread,418
5219,110151432,",",",",418
5220,110151433,ζήσει,will live,418
5221,110151434,εἰς,into,418
5222,110151435,τὸν,the,418
5223,110151436,αἰῶνα,age,418
5224,110151437,.,.,418
5225,110151438,καὶ,and,419
5226,110151439,ὁ,the,419
5227,110151440,ἄρτος,bread,419
5228,110151441,δὲ,but,419
5229,110151442,ὃν,which,419
5230,110151443,ἐγὼ,I,419
5231,110151444,δώσω,will give,419
5232,110151445,ὑπὲρ,for,419
5233,110151446,τῆς,the,419
5234,110151447,τοῦ,of the,419
5235,110151448,κόσμου,of the world,419
5236,110151449,ζωῆς,life,419
5237,110151450,",",",",419
5238,110151451,ἡ,the,419
5239,110151452,σάρξ,flesh,419
5240,110151453,μου,my,419
5241,110151454,ἐστίν,is,419
5242,110151455,.,.,419
5243,110151456,ἐμάχοντο,were fighting,420
5244,110151457,οὖν,therefore,420
5245,110151458,πρὸς,against,420
5246,110151459,ἀλλήλους,one another,420
5247,110151460,οἱ,the,420
5248,110151461,Ἰουδαῖοι,Jews,420
5249,110151462,λέγοντες,saying,420
5250,110151463,.,.,420
5251,110151464,πῶς,how,421
5252,110151465,δύναται,can,421
5253,110151466,ἡμῖν,to us,421
5254,110151467,οὗτος,this,421
5255,110151468,δοῦναι,to give,421
5256,110151469,τὴν,the,421
5257,110151470,σάρκα,flesh,421
5258,110151471,φαγεῖν,to eat,421
5259,110151472,;,?,421
5260,110151473,εἶπεν,said,422
5261,110151474,οὖν,therefore,422
5262,110151475,αὐτοῖς,them,422
5263,110151476,ὁ,the,422
5264,110151477,Ἰησοῦς,Jesus,422
5265,110151478,.,.,422
5266,110151479,ἀμὴν,Amen,423
5267,110151480,ἀμὴν,Amen,423
5268,110151481,λέγω,I say,423
5269,110151482,ὑμῖν,you,423
5270,110151483,",",",",423
5271,110151484,ἐὰν,if,423
5272,110151485,μὴ,not,423
5273,110151486,φάγητε,you eat,423
5274,110151487,τὴν,the,423
5275,110151488,σάρκα,flesh,423
5276,110151489,τοῦ,of the,423
5277,110151490,υἱοῦ,of Son,423
5278,110151491,τοῦ,of the,423
5279,110151492,ἀνθρώπου,of man,423
5280,110151493,καὶ,and,423
5281,110151494,πίητε,drink,423
5282,110151495,αὐτοῦ,his,423
5283,110151496,τὸ,the,423
5284,110151497,αἷμα,blood,423
5285,110151498,",",",",423
5286,110151499,οὐκ,not,423
5287,110151500,ἔχετε,have,423
5288,110151501,ζωὴν,life,423
5289,110151502,ἐν,in,423
5290,110151503,ἑαυτοῖς,yourselves,423
5291,110151504,.,.,423
5292,110151505,ὁ,the,424
5293,110151506,τρώγων,eating,424
5294,110151507,μου,my,424
5295,110151508,τὴν,the,424
5296,110151509,σάρκα,flesh,424
5297,110151510,καὶ,and,424
5298,110151511,πίνων,drinking,424
5299,110151512,μου,my,424
5300,110151513,τὸ,the,424
5301,110151514,αἷμα,blood,424
5302,110151515,ἔχει,has,424
5303,110151516,ζωὴν,life,424
5304,110151517,αἰώνιον,eternal,424
5305,110151518,",",",",424
5306,110151519,κα-,and,424
5307,110151520,κἀγὼ,and I,424
5308,110151521,ἀναστήσω,will raise up,424
5309,110151522,αὐτὸν,him,424
5310,110151523,τῇ,the,424
5311,110151524,ἐσχάτῃ,last,424
5312,110151525,ἡμέρᾳ,day,424
5313,110151526,.,.,424
5314,110151527,ἡ,the,425
5315,110151528,γὰρ,for,425
5316,110151529,σάρξ,flesh,425
5317,110151530,μου,my,425
5318,110151531,ἀληθής,true,425
5319,110151532,ἐστιν,is,425
5320,110151533,βρῶσις,food,425
5321,110151534,",",",",425
5322,110151535,καὶ,and,425
5323,110151536,τὸ,the,425
5324,110151537,αἷμά,blood,425
5325,110151538,μου,my,425
5326,110151539,ἀληθής,true,425
5327,110151540,ἐστιν,is,425
5328,110151541,πόσις,drink,425
5329,110151542,.,.,425
5330,110151543,ὁ,the,426
5331,110151544,τρώγων,eating,426
5332,110151545,μου,my,426
5333,110151546,τὴν,the,426
5334,110151547,σάρκα,flesh,426
5335,110151548,καὶ,and,426
5336,110151549,πίνων,drinking,426
5337,110151550,μου,my,426
5338,110151551,τὸ,the,426
5339,110151552,αἷμα,blood,426
5340,110151553,ἐν,in,426
5341,110151554,ἐμοὶ,me,426
5342,110151555,μένει,remains,426
5343,110151556,κα-,and,426
5344,110151557,κἀγὼ,and I,426
5345,110151558,ἐν,in,426
5346,110151559,αὐτῷ,him,426
5347,110151560,.,.,426
5348,110151561,καθὼς,just as,427
5349,110151562,ἀπέστειλέν,sent,427
5350,110151563,με,me,427
5351,110151564,ὁ,the,427
5352,110151565,ζῶν,living,427
5353,110151566,πατὴρ,father,427
5354,110151567,κα-,and,427
5355,110151568,κἀγὼ,and I,427
5356,110151569,ζῶ,live,427
5357,110151570,διὰ,on account of,427
5358,110151571,τὸν,the,427
5359,110151572,πατέρα,father,427
5360,110151573,",",",",427
5361,110151574,καὶ,and,427
5362,110151575,ὁ,the,427
5363,110151576,τρώγων,eating,427
5364,110151577,με,me,427
5365,110151578,κα-,and,427
5366,110151579,κἀκεῖνος,he too,427
5367,110151580,ζήσει,will live,427
5368,110151581,δι’,through,427
5369,110151582,ἐμέ,me,427
5370,110151583,.,.,427
5371,110151584,οὗτός,this,428
5372,110151585,ἐστιν,is,428
5373,110151586,ὁ,the,428
5374,110151587,ἄρτος,bread,428
5375,110151588,ὁ,the,428
5376,110151589,ἐξ,from,428
5377,110151590,οὐρανοῦ,heaven,428
5378,110151591,καταβάς,coming down,428
5379,110151592,",",",",428
5380,110151593,οὐ,not,428
5381,110151594,καθὼς,just as,428
5382,110151595,ἔφαγον,ate,428
5383,110151596,οἱ,the,428
5384,110151597,πατέρες,fathers,428
5385,110151598,καὶ,and,428
5386,110151599,ἀπέθανον,died,428
5387,110151600,.,.,428
5388,110151601,ὁ,the,429
5389,110151602,τρώγων,eating,429
5390,110151603,τοῦτον,this,429
5391,110151604,τὸν,the,429
5392,110151605,ἄρτον,bread,429
5393,110151606,ζήσει,will live,429
5394,110151607,εἰς,into,429
5395,110151608,τὸν,the,429
5396,110151609,αἰῶνα,age,429
5397,110151610,.,.,429
5398,110151611,ταῦτα,these,430
5399,110151612,εἶπεν,said,430
5400,110151613,ἐν,in,430
5401,110151614,συναγωγῇ,synagogue,430
5402,110151615,διδάσκων,teaching,430
5403,110151616,ἐν,in,430
5404,110151617,Καφαρναούμ,Capernaum,430
5405,110151618,.,.,430
5406,110151619,πολλοὶ,many,431
5407,110151620,οὖν,therefore,431
5408,110151621,ἀκούσαντες,having heard,431
5409,110151622,ἐκ,out of,431
5410,110151623,τῶν,the,431
5411,110151624,μαθητῶν,disciples,431
5412,110151625,αὐτοῦ,his,431
5413,110151626,εἶπον,said,431
5414,110151627,.,.,431
5415,110151628,σκληρός,hard,432
5416,110151629,ἐστιν,is,432
5417,110151630,ὁ,the,432
5418,110151631,λόγος,word,432
5419,110151632,οὗτος,this,432
5420,110151633,.,.,432
5421,110151634,τίς,who,433
5422,110151635,δύναται,is able,433
5423,110151636,αὐτοῦ,him,433
5424,110151637,ἀκούειν,to hear,433
5425,110151638,;,?,433
5426,110151639,εἰδὼς,knowing,434
5427,110151640,δὲ,but,434
5428,110151641,ὁ,the,434
5429,110151642,Ἰησοῦς,Jesus,434
5430,110151643,ἐν,in,434
5431,110151644,ἑαυτῷ,himself,434
5432,110151645,ὅτι,that,434
5433,110151646,γογγύζουσιν,are grumbling,434
5434,110151647,περὶ,about,434
5435,110151648,τούτου,of this,434
5436,110151649,οἱ,the,434
5437,110151650,μαθηταὶ,disciples,434
5438,110151651,αὐτοῦ,his,434
5439,110151652,εἶπεν,said,434
5440,110151653,αὐτοῖς,them,434
5441,110151654,.,.,434
5442,110151655,τοῦτο,this,435
5443,110151656,ὑμᾶς,you,435
5444,110151657,σκανδαλίζει,causes to stumble,435
5445,110151658,;,?,435
5446,110151659,ἐὰν,if,436
5447,110151660,οὖν,then,436
5448,110151661,θεωρῆτε,you see,436
5449,110151662,τὸν,the,436
5450,110151663,υἱὸν,son,436
5451,110151664,τοῦ,of the,436
5452,110151665,ἀνθρώπου,of man,436
5453,110151666,ἀναβαίνοντα,ascending,436
5454,110151667,ὅπου,where,436
5455,110151668,ἦν,was,436
5456,110151669,τὸ,the,436
5457,110151670,πρότερον,before,436
5458,110151671,;,?,436
5459,110151672,τὸ,the,437
5460,110151673,πνεῦμά,spirit,437
5461,110151674,ἐστιν,is,437
5462,110151675,τὸ,the,437
5463,110151676,ζῳοποιοῦν,life-giving,437
5464,110151677,",",",",437
5465,110151678,ἡ,the,437
5466,110151679,σὰρξ,flesh,437
5467,110151680,οὐκ,not,437
5468,110151681,ὠφελεῖ,benefits,437
5469,110151682,οὐδέν,nothing,437
5470,110151683,.,.,437
5471,110151684,τὰ,the,438
5472,110151685,ῥήματα,words,438
5473,110151686,ἃ,which,438
5474,110151687,ἐγὼ,I,438
5475,110151688,λελάληκα,have spoken,438
5476,110151689,ὑμῖν,you,438
5477,110151690,πνεῦμά,spirit,438
5478,110151691,ἐστιν,is,438
5479,110151692,καὶ,and,438
5480,110151693,ζωή,life,438
5481,110151694,ἐστιν,is,438
5482,110151695,.,.,438
5483,110151696,ἀλλ’,but,439
5484,110151697,εἰσὶν,are,439
5485,110151698,ἐξ,from,439
5486,110151699,ὑμῶν,of you,439
5487,110151700,τινες,some,439
5488,110151701,οἳ,those who,439
5489,110151702,οὐ,not,439
5490,110151703,πιστεύουσιν,believe,439
5491,110151704,.,.,439
5492,110151705,ᾔδει,knew,440
5493,110151706,γὰρ,for,440
5494,110151707,ἐξ,from,440
5495,110151708,ἀρχῆς,beginning,440
5496,110151709,ὁ,the,440
5497,110151710,Ἰησοῦς,Jesus,440
5498,110151711,τίνες,who,440
5499,110151712,εἰσὶν,are,440
5500,110151713,οἱ,the,440
5501,110151714,μὴ,not,440
5502,110151715,πιστεύοντες,believing,440
5503,110151716,καὶ,and,440
5504,110151717,τίς,who,440
5505,110151718,ἐστιν,is,440
5506,110151719,ὁ,the,440
5507,110151720,παραδώσων,the one who will betray,440
5508,110151721,αὐτόν,him,440
5509,110151722,.,.,440
5510,110151723,καὶ,and,441
5511,110151724,ἔλεγεν,he was saying,441
5512,110151725,.,.,441
5513,110151726,διὰ,because,442
5514,110151727,τοῦτο,this,442
5515,110151728,εἴρηκα,I have said,442
5516,110151729,ὑμῖν,to you,442
5517,110151730,ὅτι,that,442
5518,110151731,οὐδεὶς,no one,442
5519,110151732,δύναται,is able,442
5520,110151733,ἐλθεῖν,to come,442
5521,110151734,πρός,to,442
5522,110151735,ἐμὲ,me,442
5523,110151736,ἐὰν,if,442
5524,110151737,μὴ,not,442
5525,110151738,ᾖ,is,442
5526,110151739,δεδομένον,having been given,442
5527,110151740,αὐτῷ,to him,442
5528,110151741,ἐκ,from,442
5529,110151742,τοῦ,the,442
5530,110151743,πατρός,father,442
5531,110151744,.,.,442
5532,110151745,ἐκ,from,443
5533,110151746,τούτου,this,443
5534,110151747,οὖν,therefore,443
5535,110151748,πολλοὶ,many,443
5536,110151749,τῶν,the,443
5537,110151750,μαθητῶν,disciples,443
5538,110151751,αὐτοῦ,his,443
5539,110151752,ἀπῆλθον,went away,443
5540,110151753,εἰς,to,443
5541,110151754,τὰ,the,443
5542,110151755,ὀπίσω,behind,443
5543,110151756,καὶ,and,443
5544,110151757,οὐκέτι,no longer,443
5545,110151758,μετ’,with,443
5546,110151759,αὐτοῦ,him,443
5547,110151760,περιεπάτουν,were walking about,443
5548,110151761,.,.,443
5549,110151762,εἶπεν,said,444
5550,110151763,οὖν,then,444
5551,110151764,ὁ,the,444
5552,110151765,Ἰησοῦς,Jesus,444
5553,110151766,τοῖς,the,444
5554,110151767,δώδεκα,twelve,444
5555,110151768,.,.,444
5556,110151769,μὴ,not,445
5557,110151770,καὶ,also,445
5558,110151771,ὑμεῖς,you,445
5559,110151772,θέλετε,want,445
5560,110151773,ὑπάγειν,to go away,445
5561,110151774,;,?,445
5562,110151775,ἀπεκρίθη,answered,446
5563,110151776,αὐτῷ,him,446
5564,110151777,Σίμων,Simon,446
5565,110151778,Πέτρος,Peter,446
5566,110151779,.,.,446
5567,110151780,κύριε,Sir,447
5568,110151781,",",",",447
5569,110151782,πρὸς,toward,447
5570,110151783,τίνα,whom,447
5571,110151784,ἀπελευσόμεθα,shall we go away,447
5572,110151785,;,;,447
5573,110151786,ῥήματα,words,448
5574,110151787,ζωῆς,of life,448
5575,110151788,αἰωνίου,eternal,448
5576,110151789,ἔχεις,you have,448
5577,110151790,.,.,448
5578,110151791,καὶ,and,449
5579,110151792,ἡμεῖς,we,449
5580,110151793,πεπιστεύκαμεν,have believed,449
5581,110151794,καὶ,and,449
5582,110151795,ἐγνώκαμεν,we have come to know,449
5583,110151796,ὅτι,that,449
5584,110151797,σὺ,you,449
5585,110151798,εἶ,are,449
5586,110151799,ὁ,the,449
5587,110151800,ἅγιος,holy,449
5588,110151801,τοῦ,of,449
5589,110151802,θεοῦ,of God,449
5590,110151803,.,.,449
5591,110151804,ἀπεκρίθη,answered,450
5592,110151805,αὐτοῖς,them,450
5593,110151806,.,.,450
5594,110151807,οὐκ,not,451
5595,110151808,ἐγὼ,I,451
5596,110151809,ὑμᾶς,you,451
5597,110151810,τοὺς,the,451
5598,110151811,δώδεκα,twelve,451
5599,110151812,ἐξελεξάμην,I chose,451
5600,110151813,;,?,451
5601,110151814,καὶ,and,452
5602,110151815,ἐξ,from,452
5603,110151816,ὑμῶν,you,452
5604,110151817,εἷς,one,452
5605,110151818,διάβολός,devil,452
5606,110151819,ἐστιν,is,452
5607,110151820,.,.,452
5608,110151821,ἔλεγεν,was saying,453
5609,110151822,δὲ,but,453
5610,110151823,τὸν,the,453
5611,110151824,Ἰούδαν,Judas,453
5612,110151825,Σίμωνος,Simon's,453
5613,110151826,Ἰσκαριώτου,of Karioth,453
5614,110151827,.,.,453
5615,110151828,οὗτος,he,454
5616,110151829,γὰρ,for,454
5617,110151830,ἔμελλεν,was about to,454
5618,110151831,αὐτὸν,him,454
5619,110151832,παραδιδόναι,to hand over,454
5620,110151833,",",",",454
5621,110151834,εἷς,one,454
5622,110151835,ὢν,who,454
5623,110151836,ἐκ,from,454
5624,110151837,τῶν,of the,454
5625,110151838,δώδεκα,twelve,454
5626,110151839,.,.,454
5627,110151840,μετὰ,after,455
5628,110151841,ταῦτα,these things,455
5629,110151842,περιεπάτει,was walking,455
5630,110151843,ὁ,the,455
5631,110151844,Ἰησοῦς,Jesus,455
5632,110151845,ἐν,in,455
5633,110151846,τῇ,the,455
5634,110151847,Γαλιλαίᾳ,Galilee,455
5635,110151848,.,.,455
5636,110151849,οὐ,not,456
5637,110151850,γὰρ,for,456
5638,110151851,ἤθελεν,was willing,456
5639,110151852,ἐν,in,456
5640,110151853,τῇ,the,456
5641,110151854,Ἰουδαίᾳ,Judea,456
5642,110151855,περιπατεῖν,to walk about,456
5643,110151856,",",",",456
5644,110151857,ὅτι,because,456
5645,110151858,ἐζήτουν,were seeking,456
5646,110151859,αὐτὸν,him,456
5647,110151860,οἱ,the,456
5648,110151861,Ἰουδαῖοι,Jews,456
5649,110151862,ἀποκτεῖναι,to kill,456
5650,110151863,.,.,456
5651,110151864,ἦν,was,457
5652,110151865,δὲ,but,457
5653,110151866,ἐγγὺς,near,457
5654,110151867,ἡ,the,457
5655,110151868,ἑορτὴ,festival,457
5656,110151869,τῶν,of the,457
5657,110151870,Ἰουδαίων,of the Jews,457
5658,110151871,ἡ,the,457
5659,110151872,σκηνοπηγία,Festival of Tabernacles,457
5660,110151873,.,.,457
5661,110151874,εἶπον,said,458
5662,110151875,οὖν,then,458
5663,110151876,πρὸς,to,458
5664,110151877,αὐτὸν,him,458
5665,110151878,οἱ,the,458
5666,110151879,ἀδελφοὶ,brothers,458
5667,110151880,αὐτοῦ,his,458
5668,110151881,.,.,458
5669,110151882,μετάβηθι,go,459
5670,110151883,ἐντεῦθεν,from here,459
5671,110151884,καὶ,and,459
5672,110151885,ὕπαγε,go,459
5673,110151886,εἰς,to,459
5674,110151887,τὴν,the,459
5675,110151888,Ἰουδαίαν,Judea,459
5676,110151889,",",",",459
5677,110151890,ἵνα,so that,459
5678,110151891,καὶ,and,459
5679,110151892,οἱ,the,459
5680,110151893,μαθηταί,disciples,459
5681,110151894,σου,your,459
5682,110151895,θεωρήσουσιν,they will see,459
5683,110151896,τὰ,the,459
5684,110151897,ἔργα,works,459
5685,110151898,σου,your,459
5686,110151899,ἃ,which,459
5687,110151900,ποιεῖς,you are doing,459
5688,110151901,.,.,459
5689,110151902,οὐδεὶς,no one,460
5690,110151903,γάρ,for,460
5691,110151904,τι,anything,460
5692,110151905,ἐν,in,460
5693,110151906,κρυπτῷ,secretly,460
5694,110151907,ποιεῖ,does,460
5695,110151908,καὶ,and,460
5696,110151909,ζητεῖ,seeks,460
5697,110151910,αὐτὸς,he,460
5698,110151911,ἐν,in,460
5699,110151912,παρρησίᾳ,boldly,460
5700,110151913,εἶναι,to be,460
5701,110151914,.,.,460
5702,110151915,εἰ,if,461
5703,110151916,ταῦτα,these,461
5704,110151917,ποιεῖς,do,461
5705,110151918,",",",",461
5706,110151919,φανέρωσον,make known,461
5707,110151920,σεαυτὸν,yourself,461
5708,110151921,τῷ,the,461
5709,110151922,κόσμῳ,universe,461
5710,110151923,.,.,461
5711,110151924,οὐ,not,462
5712,110151925,-δὲ,and,462
5713,110151926,γὰρ,for,462
5714,110151927,οἱ,the,462
5715,110151928,ἀδελφοὶ,brothers,462
5716,110151929,αὐτοῦ,his,462
5717,110151930,ἐπίστευον,believed,462
5718,110151931,εἰς,into,462
5719,110151932,αὐτόν,him,462
5720,110151933,.,.,462
5721,110151934,λέγει,says,463
5722,110151935,αὐτοῖς,them,463
5723,110151936,ὁ,the,463
5724,110151937,Ἰησοῦς,Jesus,463
5725,110151938,.,.,463
5726,110151939,ὁ,the,464
5727,110151940,καιρὸς,time,464
5728,110151941,ὁ,the,464
5729,110151942,ἐμὸς,my,464
5730,110151943,οὔπω,not yet,464
5731,110151944,πάρεστιν,is present,464
5732,110151945,",",",",464
5733,110151946,ὁ,the,464
5734,110151947,δὲ,but,464
5735,110151948,καιρὸς,time,464
5736,110151949,ὁ,the,464
5737,110151950,ὑμέτερος,your,464
5738,110151951,πάντοτέ,always,464
5739,110151952,ἐστιν,is,464
5740,110151953,ἕτοιμος,ready,464
5741,110151954,.,.,464
5742,110151955,οὐ,not,465
5743,110151956,δύναται,is able,465
5744,110151957,ὁ,the,465
5745,110151958,κόσμος,world,465
5746,110151959,μισεῖν,to hate,465
5747,110151960,ὑμᾶς,you,465
5748,110151961,",",",",465
5749,110151962,ἐμὲ,me,465
5750,110151963,δὲ,but,465
5751,110151964,μισεῖ,hates,465
5752,110151965,",",",",465
5753,110151966,ὅτι,because,465
5754,110151967,ἐγὼ,I,465
5755,110151968,μαρτυρῶ,I testify,465
5756,110151969,περὶ,concerning,465
5757,110151970,αὐτοῦ,of him,465
5758,110151971,ὅτι,that,465
5759,110151972,τὰ,the,465
5760,110151973,ἔργα,works,465
5761,110151974,αὐτοῦ,his,465
5762,110151975,πονηρά,wicked,465
5763,110151976,ἐστιν,are,465
5764,110151977,.,.,465
5765,110151978,ὑμεῖς,you,466
5766,110151979,ἀνάβητε,go up,466
5767,110151980,εἰς,to,466
5768,110151981,τὴν,the,466
5769,110151982,ἑορτήν,festival,466
5770,110151983,.,.,466
5771,110151984,ἐγὼ,I,467
5772,110151985,οὐκ,not,467
5773,110151986,ἀναβαίνω,go up,467
5774,110151987,εἰς,to,467
5775,110151988,τὴν,the,467
5776,110151989,ἑορτὴν,festival,467
5777,110151990,ταύτην,this,467
5778,110151991,",",",",467
5779,110151992,ὅτι,because,467
5780,110151993,ὁ,my,467
5781,110151994,ἐμὸς,my,467
5782,110151995,καιρὸς,time,467
5783,110151996,οὔπω,not yet,467
5784,110151997,πεπλήρωται,has been fulfilled,467
5785,110151998,.,.,467
5786,110151999,ταῦτα,these things,468
5787,110152000,εἰπὼν,saying,468
5788,110152001,αὐτὸς,he,468
5789,110152002,ἔμεινεν,remained,468
5790,110152003,ἐν,in,468
5791,110152004,τῇ,the,468
5792,110152005,Γαλιλαίᾳ,Galilee,468
5793,110152006,.,.,468
5794,110152007,ὡς,when,469
5795,110152008,δὲ,then,469
5796,110152009,ἀνέβησαν,went up,469
5797,110152010,οἱ,the,469
5798,110152011,ἀδελφοὶ,brothers,469
5799,110152012,αὐτοῦ,his,469
5800,110152013,εἰς,to,469
5801,110152014,τὴν,the,469
5802,110152015,ἑορτήν,festival,469
5803,110152016,",",",",469
5804,110152017,τότε,then,469
5805,110152018,καὶ,also,469
5806,110152019,αὐτὸς,he,469
5807,110152020,ἀνέβη,went up,469
5808,110152021,",",",",469
5809,110152022,οὐ,not,469
5810,110152023,φανερῶς,openly,469
5811,110152024,ἀλλ',but,469
5812,110152025,ἐν,in,469
5813,110152026,κρυπτῷ,secretly,469
5814,110152027,.,.,469
5815,110152028,οἱ,the,470
5816,110152029,οὖν,therefore,470
5817,110152030,Ἰουδαῖοι,Jews,470
5818,110152031,ἐζήτουν,were seeking,470
5819,110152032,αὐτὸν,him,470
5820,110152033,ἐν,in,470
5821,110152034,τῇ,the,470
5822,110152035,ἑορτῇ,festival,470
5823,110152036,καὶ,and,470
5824,110152037,ἔλεγον,were saying,470
5825,110152038,.,.,470
5826,110152039,ποῦ,where,471
5827,110152040,ἐστιν,is,471
5828,110152041,ἐκεῖνος,that one,471
5829,110152042,;,;,471
5830,110152043,καὶ,and,472
5831,110152044,γογγυσμὸς,grumbling,472
5832,110152045,ἦν,was,472
5833,110152046,περὶ,about,472
5834,110152047,αὐτοῦ,of him,472
5835,110152048,πολὺς,great,472
5836,110152049,ἐν,in,472
5837,110152050,τῷ,the,472
5838,110152051,ὄχλῳ,crowd,472
5839,110152052,.,.,472
5840,110152053,οἱ,they,473
5841,110152054,μὲν,on the one hand,473
5842,110152055,ἔλεγον,were saying,473
5843,110152056,ὅτι,that,473
5844,110152057,ἀγαθός,good,473
5845,110152058,ἐστιν,is,473
5846,110152059,.,.,473
5847,110152060,ἄλλοι,others,474
5848,110152061,ἔλεγον,were saying,474
5849,110152062,.,.,474
5850,110152063,οὔ,no,475
5851,110152064,",",",",475
5852,110152065,ἀλλὰ,but,475
5853,110152066,πλανᾷ,deceives,475
5854,110152067,τὸν,the,475
5855,110152068,ὄχλον,multitude,475
5856,110152069,.,.,475
5857,110152070,οὐδεὶς,no one,476
5858,110152071,μέντοι,however,476
5859,110152072,παρρησίᾳ,boldly,476
5860,110152073,ἐλάλει,spoke,476
5861,110152074,περὶ,about,476
5862,110152075,αὐτοῦ,of him,476
5863,110152076,διὰ,because of,476
5864,110152077,τὸν,the,476
5865,110152078,φόβον,fear,476
5866,110152079,τῶν,of the,476
5867,110152080,Ἰουδαίων,Jews,476
5868,110152081,.,.,476
5869,110152082,ἤδη,already,477
5870,110152083,δὲ,but,477
5871,110152084,τῆς,of the,477
5872,110152085,ἑορτῆς,of the festival,477
5873,110152086,μεσούσης,midday,477
5874,110152087,ἀνέβη,went up,477
5875,110152088,Ἰησοῦς,Jesus,477
5876,110152089,εἰς,into,477
5877,110152090,τὸ,the,477
5878,110152091,ἱερὸν,temple,477
5879,110152092,καὶ,and,477
5880,110152093,ἐδίδασκεν,taught,477
5881,110152094,.,.,477
5882,110152095,ἐθαύμαζον,were amazed,478
5883,110152096,οὖν,therefore,478
5884,110152097,οἱ,the,478
5885,110152098,Ἰουδαῖοι,Jews,478
5886,110152099,λέγοντες,saying,478
5887,110152100,.,.,478
5888,110152101,πῶς,how,479
5889,110152102,οὗτος,this,479
5890,110152103,γράμματα,letters,479
5891,110152104,οἶδεν,knows,479
5892,110152105,μὴ,not,479
5893,110152106,μεμαθηκώς,having learned,479
5894,110152107,;,?,479
5895,110152108,ἀπεκρίθη,answered,480
5896,110152109,οὖν,then,480
5897,110152110,αὐτοῖς,them,480
5898,110152111,Ἰησοῦς,Jesus,480
5899,110152112,καὶ,and,480
5900,110152113,εἶπεν,said,480
5901,110152114,.,.,480
5902,110152115,ἡ,the,481
5903,110152116,ἐμὴ,my,481
5904,110152117,διδαχὴ,teaching,481
5905,110152118,οὐκ,not,481
5906,110152119,ἔστιν,is,481
5907,110152120,ἐμὴ,mine,481
5908,110152121,ἀλλὰ,but,481
5909,110152122,τοῦ,the,481
5910,110152123,πέμψαντός,sent,481
5911,110152124,με,me,481
5912,110152125,.,.,481
5913,110152126,ἐάν,if,482
5914,110152127,τις,anyone,482
5915,110152128,θέλῃ,wishes,482
5916,110152129,τὸ,the,482
5917,110152130,θέλημα,will,482
5918,110152131,αὐτοῦ,his,482
5919,110152132,ποιεῖν,to do,482
5920,110152133,",",",",482
5921,110152134,γνώσεται,will know,482
5922,110152135,περὶ,about,482
5923,110152136,τῆς,of the,482
5924,110152137,διδαχῆς,of the teaching,482
5925,110152138,πότερον,whether,482
5926,110152139,ἐκ,from,482
5927,110152140,θεοῦ,of God,482
5928,110152141,ἐστὶν,is,482
5929,110152142,ἢ,or,482
5930,110152143,ἐγὼ,I,482
5931,110152144,ἀπ’,from,482
5932,110152145,ἐμαυτοῦ,myself,482
5933,110152146,λαλῶ,speak,482
5934,110152147,.,.,482
5935,110152148,ὁ,the,483
5936,110152149,ἀφ’,from,483
5937,110152150,ἑαυτοῦ,himself,483
5938,110152151,λαλῶν,speaking,483
5939,110152152,τὴν,the,483
5940,110152153,δόξαν,glory,483
5941,110152154,τὴν,the,483
5942,110152155,ἰδίαν,own,483
5943,110152156,ζητεῖ,seeks,483
5944,110152157,.,.,483
5945,110152158,ὁ,the,484
5946,110152159,δὲ,but,484
5947,110152160,ζητῶν,seeking,484
5948,110152161,τὴν,the,484
5949,110152162,δόξαν,glory,484
5950,110152163,τοῦ,of the,484
5951,110152164,πέμψαντος,sending,484
5952,110152165,αὐτόν,him,484
5953,110152166,",",",",484
5954,110152167,οὗτος,this,484
5955,110152168,ἀληθής,true,484
5956,110152169,ἐστιν,is,484
5957,110152170,καὶ,and,484
5958,110152171,ἀδικία,wrongdoing,484
5959,110152172,ἐν,in,484
5960,110152173,αὐτῷ,him,484
5961,110152174,οὐκ,not,484
5962,110152175,ἔστιν,is,484
5963,110152176,.,.,484
5964,110152177,οὐ,not,485
5965,110152178,Μωϋσῆς,Moses,485
5966,110152179,δέδωκεν,has given,485
5967,110152180,ὑμῖν,you,485
5968,110152181,τὸν,the,485
5969,110152182,νόμον,law,485
5970,110152183,;,?,485
5971,110152184,καὶ,and,486
5972,110152185,οὐδεὶς,no one,486
5973,110152186,ἐξ,from,486
5974,110152187,ὑμῶν,of you,486
5975,110152188,ποιεῖ,does,486
5976,110152189,τὸν,the,486
5977,110152190,νόμον,law,486
5978,110152191,.,.,486
5979,110152192,τί,why,487
5980,110152193,με,me,487
5981,110152194,ζητεῖτε,you seek,487
5982,110152195,ἀποκτεῖναι,to kill,487
5983,110152196,;,;,487
5984,110152197,ἀπεκρίθη,answered,488
5985,110152198,ὁ,the,488
5986,110152199,ὄχλος,crowd,488
5987,110152200,.,.,488
5988,110152201,δαιμόνιον,a demon,489
5989,110152202,ἔχεις,have,489
5990,110152203,.,.,489
5991,110152204,τίς,who,490
5992,110152205,σε,you,490
5993,110152206,ζητεῖ,is seeking,490
5994,110152207,ἀποκτεῖναι,to kill,490
5995,110152208,;,;,490
5996,110152209,ἀπεκρίθη,answered,491
5997,110152210,Ἰησοῦς,Jesus,491
5998,110152211,καὶ,and,491
5999,110152212,εἶπεν,said,491
6000,110152213,αὐτοῖς,them,491
6001,110152214,.,.,491
6002,110152215,ἓν,one,492
6003,110152216,ἔργον,work,492
6004,110152217,ἐποίησα,I did,492
6005,110152218,καὶ,and,492
6006,110152219,πάντες,all,492
6007,110152220,θαυμάζετε,you wonder,492
6008,110152221,.,.,492
6009,110152222,ὁ,the,493
6010,110152223,Μωϋσῆς,Moses,493
6011,110152224,δέδωκεν,has given,493
6012,110152225,ὑμῖν,you,493
6013,110152226,τὴν,the,493
6014,110152227,περιτομήν,circumcision,493
6015,110152228,",",",",493
6016,110152229,οὐχ,not,493
6017,110152230,ὅτι,because,493
6018,110152231,ἐκ,from,493
6019,110152232,τοῦ,the,493
6020,110152233,Μωϋσέως,of Moses,493
6021,110152234,ἐστίν,is,493
6022,110152235,",",",",493
6023,110152236,ἀλλ',but,493
6024,110152237,ἐκ,from,493
6025,110152238,τῶν,of the,493
6026,110152239,πατέρων,fathers,493
6027,110152240,",",",",493
6028,110152241,καὶ,and,493
6029,110152242,ἐν,on,493
6030,110152243,σαββάτῳ,on the sabbath,493
6031,110152244,περιτέμνετε,you circumcise,493
6032,110152245,ἄνθρωπον,a man,493
6033,110152246,.,.,493
6034,110152247,εἰ,if,494
6035,110152248,περιτομὴν,circumcision,494
6036,110152249,λαμβάνει,takes,494
6037,110152250,ἄνθρωπος,man,494
6038,110152251,ἐν,on,494
6039,110152252,σαββάτῳ,on a sabbath,494
6040,110152253,ἵνα,so that,494
6041,110152254,μὴ,not,494
6042,110152255,λυθῇ,be broken,494
6043,110152256,ὁ,the,494
6044,110152257,νόμος,law,494
6045,110152258,ὁ,the,494
6046,110152259,Μωϋσέως,of Moses,494
6047,110152260,",",",",494
6048,110152261,ἐμοὶ,to me,494
6049,110152262,χολᾶτε,become angry,494
6050,110152263,ὅτι,that,494
6051,110152264,ὅλον,whole,494
6052,110152265,ἄνθρωπον,man,494
6053,110152266,ὑγιῆ,healthy,494
6054,110152267,ἐποίησα,made,494
6055,110152268,ἐν,on,494
6056,110152269,σαββάτῳ,on the sabbath,494
6057,110152270,;,?,494
6058,110152271,μὴ,not,495
6059,110152272,κρίνετε,judge,495
6060,110152273,κατ’,according to,495
6061,110152274,ὄψιν,appearance,495
6062,110152275,",",",",495
6063,110152276,ἀλλὰ,but,495
6064,110152277,τὴν,the,495
6065,110152278,δικαίαν,righteous,495
6066,110152279,κρίσιν,judgment,495
6067,110152280,κρίνατε,judge,495
6068,110152281,.,.,495
6069,110152282,ἔλεγον,were saying,496
6070,110152283,οὖν,then,496
6071,110152284,τινες,some,496
6072,110152285,ἐκ,from,496
6073,110152286,τῶν,the,496
6074,110152287,Ἱεροσολυμειτῶν,of the Jerusalemites,496
6075,110152288,.,.,496
6076,110152289,οὐχ,not,497
6077,110152290,οὗτός,this one,497
6078,110152291,ἐστιν,is,497
6079,110152292,ὃν,whom,497
6080,110152293,ζητοῦσιν,seek,497
6081,110152294,ἀποκτεῖναι,to kill,497
6082,110152295,;,?,497
6083,110152296,καὶ,and,498
6084,110152297,ἴδε,behold,498
6085,110152298,παρρησίᾳ,boldly,498
6086,110152299,λαλεῖ,speaks,498
6087,110152300,",",",",498
6088,110152301,καὶ,and,498
6089,110152302,οὐδὲν,nothing,498
6090,110152303,αὐτῷ,him,498
6091,110152304,λέγουσιν,they are saying,498
6092,110152305,.,.,498
6093,110152306,μήποτε,lest,499
6094,110152307,ἀληθῶς,truly,499
6095,110152308,ἔγνωσαν,came to know,499
6096,110152309,οἱ,the,499
6097,110152310,ἄρχοντες,rulers,499
6098,110152311,ὅτι,that,499
6099,110152312,οὗτός,this,499
6100,110152313,ἐστιν,is,499
6101,110152314,ὁ,the,499
6102,110152315,Χριστός,Christ,499
6103,110152316,;,?,499
6104,110152317,ἀλλὰ,but,500
6105,110152318,τοῦτον,this one,500
6106,110152319,οἴδαμεν,we know,500
6107,110152320,πόθεν,from where,500
6108,110152321,ἐστίν,he is,500
6109,110152322,.,.,500
6110,110152323,ὁ,the,501
6111,110152324,δὲ,but,501
6112,110152325,Χριστὸς,Christ,501
6113,110152326,ὅταν,when,501
6114,110152327,ἔρχηται,comes,501
6115,110152328,",",",",501
6116,110152329,οὐδεὶς,no one,501
6117,110152330,γινώσκει,knows,501
6118,110152331,πόθεν,from where,501
6119,110152332,ἐστίν,he is,501
6120,110152333,.,.,501
6121,110152334,ἔκραξεν,cried out,502
6122,110152335,οὖν,therefore,502
6123,110152336,ἐν,in,502
6124,110152337,τῷ,the,502
6125,110152338,ἱερῷ,temple,502
6126,110152339,διδάσκων,teaching,502
6127,110152340,ὁ,the,502
6128,110152341,Ἰησοῦς,Jesus,502
6129,110152342,καὶ,and,502
6130,110152343,λέγων,saying,502
6131,110152344,.,.,502
6132,110152345,κα-,and,503
6133,110152346,κἀμὲ,me,503
6134,110152347,οἴδατε,you know,503
6135,110152348,καὶ,and,503
6136,110152349,οἴδατε,you know,503
6137,110152350,πόθεν,from where,503
6138,110152351,εἰμί,I am,503
6139,110152352,.,.,503
6140,110152353,καὶ,and,504
6141,110152354,ἀπ',from,504
6142,110152355,ἐμαυτοῦ,from myself,504
6143,110152356,οὐκ,not,504
6144,110152357,ἐλήλυθα,I have come,504
6145,110152358,",",",",504
6146,110152359,ἀλλ’,but,504
6147,110152360,ἔστιν,is,504
6148,110152361,ἀληθινὸς,true,504
6149,110152362,ὁ,the,504
6150,110152363,πέμψας,having sent,504
6151,110152364,με,me,504
6152,110152365,",",",",504
6153,110152366,ὃν,whom,504
6154,110152367,ὑμεῖς,you,504
6155,110152368,οὐκ,not,504
6156,110152369,οἴδατε,know,504
6157,110152370,.,.,504
6158,110152371,ἐγὼ,I,505
6159,110152372,οἶδα,know,505
6160,110152373,αὐτόν,him,505
6161,110152374,",",",",505
6162,110152375,ὅτι,that,505
6163,110152376,παρ’,from,505
6164,110152377,αὐτοῦ,him,505
6165,110152378,εἰμι,am,505
6166,110152379,κα-,and,505
6167,110152380,κἀκεῖνός,that one,505
6168,110152381,με,me,505
6169,110152382,ἀπέσταλκεν,has sent,505
6170,110152383,.,.,505
6171,110152384,ἐζήτουν,they were seeking,506
6172,110152385,οὖν,therefore,506
6173,110152386,αὐτὸν,him,506
6174,110152387,πιάσαι,to seize,506
6175,110152388,",",",",506
6176,110152389,καὶ,and,506
6177,110152390,οὐδεὶς,no one,506
6178,110152391,ἐπέβαλεν,tried to lay,506
6179,110152392,ἐπ’,on,506
6180,110152393,αὐτὸν,him,506
6181,110152394,τὴν,the,506
6182,110152395,χεῖρα,hand,506
6183,110152396,",",",",506
6184,110152397,ὅτι,because,506
6185,110152398,οὔπω,not yet,506
6186,110152399,ἐληλύθει,had come,506
6187,110152400,ἡ,the,506
6188,110152401,ὥρα,hour,506
6189,110152402,αὐτοῦ,his,506
6190,110152403,.,.,506
6191,110152404,πολλοὶ,many,507
6192,110152405,δὲ,but,507
6193,110152406,ἐπίστευσαν,believed,507
6194,110152407,ἐκ,out of,507
6195,110152408,τοῦ,the,507
6196,110152409,ὄχλου,crowd,507
6197,110152410,εἰς,into,507
6198,110152411,αὐτόν,him,507
6199,110152412,",",",",507
6200,110152413,καὶ,and,507
6201,110152414,ἔλεγον,were saying,507
6202,110152415,.,.,507
6203,110152416,ὁ,the,508
6204,110152417,Χριστὸς,Messiah,508
6205,110152418,ὅταν,when,508
6206,110152419,ἔλθῃ,comes,508
6207,110152420,μὴ,not,508
6208,110152421,πλείονα,more,508
6209,110152422,σημεῖα,signs,508
6210,110152423,ποιήσει,will do,508
6211,110152424,ὧν,than those,508
6212,110152425,οὗτος,this,508
6213,110152426,ποιεῖ,does,508
6214,110152427,;,?,508
6215,110152428,ἤκουσαν,heard,509
6216,110152429,οἱ,the,509
6217,110152430,Φαρισαῖοι,Pharisees,509
6218,110152431,τοῦ,of the,509
6219,110152432,ὄχλου,of the crowd,509
6220,110152433,γογγύζοντος,murmuring,509
6221,110152434,περὶ,about,509
6222,110152435,αὐτοῦ,about him,509
6223,110152436,ταῦτα,these things,509
6224,110152437,",",",",509
6225,110152438,καὶ,and,509
6226,110152439,ἀπέστειλαν,sent,509
6227,110152440,ὑπηρέτας,officers,509
6228,110152441,οἱ,the,509
6229,110152442,ἀρχιερεῖς,high priests,509
6230,110152443,καὶ,and,509
6231,110152444,οἱ,the,509
6232,110152445,Φαρισαῖοι,Pharisees,509
6233,110152446,ἵνα,that,509
6234,110152447,πιάσωσιν,seize,509
6235,110152448,αὐτόν,him,509
6236,110152449,.,.,509
6237,110152450,εἶπεν,said,510
6238,110152451,οὖν,therefore,510
6239,110152452,ὁ,the,510
6240,110152453,Ἰησοῦς,Jesus,510
6241,110152454,.,.,510
6242,110152455,ἔτι,yet,511
6243,110152456,χρόνον,time,511
6244,110152457,μικρὸν,little,511
6245,110152458,μεθ’,with,511
6246,110152459,ὑμῶν,you,511
6247,110152460,εἰμι,am,511
6248,110152461,καὶ,and,511
6249,110152462,ὑπάγω,go away,511
6250,110152463,πρὸς,to,511
6251,110152464,τὸν,the,511
6252,110152465,πέμψαντά,sending,511
6253,110152466,με,me,511
6254,110152467,.,.,511
6255,110152468,ζητήσετέ,you will seek,512
6256,110152469,με,me,512
6257,110152470,καὶ,and,512
6258,110152471,οὐχ,not,512
6259,110152472,εὑρήσετε,you will find,512
6260,110152473,",",",",512
6261,110152474,καὶ,and,512
6262,110152475,ὅπου,where,512
6263,110152476,εἰμὶ,am,512
6264,110152477,ἐγὼ,I,512
6265,110152478,ὑμεῖς,you,512
6266,110152479,οὐ,not,512
6267,110152480,δύνασθε,you are able,512
6268,110152481,ἐλθεῖν,to come,512
6269,110152482,.,.,512
6270,110152483,εἶπον,said,513
6271,110152484,οὖν,then,513
6272,110152485,οἱ,the,513
6273,110152486,Ἰουδαῖοι,Jews,513
6274,110152487,πρὸς,to,513
6275,110152488,ἑαυτούς,themselves,513
6276,110152489,.,.,513
6277,110152490,ποῦ,where,514
6278,110152491,μέλλει,is about to,514
6279,110152492,οὗτος,this,514
6280,110152493,πορεύεσθαι,to go,514
6281,110152494,",",",",514
6282,110152495,ὅτι,that,514
6283,110152496,οὐχ,not,514
6284,110152497,εὑρήσομεν,will find,514
6285,110152498,αὐτόν,him,514
6286,110152499,;,;,514
6287,110152500,μὴ,not,515
6288,110152501,εἰς,into,515
6289,110152502,τὴν,the,515
6290,110152503,διασπορὰν,dispersion,515
6291,110152504,τῶν,of the,515
6292,110152505,Ἑλλήνων,Greeks,515
6293,110152506,μέλλει,is about to,515
6294,110152507,πορεύεσθαι,to travel,515
6295,110152508,καὶ,and,515
6296,110152509,διδάσκειν,to teach,515
6297,110152510,τοὺς,the,515
6298,110152511,Ἕλληνας,Greeks,515
6299,110152512,;,?,515
6300,110152513,τίς,who,516
6301,110152514,ἐστιν,is,516
6302,110152515,ὁ,the,516
6303,110152516,λόγος,word,516
6304,110152517,οὗτος,this,516
6305,110152518,ὃν,whom,516
6306,110152519,εἶπεν,said,516
6307,110152520,.,.,516
6308,110152521,ζητήσετέ,will seek,517
6309,110152522,με,me,517
6310,110152523,καὶ,and,517
6311,110152524,οὐχ,not,517
6312,110152525,εὑρήσετέ,you will find,517
6313,110152526,",",",",517
6314,110152527,καὶ,and,517
6315,110152528,ὅπου,where,517
6316,110152529,εἰμὶ,am,517
6317,110152530,ἐγὼ,I,517
6318,110152531,ὑμεῖς,you,517
6319,110152532,οὐ,not,517
6320,110152533,δύνασθε,you are able,517
6321,110152534,ἐλθεῖν,to come,517
6322,110152535,;,?,517
6323,110152536,ἐν,in,518
6324,110152537,δὲ,but,518
6325,110152538,τῇ,the,518
6326,110152539,ἐσχάτῃ,last,518
6327,110152540,ἡμέρᾳ,day,518
6328,110152541,τῇ,the,518
6329,110152542,μεγάλῃ,great,518
6330,110152543,τῆς,of the,518
6331,110152544,ἑορτῆς,of the festival,518
6332,110152545,εἱστήκει,was standing,518
6333,110152546,ὁ,the,518
6334,110152547,Ἰησοῦς,Jesus,518
6335,110152548,καὶ,and,518
6336,110152549,ἔκραξεν,shouted,518
6337,110152550,λέγων,saying,518
6338,110152551,.,.,518
6339,110152552,ἐάν,if,519
6340,110152553,τις,anyone,519
6341,110152554,διψᾷ,if anyone thirsts,519
6342,110152555,",",",",519
6343,110152556,ἐρχέσθω,let him come,519
6344,110152557,καὶ,and,519
6345,110152558,πινέτω,let him drink,519
6346,110152559,.,.,519
6347,110152560,ὁ,the,520
6348,110152561,πιστεύων,believing,520
6349,110152562,εἰς,into,520
6350,110152563,ἐμέ,me,520
6351,110152564,",",",",520
6352,110152565,καθὼς,just as,520
6353,110152566,εἶπεν,said,520
6354,110152567,ἡ,the,520
6355,110152568,γραφή,Scripture,520
6356,110152569,",",",",520
6357,110152570,ποταμοὶ,rivers,520
6358,110152571,ἐκ,out of,520
6359,110152572,τῆς,the,520
6360,110152573,κοιλίας,of his belly,520
6361,110152574,αὐτοῦ,his,520
6362,110152575,ῥεύσουσιν,will flow,520
6363,110152576,ὕδατος,of water,520
6364,110152577,ζῶντος,living,520
6365,110152578,.,.,520
6366,110152579,τοῦτο,this,521
6367,110152580,δὲ,but,521
6368,110152581,εἶπεν,said,521
6369,110152582,περὶ,about,521
6370,110152583,τοῦ,the,521
6371,110152584,πνεύματος,of spirit,521
6372,110152585,οὗ,which,521
6373,110152586,ἤμελλον,were about to,521
6374,110152587,λαμβάνειν,receive,521
6375,110152588,οἱ,the,521
6376,110152589,πιστεύσοντες,those who will believe,521
6377,110152590,εἰς,into,521
6378,110152591,αὐτόν,him,521
6379,110152592,.,.,521
6380,110152593,οὔπω,not yet,522
6381,110152594,γὰρ,for,522
6382,110152595,ἦν,was,522
6383,110152596,πνεῦμα,spirit,522
6384,110152597,",",",",522
6385,110152598,ὅτι,because,522
6386,110152599,Ἰησοῦς,Jesus,522
6387,110152600,οὐδέπω,not yet,522
6388,110152601,ἐδοξάσθη,was glorified,522
6389,110152602,.,.,522
6390,110152603,ἐκ,out of,523
6391,110152604,τοῦ,the,523
6392,110152605,ὄχλου,crowd,523
6393,110152606,οὖν,then,523
6394,110152607,ἀκούσαντες,having heard,523
6395,110152608,τῶν,of the,523
6396,110152609,λόγων,words,523
6397,110152610,τούτων,these,523
6398,110152611,ἔλεγον,were saying,523
6399,110152612,.,.,523
6400,110152613,οὗτός,this,524
6401,110152614,ἐστιν,is,524
6402,110152615,ἀληθῶς,truly,524
6403,110152616,ὁ,the,524
6404,110152617,προφήτης,prophet,524
6405,110152618,.,.,524
6406,110152619,ἄλλοι,others,525
6407,110152620,ἔλεγον,were saying,525
6408,110152621,.,.,525
6409,110152622,οὗτός,this,526
6410,110152623,ἐστιν,is,526
6411,110152624,ὁ,the,526
6412,110152625,Χριστός,Christ,526
6413,110152626,.,.,526
6414,110152627,ἄλλοι,others,527
6415,110152628,ἔλεγον,were saying,527
6416,110152629,.,.,527
6417,110152630,μὴ,not,528
6418,110152631,γὰρ,for,528
6419,110152632,ἐκ,from,528
6420,110152633,τῆς,the,528
6421,110152634,Γαλιλαίας,Galilee,528
6422,110152635,ὁ,the,528
6423,110152636,Χριστὸς,Christ,528
6424,110152637,ἔρχεται,comes,528
6425,110152638,;,?,528
6426,110152639,οὐχ,not,529
6427,110152640,ἡ,the,529
6428,110152641,γραφὴ,Scripture,529
6429,110152642,εἶπεν,said,529
6430,110152643,ὅτι,that,529
6431,110152644,ἐκ,from,529
6432,110152645,τοῦ,of the,529
6433,110152646,σπέρματος,of seed,529
6434,110152647,Δαυεὶδ,of David,529
6435,110152648,καὶ,and,529
6436,110152649,ἀπὸ,from,529
6437,110152650,Βηθλεὲμ,Bethlehem,529
6438,110152651,τῆς,the,529
6439,110152652,κώμης,village,529
6440,110152653,ὅπου,where,529
6441,110152654,ἦν,was,529
6442,110152655,Δαυείδ,David,529
6443,110152656,",",",",529
6444,110152657,ὁ,the,529
6445,110152658,Χριστὸς,Christ,529
6446,110152659,ἔρχεται,comes,529
6447,110152660,;,?,529
6448,110152661,σχίσμα,schism,530
6449,110152662,οὖν,therefore,530
6450,110152663,ἐγένετο,came about,530
6451,110152664,ἐν,in,530
6452,110152665,τῷ,the,530
6453,110152666,ὄχλῳ,crowd,530
6454,110152667,δι’,because of,530
6455,110152668,αὐτόν,him,530
6456,110152669,.,.,530
6457,110152670,τινὲς,some,531
6458,110152671,δὲ,but,531
6459,110152672,ἤθελον,wished,531
6460,110152673,ἐξ,out of,531
6461,110152674,αὐτῶν,of them,531
6462,110152675,πιάσαι,to seize,531
6463,110152676,αὐτόν,him,531
6464,110152677,",",",",531
6465,110152678,ἀλλ’,but,531
6466,110152679,οὐδεὶς,no one,531
6467,110152680,ἔβαλεν,threw,531
6468,110152681,ἐπ’,on,531
6469,110152682,αὐτὸν,him,531
6470,110152683,τὰς,the,531
6471,110152684,χεῖρας,hands,531
6472,110152685,.,.,531
6473,110152686,ἦλθον,came,532
6474,110152687,οὖν,therefore,532
6475,110152688,οἱ,the,532
6476,110152689,ὑπηρέται,officers,532
6477,110152690,πρὸς,to,532
6478,110152691,τοὺς,the,532
6479,110152692,ἀρχιερεῖς,chief priests,532
6480,110152693,καὶ,and,532
6481,110152694,Φαρισαίους,Pharisees,532
6482,110152695,",",",",532
6483,110152696,καὶ,and,532
6484,110152697,εἶπον,said,532
6485,110152698,αὐτοῖς,them,532
6486,110152699,ἐκεῖνοι,they,532
6487,110152700,",",",",532
6488,110152701,διὰ,why,532
6489,110152702,τί,why,532
6490,110152703,οὐκ,not,532
6491,110152704,ἠγάγετε,you brought,532
6492,110152705,αὐτόν,him,532
6493,110152706,;,;,532
6494,110152707,ἀπεκρίθησαν,they answered,533
6495,110152708,οἱ,the,533
6496,110152709,ὑπηρέται,attendants,533
6497,110152710,.,.,533
6498,110152711,οὐδέποτε,never,534
6499,110152712,ἐλάλησεν,spoke,534
6500,110152713,οὕτως,thus,534
6501,110152714,ἄνθρωπος,man,534
6502,110152715,",",",",534
6503,110152716,ὡς,as,534
6504,110152717,οὗτος,this,534
6505,110152718,λαλεῖ,speaks,534
6506,110152719,ὁ,the,534
6507,110152720,ἄνθρωπος,man,534
6508,110152721,.,.,534
6509,110152722,ἀπεκρίθησαν,they answered,535
6510,110152723,αὐτοῖς,to them,535
6511,110152724,οἱ,the,535
6512,110152725,Φαρισαῖοι,Pharisees,535
6513,110152726,.,.,535
6514,110152727,μὴ,not,536
6515,110152728,καὶ,also,536
6516,110152729,ὑμεῖς,you,536
6517,110152730,πεπλάνησθε,have been misled,536
6518,110152731,;,?,536
6519,110152732,μή,not,537
6520,110152733,τις,anyone,537
6521,110152734,ἐκ,from,537
6522,110152735,τῶν,of the,537
6523,110152736,ἀρχόντων,rulers,537
6524,110152737,ἐπίστευσεν,believed,537
6525,110152738,εἰς,into,537
6526,110152739,αὐτὸν,him,537
6527,110152740,ἢ,or,537
6528,110152741,ἐκ,out of,537
6529,110152742,τῶν,the,537
6530,110152743,Φαρισαίων,Pharisees,537
6531,110152744,;,?,537
6532,110152745,ἀλλὰ,but,538
6533,110152746,ὁ,the,538
6534,110152747,ὄχλος,crowd,538
6535,110152748,οὗτος,this,538
6536,110152749,ὁ,the,538
6537,110152750,μὴ,not,538
6538,110152751,γινώσκων,knowing,538
6539,110152752,τὸν,the,538
6540,110152753,νόμον,law,538
6541,110152754,ἐπάρατοί,cursed,538
6542,110152755,εἰσίν,are,538
6543,110152756,.,.,538
6544,110152757,λέγει,says,539
6545,110152758,Νικόδημος,Nicodemus,539
6546,110152759,πρὸς,to,539
6547,110152760,αὐτούς,them,539
6548,110152761,",",",",539
6549,110152762,εἷς,one,539
6550,110152763,ὢν,one,539
6551,110152764,ἐξ,out of,539
6552,110152765,αὐτῶν,them,539
6553,110152766,.,.,539
6554,110152767,μὴ,not,540
6555,110152768,ὁ,the,540
6556,110152769,νόμος,law,540
6557,110152770,ἡμῶν,our,540
6558,110152771,κρίνει,judges,540
6559,110152772,τὸν,the,540
6560,110152773,ἄνθρωπον,man,540
6561,110152774,ἐὰν,if,540
6562,110152775,μὴ,not,540
6563,110152776,ἀκούσῃ,hear,540
6564,110152777,πρῶτον,first,540
6565,110152778,παρ’,from,540
6566,110152779,αὐτοῦ,of him,540
6567,110152780,καὶ,and,540
6568,110152781,γνῷ,know,540
6569,110152782,τί,anything,540
6570,110152783,ποιεῖ,do,540
6571,110152784,;,?,540
6572,110152785,ἀπεκρίθησαν,answered,541
6573,110152786,καὶ,and,541
6574,110152787,εἶπαν,said,541
6575,110152788,αὐτῷ,him,541
6576,110152789,.,.,541
6577,110152790,μὴ,not,542
6578,110152791,καὶ,also,542
6579,110152792,σὺ,you,542
6580,110152793,ἐκ,from,542
6581,110152794,τῆς,the,542
6582,110152795,Γαλιλαίας,Galilee,542
6583,110152796,εἶ,are,542
6584,110152797,;,?,542
6585,110152798,ἐραύνησον,investigate,543
6586,110152799,καὶ,and,543
6587,110152800,ἴδε,see,543
6588,110152801,ὅτι,that,543
6589,110152802,προφήτης,prophet,543
6590,110152803,ἐκ,from,543
6591,110152804,τῆς,the,543
6592,110152805,Γαλιλαίας,Galilee,543
6593,110152806,οὐκ,not,543
6594,110152807,ἐγείρεται,is raised,543
6595,110152808,.,.,543
6596,110152809,καὶ,and,544
6597,110152810,ἐπορεύθη,went,544
6598,110152811,ἕκαστος,each,544
6599,110152812,εἰς,into,544
6600,110152813,τὸν,the,544
6601,110152814,οἶκον,house,544
6602,110152815,αὐτοῦ,his,544
6603,110152816,.,.,544
6604,110152817,Ἰησοῦς,Jesus,545
6605,110152818,δὲ,but,545
6606,110152819,ἐπορεύθη,went,545
6607,110152820,εἰς,into,545
6608,110152821,τὸ,the,545
6609,110152822,ὄρος,mountain,545
6610,110152823,τῶν,of the,545
6611,110152824,ἐλαιῶν,olives,545
6612,110152825,.,.,545
6613,110152826,ὄρθρου,at morning,546
6614,110152827,δὲ,but,546
6615,110152828,πάλιν,again,546
6616,110152829,παρεγένετο,arrived,546
6617,110152830,εἰς,into,546
6618,110152831,τὸ,the,546
6619,110152832,ἱερόν,temple,546
6620,110152833,",",",",546
6621,110152834,καὶ,and,546
6622,110152835,πᾶς,all,546
6623,110152836,ὁ,the,546
6624,110152837,λαὸς,the crowd,546
6625,110152838,ἤρχετο,was coming,546
6626,110152839,πρὸς,to,546
6627,110152840,αὐτόν,him,546
6628,110152841,",",",",546
6629,110152842,καὶ,and,546
6630,110152843,καθίσας,having sat,546
6631,110152844,ἐδίδασκεν,was teaching,546
6632,110152845,αὐτούς,them,546
6633,110152846,.,.,546
6634,110152847,ἄγουσι,bring,547
6635,110152848,δὲ,but,547
6636,110152849,οἱ,the,547
6637,110152850,γραμματεῖς,scribes,547
6638,110152851,καὶ,and,547
6639,110152852,οἱ,the,547
6640,110152853,Φαρισαῖοι,Pharisees,547
6641,110152854,πρὸς,to,547
6642,110152855,αὐτὸν,him,547
6643,110152856,γυναῖκα,woman,547
6644,110152857,ἐν,in,547
6645,110152858,μοιχείᾳ,adultery,547
6646,110152859,κατειλημμένην,caught,547
6647,110152860,",",",",547
6648,110152861,καὶ,and,547
6649,110152862,στήσαντες,having set,547
6650,110152863,αὐτὴν,her,547
6651,110152864,ἐν,in,547
6652,110152865,μέσῳ,middle,547
6653,110152866,λέγουσιν,they say,547
6654,110152867,αὐτῷ,him,547
6655,110152868,.,.,547
6656,110152869,διδάσκαλε,teacher,548
6657,110152870,",",",",548
6658,110152871,αὕτη,this,548
6659,110152872,ἡ,the,548
6660,110152873,γυνὴ,woman,548
6661,110152874,κατειλήφθη,was caught,548
6662,110152875,ἐπαυτοφώρῳ,in the very act,548
6663,110152876,μοιχευομένη,committing adultery,548
6664,110152877,.,.,548
6665,110152878,ἐν,in,549
6666,110152879,δὲ,but,549
6667,110152880,τῷ,the,549
6668,110152881,νόμῳ,law,549
6669,110152882,Μωϋσῆς,Moses,549
6670,110152883,ἡμῖν,to us,549
6671,110152884,ἐνετείλατο,he commanded,549
6672,110152885,τὰς,the,549
6673,110152886,τοιαύτας,such,549
6674,110152887,λιθοβολεῖσθαι,to be stoned,549
6675,110152888,.,.,549
6676,110152889,σὺ,you,550
6677,110152890,οὖν,then,550
6678,110152891,τί,what,550
6679,110152892,λέγεις,say,550
6680,110152893,;,?,550
6681,110152894,τοῦτο,this,551
6682,110152895,δὲ,but,551
6683,110152896,ἔλεγον,were saying,551
6684,110152897,πειράζοντες,testing,551
6685,110152898,αὐτόν,him,551
6686,110152899,",",",",551
6687,110152900,ἵνα,so that,551
6688,110152901,ἔχωσι,they may have,551
6689,110152902,κατηγορεῖν,to accuse,551
6690,110152903,αὐτοῦ,him,551
6691,110152904,.,.,551
6692,110152905,ὁ,the,552
6693,110152906,δὲ,but,552
6694,110152907,Ἰησοῦς,Jesus,552
6695,110152908,κάτω,down,552
6696,110152909,κύψας,bending,552
6697,110152910,τῷ,the,552
6698,110152911,δακτύλῳ,with his finger,552
6699,110152912,ἔγραφεν,wrote,552
6700,110152913,εἰς,into,552
6701,110152914,τὴν,the,552
6702,110152915,γῆν,ground,552
6703,110152916,.,.,552
6704,110152917,ὡς,as,553
6705,110152918,δὲ,but,553
6706,110152919,ἐπέμενον,kept on,553
6707,110152920,ἐρωτῶντες,asking,553
6708,110152921,αὐτόν,him,553
6709,110152922,",",",",553
6710,110152923,ἀνακύψας,having raised himself,553
6711,110152924,εἶπε,said,553
6712,110152925,πρὸς,to,553
6713,110152926,αὐτούς,them,553
6714,110152927,.,.,553
6715,110152928,ὁ,the,554
6716,110152929,ἀναμάρτητος,sinless,554
6717,110152930,ὑμῶν,your,554
6718,110152931,πρῶτος,first,554
6719,110152932,τὸν,the,554
6720,110152933,λίθον,stone,554
6721,110152934,ἐπ',upon,554
6722,110152935,αὐτὴν,her,554
6723,110152936,βαλέτω,let throw,554
6724,110152937,.,.,554
6725,110152938,καὶ,and,555
6726,110152939,πάλιν,again,555
6727,110152940,κάτω,down,555
6728,110152941,κύψας,bending,555
6729,110152942,ἔγραφεν,wrote,555
6730,110152943,εἰς,into,555
6731,110152944,τὴν,the,555
6732,110152945,γῆν,ground,555
6733,110152946,.,.,555
6734,110152947,οἱ,the,556
6735,110152948,δὲ,but,556
6736,110152949,ἀκούσαντες,having heard,556
6737,110152950,καὶ,and,556
6738,110152951,ὑπὸ,by,556
6739,110152952,τῆς,the,556
6740,110152953,συνειδήσεως,conscience,556
6741,110152954,ἐλεγχόμενοι,being convicted,556
6742,110152955,ἐξήρχοντο,went out,556
6743,110152956,εἷς,one by one,556
6744,110152957,καθ',one by one,556
6745,110152958,εἷς,each,556
6746,110152959,",",",",556
6747,110152960,ἀρξάμενοι,beginning,556
6748,110152961,ἀπὸ,from,556
6749,110152962,τῶν,the,556
6750,110152963,πρεσβυτέρων,elders,556
6751,110152964,ἕως,until,556
6752,110152965,τῶν,the,556
6753,110152966,ἐσχάτων,last,556
6754,110152967,",",",",556
6755,110152968,καὶ,and,556
6756,110152969,κατελείφθη,was left,556
6757,110152970,μόνος,alone,556
6758,110152971,ὁ,the,556
6759,110152972,Ἰησοῦς,Jesus,556
6760,110152973,καὶ,and,556
6761,110152974,ἡ,the,556
6762,110152975,γυνὴ,woman,556
6763,110152976,ἐν,in,556
6764,110152977,μέσῳ,middle,556
6765,110152978,ἑστῶσα,being,556
6766,110152979,.,.,556
6767,110152980,ἀνακύψας,having looked up,557
6768,110152981,δὲ,but,557
6769,110152982,ὁ,the,557
6770,110152983,Ἰησοῦς,Jesus,557
6771,110152984,καὶ,and,557
6772,110152985,μηδένα,no one,557
6773,110152986,θεασάμενος,seeing,557
6774,110152987,πλὴν,except,557
6775,110152988,τῆς,the,557
6776,110152989,γυναικός,woman,557
6777,110152990,",",",",557
6778,110152991,εἶπεν,said,557
6779,110152992,αὐτῇ,her,557
6780,110152993,.,.,557
6781,110152994,ἡ,the,558
6782,110152995,γυνή,woman,558
6783,110152996,",",",",558
6784,110152997,ποῦ,where,558
6785,110152998,εἰσίν,are,558
6786,110152999,ἐκεῖνοι,those,558
6787,110153000,οἱ,the,558
6788,110153001,κατήγοροί,accusers,558
6789,110153002,σου,your,558
6790,110153003,;,?,558
6791,110153004,οὐδείς,no one,559
6792,110153005,σε,you,559
6793,110153006,κατέκρινεν,condemned,559
6794,110153007,;,?,559
6795,110153008,ἡ,she,560
6796,110153009,δὲ,but,560
6797,110153010,εἶπεν,said,560
6798,110153011,.,.,560
6799,110153012,οὐδείς,no one,561
6800,110153013,",",",",561
6801,110153014,κύριε,Sir,561
6802,110153015,.,.,561
6803,110153016,εἶπε,said,562
6804,110153017,δὲ,but,562
6805,110153018,αὐτῇ,her,562
6806,110153019,ὁ,the,562
6807,110153020,Ἰησοῦς,Jesus,562
6808,110153021,.,.,562
6809,110153022,οὐ,not,563
6810,110153023,-δὲ,but,563
6811,110153024,ἐγώ,I,563
6812,110153025,σε,you,563
6813,110153026,κατακρίνω,I will condemn,563
6814,110153027,.,.,563
6815,110153028,πορεύου,go,564
6816,110153029,καὶ,and,564
6817,110153030,μηκέτι,no longer,564
6818,110153031,ἁμάρτανε,sin,564
6819,110153032,.,.,564
6820,110153033,πάλιν,again,565
6821,110153034,οὖν,then,565
6822,110153035,αὐτοῖς,them,565
6823,110153036,ἐλάλησεν,spoke,565
6824,110153037,ὁ,the,565
6825,110153038,Ἰησοῦς,Jesus,565
6826,110153039,λέγων,saying,565
6827,110153040,.,.,565
6828,110153041,ἐγώ,I,566
6829,110153042,εἰμι,am,566
6830,110153043,τὸ,the,566
6831,110153044,φῶς,light,566
6832,110153045,τοῦ,of the,566
6833,110153046,κόσμου,world,566
6834,110153047,.,.,566
6835,110153048,ὁ,the,567
6836,110153049,ἀκολουθῶν,following,567
6837,110153050,ἐμοὶ,me,567
6838,110153051,οὐ,not,567
6839,110153052,μὴ,not,567
6840,110153053,περιπατήσῃ,walk,567
6841,110153054,ἐν,in,567
6842,110153055,τῇ,the,567
6843,110153056,σκοτίᾳ,darkness,567
6844,110153057,",",",",567
6845,110153058,ἀλλ’,but,567
6846,110153059,ἕξει,will have,567
6847,110153060,τὸ,the,567
6848,110153061,φῶς,light,567
6849,110153062,τῆς,of the,567
6850,110153063,ζωῆς,life,567
6851,110153064,.,.,567
6852,110153065,εἶπον,said,568
6853,110153066,οὖν,therefore,568
6854,110153067,αὐτῷ,him,568
6855,110153068,οἱ,the,568
6856,110153069,Φαρισαῖοι,Pharisees,568
6857,110153070,.,.,568
6858,110153071,σὺ,you,569
6859,110153072,περὶ,about,569
6860,110153073,σεαυτοῦ,yourself,569
6861,110153074,μαρτυρεῖς,you bear witness,569
6862,110153075,.,.,569
6863,110153076,ἡ,the,570
6864,110153077,μαρτυρία,testimony,570
6865,110153078,σου,your,570
6866,110153079,οὐκ,not,570
6867,110153080,ἔστιν,is,570
6868,110153081,ἀληθής,true,570
6869,110153082,.,.,570
6870,110153083,ἀπεκρίθη,answered,571
6871,110153084,Ἰησοῦς,Jesus,571
6872,110153085,καὶ,and,571
6873,110153086,εἶπεν,said,571
6874,110153087,αὐτοῖς,them,571
6875,110153088,",",",",571
6876,110153089,κα-,and,571
6877,110153090,κἂν,if,571
6878,110153091,ἐγὼ,I,571
6879,110153092,μαρτυρῶ,I bear witness,571
6880,110153093,περὶ,about,571
6881,110153094,ἐμαυτοῦ,myself,571
6882,110153095,",",",",571
6883,110153096,ἀληθής,true,571
6884,110153097,ἐστιν,is,571
6885,110153098,ἡ,the,571
6886,110153099,μαρτυρία,testimony,571
6887,110153100,μου,my,571
6888,110153101,",",",",571
6889,110153102,ὅτι,that,571
6890,110153103,οἶδα,know,571
6891,110153104,πόθεν,from where,571
6892,110153105,ἦλθον,came,571
6893,110153106,καὶ,and,571
6894,110153107,ποῦ,where,571
6895,110153108,ὑπάγω,I go,571
6896,110153109,.,.,571
6897,110153110,ὑμεῖς,you,572
6898,110153111,οὐκ,not,572
6899,110153112,οἴδατε,know,572
6900,110153113,πόθεν,from where,572
6901,110153114,ἔρχομαι,I come,572
6902,110153115,ἢ,or,572
6903,110153116,ποῦ,where,572
6904,110153117,ὑπάγω,go,572
6905,110153118,.,.,572
6906,110153119,ὑμεῖς,you,573
6907,110153120,κατὰ,according to,573
6908,110153121,τὴν,the,573
6909,110153122,σάρκα,flesh,573
6910,110153123,κρίνετε,judge,573
6911,110153124,",",",",573
6912,110153125,ἐγὼ,I,573
6913,110153126,οὐ,not,573
6914,110153127,κρίνω,judge,573
6915,110153128,οὐδένα,no one,573
6916,110153129,.,.,573
6917,110153130,καὶ,and,574
6918,110153131,ἐὰν,if,574
6919,110153132,κρίνω,judge,574
6920,110153133,δὲ,but,574
6921,110153134,ἐγώ,I,574
6922,110153135,",",",",574
6923,110153136,ἡ,the,574
6924,110153137,κρίσις,judgment,574
6925,110153138,ἡ,my,574
6926,110153139,ἐμὴ,my,574
6927,110153140,ἀληθινή,true,574
6928,110153141,ἐστιν,is,574
6929,110153142,",",",",574
6930,110153143,ὅτι,because,574
6931,110153144,μόνος,alone,574
6932,110153145,οὐκ,not,574
6933,110153146,εἰμί,am,574
6934,110153147,",",",",574
6935,110153148,ἀλλ’,but,574
6936,110153149,ἐγὼ,I,574
6937,110153150,και,and,574
6938,110153151,ὁ,the,574
6939,110153152,πέμψας,sent,574
6940,110153153,με,me,574
6941,110153154,.,.,574
6942,110153155,καὶ,and,575
6943,110153156,ἐν,in,575
6944,110153157,τῷ,the,575
6945,110153158,νόμῳ,law,575
6946,110153159,δὲ,but,575
6947,110153160,τῷ,your,575
6948,110153161,ὑμετέρῳ,your,575
6949,110153162,γεγραμμένον,written,575
6950,110153163,ἐστὶν,is,575
6951,110153164,ὅτι,that,575
6952,110153165,δύο,two,575
6953,110153166,ἀνθρώπων,men,575
6954,110153167,ἡ,the,575
6955,110153168,μαρτυρία,testimony,575
6956,110153169,ἀληθής,true,575
6957,110153170,ἐστιν,is,575
6958,110153171,.,.,575
6959,110153172,ἐγώ,I,576
6960,110153173,εἰμι,am,576
6961,110153174,ὁ,the,576
6962,110153175,μαρτυρῶν,testifying,576
6963,110153176,περὶ,concerning,576
6964,110153177,ἐμαυτοῦ,myself,576
6965,110153178,",",",",576
6966,110153179,καὶ,and,576
6967,110153180,μαρτυρεῖ,testifies,576
6968,110153181,περὶ,about,576
6969,110153182,ἐμοῦ,me,576
6970,110153183,ὁ,the,576
6971,110153184,πέμψας,having sent,576
6972,110153185,με,me,576
6973,110153186,πατήρ,father,576
6974,110153187,.,.,576
6975,110153188,ἔλεγον,were saying,577
6976,110153189,οὖν,therefore,577
6977,110153190,αὐτῷ,to him,577
6978,110153191,.,.,577
6979,110153192,ποῦ,where,578
6980,110153193,ἔστιν,is,578
6981,110153194,ὁ,the,578
6982,110153195,πατήρ,father,578
6983,110153196,σου,your,578
6984,110153197,;,?,578
6985,110153198,ἀπεκρίθη,answered,579
6986,110153199,Ἰησοῦς,Jesus,579
6987,110153200,.,.,579
6988,110153201,οὔ,not,580
6989,110153202,-τε,and,580
6990,110153203,ἐμὲ,me,580
6991,110153204,οἴδατε,you know,580
6992,110153205,οὔ,not,580
6993,110153206,-τε,and,580
6994,110153207,τὸν,the,580
6995,110153208,πατέρα,father,580
6996,110153209,μου,my,580
6997,110153210,.,.,580
6998,110153211,εἰ,if,581
6999,110153212,ἐμὲ,me,581
7000,110153213,ᾔδειτε,you knew,581
7001,110153214,",",",",581
7002,110153215,καὶ,and,581
7003,110153216,τὸν,the,581
7004,110153217,πατέρα,father,581
7005,110153218,μου,my,581
7006,110153219,ἂν,if,581
7007,110153220,ᾔδειτε,you knew,581
7008,110153221,.,.,581
7009,110153222,ταῦτα,these,582
7010,110153223,τὰ,the,582
7011,110153224,ῥήματα,words,582
7012,110153225,ἐλάλησεν,spoke,582
7013,110153226,ἐν,in,582
7014,110153227,τῷ,the,582
7015,110153228,γαζοφυλακίῳ,treasury,582
7016,110153229,διδάσκων,teaching,582
7017,110153230,ἐν,in,582
7018,110153231,τῷ,the,582
7019,110153232,ἱερῷ,temple,582
7020,110153233,.,.,582
7021,110153234,καὶ,and,583
7022,110153235,οὐδεὶς,no one,583
7023,110153236,ἐπίασεν,arrested,583
7024,110153237,αὐτόν,him,583
7025,110153238,",",",",583
7026,110153239,ὅτι,that,583
7027,110153240,οὔπω,not yet,583
7028,110153241,ἐληλύθει,had come,583
7029,110153242,ἡ,the,583
7030,110153243,ὥρα,hour,583
7031,110153244,αὐτοῦ,his,583
7032,110153245,.,.,583
7033,110153246,εἶπεν,said,584
7034,110153247,οὖν,therefore,584
7035,110153248,πάλιν,again,584
7036,110153249,αὐτοῖς,them,584
7037,110153250,.,.,584
7038,110153251,ἐγὼ,I,585
7039,110153252,ὑπάγω,I go away,585
7040,110153253,καὶ,and,585
7041,110153254,ζητήσετέ,you will seek,585
7042,110153255,με,me,585
7043,110153256,",",",",585
7044,110153257,καὶ,and,585
7045,110153258,ἐν,in,585
7046,110153259,τῇ,the,585
7047,110153260,ἁμαρτίᾳ,sin,585
7048,110153261,ὑμῶν,your,585
7049,110153262,ἀποθανεῖσθε,you will die,585
7050,110153263,.,.,585
7051,110153264,ὅπου,where,586
7052,110153265,ἐγὼ,I,586
7053,110153266,ὑπάγω,am going,586
7054,110153267,ὑμεῖς,you,586
7055,110153268,οὐ,not,586
7056,110153269,δύνασθε,you are able,586
7057,110153270,ἐλθεῖν,to come,586
7058,110153271,.,.,586
7059,110153272,ἔλεγον,were saying,587
7060,110153273,οὖν,therefore,587
7061,110153274,οἱ,the,587
7062,110153275,Ἰουδαῖοι,Jews,587
7063,110153276,.,.,587
7064,110153277,μήτι,not even,588
7065,110153278,ἀποκτενεῖ,kill,588
7066,110153279,ἑαυτόν,himself,588
7067,110153280,",",",",588
7068,110153281,ὅτι,because,588
7069,110153282,λέγει,says,588
7070,110153283,.,.,588
7071,110153284,ὅπου,where,589
7072,110153285,ἐγὼ,I,589
7073,110153286,ὑπάγω,am going,589
7074,110153287,ὑμεῖς,you,589
7075,110153288,οὐ,not,589
7076,110153289,δύνασθε,you are able,589
7077,110153290,ἐλθεῖν,to come,589
7078,110153291,;,?,589
7079,110153292,καὶ,and,590
7080,110153293,ἔλεγεν,was saying,590
7081,110153294,αὐτοῖς,to them,590
7082,110153295,.,.,590
7083,110153296,ὑμεῖς,you,591
7084,110153297,ἐκ,from,591
7085,110153298,τῶν,of the,591
7086,110153299,κάτω,from below,591
7087,110153300,ἐστέ,are,591
7088,110153301,",",",",591
7089,110153302,ἐγὼ,I,591
7090,110153303,ἐκ,from,591
7091,110153304,τῶν,the,591
7092,110153305,ἄνω,from above,591
7093,110153306,εἰμί,am,591
7094,110153307,.,.,591
7095,110153308,ὑμεῖς,you,592
7096,110153309,ἐκ,out of,592
7097,110153310,τοῦ,the,592
7098,110153311,κόσμου,world,592
7099,110153312,τούτου,this,592
7100,110153313,ἐστέ,are,592
7101,110153314,",",",",592
7102,110153315,ἐγὼ,I,592
7103,110153316,οὐκ,not,592
7104,110153317,εἰμὶ,am,592
7105,110153318,ἐκ,from,592
7106,110153319,τοῦ,of the,592
7107,110153320,κόσμου,world,592
7108,110153321,τούτου,this,592
7109,110153322,.,.,592
7110,110153323,εἶπον,said,593
7111,110153324,οὖν,therefore,593
7112,110153325,ὑμῖν,you,593
7113,110153326,ὅτι,that,593
7114,110153327,ἀποθανεῖσθε,you will die,593
7115,110153328,ἐν,in,593
7116,110153329,ταῖς,the,593
7117,110153330,ἁμαρτίαις,sins,593
7118,110153331,ὑμῶν,of you,593
7119,110153332,.,.,593
7120,110153333,ἐὰν,if,594
7121,110153334,γὰρ,for,594
7122,110153335,μὴ,not,594
7123,110153336,πιστεύσητε,you might believe,594
7124,110153337,ὅτι,that,594
7125,110153338,ἐγώ,I,594
7126,110153339,εἰμι,am,594
7127,110153340,",",",",594
7128,110153341,ἀποθανεῖσθε,you will die,594
7129,110153342,ἐν,in,594
7130,110153343,ταῖς,the,594
7131,110153344,ἁμαρτίαις,sins,594
7132,110153345,ὑμῶν,your,594
7133,110153346,.,.,594
7134,110153347,ἔλεγον,they were saying,595
7135,110153348,οὖν,therefore,595
7136,110153349,αὐτῷ,him,595
7137,110153350,.,.,595
7138,110153351,σὺ,you,596
7139,110153352,τίς,who,596
7140,110153353,εἶ,are,596
7141,110153354,;,?,596
7142,110153355,εἶπεν,said,597
7143,110153356,αὐτοῖς,them,597
7144,110153357,ὁ,the,597
7145,110153358,Ἰησοῦς,Jesus,597
7146,110153359,.,.,597
7147,110153360,τὴν,the,598
7148,110153361,ἀρχὴν,beginning,598
7149,110153362,ὅ,what,598
7150,110153363,τι,what,598
7151,110153364,καὶ,and,598
7152,110153365,λαλῶ,I speak,598
7153,110153366,ὑμῖν,to you,598
7154,110153367,.,.,598
7155,110153368,πολλὰ,many things,599
7156,110153369,ἔχω,have,599
7157,110153370,περὶ,about,599
7158,110153371,ὑμῶν,of you,599
7159,110153372,λαλεῖν,to speak,599
7160,110153373,καὶ,and,599
7161,110153374,κρίνειν,to judge,599
7162,110153375,.,.,599
7163,110153376,ἀλλ’,but,600
7164,110153377,ὁ,the,600
7165,110153378,πέμψας,sent,600
7166,110153379,με,me,600
7167,110153380,ἀληθής,true,600
7168,110153381,ἐστιν,is,600
7169,110153382,",",",",600
7170,110153383,κα-,and,600
7171,110153384,κἀγὼ,and I,600
7172,110153385,ἃ,what,600
7173,110153386,ἤκουσα,heard,600
7174,110153387,παρ’,from,600
7175,110153388,αὐτοῦ,him,600
7176,110153389,",",",",600
7177,110153390,ταῦτα,these things,600
7178,110153391,λαλῶ,speak,600
7179,110153392,εἰς,into,600
7180,110153393,τὸν,the,600
7181,110153394,κόσμον,world,600
7182,110153395,.,.,600
7183,110153396,οὐκ,not,601
7184,110153397,ἔγνωσαν,knew,601
7185,110153398,ὅτι,that,601
7186,110153399,τὸν,the,601
7187,110153400,πατέρα,father,601
7188,110153401,αὐτοῖς,them,601
7189,110153402,ἔλεγεν,was saying,601
7190,110153403,.,.,601
7191,110153404,εἶπεν,said,602
7192,110153405,οὖν,therefore,602
7193,110153406,ὁ,the,602
7194,110153407,Ἰησοῦς,Jesus,602
7195,110153408,.,.,602
7196,110153409,ὅταν,when,603
7197,110153410,ὑψώσητε,lift up,603
7198,110153411,τὸν,the,603
7199,110153412,υἱὸν,Son,603
7200,110153413,τοῦ,of the,603
7201,110153414,ἀνθρώπου,man's,603
7202,110153415,",",",",603
7203,110153416,τότε,then,603
7204,110153417,γνώσεσθε,you will know,603
7205,110153418,ὅτι,that,603
7206,110153419,ἐγώ,I,603
7207,110153420,εἰμι,am,603
7208,110153421,",",",",603
7209,110153422,καὶ,and,603
7210,110153423,ἀπ',from,603
7211,110153424,ἐμαυτοῦ,myself,603
7212,110153425,ποιῶ,do,603
7213,110153426,οὐδέν,nothing,603
7214,110153427,",",",",603
7215,110153428,ἀλλὰ,but,603
7216,110153429,καθὼς,just as,603
7217,110153430,ἐδίδαξέν,taught,603
7218,110153431,με,me,603
7219,110153432,ὁ,the,603
7220,110153433,πατὴρ,father,603
7221,110153434,ταῦτα,these things,603
7222,110153435,λαλῶ,speak,603
7223,110153436,.,.,603
7224,110153437,καὶ,and,604
7225,110153438,ὁ,the,604
7226,110153439,πέμψας,having sent,604
7227,110153440,με,me,604
7228,110153441,μετ’,with,604
7229,110153442,ἐμοῦ,with me,604
7230,110153443,ἐστιν,is,604
7231,110153444,.,.,604
7232,110153445,οὐκ,not,605
7233,110153446,ἀφῆκέν,left,605
7234,110153447,με,me,605
7235,110153448,μόνον,alone,605
7236,110153449,",",",",605
7237,110153450,ὅτι,that,605
7238,110153451,ἐγὼ,I,605
7239,110153452,τὰ,the,605
7240,110153453,ἀρεστὰ,what is pleasing,605
7241,110153454,αὐτῷ,to him,605
7242,110153455,ποιῶ,I do,605
7243,110153456,πάντοτε,always,605
7244,110153457,.,.,605
7245,110153458,ταῦτα,these things,606
7246,110153459,αὐτοῦ,his,606
7247,110153460,λαλοῦντος,while he was speaking,606
7248,110153461,πολλοὶ,many,606
7249,110153462,ἐπίστευσαν,believed,606
7250,110153463,εἰς,into,606
7251,110153464,αὐτόν,him,606
7252,110153465,.,.,606
7253,110153466,ἔλεγεν,was saying,607
7254,110153467,οὖν,therefore,607
7255,110153468,ὁ,the,607
7256,110153469,Ἰησοῦς,Jesus,607
7257,110153470,πρὸς,to,607
7258,110153471,τοὺς,the,607
7259,110153472,πεπιστευκότας,having believed,607
7260,110153473,αὐτῷ,him,607
7261,110153474,Ἰουδαίους,Jews,607
7262,110153475,.,.,607
7263,110153476,ἐὰν,if,608
7264,110153477,ὑμεῖς,you,608
7265,110153478,μείνητε,remain,608
7266,110153479,ἐν,in,608
7267,110153480,τῷ,the,608
7268,110153481,λόγῳ,word,608
7269,110153482,τῷ,the,608
7270,110153483,ἐμῷ,my,608
7271,110153484,",",",",608
7272,110153485,ἀληθῶς,truly,608
7273,110153486,μαθηταί,disciples,608
7274,110153487,μού,my,608
7275,110153488,ἐστε,are,608
7276,110153489,",",",",608
7277,110153490,καὶ,and,608
7278,110153491,γνώσεσθε,you will know,608
7279,110153492,τὴν,the,608
7280,110153493,ἀλήθειαν,truth,608
7281,110153494,",",",",608
7282,110153495,καὶ,and,608
7283,110153496,ἡ,the,608
7284,110153497,ἀλήθεια,truth,608
7285,110153498,ἐλευθερώσει,will free,608
7286,110153499,ὑμᾶς,you,608
7287,110153500,.,.,608
7288,110153501,ἀπεκρίθησαν,answered,609
7289,110153502,πρὸς,to,609
7290,110153503,αὐτόν,him,609
7291,110153504,.,.,609
7292,110153505,σπέρμα,seed,610
7293,110153506,Ἀβραάμ,of Abraham,610
7294,110153507,ἐσμεν,are,610
7295,110153508,",",",",610
7296,110153509,καὶ,and,610
7297,110153510,οὐδενὶ,to no one,610
7298,110153511,δεδουλεύκαμεν,have been enslaved,610
7299,110153512,πώποτε,ever,610
7300,110153513,.,.,610
7301,110153514,πῶς,how,611
7302,110153515,σὺ,you,611
7303,110153516,λέγεις,say,611
7304,110153517,ὅτι,that,611
7305,110153518,ἐλεύθεροι,free,611
7306,110153519,γενήσεσθε,you will become,611
7307,110153520,;,?,611
7308,110153521,ἀπεκρίθη,answered,612
7309,110153522,αὐτοῖς,them,612
7310,110153523,ὁ,the,612
7311,110153524,Ἰησοῦς,Jesus,612
7312,110153525,.,.,612
7313,110153526,ἀμὴν,truly,613
7314,110153527,ἀμὴν,amen,613
7315,110153528,λέγω,I say,613
7316,110153529,ὑμῖν,you,613
7317,110153530,ὅτι,that,613
7318,110153531,πᾶς,every,613
7319,110153532,ὁ,the,613
7320,110153533,ποιῶν,doing,613
7321,110153534,τὴν,the,613
7322,110153535,ἁμαρτίαν,sin,613
7323,110153536,δοῦλός,slave,613
7324,110153537,ἐστιν,is,613
7325,110153538,τῆς,of the,613
7326,110153539,ἁμαρτίας,of sin,613
7327,110153540,.,.,613
7328,110153541,ὁ,the,614
7329,110153542,δὲ,but,614
7330,110153543,δοῦλος,slave,614
7331,110153544,οὐ,not,614
7332,110153545,μένει,remains,614
7333,110153546,ἐν,in,614
7334,110153547,τῇ,the,614
7335,110153548,οἰκίᾳ,house,614
7336,110153549,εἰς,for,614
7337,110153550,τὸν,the,614
7338,110153551,αἰῶνα,age,614
7339,110153552,.,.,614
7340,110153553,ὁ,the,615
7341,110153554,υἱὸς,Son,615
7342,110153555,μένει,remains,615
7343,110153556,εἰς,into,615
7344,110153557,τὸν,the,615
7345,110153558,αἰῶνα,age,615
7346,110153559,.,.,615
7347,110153560,ἐὰν,if,616
7348,110153561,οὖν,then,616
7349,110153562,ὁ,the,616
7350,110153563,υἱὸς,son,616
7351,110153564,ὑμᾶς,you,616
7352,110153565,ἐλευθερώσῃ,sets free,616
7353,110153566,",",",",616
7354,110153567,ὄντως,truly,616
7355,110153568,ἐλεύθεροι,free,616
7356,110153569,ἔσεσθε,will be,616
7357,110153570,.,.,616
7358,110153571,οἶδα,know,617
7359,110153572,ὅτι,that,617
7360,110153573,σπέρμα,seed,617
7361,110153574,Ἀβραάμ,of Abraham,617
7362,110153575,ἐστε,you are,617
7363,110153576,.,.,617
7364,110153577,ἀλλὰ,but,618
7365,110153578,ζητεῖτέ,seek,618
7366,110153579,με,me,618
7367,110153580,ἀποκτεῖναι,to kill,618
7368,110153581,",",",",618
7369,110153582,ὅτι,because,618
7370,110153583,ὁ,the,618
7371,110153584,λόγος,word,618
7372,110153585,ὁ,the,618
7373,110153586,ἐμὸς,my,618
7374,110153587,οὐ,not,618
7375,110153588,χωρεῖ,can,618
7376,110153589,ἐν,in,618
7377,110153590,ὑμῖν,you,618
7378,110153591,.,.,618
7379,110153592,ἐγὼ,I,619
7380,110153593,ἃ,what,619
7381,110153594,ἑώρακα,have seen,619
7382,110153595,παρὰ,beside,619
7383,110153596,τῷ,the,619
7384,110153597,πατρὶ,father,619
7385,110153598,λαλῶ,I am speaking,619
7386,110153599,.,.,619
7387,110153600,καὶ,and,620
7388,110153601,ὑμεῖς,you,620
7389,110153602,οὖν,therefore,620
7390,110153603,ἃ,that,620
7391,110153604,ἠκούσατε,you heard,620
7392,110153605,παρὰ,from,620
7393,110153606,τοῦ,of the,620
7394,110153607,πατρὸς,father,620
7395,110153608,ποιεῖτε,do,620
7396,110153609,.,.,620
7397,110153610,ἀπεκρίθησαν,answered,621
7398,110153611,καὶ,and,621
7399,110153612,εἶπαν,said,621
7400,110153613,αὐτῷ,him,621
7401,110153614,.,.,621
7402,110153615,ὁ,the,622
7403,110153616,πατὴρ,father,622
7404,110153617,ἡμῶν,our,622
7405,110153618,Ἀβραάμ,Abraham,622
7406,110153619,ἐστιν,is,622
7407,110153620,.,.,622
7408,110153621,λέγει,says,623
7409,110153622,αὐτοῖς,them,623
7410,110153623,ὁ,the,623
7411,110153624,Ἰησοῦς,Jesus,623
7412,110153625,.,.,623
7413,110153626,εἰ,and,624
7414,110153627,τέκνα,children,624
7415,110153628,τοῦ,of,624
7416,110153629,Ἀβραάμ,of Abraham,624
7417,110153630,ἐστε,are,624
7418,110153631,",",",",624
7419,110153632,τὰ,the,624
7420,110153633,ἔργα,works,624
7421,110153634,τοῦ,of,624
7422,110153635,Ἀβραὰμ,of Abraham,624
7423,110153636,ἐποιεῖτε,were doing,624
7424,110153637,.,.,624
7425,110153638,νῦν,now,625
7426,110153639,δὲ,but,625
7427,110153640,ζητεῖτέ,you seek,625
7428,110153641,με,me,625
7429,110153642,ἀποκτεῖναι,to kill,625
7430,110153643,",",",",625
7431,110153644,ἄνθρωπον,man,625
7432,110153645,ὃς,who,625
7433,110153646,τὴν,the,625
7434,110153647,ἀλήθειαν,truth,625
7435,110153648,ὑμῖν,to you,625
7436,110153649,λελάληκα,have spoken,625
7437,110153650,",",",",625
7438,110153651,ἣν,which,625
7439,110153652,ἤκουσα,I heard,625
7440,110153653,παρὰ,from,625
7441,110153654,τοῦ,of the,625
7442,110153655,θεοῦ,God,625
7443,110153656,.,.,625
7444,110153657,τοῦτο,this,626
7445,110153658,Ἀβραὰμ,Abraham,626
7446,110153659,οὐκ,not,626
7447,110153660,ἐποίησεν,did,626
7448,110153661,.,.,626
7449,110153662,ὑμεῖς,you,627
7450,110153663,ποιεῖτε,do,627
7451,110153664,τὰ,the,627
7452,110153665,ἔργα,works,627
7453,110153666,τοῦ,of the,627
7454,110153667,πατρὸς,of father,627
7455,110153668,ὑμῶν,your,627
7456,110153669,.,.,627
7457,110153670,εἶπαν,said,628
7458,110153671,αὐτῷ,him,628
7459,110153672,.,.,628
7460,110153673,ἡμεῖς,we,629
7461,110153674,ἐκ,from,629
7462,110153675,πορνείας,fornication,629
7463,110153676,οὐ,not,629
7464,110153677,γεγεννήμεθα,we have been born,629
7465,110153678,",",",",629
7466,110153679,ἕνα,one,629
7467,110153680,πατέρα,father,629
7468,110153681,ἔχομεν,we have,629
7469,110153682,τὸν,the,629
7470,110153683,θεόν,God,629
7471,110153684,.,.,629
7472,110153685,εἶπεν,said,630
7473,110153686,αὐτοῖς,to them,630
7474,110153687,ὁ,the,630
7475,110153688,Ἰησοῦς,Jesus,630
7476,110153689,.,.,630
7477,110153690,εἰ,if,631
7478,110153691,ὁ,the,631
7479,110153692,θεὸς,God,631
7480,110153693,πατὴρ,father,631
7481,110153694,ὑμῶν,your,631
7482,110153695,ἦν,was,631
7483,110153696,",",",",631
7484,110153697,ἠγαπᾶτε,you loved,631
7485,110153698,ἂν,if,631
7486,110153699,ἐμέ,me,631
7487,110153700,.,.,631
7488,110153701,ἐγὼ,I,632
7489,110153702,γὰρ,for,632
7490,110153703,ἐκ,from,632
7491,110153704,τοῦ,of the,632
7492,110153705,θεοῦ,of God,632
7493,110153706,ἐξῆλθον,came out,632
7494,110153707,καὶ,and,632
7495,110153708,ἥκω,I have come,632
7496,110153709,.,.,632
7497,110153710,οὐ,not,633
7498,110153711,-δὲ,,633
7499,110153712,γὰρ,for,633
7500,110153713,ἀπ',from,633
7501,110153714,ἐμαυτοῦ,myself,633
7502,110153715,ἐλήλυθα,I have come,633
7503,110153716,",",",",633
7504,110153717,ἀλλ’,but,633
7505,110153718,ἐκεῖνός,he,633
7506,110153719,με,me,633
7507,110153720,ἀπέστειλεν,sent,633
7508,110153721,.,.,633
7509,110153722,διὰ,on account of,634
7510,110153723,τί,why,634
7511,110153724,τὴν,the,634
7512,110153725,λαλιὰν,conversation,634
7513,110153726,τὴν,the,634
7514,110153727,ἐμὴν,my,634
7515,110153728,οὐ,not,634
7516,110153729,γινώσκετε,you know,634
7517,110153730,;,?,634
7518,110153731,ὅτι,because,635
7519,110153732,οὐ,not,635
7520,110153733,δύνασθε,you are able,635
7521,110153734,ἀκούειν,to hear,635
7522,110153735,τὸν,the,635
7523,110153736,λόγον,word,635
7524,110153737,τὸν,the,635
7525,110153738,ἐμόν,my,635
7526,110153739,.,.,635
7527,110153740,ὑμεῖς,you,636
7528,110153741,ἐκ,out of,636
7529,110153742,τοῦ,the,636
7530,110153743,πατρὸς,father,636
7531,110153744,τοῦ,the,636
7532,110153745,διαβόλου,devil,636
7533,110153746,ἐστὲ,are,636
7534,110153747,καὶ,and,636
7535,110153748,τὰς,the,636
7536,110153749,ἐπιθυμίας,desires,636
7537,110153750,τοῦ,of the,636
7538,110153751,πατρὸς,father's,636
7539,110153752,ὑμῶν,your,636
7540,110153753,θέλετε,want,636
7541,110153754,ποιεῖν,to do,636
7542,110153755,.,.,636
7543,110153756,ἐκεῖνος,that one,637
7544,110153757,ἀνθρωποκτόνος,man-slayer,637
7545,110153758,ἦν,was,637
7546,110153759,ἀπ’,from,637
7547,110153760,ἀρχῆς,beginning,637
7548,110153761,",",",",637
7549,110153762,καὶ,and,637
7550,110153763,ἐν,in,637
7551,110153764,τῇ,the,637
7552,110153765,ἀληθείᾳ,truth,637
7553,110153766,οὐκ,not,637
7554,110153767,ἔστηκεν,stood,637
7555,110153768,",",",",637
7556,110153769,ὅτι,because,637
7557,110153770,οὐκ,not,637
7558,110153771,ἔστιν,is,637
7559,110153772,ἀλήθεια,truth,637
7560,110153773,ἐν,in,637
7561,110153774,αὐτῷ,in him,637
7562,110153775,.,.,637
7563,110153776,ὅταν,when,638
7564,110153777,λαλῇ,speaks,638
7565,110153778,τὸ,the,638
7566,110153779,ψεῦδος,lie,638
7567,110153780,",",",",638
7568,110153781,ἐκ,from,638
7569,110153782,τῶν,of,638
7570,110153783,ἰδίων,own,638
7571,110153784,λαλεῖ,speaks,638
7572,110153785,",",",",638
7573,110153786,ὅτι,because,638
7574,110153787,ψεύστης,liar,638
7575,110153788,ἐστὶν,is,638
7576,110153789,καὶ,and,638
7577,110153790,ὁ,the,638
7578,110153791,πατὴρ,father,638
7579,110153792,αὐτοῦ,his,638
7580,110153793,.,.,638
7581,110153794,ἐγὼ,I,639
7582,110153795,δὲ,but,639
7583,110153796,ὅτι,because,639
7584,110153797,τὴν,the,639
7585,110153798,ἀλήθειαν,truth,639
7586,110153799,λέγω,I say,639
7587,110153800,",",",",639
7588,110153801,οὐ,not,639
7589,110153802,πιστεύετέ,believe,639
7590,110153803,μοι,me,639
7591,110153804,.,.,639
7592,110153805,τίς,who,640
7593,110153806,ἐξ,from,640
7594,110153807,ὑμῶν,you,640
7595,110153808,ἐλέγχει,convicts,640
7596,110153809,με,me,640
7597,110153810,περὶ,about,640
7598,110153811,ἁμαρτίας,sins,640
7599,110153812,;,?,640
7600,110153813,εἰ,if,641
7601,110153814,ἀλήθειαν,truth,641
7602,110153815,λέγω,I say,641
7603,110153816,",",",",641
7604,110153817,διὰ,why,641
7605,110153818,τί,why,641
7606,110153819,ὑμεῖς,you,641
7607,110153820,οὐ,not,641
7608,110153821,πιστεύετέ,you believe,641
7609,110153822,μοι,to me,641
7610,110153823,;,?,641
7611,110153824,ὁ,the,642
7612,110153825,ὢν,being,642
7613,110153826,ἐκ,from,642
7614,110153827,τοῦ,of the,642
7615,110153828,θεοῦ,of God,642
7616,110153829,τὰ,the,642
7617,110153830,ῥήματα,words,642
7618,110153831,τοῦ,of,642
7619,110153832,θεοῦ,of God,642
7620,110153833,ἀκούει,hears,642
7621,110153834,.,.,642
7622,110153835,διὰ,because,643
7623,110153836,τοῦτο,this,643
7624,110153837,ὑμεῖς,you,643
7625,110153838,οὐκ,not,643
7626,110153839,ἀκούετε,you hear,643
7627,110153840,",",",",643
7628,110153841,ὅτι,because,643
7629,110153842,ἐκ,from,643
7630,110153843,τοῦ,the,643
7631,110153844,θεοῦ,of God,643
7632,110153845,οὐκ,not,643
7633,110153846,ἐστέ,are,643
7634,110153847,.,.,643
7635,110153848,ἀπεκρίθησαν,answered,644
7636,110153849,οἱ,the,644
7637,110153850,Ἰουδαῖοι,Jews,644
7638,110153851,καὶ,and,644
7639,110153852,εἶπαν,said,644
7640,110153853,αὐτῷ,him,644
7641,110153854,.,.,644
7642,110153855,οὐ,not,645
7643,110153856,καλῶς,well,645
7644,110153857,λέγομεν,we say,645
7645,110153858,ἡμεῖς,we,645
7646,110153859,ὅτι,that,645
7647,110153860,Σαμαρίτης,a Samaritan,645
7648,110153861,εἶ,are,645
7649,110153862,σὺ,you,645
7650,110153863,καὶ,and,645
7651,110153864,δαιμόνιον,demon,645
7652,110153865,ἔχεις,have,645
7653,110153866,;,?,645
7654,110153867,ἀπεκρίθη,answered,646
7655,110153868,Ἰησοῦς,Jesus,646
7656,110153869,.,.,646
7657,110153870,ἐγὼ,I,647
7658,110153871,δαιμόνιον,demon,647
7659,110153872,οὐκ,not,647
7660,110153873,ἔχω,have,647
7661,110153874,",",",",647
7662,110153875,ἀλλὰ,but,647
7663,110153876,τιμῶ,honor,647
7664,110153877,τὸν,the,647
7665,110153878,πατέρα,father,647
7666,110153879,μου,my,647
7667,110153880,",",",",647
7668,110153881,καὶ,and,647
7669,110153882,ὑμεῖς,you,647
7670,110153883,ἀτιμάζετέ,dishonor,647
7671,110153884,με,me,647
7672,110153885,.,.,647
7673,110153886,ἐγὼ,I,648
7674,110153887,δὲ,but,648
7675,110153888,οὐ,not,648
7676,110153889,ζητῶ,seek,648
7677,110153890,τὴν,the,648
7678,110153891,δόξαν,glory,648
7679,110153892,μου,my,648
7680,110153893,.,.,648
7681,110153894,ἔστιν,is,649
7682,110153895,ὁ,the,649
7683,110153896,ζητῶν,seeking,649
7684,110153897,καὶ,and,649
7685,110153898,κρίνων,judging,649
7686,110153899,.,.,649
7687,110153900,ἀμὴν,Amen,650
7688,110153901,ἀμὴν,amen,650
7689,110153902,λέγω,I say,650
7690,110153903,ὑμῖν,you,650
7691,110153904,",",",",650
7692,110153905,ἐάν,if,650
7693,110153906,τις,anyone,650
7694,110153907,τὸν,the,650
7695,110153908,ἐμὸν,my,650
7696,110153909,λόγον,word,650
7697,110153910,τηρήσῃ,keep,650
7698,110153911,",",",",650
7699,110153912,θάνατον,death,650
7700,110153913,οὐ,not,650
7701,110153914,μὴ,not,650
7702,110153915,θεωρήσῃ,see,650
7703,110153916,εἰς,into,650
7704,110153917,τὸν,the,650
7705,110153918,αἰῶνα,age,650
7706,110153919,.,.,650
7707,110153920,εἶπαν,said,651
7708,110153921,αὐτῷ,him,651
7709,110153922,οἱ,the,651
7710,110153923,Ἰουδαῖοι,Jews,651
7711,110153924,.,.,651
7712,110153925,νῦν,now,652
7713,110153926,ἐγνώκαμεν,have known,652
7714,110153927,ὅτι,that,652
7715,110153928,δαιμόνιον,demon,652
7716,110153929,ἔχεις,have,652
7717,110153930,.,.,652
7718,110153931,Ἀβραὰμ,Abraham,653
7719,110153932,ἀπέθανεν,died,653
7720,110153933,καὶ,and,653
7721,110153934,οἱ,the,653
7722,110153935,προφῆται,prophets,653
7723,110153936,",",",",653
7724,110153937,καὶ,and,653
7725,110153938,σὺ,you,653
7726,110153939,λέγεις,say,653
7727,110153940,.,.,653
7728,110153941,ἐάν,if,654
7729,110153942,τις,anyone,654
7730,110153943,τὸν,the,654
7731,110153944,λόγον,word,654
7732,110153945,μου,my,654
7733,110153946,τηρήσῃ,keep,654
7734,110153947,",",",",654
7735,110153948,οὐ,not,654
7736,110153949,μὴ,not,654
7737,110153950,γεύσηται,taste,654
7738,110153951,θανάτου,death,654
7739,110153952,εἰς,into,654
7740,110153953,τὸν,the,654
7741,110153954,αἰῶνα,age,654
7742,110153955,.,.,654
7743,110153956,μὴ,not,655
7744,110153957,σὺ,you,655
7745,110153958,μείζων,greater,655
7746,110153959,εἶ,are,655
7747,110153960,τοῦ,of the,655
7748,110153961,πατρὸς,father,655
7749,110153962,ἡμῶν,our,655
7750,110153963,Ἀβραάμ,Abraham,655
7751,110153964,",",",",655
7752,110153965,ὅστις,who,655
7753,110153966,ἀπέθανεν,died,655
7754,110153967,;,?,655
7755,110153968,καὶ,and,656
7756,110153969,οἱ,the,656
7757,110153970,προφῆται,prophets,656
7758,110153971,ἀπέθανον,died,656
7759,110153972,.,.,656
7760,110153973,τίνα,whom,657
7761,110153974,σεαυτὸν,yourself,657
7762,110153975,ποιεῖς,do,657
7763,110153976,;,;,657
7764,110153977,ἀπεκρίθη,answered,658
7765,110153978,Ἰησοῦς,Jesus,658
7766,110153979,.,.,658
7767,110153980,ἐὰν,if,659
7768,110153981,ἐγὼ,I,659
7769,110153982,δοξάσω,glorify,659
7770,110153983,ἐμαυτόν,myself,659
7771,110153984,",",",",659
7772,110153985,ἡ,the,659
7773,110153986,δόξα,glory,659
7774,110153987,μου,my,659
7775,110153988,οὐδέν,nothing,659
7776,110153989,ἐστιν,is,659
7777,110153990,.,.,659
7778,110153991,ἔστιν,is,660
7779,110153992,ὁ,the,660
7780,110153993,πατήρ,father,660
7781,110153994,μου,my,660
7782,110153995,ὁ,the,660
7783,110153996,δοξάζων,glorifying,660
7784,110153997,με,me,660
7785,110153998,",",",",660
7786,110153999,ὃν,whom,660
7787,110154000,ὑμεῖς,you,660
7788,110154001,λέγετε,you say,660
7789,110154002,ὅτι,that,660
7790,110154003,θεὸς,God,660
7791,110154004,ἡμῶν,of us,660
7792,110154005,ἐστιν,is,660
7793,110154006,",",",",660
7794,110154007,καὶ,and,660
7795,110154008,οὐκ,not,660
7796,110154009,ἐγνώκατε,you have come to know,660
7797,110154010,αὐτόν,him,660
7798,110154011,",",",",660
7799,110154012,ἐγὼ,I,660
7800,110154013,δὲ,but,660
7801,110154014,οἶδα,know,660
7802,110154015,αὐτόν,him,660
7803,110154016,.,.,660
7804,110154017,κα-,and,661
7805,110154018,κἂν,if,661
7806,110154019,εἴπω,if I say,661
7807,110154020,ὅτι,that,661
7808,110154021,οὐκ,not,661
7809,110154022,οἶδα,know,661
7810,110154023,αὐτόν,him,661
7811,110154024,",",",",661
7812,110154025,ἔσομαι,I shall be,661
7813,110154026,ὅμοιος,like,661
7814,110154027,ὑμῖν,you,661
7815,110154028,ψεύστης,liar,661
7816,110154029,.,.,661
7817,110154030,ἀλλὰ,but,662
7818,110154031,οἶδα,know,662
7819,110154032,αὐτὸν,him,662
7820,110154033,καὶ,and,662
7821,110154034,τὸν,the,662
7822,110154035,λόγον,word,662
7823,110154036,αὐτοῦ,his,662
7824,110154037,τηρῶ,I keep,662
7825,110154038,.,.,662
7826,110154039,Ἀβραὰμ,Abraham,663
7827,110154040,ὁ,the,663
7828,110154041,πατὴρ,father,663
7829,110154042,ὑμῶν,your,663
7830,110154043,ἠγαλλιάσατο,rejoiced,663
7831,110154044,ἵνα,so that,663
7832,110154045,εἴδῃ,might see,663
7833,110154046,τὴν,the,663
7834,110154047,ἡμέραν,day,663
7835,110154048,τὴν,the,663
7836,110154049,ἐμήν,my,663
7837,110154050,",",",",663
7838,110154051,καὶ,and,663
7839,110154052,εἶδεν,saw,663
7840,110154053,καὶ,and,663
7841,110154054,ἐχάρη,rejoiced,663
7842,110154055,.,.,663
7843,110154056,εἶπαν,said,664
7844,110154057,οὖν,therefore,664
7845,110154058,οἱ,the,664
7846,110154059,Ἰουδαῖοι,Jews,664
7847,110154060,πρὸς,to,664
7848,110154061,αὐτόν,him,664
7849,110154062,.,.,664
7850,110154063,πεντήκοντα,fifty,665
7851,110154064,ἔτη,years,665
7852,110154065,οὔπω,not yet,665
7853,110154066,ἔχεις,have,665
7854,110154067,καὶ,and,665
7855,110154068,Ἀβραὰμ,Abraham,665
7856,110154069,ἑώρακας,have seen,665
7857,110154070,;,?,665
7858,110154071,εἶπεν,said,666
7859,110154072,αὐτοῖς,them,666
7860,110154073,Ἰησοῦς,Jesus,666
7861,110154074,.,.,666
7862,110154075,ἀμὴν,Amen,667
7863,110154076,ἀμὴν,truly,667
7864,110154077,λέγω,I say,667
7865,110154078,ὑμῖν,you,667
7866,110154079,",",",",667
7867,110154080,πρὶν,before,667
7868,110154081,Ἀβραὰμ,Abraham,667
7869,110154082,γενέσθαι,to have come to be,667
7870,110154083,ἐγὼ,I,667
7871,110154084,εἰμί,am,667
7872,110154085,.,.,667
7873,110154086,ἦραν,picked up,668
7874,110154087,οὖν,therefore,668
7875,110154088,λίθους,stones,668
7876,110154089,ἵνα,so that,668
7877,110154090,βάλωσιν,throw,668
7878,110154091,ἐπ',on,668
7879,110154092,αὐτόν,him,668
7880,110154093,.,.,668
7881,110154094,Ἰησοῦς,Jesus,669
7882,110154095,δὲ,but,669
7883,110154096,ἐκρύβη,hid,669
7884,110154097,καὶ,and,669
7885,110154098,ἐξῆλθεν,went out,669
7886,110154099,ἐκ,from,669
7887,110154100,τοῦ,the,669
7888,110154101,ἱεροῦ,temple,669
7889,110154102,.,.,669
7890,110154103,καὶ,and,670
7891,110154104,παράγων,passing,670
7892,110154105,εἶδεν,saw,670
7893,110154106,ἄνθρωπον,man,670
7894,110154107,τυφλὸν,blind,670
7895,110154108,ἐκ,from,670
7896,110154109,γενετῆς,birth,670
7897,110154110,.,.,670
7898,110154111,καὶ,and,671
7899,110154112,ἠρώτησαν,asked,671
7900,110154113,αὐτὸν,him,671
7901,110154114,οἱ,the,671
7902,110154115,μαθηταὶ,disciples,671
7903,110154116,αὐτοῦ,his,671
7904,110154117,λέγοντες,saying,671
7905,110154118,.,.,671
7906,110154119,ῥαββεί,rabbi,672
7907,110154120,",",",",672
7908,110154121,τίς,who,672
7909,110154122,ἥμαρτεν,sinned,672
7910,110154123,",",",",672
7911,110154124,οὗτος,this,672
7912,110154125,ἢ,or,672
7913,110154126,οἱ,the,672
7914,110154127,γονεῖς,parents,672
7915,110154128,αὐτοῦ,his,672
7916,110154129,",",",",672
7917,110154130,ἵνα,so that,672
7918,110154131,τυφλὸς,blind,672
7919,110154132,γεννηθῇ,be born,672
7920,110154133,;,;,672
7921,110154134,ἀπεκρίθη,answered,673
7922,110154135,Ἰησοῦς,Jesus,673
7923,110154136,.,.,673
7924,110154137,οὔ,not,674
7925,110154138,-τε,,674
7926,110154139,οὗτος,this,674
7927,110154140,ἥμαρτεν,sinned,674
7928,110154141,οὔ,not,674
7929,110154142,-τε,and,674
7930,110154143,οἱ,the,674
7931,110154144,γονεῖς,parents,674
7932,110154145,αὐτοῦ,their,674
7933,110154146,",",",",674
7934,110154147,ἀλλ’,but,674
7935,110154148,ἵνα,so that,674
7936,110154149,φανερωθῇ,be revealed,674
7937,110154150,τὰ,the,674
7938,110154151,ἔργα,works,674
7939,110154152,τοῦ,of the,674
7940,110154153,θεοῦ,of God,674
7941,110154154,ἐν,in,674
7942,110154155,αὐτῷ,him,674
7943,110154156,.,.,674
7944,110154157,ἡμᾶς,us,675
7945,110154158,δεῖ,it is necessary,675
7946,110154159,ἐργάζεσθαι,to work,675
7947,110154160,τὰ,the,675
7948,110154161,ἔργα,works,675
7949,110154162,τοῦ,of the,675
7950,110154163,πέμψαντός,having sent,675
7951,110154164,ἡμᾶς,us,675
7952,110154165,ἕως,until,675
7953,110154166,ἡμέρα,day,675
7954,110154167,ἐστίν,is,675
7955,110154168,.,.,675
7956,110154169,ἔρχεται,comes,676
7957,110154170,νὺξ,night,676
7958,110154171,ὅτε,when,676
7959,110154172,οὐδεὶς,no one,676
7960,110154173,δύναται,is able,676
7961,110154174,ἐργάζεσθαι,to work,676
7962,110154175,.,.,676
7963,110154176,ὅταν,when,677
7964,110154177,ἐν,in,677
7965,110154178,τῷ,the,677
7966,110154179,κόσμῳ,world,677
7967,110154180,ὦ,am,677
7968,110154181,",",",",677
7969,110154182,φῶς,light,677
7970,110154183,εἰμι,am,677
7971,110154184,τοῦ,of the,677
7972,110154185,κόσμου,of the world,677
7973,110154186,.,.,677
7974,110154187,ταῦτα,these things,678
7975,110154188,εἰπὼν,having said,678
7976,110154189,ἔπτυσεν,spat,678
7977,110154190,χαμαὶ,on the ground,678
7978,110154191,καὶ,and,678
7979,110154192,ἐποίησεν,made,678
7980,110154193,πηλὸν,mud,678
7981,110154194,ἐκ,from,678
7982,110154195,τοῦ,of the,678
7983,110154196,πτύσματος,spittle,678
7984,110154197,",",",",678
7985,110154198,καὶ,and,678
7986,110154199,ἐπέχρισεν,anointed,678
7987,110154200,αὐτοῦ,his,678
7988,110154201,τὸν,the,678
7989,110154202,πηλὸν,mud,678
7990,110154203,ἐπὶ,on,678
7991,110154204,τοὺς,the,678
7992,110154205,ὀφθαλμούς,eyes,678
7993,110154206,",",",",678
7994,110154207,καὶ,and,678
7995,110154208,εἶπεν,said,678
7996,110154209,αὐτῷ,him,678
7997,110154210,.,.,678
7998,110154211,ὕπαγε,go,679
7999,110154212,νίψαι,wash,679
8000,110154213,εἰς,into,679
8001,110154214,τὴν,the,679
8002,110154215,κολυμβήθραν,pool,679
8003,110154216,τοῦ,of,679
8004,110154217,Σιλωάμ,Siloe,679
8005,110154218,",",",",679
8006,110154219,ὃ,which,679
8007,110154220,ἑρμηνεύεται,is interpreted,679
8008,110154221,ἀπεσταλμένος,being sent,679
8009,110154222,.,.,679
8010,110154223,ἀπῆλθεν,went away,680
8011,110154224,οὖν,then,680
8012,110154225,καὶ,and,680
8013,110154226,ἐνίψατο,washed,680
8014,110154227,",",",",680
8015,110154228,καὶ,and,680
8016,110154229,ἦλθεν,came,680
8017,110154230,βλέπων,seeing,680
8018,110154231,.,.,680
8019,110154232,οἱ,the,681
8020,110154233,οὖν,therefore,681
8021,110154234,γείτονες,neighbors,681
8022,110154235,καὶ,and,681
8023,110154236,οἱ,the,681
8024,110154237,θεωροῦντες,those who watched,681
8025,110154238,αὐτὸν,him,681
8026,110154239,τὸ,the,681
8027,110154240,πρότερον,formerly,681
8028,110154241,",",",",681
8029,110154242,ὅτι,that,681
8030,110154243,προσαίτης,beggar,681
8031,110154244,ἦν,was,681
8032,110154245,",",",",681
8033,110154246,ἔλεγον,were saying,681
8034,110154247,.,.,681
8035,110154248,οὐχ,not,682
8036,110154249,οὗτός,this,682
8037,110154250,ἐστιν,is,682
8038,110154251,ὁ,the,682
8039,110154252,καθήμενος,sitting,682
8040,110154253,καὶ,and,682
8041,110154254,προσαιτῶν,begging,682
8042,110154255,;,?,682
8043,110154256,ἄλλοι,others,683
8044,110154257,ἔλεγον,were saying,683
8045,110154258,ὅτι,that,683
8046,110154259,οὗτός,this,683
8047,110154260,ἐστιν,is,683
8048,110154261,.,.,683
8049,110154262,ἄλλοι,others,684
8050,110154263,ἔλεγον,were saying,684
8051,110154264,.,.,684
8052,110154265,οὐχί,not,685
8053,110154266,",",",",685
8054,110154267,ἀλλὰ,but,685
8055,110154268,ὅμοιος,like,685
8056,110154269,αὐτῷ,him,685
8057,110154270,ἐστιν,is,685
8058,110154271,.,.,685
8059,110154272,ἐκεῖνος,that one,686
8060,110154273,ἔλεγεν,was saying,686
8061,110154274,ὅτι,that,686
8062,110154275,ἐγώ,I,686
8063,110154276,εἰμι,am,686
8064,110154277,.,.,686
8065,110154278,ἔλεγον,were saying,687
8066,110154279,οὖν,therefore,687
8067,110154280,αὐτῷ,him,687
8068,110154281,.,.,687
8069,110154282,πῶς,how,688
8070,110154283,οὖν,therefore,688
8071,110154284,ἠνεῴχθησάν,were opened,688
8072,110154285,σου,your,688
8073,110154286,οἱ,your,688
8074,110154287,ὀφθαλμοί,eyes,688
8075,110154288,;,;,688
8076,110154289,ἀπεκρίθη,answered,689
8077,110154290,ἐκεῖνος,he,689
8078,110154291,.,.,689
8079,110154292,ὁ,the,690
8080,110154293,ἄνθρωπος,man,690
8081,110154294,ὁ,the,690
8082,110154295,λεγόμενος,called,690
8083,110154296,Ἰησοῦς,Jesus,690
8084,110154297,πηλὸν,mud,690
8085,110154298,ἐποίησεν,made,690
8086,110154299,καὶ,and,690
8087,110154300,ἐπέχρισέν,anointed,690
8088,110154301,μου,my,690
8089,110154302,τοὺς,the,690
8090,110154303,ὀφθαλμοὺς,eyes,690
8091,110154304,καὶ,and,690
8092,110154305,εἶπέν,said,690
8093,110154306,μοι,me,690
8094,110154307,ὅτι,that,690
8095,110154308,ὕπαγε,go,690
8096,110154309,εἰς,to,690
8097,110154310,τὸν,the,690
8098,110154311,Σιλωὰμ,Siloam,690
8099,110154312,καὶ,and,690
8100,110154313,νίψαι,wash,690
8101,110154314,.,.,690
8102,110154315,ἀπελθὼν,having gone away,691
8103,110154316,οὖν,then,691
8104,110154317,καὶ,and,691
8105,110154318,νιψάμενος,having washed,691
8106,110154319,ἀνέβλεψα,I looked up,691
8107,110154320,.,.,691
8108,110154321,εἶπαν,they said,692
8109,110154322,αὐτῷ,him,692
8110,110154323,.,.,692
8111,110154324,ποῦ,where,693
8112,110154325,ἔστιν,is,693
8113,110154326,ἐκεῖνος,he,693
8114,110154327,;,?,693
8115,110154328,λέγει,says,694
8116,110154329,.,.,694
8117,110154330,οὐκ,not,695
8118,110154331,οἶδα,I know,695
8119,110154332,.,.,695
8120,110154333,ἄγουσιν,they bring,696
8121,110154334,αὐτὸν,him,696
8122,110154335,πρὸς,to,696
8123,110154336,τοὺς,the,696
8124,110154337,Φαρισαίους,Pharisees,696
8125,110154338,",",",",696
8126,110154339,τόν,the,696
8127,110154340,ποτε,formerly,696
8128,110154341,τυφλόν,blind,696
8129,110154342,.,.,696
8130,110154343,ἦν,was,697
8131,110154344,δὲ,but,697
8132,110154345,σάββατον,Sabbath,697
8133,110154346,ἐν,in,697
8134,110154347,ᾗ,that,697
8135,110154348,ἡμέρᾳ,day,697
8136,110154349,τὸν,the,697
8137,110154350,πηλὸν,mud,697
8138,110154351,ἐποίησεν,made,697
8139,110154352,ὁ,the,697
8140,110154353,Ἰησοῦς,Jesus,697
8141,110154354,καὶ,and,697
8142,110154355,ἀνέῳξεν,opened,697
8143,110154356,αὐτοῦ,his,697
8144,110154357,τοὺς,the,697
8145,110154358,ὀφθαλμούς,eyes,697
8146,110154359,.,.,697
8147,110154360,πάλιν,again,698
8148,110154361,οὖν,therefore,698
8149,110154362,ἠρώτων,they asked,698
8150,110154363,αὐτὸν,him,698
8151,110154364,καὶ,and,698
8152,110154365,οἱ,the,698
8153,110154366,Φαρισαῖοι,Pharisees,698
8154,110154367,πῶς,how,698
8155,110154368,ἀνέβλεψεν,he saw again,698
8156,110154369,.,.,698
8157,110154370,ὁ,the,699
8158,110154371,δὲ,but,699
8159,110154372,εἶπεν,said,699
8160,110154373,αὐτοῖς,them,699
8161,110154374,.,.,699
8162,110154375,πηλὸν,mud,700
8163,110154376,ἐπέθηκέν,placed,700
8164,110154377,μου,my,700
8165,110154378,ἐπὶ,on,700
8166,110154379,τοὺς,the,700
8167,110154380,ὀφθαλμούς,eyes,700
8168,110154381,",",",",700
8169,110154382,καὶ,and,700
8170,110154383,ἐνιψάμην,washed,700
8171,110154384,",",",",700
8172,110154385,καὶ,and,700
8173,110154386,βλέπω,see,700
8174,110154387,.,.,700
8175,110154388,ἔλεγον,were saying,701
8176,110154389,οὖν,therefore,701
8177,110154390,ἐκ,from,701
8178,110154391,τῶν,the,701
8179,110154392,Φαρισαίων,Pharisees,701
8180,110154393,τινές,some,701
8181,110154394,.,.,701
8182,110154395,οὐκ,not,702
8183,110154396,ἔστιν,is,702
8184,110154397,οὗτος,this,702
8185,110154398,παρὰ,from,702
8186,110154399,θεοῦ,of God,702
8187,110154400,ὁ,who,702
8188,110154401,ἄνθρωπος,man,702
8189,110154402,",",",",702
8190,110154403,ὅτι,because,702
8191,110154404,τὸ,the,702
8192,110154405,σάββατον,Sabbath,702
8193,110154406,οὐ,not,702
8194,110154407,τηρεῖ,keeps,702
8195,110154408,.,.,702
8196,110154409,ἄλλοι,others,703
8197,110154410,ἔλεγον,were saying,703
8198,110154411,.,.,703
8199,110154412,πῶς,how,704
8200,110154413,δύναται,is able,704
8201,110154414,ἄνθρωπος,man,704
8202,110154415,ἁμαρτωλὸς,sinful,704
8203,110154416,τοιαῦτα,such,704
8204,110154417,σημεῖα,signs,704
8205,110154418,ποιεῖν,to do,704
8206,110154419,;,?,704
8207,110154420,καὶ,and,705
8208,110154421,σχίσμα,schism,705
8209,110154422,ἦν,was,705
8210,110154423,ἐν,in,705
8211,110154424,αὐτοῖς,them,705
8212,110154425,.,.,705
8213,110154426,λέγουσιν,say,706
8214,110154427,οὖν,therefore,706
8215,110154428,τῷ,to,706
8216,110154429,τυφλῷ,blind man,706
8217,110154430,πάλιν,again,706
8218,110154431,.,.,706
8219,110154432,σὺ,you,707
8220,110154433,τί,what,707
8221,110154434,λέγεις,say,707
8222,110154435,περὶ,about,707
8223,110154436,αὐτοῦ,him,707
8224,110154437,",",",",707
8225,110154438,ὅτι,that,707
8226,110154439,ἤνοιξέν,opened,707
8227,110154440,σου,your,707
8228,110154441,τοὺς,the,707
8229,110154442,ὀφθαλμούς,eyes,707
8230,110154443,;,?,707
8231,110154444,ὁ,the,708
8232,110154445,δὲ,but,708
8233,110154446,εἶπεν,said,708
8234,110154447,ὅτι,that,708
8235,110154448,προφήτης,prophet,708
8236,110154449,ἐστίν,is,708
8237,110154450,.,.,708
8238,110154451,οὐκ,not,709
8239,110154452,ἐπίστευσαν,believed,709
8240,110154453,οὖν,then,709
8241,110154454,οἱ,the,709
8242,110154455,Ἰουδαῖοι,Jews,709
8243,110154456,περὶ,about,709
8244,110154457,αὐτοῦ,him,709
8245,110154458,",",",",709
8246,110154459,ὅτι,that,709
8247,110154460,ἦν,was,709
8248,110154461,τυφλὸς,blind,709
8249,110154462,καὶ,and,709
8250,110154463,ἀνέβλεψεν,he regained sight,709
8251,110154464,",",",",709
8252,110154465,ἕως,until,709
8253,110154466,ὅτου,when,709
8254,110154467,ἐφώνησαν,summoned,709
8255,110154468,τοὺς,the,709
8256,110154469,γονεῖς,parents,709
8257,110154470,αὐτοῦ,his,709
8258,110154471,τοῦ,of the,709
8259,110154472,ἀναβλέψαντος,having seen,709
8260,110154473,",",",",709
8261,110154474,καὶ,and,709
8262,110154475,ἠρώτησαν,asked,709
8263,110154476,αὐτοὺς,them,709
8264,110154477,λέγοντες,saying,709
8265,110154478,.,.,709
8266,110154479,οὗτός,this,710
8267,110154480,ἐστιν,is,710
8268,110154481,ὁ,the,710
8269,110154482,υἱὸς,son,710
8270,110154483,ὑμῶν,your,710
8271,110154484,",",",",710
8272,110154485,ὃν,whom,710
8273,110154486,ὑμεῖς,you,710
8274,110154487,λέγετε,say,710
8275,110154488,ὅτι,that,710
8276,110154489,τυφλὸς,blind,710
8277,110154490,ἐγεννήθη,was born,710
8278,110154491,;,question mark,710
8279,110154492,πῶς,how,711
8280,110154493,οὖν,therefore,711
8281,110154494,βλέπει,sees,711
8282,110154495,ἄρτι,now,711
8283,110154496,;,?,711
8284,110154497,ἀπεκρίθησαν,answered,712
8285,110154498,οὖν,then,712
8286,110154499,οἱ,the,712
8287,110154500,γονεῖς,parents,712
8288,110154501,αὐτοῦ,his,712
8289,110154502,καὶ,and,712
8290,110154503,εἶπαν,said,712
8291,110154504,.,.,712
8292,110154505,οἴδαμεν,we know,713
8293,110154506,ὅτι,that,713
8294,110154507,οὗτός,this,713
8295,110154508,ἐστιν,is,713
8296,110154509,ὁ,the,713
8297,110154510,υἱὸς,son,713
8298,110154511,ἡμῶν,our,713
8299,110154512,καὶ,and,713
8300,110154513,ὅτι,that,713
8301,110154514,τυφλὸς,blindly,713
8302,110154515,ἐγεννήθη,was born,713
8303,110154516,.,.,713
8304,110154517,πῶς,how,714
8305,110154518,δὲ,but,714
8306,110154519,νῦν,now,714
8307,110154520,βλέπει,see,714
8308,110154521,οὐκ,not,714
8309,110154522,οἴδαμεν,know,714
8310,110154523,",",",",714
8311,110154524,ἢ,or,714
8312,110154525,τίς,who,714
8313,110154526,ἤνοιξεν,opened,714
8314,110154527,αὐτοῦ,his,714
8315,110154528,τοὺς,the,714
8316,110154529,ὀφθαλμοὺς,eyes,714
8317,110154530,ἡμεῖς,we,714
8318,110154531,οὐκ,not,714
8319,110154532,οἴδαμεν,we know,714
8320,110154533,.,.,714
8321,110154534,αὐτὸν,him,715
8322,110154535,ἐρωτήσατε,asked,715
8323,110154536,",",",",715
8324,110154537,ἡλικίαν,age,715
8325,110154538,ἔχει,has,715
8326,110154539,",",",",715
8327,110154540,αὐτὸς,he,715
8328,110154541,περὶ,about,715
8329,110154542,ἑαυτοῦ,himself,715
8330,110154543,λαλήσει,will speak,715
8331,110154544,.,.,715
8332,110154545,ταῦτα,these things,716
8333,110154546,εἶπον,said,716
8334,110154547,οἱ,the,716
8335,110154548,γονεῖς,parents,716
8336,110154549,αὐτοῦ,his,716
8337,110154550,ὅτι,that,716
8338,110154551,ἐφοβοῦντο,feared,716
8339,110154552,τοὺς,the,716
8340,110154553,Ἰουδαίους,Jews,716
8341,110154554,.,.,716
8342,110154555,ἤδη,now,717
8343,110154556,γὰρ,for,717
8344,110154557,συνετέθειντο,had secretly arranged,717
8345,110154558,οἱ,the,717
8346,110154559,Ἰουδαῖοι,Jews,717
8347,110154560,ἵνα,in order that,717
8348,110154561,ἐάν,if,717
8349,110154562,τις,anyone,717
8350,110154563,αὐτὸν,him,717
8351,110154564,ὁμολογήσῃ,should confess,717
8352,110154565,Χριστόν,Christ,717
8353,110154566,",",",",717
8354,110154567,ἀποσυνάγωγος,excommunicated,717
8355,110154568,γένηται,become,717
8356,110154569,.,.,717
8357,110154570,διὰ,because,718
8358,110154571,τοῦτο,this,718
8359,110154572,οἱ,the,718
8360,110154573,γονεῖς,parents,718
8361,110154574,αὐτοῦ,his,718
8362,110154575,εἶπαν,said,718
8363,110154576,ὅτι,that,718
8364,110154577,ἡλικίαν,age,718
8365,110154578,ἔχει,has,718
8366,110154579,",",",",718
8367,110154580,αὐτὸν,him,718
8368,110154581,ἐπερωτήσατε,you asked,718
8369,110154582,.,.,718
8370,110154583,ἐφώνησαν,they questioned,719
8371,110154584,οὖν,therefore,719
8372,110154585,τὸν,the,719
8373,110154586,ἄνθρωπον,man,719
8374,110154587,ἐκ,from,719
8375,110154588,δευτέρου,second,719
8376,110154589,",",",",719
8377,110154590,ὃς,who,719
8378,110154591,ἦν,was,719
8379,110154592,τυφλός,blind,719
8380,110154593,",",",",719
8381,110154594,καὶ,and,719
8382,110154595,εἶπαν,said,719
8383,110154596,αὐτῷ,him,719
8384,110154597,.,.,719
8385,110154598,δὸς,give,720
8386,110154599,δόξαν,glory,720
8387,110154600,τῷ,to,720
8388,110154601,θεῷ,to God,720
8389,110154602,.,.,720
8390,110154603,ἡμεῖς,we,721
8391,110154604,οἴδαμεν,know,721
8392,110154605,ὅτι,that,721
8393,110154606,ὁ,the,721
8394,110154607,ἄνθρωπος,man,721
8395,110154608,οὗτος,this,721
8396,110154609,ἁμαρτωλός,sinner,721
8397,110154610,ἐστιν,is,721
8398,110154611,.,.,721
8399,110154612,ἀπεκρίθη,answered,722
8400,110154613,οὖν,then,722
8401,110154614,ἐκεῖνος,that one,722
8402,110154615,.,.,722
8403,110154616,εἰ,if,723
8404,110154617,ἁμαρτωλός,sinner,723
8405,110154618,ἐστιν,is,723
8406,110154619,οὐκ,not,723
8407,110154620,οἶδα,I know,723
8408,110154621,.,.,723
8409,110154622,ἓν,one,724
8410,110154623,οἶδα,I know,724
8411,110154624,",",",",724
8412,110154625,ὅτι,that,724
8413,110154626,τυφλὸς,blind,724
8414,110154627,ὢν,being,724
8415,110154628,ἄρτι,now,724
8416,110154629,βλέπω,I see,724
8417,110154630,.,.,724
8418,110154631,εἶπον,said,725
8419,110154632,οὖν,therefore,725
8420,110154633,αὐτῷ,him,725
8421,110154634,.,.,725
8422,110154635,τί,what,726
8423,110154636,ἐποίησέν,did,726
8424,110154637,σοι,you,726
8425,110154638,;,?,726
8426,110154639,πῶς,how,727
8427,110154640,ἤνοιξέν,opened,727
8428,110154641,σου,your,727
8429,110154642,τοὺς,the,727
8430,110154643,ὀφθαλμούς,eyes,727
8431,110154644,;,?,727
8432,110154645,ἀπεκρίθη,answered,728
8433,110154646,αὐτοῖς,them,728
8434,110154647,.,.,728
8435,110154648,εἶπον,I said,729
8436,110154649,ὑμῖν,you,729
8437,110154650,ἤδη,already,729
8438,110154651,καὶ,and,729
8439,110154652,οὐκ,not,729
8440,110154653,ἠκούσατε,you heard,729
8441,110154654,.,.,729
8442,110154655,τί,why,730
8443,110154656,πάλιν,again,730
8444,110154657,θέλετε,you want,730
8445,110154658,ἀκούειν,to hear,730
8446,110154659,;,;,730
8447,110154660,μὴ,not,731
8448,110154661,καὶ,also,731
8449,110154662,ὑμεῖς,you,731
8450,110154663,θέλετε,want,731
8451,110154664,αὐτοῦ,his,731
8452,110154665,μαθηταὶ,disciples,731
8453,110154666,γενέσθαι,to become,731
8454,110154667,;,?,731
8455,110154668,ἐλοιδόρησαν,abused,732
8456,110154669,αὐτὸν,him,732
8457,110154670,καὶ,and,732
8458,110154671,εἶπαν,said,732
8459,110154672,.,.,732
8460,110154673,σὺ,you,733
8461,110154674,μαθητὴς,disciple,733
8462,110154675,εἶ,are,733
8463,110154676,ἐκείνου,of that,733
8464,110154677,",",",",733
8465,110154678,ἡμεῖς,we,733
8466,110154679,δὲ,but,733
8467,110154680,τοῦ,of,733
8468,110154681,Μωϋσέως,of Moses,733
8469,110154682,ἐσμὲν,are,733
8470,110154683,μαθηταί,disciples,733
8471,110154684,.,.,733
8472,110154685,ἡμεῖς,we,734
8473,110154686,οἴδαμεν,know,734
8474,110154687,ὅτι,that,734
8475,110154688,Μωϋσεῖ,Moses,734
8476,110154689,λελάληκεν,has spoken,734
8477,110154690,ὁ,the,734
8478,110154691,θεός,God,734
8479,110154692,",",",",734
8480,110154693,τοῦτον,this one,734
8481,110154694,δὲ,but,734
8482,110154695,οὐκ,not,734
8483,110154696,οἴδαμεν,know,734
8484,110154697,πόθεν,from where,734
8485,110154698,ἐστίν,is,734
8486,110154699,.,.,734
8487,110154700,ἀπεκρίθη,answered,735
8488,110154701,ὁ,the,735
8489,110154702,ἄνθρωπος,man,735
8490,110154703,καὶ,and,735
8491,110154704,εἶπεν,said,735
8492,110154705,αὐτοῖς,them,735
8493,110154706,.,.,735
8494,110154707,ἐν,in,736
8495,110154708,τούτῳ,this,736
8496,110154709,γὰρ,for,736
8497,110154710,τὸ,the,736
8498,110154711,θαυμαστόν,wonderful,736
8499,110154712,ἐστιν,is,736
8500,110154713,",",",",736
8501,110154714,ὅτι,that,736
8502,110154715,ὑμεῖς,you,736
8503,110154716,οὐκ,not,736
8504,110154717,οἴδατε,you know,736
8505,110154718,πόθεν,from where,736
8506,110154719,ἐστίν,is,736
8507,110154720,",",",",736
8508,110154721,καὶ,and,736
8509,110154722,ἤνοιξέν,opened,736
8510,110154723,μου,my,736
8511,110154724,τοὺς,the,736
8512,110154725,ὀφθαλμούς,eyes,736
8513,110154726,.,.,736
8514,110154727,οἴδαμεν,we know,737
8515,110154728,ὅτι,that,737
8516,110154729,ἁμαρτωλῶν,of sinners,737
8517,110154730,ὁ,the,737
8518,110154731,θεὸς,God,737
8519,110154732,οὐκ,not,737
8520,110154733,ἀκούει,hears,737
8521,110154734,",",",",737
8522,110154735,ἀλλ',but,737
8523,110154736,ἐάν,if,737
8524,110154737,τις,anyone,737
8525,110154738,θεοσεβὴς,God-fearing,737
8526,110154739,ᾖ,is,737
8527,110154740,καὶ,and,737
8528,110154741,τὸ,the,737
8529,110154742,θέλημα,will,737
8530,110154743,αὐτοῦ,his,737
8531,110154744,ποιῇ,do,737
8532,110154745,",",",",737
8533,110154746,τούτου,this,737
8534,110154747,ἀκούει,hears,737
8535,110154748,.,.,737
8536,110154749,ἐκ,from,738
8537,110154750,τοῦ,the,738
8538,110154751,αἰῶνος,age,738
8539,110154752,οὐκ,not,738
8540,110154753,ἠκούσθη,was heard,738
8541,110154754,ὅτι,that,738
8542,110154755,ἤνοιξέν,opened,738
8543,110154756,τις,someone,738
8544,110154757,ὀφθαλμοὺς,eyes,738
8545,110154758,τυφλοῦ,blind,738
8546,110154759,γεγεννημένου,having been born,738
8547,110154760,.,.,738
8548,110154761,εἰ,if,739
8549,110154762,μὴ,not,739
8550,110154763,ἦν,was,739
8551,110154764,οὗτος,this,739
8552,110154765,παρὰ,from,739
8553,110154766,θεοῦ,God,739
8554,110154767,",",",",739
8555,110154768,οὐκ,not,739
8556,110154769,ἠδύνατο,was able,739
8557,110154770,ποιεῖν,to do,739
8558,110154771,οὐδέν,nothing,739
8559,110154772,.,.,739
8560,110154773,ἀπεκρίθησαν,answered,740
8561,110154774,καὶ,and,740
8562,110154775,εἶπαν,said,740
8563,110154776,αὐτῷ,him,740
8564,110154777,.,.,740
8565,110154778,ἐν,in,741
8566,110154779,ἁμαρτίαις,sins,741
8567,110154780,σὺ,you,741
8568,110154781,ἐγεννήθης,you were born,741
8569,110154782,ὅλος,entirely,741
8570,110154783,",",",",741
8571,110154784,καὶ,and,741
8572,110154785,σὺ,you,741
8573,110154786,διδάσκεις,you teach,741
8574,110154787,ἡμᾶς,us,741
8575,110154788,;,?,741
8576,110154789,καὶ,and,742
8577,110154790,ἐξέβαλον,threw out,742
8578,110154791,αὐτὸν,him,742
8579,110154792,ἔξω,outside,742
8580,110154793,.,.,742
8581,110154794,ἤκουσεν,heard,743
8582,110154795,Ἰησοῦς,Jesus,743
8583,110154796,ὅτι,that,743
8584,110154797,ἐξέβαλον,they cast out,743
8585,110154798,αὐτὸν,him,743
8586,110154799,ἔξω,outside,743
8587,110154800,",",",",743
8588,110154801,καὶ,and,743
8589,110154802,εὑρὼν,having found,743
8590,110154803,αὐτὸν,him,743
8591,110154804,εἶπεν,said,743
8592,110154805,.,.,743
8593,110154806,σὺ,you,744
8594,110154807,πιστεύεις,believe,744
8595,110154808,εἰς,into,744
8596,110154809,τὸν,the,744
8597,110154810,υἱὸν,son,744
8598,110154811,τοῦ,of,744
8599,110154812,ἀνθρώπου,of man,744
8600,110154813,;,?,744
8601,110154814,ἀπεκρίθη,answered,745
8602,110154815,ἐκεῖνος,he,745
8603,110154816,καὶ,and,745
8604,110154817,εἶπεν,said,745
8605,110154818,.,.,745
8606,110154819,καὶ,and,746
8607,110154820,τίς,who,746
8608,110154821,ἐστιν,is,746
8609,110154822,",",",",746
8610,110154823,κύριε,Lord,746
8611,110154824,",",",",746
8612,110154825,ἵνα,that,746
8613,110154826,πιστεύσω,I may believe,746
8614,110154827,εἰς,into,746
8615,110154828,αὐτόν,him,746
8616,110154829,;,question mark,746
8617,110154830,εἶπεν,said,747
8618,110154831,αὐτῷ,to him,747
8619,110154832,ὁ,the,747
8620,110154833,Ἰησοῦς,Jesus,747
8621,110154834,.,.,747
8622,110154835,καὶ,and,748
8623,110154836,ἑώρακας,you have seen,748
8624,110154837,αὐτόν,him,748
8625,110154838,",",",",748
8626,110154839,καὶ,and,748
8627,110154840,ὁ,the,748
8628,110154841,λαλῶν,speaking,748
8629,110154842,μετὰ,with,748
8630,110154843,σοῦ,of you,748
8631,110154844,ἐκεῖνός,that one,748
8632,110154845,ἐστιν,is,748
8633,110154846,.,.,748
8634,110154847,ὁ,he,749
8635,110154848,δὲ,but,749
8636,110154849,ἔφη,said,749
8637,110154850,.,.,749
8638,110154851,πιστεύω,I believe,750
8639,110154852,",",",",750
8640,110154853,κύριε,sir,750
8641,110154854,.,.,750
8642,110154855,καὶ,and,751
8643,110154856,προσεκύνησεν,worshipped,751
8644,110154857,αὐτῷ,him,751
8645,110154858,.,.,751
8646,110154859,καὶ,and,752
8647,110154860,εἶπεν,said,752
8648,110154861,ὁ,the,752
8649,110154862,Ἰησοῦς,Jesus,752
8650,110154863,.,.,752
8651,110154864,εἰς,for,753
8652,110154865,κρίμα,judgment,753
8653,110154866,ἐγὼ,I,753
8654,110154867,εἰς,for,753
8655,110154868,τὸν,the,753
8656,110154869,κόσμον,world,753
8657,110154870,τοῦτον,this,753
8658,110154871,ἦλθον,came,753
8659,110154872,",",",",753
8660,110154873,ἵνα,so that,753
8661,110154874,οἱ,those,753
8662,110154875,μὴ,not,753
8663,110154876,βλέποντες,seeing,753
8664,110154877,βλέπωσιν,may see,753
8665,110154878,καὶ,and,753
8666,110154879,οἱ,the,753
8667,110154880,βλέποντες,seeing,753
8668,110154881,τυφλοὶ,blind,753
8669,110154882,γένωνται,become,753
8670,110154883,.,.,753
8671,110154884,ἤκουσαν,heard,754
8672,110154885,ἐκ,from,754
8673,110154886,τῶν,the,754
8674,110154887,Φαρισαίων,Pharisees,754
8675,110154888,οἱ,the,754
8676,110154889,μετ’,with,754
8677,110154890,αὐτοῦ,him,754
8678,110154891,ὄντες,being,754
8679,110154892,",",",",754
8680,110154893,καὶ,and,754
8681,110154894,εἶπαν,said,754
8682,110154895,αὐτῷ,him,754
8683,110154896,.,.,754
8684,110154897,μὴ,not,755
8685,110154898,καὶ,also,755
8686,110154899,ἡμεῖς,we,755
8687,110154900,τυφλοί,blind,755
8688,110154901,ἐσμεν,are,755
8689,110154902,;,?,755
8690,110154903,εἶπεν,said,756
8691,110154904,αὐτοῖς,them,756
8692,110154905,ὁ,the,756
8693,110154906,Ἰησοῦς,Jesus,756
8694,110154907,.,.,756
8695,110154908,εἰ,if,757
8696,110154909,τυφλοὶ,blind,757
8697,110154910,ἦτε,were,757
8698,110154911,",",",",757
8699,110154912,οὐκ,not,757
8700,110154913,ἂν,if,757
8701,110154914,εἴχετε,you would have,757
8702,110154915,ἁμαρτίαν,sin,757
8703,110154916,.,.,757
8704,110154917,νῦν,now,758
8705,110154918,δὲ,but,758
8706,110154919,λέγετε,say,758
8707,110154920,ὅτι,that,758
8708,110154921,βλέπομεν,we see,758
8709,110154922,.,.,758
8710,110154923,ἡ,the,759
8711,110154924,ἁμαρτία,sin,759
8712,110154925,ὑμῶν,your,759
8713,110154926,μένει,remains,759
8714,110154927,.,.,759
8715,110154928,ἀμὴν,Amen,760
8716,110154929,ἀμὴν,Amen,760
8717,110154930,λέγω,I say,760
8718,110154931,ὑμῖν,you,760
8719,110154932,",",",",760
8720,110154933,ὁ,the,760
8721,110154934,μὴ,not,760
8722,110154935,εἰσερχόμενος,entering,760
8723,110154936,διὰ,through,760
8724,110154937,τῆς,of the,760
8725,110154938,θύρας,door,760
8726,110154939,εἰς,into,760
8727,110154940,τὴν,the,760
8728,110154941,αὐλὴν,courtyard,760
8729,110154942,τῶν,of the,760
8730,110154943,προβάτων,of sheep,760
8731,110154944,ἀλλὰ,but,760
8732,110154945,ἀναβαίνων,climbing,760
8733,110154946,ἀλλαχόθεν,from another place,760
8734,110154947,",",",",760
8735,110154948,ἐκεῖνος,that one,760
8736,110154949,κλέπτης,thief,760
8737,110154950,ἐστὶν,is,760
8738,110154951,καὶ,and,760
8739,110154952,λῃστής,robber,760
8740,110154953,.,.,760
8741,110154954,ὁ,the,761
8742,110154955,δὲ,but,761
8743,110154956,εἰσερχόμενος,entering,761
8744,110154957,διὰ,through,761
8745,110154958,τῆς,the,761
8746,110154959,θύρας,doorway,761
8747,110154960,ποιμήν,shepherd,761
8748,110154961,ἐστιν,is,761
8749,110154962,τῶν,of the,761
8750,110154963,προβάτων,of sheep,761
8751,110154964,.,.,761
8752,110154965,τούτῳ,to this,762
8753,110154966,ὁ,the,762
8754,110154967,θυρωρὸς,doorkeeper,762
8755,110154968,ἀνοίγει,opens,762
8756,110154969,",",",",762
8757,110154970,καὶ,and,762
8758,110154971,τὰ,the,762
8759,110154972,πρόβατα,sheep,762
8760,110154973,τῆς,the,762
8761,110154974,φωνῆς,voice,762
8762,110154975,αὐτοῦ,his,762
8763,110154976,ἀκούει,hears,762
8764,110154977,",",",",762
8765,110154978,καὶ,and,762
8766,110154979,τὰ,the,762
8767,110154980,ἴδια,his own,762
8768,110154981,πρόβατα,sheep,762
8769,110154982,φωνεῖ,calls,762
8770,110154983,κατ’,by,762
8771,110154984,ὄνομα,name,762
8772,110154985,καὶ,and,762
8773,110154986,ἐξάγει,leads out,762
8774,110154987,αὐτά,them,762
8775,110154988,.,.,762
8776,110154989,ὅταν,when,763
8777,110154990,τὰ,the,763
8778,110154991,ἴδια,his own,763
8779,110154992,πάντα,all,763
8780,110154993,ἐκβάλῃ,casts out,763
8781,110154994,",",",",763
8782,110154995,ἔμπροσθεν,before,763
8783,110154996,αὐτῶν,them,763
8784,110154997,πορεύεται,goes,763
8785,110154998,",",",",763
8786,110154999,καὶ,and,763
8787,110155000,τὰ,the,763
8788,110155001,πρόβατα,sheep,763
8789,110155002,αὐτῷ,him,763
8790,110155003,ἀκολουθεῖ,follows,763
8791,110155004,",",",",763
8792,110155005,ὅτι,because,763
8793,110155006,οἴδασιν,know,763
8794,110155007,τὴν,the,763
8795,110155008,φωνὴν,voice,763
8796,110155009,αὐτοῦ,his,763
8797,110155010,.,.,763
8798,110155011,ἀλλοτρίῳ,to a stranger,764
8799,110155012,δὲ,but,764
8800,110155013,οὐ,not,764
8801,110155014,μὴ,not,764
8802,110155015,ἀκολουθήσουσιν,will follow,764
8803,110155016,",",",",764
8804,110155017,ἀλλὰ,but,764
8805,110155018,φεύξονται,they will flee,764
8806,110155019,ἀπ',from,764
8807,110155020,αὐτοῦ,him,764
8808,110155021,",",",",764
8809,110155022,ὅτι,because,764
8810,110155023,οὐκ,not,764
8811,110155024,οἴδασιν,know,764
8812,110155025,τῶν,of the,764
8813,110155026,ἀλλοτρίων,strange,764
8814,110155027,τὴν,the,764
8815,110155028,φωνήν,voice,764
8816,110155029,.,.,764
8817,110155030,ταύτην,this,765
8818,110155031,τὴν,this,765
8819,110155032,παροιμίαν,saying,765
8820,110155033,εἶπεν,said,765
8821,110155034,αὐτοῖς,them,765
8822,110155035,ὁ,the,765
8823,110155036,Ἰησοῦς,Jesus,765
8824,110155037,.,.,765
8825,110155038,ἐκεῖνοι,those,766
8826,110155039,δὲ,but,766
8827,110155040,οὐκ,not,766
8828,110155041,ἔγνωσαν,knew,766
8829,110155042,τίνα,what,766
8830,110155043,ἦν,was,766
8831,110155044,ἃ,what,766
8832,110155045,ἐλάλει,was speaking,766
8833,110155046,αὐτοῖς,to them,766
8834,110155047,.,.,766
8835,110155048,εἶπεν,said,767
8836,110155049,οὖν,therefore,767
8837,110155050,ὁ,the,767
8838,110155051,Ἰησοῦς,Jesus,767
8839,110155052,.,.,767
8840,110155053,ἀμὴν,Amen,768
8841,110155054,ἀμὴν,Amen,768
8842,110155055,λέγω,I say,768
8843,110155056,ὑμῖν,you,768
8844,110155057,ὅτι,that,768
8845,110155058,ἐγώ,I,768
8846,110155059,εἰμι,am,768
8847,110155060,ἡ,the,768
8848,110155061,θύρα,door,768
8849,110155062,τῶν,of the,768
8850,110155063,προβάτων,sheep,768
8851,110155064,.,.,768
8852,110155065,πάντες,all,769
8853,110155066,ὅσοι,as many as,769
8854,110155067,ἦλθον,came,769
8855,110155068,κλέπται,thieves,769
8856,110155069,εἰσὶν,are,769
8857,110155070,καὶ,and,769
8858,110155071,λῃσταί,robbers,769
8859,110155072,",",",",769
8860,110155073,ἀλλ’,but,769
8861,110155074,οὐκ,not,769
8862,110155075,ἤκουσαν,heard,769
8863,110155076,αὐτῶν,them,769
8864,110155077,τὰ,the,769
8865,110155078,πρόβατα,sheep,769
8866,110155079,.,.,769
8867,110155080,ἐγώ,I,770
8868,110155081,εἰμι,am,770
8869,110155082,ἡ,the,770
8870,110155083,θύρα,door,770
8871,110155084,.,.,770
8872,110155085,δι’,through,771
8873,110155086,ἐμοῦ,me,771
8874,110155087,ἐάν,if,771
8875,110155088,τις,anyone,771
8876,110155089,εἰσέλθῃ,enters,771
8877,110155090,",",",",771
8878,110155091,σωθήσεται,will be saved,771
8879,110155092,καὶ,and,771
8880,110155093,εἰσελεύσεται,will enter,771
8881,110155094,καὶ,and,771
8882,110155095,ἐξελεύσεται,will go out,771
8883,110155096,καὶ,and,771
8884,110155097,νομὴν,pasture,771
8885,110155098,εὑρήσει,will find,771
8886,110155099,.,.,771
8887,110155100,ὁ,the,772
8888,110155101,κλέπτης,thief,772
8889,110155102,οὐκ,not,772
8890,110155103,ἔρχεται,comes,772
8891,110155104,εἰ,except,772
8892,110155105,μὴ,not,772
8893,110155106,ἵνα,in order that,772
8894,110155107,κλέψῃ,steal,772
8895,110155108,καὶ,and,772
8896,110155109,θύσῃ,kill,772
8897,110155110,καὶ,and,772
8898,110155111,ἀπολέσῃ,destroy,772
8899,110155112,.,.,772
8900,110155113,ἐγὼ,I,773
8901,110155114,ἦλθον,came,773
8902,110155115,ἵνα,so that,773
8903,110155116,ζωὴν,life,773
8904,110155117,ἔχωσιν,have,773
8905,110155118,καὶ,and,773
8906,110155119,περισσὸν,abundant,773
8907,110155120,ἔχωσιν,have,773
8908,110155121,.,.,773
8909,110155122,ἐγώ,I,774
8910,110155123,εἰμι,am,774
8911,110155124,ὁ,the,774
8912,110155125,ποιμὴν,shepherd,774
8913,110155126,ὁ,the,774
8914,110155127,καλός,good,774
8915,110155128,.,.,774
8916,110155129,ὁ,the,775
8917,110155130,ποιμὴν,shepherd,775
8918,110155131,ὁ,the,775
8919,110155132,καλὸς,good,775
8920,110155133,τὴν,the,775
8921,110155134,ψυχὴν,soul,775
8922,110155135,αὐτοῦ,his,775
8923,110155136,τίθησιν,lays down,775
8924,110155137,ὑπὲρ,for,775
8925,110155138,τῶν,of the,775
8926,110155139,προβάτων,of sheep,775
8927,110155140,.,.,775
8928,110155141,ὁ,the,776
8929,110155142,μισθωτὸς,hireling,776
8930,110155143,καὶ,and,776
8931,110155144,οὐκ,not,776
8932,110155145,ὢν,being,776
8933,110155146,ποιμήν,shepherd,776
8934,110155147,",",",",776
8935,110155148,οὗ,their,776
8936,110155149,οὐκ,not,776
8937,110155150,ἐστὶν,are,776
8938,110155151,τὰ,the,776
8939,110155152,πρόβατα,sheep,776
8940,110155153,ἴδια,his own,776
8941,110155154,",",",",776
8942,110155155,θεωρεῖ,sees,776
8943,110155156,τὸν,the,776
8944,110155157,λύκον,wolf,776
8945,110155158,ἐρχόμενον,coming,776
8946,110155159,καὶ,and,776
8947,110155160,ἀφίησιν,leaves,776
8948,110155161,τὰ,the,776
8949,110155162,πρόβατα,sheep,776
8950,110155163,καὶ,and,776
8951,110155164,φεύγει,flees,776
8952,110155165,",",",",776
8953,110155166,καὶ,and,776
8954,110155167,ὁ,the,776
8955,110155168,λύκος,wolf,776
8956,110155169,ἁρπάζει,seizes,776
8957,110155170,αὐτὰ,them,776
8958,110155171,καὶ,and,776
8959,110155172,σκορπίζει,scatters,776
8960,110155173,.,.,776
8961,110155174,ὅτι,that,777
8962,110155175,μισθωτός,hireling,777
8963,110155176,ἐστιν,is,777
8964,110155177,",",",",777
8965,110155178,καὶ,and,777
8966,110155179,οὐ,not,777
8967,110155180,μέλει,cares,777
8968,110155181,αὐτῷ,to him,777
8969,110155182,περὶ,about,777
8970,110155183,τῶν,of the,777
8971,110155184,προβάτων,sheep,777
8972,110155185,.,.,777
8973,110155186,ἐγώ,I,778
8974,110155187,εἰμι,am,778
8975,110155188,ὁ,the,778
8976,110155189,ποιμὴν,shepherd,778
8977,110155190,ὁ,the,778
8978,110155191,καλός,good,778
8979,110155192,",",",",778
8980,110155193,καὶ,and,778
8981,110155194,γινώσκω,know,778
8982,110155195,τὰ,the,778
8983,110155196,ἐμά,my,778
8984,110155197,",",",",778
8985,110155198,καὶ,and,778
8986,110155199,γινώσκουσί,they know,778
8987,110155200,με,me,778
8988,110155201,τὰ,the,778
8989,110155202,ἐμά,my own,778
8990,110155203,",",",",778
8991,110155204,καθὼς,just as,778
8992,110155205,γινώσκει,knows,778
8993,110155206,με,me,778
8994,110155207,ὁ,the,778
8995,110155208,πατὴρ,father,778
8996,110155209,κα-,and,778
8997,110155210,κἀγὼ,and I,778
8998,110155211,γινώσκω,know,778
8999,110155212,τὸν,the,778
9000,110155213,πατέρα,father,778
9001,110155214,",",",",778
9002,110155215,καὶ,and,778
9003,110155216,τὴν,the,778
9004,110155217,ψυχήν,soul,778
9005,110155218,μου,my,778
9006,110155219,τίθημι,lay down,778
9007,110155220,ὑπὲρ,for,778
9008,110155221,τῶν,of the,778
9009,110155222,προβάτων,sheep,778
9010,110155223,.,.,778
9011,110155224,καὶ,and,779
9012,110155225,ἄλλα,other,779
9013,110155226,πρόβατα,sheep,779
9014,110155227,ἔχω,have,779
9015,110155228,",",",",779
9016,110155229,ἃ,which,779
9017,110155230,οὐκ,not,779
9018,110155231,ἔστιν,are,779
9019,110155232,ἐκ,out of,779
9020,110155233,τῆς,the,779
9021,110155234,αὐλῆς,pen,779
9022,110155235,ταύτης,this,779
9023,110155236,.,.,779
9024,110155237,κα-,and,780
9025,110155238,κἀκεῖνα,those things,780
9026,110155239,δεῖ,must,780
9027,110155240,με,me,780
9028,110155241,ἀγαγεῖν,to lead,780
9029,110155242,",",",",780
9030,110155243,καὶ,and,780
9031,110155244,τῆς,of the,780
9032,110155245,φωνῆς,of my voice,780
9033,110155246,μου,of me,780
9034,110155247,ἀκούσουσιν,will hear,780
9035,110155248,",",",",780
9036,110155249,καὶ,and,780
9037,110155250,γενήσεται,will become,780
9038,110155251,μία,one,780
9039,110155252,ποίμνη,flock,780
9040,110155253,",",",",780
9041,110155254,εἷς,one,780
9042,110155255,ποιμήν,shepherd,780
9043,110155256,.,.,780
9044,110155257,διὰ,because,781
9045,110155258,τοῦτό,this,781
9046,110155259,με,me,781
9047,110155260,ὁ,the,781
9048,110155261,πατὴρ,father,781
9049,110155262,ἀγαπᾷ,loves,781
9050,110155263,",",",",781
9051,110155264,ὅτι,that,781
9052,110155265,ἐγὼ,I,781
9053,110155266,τίθημι,lay down,781
9054,110155267,τὴν,the,781
9055,110155268,ψυχήν,soul,781
9056,110155269,μου,my,781
9057,110155270,",",",",781
9058,110155271,ἵνα,so that,781
9059,110155272,πάλιν,again,781
9060,110155273,λάβω,take,781
9061,110155274,αὐτήν,her,781
9062,110155275,.,.,781
9063,110155276,οὐδεὶς,no one,782
9064,110155277,αἴρει,takes up,782
9065,110155278,αὐτὴν,it,782
9066,110155279,ἀπ’,from,782
9067,110155280,ἐμοῦ,me,782
9068,110155281,",",",",782
9069,110155282,ἀλλ’,but,782
9070,110155283,ἐγὼ,I,782
9071,110155284,τίθημι,I set,782
9072,110155285,αὐτὴν,it,782
9073,110155286,ἀπ',from,782
9074,110155287,ἐμαυτοῦ,myself,782
9075,110155288,.,.,782
9076,110155289,ἐξουσίαν,power,783
9077,110155290,ἔχω,have,783
9078,110155291,θεῖναι,to place,783
9079,110155292,αὐτήν,it,783
9080,110155293,",",",",783
9081,110155294,καὶ,and,783
9082,110155295,ἐξουσίαν,power,783
9083,110155296,ἔχω,have,783
9084,110155297,πάλιν,again,783
9085,110155298,λαβεῖν,to take,783
9086,110155299,αὐτήν,her,783
9087,110155300,.,.,783
9088,110155301,ταύτην,this,784
9089,110155302,τὴν,this,784
9090,110155303,ἐντολὴν,commandment,784
9091,110155304,ἔλαβον,received,784
9092,110155305,παρὰ,from,784
9093,110155306,τοῦ,of the,784
9094,110155307,πατρός,father's,784
9095,110155308,μου,my,784
9096,110155309,.,.,784
9097,110155310,σχίσμα,schism,785
9098,110155311,πάλιν,again,785
9099,110155312,ἐγένετο,came about,785
9100,110155313,ἐν,among,785
9101,110155314,τοῖς,the,785
9102,110155315,Ἰουδαίοις,among the Jews,785
9103,110155316,διὰ,because of,785
9104,110155317,τοὺς,the,785
9105,110155318,λόγους,words,785
9106,110155319,τούτους,these,785
9107,110155320,.,.,785
9108,110155321,ἔλεγον,were saying,786
9109,110155322,οὖν,therefore,786
9110,110155323,πολλοὶ,many,786
9111,110155324,ἐξ,out of,786
9112,110155325,αὐτῶν,of them,786
9113,110155326,.,.,786
9114,110155327,δαιμόνιον,a demon,787
9115,110155328,ἔχει,has,787
9116,110155329,καὶ,and,787
9117,110155330,μαίνεται,is mad,787
9118,110155331,.,.,787
9119,110155332,τί,why,788
9120,110155333,αὐτοῦ,him,788
9121,110155334,ἀκούετε,you hear,788
9122,110155335,;,;,788
9123,110155336,ἄλλοι,others,789
9124,110155337,ἔλεγον,were saying,789
9125,110155338,.,.,789
9126,110155339,ταῦτα,these,790
9127,110155340,τὰ,these,790
9128,110155341,ῥήματα,things,790
9129,110155342,οὐκ,not,790
9130,110155343,ἔστιν,are,790
9131,110155344,δαιμονιζομένου,demon-possessed,790
9132,110155345,.,.,790
9133,110155346,μὴ,not,791
9134,110155347,δαιμόνιον,demon,791
9135,110155348,δύναται,can,791
9136,110155349,τυφλῶν,blind,791
9137,110155350,ὀφθαλμοὺς,eyes,791
9138,110155351,ἀνοῖξαι,to open,791
9139,110155352,;,?,791
9140,110155353,ἐγένετο,it was,792
9141,110155354,δὲ,but,792
9142,110155355,τὰ,the,792
9143,110155356,ἐνκαίνια,festival,792
9144,110155357,ἐν,in,792
9145,110155358,τοῖς,the,792
9146,110155359,Ἱεροσολύμοις,Jerusalem,792
9147,110155360,.,.,792
9148,110155361,χειμὼν,winter,793
9149,110155362,ἦν,was,793
9150,110155363,.,.,793
9151,110155364,καὶ,and,794
9152,110155365,περιεπάτει,was walking,794
9153,110155366,ὁ,the,794
9154,110155367,Ἰησοῦς,Jesus,794
9155,110155368,ἐν,in,794
9156,110155369,τῷ,the,794
9157,110155370,ἱερῷ,holy,794
9158,110155371,ἐν,in,794
9159,110155372,τῇ,the,794
9160,110155373,στοᾷ,portico,794
9161,110155374,Σολομῶνος,of Solomon,794
9162,110155375,.,.,794
9163,110155376,ἐκύκλωσαν,surrounded,795
9164,110155377,οὖν,then,795
9165,110155378,αὐτὸν,him,795
9166,110155379,οἱ,the,795
9167,110155380,Ἰουδαῖοι,the Jews,795
9168,110155381,καὶ,and,795
9169,110155382,ἔλεγον,were saying,795
9170,110155383,αὐτῷ,him,795
9171,110155384,.,.,795
9172,110155385,ἕως,until,796
9173,110155386,πότε,how long,796
9174,110155387,τὴν,the,796
9175,110155388,ψυχὴν,soul,796
9176,110155389,ἡμῶν,of us,796
9177,110155390,αἴρεις,you take,796
9178,110155391,;,;,796
9179,110155392,εἰ,are,797
9180,110155393,σὺ,you,797
9181,110155394,εἶ,are,797
9182,110155395,ὁ,the,797
9183,110155396,Χριστός,Messiah,797
9184,110155397,",",",",797
9185,110155398,εἰπὸν,say,797
9186,110155399,ἡμῖν,us,797
9187,110155400,παρρησίᾳ,boldly,797
9188,110155401,.,.,797
9189,110155402,ἀπεκρίθη,answered,798
9190,110155403,ὁ,the,798
9191,110155404,Ἰησοῦς,Jesus,798
9192,110155405,.,.,798
9193,110155406,εἶπον,said,799
9194,110155407,ὑμῖν,you,799
9195,110155408,",",",",799
9196,110155409,καὶ,and,799
9197,110155410,οὐ,not,799
9198,110155411,πιστεύετε,believe,799
9199,110155412,.,.,799
9200,110155413,τὰ,the,800
9201,110155414,ἔργα,works,800
9202,110155415,ἃ,which,800
9203,110155416,ἐγὼ,I,800
9204,110155417,ποιῶ,do,800
9205,110155418,ἐν,in,800
9206,110155419,τῷ,the,800
9207,110155420,ὀνόματι,name,800
9208,110155421,τοῦ,of the,800
9209,110155422,πατρός,of father,800
9210,110155423,μου,my,800
9211,110155424,",",",",800
9212,110155425,ταῦτα,these,800
9213,110155426,μαρτυρεῖ,testify,800
9214,110155427,περὶ,about,800
9215,110155428,ἐμοῦ,me,800
9216,110155429,.,.,800
9217,110155430,ἀλλὰ,but,801
9218,110155431,ὑμεῖς,you,801
9219,110155432,οὐ,not,801
9220,110155433,πιστεύετε,you believe,801
9221,110155434,",",",",801
9222,110155435,ὅτι,that,801
9223,110155436,οὐκ,not,801
9224,110155437,ἐστὲ,are,801
9225,110155438,ἐκ,from,801
9226,110155439,τῶν,the,801
9227,110155440,προβάτων,sheep,801
9228,110155441,τῶν,the,801
9229,110155442,ἐμῶν,my,801
9230,110155443,.,.,801
9231,110155444,τὰ,the,802
9232,110155445,πρόβατα,sheep,802
9233,110155446,τὰ,the,802
9234,110155447,ἐμὰ,my,802
9235,110155448,τῆς,of the,802
9236,110155449,φωνῆς,voice,802
9237,110155450,μου,my,802
9238,110155451,ἀκούουσιν,hear,802
9239,110155452,",",",",802
9240,110155453,κα-,and,802
9241,110155454,κἀγὼ,I,802
9242,110155455,γινώσκω,know,802
9243,110155456,αὐτά,them,802
9244,110155457,",",",",802
9245,110155458,καὶ,and,802
9246,110155459,ἀκολουθοῦσίν,follow,802
9247,110155460,μοι,me,802
9248,110155461,",",",",802
9249,110155462,κα-,and,802
9250,110155463,κἀγὼ,and I,802
9251,110155464,δίδωμι,I give,802
9252,110155465,αὐτοῖς,them,802
9253,110155466,ζωὴν,life,802
9254,110155467,αἰώνιον,eternal,802
9255,110155468,",",",",802
9256,110155469,καὶ,and,802
9257,110155470,οὐ,not,802
9258,110155471,μὴ,not,802
9259,110155472,ἀπόλωνται,perish,802
9260,110155473,εἰς,into,802
9261,110155474,τὸν,the,802
9262,110155475,αἰῶνα,age,802
9263,110155476,",",",",802
9264,110155477,καὶ,and,802
9265,110155478,οὐχ,not,802
9266,110155479,ἁρπάσει,will snatch,802
9267,110155480,τις,anyone,802
9268,110155481,αὐτὰ,them,802
9269,110155482,ἐκ,from,802
9270,110155483,τῆς,of the,802
9271,110155484,χειρός,hand,802
9272,110155485,μου,of me,802
9273,110155486,.,.,802
9274,110155487,ὁ,the,803
9275,110155488,πατήρ,father,803
9276,110155489,ὃ,that,803
9277,110155490,δέδωκέν,has given,803
9278,110155491,μοι,to me,803
9279,110155492,πάντων,all,803
9280,110155493,μεῖζόν,greater,803
9281,110155494,ἐστιν,is,803
9282,110155495,",",",",803
9283,110155496,καὶ,and,803
9284,110155497,οὐδεὶς,no one,803
9285,110155498,δύναται,is able,803
9286,110155499,ἁρπάζειν,to snatch,803
9287,110155500,ἐκ,from,803
9288,110155501,τῆς,the,803
9289,110155502,χειρὸς,hand,803
9290,110155503,τοῦ,the,803
9291,110155504,πατρός,father,803
9292,110155505,.,.,803
9293,110155506,ἐγὼ,I,804
9294,110155507,καὶ,and,804
9295,110155508,ὁ,the,804
9296,110155509,πατὴρ,father,804
9297,110155510,ἕν,one,804
9298,110155511,ἐσμεν,are,804
9299,110155512,.,.,804
9300,110155513,ἐβάστασαν,picked up,805
9301,110155514,πάλιν,again,805
9302,110155515,λίθους,stones,805
9303,110155516,οἱ,the,805
9304,110155517,Ἰουδαῖοι,Jews,805
9305,110155518,ἵνα,in order that,805
9306,110155519,λιθάσωσιν,stone,805
9307,110155520,αὐτόν,him,805
9308,110155521,.,.,805
9309,110155522,ἀπεκρίθη,answered,806
9310,110155523,αὐτοῖς,to them,806
9311,110155524,ὁ,the,806
9312,110155525,Ἰησοῦς,Jesus,806
9313,110155526,",",",",806
9314,110155527,πολλὰ,many,806
9315,110155528,ἔργα,works,806
9316,110155529,καλὰ,good,806
9317,110155530,ἔδειξα,showed,806
9318,110155531,ὑμῖν,you,806
9319,110155532,ἐκ,from,806
9320,110155533,τοῦ,of the,806
9321,110155534,πατρός,of the father,806
9322,110155535,.,.,806
9323,110155536,διὰ,because,807
9324,110155537,ποῖον,what,807
9325,110155538,αὐτῶν,their,807
9326,110155539,ἔργον,work,807
9327,110155540,ἐμὲ,me,807
9328,110155541,λιθάζετε,stone,807
9329,110155542,;,?,807
9330,110155543,ἀπεκρίθησαν,answered,808
9331,110155544,αὐτῷ,him,808
9332,110155545,οἱ,the,808
9333,110155546,Ἰουδαῖοι,Jews,808
9334,110155547,.,.,808
9335,110155548,περὶ,about,809
9336,110155549,καλοῦ,good,809
9337,110155550,ἔργου,of a work,809
9338,110155551,οὐ,not,809
9339,110155552,λιθάζομέν,stone,809
9340,110155553,σε,you,809
9341,110155554,ἀλλὰ,but,809
9342,110155555,περὶ,about,809
9343,110155556,βλασφημίας,blasphemies,809
9344,110155557,",",",",809
9345,110155558,καὶ,and,809
9346,110155559,ὅτι,because,809
9347,110155560,σὺ,you,809
9348,110155561,ἄνθρωπος,human being,809
9349,110155562,ὢν,being,809
9350,110155563,ποιεῖς,make,809
9351,110155564,σεαυτὸν,yourself,809
9352,110155565,θεόν,a god,809
9353,110155566,.,.,809
9354,110155567,ἀπεκρίθη,answered,810
9355,110155568,αὐτοῖς,them,810
9356,110155569,ὁ,the,810
9357,110155570,Ἰησοῦς,Jesus,810
9358,110155571,.,.,810
9359,110155572,οὐκ,not,811
9360,110155573,ἔστιν,is,811
9361,110155574,γεγραμμένον,written,811
9362,110155575,ἐν,in,811
9363,110155576,τῷ,the,811
9364,110155577,νόμῳ,law,811
9365,110155578,ὑμῶν,your,811
9366,110155579,ὅτι,that,811
9367,110155580,ἐγὼ,I,811
9368,110155581,εἶπα,said,811
9369,110155582,.,.,811
9370,110155583,θεοί,gods,812
9371,110155584,ἐστε,you are,812
9372,110155585,;,?,812
9373,110155586,εἰ,if,813
9374,110155587,ἐκείνους,those,813
9375,110155588,εἶπεν,said,813
9376,110155589,θεούς,gods,813
9377,110155590,",",",",813
9378,110155591,πρὸς,to,813
9379,110155592,οὓς,whom,813
9380,110155593,ὁ,the,813
9381,110155594,λόγος,Word,813
9382,110155595,ἐγένετο,came into being,813
9383,110155596,τοῦ,of,813
9384,110155597,θεοῦ,of God,813
9385,110155598,",",",",813
9386,110155599,καὶ,and,813
9387,110155600,οὐ,not,813
9388,110155601,δύναται,can,813
9389,110155600,λυθῆναι,to be loosed,813
9390,110155603,ἡ,the,813
9391,110155604,γραφή,Scripture,813
9392,110155605,",",",",813
9393,110155606,ὃν,whom,813
9394,110155607,ὁ,the,813
9395,110155608,πατὴρ,father,813
9396,110155609,ἡγίασεν,consecrated,813
9397,110155610,καὶ,and,813
9398,110155611,ἀπέστειλεν,sent,813
9399,110155612,εἰς,into,813
9400,110155613,τὸν,the,813
9401,110155614,κόσμον,world,813
9402,110155615,ὑμεῖς,you,813
9403,110155616,λέγετε,you say,813
9404,110155617,ὅτι,that,813
9405,110155618,βλασφημεῖς,blaspheme,813
9406,110155619,",",",",813
9407,110155620,ὅτι,that,813
9408,110155621,εἶπον,I said,813
9409,110155622,.,.,813
9410,110155623,υἱὸς,son,814
9411,110155624,θεοῦ,of God,814
9412,110155625,εἰμι,am,814
9413,110155626,;,?,814
9414,110155627,εἰ,if,815
9415,110155628,οὐ,not,815
9416,110155629,ποιῶ,do,815
9417,110155630,τὰ,the,815
9418,110155631,ἔργα,works,815
9419,110155632,τοῦ,of the,815
9420,110155633,πατρός,of father,815
9421,110155634,μου,my,815
9422,110155635,",",",",815
9423,110155636,μὴ,not,815
9424,110155637,πιστεύετέ,believe,815
9425,110155638,μοι,me,815
9426,110155639,.,.,815
9427,110155640,εἰ,if,816
9428,110155641,δὲ,but,816
9429,110155642,ποιῶ,work,816
9430,110155643,",",",",816
9431,110155644,κα-,and,816
9432,110155645,κἂν,if,816
9433,110155646,ἐμοὶ,me,816
9434,110155647,μὴ,not,816
9435,110155648,πιστεύητε,believe,816
9436,110155649,",",",",816
9437,110155650,τοῖς,the,816
9438,110155651,ἔργοις,works,816
9439,110155652,πιστεύετε,believe,816
9440,110155653,",",",",816
9441,110155654,ἵνα,so that,816
9442,110155655,γνῶτε,you may know,816
9443,110155656,καὶ,and,816
9444,110155657,γινώσκητε,may come to know,816
9445,110155658,ὅτι,that,816
9446,110155659,ἐν,in,816
9447,110155660,ἐμοὶ,in me,816
9448,110155661,ὁ,the,816
9449,110155662,πατὴρ,Father,816
9450,110155663,κα-,and,816
9451,110155664,κἀγὼ,and I,816
9452,110155665,ἐν,in,816
9453,110155666,τῷ,the,816
9454,110155667,πατρί,Father,816
9455,110155668,.,.,816
9456,110155669,ἐζήτουν,were seeking,817
9457,110155670,οὖν,therefore,817
9458,110155671,αὐτὸν,him,817
9459,110155672,πιάσαι,to seize,817
9460,110155673,",",",",817
9461,110155674,καὶ,and,817
9462,110155675,ἐξῆλθεν,went out,817
9463,110155676,ἐκ,from,817
9464,110155677,τῆς,the,817
9465,110155678,χειρὸς,hand,817
9466,110155679,αὐτῶν,their,817
9467,110155680,.,.,817
9468,110155681,καὶ,and,818
9469,110155682,ἀπῆλθεν,went away,818
9470,110155683,πάλιν,again,818
9471,110155684,πέραν,across,818
9472,110155685,τοῦ,of the,818
9473,110155686,Ἰορδάνου,Jordan,818
9474,110155687,εἰς,into,818
9475,110155688,τὸν,the,818
9476,110155689,τόπον,place,818
9477,110155690,ὅπου,where,818
9478,110155691,ἦν,was,818
9479,110155692,Ἰωάννης,John,818
9480,110155693,τὸ,the,818
9481,110155694,πρῶτον,formerly,818
9482,110155695,βαπτίζων,baptizing,818
9483,110155696,",",",",818
9484,110155697,καὶ,and,818
9485,110155698,ἔμεινεν,remained,818
9486,110155699,ἐκεῖ,there,818
9487,110155700,.,.,818
9488,110155701,καὶ,and,819
9489,110155702,πολλοὶ,many,819
9490,110155703,ἦλθον,came,819
9491,110155704,πρὸς,to,819
9492,110155705,αὐτὸν,him,819
9493,110155706,καὶ,and,819
9494,110155707,ἔλεγον,were saying,819
9495,110155708,ὅτι,that,819
9496,110155709,Ἰωάννης,John,819
9497,110155710,μὲν,indeed,819
9498,110155711,σημεῖον,sign,819
9499,110155712,ἐποίησεν,did,819
9500,110155713,οὐδέν,nothing,819
9501,110155714,",",",",819
9502,110155715,πάντα,all,819
9503,110155716,δὲ,but,819
9504,110155717,ὅσα,all that,819
9505,110155718,εἶπεν,said,819
9506,110155719,Ἰωάννης,John,819
9507,110155720,περὶ,concerning,819
9508,110155721,τούτου,about this,819
9509,110155722,ἀληθῆ,true,819
9510,110155723,ἦν,was,819
9511,110155724,.,.,819
9512,110155725,καὶ,and,820
9513,110155726,πολλοὶ,many,820
9514,110155727,ἐπίστευσαν,believed,820
9515,110155728,εἰς,into,820
9516,110155729,αὐτὸν,him,820
9517,110155730,ἐκεῖ,there,820
9518,110155731,.,.,820
9519,110155732,ἦν,was,821
9520,110155733,δέ,but,821
9521,110155734,τις,a certain,821
9522,110155735,ἀσθενῶν,was ill,821
9523,110155736,",",",",821
9524,110155737,Λάζαρος,Lazarus,821
9525,110155738,ἀπὸ,from,821
9526,110155739,Βηθανίας,Bethany,821
9527,110155740,",",",",821
9528,110155741,ἐκ,from,821
9529,110155742,τῆς,the,821
9530,110155743,κώμης,village,821
9531,110155744,τῆς,of the,821
9532,110155745,Μαρίας,of Mary,821
9533,110155746,καὶ,and,821
9534,110155747,Μάρθας,Martha,821
9535,110155748,τῆς,the,821
9536,110155749,ἀδελφῆς,sister,821
9537,110155750,αὐτῆς,her,821
9538,110155751,.,.,821
9539,110155752,ἦν,was,822
9540,110155753,δὲ,but,822
9541,110155754,Μαρία,Mary,822
9542,110155755,ἡ,the,822
9543,110155756,ἀλείψασα,having anointed,822
9544,110155757,τὸν,the,822
9545,110155758,κύριον,Lord,822
9546,110155759,μύρῳ,with ointment,822
9547,110155760,καὶ,and,822
9548,110155761,ἐκμάξασα,wiped,822
9549,110155762,τοὺς,the,822
9550,110155763,πόδας,feet,822
9551,110155764,αὐτοῦ,his,822
9552,110155765,ταῖς,the,822
9553,110155766,θριξὶν,hair,822
9554,110155767,αὐτῆς,her,822
9555,110155768,",",",",822
9556,110155769,ἧς,of whom,822
9557,110155770,ὁ,the,822
9558,110155771,ἀδελφὸς,brother,822
9559,110155772,Λάζαρος,Lazarus,822
9560,110155773,ἠσθένει,was ill,822
9561,110155774,.,.,822
9562,110155775,ἀπέστειλαν,sent,823
9563,110155776,οὖν,so,823
9564,110155777,αἱ,the,823
9565,110155778,ἀδελφαὶ,sisters,823
9566,110155779,πρὸς,to,823
9567,110155780,αὐτὸν,him,823
9568,110155781,λέγουσαι,saying,823
9569,110155782,.,.,823
9570,110155783,κύριε,Lord,824
9571,110155784,",",",",824
9572,110155785,ἴδε,see,824
9573,110155786,ὃν,whom,824
9574,110155787,φιλεῖς,you love,824
9575,110155788,ἀσθενεῖ,is ill,824
9576,110155789,.,.,824
9577,110155790,ἀκούσας,having heard,825
9578,110155791,δὲ,but,825
9579,110155792,ὁ,the,825
9580,110155793,Ἰησοῦς,Jesus,825
9581,110155794,εἶπεν,said,825
9582,110155795,.,.,825
9583,110155796,αὕτη,this,826
9584,110155797,ἡ,the,826
9585,110155798,ἀσθένεια,illness,826
9586,110155799,οὐκ,not,826
9587,110155800,ἔστιν,is,826
9588,110155801,πρὸς,for,826
9589,110155802,θάνατον,death,826
9590,110155803,ἀλλ’,but,826
9591,110155804,ὑπὲρ,for,826
9592,110155805,τῆς,of the,826
9593,110155806,δόξης,glory,826
9594,110155807,τοῦ,of the,826
9595,110155808,θεοῦ,of God,826
9596,110155809,",",",",826
9597,110155810,ἵνα,in order that,826
9598,110155811,δοξασθῇ,be glorified,826
9599,110155812,ὁ,the,826
9600,110155813,υἱὸς,Son,826
9601,110155814,τοῦ,of the,826
9602,110155815,θεοῦ,of God,826
9603,110155816,δι’,through,826
9604,110155817,αὐτῆς,it,826
9605,110155818,.,.,826
9606,110155819,ἠγάπα,loved,827
9607,110155820,δὲ,but,827
9608,110155821,ὁ,the,827
9609,110155822,Ἰησοῦς,Jesus,827
9610,110155823,τὴν,the,827
9611,110155824,Μάρθαν,Martha,827
9612,110155825,καὶ,and,827
9613,110155826,τὴν,the,827
9614,110155827,ἀδελφὴν,sister,827
9615,110155828,αὐτῆς,her,827
9616,110155829,καὶ,and,827
9617,110155830,τὸν,the,827
9618,110155831,Λάζαρον,Lazarus,827
9619,110155832,.,.,827
9620,110155833,ὡς,so,828
9621,110155834,οὖν,therefore,828
9622,110155835,ἤκουσεν,heard,828
9623,110155836,ὅτι,that,828
9624,110155837,ἀσθενεῖ,is sick,828
9625,110155838,",",",",828
9626,110155839,τότε,then,828
9627,110155840,μὲν,on the one hand,828
9628,110155841,ἔμεινεν,remained,828
9629,110155842,ἐν,in,828
9630,110155843,ᾧ,where,828
9631,110155844,ἦν,was,828
9632,110155845,τόπῳ,place,828
9633,110155846,δύο,two,828
9634,110155847,ἡμέρας,days,828
9635,110155848,.,.,828
9636,110155849,ἔπειτα,then,829
9637,110155850,μετὰ,after,829
9638,110155851,τοῦτο,this,829
9639,110155852,λέγει,says,829
9640,110155853,τοῖς,the,829
9641,110155854,μαθηταῖς,disciples,829
9642,110155855,.,.,829
9643,110155856,ἄγωμεν,let us lead,830
9644,110155857,εἰς,into,830
9645,110155858,τὴν,the,830
9646,110155859,Ἰουδαίαν,Judea,830
9647,110155860,πάλιν,again,830
9648,110155861,.,.,830
9649,110155862,λέγουσιν,say,831
9650,110155863,αὐτῷ,him,831
9651,110155864,οἱ,the,831
9652,110155865,μαθηταί,disciples,831
9653,110155866,.,.,831
9654,110155867,ῥαββεί,rabbi,832
9655,110155868,",",",",832
9656,110155869,νῦν,now,832
9657,110155870,ἐζήτουν,I was seeking,832
9658,110155871,σε,you,832
9659,110155872,λιθάσαι,to stone,832
9660,110155873,οἱ,the,832
9661,110155874,Ἰουδαῖοι,Jews,832
9662,110155875,",",",",832
9663,110155876,καὶ,and,832
9664,110155877,πάλιν,again,832
9665,110155878,ὑπάγεις,you go,832
9666,110155879,ἐκεῖ,there,832
9667,110155880,;,;,832
9668,110155881,ἀπεκρίθη,answered,833
9669,110155882,Ἰησοῦς,Jesus,833
9670,110155883,.,.,833
9671,110155884,οὐχὶ,not,834
9672,110155885,δώδεκα,twelve,834
9673,110155886,ὧραί,hours,834
9674,110155887,εἰσίν,are,834
9675,110155888,τῆς,of the,834
9676,110155889,ἡμέρας,of day,834
9677,110155890,;,?,834
9678,110155891,ἐάν,if,835
9679,110155892,τις,anyone,835
9680,110155893,περιπατῇ,walks,835
9681,110155894,ἐν,in,835
9682,110155895,τῇ,the,835
9683,110155896,ἡμέρᾳ,day,835
9684,110155897,",",",",835
9685,110155898,οὐ,not,835
9686,110155899,προσκόπτει,stumbles,835
9687,110155900,",",",",835
9688,110155901,ὅτι,because,835
9689,110155902,τὸ,the,835
9690,110155903,φῶς,light,835
9691,110155904,τοῦ,of the,835
9692,110155905,κόσμου,world,835
9693,110155906,τούτου,this,835
9694,110155907,βλέπει,sees,835
9695,110155908,.,.,835
9696,110155909,ἐὰν,if,836
9697,110155910,δέ,but,836
9698,110155911,τις,someone,836
9699,110155912,περιπατῇ,walks,836
9700,110155913,ἐν,in,836
9701,110155914,τῇ,the,836
9702,110155915,νυκτί,night,836
9703,110155916,",",",",836
9704,110155917,προσκόπτει,stumbles,836
9705,110155918,",",",",836
9706,110155919,ὅτι,because,836
9707,110155920,τὸ,the,836
9708,110155921,φῶς,light,836
9709,110155922,οὐκ,not,836
9710,110155923,ἔστιν,is,836
9711,110155924,ἐν,in,836
9712,110155925,αὐτῷ,in him,836
9713,110155926,.,.,836
9714,110155927,ταῦτα,these,837
9715,110155928,εἶπεν,said,837
9716,110155929,",",",",837
9717,110155930,καὶ,and,837
9718,110155931,μετὰ,after,837
9719,110155932,τοῦτο,after this,837
9720,110155933,λέγει,says,837
9721,110155934,αὐτοῖς,them,837
9722,110155935,.,.,837
9723,110155936,Λάζαρος,Lazarus,838
9724,110155937,ὁ,the,838
9725,110155938,φίλος,friend,838
9726,110155939,ἡμῶν,of us,838
9727,110155940,κεκοίμηται,has fallen asleep,838
9728,110155941,.,.,838
9729,110155942,ἀλλὰ,but,839
9730,110155943,πορεύομαι,I go,839
9731,110155944,ἵνα,in order that,839
9732,110155945,ἐξυπνίσω,wake,839
9733,110155946,αὐτόν,him,839
9734,110155947,.,.,839
9735,110155948,εἶπον,said,840
9736,110155949,οὖν,therefore,840
9737,110155950,αὐτῷ,him,840
9738,110155951,οἱ,the,840
9739,110155952,μαθηταὶ,disciples,840
9740,110155953,κύριε,sir,840
9741,110155954,",",",",840
9742,110155955,εἰ,if,840
9743,110155956,κεκοίμηται,has fallen asleep,840
9744,110155957,σωθήσεται,will be saved,840
9745,110155958,.,.,840
9746,110155959,εἰρήκει,had said,841
9747,110155960,δὲ,but,841
9748,110155961,ὁ,the,841
9749,110155962,Ἰησοῦς,Jesus,841
9750,110155963,περὶ,about,841
9751,110155964,τοῦ,the,841
9752,110155965,θανάτου,of death,841
9753,110155966,αὐτοῦ,his,841
9754,110155967,.,.,841
9755,110155968,ἐκεῖνοι,those,842
9756,110155969,δὲ,but,842
9757,110155970,ἔδοξαν,they thought,842
9758,110155971,ὅτι,that,842
9759,110155972,περὶ,about,842
9760,110155973,τῆς,of the,842
9761,110155974,κοιμήσεως,sleeping,842
9762,110155975,τοῦ,of the,842
9763,110155976,ὕπνου,of sleep,842
9764,110155977,λέγει,says,842
9765,110155978,.,.,842
9766,110155979,τότε,then,843
9767,110155980,οὖν,then,843
9768,110155981,εἶπεν,said,843
9769,110155982,αὐτοῖς,them,843
9770,110155983,ὁ,the,843
9771,110155984,Ἰησοῦς,Jesus,843
9772,110155985,παρρησίᾳ,boldly,843
9773,110155986,.,.,843
9774,110155987,Λάζαρος,Lazarus,844
9775,110155988,ἀπέθανεν,died,844
9776,110155989,",",",",844
9777,110155990,καὶ,and,844
9778,110155991,χαίρω,rejoice,844
9779,110155992,δι’,for,844
9780,110155993,ὑμᾶς,you,844
9781,110155994,",",",",844
9782,110155995,ἵνα,so that,844
9783,110155996,πιστεύσητε,you might believe,844
9784,110155997,",",",",844
9785,110155998,ὅτι,that,844
9786,110155999,οὐκ,not,844
9787,110156000,ἤμην,I was,844
9788,110156001,ἐκεῖ,there,844
9789,110156002,.,.,844
9790,110156003,ἀλλὰ,but,845
9791,110156004,ἄγωμεν,let us lead,845
9792,110156005,πρὸς,toward,845
9793,110156006,αὐτόν,him,845
9794,110156007,.,.,845
9795,110156008,εἶπεν,said,846
9796,110156009,οὖν,therefore,846
9797,110156010,Θωμᾶς,Thomas,846
9798,110156011,ὁ,the,846
9799,110156012,λεγόμενος,called,846
9800,110156013,Δίδυμος,the Twin,846
9801,110156014,τοῖς,the,846
9802,110156015,συνμαθηταῖς,disciples,846
9803,110156016,.,.,846
9804,110156017,ἄγωμεν,let us lead,847
9805,110156018,καὶ,and,847
9806,110156019,ἡμεῖς,we,847
9807,110156020,ἵνα,that,847
9808,110156021,ἀποθάνωμεν,let us die,847
9809,110156022,μετ',with,847
9810,110156023,αὐτοῦ,him,847
9811,110156024,.,.,847
9812,110156025,ἐλθὼν,having come,848
9813,110156026,οὖν,then,848
9814,110156027,ὁ,the,848
9815,110156028,Ἰησοῦς,Jesus,848
9816,110156029,εὗρεν,found,848
9817,110156030,αὐτὸν,him,848
9818,110156031,τέσσαρας,four,848
9819,110156032,ἡμέρας,days,848
9820,110156033,ἔχοντα,having,848
9821,110156034,ἐν,in,848
9822,110156035,τῷ,the,848
9823,110156036,μνημείῳ,tomb,848
9824,110156037,.,.,848
9825,110156038,ἦν,was,849
9826,110156039,δὲ,but,849
9827,110156040,Βηθανία,Bethany,849
9828,110156041,ἐγγὺς,near,849
9829,110156042,τῶν,of the,849
9830,110156043,Ἱεροσολύμων,Jerusalems,849
9831,110156044,ὡς,about,849
9832,110156045,ἀπὸ,from,849
9833,110156046,σταδίων,furlongs,849
9834,110156047,δεκαπέντε,fifteen,849
9835,110156048,.,.,849
9836,110156049,πολλοὶ,many,850
9837,110156050,δὲ,but,850
9838,110156051,ἐκ,from,850
9839,110156052,τῶν,the,850
9840,110156053,Ἰουδαίων,of the Jews,850
9841,110156054,ἐληλύθεισαν,had come,850
9842,110156055,πρὸς,to,850
9843,110156056,τὰς,the,850
9844,110156057,περὶ,about,850
9845,110156058,Μάρθαν,Martha,850
9846,110156059,καὶ,and,850
9847,110156060,Μαριάμ,Mary,850
9848,110156061,",",",",850
9849,110156062,ἵνα,that,850
9850,110156063,παραμυθήσωνται,comfort,850
9851,110156064,αὐτὰς,them,850
9852,110156065,περὶ,about,850
9853,110156066,τοῦ,of the,850
9854,110156067,ἀδελφοῦ,brother,850
9855,110156068,.,.,850
9856,110156069,ἡ,the,851
9857,110156070,οὖν,then,851
9858,110156071,Μάρθα,Martha,851
9859,110156072,ὡς,when,851
9860,110156073,ἤκουσεν,heard,851
9861,110156074,ὅτι,that,851
9862,110156075,Ἰησοῦς,Jesus,851
9863,110156076,ἔρχεται,is coming,851
9864,110156077,",",",",851
9865,110156078,ὑπήντησεν,went to meet,851
9866,110156079,αὐτῷ,him,851
9867,110156080,.,.,851
9868,110156081,Μαρία,Mary,852
9869,110156082,δὲ,but,852
9870,110156083,ἐν,in,852
9871,110156084,τῷ,the,852
9872,110156085,οἴκῳ,house,852
9873,110156086,ἐκαθέζετο,was sitting,852
9874,110156087,.,.,852
9875,110156088,εἶπεν,said,853
9876,110156089,οὖν,then,853
9877,110156090,ἡ,the,853
9878,110156091,Μάρθα,Martha,853
9879,110156092,πρὸς,to,853
9880,110156093,Ἰησοῦν,Jesus,853
9881,110156094,.,.,853
9882,110156095,κύριε,Sir,854
9883,110156096,",",",",854
9884,110156097,εἰ,if,854
9885,110156098,ἦς,were,854
9886,110156099,ὧδε,here,854
9887,110156100,",",",",854
9888,110156101,οὐκ,not,854
9889,110156102,ἂν,if,854
9890,110156103,ἀπέθανεν,would have died,854
9891,110156104,ὁ,the,854
9892,110156105,ἀδελφός,brother,854
9893,110156106,μου,my,854
9894,110156107,.,.,854
9895,110156108,καὶ,and,855
9896,110156109,νῦν,now,855
9897,110156110,οἶδα,know,855
9898,110156111,ὅτι,that,855
9899,110156112,ὅσα,whatever,855
9900,110156113,ἂν,if,855
9901,110156114,αἰτήσῃ,asks,855
9902,110156115,τὸν,the,855
9903,110156116,θεόν,God,855
9904,110156117,",",",",855
9905,110156118,δώσει,will give,855
9906,110156119,σοι,to you,855
9907,110156120,ὁ,the,855
9908,110156121,θεός,God,855
9909,110156122,.,.,855
9910,110156123,λέγει,says,856
9911,110156124,αὐτῇ,her,856
9912,110156125,ὁ,the,856
9913,110156126,Ἰησοῦς,Jesus,856
9914,110156127,.,.,856
9915,110156128,ἀναστήσεται,will rise,857
9916,110156129,ὁ,the,857
9917,110156130,ἀδελφός,brother,857
9918,110156131,σου,your,857
9919,110156132,.,.,857
9920,110156133,λέγει,says,858
9921,110156134,αὐτῷ,him,858
9922,110156135,ἡ,the,858
9923,110156136,Μάρθα,Martha,858
9924,110156137,.,.,858
9925,110156138,οἶδα,I know,859
9926,110156139,ὅτι,that,859
9927,110156140,ἀναστήσεται,will be raised,859
9928,110156141,ἐν,in,859
9929,110156142,τῇ,the,859
9930,110156143,ἀναστάσει,resurrection,859
9931,110156144,ἐν,in,859
9932,110156145,τῇ,the,859
9933,110156146,ἐσχάτῃ,last,859
9934,110156147,ἡμέρᾳ,day,859
9935,110156148,.,.,859
9936,110156149,εἶπεν,said,860
9937,110156150,αὐτῇ,her,860
9938,110156151,ὁ,the,860
9939,110156152,Ἰησοῦς,Jesus,860
9940,110156153,.,.,860
9941,110156154,ἐγώ,I,861
9942,110156155,εἰμι,am,861
9943,110156156,ἡ,the,861
9944,110156157,ἀνάστασις,resurrection,861
9945,110156158,καὶ,and,861
9946,110156159,ἡ,the,861
9947,110156160,ζωή,life,861
9948,110156161,.,.,861
9949,110156162,ὁ,the,862
9950,110156163,πιστεύων,believing,862
9951,110156164,εἰς,into,862
9952,110156165,ἐμὲ,me,862
9953,110156166,κα-,and,862
9954,110156167,κἂν,if,862
9955,110156168,ἀποθάνῃ,should die,862
9956,110156169,ζήσεται,will live,862
9957,110156170,",",",",862
9958,110156171,καὶ,and,862
9959,110156172,πᾶς,all,862
9960,110156173,ὁ,the,862
9961,110156174,ζῶν,living,862
9962,110156175,καὶ,and,862
9963,110156176,πιστεύων,believing,862
9964,110156177,εἰς,into,862
9965,110156178,ἐμὲ,me,862
9966,110156179,οὐ,not,862
9967,110156180,μὴ,not,862
9968,110156181,ἀποθάνῃ,die,862
9969,110156182,εἰς,into,862
9970,110156183,τὸν,the,862
9971,110156184,αἰῶνα,age,862
9972,110156185,.,.,862
9973,110156186,πιστεύεις,do you believe,863
9974,110156187,τοῦτο,this,863
9975,110156188,;,?,863
9976,110156189,λέγει,says,864
9977,110156190,αὐτῷ,him,864
9978,110156191,.,.,864
9979,110156192,ναί,yes,865
9980,110156193,",",",",865
9981,110156194,κύριε,sir,865
9982,110156195,.,.,865
9983,110156196,ἐγὼ,I,866
9984,110156197,πεπίστευκα,I have believed,866
9985,110156198,ὅτι,that,866
9986,110156199,σὺ,you,866
9987,110156200,εἶ,are,866
9988,110156201,ὁ,the,866
9989,110156202,Χριστὸς,Messiah,866
9990,110156203,ὁ,the,866
9991,110156204,υἱὸς,Son,866
9992,110156205,τοῦ,of the,866
9993,110156206,θεοῦ,of God,866
9994,110156207,ὁ,the,866
9995,110156208,εἰς,into,866
9996,110156209,τὸν,the,866
9997,110156210,κόσμον,world,866
9998,110156211,ἐρχόμενος,coming,866
9999,110156212,.,.,866
10000,110156213,καὶ,and,867
10001,110156214,τοῦτο,this,867
10002,110156215,εἰποῦσα,saying,867
10003,110156216,ἀπῆλθεν,went away,867
10004,110156217,καὶ,and,867
10005,110156218,ἐφώνησεν,called,867
10006,110156219,Μαριὰμ,Mary,867
10007,110156220,τὴν,the,867
10008,110156221,ἀδελφὴν,sister,867
10009,110156222,αὐτῆς,her,867
10010,110156223,λάθρᾳ,secretly,867
10011,110156224,εἰποῦσα,saying,867
10012,110156225,.,.,867
10013,110156226,ὁ,the,868
10014,110156227,διδάσκαλος,teacher,868
10015,110156228,πάρεστιν,is present,868
10016,110156229,καὶ,and,868
10017,110156230,φωνεῖ,calls,868
10018,110156231,σε,you,868
10019,110156232,.,.,868
10020,110156233,ἐκείνη,she,869
10021,110156234,ὡς,as,869
10022,110156235,ἤκουσεν,heard,869
10023,110156236,",",",",869
10024,110156237,ἐγείρεται,rises,869
10025,110156238,ταχὺ,quickly,869
10026,110156239,καὶ,and,869
10027,110156240,ἔρχεται,comes,869
10028,110156241,πρὸς,to,869
10029,110156242,αὐτόν,him,869
10030,110156243,.,.,869
10031,110156244,οὔπω,not yet,870
10032,110156245,δὲ,but,870
10033,110156246,ἐληλύθει,had come,870
10034,110156247,ὁ,the,870
10035,110156248,Ἰησοῦς,Jesus,870
10036,110156249,εἰς,into,870
10037,110156250,τὴν,the,870
10038,110156251,κώμην,village,870
10039,110156252,",",",",870
10040,110156253,ἀλλ’,but,870
10041,110156254,ἦν,was,870
10042,110156255,ἐν,in,870
10043,110156256,τῷ,the,870
10044,110156257,τόπῳ,place,870
10045,110156258,ὅπου,where,870
10046,110156259,ὑπήντησεν,met,870
10047,110156260,αὐτῷ,him,870
10048,110156261,ἡ,the,870
10049,110156262,Μάρθα,Martha,870
10050,110156263,.,.,870
10051,110156264,οἱ,the,871
10052,110156265,οὖν,therefore,871
10053,110156266,Ἰουδαῖοι,Jews,871
10054,110156267,οἱ,the,871
10055,110156268,ὄντες,being,871
10056,110156269,μετ’,with,871
10057,110156270,αὐτῆς,of her,871
10058,110156271,ἐν,in,871
10059,110156272,τῇ,the,871
10060,110156273,οἰκίᾳ,house,871
10061,110156274,καὶ,and,871
10062,110156275,παραμυθούμενοι,comforting,871
10063,110156276,αὐτήν,her,871
10064,110156277,",",",",871
10065,110156278,ἰδόντες,having seen,871
10066,110156279,τὴν,the,871
10067,110156280,Μαριὰμ,Mary,871
10068,110156281,ὅτι,that,871
10069,110156282,ταχέως,quickly,871
10070,110156283,ἀνέστη,stood up,871
10071,110156284,καὶ,and,871
10072,110156285,ἐξῆλθεν,went out,871
10073,110156286,",",",",871
10074,110156287,ἠκολούθησαν,they followed,871
10075,110156288,αὐτῇ,her,871
10076,110156289,",",",",871
10077,110156290,δόξαντες,thinking,871
10078,110156291,ὅτι,that,871
10079,110156292,ὑπάγει,is going,871
10080,110156293,εἰς,to,871
10081,110156294,τὸ,the,871
10082,110156295,μνημεῖον,tomb,871
10083,110156296,ἵνα,in order that,871
10084,110156297,κλαύσῃ,might weep,871
10085,110156298,ἐκεῖ,there,871
10086,110156299,.,.,871
10087,110156300,ἡ,the,872
10088,110156301,οὖν,then,872
10089,110156302,Μαριὰμ,Mary,872
10090,110156303,ὡς,when,872
10091,110156304,ἦλθεν,came,872
10092,110156305,ὅπου,where,872
10093,110156306,ἦν,was,872
10094,110156307,Ἰησοῦς,Jesus,872
10095,110156308,",",",",872
10096,110156309,ἰδοῦσα,seeing,872
10097,110156310,αὐτὸν,him,872
10098,110156311,ἔπεσεν,fell,872
10099,110156312,αὐτοῦ,his,872
10100,110156313,πρὸς,toward,872
10101,110156314,τοὺς,the,872
10102,110156315,πόδας,feet,872
10103,110156316,",",",",872
10104,110156317,λέγουσα,saying,872
10105,110156318,αὐτῷ,him,872
10106,110156319,.,.,872
10107,110156320,κύριε,Sir,873
10108,110156321,",",",",873
10109,110156322,εἰ,if,873
10110,110156323,ἦς,are,873
10111,110156324,ὧδε,here,873
10112,110156325,",",",",873
10113,110156326,οὐκ,not,873
10114,110156327,ἄν,would,873
10115,110156328,μου,my,873
10116,110156329,ἀπέθανεν,would have died,873
10117,110156330,ὁ,the,873
10118,110156331,ἀδελφός,brother,873
10119,110156332,.,.,873
10120,110156333,Ἰησοῦς,Jesus,874
10121,110156334,οὖν,therefore,874
10122,110156335,ὡς,when,874
10123,110156336,εἶδεν,saw,874
10124,110156337,αὐτὴν,her,874
10125,110156338,κλαίουσαν,weeping,874
10126,110156339,καὶ,and,874
10127,110156340,τοὺς,the,874
10128,110156341,συνελθόντας,having gathered,874
10129,110156342,αὐτῇ,her,874
10130,110156343,Ἰουδαίους,Jews,874
10131,110156344,κλαίοντας,weeping,874
10132,110156345,",",",",874
10133,110156346,ἐνεβριμήσατο,was indignant,874
10134,110156347,τῷ,the,874
10135,110156348,πνεύματι,spirit,874
10136,110156349,καὶ,and,874
10137,110156350,ἐτάραξεν,disturbed,874
10138,110156351,ἑαυτόν,himself,874
10139,110156352,",",",",874
10140,110156353,καὶ,and,874
10141,110156354,εἶπεν,said,874
10142,110156355,.,.,874
10143,110156356,ποῦ,where,875
10144,110156357,τεθείκατε,you have placed,875
10145,110156358,αὐτόν,him,875
10146,110156359,;,?,875
10147,110156360,λέγουσιν,they say,876
10148,110156361,αὐτῷ,him,876
10149,110156362,.,.,876
10150,110156363,κύριε,sir,877
10151,110156364,",",",",877
10152,110156365,ἔρχου,come,877
10153,110156366,καὶ,and,877
10154,110156367,ἴδε,see,877
10155,110156368,.,.,877
10156,110156369,ἐδάκρυσεν,wept,878
10157,110156370,ὁ,the,878
10158,110156371,Ἰησοῦς,Jesus,878
10159,110156372,.,.,878
10160,110156373,ἔλεγον,were saying,879
10161,110156374,οὖν,therefore,879
10162,110156375,οἱ,the,879
10163,110156376,Ἰουδαῖοι,Jews,879
10164,110156377,.,.,879
10165,110156378,ἴδε,see,880
10166,110156379,πῶς,how,880
10167,110156380,ἐφίλει,loved,880
10168,110156381,αὐτόν,him,880
10169,110156382,.,.,880
10170,110156383,τινὲς,some,881
10171,110156384,δὲ,but,881
10172,110156385,ἐξ,out of,881
10173,110156386,αὐτῶν,of them,881
10174,110156387,εἶπον,said,881
10175,110156388,.,.,881
10176,110156389,οὐκ,not,882
10177,110156390,ἐδύνατο,was able,882
10178,110156391,οὗτος,this,882
10179,110156392,ὁ,the,882
10180,110156393,ἀνοίξας,having opened,882
10181,110156394,τοὺς,the,882
10182,110156395,ὀφθαλμοὺς,eyes,882
10183,110156396,τοῦ,of the,882
10184,110156397,τυφλοῦ,blind,882
10185,110156398,ποιῆσαι,to make,882
10186,110156399,ἵνα,so that,882
10187,110156400,καὶ,also,882
10188,110156401,οὗτος,he,882
10189,110156402,μὴ,not,882
10190,110156403,ἀποθάνῃ,die,882
10191,110156404,;,;,882
10192,110156405,Ἰησοῦς,Jesus,883
10193,110156406,οὖν,therefore,883
10194,110156407,πάλιν,again,883
10195,110156408,ἐμβριμώμενος,sternly,883
10196,110156409,ἐν,in,883
10197,110156410,ἑαυτῷ,himself,883
10198,110156411,ἔρχεται,comes,883
10199,110156412,εἰς,to,883
10200,110156413,τὸ,the,883
10201,110156414,μνημεῖον,tomb,883
10202,110156415,.,.,883
10203,110156416,ἦν,was,884
10204,110156417,δὲ,but,884
10205,110156418,σπήλαιον,cave,884
10206,110156419,",",",",884
10207,110156420,καὶ,and,884
10208,110156421,λίθος,stone,884
10209,110156422,ἐπέκειτο,was placed,884
10210,110156423,ἐπ’,upon,884
10211,110156424,αὐτῷ,it,884
10212,110156425,.,.,884
10213,110156426,λέγει,says,885
10214,110156427,ὁ,the,885
10215,110156428,Ἰησοῦς,Jesus,885
10216,110156429,.,.,885
10217,110156430,ἄρατε,lift,886
10218,110156431,τὸν,the,886
10219,110156432,λίθον,stone,886
10220,110156433,.,.,886
10221,110156434,λέγει,says,887
10222,110156435,αὐτῷ,to him,887
10223,110156436,ἡ,the,887
10224,110156437,ἀδελφὴ,sister,887
10225,110156438,τοῦ,of the,887
10226,110156439,τετελευτηκότος,having died,887
10227,110156440,Μάρθα,Martha,887
10228,110156441,.,.,887
10229,110156442,κύριε,Sir,888
10230,110156443,",",",",888
10231,110156444,ἤδη,already,888
10232,110156445,ὄζει,smells,888
10233,110156446,.,.,888
10234,110156447,τεταρταῖος,fourth,889
10235,110156448,γάρ,for,889
10236,110156449,ἐστιν,is,889
10237,110156450,.,.,889
10238,110156451,λέγει,says,890
10239,110156452,αὐτῇ,her,890
10240,110156453,ὁ,the,890
10241,110156454,Ἰησοῦς,Jesus,890
10242,110156455,.,.,890
10243,110156456,οὐκ,not,891
10244,110156457,εἶπόν,said,891
10245,110156458,σοι,to you,891
10246,110156459,ὅτι,that,891
10247,110156460,ἐὰν,if,891
10248,110156461,πιστεύσῃς,you believe,891
10249,110156462,ὄψῃ,you will see,891
10250,110156463,τὴν,the,891
10251,110156464,δόξαν,glory,891
10252,110156465,τοῦ,of,891
10253,110156466,θεοῦ,God,891
10254,110156467,;,?,891
10255,110156468,ἦραν,they took,892
10256,110156469,οὖν,therefore,892
10257,110156470,τὸν,the,892
10258,110156471,λίθον,stone,892
10259,110156472,.,.,892
10260,110156473,ὁ,the,893
10261,110156474,δὲ,but,893
10262,110156475,Ἰησοῦς,Jesus,893
10263,110156476,ἦρεν,lifted,893
10264,110156477,τοὺς,the,893
10265,110156478,ὀφθαλμοὺς,eyes,893
10266,110156479,ἄνω,up,893
10267,110156480,καὶ,and,893
10268,110156481,εἶπεν,said,893
10269,110156482,.,.,893
10270,110156483,πάτερ,father,894
10271,110156484,",",",",894
10272,110156485,εὐχαριστῶ,I give thanks,894
10273,110156486,σοι,to-you,894
10274,110156487,ὅτι,that,894
10275,110156488,ἤκουσάς,you heard,894
10276,110156489,μου,of me,894
10277,110156490,.,.,894
10278,110156491,ἐγὼ,I,895
10279,110156492,δὲ,but,895
10280,110156493,ᾔδειν,I knew,895
10281,110156494,ὅτι,that,895
10282,110156495,πάντοτέ,always,895
10283,110156496,μου,me,895
10284,110156497,ἀκούεις,you are hearing,895
10285,110156498,.,.,895
10286,110156499,ἀλλὰ,but,896
10287,110156500,διὰ,because of,896
10288,110156501,τὸν,the,896
10289,110156502,ὄχλον,crowd,896
10290,110156503,τὸν,the,896
10291,110156504,περιεστῶτα,standing around,896
10292,110156505,εἶπον,said,896
10293,110156506,",",",",896
10294,110156507,ἵνα,that,896
10295,110156508,πιστεύσωσιν,they might believe,896
10296,110156509,ὅτι,that,896
10297,110156510,σύ,you,896
10298,110156511,με,me,896
10299,110156512,ἀπέστειλας,you sent,896
10300,110156513,.,.,896
10301,110156514,καὶ,and,897
10302,110156515,ταῦτα,these,897
10303,110156516,εἰπὼν,having said,897
10304,110156517,φωνῇ,with a loud voice,897
10305,110156518,μεγάλῃ,loud,897
10306,110156519,ἐκραύγασεν,shouted,897
10307,110156520,.,.,897
10308,110156521,Λάζαρε,Lazarus,898
10309,110156522,",",",",898
10310,110156523,δεῦρο,here,898
10311,110156524,ἔξω,out,898
10312,110156525,.,.,898
10313,110156526,ἐξῆλθεν,went out,899
10314,110156527,ὁ,the,899
10315,110156528,τεθνηκὼς,having died,899
10316,110156529,δεδεμένος,bound,899
10317,110156530,τοὺς,the,899
10318,110156531,πόδας,feet,899
10319,110156532,καὶ,and,899
10320,110156533,τὰς,the,899
10321,110156534,χεῖρας,hands,899
10322,110156535,κειρίαις,with cords,899
10323,110156536,",",",",899
10324,110156537,καὶ,and,899
10325,110156538,ἡ,the,899
10326,110156539,ὄψις,appearance,899
10327,110156540,αὐτοῦ,his,899
10328,110156541,σουδαρίῳ,napkin,899
10329,110156542,περιεδέδετο,was wrapped,899
10330,110156543,.,.,899
10331,110156544,λέγει,says,900
10332,110156545,αὐτοῖς,them,900
10333,110156546,ὁ,the,900
10334,110156547,Ἰησοῦς,Jesus,900
10335,110156548,.,.,900
10336,110156549,λύσατε,release,901
10337,110156550,αὐτὸν,him,901
10338,110156551,καὶ,and,901
10339,110156552,ἄφετε,let,901
10340,110156553,αὐτὸν,him,901
10341,110156554,ὑπάγειν,to go away,901
10342,110156555,.,.,901
10343,110156556,πολλοὶ,many,902
10344,110156557,οὖν,therefore,902
10345,110156558,ἐκ,from,902
10346,110156559,τῶν,of the,902
10347,110156560,Ἰουδαίων,of the Jews,902
10348,110156561,",",",",902
10349,110156562,οἱ,the,902
10350,110156563,ἐλθόντες,having come,902
10351,110156564,πρὸς,to,902
10352,110156565,τὴν,the,902
10353,110156566,Μαριὰμ,Mary,902
10354,110156567,καὶ,and,902
10355,110156568,θεασάμενοι,having seen,902
10356,110156569,ἃ,which,902
10357,110156570,ἐποίησεν,did,902
10358,110156571,",",",",902
10359,110156572,ἐπίστευσαν,believed,902
10360,110156573,εἰς,into,902
10361,110156574,αὐτόν,him,902
10362,110156575,.,.,902
10363,110156576,τινὲς,some,903
10364,110156577,δὲ,but,903
10365,110156578,ἐξ,from,903
10366,110156579,αὐτῶν,them,903
10367,110156580,ἀπῆλθον,they went away,903
10368,110156581,πρὸς,towards,903
10369,110156582,τοὺς,the,903
10370,110156583,Φαρισαίους,Pharisees,903
10371,110156584,καὶ,and,903
10372,110156585,εἶπαν,said,903
10373,110156586,αὐτοῖς,them,903
10374,110156587,ἃ,what,903
10375,110156588,ἐποίησεν,did,903
10376,110156589,Ἰησοῦς,Jesus,903
10377,110156590,.,.,903
10378,110156591,συνήγαγον,gathered,904
10379,110156592,οὖν,therefore,904
10380,110156593,οἱ,the,904
10381,110156594,ἀρχιερεῖς,chief priests,904
10382,110156595,καὶ,and,904
10383,110156596,οἱ,the,904
10384,110156597,Φαρισαῖοι,Pharisees,904
10385,110156598,συνέδριον,council,904
10386,110156599,",",",",904
10387,110156600,καὶ,and,904
10388,110156601,ἔλεγον,were saying,904
10389,110156602,.,.,904
10390,110156603,τί,what,905
10391,110156604,ποιοῦμεν,do,905
10392,110156605,",",",",905
10393,110156606,ὅτι,because,905
10394,110156607,οὗτος,this,905
10395,110156608,ὁ,the,905
10396,110156609,ἄνθρωπος,man,905
10397,110156610,πολλὰ,many,905
10398,110156611,ποιεῖ,does,905
10399,110156612,σημεῖα,signs,905
10400,110156613,;,?,905
10401,110156614,ἐὰν,if,906
10402,110156615,ἀφῶμεν,let go,906
10403,110156616,αὐτὸν,him,906
10404,110156617,οὕτως,thus,906
10405,110156618,",",",",906
10406,110156619,πάντες,all,906
10407,110156620,πιστεύσουσιν,will believe,906
10408,110156621,εἰς,into,906
10409,110156622,αὐτόν,him,906
10410,110156623,",",",",906
10411,110156624,καὶ,and,906
10412,110156625,ἐλεύσονται,will come,906
10413,110156626,οἱ,the,906
10414,110156627,Ῥωμαῖοι,Romans,906
10415,110156628,καὶ,and,906
10416,110156629,ἀροῦσιν,will remove,906
10417,110156630,ἡμῶν,us,906
10418,110156631,καὶ,and,906
10419,110156632,τὸν,the,906
10420,110156633,τόπον,place,906
10421,110156634,καὶ,and,906
10422,110156635,τὸ,the,906
10423,110156636,ἔθνος,nation,906
10424,110156637,.,.,906
10425,110156638,εἷς,one,907
10426,110156639,δέ,but,907
10427,110156640,τις,someone,907
10428,110156641,ἐξ,from,907
10429,110156642,αὐτῶν,them,907
10430,110156643,Καϊάφας,Caiaphas,907
10431,110156644,",",",",907
10432,110156645,ἀρχιερεὺς,high priest,907
10433,110156646,ὢν,being,907
10434,110156647,τοῦ,of the,907
10435,110156648,ἐνιαυτοῦ,year,907
10436,110156649,ἐκείνου,that,907
10437,110156650,",",",",907
10438,110156651,εἶπεν,said,907
10439,110156652,αὐτοῖς,them,907
10440,110156653,.,.,907
10441,110156654,ὑμεῖς,you,908
10442,110156655,οὐκ,not,908
10443,110156656,οἴδατε,you know,908
10444,110156657,οὐδέν,nothing,908
10445,110156658,",",",",908
10446,110156659,οὐ,not,908
10447,110156660,-δὲ,and,908
10448,110156661,λογίζεσθε,you think,908
10449,110156662,ὅτι,that,908
10450,110156663,συμφέρει,it is beneficial,908
10451,110156664,ὑμῖν,to you,908
10452,110156665,ἵνα,that,908
10453,110156666,εἷς,one,908
10454,110156667,ἄνθρωπος,one man,908
10455,110156668,ἀποθάνῃ,might die,908
10456,110156669,ὑπὲρ,on behalf of,908
10457,110156670,τοῦ,the,908
10458,110156671,λαοῦ,people,908
10459,110156672,καὶ,and,908
10460,110156673,μὴ,not,908
10461,110156674,ὅλον,all,908
10462,110156675,τὸ,the,908
10463,110156676,ἔθνος,nation,908
10464,110156677,ἀπόληται,might be destroyed,908
10465,110156678,.,.,908
10466,110156679,τοῦτο,this,909
10467,110156680,δὲ,but,909
10468,110156681,ἀφ',from,909
10469,110156682,ἑαυτοῦ,himself,909
10470,110156683,οὐκ,not,909
10471,110156684,εἶπεν,said,909
10472,110156685,",",",",909
10473,110156686,ἀλλὰ,but,909
10474,110156687,ἀρχιερεὺς,high priest,909
10475,110156688,ὢν,being,909
10476,110156689,τοῦ,of the,909
10477,110156690,ἐνιαυτοῦ,of the year,909
10478,110156691,ἐκείνου,that,909
10479,110156692,ἐπροφήτευσεν,prophesied,909
10480,110156693,ὅτι,that,909
10481,110156694,ἤμελλεν,was about to,909
10482,110156695,Ἰησοῦς,Jesus,909
10483,110156696,ἀποθνῄσκειν,to die,909
10484,110156697,ὑπὲρ,on behalf of,909
10485,110156698,τοῦ,the,909
10486,110156699,ἔθνους,nation,909
10487,110156700,",",",",909
10488,110156701,καὶ,and,909
10489,110156702,οὐχ,not,909
10490,110156703,ὑπὲρ,on behalf of,909
10491,110156704,τοῦ,of the,909
10492,110156705,ἔθνους,nation,909
10493,110156706,μόνον,only,909
10494,110156707,",",",",909
10495,110156708,ἀλλ’,but,909
10496,110156709,ἵνα,so that,909
10497,110156710,καὶ,also,909
10498,110156711,τὰ,the,909
10499,110156712,τέκνα,children,909
10500,110156713,τοῦ,of,909
10501,110156714,θεοῦ,of God,909
10502,110156715,τὰ,the,909
10503,110156716,διεσκορπισμένα,scattered,909
10504,110156717,συναγάγῃ,gather,909
10505,110156718,εἰς,into,909
10506,110156719,ἕν,one,909
10507,110156720,.,.,909
10508,110156721,ἀπ',from,910
10509,110156722,ἐκείνης,that,910
10510,110156723,οὖν,then,910
10511,110156724,τῆς,the,910
10512,110156725,ἡμέρας,day,910
10513,110156726,ἐβουλεύσαντο,they plotted,910
10514,110156727,ἵνα,that,910
10515,110156728,ἀποκτείνωσιν,kill,910
10516,110156729,αὐτόν,him,910
10517,110156730,.,.,910
10518,110156731,Ἰησοῦς,Jesus,911
10519,110156732,οὖν,therefore,911
10520,110156733,οὐκέτι,no longer,911
10521,110156734,παρρησίᾳ,boldly,911
10522,110156735,περιεπάτει,was walking,911
10523,110156736,ἐν,in,911
10524,110156737,τοῖς,the,911
10525,110156738,Ἰουδαίοις,Jews,911
10526,110156739,",",",",911
10527,110156740,ἀλλὰ,but,911
10528,110156741,ἀπῆλθεν,went away,911
10529,110156742,ἐκεῖθεν,from there,911
10530,110156743,εἰς,to,911
10531,110156744,τὴν,the,911
10532,110156745,χώραν,region,911
10533,110156746,ἐγγὺς,near,911
10534,110156747,τῆς,the,911
10535,110156748,ἐρήμου,desert,911
10536,110156749,",",",",911
10537,110156750,εἰς,to,911
10538,110156751,Ἐφραὶμ,Ephraim,911
10539,110156752,λεγομένην,called,911
10540,110156753,πόλιν,city,911
10541,110156754,",",",",911
10542,110156755,κα-,and,911
10543,110156756,κἀκεῖ,and there,911
10544,110156757,διέτριβεν,remained,911
10545,110156758,μετὰ,with,911
10546,110156759,τῶν,the,911
10547,110156760,μαθητῶν,disciples,911
10548,110156761,.,.,911
10549,110156762,ἦν,was,912
10550,110156763,δὲ,but,912
10551,110156764,ἐγγὺς,near,912
10552,110156765,τὸ,the,912
10553,110156766,πάσχα,Passover,912
10554,110156767,τῶν,of the,912
10555,110156768,Ἰουδαίων,of the Jews,912
10556,110156769,",",",",912
10557,110156770,καὶ,and,912
10558,110156771,ἀνέβησαν,went up,912
10559,110156772,πολλοὶ,many,912
10560,110156773,εἰς,to,912
10561,110156774,Ἱεροσόλυμα,Jerusalem,912
10562,110156775,ἐκ,from,912
10563,110156776,τῆς,the,912
10564,110156777,χώρας,country,912
10565,110156778,πρὸ,before,912
10566,110156779,τοῦ,the,912
10567,110156780,πάσχα,Passover,912
10568,110156781,",",",",912
10569,110156782,ἵνα,in order that,912
10570,110156783,ἁγνίσωσιν,they might purify,912
10571,110156784,ἑαυτούς,themselves,912
10572,110156785,.,.,912
10573,110156786,ἐζήτουν,were seeking,913
10574,110156787,οὖν,therefore,913
10575,110156788,τὸν,the,913
10576,110156789,Ἰησοῦν,Jesus,913
10577,110156790,καὶ,and,913
10578,110156791,ἔλεγαν,were saying,913
10579,110156792,μετ',with,913
10580,110156793,ἀλλήλων,one another,913
10581,110156794,ἐν,in,913
10582,110156795,τῷ,the,913
10583,110156796,ἱερῷ,temple,913
10584,110156797,ἑστηκότες,having stood,913
10585,110156798,.,.,913
10586,110156799,τί,what,914
10587,110156800,δοκεῖ,seems,914
10588,110156801,ὑμῖν,you,914
10589,110156802,",",",",914
10590,110156803,ὅτι,that,914
10591,110156804,οὐ,not,914
10592,110156805,μὴ,not,914
10593,110156806,ἔλθῃ,come,914
10594,110156807,εἰς,to,914
10595,110156808,τὴν,the,914
10596,110156809,ἑορτήν,festival,914
10597,110156810,;,;,914
10598,110156811,δεδώκεισαν,had given,915
10599,110156812,δὲ,but,915
10600,110156813,οἱ,the,915
10601,110156814,ἀρχιερεῖς,high priests,915
10602,110156815,καὶ,and,915
10603,110156816,οἱ,the,915
10604,110156817,Φαρισαῖοι,Pharisees,915
10605,110156818,ἐντολὰς,commands,915
10606,110156819,ἵνα,that,915
10607,110156820,ἐάν,if,915
10608,110156821,τις,anyone,915
10609,110156822,γνῷ,should know,915
10610,110156823,ποῦ,somewhere,915
10611,110156824,ἔστιν,is,915
10612,110156825,μηνύσῃ,report,915
10613,110156826,",",",",915
10614,110156827,ὅπως,in order that,915
10615,110156828,πιάσωσιν,seize,915
10616,110156829,αὐτόν,him,915
10617,110156830,.,.,915
10618,110156831,ὁ,the,916
10619,110156832,οὖν,therefore,916
10620,110156833,Ἰησοῦς,Jesus,916
10621,110156834,πρὸ,before,916
10622,110156835,ἓξ,from,916
10623,110156836,ἡμερῶν,days,916
10624,110156837,τοῦ,of the,916
10625,110156838,πάσχα,Passover,916
10626,110156839,ἦλθεν,came,916
10627,110156840,εἰς,into,916
10628,110156841,Βηθανίαν,Bethany,916
10629,110156842,",",",",916
10630,110156843,ὅπου,where,916
10631,110156844,ἦν,was,916
10632,110156845,Λάζαρος,Lazarus,916
10633,110156846,",",",",916
10634,110156847,ὃν,whom,916
10635,110156848,ἤγειρεν,raised,916
10636,110156849,ἐκ,out of,916
10637,110156850,νεκρῶν,dead,916
10638,110156851,Ἰησοῦς,Jesus,916
10639,110156852,.,.,916
10640,110156853,ἐποίησαν,they made,917
10641,110156854,οὖν,therefore,917
10642,110156855,αὐτῷ,to him,917
10643,110156856,δεῖπνον,supper,917
10644,110156857,ἐκεῖ,there,917
10645,110156858,",",",",917
10646,110156859,καὶ,and,917
10647,110156860,ἡ,the,917
10648,110156861,Μάρθα,Martha,917
10649,110156862,διηκόνει,was serving,917
10650,110156863,",",",",917
10651,110156864,ὁ,the,917
10652,110156865,δὲ,but,917
10653,110156866,Λάζαρος,Lazarus,917
10654,110156867,εἷς,one,917
10655,110156868,ἦν,was,917
10656,110156869,ἐκ,from,917
10657,110156870,τῶν,the,917
10658,110156871,ἀνακειμένων,of those reclining,917
10659,110156872,σὺν,with,917
10660,110156873,αὐτῷ,him,917
10661,110156874,.,.,917
10662,110156875,ἡ,the,918
10663,110156876,οὖν,therefore,918
10664,110156877,Μαρία,Mary,918
10665,110156878,λαβοῦσα,having taken,918
10666,110156879,λίτραν,pound,918
10667,110156880,μύρου,of ointment,918
10668,110156881,νάρδου,of nard,918
10669,110156882,πιστικῆς,of authentic,918
10670,110156883,πολυτίμου,precious,918
10671,110156884,ἤλειψεν,anointed,918
10672,110156885,τοὺς,the,918
10673,110156886,πόδας,feet,918
10674,110156887,τοῦ,of,918
10675,110156888,Ἰησοῦ,of Jesus,918
10676,110156889,καὶ,and,918
10677,110156890,ἐξέμαξεν,wiped,918
10678,110156891,ταῖς,with,918
10679,110156892,θριξὶν,hair,918
10680,110156893,αὐτῆς,her,918
10681,110156894,τοὺς,the,918
10682,110156895,πόδας,feet,918
10683,110156896,αὐτοῦ,his,918
10684,110156897,.,.,918
10685,110156898,ἡ,the,919
10686,110156899,δὲ,but,919
10687,110156900,οἰκία,house,919
10688,110156901,ἐπληρώθη,was filled,919
10689,110156902,ἐκ,from,919
10690,110156903,τῆς,the,919
10691,110156904,ὀσμῆς,smell,919
10692,110156905,τοῦ,of the,919
10693,110156906,μύρου,of ointment,919
10694,110156907,.,.,919
10695,110156908,λέγει,says,920
10696,110156909,δὲ,but,920
10697,110156910,Ἰούδας,Judas,920
10698,110156911,ὁ,the,920
10699,110156912,Ἰσκαριώτης,Iscariot,920
10700,110156913,",",",",920
10701,110156914,εἷς,one,920
10702,110156915,ἐκ,out of,920
10703,110156916,τῶν,of the,920
10704,110156917,μαθητῶν,disciples,920
10705,110156918,αὐτοῦ,his,920
10706,110156919,",",",",920
10707,110156920,ὁ,the,920
10708,110156921,μέλλων,about to betray,920
10709,110156922,αὐτὸν,him,920
10710,110156923,παραδιδόναι,to betray,920
10711,110156924,",",",",920
10712,110156925,διὰ,for,920
10713,110156926,τί,why,920
10714,110156927,τοῦτο,this,920
10715,110156928,τὸ,the,920
10716,110156929,μύρον,perfume,920
10717,110156930,οὐκ,not,920
10718,110156931,ἐπράθη,was sold,920
10719,110156932,τριακοσίων,three hundred,920
10720,110156933,δηναρίων,denarii,920
10721,110156934,καὶ,and,920
10722,110156935,ἐδόθη,was given,920
10723,110156936,πτωχοῖς,poor,920
10724,110156937,;,?,920
10725,110156938,εἶπεν,said,921
10726,110156939,δὲ,but,921
10727,110156940,τοῦτο,this,921
10728,110156941,οὐχ,not,921
10729,110156942,ὅτι,that,921
10730,110156943,περὶ,about,921
10731,110156944,τῶν,of the,921
10732,110156945,πτωχῶν,poor,921
10733,110156946,ἔμελεν,mattered,921
10734,110156947,αὐτῷ,to him,921
10735,110156948,ἀλλ’,but,921
10736,110156949,ὅτι,that,921
10737,110156950,κλέπτης,thief,921
10738,110156951,ἦν,was,921
10739,110156952,καὶ,and,921
10740,110156953,τὸ,the,921
10741,110156954,γλωσσόκομον,money box,921
10742,110156955,ἔχων,having,921
10743,110156956,τὰ,the,921
10744,110156957,βαλλόμενα,things thrown,921
10745,110156958,ἐβάσταζεν,was carrying off,921
10746,110156959,.,.,921
10747,110156960,εἶπεν,said,922
10748,110156961,οὖν,then,922
10749,110156962,ὁ,the,922
10750,110156963,Ἰησοῦς,Jesus,922
10751,110156964,.,.,922
10752,110156965,ἄφες,let,923
10753,110156966,αὐτήν,her,923
10754,110156967,",",",",923
10755,110156968,ἵνα,that,923
10756,110156969,εἰς,until,923
10757,110156970,τὴν,the,923
10758,110156971,ἡμέραν,day,923
10759,110156972,τοῦ,of,923
10760,110156973,ἐνταφιασμοῦ,of burial,923
10761,110156974,μου,my,923
10762,110156975,τηρήσῃ,keep,923
10763,110156976,αὐτό,it,923
10764,110156977,.,.,923
10765,110156978,τοὺς,the,924
10766,110156979,πτωχοὺς,poor,924
10767,110156980,γὰρ,for,924
10768,110156981,πάντοτε,always,924
10769,110156982,ἔχετε,you have,924
10770,110156983,μεθ’,with,924
10771,110156984,ἑαυτῶν,themselves,924
10772,110156985,",",",",924
10773,110156986,ἐμὲ,me,924
10774,110156987,δὲ,but,924
10775,110156988,οὐ,not,924
10776,110156989,πάντοτε,always,924
10777,110156990,ἔχετε,you have,924
10778,110156991,.,.,924
10779,110156992,ἔγνω,knew,925
10780,110156993,οὖν,so,925
10781,110156994,ὁ,the,925
10782,110156995,ὄχλος,crowd,925
10783,110156996,πολὺς,large,925
10784,110156997,ἐκ,out of,925
10785,110156998,τῶν,the,925
10786,110156999,Ἰουδαίων,Judeans,925
10787,110157000,ὅτι,that,925
10788,110157001,ἐκεῖ,there,925
10789,110157002,ἐστιν,is,925
10790,110157003,",",",",925
10791,110157004,καὶ,and,925
10792,110157005,ἦλθον,came,925
10793,110157006,οὐ,not,925
10794,110157007,διὰ,because of,925
10795,110157008,τὸν,the,925
10796,110157009,Ἰησοῦν,Jesus,925
10797,110157010,μόνον,alone,925
10798,110157011,",",",",925
10799,110157012,ἀλλ’,but,925
10800,110157013,ἵνα,so that,925
10801,110157014,καὶ,also,925
10802,110157015,τὸν,the,925
10803,110157016,Λάζαρον,Lazarus,925
10804,110157017,ἴδωσιν,see,925
10805,110157018,",",",",925
10806,110157019,ὃν,whom,925
10807,110157020,ἤγειρεν,raised,925
10808,110157021,ἐκ,out of,925
10809,110157022,νεκρῶν,dead,925
10810,110157023,.,.,925
10811,110157024,ἐβουλεύσαντο,took counsel,926
10812,110157025,δὲ,but,926
10813,110157026,οἱ,the,926
10814,110157027,ἀρχιερεῖς,high priests,926
10815,110157028,ἵνα,so that,926
10816,110157029,καὶ,also,926
10817,110157030,τὸν,the,926
10818,110157031,Λάζαρον,Lazarus,926
10819,110157032,ἀποκτείνωσιν,kill,926
10820,110157033,",",",",926
10821,110157034,ὅτι,because,926
10822,110157035,πολλοὶ,many,926
10823,110157036,δι’,because of,926
10824,110157037,αὐτὸν,him,926
10825,110157038,ὑπῆγον,were coming,926
10826,110157039,τῶν,the,926
10827,110157040,Ἰουδαίων,of the Jews,926
10828,110157041,καὶ,and,926
10829,110157042,ἐπίστευον,believed,926
10830,110157043,εἰς,into,926
10831,110157044,τὸν,the,926
10832,110157045,Ἰησοῦν,Jesus,926
10833,110157046,.,.,926
10834,110157047,τῇ,the,927
10835,110157048,ἐπαύριον,on the next day,927
10836,110157049,ὄχλος,crowd,927
10837,110157050,πολὺς,large,927
10838,110157051,ὁ,the,927
10839,110157052,ἐλθὼν,coming,927
10840,110157053,εἰς,into,927
10841,110157054,τὴν,the,927
10842,110157055,ἑορτήν,festival,927
10843,110157056,",",",",927
10844,110157057,ἀκούσαντες,having heard,927
10845,110157058,ὅτι,that,927
10846,110157059,ἔρχεται,is coming,927
10847,110157060,Ἰησοῦς,Jesus,927
10848,110157061,εἰς,into,927
10849,110157062,Ἱεροσόλυμα,Jerusalem,927
10850,110157063,",",",",927
10851,110157064,ἔλαβον,took,927
10852,110157065,τὰ,the,927
10853,110157066,βαΐα,palm branches,927
10854,110157067,τῶν,of the,927
10855,110157068,φοινίκων,palms,927
10856,110157069,καὶ,and,927
10857,110157070,ἐξῆλθον,went out,927
10858,110157071,εἰς,toward,927
10859,110157072,ὑπάντησιν,meeting,927
10860,110157073,αὐτῷ,him,927
10861,110157074,",",",",927
10862,110157075,καὶ,and,927
10863,110157076,ἐκραύγαζον,were shouting,927
10864,110157077,.,.,927
10865,110157078,ὡσαννά,Hosanna,928
10866,110157079,.,.,928
10867,110157080,εὐλογημένος,blessed,929
10868,110157081,ὁ,the,929
10869,110157082,ἐρχόμενος,coming,929
10870,110157083,ἐν,in,929
10871,110157084,ὀνόματι,name,929
10872,110157085,κυρίου,of Lord,929
10873,110157086,",",",",929
10874,110157087,καὶ,and,929
10875,110157088,ὁ,the,929
10876,110157089,βασιλεὺς,king,929
10877,110157090,τοῦ,of the,929
10878,110157091,Ἰσραήλ,Israel,929
10879,110157092,.,.,929
10880,110157093,εὑρὼν,finding,930
10881,110157094,δὲ,and,930
10882,110157095,ὁ,the,930
10883,110157096,Ἰησοῦς,Jesus,930
10884,110157097,ὀνάριον,donkey,930
10885,110157098,ἐκάθισεν,sat,930
10886,110157099,ἐπ’,on,930
10887,110157100,αὐτό,it,930
10888,110157101,",",",",930
10889,110157102,καθώς,just as,930
10890,110157103,ἐστιν,is,930
10891,110157104,γεγραμμένον,written,930
10892,110157105,.,.,930
10893,110157106,μὴ,not,931
10894,110157107,φοβοῦ,be afraid,931
10895,110157108,",",",",931
10896,110157109,θυγάτηρ,daughter,931
10897,110157110,Σιών,Zion,931
10898,110157111,.,.,931
10899,110157112,ἰδοὺ,behold,932
10900,110157113,ὁ,the,932
10901,110157114,βασιλεύς,king,932
10902,110157115,σου,your,932
10903,110157116,ἔρχεται,comes,932
10904,110157117,",",",",932
10905,110157118,καθήμενος,sitting,932
10906,110157119,ἐπὶ,on,932
10907,110157120,πῶλον,colt,932
10908,110157121,ὄνου,of an ass,932
10909,110157122,.,.,932
10910,110157123,ταῦτα,these things,933
10911,110157124,οὐκ,not,933
10912,110157125,ἔγνωσαν,knew,933
10913,110157126,αὐτοῦ,his,933
10914,110157127,οἱ,the,933
10915,110157128,μαθηταὶ,disciples,933
10916,110157129,τὸ,the,933
10917,110157130,πρῶτον,first,933
10918,110157131,",",",",933
10919,110157132,ἀλλ',but,933
10920,110157133,ὅτε,when,933
10921,110157134,ἐδοξάσθη,was glorified,933
10922,110157135,Ἰησοῦς,Jesus,933
10923,110157136,τότε,then,933
10924,110157137,ἐμνήσθησαν,they remembered,933
10925,110157138,ὅτι,that,933
10926,110157139,ταῦτα,these things,933
10927,110157140,ἦν,were,933
10928,110157141,ἐπ’,on,933
10929,110157142,αὐτῷ,him,933
10930,110157143,γεγραμμένα,written,933
10931,110157144,καὶ,and,933
10932,110157145,ταῦτα,these,933
10933,110157146,ἐποίησαν,did,933
10934,110157147,αὐτῷ,to him,933
10935,110157148,.,.,933
10936,110157149,ἐμαρτύρει,was testifying,934
10937,110157150,οὖν,therefore,934
10938,110157151,ὁ,the,934
10939,110157152,ὄχλος,crowd,934
10940,110157153,ὁ,the,934
10941,110157154,ὢν,being,934
10942,110157155,μετ’,with,934
10943,110157156,αὐτοῦ,him,934
10944,110157157,ὅτι,that,934
10945,110157158,τὸν,the,934
10946,110157159,Λάζαρον,Lazarus,934
10947,110157160,ἐφώνησεν,called,934
10948,110157161,ἐκ,out of,934
10949,110157162,τοῦ,the,934
10950,110157163,μνημείου,tomb,934
10951,110157164,καὶ,and,934
10952,110157165,ἤγειρεν,raised,934
10953,110157166,αὐτὸν,him,934
10954,110157167,ἐκ,from,934
10955,110157168,νεκρῶν,dead,934
10956,110157169,.,.,934
10957,110157170,διὰ,because,935
10958,110157171,τοῦτο,this,935
10959,110157172,καὶ,and,935
10960,110157173,ὑπήντησεν,met,935
10961,110157174,αὐτῷ,him,935
10962,110157175,ὁ,the,935
10963,110157176,ὄχλος,crowd,935
10964,110157177,",",",",935
10965,110157178,ὅτι,that,935
10966,110157179,ἤκουσαν,heard,935
10967,110157180,τοῦτο,this,935
10968,110157181,αὐτὸν,him,935
10969,110157182,πεποιηκέναι,to have made,935
10970,110157183,τὸ,the,935
10971,110157184,σημεῖον,sign,935
10972,110157185,.,.,935
10973,110157186,οἱ,the,936
10974,110157187,οὖν,therefore,936
10975,110157188,Φαρισαῖοι,Pharisees,936
10976,110157189,εἶπαν,said,936
10977,110157190,πρὸς,to,936
10978,110157191,ἑαυτούς,themselves,936
10979,110157192,.,.,936
10980,110157193,θεωρεῖτε,observe,937
10981,110157194,ὅτι,that,937
10982,110157195,οὐκ,not,937
10983,110157196,ὠφελεῖτε,you profit,937
10984,110157197,οὐδέν,nothing,937
10985,110157198,.,.,937
10986,110157199,ἴδε,Behold,938
10987,110157200,ὁ,the,938
10988,110157201,κόσμος,world,938
10989,110157202,ὀπίσω,after,938
10990,110157203,αὐτοῦ,him,938
10991,110157204,ἀπῆλθεν,went away,938
10992,110157205,.,.,938
10993,110157206,ἦσαν,were,939
10994,110157207,δὲ,but,939
10995,110157208,Ἕλληνές,Greeks,939
10996,110157209,τινες,some,939
10997,110157210,ἐκ,from,939
10998,110157211,τῶν,of the,939
10999,110157212,ἀναβαινόντων,going up,939
11000,110157213,ἵνα,in order that,939
11001,110157214,προσκυνήσωσιν,worship,939
11002,110157215,ἐν,in,939
11003,110157216,τῇ,the,939
11004,110157217,ἑορτῇ,festival,939
11005,110157218,.,.,939
11006,110157219,οὗτοι,these,940
11007,110157220,οὖν,then,940
11008,110157221,προσῆλθον,came,940
11009,110157222,Φιλίππῳ,Philip,940
11010,110157223,τῷ,the,940
11011,110157224,ἀπὸ,from,940
11012,110157225,Βηθσαϊδὰ,Bethsaida,940
11013,110157226,τῆς,of the,940
11014,110157227,Γαλιλαίας,of Galilee,940
11015,110157228,",",",",940
11016,110157229,καὶ,and,940
11017,110157230,ἠρώτων,they asked,940
11018,110157231,αὐτὸν,him,940
11019,110157232,λέγοντες,saying,940
11020,110157233,.,.,940
11021,110157234,κύριε,Sir,941
11022,110157235,",",",",941
11023,110157236,θέλομεν,we wish,941
11024,110157237,τὸν,the,941
11025,110157238,Ἰησοῦν,Jesus,941
11026,110157239,ἰδεῖν,to see,941
11027,110157240,.,.,941
11028,110157241,ἔρχεται,comes,942
11029,110157242,Φίλιππος,Philip,942
11030,110157243,καὶ,and,942
11031,110157244,λέγει,says,942
11032,110157245,τῷ,to,942
11033,110157246,Ἀνδρέᾳ,Andrew,942
11034,110157247,",",",",942
11035,110157248,ἔρχεται,comes,942
11036,110157249,Ἀνδρέας,Andrew,942
11037,110157250,καὶ,and,942
11038,110157251,Φίλιππος,Philip,942
11039,110157252,καὶ,and,942
11040,110157253,λέγουσιν,say,942
11041,110157254,τῷ,to,942
11042,110157255,Ἰησοῦ,Jesus,942
11043,110157256,.,.,942
11044,110157257,ὁ,the,943
11045,110157258,δὲ,but,943
11046,110157259,Ἰησοῦς,Jesus,943
11047,110157260,ἀποκρίνεται,answers,943
11048,110157261,αὐτοῖς,them,943
11049,110157262,λέγων,saying,943
11050,110157263,.,.,943
11051,110157264,ἐλήλυθεν,has come,944
11052,110157265,ἡ,the,944
11053,110157266,ὥρα,hour,944
11054,110157267,ἵνα,that,944
11055,110157268,δοξασθῇ,be glorified,944
11056,110157269,ὁ,the,944
11057,110157270,υἱὸς,Son,944
11058,110157271,τοῦ,the,944
11059,110157272,ἀνθρώπου,man,944
11060,110157273,.,.,944
11061,110157274,ἀμὴν,Amen,945
11062,110157275,ἀμὴν,amen,945
11063,110157276,λέγω,I say,945
11064,110157277,ὑμῖν,you,945
11065,110157278,",",",",945
11066,110157279,ἐὰν,if,945
11067,110157280,μὴ,not,945
11068,110157281,ὁ,the,945
11069,110157282,κόκκος,grain,945
11070,110157283,τοῦ,of the,945
11071,110157284,σίτου,of wheat,945
11072,110157285,πεσὼν,falling,945
11073,110157286,εἰς,into,945
11074,110157287,τὴν,the,945
11075,110157288,γῆν,ground,945
11076,110157289,ἀποθάνῃ,may die,945
11077,110157290,",",",",945
11078,110157291,αὐτὸς,he,945
11079,110157292,μόνος,alone,945
11080,110157293,μένει,remains,945
11081,110157294,.,.,945
11082,110157295,ἐὰν,if,946
11083,110157296,δὲ,but,946
11084,110157297,ἀποθάνῃ,should die,946
11085,110157298,",",",",946
11086,110157299,πολὺν,much,946
11087,110157300,καρπὸν,fruit,946
11088,110157301,φέρει,bears,946
11089,110157302,.,.,946
11090,110157303,ὁ,the,947
11091,110157304,φιλῶν,loves,947
11092,110157305,τὴν,the,947
11093,110157306,ψυχὴν,soul,947
11094,110157307,αὐτοῦ,his,947
11095,110157308,ἀπολλύει,destroys,947
11096,110157309,αὐτήν,her,947
11097,110157310,",",",",947
11098,110157311,καὶ,and,947
11099,110157312,ὁ,the,947
11100,110157313,μισῶν,hating,947
11101,110157314,τὴν,the,947
11102,110157315,ψυχὴν,soul,947
11103,110157316,αὐτοῦ,his,947
11104,110157317,ἐν,in,947
11105,110157318,τῷ,the,947
11106,110157319,κόσμῳ,world,947
11107,110157320,τούτῳ,this,947
11108,110157321,εἰς,into,947
11109,110157322,ζωὴν,life,947
11110,110157323,αἰώνιον,eternal,947
11111,110157324,φυλάξει,will keep,947
11112,110157325,αὐτήν,it,947
11113,110157326,.,.,947
11114,110157327,ἐὰν,if,948
11115,110157328,ἐμοί,to me,948
11116,110157329,τις,anyone,948
11117,110157330,διακονῇ,serves,948
11118,110157331,",",",",948
11119,110157332,ἐμοὶ,to me,948
11120,110157333,ἀκολουθείτω,let him follow,948
11121,110157334,",",",",948
11122,110157335,καὶ,and,948
11123,110157336,ὅπου,where,948
11124,110157337,εἰμὶ,am,948
11125,110157338,ἐγώ,I,948
11126,110157339,",",",",948
11127,110157340,ἐκεῖ,there,948
11128,110157341,καὶ,also,948
11129,110157342,ὁ,the,948
11130,110157343,διάκονος,servant,948
11131,110157344,ὁ,the,948
11132,110157345,ἐμὸς,my,948
11133,110157346,ἔσται,will be,948
11134,110157347,.,.,948
11135,110157348,ἐάν,if,949
11136,110157349,τις,anyone,949
11137,110157350,ἐμοὶ,to me,949
11138,110157351,διακονῇ,serve,949
11139,110157352,",",",",949
11140,110157353,τιμήσει,will honor,949
11141,110157354,αὐτὸν,him,949
11142,110157355,ὁ,the,949
11143,110157356,πατήρ,father,949
11144,110157357,.,.,949
11145,110157358,νῦν,now,950
11146,110157359,ἡ,the,950
11147,110157360,ψυχή,soul,950
11148,110157361,μου,my,950
11149,110157362,τετάρακται,has been troubled,950
11150,110157363,",",",",950
11151,110157364,καὶ,and,950
11152,110157365,τί,what,950
11153,110157366,εἴπω,speak,950
11154,110157367,;,?,950
11155,110157368,πάτερ,Father,951
11156,110157369,",",",",951
11157,110157370,σῶσόν,save,951
11158,110157371,με,me,951
11159,110157372,ἐκ,out of,951
11160,110157373,τῆς,the,951
11161,110157374,ὥρας,hour,951
11162,110157375,ταύτης,this,951
11163,110157376,;,?,951
11164,110157377,ἀλλὰ,but,952
11165,110157378,διὰ,because,952
11166,110157379,τοῦτο,this,952
11167,110157380,ἦλθον,came,952
11168,110157381,εἰς,into,952
11169,110157382,τὴν,the,952
11170,110157383,ὥραν,hour,952
11171,110157384,ταύτην,this,952
11172,110157385,.,.,952
11173,110157386,πάτερ,Father,953
11174,110157387,",",",",953
11175,110157388,δόξασόν,glorify,953
11176,110157389,σου,your,953
11177,110157390,τὸ,the,953
11178,110157391,ὄνομα,name,953
11179,110157392,.,.,953
11180,110157393,ἦλθεν,came,954
11181,110157394,οὖν,then,954
11182,110157395,φωνὴ,voice,954
11183,110157396,ἐκ,from,954
11184,110157397,τοῦ,the,954
11185,110157398,οὐρανοῦ,heaven,954
11186,110157399,.,.,954
11187,110157400,καὶ,and,955
11188,110157401,ἐδόξασα,I glorified,955
11189,110157402,καὶ,and,955
11190,110157403,πάλιν,again,955
11191,110157404,δοξάσω,will glorify,955
11192,110157405,.,.,955
11193,110157406,ὁ,the,956
11194,110157407,οὖν,then,956
11195,110157408,ὄχλος,crowd,956
11196,110157409,ὁ,the,956
11197,110157410,ἑστὼς,standing,956
11198,110157411,ἀκούσας,having heard,956
11199,110157412,ἔλεγεν,was saying,956
11200,110157413,βροντὴν,thunder,956
11201,110157414,γεγονέναι,to have happened,956
11202,110157415,.,.,956
11203,110157416,ἄλλοι,others,957
11204,110157417,ἔλεγον,were saying,957
11205,110157418,.,.,957
11206,110157419,ἄγγελος,angel,958
11207,110157420,αὐτῷ,to him,958
11208,110157421,λελάληκεν,has spoken,958
11209,110157422,.,.,958
11210,110157423,ἀπεκρίθη,answered,959
11211,110157424,Ἰησοῦς,Jesus,959
11212,110157425,καὶ,and,959
11213,110157426,εἶπεν,said,959
11214,110157427,.,.,959
11215,110157428,οὐ,not,960
11216,110157429,δι’,through,960
11217,110157430,ἐμὲ,me,960
11218,110157431,ἡ,the,960
11219,110157432,φωνὴ,voice,960
11220,110157433,αὕτη,this,960
11221,110157434,γέγονεν,has come into being,960
11222,110157435,ἀλλὰ,but,960
11223,110157436,δι’,for,960
11224,110157437,ὑμᾶς,you,960
11225,110157438,.,.,960
11226,110157439,νῦν,now,961
11227,110157440,κρίσις,judgment,961
11228,110157441,ἐστὶν,is,961
11229,110157442,τοῦ,of the,961
11230,110157443,κόσμου,world,961
11231,110157444,τούτου,this,961
11232,110157445,.,.,961
11233,110157446,νῦν,now,962
11234,110157447,ὁ,the,962
11235,110157448,ἄρχων,ruler,962
11236,110157449,τοῦ,of the,962
11237,110157450,κόσμου,world,962
11238,110157451,τούτου,of this,962
11239,110157452,ἐκβληθήσεται,will be cast out,962
11240,110157453,ἔξω,out,962
11241,110157454,",",",",962
11242,110157455,κα-,and,962
11243,110157456,κἀγὼ,and I,962
11244,110157457,ἐὰν,if,962
11245,110157458,ὑψωθῶ,be lifted up,962
11246,110157459,ἐκ,out of,962
11247,110157460,τῆς,the,962
11248,110157461,γῆς,earth,962
11249,110157462,",",",",962
11250,110157463,πάντας,all,962
11251,110157464,ἑλκύσω,I will draw,962
11252,110157465,πρὸς,to,962
11253,110157466,ἐμαυτόν,myself,962
11254,110157467,.,.,962
11255,110157468,τοῦτο,this,963
11256,110157469,δὲ,but,963
11257,110157470,ἔλεγεν,he was saying,963
11258,110157471,σημαίνων,signifying,963
11259,110157472,ποίῳ,causing,963
11260,110157473,θανάτῳ,to death,963
11261,110157474,ἤμελλεν,was about to,963
11262,110157475,ἀποθνῄσκειν,to die,963
11263,110157476,.,.,963
11264,110157477,ἀπεκρίθη,answered,964
11265,110157478,οὖν,then,964
11266,110157479,αὐτῷ,to him,964
11267,110157480,ὁ,the,964
11268,110157481,ὄχλος,crowd,964
11269,110157482,",",",",964
11270,110157483,ἡμεῖς,we,964
11271,110157484,ἠκούσαμεν,heard,964
11272,110157485,ἐκ,from,964
11273,110157486,τοῦ,the,964
11274,110157487,νόμου,law,964
11275,110157488,ὅτι,that,964
11276,110157489,ὁ,the,964
11277,110157490,Χριστὸς,Christ,964
11278,110157491,μένει,remains,964
11279,110157492,εἰς,into,964
11280,110157493,τὸν,the,964
11281,110157494,αἰῶνα,age,964
11282,110157495,",",",",964
11283,110157496,καὶ,and,964
11284,110157497,πῶς,how,964
11285,110157498,λέγεις,you say,964
11286,110157499,σὺ,you,964
11287,110157500,ὅτι,that,964
11288,110157501,δεῖ,it is necessary,964
11289,110157502,ὑψωθῆναι,to be lifted up,964
11290,110157503,τὸν,the,964
11291,110157504,υἱὸν,Son,964
11292,110157505,τοῦ,of the,964
11293,110157506,ἀνθρώπου,of man,964
11294,110157507,;,?,964
11295,110157508,τίς,who,965
11296,110157509,ἐστιν,is,965
11297,110157510,οὗτος,this,965
11298,110157511,ὁ,the,965
11299,110157512,υἱὸς,son,965
11300,110157513,τοῦ,of the,965
11301,110157514,ἀνθρώπου,of man,965
11302,110157515,;,;,965
11303,110157516,εἶπεν,said,966
11304,110157517,οὖν,therefore,966
11305,110157518,αὐτοῖς,them,966
11306,110157519,ὁ,the,966
11307,110157520,Ἰησοῦς,Jesus,966
11308,110157521,.,.,966
11309,110157522,ἔτι,yet,967
11310,110157523,μικρὸν,short,967
11311,110157524,χρόνον,time,967
11312,110157525,τὸ,the,967
11313,110157526,φῶς,light,967
11314,110157527,ἐν,in,967
11315,110157528,ὑμῖν,you,967
11316,110157529,ἐστιν,is,967
11317,110157530,.,.,967
11318,110157531,περιπατεῖτε,walk,968
11319,110157532,ὡς,as,968
11320,110157533,τὸ,the,968
11321,110157534,φῶς,light,968
11322,110157535,ἔχετε,you have,968
11323,110157536,",",",",968
11324,110157537,ἵνα,so that,968
11325,110157538,μὴ,not,968
11326,110157539,σκοτία,darkness,968
11327,110157540,ὑμᾶς,you,968
11328,110157541,καταλάβῃ,seize,968
11329,110157542,.,.,968
11330,110157543,καὶ,and,969
11331,110157544,ὁ,the,969
11332,110157545,περιπατῶν,walking,969
11333,110157546,ἐν,in,969
11334,110157547,τῇ,the,969
11335,110157548,σκοτίᾳ,darkness,969
11336,110157549,οὐκ,not,969
11337,110157550,οἶδεν,knows,969
11338,110157551,ποῦ,where,969
11339,110157552,ὑπάγει,goes,969
11340,110157553,.,.,969
11341,110157554,ὡς,so,970
11342,110157555,τὸ,the,970
11343,110157556,φῶς,light,970
11344,110157557,ἔχετε,have,970
11345,110157558,",",",",970
11346,110157559,πιστεύετε,believe,970
11347,110157560,εἰς,into,970
11348,110157561,τὸ,the,970
11349,110157562,φῶς,light,970
11350,110157563,",",",",970
11351,110157564,ἵνα,so that,970
11352,110157565,υἱοὶ,sons,970
11353,110157566,φωτὸς,of light,970
11354,110157567,γένησθε,become,970
11355,110157568,.,.,970
11356,110157569,ταῦτα,these things,971
11357,110157570,ἐλάλησεν,spoke,971
11358,110157571,Ἰησοῦς,Jesus,971
11359,110157572,",",",",971
11360,110157573,καὶ,and,971
11361,110157574,ἀπελθὼν,having gone away,971
11362,110157575,ἐκρύβη,hid,971
11363,110157576,ἀπ’,from,971
11364,110157577,αὐτῶν,them,971
11365,110157578,.,.,971
11366,110157579,τοσαῦτα,so many,972
11367,110157580,δὲ,but,972
11368,110157581,αὐτοῦ,his,972
11369,110157582,σημεῖα,signs,972
11370,110157583,πεποιηκότος,having done,972
11371,110157584,ἔμπροσθεν,before,972
11372,110157585,αὐτῶν,before them,972
11373,110157586,οὐκ,not,972
11374,110157587,ἐπίστευον,they were believing,972
11375,110157588,εἰς,into,972
11376,110157589,αὐτόν,him,972
11377,110157590,",",",",972
11378,110157591,ἵνα,so that,972
11379,110157592,ὁ,the,972
11380,110157593,λόγος,word,972
11381,110157594,Ἡσαΐου,of Isaiah,972
11382,110157595,τοῦ,of the,972
11383,110157596,προφήτου,of the prophet,972
11384,110157597,πληρωθῇ,be fulfilled,972
11385,110157598,",",",",972
11386,110157599,ὃν,whom,972
11387,110157600,εἶπεν,said,972
11388,110157601,.,.,972
11389,110157602,κύριε,sir,973
11390,110157603,",",",",973
11391,110157604,τίς,who,973
11392,110157605,ἐπίστευσεν,believed,973
11393,110157606,τῇ,the,973
11394,110157607,ἀκοῇ,report,973
11395,110157608,ἡμῶν,of us,973
11396,110157609,;,?,973
11397,110157610,καὶ,and,974
11398,110157611,ὁ,the,974
11399,110157612,βραχίων,arm,974
11400,110157613,κυρίου,of the Lord,974
11401,110157614,τίνι,to whom,974
11402,110157615,ἀπεκαλύφθη,was revealed,974
11403,110157616,;,?,974
11404,110157617,διὰ,on account of,975
11405,110157618,τοῦτο,this,975
11406,110157619,οὐκ,not,975
11407,110157620,ἠδύναντο,were able,975
11408,110157621,πιστεύειν,to believe,975
11409,110157622,",",",",975
11410,110157623,ὅτι,that,975
11411,110157624,πάλιν,again,975
11412,110157625,εἶπεν,said,975
11413,110157626,Ἠσαΐας,Isaiah,975
11414,110157627,.,.,975
11415,110157628,τετύφλωκεν,has blinded,976
11416,110157629,αὐτῶν,their,976
11417,110157630,τοὺς,the,976
11418,110157631,ὀφθαλμοὺς,eyes,976
11419,110157632,καὶ,and,976
11420,110157633,ἐπώρωσεν,he hardened,976
11421,110157634,αὐτῶν,their,976
11422,110157635,τὴν,the,976
11423,110157636,καρδίαν,heart,976
11424,110157637,",",",",976
11425,110157638,ἵνα,so that,976
11426,110157639,μὴ,not,976
11427,110157640,ἴδωσιν,they might see,976
11428,110157641,τοῖς,the,976
11429,110157642,ὀφθαλμοῖς,with eyes,976
11430,110157643,καὶ,and,976
11431,110157644,νοήσωσιν,understand,976
11432,110157645,τῇ,the,976
11433,110157646,καρδίᾳ,heart,976
11434,110157647,καὶ,and,976
11435,110157648,στραφῶσιν,turn,976
11436,110157649,",",",",976
11437,110157650,καὶ,and,976
11438,110157651,ἰάσομαι,I will heal,976
11439,110157652,αὐτούς,them,976
11440,110157653,.,.,976
11441,110157654,ταῦτα,these things,977
11442,110157655,εἶπεν,said,977
11443,110157656,Ἠσαΐας,Isaiah,977
11444,110157657,",",",",977
11445,110157658,ὅτι,that,977
11446,110157659,εἶδεν,saw,977
11447,110157660,τὴν,the,977
11448,110157661,δόξαν,glory,977
11449,110157662,αὐτοῦ,his,977
11450,110157663,",",",",977
11451,110157664,καὶ,and,977
11452,110157665,ἐλάλησεν,spoke,977
11453,110157666,περὶ,about,977
11454,110157667,αὐτοῦ,of him,977
11455,110157668,.,.,977
11456,110157669,ὅμως,nevertheless,978
11457,110157670,μέντοι,however,978
11458,110157671,καὶ,even,978
11459,110157672,ἐκ,from,978
11460,110157673,τῶν,the,978
11461,110157674,ἀρχόντων,rulers,978
11462,110157675,πολλοὶ,many,978
11463,110157676,ἐπίστευσαν,believed,978
11464,110157677,εἰς,into,978
11465,110157678,αὐτόν,him,978
11466,110157679,",",",",978
11467,110157680,ἀλλὰ,but,978
11468,110157681,διὰ,because of,978
11469,110157682,τοὺς,the,978
11470,110157683,Φαρισαίους,Pharisees,978
11471,110157684,οὐχ,not,978
11472,110157685,ὡμολόγουν,they were confessing,978
11473,110157686,",",",",978
11474,110157687,ἵνα,so that,978
11475,110157688,μὴ,not,978
11476,110157689,ἀποσυνάγωγοι,excommunicated,978
11477,110157690,γένωνται,they become,978
11478,110157691,.,.,978
11479,110157692,ἠγάπησαν,they loved,979
11480,110157693,γὰρ,for,979
11481,110157694,τὴν,the,979
11482,110157695,δόξαν,glory,979
11483,110157696,τῶν,of,979
11484,110157697,ἀνθρώπων,of men,979
11485,110157698,μᾶλλον,more,979
11486,110157699,ἤπερ,than,979
11487,110157700,τὴν,the,979
11488,110157701,δόξαν,glory,979
11489,110157702,τοῦ,of,979
11490,110157703,θεοῦ,God,979
11491,110157704,.,.,979
11492,110157705,Ἰησοῦς,Jesus,980
11493,110157706,δὲ,but,980
11494,110157707,ἔκραξεν,cried out,980
11495,110157708,καὶ,and,980
11496,110157709,εἶπεν,said,980
11497,110157710,.,.,980
11498,110157711,ὁ,the,981
11499,110157712,πιστεύων,believing,981
11500,110157713,εἰς,into,981
11501,110157714,ἐμὲ,me,981
11502,110157715,οὐ,not,981
11503,110157716,πιστεύει,believes,981
11504,110157717,εἰς,into,981
11505,110157718,ἐμὲ,me,981
11506,110157719,ἀλλὰ,but,981
11507,110157720,εἰς,into,981
11508,110157721,τὸν,the,981
11509,110157722,πέμψαντά,sent,981
11510,110157723,με,me,981
11511,110157724,",",",",981
11512,110157725,καὶ,and,981
11513,110157726,ὁ,the,981
11514,110157727,θεωρῶν,seeing,981
11515,110157728,ἐμὲ,me,981
11516,110157729,θεωρεῖ,sees,981
11517,110157730,τὸν,the,981
11518,110157731,πέμψαντά,one who sent,981
11519,110157732,με,me,981
11520,110157733,.,.,981
11521,110157734,ἐγὼ,I,982
11522,110157735,φῶς,light,982
11523,110157736,εἰς,into,982
11524,110157737,τὸν,the,982
11525,110157738,κόσμον,world,982
11526,110157739,ἐλήλυθα,have come,982
11527,110157740,",",",",982
11528,110157741,ἵνα,so that,982
11529,110157742,πᾶς,every,982
11530,110157743,ὁ,the,982
11531,110157744,πιστεύων,believing,982
11532,110157745,εἰς,into,982
11533,110157746,ἐμὲ,me,982
11534,110157747,ἐν,in,982
11535,110157748,τῇ,the,982
11536,110157749,σκοτίᾳ,darkness,982
11537,110157750,μὴ,not,982
11538,110157751,μείνῃ,may remain,982
11539,110157752,.,.,982
11540,110157753,καὶ,and,983
11541,110157754,ἐάν,if,983
11542,110157755,τίς,anyone,983
11543,110157756,μου,my,983
11544,110157757,ἀκούσῃ,hears,983
11545,110157758,τῶν,the,983
11546,110157759,ῥημάτων,things,983
11547,110157760,καὶ,and,983
11548,110157761,μὴ,not,983
11549,110157762,φυλάξῃ,keep,983
11550,110157763,",",",",983
11551,110157764,ἐγὼ,I,983
11552,110157765,οὐ,not,983
11553,110157766,κρίνω,judge,983
11554,110157767,αὐτόν,him,983
11555,110157768,.,.,983
11556,110157769,οὐ,not,984
11557,110157770,γὰρ,for,984
11558,110157771,ἦλθον,came,984
11559,110157772,ἵνα,that,984
11560,110157773,κρίνω,judge,984
11561,110157774,τὸν,the,984
11562,110157775,κόσμον,world,984
11563,110157776,",",",",984
11564,110157777,ἀλλ’,but,984
11565,110157778,ἵνα,that,984
11566,110157779,σώσω,I might save,984
11567,110157780,τὸν,the,984
11568,110157781,κόσμον,the world,984
11569,110157782,.,.,984
11570,110157783,ὁ,the,985
11571,110157784,ἀθετῶν,rejecting,985
11572,110157785,ἐμὲ,me,985
11573,110157786,καὶ,and,985
11574,110157787,μὴ,not,985
11575,110157788,λαμβάνων,taking,985
11576,110157789,τὰ,the,985
11577,110157790,ῥήματά,words,985
11578,110157791,μου,my,985
11579,110157792,ἔχει,has,985
11580,110157793,τὸν,the,985
11581,110157794,κρίνοντα,judging,985
11582,110157795,αὐτόν,him,985
11583,110157796,.,.,985
11584,110157797,ὁ,the,986
11585,110157798,λόγος,word,986
11586,110157799,ὃν,which,986
11587,110157800,ἐλάλησα,I spoke,986
11588,110157801,",",",",986
11589,110157802,ἐκεῖνος,that,986
11590,110157803,κρινεῖ,judges,986
11591,110157804,αὐτὸν,him,986
11592,110157805,τῇ,the,986
11593,110157806,ἐσχάτῃ,last,986
11594,110157807,ἡμέρᾳ,day,986
11595,110157808,.,.,986
11596,110157809,ὅτι,that,987
11597,110157810,ἐγὼ,I,987
11598,110157811,ἐξ,out of,987
11599,110157812,ἐμαυτοῦ,myself,987
11600,110157813,οὐκ,not,987
11601,110157814,ἐλάλησα,I spoke,987
11602,110157815,",",",",987
11603,110157816,ἀλλ',but,987
11604,110157817,ὁ,the,987
11605,110157818,πέμψας,having sent,987
11606,110157819,με,me,987
11607,110157820,πατὴρ,father,987
11608,110157821,αὐτός,he himself,987
11609,110157822,μοι,me,987
11610,110157823,ἐντολὴν,command,987
11611,110157824,δέδωκεν,has given,987
11612,110157825,τί,what,987
11613,110157826,εἴπω,speak,987
11614,110157827,καὶ,and,987
11615,110157828,τί,what,987
11616,110157829,λαλήσω,I will speak,987
11617,110157830,.,.,987
11618,110157831,καὶ,and,988
11619,110157832,οἶδα,I know,988
11620,110157833,ὅτι,that,988
11621,110157834,ἡ,the,988
11622,110157835,ἐντολὴ,commandment,988
11623,110157836,αὐτοῦ,his,988
11624,110157837,ζωὴ,life,988
11625,110157838,αἰώνιός,eternal,988
11626,110157839,ἐστιν,is,988
11627,110157840,.,.,988
11628,110157841,ἃ,that,989
11629,110157842,οὖν,therefore,989
11630,110157843,ἐγὼ,I,989
11631,110157844,λαλῶ,speak,989
11632,110157845,",",",",989
11633,110157846,καθὼς,as,989
11634,110157847,εἴρηκέν,has said,989
11635,110157848,μοι,to me,989
11636,110157849,ὁ,the,989
11637,110157850,πατήρ,father,989
11638,110157851,",",",",989
11639,110157852,οὕτως,thus,989
11640,110157853,λαλῶ,speak,989
11641,110157854,.,.,989
11642,110157855,πρὸ,before,990
11643,110157856,δὲ,and,990
11644,110157857,τῆς,of the,990
11645,110157858,ἑορτῆς,festival,990
11646,110157859,τοῦ,of the,990
11647,110157860,πάσχα,Passover,990
11648,110157861,εἰδὼς,knowing,990
11649,110157862,ὁ,the,990
11650,110157863,Ἰησοῦς,Jesus,990
11651,110157864,ὅτι,that,990
11652,110157865,ἦλθεν,had come,990
11653,110157866,αὐτοῦ,his,990
11654,110157867,ἡ,the,990
11655,110157868,ὥρα,hour,990
11656,110157869,ἵνα,that,990
11657,110157870,μεταβῇ,depart,990
11658,110157871,ἐκ,out of,990
11659,110157872,τοῦ,the,990
11660,110157873,κόσμου,world,990
11661,110157874,τούτου,this,990
11662,110157875,πρὸς,to,990
11663,110157876,τὸν,the,990
11664,110157877,πατέρα,father,990
11665,110157878,",",",",990
11666,110157879,ἀγαπήσας,having loved,990
11667,110157880,τοὺς,the,990
11668,110157881,ἰδίους,own,990
11669,110157882,τοὺς,the,990
11670,110157883,ἐν,in,990
11671,110157884,τῷ,the,990
11672,110157885,κόσμῳ,world,990
11673,110157886,",",",",990
11674,110157887,εἰς,unto,990
11675,110157888,τέλος,end,990
11676,110157889,ἠγάπησεν,loved,990
11677,110157890,αὐτούς,them,990
11678,110157891,.,.,990
11679,110157892,καὶ,and,991
11680,110157893,δείπνου,of supper,991
11681,110157894,γινομένου,taking place,991
11682,110157895,",",",",991
11683,110157896,τοῦ,the,991
11684,110157897,διαβόλου,devil's,991
11685,110157898,ἤδη,already,991
11686,110157899,βεβληκότος,having cast,991
11687,110157900,εἰς,into,991
11688,110157901,τὴν,the,991
11689,110157902,καρδίαν,heart,991
11690,110157903,ἵνα,that,991
11691,110157904,παραδοῖ,should betray,991
11692,110157905,αὐτὸν,him,991
11693,110157906,Ἰούδας,Judas,991
11694,110157907,Σίμωνος,Simon's,991
11695,110157908,Ἰσκαριώτης,Kariot,991
11696,110157909,",",",",991
11697,110157910,εἰδὼς,knowing,991
11698,110157911,ὅτι,that,991
11699,110157912,πάντα,all,991
11700,110157913,ἔδωκεν,gave,991
11701,110157914,αὐτῷ,him,991
11702,110157915,ὁ,the,991
11703,110157916,πατὴρ,father,991
11704,110157917,εἰς,into,991
11705,110157918,τὰς,the,991
11706,110157919,χεῖρας,hands,991
11707,110157920,καὶ,and,991
11708,110157921,ὅτι,that,991
11709,110157922,ἀπὸ,from,991
11710,110157923,θεοῦ,God,991
11711,110157924,ἐξῆλθεν,came forth,991
11712,110157925,καὶ,and,991
11713,110157926,πρὸς,to,991
11714,110157927,τὸν,the,991
11715,110157928,θεὸν,God,991
11716,110157929,ὑπάγει,is going,991
11717,110157930,",",",",991
11718,110157931,ἐγείρεται,he rises,991
11719,110157932,ἐκ,out of,991
11720,110157933,τοῦ,the,991
11721,110157934,δείπνου,supper,991
11722,110157935,καὶ,and,991
11723,110157936,τίθησιν,puts,991
11724,110157937,τὰ,the,991
11725,110157938,ἱμάτια,garments,991
11726,110157939,",",",",991
11727,110157940,καὶ,and,991
11728,110157941,λαβὼν,having taken,991
11729,110157942,λέντιον,towel,991
11730,110157943,διέζωσεν,girded,991
11731,110157944,ἑαυτόν,himself,991
11732,110157945,.,.,991
11733,110157946,εἶτα,then,992
11734,110157947,βάλλει,pours,992
11735,110157948,ὕδωρ,water,992
11736,110157949,εἰς,into,992
11737,110157950,τὸν,the,992
11738,110157951,νιπτῆρα,basin,992
11739,110157952,",",",",992
11740,110157953,καὶ,and,992
11741,110157954,ἤρξατο,began,992
11742,110157955,νίπτειν,to wash,992
11743,110157956,τοὺς,the,992
11744,110157957,πόδας,feet,992
11745,110157958,τῶν,of the,992
11746,110157959,μαθητῶν,disciples,992
11747,110157960,καὶ,and,992
11748,110157961,ἐκμάσσειν,to dry,992
11749,110157962,τῷ,the,992
11750,110157963,λεντίῳ,towel,992
11751,110157964,ᾧ,which,992
11752,110157965,ἦν,was,992
11753,110157966,διεζωσμένος,having girded,992
11754,110157967,.,.,992
11755,110157968,ἔρχεται,comes,993
11756,110157969,οὖν,then,993
11757,110157970,πρὸς,to,993
11758,110157971,Σίμωνα,Simon,993
11759,110157972,Πέτρον,Peter,993
11760,110157973,.,.,993
11761,110157974,λέγει,says,994
11762,110157975,αὐτῷ,him,994
11763,110157976,.,.,994
11764,110157977,κύριε,Sir,995
11765,110157978,",",",",995
11766,110157979,σύ,you,995
11767,110157980,μου,my,995
11768,110157981,νίπτεις,you wash,995
11769,110157982,τοὺς,the,995
11770,110157983,πόδας,feet,995
11771,110157984,;,?,995
11772,110157985,ἀπεκρίθη,answered,996
11773,110157986,Ἰησοῦς,Jesus,996
11774,110157987,καὶ,and,996
11775,110157988,εἶπεν,said,996
11776,110157989,αὐτῷ,him,996
11777,110157990,.,.,996
11778,110157991,ὃ,what,997
11779,110157992,ἐγὼ,I,997
11780,110157993,ποιῶ,do,997
11781,110157994,σὺ,you,997
11782,110157995,οὐκ,not,997
11783,110157996,οἶδας,you know,997
11784,110157997,ἄρτι,now,997
11785,110157998,",",",",997
11786,110157999,γνώσῃ,you will know,997
11787,110158000,δὲ,but,997
11788,110158001,μετὰ,after,997
11789,110158002,ταῦτα,these,997
11790,110158003,.,.,997
11791,110158004,λέγει,says,998
11792,110158005,αὐτῷ,to him,998
11793,110158006,Πέτρος,Peter,998
11794,110158007,.,.,998
11795,110158008,οὐ,not,999
11796,110158009,μὴ,not,999
11797,110158010,νίψῃς,wash,999
11798,110158011,μου,my,999
11799,110158012,τοὺς,the,999
11800,110158013,πόδας,feet,999
11801,110158014,εἰς,into,999
11802,110158015,τὸν,the,999
11803,110158016,αἰῶνα,forever,999
11804,110158017,.,.,999
11805,110158018,ἀπεκρίθη,answered,1000
11806,110158019,Ἰησοῦς,Jesus,1000
11807,110158020,αὐτῷ,him,1000
11808,110158021,.,.,1000
11809,110158022,ἐὰν,if,1001
11810,110158023,μὴ,not,1001
11811,110158024,νίψω,wash,1001
11812,110158025,σε,you,1001
11813,110158026,",",",",1001
11814,110158027,οὐκ,not,1001
11815,110158028,ἔχεις,have,1001
11816,110158029,μέρος,share,1001
11817,110158030,μετ',with,1001
11818,110158031,ἐμοῦ,with me,1001
11819,110158032,.,.,1001
11820,110158033,λέγει,says,1002
11821,110158034,αὐτῷ,him,1002
11822,110158035,Σίμων,Simon,1002
11823,110158036,Πέτρος,Peter,1002
11824,110158037,.,.,1002
11825,110158038,κύριε,sir,1003
11826,110158039,",",",",1003
11827,110158040,μὴ,not,1003
11828,110158041,τοὺς,the,1003
11829,110158042,πόδας,feet,1003
11830,110158043,μου,my,1003
11831,110158044,μόνον,only,1003
11832,110158045,ἀλλὰ,but,1003
11833,110158046,καὶ,and,1003
11834,110158047,τὰς,the,1003
11835,110158048,χεῖρας,hands,1003
11836,110158049,καὶ,and,1003
11837,110158050,τὴν,the,1003
11838,110158051,κεφαλήν,head,1003
11839,110158052,.,.,1003
11840,110158053,λέγει,says,1004
11841,110158054,αὐτῷ,to him,1004
11842,110158055,Ἰησοῦς,Jesus,1004
11843,110158056,.,.,1004
11844,110158057,ὁ,the,1005
11845,110158058,λελουμένος,having been washed,1005
11846,110158059,οὐκ,not,1005
11847,110158060,ἔχει,has,1005
11848,110158061,χρείαν,need,1005
11849,110158062,νίψασθαι,to wash,1005
11850,110158063,",",",",1005
11851,110158064,ἀλλ’,but,1005
11852,110158065,ἔστιν,is,1005
11853,110158066,καθαρὸς,clean,1005
11854,110158067,ὅλος,whole,1005
11855,110158068,.,.,1005
11856,110158069,καὶ,and,1006
11857,110158070,ὑμεῖς,you,1006
11858,110158071,καθαροί,clean,1006
11859,110158072,ἐστε,are,1006
11860,110158073,",",",",1006
11861,110158074,ἀλλ’,but,1006
11862,110158075,οὐχὶ,not,1006
11863,110158076,πάντες,all,1006
11864,110158077,.,.,1006
11865,110158078,ᾔδει,knew,1007
11866,110158079,γὰρ,for,1007
11867,110158080,τὸν,the,1007
11868,110158081,παραδιδόντα,the one betraying him,1007
11869,110158082,αὐτόν,him,1007
11870,110158083,.,.,1007
11871,110158084,διὰ,because of,1008
11872,110158085,τοῦτο,this,1008
11873,110158086,εἶπεν,said,1008
11874,110158087,ὅτι,that,1008
11875,110158088,οὐχὶ,not,1008
11876,110158089,πάντες,all,1008
11877,110158090,καθαροί,clean,1008
11878,110158091,ἐστε,you are,1008
11879,110158092,.,.,1008
11880,110158093,ὅτε,when,1009
11881,110158094,οὖν,then,1009
11882,110158095,ἔνιψεν,washed,1009
11883,110158096,τοὺς,the,1009
11884,110158097,πόδας,feet,1009
11885,110158098,αὐτῶν,their,1009
11886,110158099,καὶ,and,1009
11887,110158100,ἔλαβεν,took,1009
11888,110158101,τὰ,the,1009
11889,110158102,ἱμάτια,garments,1009
11890,110158103,αὐτοῦ,his,1009
11891,110158104,καὶ,and,1009
11892,110158105,ἀνέπεσεν,sat down,1009
11893,110158106,πάλιν,again,1009
11894,110158107,",",",",1009
11895,110158108,εἶπεν,said,1009
11896,110158109,αὐτοῖς,them,1009
11897,110158110,.,.,1009
11898,110158111,γινώσκετε,know,1010
11899,110158112,τί,what,1010
11900,110158113,πεποίηκα,have done,1010
11901,110158114,ὑμῖν,you,1010
11902,110158115,;,?,1010
11903,110158116,ὑμεῖς,you,1011
11904,110158117,φωνεῖτέ,you are crying out,1011
11905,110158118,με,me,1011
11906,110158119,.,.,1011
11907,110158120,ὁ,the,1012
11908,110158121,διδάσκαλος,teacher,1012
11909,110158122,καὶ,and,1012
11910,110158123,ὁ,the,1012
11911,110158124,κύριος,Lord,1012
11912,110158125,",",",",1012
11913,110158126,καὶ,and,1012
11914,110158127,καλῶς,well,1012
11915,110158128,λέγετε,you say,1012
11916,110158129,.,.,1012
11917,110158130,εἰμὶ,I am,1013
11918,110158131,γάρ,for,1013
11919,110158132,.,.,1013
11920,110158133,εἰ,if,1014
11921,110158134,οὖν,then,1014
11922,110158135,ἐγὼ,I,1014
11923,110158136,ἔνιψα,I have washed,1014
11924,110158137,ὑμῶν,your,1014
11925,110158138,τοὺς,the,1014
11926,110158139,πόδας,feet,1014
11927,110158140,ὁ,the,1014
11928,110158141,κύριος,Lord,1014
11929,110158142,καὶ,and,1014
11930,110158143,ὁ,the,1014
11931,110158144,διδάσκαλος,teacher,1014
11932,110158145,",",",",1014
11933,110158146,καὶ,and,1014
11934,110158147,ὑμεῖς,you,1014
11935,110158148,ὀφείλετε,you ought,1014
11936,110158149,ἀλλήλων,of one another,1014
11937,110158150,νίπτειν,to wash,1014
11938,110158151,τοὺς,the,1014
11939,110158152,πόδας,feet,1014
11940,110158153,.,.,1014
11941,110158154,ὑπόδειγμα,example,1015
11942,110158155,γὰρ,for,1015
11943,110158156,δέδωκα,have given,1015
11944,110158157,ὑμῖν,you,1015
11945,110158158,",",",",1015
11946,110158159,ἵνα,so that,1015
11947,110158160,καθὼς,just as,1015
11948,110158161,ἐγὼ,I,1015
11949,110158162,ἐποίησα,did,1015
11950,110158163,ὑμῖν,you,1015
11951,110158164,καὶ,and,1015
11952,110158165,ὑμεῖς,you,1015
11953,110158166,ποιῆτε,you do,1015
11954,110158167,.,.,1015
11955,110158168,ἀμὴν,truly,1016
11956,110158169,ἀμὴν,truly,1016
11957,110158170,λέγω,I say,1016
11958,110158171,ὑμῖν,you,1016
11959,110158172,",",",",1016
11960,110158173,οὐκ,not,1016
11961,110158174,ἔστιν,is,1016
11962,110158175,δοῦλος,slave,1016
11963,110158176,μείζων,greater,1016
11964,110158177,τοῦ,of the,1016
11965,110158178,κυρίου,master,1016
11966,110158179,αὐτοῦ,his,1016
11967,110158180,οὐ,not,1016
11968,110158181,-δὲ,and,1016
11969,110158182,ἀπόστολος,messenger,1016
11970,110158183,μείζων,greater,1016
11971,110158184,τοῦ,of the,1016
11972,110158185,πέμψαντος,having sent,1016
11973,110158186,αὐτόν,him,1016
11974,110158187,.,.,1016
11975,110158188,εἰ,if,1017
11976,110158189,ταῦτα,these,1017
11977,110158190,οἴδατε,you know,1017
11978,110158191,",",",",1017
11979,110158192,μακάριοί,blessed,1017
11980,110158193,ἐστε,you are,1017
11981,110158194,ἐὰν,if,1017
11982,110158195,ποιῆτε,do,1017
11983,110158196,αὐτά,them,1017
11984,110158197,.,.,1017
11985,110158198,οὐ,not,1018
11986,110158199,περὶ,about,1018
11987,110158200,πάντων,all,1018
11988,110158201,ὑμῶν,of you,1018
11989,110158202,λέγω,speak,1018
11990,110158203,.,.,1018
11991,110158204,ἐγὼ,I,1019
11992,110158205,οἶδα,I know,1019
11993,110158206,τίνας,some,1019
11994,110158207,ἐξελεξάμην,I chose,1019
11995,110158208,.,.,1019
11996,110158209,ἀλλ',but,1020
11997,110158210,ἵνα,so that,1020
11998,110158211,ἡ,the,1020
11999,110158212,γραφὴ,scripture,1020
12000,110158213,πληρωθῇ,be fulfilled,1020
12001,110158214,.,.,1020
12002,110158215,ὁ,the,1021
12003,110158216,τρώγων,eating,1021
12004,110158217,μετ',with,1021
12005,110158218,ἐμοῦ,me,1021
12006,110158219,τὸν,the,1021
12007,110158220,ἄρτον,bread,1021
12008,110158221,ἐπῆρκεν,raised,1021
12009,110158222,ἐπ',upon,1021
12010,110158223,ἐμὲ,me,1021
12011,110158224,τὴν,the,1021
12012,110158225,πτέρναν,heel,1021
12013,110158226,αὐτοῦ,his,1021
12014,110158227,.,.,1021
12015,110158228,ἀπάρτι,now,1022
12016,110158229,λέγω,I say,1022
12017,110158230,ὑμῖν,you,1022
12018,110158231,πρὸ,before,1022
12019,110158232,τοῦ,the,1022
12020,110158233,γενέσθαι,to happen,1022
12021,110158234,",",",",1022
12022,110158235,ἵνα,in order that,1022
12023,110158236,πιστεύσητε,believe,1022
12024,110158237,ὅταν,when,1022
12025,110158238,γένηται,happens,1022
12026,110158239,ὅτι,that,1022
12027,110158240,ἐγώ,I,1022
12028,110158241,εἰμι,am,1022
12029,110158242,.,.,1022
12030,110158243,ἀμὴν,Amen,1023
12031,110158244,ἀμὴν,truly,1023
12032,110158245,λέγω,say,1023
12033,110158246,ὑμῖν,you,1023
12034,110158247,",",",",1023
12035,110158248,ὁ,the,1023
12036,110158249,λαμβάνων,receiving,1023
12037,110158250,ἄν,if,1023
12038,110158251,τινα,anyone,1023
12039,110158252,πέμψω,will send,1023
12040,110158253,ἐμὲ,me,1023
12041,110158254,λαμβάνει,receives,1023
12042,110158255,",",",",1023
12043,110158256,ὁ,the,1023
12044,110158257,δὲ,but,1023
12045,110158258,ἐμὲ,me,1023
12046,110158259,λαμβάνων,taking,1023
12047,110158260,λαμβάνει,receives,1023
12048,110158261,τὸν,the,1023
12049,110158262,πέμψαντά,having sent,1023
12050,110158263,με,me,1023
12051,110158264,.,.,1023
12052,110158265,ταῦτα,these,1024
12053,110158266,εἰπὼν,saying,1024
12054,110158267,Ἰησοῦς,Jesus,1024
12055,110158268,ἐταράχθη,was troubled,1024
12056,110158269,τῷ,the,1024
12057,110158270,πνεύματι,spirit,1024
12058,110158271,καὶ,and,1024
12059,110158272,ἐμαρτύρησεν,gave witness,1024
12060,110158273,καὶ,and,1024
12061,110158274,εἶπεν,said,1024
12062,110158275,.,.,1024
12063,110158276,ἀμὴν,Amen,1025
12064,110158277,ἀμὴν,Amen,1025
12065,110158278,λέγω,I say,1025
12066,110158279,ὑμῖν,you,1025
12067,110158280,ὅτι,that,1025
12068,110158281,εἷς,one,1025
12069,110158282,ἐξ,out of,1025
12070,110158283,ὑμῶν,of you,1025
12071,110158284,παραδώσει,will hand over,1025
12072,110158285,με,me,1025
12073,110158286,.,.,1025
12074,110158287,ἔβλεπον,they were looking,1026
12075,110158288,εἰς,at,1026
12076,110158289,ἀλλήλους,each other,1026
12077,110158290,οἱ,the,1026
12078,110158291,μαθηταί,disciples,1026
12079,110158292,",",",",1026
12080,110158293,ἀπορούμενοι,being perplexed,1026
12081,110158294,περὶ,about,1026
12082,110158295,τίνος,something,1026
12083,110158296,λέγει,is saying,1026
12084,110158297,.,.,1026
12085,110158298,ἦν,was,1027
12086,110158299,ἀνακείμενος,reclining,1027
12087,110158300,εἷς,from among,1027
12088,110158301,ἐκ,from,1027
12089,110158302,τῶν,of the,1027
12090,110158303,μαθητῶν,disciples,1027
12091,110158304,αὐτοῦ,his,1027
12092,110158305,ἐν,in,1027
12093,110158306,τῷ,the,1027
12094,110158307,κόλπῳ,bosom,1027
12095,110158308,τοῦ,of the,1027
12096,110158309,Ἰησοῦ,Jesus,1027
12097,110158310,",",",",1027
12098,110158311,ὃν,whom,1027
12099,110158312,ἠγάπα,loved,1027
12100,110158313,ὁ,the,1027
12101,110158314,Ἰησοῦς,Jesus,1027
12102,110158315,.,.,1027
12103,110158316,νεύει,signals,1028
12104,110158317,οὖν,therefore,1028
12105,110158318,τούτῳ,to him,1028
12106,110158319,Σίμων,Simon,1028
12107,110158320,Πέτρος,Peter,1028
12108,110158321,καὶ,and,1028
12109,110158322,λέγει,says,1028
12110,110158323,αὐτῷ,to him,1028
12111,110158324,.,.,1028
12112,110158325,εἰπὲ,say,1029
12113,110158326,τίς,anyone,1029
12114,110158327,ἐστιν,there is,1029
12115,110158328,περὶ,about,1029
12116,110158329,οὗ,whom,1029
12117,110158330,λέγει,speaks,1029
12118,110158331,.,.,1029
12119,110158332,ἐπιπεσὼν,having fallen,1030
12120,110158333,οὖν,therefore,1030
12121,110158334,ἐκεῖνος,he,1030
12122,110158335,οὕτως,thus,1030
12123,110158336,ἐπὶ,upon,1030
12124,110158337,τὸ,the,1030
12125,110158338,στῆθος,breast,1030
12126,110158339,τοῦ,of,1030
12127,110158340,Ἰησοῦ,Jesus',1030
12128,110158341,λέγει,says,1030
12129,110158342,αὐτῷ,him,1030
12130,110158343,.,.,1030
12131,110158344,κύριε,sir,1031
12132,110158345,",",",",1031
12133,110158346,τίς,who,1031
12134,110158347,ἐστιν,is,1031
12135,110158348,;,.,1031
12136,110158349,ἀποκρίνεται,answers,1032
12137,110158350,ὁ,the,1032
12138,110158351,Ἰησοῦς,Jesus,1032
12139,110158352,",",",",1032
12140,110158353,ἐκεῖνός,that,1032
12141,110158354,ἐστιν,is,1032
12142,110158355,ᾧ,that,1032
12143,110158356,ἐγὼ,I,1032
12144,110158357,βάψω,will dip,1032
12145,110158358,τὸ,the,1032
12146,110158359,ψωμίον,bread,1032
12147,110158360,καὶ,and,1032
12148,110158361,δώσω,I will give,1032
12149,110158362,αὐτῷ,to him,1032
12150,110158363,.,.,1032
12151,110158364,βάψας,having dipped,1033
12152,110158365,οὖν,then,1033
12153,110158366,τὸ,the,1033
12154,110158367,ψωμίον,bread,1033
12155,110158368,λαμβάνει,takes,1033
12156,110158369,καὶ,and,1033
12157,110158370,δίδωσιν,gives,1033
12158,110158371,Ἰούδᾳ,Judas,1033
12159,110158372,Σίμωνος,Simon,1033
12160,110158373,Ἰσκαριώτου,of Karioth,1033
12161,110158374,.,.,1033
12162,110158375,καὶ,and,1034
12163,110158376,μετὰ,after,1034
12164,110158377,τὸ,the,1034
12165,110158378,ψωμίον,bread,1034
12166,110158379,",",",",1034
12167,110158380,τότε,then,1034
12168,110158381,εἰσῆλθεν,entered,1034
12169,110158382,εἰς,into,1034
12170,110158383,ἐκεῖνον,him,1034
12171,110158384,ὁ,the,1034
12172,110158385,σατανᾶς,Satan,1034
12173,110158386,.,.,1034
12174,110158387,λέγει,says,1035
12175,110158388,οὖν,then,1035
12176,110158389,αὐτῷ,him,1035
12177,110158390,Ἰησοῦς,Jesus,1035
12178,110158391,.,.,1035
12179,110158392,ὃ,the thing which,1036
12180,110158393,ποιεῖς,do,1036
12181,110158394,ποίησον,do,1036
12182,110158395,τάχιον,quickly,1036
12183,110158396,.,.,1036
12184,110158397,τοῦτο,this,1037
12185,110158398,δὲ,but,1037
12186,110158399,οὐδεὶς,no one,1037
12187,110158400,ἔγνω,knew,1037
12188,110158401,τῶν,of the,1037
12189,110158402,ἀνακειμένων,of those reclining,1037
12190,110158403,πρὸς,toward,1037
12191,110158404,τί,anyone,1037
12192,110158405,εἶπεν,said,1037
12193,110158406,αὐτῷ,him,1037
12194,110158407,.,.,1037
12195,110158408,τινὲς,some,1038
12196,110158409,γὰρ,for,1038
12197,110158410,ἐδόκουν,thought,1038
12198,110158411,",",",",1038
12199,110158412,ἐπεὶ,because,1038
12200,110158413,τὸ,the,1038
12201,110158414,γλωσσόκομον,money bag,1038
12202,110158415,εἶχεν,had,1038
12203,110158416,Ἰούδας,Judas,1038
12204,110158417,",",",",1038
12205,110158418,ὅτι,that,1038
12206,110158419,λέγει,says,1038
12207,110158420,αὐτῷ,to him,1038
12208,110158421,Ἰησοῦς,Jesus,1038
12209,110158422,",",",",1038
12210,110158423,ἀγόρασον,buy,1038
12211,110158424,ὧν,which,1038
12212,110158425,χρείαν,need,1038
12213,110158426,ἔχομεν,have,1038
12214,110158427,εἰς,for,1038
12215,110158428,τὴν,the,1038
12216,110158429,ἑορτήν,festival,1038
12217,110158430,",",",",1038
12218,110158431,ἢ,or,1038
12219,110158432,τοῖς,the,1038
12220,110158433,πτωχοῖς,the poor,1038
12221,110158434,ἵνα,so that,1038
12222,110158435,τι,something,1038
12223,110158436,δῷ,give,1038
12224,110158437,.,.,1038
12225,110158438,λαβὼν,having taken,1039
12226,110158439,οὖν,therefore,1039
12227,110158440,τὸ,the,1039
12228,110158441,ψωμίον,bread,1039
12229,110158442,ἐκεῖνος,he,1039
12230,110158443,ἐξῆλθεν,went out,1039
12231,110158444,εὐθύς,straightaway,1039
12232,110158445,.,.,1039
12233,110158446,ἦν,was,1040
12234,110158447,δὲ,but,1040
12235,110158448,νύξ,night,1040
12236,110158449,.,.,1040
12237,110158450,ὅτε,when,1041
12238,110158451,οὖν,then,1041
12239,110158452,ἐξῆλθεν,had gone out,1041
12240,110158453,λέγει,says,1041
12241,110158454,Ἰησοῦς,Jesus,1041
12242,110158455,.,.,1041
12243,110158456,νῦν,now,1042
12244,110158457,ἐδοξάσθη,was glorified,1042
12245,110158458,ὁ,the,1042
12246,110158459,υἱὸς,son,1042
12247,110158460,τοῦ,the,1042
12248,110158461,ἀνθρώπου,of man,1042
12249,110158462,",",",",1042
12250,110158463,καὶ,and,1042
12251,110158464,ὁ,the,1042
12252,110158465,θεὸς,God,1042
12253,110158466,ἐδοξάσθη,was glorified,1042
12254,110158467,ἐν,in,1042
12255,110158468,αὐτῷ,him,1042
12256,110158469,.,.,1042
12257,110158470,εἰ,if,1043
12258,110158471,ὁ,the,1043
12259,110158472,θεὸς,God,1043
12260,110158473,ἐδοξάσθη,was glorified,1043
12261,110158474,ἐν,in,1043
12262,110158475,αὐτῷ,in him,1043
12263,110158476,",",",",1043
12264,110158477,καὶ,and,1043
12265,110158478,ὁ,the,1043
12266,110158479,θεὸς,God,1043
12267,110158480,δοξάσει,will glorify,1043
12268,110158481,αὐτὸν,him,1043
12269,110158482,ἐν,in,1043
12270,110158483,αὐτῷ,him,1043
12271,110158484,",",",",1043
12272,110158485,καὶ,and,1043
12273,110158486,εὐθὺς,immediately,1043
12274,110158487,δοξάσει,will glorify,1043
12275,110158488,αὐτόν,him,1043
12276,110158489,.,.,1043
12277,110158490,τεκνία,children,1044
12278,110158491,",",",",1044
12279,110158492,ἔτι,still,1044
12280,110158493,μικρὸν,little,1044
12281,110158494,μεθ’,with,1044
12282,110158495,ὑμῶν,you,1044
12283,110158496,εἰμί,am,1044
12284,110158497,.,.,1044
12285,110158498,ζητήσετέ,you will seek,1045
12286,110158499,με,me,1045
12287,110158500,",",",",1045
12288,110158501,καὶ,and,1045
12289,110158502,καθὼς,as,1045
12290,110158503,εἶπον,said,1045
12291,110158504,τοῖς,the,1045
12292,110158505,Ἰουδαίοις,Jews,1045
12293,110158506,ὅτι,that,1045
12294,110158507,ὅπου,where,1045
12295,110158508,ἐγὼ,I,1045
12296,110158509,ὑπάγω,I go,1045
12297,110158510,ὑμεῖς,you,1045
12298,110158511,οὐ,not,1045
12299,110158512,δύνασθε,are able,1045
12300,110158513,ἐλθεῖν,to come,1045
12301,110158514,",",",",1045
12302,110158515,καὶ,and,1045
12303,110158516,ὑμῖν,you,1045
12304,110158517,λέγω,I say,1045
12305,110158518,ἄρτι,now,1045
12306,110158519,.,.,1045
12307,110158520,ἐντολὴν,commandment,1046
12308,110158521,καινὴν,new,1046
12309,110158522,δίδωμι,give,1046
12310,110158523,ὑμῖν,you,1046
12311,110158524,",",",",1046
12312,110158525,ἵνα,so that,1046
12313,110158526,ἀγαπᾶτε,love,1046
12314,110158527,ἀλλήλους,one another,1046
12315,110158528,.,.,1046
12316,110158529,καθὼς,just as,1047
12317,110158530,ἠγάπησα,loved,1047
12318,110158531,ὑμᾶς,you,1047
12319,110158532,ἵνα,that,1047
12320,110158533,καὶ,even,1047
12321,110158534,ὑμεῖς,you,1047
12322,110158535,ἀγαπᾶτε,love,1047
12323,110158536,ἀλλήλους,one another,1047
12324,110158537,.,.,1047
12325,110158538,ἐν,in,1048
12326,110158539,τούτῳ,this,1048
12327,110158540,γνώσονται,will know,1048
12328,110158541,πάντες,all,1048
12329,110158542,ὅτι,that,1048
12330,110158543,ἐμοὶ,my,1048
12331,110158544,μαθηταί,disciples,1048
12332,110158545,ἐστε,you are,1048
12333,110158546,",",",",1048
12334,110158547,ἐὰν,if,1048
12335,110158548,ἀγάπην,love,1048
12336,110158549,ἔχητε,have,1048
12337,110158550,ἐν,in,1048
12338,110158551,ἀλλήλοις,one another,1048
12339,110158552,.,.,1048
12340,110158553,λέγει,says,1049
12341,110158554,αὐτῷ,to him,1049
12342,110158555,Σίμων,Simon,1049
12343,110158556,Πέτρος,Peter,1049
12344,110158557,.,.,1049
12345,110158558,κύριε,sir,1050
12346,110158559,",",",",1050
12347,110158560,ποῦ,where,1050
12348,110158561,ὑπάγεις,go,1050
12349,110158562,;,;,1050
12350,110158563,ἀπεκρίθη,answered,1051
12351,110158564,Ἰησοῦς,Jesus,1051
12352,110158565,.,.,1051
12353,110158566,ὅπου,where,1052
12354,110158567,ἐγὼ,I,1052
12355,110158568,ὑπάγω,go,1052
12356,110158569,οὐ,not,1052
12357,110158570,δύνασαί,are able,1052
12358,110158571,μοι,to me,1052
12359,110158572,νῦν,now,1052
12360,110158573,ἀκολουθῆσαι,to follow,1052
12361,110158574,",",",",1052
12362,110158575,ἀκολουθήσεις,you will follow,1052
12363,110158576,δὲ,but,1052
12364,110158577,ὕστερον,later,1052
12365,110158578,.,.,1052
12366,110158579,λέγει,says,1053
12367,110158580,αὐτῷ,to him,1053
12368,110158581,Πέτρος,Peter,1053
12369,110158582,.,.,1053
12370,110158583,κύριε,sir,1054
12371,110158584,",",",",1054
12372,110158585,διὰ,why,1054
12373,110158586,τί,why,1054
12374,110158587,οὐ,not,1054
12375,110158588,δύναμαί,I am able,1054
12376,110158589,σοι,you,1054
12377,110158590,ἀκολουθῆσαι,to follow,1054
12378,110158591,ἄρτι,now,1054
12379,110158592,;,?,1054
12380,110158593,τὴν,the,1055
12381,110158594,ψυχήν,soul,1055
12382,110158595,μου,my,1055
12383,110158596,ὑπὲρ,for,1055
12384,110158597,σοῦ,you,1055
12385,110158598,θήσω,will place,1055
12386,110158599,.,.,1055
12387,110158600,ἀποκρίνεται,answers,1056
12388,110158601,Ἰησοῦς,Jesus,1056
12389,110158602,.,.,1056
12390,110158603,τὴν,the,1057
12391,110158604,ψυχήν,life,1057
12392,110158605,σου,your,1057
12393,110158606,ὑπὲρ,for,1057
12394,110158607,ἐμοῦ,me,1057
12395,110158608,θήσεις,you will put,1057
12396,110158609,;,?,1057
12397,110158610,ἀμὴν,truly,1058
12398,110158611,ἀμὴν,truly,1058
12399,110158612,λέγω,say,1058
12400,110158613,σοι,you,1058
12401,110158614,",",",",1058
12402,110158615,οὐ,not,1058
12403,110158616,μὴ,not,1058
12404,110158617,ἀλέκτωρ,rooster,1058
12405,110158618,φωνήσῃ,crow,1058
12406,110158619,ἕως,until,1058
12407,110158620,οὗ,until,1058
12408,110158621,ἀρνήσῃ,you deny,1058
12409,110158622,με,me,1058
12410,110158623,τρίς,three times,1058
12411,110158624,.,.,1058
12412,110158625,μὴ,not,1059
12413,110158626,ταρασσέσθω,be troubled,1059
12414,110158627,ὑμῶν,your,1059
12415,110158628,ἡ,the,1059
12416,110158629,καρδία,heart,1059
12417,110158630,.,.,1059
12418,110158631,πιστεύετε,believe,1060
12419,110158632,εἰς,into,1060
12420,110158633,τὸν,the,1060
12421,110158634,θεόν,God,1060
12422,110158635,",",",",1060
12423,110158636,καὶ,and,1060
12424,110158637,εἰς,into,1060
12425,110158638,ἐμὲ,me,1060
12426,110158639,πιστεύετε,believe,1060
12427,110158640,.,.,1060
12428,110158641,ἐν,in,1061
12429,110158642,τῇ,the,1061
12430,110158643,οἰκίᾳ,house,1061
12431,110158644,τοῦ,of the,1061
12432,110158645,πατρός,of my father,1061
12433,110158646,μου,my,1061
12434,110158647,μοναὶ,mansions,1061
12435,110158648,πολλαί,many,1061
12436,110158649,εἰσίν,are,1061
12437,110158650,.,.,1061
12438,110158651,εἰ,if,1062
12439,110158652,δὲ,but,1062
12440,110158653,μή,not,1062
12441,110158654,",",",",1062
12442,110158655,εἶπον,I would say,1062
12443,110158656,ἂν,would,1062
12444,110158657,ὑμῖν,you,1062
12445,110158658,",",",",1062
12446,110158659,ὅτι,that,1062
12447,110158660,πορεύομαι,I am going,1062
12448,110158661,ἑτοιμάσαι,to prepare,1062
12449,110158662,τόπον,place,1062
12450,110158663,ὑμῖν,for you,1062
12451,110158664,.,.,1062
12452,110158665,καὶ,and,1063
12453,110158666,ἐὰν,if,1063
12454,110158667,πορευθῶ,I should go,1063
12455,110158668,καὶ,and,1063
12456,110158669,ἑτοιμάσω,I will prepare,1063
12457,110158670,τόπον,place,1063
12458,110158671,ὑμῖν,you,1063
12459,110158672,",",",",1063
12460,110158673,πάλιν,again,1063
12461,110158674,ἔρχομαι,I come,1063
12462,110158675,καὶ,and,1063
12463,110158676,παραλήμψομαι,I will take,1063
12464,110158677,ὑμᾶς,you,1063
12465,110158678,πρὸς,to,1063
12466,110158679,ἐμαυτόν,myself,1063
12467,110158680,",",",",1063
12468,110158681,ἵνα,so that,1063
12469,110158682,ὅπου,where,1063
12470,110158683,εἰμὶ,am,1063
12471,110158684,ἐγὼ,I,1063
12472,110158685,καὶ,and,1063
12473,110158686,ὑμεῖς,you,1063
12474,110158687,ἦτε,you would be,1063
12475,110158688,.,.,1063
12476,110158689,καὶ,and,1064
12477,110158690,ὅπου,where,1064
12478,110158691,ἐγὼ,I,1064
12479,110158692,ὑπάγω,go,1064
12480,110158693,οἴδατε,you know,1064
12481,110158694,τὴν,the,1064
12482,110158695,ὁδόν,way,1064
12483,110158696,.,.,1064
12484,110158697,λέγει,says,1065
12485,110158698,αὐτῷ,to him,1065
12486,110158699,Θωμᾶς,Thomas,1065
12487,110158700,.,.,1065
12488,110158701,κύριε,sir,1066
12489,110158702,",",",",1066
12490,110158703,οὐκ,not,1066
12491,110158704,οἴδαμεν,know,1066
12492,110158705,ποῦ,where,1066
12493,110158706,ὑπάγεις,you are going,1066
12494,110158707,",",",",1066
12495,110158708,καὶ,and,1066
12496,110158709,πῶς,how,1066
12497,110158710,οἴδαμεν,know,1066
12498,110158711,τὴν,the,1066
12499,110158712,ὁδόν,way,1066
12500,110158713,;,?,1066
12501,110158714,λέγει,says,1067
12502,110158715,αὐτῷ,him,1067
12503,110158716,Ἰησοῦς,Jesus,1067
12504,110158717,.,.,1067
12505,110158718,ἐγώ,I,1068
12506,110158719,εἰμι,am,1068
12507,110158720,ἡ,the,1068
12508,110158721,ὁδὸς,way,1068
12509,110158722,καὶ,and,1068
12510,110158723,ἡ,the,1068
12511,110158724,ἀλήθεια,truth,1068
12512,110158725,καὶ,and,1068
12513,110158726,ἡ,the,1068
12514,110158727,ζωή,life,1068
12515,110158728,.,.,1068
12516,110158729,οὐδεὶς,no one,1069
12517,110158730,ἔρχεται,comes,1069
12518,110158731,πρὸς,toward,1069
12519,110158732,τὸν,the,1069
12520,110158733,πατέρα,father,1069
12521,110158734,εἰ,unless,1069
12522,110158735,μὴ,not,1069
12523,110158736,δι’,through,1069
12524,110158737,ἐμοῦ,me,1069
12525,110158738,.,.,1069
12526,110158739,εἰ,if,1070
12527,110158740,ἐγνώκατέ,you have known,1070
12528,110158741,ἐμέ,me,1070
12529,110158742,",",",",1070
12530,110158743,καὶ,and,1070
12531,110158744,τὸν,the,1070
12532,110158745,πατέρα,father,1070
12533,110158746,μου,my,1070
12534,110158747,γνώσεσθε,you will know,1070
12535,110158748,.,.,1070
12536,110158749,καὶ,and,1071
12537,110158750,ἀπάρτι,now,1071
12538,110158751,γινώσκετε,you know,1071
12539,110158752,αὐτὸν,him,1071
12540,110158753,καὶ,and,1071
12541,110158754,ἑωράκατε,have seen,1071
12542,110158755,αὐτόν,him,1071
12543,110158756,.,.,1071
12544,110158757,λέγει,says,1072
12545,110158758,αὐτῷ,him,1072
12546,110158759,Φίλιππος,Philip,1072
12547,110158760,.,.,1072
12548,110158761,κύριε,Sir,1073
12549,110158762,",",",",1073
12550,110158763,δεῖξον,show,1073
12551,110158764,ἡμῖν,us,1073
12552,110158765,τὸν,the,1073
12553,110158766,πατέρα,father,1073
12554,110158767,",",",",1073
12555,110158768,καὶ,and,1073
12556,110158769,ἀρκεῖ,it will be enough,1073
12557,110158770,ἡμῖν,us,1073
12558,110158771,.,.,1073
12559,110158772,λέγει,says,1074
12560,110158773,αὐτῷ,him,1074
12561,110158774,ὁ,the,1074
12562,110158775,Ἰησοῦς,Jesus,1074
12563,110158776,.,.,1074
12564,110158777,τοσούτῳ,so much,1075
12565,110158778,χρόνῳ,time,1075
12566,110158779,μεθ’,with,1075
12567,110158780,ὑμῶν,you,1075
12568,110158781,εἰμι,am,1075
12569,110158782,",",",",1075
12570,110158783,καὶ,and,1075
12571,110158784,οὐκ,not,1075
12572,110158785,ἔγνωκάς,you have known,1075
12573,110158786,με,me,1075
12574,110158787,",",",",1075
12575,110158788,Φίλιππε,Philip,1075
12576,110158789,;,?,1075
12577,110158790,ὁ,he,1076
12578,110158791,ἑωρακὼς,having seen,1076
12579,110158792,ἐμὲ,me,1076
12580,110158793,ἑώρακεν,has seen,1076
12581,110158794,τὸν,the,1076
12582,110158795,πατέρα,father,1076
12583,110158796,.,.,1076
12584,110158797,πῶς,how,1077
12585,110158798,σὺ,you,1077
12586,110158799,λέγεις,you say,1077
12587,110158800,.,.,1077
12588,110158801,δεῖξον,show,1078
12589,110158802,ἡμῖν,us,1078
12590,110158803,τὸν,the,1078
12591,110158804,πατέρα,father,1078
12592,110158805,;,?,1078
12593,110158806,οὐ,not,1079
12594,110158807,πιστεύεις,you believe,1079
12595,110158808,ὅτι,that,1079
12596,110158809,ἐγὼ,I,1079
12597,110158810,ἐν,in,1079
12598,110158811,τῷ,the,1079
12599,110158812,πατρι,Father,1079
12600,110158813,καὶ,and,1079
12601,110158814,ὁ,the,1079
12602,110158815,πατὴρ,father,1079
12603,110158816,ἐν,in,1079
12604,110158817,ἐμοί,me,1079
12605,110158818,ἐστιν,is,1079
12606,110158819,;,?,1079
12607,110158820,τὰ,the,1080
12608,110158821,ῥήματα,words,1080
12609,110158822,ἃ,which,1080
12610,110158823,ἐγὼ,I,1080
12611,110158824,λέγω,saying,1080
12612,110158825,ὑμῖν,you,1080
12613,110158826,ἀπ',from,1080
12614,110158827,ἐμαυτοῦ,myself,1080
12615,110158828,οὐ,not,1080
12616,110158829,λαλῶ,speak,1080
12617,110158830,.,.,1080
12618,110158831,ὁ,the,1081
12619,110158832,δὲ,but,1081
12620,110158833,πατὴρ,father,1081
12621,110158834,ἐν,in,1081
12622,110158835,ἐμοὶ,me,1081
12623,110158836,μένων,remaining,1081
12624,110158837,ποιεῖ,does,1081
12625,110158838,τὰ,the,1081
12626,110158839,ἔργα,works,1081
12627,110158840,αὐτοῦ,his,1081
12628,110158841,.,.,1081
12629,110158842,πιστεύετέ,believe,1082
12630,110158843,μοι,to me,1082
12631,110158844,ὅτι,that,1082
12632,110158845,ἐγὼ,I,1082
12633,110158846,ἐν,in,1082
12634,110158847,τῷ,the,1082
12635,110158848,πατρὶ,father,1082
12636,110158849,καὶ,and,1082
12637,110158850,ὁ,the,1082
12638,110158851,πατὴρ,father,1082
12639,110158852,ἐν,in,1082
12640,110158853,ἐμοί,me,1082
12641,110158854,.,.,1082
12642,110158855,εἰ,if,1083
12643,110158856,δὲ,but,1083
12644,110158857,μή,not,1083
12645,110158858,",",",",1083
12646,110158859,διὰ,because of,1083
12647,110158860,τὰ,the,1083
12648,110158861,ἔργα,works,1083
12649,110158862,αὐτὰ,those,1083
12650,110158863,πιστεύετε,believe,1083
12651,110158864,.,.,1083
12652,110158865,ἀμὴν,Amen,1084
12653,110158866,ἀμὴν,truly,1084
12654,110158867,λέγω,I say,1084
12655,110158868,ὑμῖν,you,1084
12656,110158869,",",",",1084
12657,110158870,ὁ,the,1084
12658,110158871,πιστεύων,believing,1084
12659,110158872,εἰς,into,1084
12660,110158873,ἐμέ,me,1084
12661,110158874,",",",",1084
12662,110158875,τὰ,the,1084
12663,110158876,ἔργα,works,1084
12664,110158877,ἃ,which,1084
12665,110158878,ἐγὼ,I,1084
12666,110158879,ποιῶ,do,1084
12667,110158880,κα-,and,1084
12668,110158881,κἀκεῖνος,that one,1084
12669,110158882,ποιήσει,will do,1084
12670,110158883,",",",",1084
12671,110158884,καὶ,and,1084
12672,110158885,μείζονα,greater,1084
12673,110158886,τούτων,than these,1084
12674,110158887,ποιήσει,will do,1084
12675,110158888,.,.,1084
12676,110158889,ὅτι,because,1085
12677,110158890,ἐγὼ,I,1085
12678,110158891,πρὸς,toward,1085
12679,110158892,τὸν,the,1085
12680,110158893,πατέρα,father,1085
12681,110158894,πορεύομαι,I go,1085
12682,110158895,.,.,1085
12683,110158896,καὶ,and,1086
12684,110158897,ὅ,whatever,1086
12685,110158898,τι,whatever,1086
12686,110158899,ἂν,if,1086
12687,110158900,αἰτήσητε,you should ask,1086
12688,110158901,ἐν,in,1086
12689,110158902,τῷ,the,1086
12690,110158903,ὀνόματί,name,1086
12691,110158904,μου,my,1086
12692,110158905,τοῦτο,this,1086
12693,110158906,ποιήσω,I will do,1086
12694,110158907,",",",",1086
12695,110158908,ἵνα,so that,1086
12696,110158909,δοξασθῇ,be glorified,1086
12697,110158910,ὁ,the,1086
12698,110158911,πατὴρ,father,1086
12699,110158912,ἐν,in,1086
12700,110158913,τῷ,the,1086
12701,110158914,υἱῷ,Son,1086
12702,110158915,.,.,1086
12703,110158916,ἐάν,if,1087
12704,110158917,τι,anything,1087
12705,110158918,αἰτήσητέ,you may ask,1087
12706,110158919,με,me,1087
12707,110158920,ἐν,in,1087
12708,110158921,τῷ,the,1087
12709,110158922,ὀνόματί,name,1087
12710,110158923,μου,my,1087
12711,110158924,ἐγὼ,I,1087
12712,110158925,ποιήσω,I will do,1087
12713,110158926,.,.,1087
12714,110158927,ἐὰν,if,1088
12715,110158928,ἀγαπᾶτέ,you love,1088
12716,110158929,με,me,1088
12717,110158930,",",",",1088
12718,110158931,τὰς,the,1088
12719,110158932,ἐντολὰς,commandments,1088
12720,110158933,τὰς,the,1088
12721,110158934,ἐμὰς,my,1088
12722,110158935,τηρήσετε,you will keep,1088
12723,110158936,.,.,1088
12724,110158937,κα-,and,1089
12725,110158938,κἀγὼ,and I,1089
12726,110158939,ἐρωτήσω,will ask,1089
12727,110158940,τὸν,the,1089
12728,110158941,πατέρα,father,1089
12729,110158942,καὶ,and,1089
12730,110158943,ἄλλον,another,1089
12731,110158944,παράκλητον,comforter,1089
12732,110158945,δώσει,will give,1089
12733,110158946,ὑμῖν,to you,1089
12734,110158947,",",",",1089
12735,110158948,ἵνα,so that,1089
12736,110158949,μεθ',with,1089
12737,110158950,ὑμῶν,you,1089
12738,110158951,ᾖ,will be,1089
12739,110158952,εἰς,into,1089
12740,110158953,τὸν,the,1089
12741,110158954,αἰῶνα,age,1089
12742,110158955,",",",",1089
12743,110158956,τὸ,the,1089
12744,110158957,πνεῦμα,spirit,1089
12745,110158958,τῆς,of the,1089
12746,110158959,ἀληθείας,truth,1089
12747,110158960,",",",",1089
12748,110158961,ὃ,which,1089
12749,110158962,ὁ,the,1089
12750,110158963,κόσμος,world,1089
12751,110158964,οὐ,not,1089
12752,110158965,δύναται,is able,1089
12753,110158966,λαβεῖν,to receive,1089
12754,110158967,",",",",1089
12755,110158968,ὅτι,because,1089
12756,110158969,οὐ,not,1089
12757,110158970,θεωρεῖ,perceives,1089
12758,110158971,αὐτὸ,it,1089
12759,110158972,οὐ,not,1089
12760,110158973,-δὲ,and,1089
12761,110158974,γινώσκει,knows,1089
12762,110158975,αὐτό,it,1089
12763,110158976,.,.,1089
12764,110158977,ὑμεῖς,you,1090
12765,110158978,γινώσκετε,you know,1090
12766,110158979,αὐτό,him,1090
12767,110158980,",",",",1090
12768,110158981,ὅτι,that,1090
12769,110158982,παρ’,from,1090
12770,110158983,ὑμῖν,you,1090
12771,110158984,μένει,remains,1090
12772,110158985,καὶ,and,1090
12773,110158986,ἐν,in,1090
12774,110158987,ὑμῖν,you,1090
12775,110158988,ἔσται,will be,1090
12776,110158989,.,.,1090
12777,110158990,οὐκ,not,1091
12778,110158991,ἀφήσω,I will leave,1091
12779,110158992,ὑμᾶς,you,1091
12780,110158993,ὀρφανούς,orphans,1091
12781,110158994,",",",",1091
12782,110158995,ἔρχομαι,I come,1091
12783,110158996,πρὸς,to,1091
12784,110158997,ὑμᾶς,you,1091
12785,110158998,.,.,1091
12786,110158999,ἔτι,yet,1092
12787,110159000,μικρὸν,a little,1092
12788,110159001,καὶ,and,1092
12789,110159002,ὁ,the,1092
12790,110159003,κόσμος,world,1092
12791,110159004,με,me,1092
12792,110159005,οὐκέτι,no longer,1092
12793,110159006,θεωρεῖ,sees,1092
12794,110159007,.,.,1092
12795,110159008,ὑμεῖς,you,1093
12796,110159009,δὲ,but,1093
12797,110159010,θεωρεῖτέ,you are watching,1093
12798,110159011,με,me,1093
12799,110159012,",",",",1093
12800,110159013,ὅτι,that,1093
12801,110159014,ἐγὼ,I,1093
12802,110159015,ζῶ,live,1093
12803,110159016,καὶ,and,1093
12804,110159017,ὑμεῖς,you,1093
12805,110159018,ζήσετε,will live,1093
12806,110159019,.,.,1093
12807,110159020,ἐν,in,1094
12808,110159021,ἐκείνῃ,that,1094
12809,110159022,τῇ,the,1094
12810,110159023,ἡμέρᾳ,day,1094
12811,110159024,γνώσεσθε,you will know,1094
12812,110159025,ὑμεῖς,you,1094
12813,110159026,ὅτι,that,1094
12814,110159027,ἐγὼ,I,1094
12815,110159028,ἐν,in,1094
12816,110159029,τῷ,the,1094
12817,110159030,πατρί,father,1094
12818,110159031,μου,my,1094
12819,110159032,καὶ,and,1094
12820,110159033,ὑμεῖς,you,1094
12821,110159034,ἐν,in,1094
12822,110159035,ἐμοὶ,in me,1094
12823,110159036,κα-,and,1094
12824,110159037,κἀγὼ,and I,1094
12825,110159038,ἐν,in,1094
12826,110159039,ὑμῖν,you,1094
12827,110159040,.,.,1094
12828,110159041,ὁ,the,1095
12829,110159042,ἔχων,having,1095
12830,110159043,τὰς,the,1095
12831,110159044,ἐντολάς,commandments,1095
12832,110159045,μου,my,1095
12833,110159046,καὶ,and,1095
12834,110159047,τηρῶν,keeping,1095
12835,110159048,αὐτάς,them,1095
12836,110159049,",",",",1095
12837,110159050,ἐκεῖνός,that one,1095
12838,110159051,ἐστιν,is,1095
12839,110159052,ὁ,the,1095
12840,110159053,ἀγαπῶν,loving,1095
12841,110159054,με,me,1095
12842,110159055,.,.,1095
12843,110159056,ὁ,the,1096
12844,110159057,δὲ,but,1096
12845,110159058,ἀγαπῶν,loving,1096
12846,110159059,με,me,1096
12847,110159060,ἀγαπηθήσεται,will be loved,1096
12848,110159061,ὑπὸ,by,1096
12849,110159062,τοῦ,the,1096
12850,110159063,πατρός,father,1096
12851,110159064,μου,my,1096
12852,110159065,",",",",1096
12853,110159066,κα-,and,1096
12854,110159067,κἀγὼ,I,1096
12855,110159068,ἀγαπήσω,I will love,1096
12856,110159069,αὐτὸν,him,1096
12857,110159070,καὶ,and,1096
12858,110159071,ἐμφανίσω,will reveal,1096
12859,110159072,αὐτῷ,to him,1096
12860,110159073,ἐμαυτόν,myself,1096
12861,110159074,.,.,1096
12862,110159075,λέγει,says,1097
12863,110159076,αὐτῷ,to him,1097
12864,110159077,Ἰούδας,Judas,1097
12865,110159078,",",",",1097
12866,110159079,οὐχ,not,1097
12867,110159080,ὁ,the,1097
12868,110159081,Ἰσκαριώτης,Scariot,1097
12869,110159082,.,.,1097
12870,110159083,κύριε,sir,1098
12871,110159084,",",",",1098
12872,110159085,καὶ,and,1098
12873,110159086,τί,what,1098
12874,110159087,γέγονεν,has happened,1098
12875,110159088,ὅτι,that,1098
12876,110159089,ἡμῖν,to us,1098
12877,110159090,μέλλεις,are about,1098
12878,110159091,ἐμφανίζειν,to reveal,1098
12879,110159092,σεαυτὸν,yourself,1098
12880,110159093,καὶ,and,1098
12881,110159094,οὐχὶ,not,1098
12882,110159095,τῷ,the,1098
12883,110159096,κόσμῳ,world,1098
12884,110159097,;,?,1098
12885,110159098,ἀπεκρίθη,answered,1099
12886,110159099,Ἰησοῦς,Jesus,1099
12887,110159100,καὶ,and,1099
12888,110159101,εἶπεν,said,1099
12889,110159102,αὐτῷ,him,1099
12890,110159103,.,.,1099
12891,110159104,ἐάν,if,1100
12892,110159105,τις,anyone,1100
12893,110159106,ἀγαπᾷ,loves,1100
12894,110159107,με,me,1100
12895,110159108,",",",",1100
12896,110159109,τὸν,the,1100
12897,110159110,λόγον,word,1100
12898,110159111,μου,my,1100
12899,110159112,τηρήσει,will keep,1100
12900,110159113,",",",",1100
12901,110159114,καὶ,and,1100
12902,110159115,ὁ,the,1100
12903,110159116,πατήρ,father,1100
12904,110159117,μου,my,1100
12905,110159118,ἀγαπήσει,will love,1100
12906,110159119,αὐτὸν,him,1100
12907,110159120,",",",",1100
12908,110159121,καὶ,and,1100
12909,110159122,πρὸς,to,1100
12910,110159123,αὐτὸν,him,1100
12911,110159124,ἐλευσόμεθα,we will come,1100
12912,110159125,καὶ,and,1100
12913,110159126,μονὴν,dwelling,1100
12914,110159127,παρ’,with,1100
12915,110159128,αὐτῷ,him,1100
12916,110159129,ποιησόμεθα,we will make,1100
12917,110159130,.,.,1100
12918,110159131,ὁ,the,1101
12919,110159132,μὴ,not,1101
12920,110159133,ἀγαπῶν,loving,1101
12921,110159134,με,me,1101
12922,110159135,τοὺς,the,1101
12923,110159136,λόγους,words,1101
12924,110159137,μου,my,1101
12925,110159138,οὐ,not,1101
12926,110159139,τηρεῖ,keeps,1101
12927,110159140,.,.,1101
12928,110159141,καὶ,and,1102
12929,110159142,ὁ,the,1102
12930,110159143,λόγος,word,1102
12931,110159144,ὃν,whom,1102
12932,110159145,ἀκούετε,you hear,1102
12933,110159146,οὐκ,not,1102
12934,110159147,ἔστιν,is,1102
12935,110159148,ἐμὸς,mine,1102
12936,110159149,ἀλλὰ,but,1102
12937,110159150,τοῦ,of the,1102
12938,110159151,πέμψαντός,having sent,1102
12939,110159152,με,me,1102
12940,110159153,πατρός,of the Father,1102
12941,110159154,.,.,1102
12942,110159155,ταῦτα,these things,1103
12943,110159156,λελάληκα,have spoken,1103
12944,110159157,ὑμῖν,to you,1103
12945,110159158,παρ’,with,1103
12946,110159159,ὑμῖν,you,1103
12947,110159160,μένων,remaining,1103
12948,110159161,.,.,1103
12949,110159162,ὁ,the,1104
12950,110159163,δὲ,but,1104
12951,110159164,παράκλητος,Comforter,1104
12952,110159165,",",",",1104
12953,110159166,τὸ,the,1104
12954,110159167,πνεῦμα,Spirit,1104
12955,110159168,τὸ,the,1104
12956,110159169,ἅγιον,holy,1104
12957,110159170,ὃ,whom,1104
12958,110159171,πέμψει,will send,1104
12959,110159172,ὁ,the,1104
12960,110159173,πατὴρ,Father,1104
12961,110159174,ἐν,in,1104
12962,110159175,τῷ,the,1104
12963,110159176,ὀνόματί,name,1104
12964,110159177,μου,my,1104
12965,110159178,",",",",1104
12966,110159179,ἐκεῖνος,that one,1104
12967,110159180,ὑμᾶς,you,1104
12968,110159181,διδάξει,will teach,1104
12969,110159182,πάντα,all,1104
12970,110159183,καὶ,and,1104
12971,110159184,ὑπομνήσει,will remind,1104
12972,110159185,ὑμᾶς,you,1104
12973,110159186,πάντα,all things,1104
12974,110159187,ἃ,which,1104
12975,110159188,εἶπον,said,1104
12976,110159189,ὑμῖν,you,1104
12977,110159190,.,.,1104
12978,110159191,εἰρήνην,peace,1105
12979,110159192,ἀφίημι,I leave,1105
12980,110159193,ὑμῖν,you,1105
12981,110159194,",",",",1105
12982,110159195,εἰρήνην,peace,1105
12983,110159196,τὴν,the,1105
12984,110159197,ἐμὴν,my,1105
12985,110159198,δίδωμι,give,1105
12986,110159199,ὑμῖν,you,1105
12987,110159200,.,.,1105
12988,110159201,οὐ,not,1106
12989,110159202,καθὼς,just as,1106
12990,110159203,ὁ,the,1106
12991,110159204,κόσμος,world,1106
12992,110159205,δίδωσιν,gives,1106
12993,110159206,ἐγὼ,I,1106
12994,110159207,δίδωμι,give,1106
12995,110159208,ὑμῖν,you,1106
12996,110159209,.,.,1106
12997,110159210,μὴ,not,1107
12998,110159211,ταρασσέσθω,be disturbed,1107
12999,110159212,ὑμῶν,your,1107
13000,110159213,ἡ,the,1107
13001,110159214,καρδία,heart,1107
13002,110159215,μη,do not,1107
13003,110159216,-δὲ,and,1107
13004,110159217,δειλιάτω,be afraid,1107
13005,110159218,.,.,1107
13006,110159219,ἠκούσατε,you heard,1108
13007,110159220,ὅτι,that,1108
13008,110159221,ἐγὼ,I,1108
13009,110159222,εἶπον,said,1108
13010,110159223,ὑμῖν,you,1108
13011,110159224,.,.,1108
13012,110159225,ὑπάγω,I go away,1109
13013,110159226,καὶ,and,1109
13014,110159227,ἔρχομαι,come,1109
13015,110159228,πρὸς,to,1109
13016,110159229,ὑμᾶς,you,1109
13017,110159230,.,.,1109
13018,110159231,εἰ,if,1110
13019,110159232,ἠγαπᾶτέ,loved,1110
13020,110159233,με,me,1110
13021,110159234,ἐχάρητε,you rejoiced,1110
13022,110159235,ἄν,would,1110
13023,110159236,",",",",1110
13024,110159237,ὅτι,because,1110
13025,110159238,πορεύομαι,I am going,1110
13026,110159239,πρὸς,towards,1110
13027,110159240,τὸν,the,1110
13028,110159241,πατέρα,Father,1110
13029,110159242,",",",",1110
13030,110159243,ὅτι,because,1110
13031,110159244,ὁ,the,1110
13032,110159245,πατὴρ,father,1110
13033,110159246,μείζων,greater,1110
13034,110159247,μού,of me,1110
13035,110159248,ἐστιν,is,1110
13036,110159249,.,.,1110
13037,110159250,καὶ,and,1111
13038,110159251,νῦν,now,1111
13039,110159252,εἴρηκα,I have said,1111
13040,110159253,ὑμῖν,to you,1111
13041,110159254,πρὶν,before,1111
13042,110159255,γενέσθαι,to happen,1111
13043,110159256,",",",",1111
13044,110159257,ἵνα,so that,1111
13045,110159258,ὅταν,whenever,1111
13046,110159259,γένηται,it happens,1111
13047,110159260,πιστεύσητε,you may believe,1111
13048,110159261,.,.,1111
13049,110159262,οὐκέτι,no longer,1112
13050,110159263,πολλὰ,much,1112
13051,110159264,λαλήσω,I will speak,1112
13052,110159265,μεθ’,with,1112
13053,110159266,ὑμῶν,you,1112
13054,110159267,.,.,1112
13055,110159268,ἔρχεται,comes,1113
13056,110159269,γὰρ,for,1113
13057,110159270,ὁ,the,1113
13058,110159271,τοῦ,of the,1113
13059,110159272,κόσμου,of the world,1113
13060,110159273,ἄρχων,ruler,1113
13061,110159274,",",",",1113
13062,110159275,καὶ,and,1113
13063,110159276,ἐν,in,1113
13064,110159277,ἐμοὶ,in me,1113
13065,110159278,οὐκ,not,1113
13066,110159279,ἔχει,has,1113
13067,110159280,οὐδέν,nothing,1113
13068,110159281,",",",",1113
13069,110159282,ἀλλ’,but,1113
13070,110159283,ἵνα,so that,1113
13071,110159284,γνῷ,know,1113
13072,110159285,ὁ,the,1113
13073,110159286,κόσμος,world,1113
13074,110159287,ὅτι,that,1113
13075,110159288,ἀγαπῶ,I love,1113
13076,110159289,τὸν,the,1113
13077,110159290,πατέρα,father,1113
13078,110159291,",",",",1113
13079,110159292,καὶ,and,1113
13080,110159293,καθὼς,just as,1113
13081,110159294,ἐνετείλατο,commanded,1113
13082,110159295,μοι,me,1113
13083,110159296,ὁ,the,1113
13084,110159297,πατήρ,father,1113
13085,110159298,",",",",1113
13086,110159299,οὕτως,so,1113
13087,110159300,ποιῶ,I do,1113
13088,110159301,.,.,1113
13089,110159302,ἐγείρεσθε,rise,1114
13090,110159303,",",",",1114
13091,110159304,ἄγωμεν,let us go,1114
13092,110159305,ἐντεῦθεν,from here,1114
13093,110159306,.,.,1114
13094,110159307,ἐγώ,I,1115
13095,110159308,εἰμι,am,1115
13096,110159309,ἡ,the,1115
13097,110159310,ἄμπελος,vine,1115
13098,110159311,ἡ,the,1115
13099,110159312,ἀληθινή,true,1115
13100,110159313,",",",",1115
13101,110159314,καὶ,and,1115
13102,110159315,ὁ,the,1115
13103,110159316,πατήρ,father,1115
13104,110159317,μου,my,1115
13105,110159318,ὁ,the,1115
13106,110159319,γεωργός,vinedresser,1115
13107,110159320,ἐστιν,is,1115
13108,110159321,.,.,1115
13109,110159322,πᾶν,every,1116
13110,110159323,κλῆμα,branch,1116
13111,110159324,ἐν,in,1116
13112,110159325,ἐμοὶ,me,1116
13113,110159326,μὴ,not,1116
13114,110159327,φέρον,bearing,1116
13115,110159328,καρπόν,fruit,1116
13116,110159329,",",",",1116
13117,110159330,αἴρει,lifts,1116
13118,110159331,αὐτό,it,1116
13119,110159332,",",",",1116
13120,110159333,καὶ,and,1116
13121,110159334,πᾶν,every,1116
13122,110159335,τὸ,the,1116
13123,110159336,καρπὸν,fruit,1116
13124,110159337,φέρον,bearing,1116
13125,110159338,",",",",1116
13126,110159339,καθαίρει,cleans,1116
13127,110159340,αὐτὸ,it,1116
13128,110159341,ἵνα,so that,1116
13129,110159342,καρπὸν,fruit,1116
13130,110159343,πλείονα,more,1116
13131,110159344,φέρῃ,bears,1116
13132,110159345,.,.,1116
13133,110159346,ἤδη,already,1117
13134,110159347,ὑμεῖς,you,1117
13135,110159348,καθαροί,clean,1117
13136,110159349,ἐστε,are,1117
13137,110159350,διὰ,because of,1117
13138,110159351,τὸν,the,1117
13139,110159352,λόγον,word,1117
13140,110159353,ὃν,whom,1117
13141,110159354,λελάληκα,have spoken,1117
13142,110159355,ὑμῖν,you,1117
13143,110159356,.,.,1117
13144,110159357,μείνατε,remain,1118
13145,110159358,ἐν,in,1118
13146,110159359,ἐμοί,me,1118
13147,110159360,",",",",1118
13148,110159361,κα-,and,1118
13149,110159362,κἀγὼ,and I,1118
13150,110159363,ἐν,in,1118
13151,110159364,ὑμῖν,you,1118
13152,110159365,.,.,1118
13153,110159366,καθὼς,just as,1119
13154,110159367,τὸ,the,1119
13155,110159368,κλῆμα,branch,1119
13156,110159369,οὐ,not,1119
13157,110159370,δύναται,is able,1119
13158,110159371,καρπὸν,fruit,1119
13159,110159372,φέρειν,to bear,1119
13160,110159373,ἀφ',from,1119
13161,110159374,ἑαυτοῦ,of itself,1119
13162,110159375,ἐὰν,if,1119
13163,110159376,μὴ,not,1119
13164,110159377,μένῃ,remain,1119
13165,110159378,ἐν,in,1119
13166,110159379,τῇ,the,1119
13167,110159380,ἀμπέλῳ,vine,1119
13168,110159381,",",",",1119
13169,110159382,οὕτως,thus,1119
13170,110159383,οὐ,not,1119
13171,110159384,-δὲ,and,1119
13172,110159385,ὑμεῖς,you,1119
13173,110159386,ἐὰν,if,1119
13174,110159387,μὴ,not,1119
13175,110159388,ἐν,in,1119
13176,110159389,ἐμοὶ,in me,1119
13177,110159390,μένητε,you remain,1119
13178,110159391,.,.,1119
13179,110159392,ἐγώ,I,1120
13180,110159393,εἰμι,am,1120
13181,110159394,ἡ,the,1120
13182,110159395,ἄμπελος,vine,1120
13183,110159396,",",",",1120
13184,110159397,ὑμεῖς,you,1120
13185,110159398,τὰ,the,1120
13186,110159399,κλήματα,branches,1120
13187,110159400,.,.,1120
13188,110159401,ὁ,the one,1121
13189,110159402,μένων,remaining,1121
13190,110159403,ἐν,in,1121
13191,110159404,ἐμοὶ,me,1121
13192,110159405,κα-,and,1121
13193,110159406,κἀγὼ,and I,1121
13194,110159407,ἐν,in,1121
13195,110159408,αὐτῷ,him,1121
13196,110159409,",",",",1121
13197,110159410,οὗτος,this,1121
13198,110159411,φέρει,bears,1121
13199,110159412,καρπὸν,fruit,1121
13200,110159413,πολύν,much,1121
13201,110159414,",",",",1121
13202,110159415,ὅτι,because,1121
13203,110159416,χωρὶς,without,1121
13204,110159417,ἐμοῦ,of me,1121
13205,110159418,οὐ,not,1121
13206,110159419,δύνασθε,you are able,1121
13207,110159420,ποιεῖν,to do,1121
13208,110159421,οὐδέν,anything,1121
13209,110159422,.,.,1121
13210,110159423,ἐὰν,if,1122
13211,110159424,μή,not,1122
13212,110159425,τις,anyone,1122
13213,110159426,μένῃ,remains,1122
13214,110159427,ἐν,in,1122
13215,110159428,ἐμοί,me,1122
13216,110159429,",",",",1122
13217,110159430,ἐβλήθη,was thrown,1122
13218,110159431,ἔξω,out,1122
13219,110159432,ὡς,like,1122
13220,110159433,τὸ,the,1122
13221,110159434,κλῆμα,branch,1122
13222,110159435,καὶ,and,1122
13223,110159436,ἐξηράνθη,it dried up,1122
13224,110159437,",",",",1122
13225,110159438,καὶ,and,1122
13226,110159439,συνάγουσιν,gather,1122
13227,110159440,αὐτὸ,it,1122
13228,110159441,καὶ,and,1122
13229,110159442,εἰς,into,1122
13230,110159443,τὸ,the,1122
13231,110159444,πῦρ,fire,1122
13232,110159445,βάλλουσιν,throw,1122
13233,110159446,",",",",1122
13234,110159447,καὶ,and,1122
13235,110159448,καίεται,burns,1122
13236,110159449,.,.,1122
13237,110159450,ἐὰν,if,1123
13238,110159451,μείνητε,remain,1123
13239,110159452,ἐν,in,1123
13240,110159453,ἐμοὶ,me,1123
13241,110159454,καὶ,and,1123
13242,110159455,τὰ,the,1123
13243,110159456,ῥήματά,sayings,1123
13244,110159457,μου,my,1123
13245,110159458,ἐν,in,1123
13246,110159459,ὑμῖν,you,1123
13247,110159460,μείνῃ,may remain,1123
13248,110159461,",",",",1123
13249,110159462,ὃ,whatever,1123
13250,110159463,ἐὰν,if,1123
13251,110159464,θέλητε,you wish,1123
13252,110159465,αἰτήσασθε,ask,1123
13253,110159466,",",",",1123
13254,110159467,καὶ,and,1123
13255,110159468,γενήσεται,will happen,1123
13256,110159469,ὑμῖν,to you,1123
13257,110159470,.,.,1123
13258,110159471,ἐν,in,1124
13259,110159472,τούτῳ,in this,1124
13260,110159473,ἐδοξάσθη,was glorified,1124
13261,110159474,ὁ,the,1124
13262,110159475,πατήρ,father,1124
13263,110159476,μου,my,1124
13264,110159477,",",",",1124
13265,110159478,ἵνα,so that,1124
13266,110159479,καρπὸν,fruit,1124
13267,110159480,πολὺν,much,1124
13268,110159481,φέρητε,you might bear,1124
13269,110159482,καὶ,and,1124
13270,110159483,γενήσεσθε,you will become,1124
13271,110159484,ἐμοὶ,my,1124
13272,110159485,μαθηταί,disciples,1124
13273,110159486,.,.,1124
13274,110159487,καθὼς,just as,1125
13275,110159488,ἠγάπησέν,loved,1125
13276,110159489,με,me,1125
13277,110159490,ὁ,the,1125
13278,110159491,πατήρ,father,1125
13279,110159492,",",",",1125
13280,110159493,κα-,and,1125
13281,110159494,κἀγὼ,and I,1125
13282,110159495,ἠγάπησα,I loved,1125
13283,110159496,ὑμᾶς,you,1125
13284,110159497,.,.,1125
13285,110159498,μείνατε,remain,1126
13286,110159499,ἐν,in,1126
13287,110159500,τῇ,the,1126
13288,110159501,ἀγάπῃ,love,1126
13289,110159502,τῇ,the,1126
13290,110159503,ἐμῇ,my,1126
13291,110159504,.,.,1126
13292,110159505,ἐὰν,if,1127
13293,110159506,τὰς,the,1127
13294,110159507,ἐντολάς,commandments,1127
13295,110159508,μου,my,1127
13296,110159509,τηρήσητε,you keep,1127
13297,110159510,",",",",1127
13298,110159511,μενεῖτε,remain,1127
13299,110159512,ἐν,in,1127
13300,110159513,τῇ,the,1127
13301,110159514,ἀγάπῃ,love,1127
13302,110159515,μου,my,1127
13303,110159516,",",",",1127
13304,110159517,καθὼς,just as,1127
13305,110159518,κα-,and,1127
13306,110159519,κἀγὼ,I,1127
13307,110159520,τοῦ,of the,1127
13308,110159521,πατρός,father,1127
13309,110159522,μου,my,1127
13310,110159523,τὰς,the,1127
13311,110159524,ἐντολὰς,commandments,1127
13312,110159525,τετήρηκα,I have kept,1127
13313,110159526,καὶ,and,1127
13314,110159527,μένω,I remain,1127
13315,110159528,αὐτοῦ,his,1127
13316,110159529,ἐν,in,1127
13317,110159530,τῇ,the,1127
13318,110159531,ἀγάπῃ,love,1127
13319,110159532,.,.,1127
13320,110159533,ταῦτα,these things,1128
13321,110159534,λελάληκα,I have spoken,1128
13322,110159535,ὑμῖν,you,1128
13323,110159536,ἵνα,in order that,1128
13324,110159537,ἡ,the,1128
13325,110159538,χαρὰ,joy,1128
13326,110159539,ἡ,my,1128
13327,110159540,ἐμὴ,my,1128
13328,110159541,ἐν,in,1128
13329,110159542,ὑμῖν,you,1128
13330,110159543,ᾖ,is,1128
13331,110159544,καὶ,and,1128
13332,110159545,ἡ,the,1128
13333,110159546,χαρὰ,joy,1128
13334,110159547,ὑμῶν,your,1128
13335,110159548,πληρωθῇ,be filled,1128
13336,110159549,.,.,1128
13337,110159550,αὕτη,this,1129
13338,110159551,ἐστὶν,is,1129
13339,110159552,ἡ,the,1129
13340,110159553,ἐντολὴ,commandment,1129
13341,110159554,ἡ,the,1129
13342,110159555,ἐμή,my,1129
13343,110159556,",",",",1129
13344,110159557,ἵνα,that,1129
13345,110159558,ἀγαπᾶτε,love,1129
13346,110159559,ἀλλήλους,one another,1129
13347,110159560,καθὼς,as,1129
13348,110159561,ἠγάπησα,I loved,1129
13349,110159562,ὑμᾶς,you,1129
13350,110159563,.,.,1129
13351,110159564,μείζονα,greater,1130
13352,110159565,ταύτης,of this,1130
13353,110159566,ἀγάπην,love,1130
13354,110159567,οὐδεὶς,no one,1130
13355,110159568,ἔχει,has,1130
13356,110159569,ἵνα,that,1130
13357,110159570,τὴν,the,1130
13358,110159571,ψυχὴν,soul,1130
13359,110159572,αὐτοῦ,his,1130
13360,110159573,θῇ,lay down,1130
13361,110159574,ὑπὲρ,on behalf of,1130
13362,110159575,τῶν,of the,1130
13363,110159576,φίλων,friends,1130
13364,110159577,αὐτοῦ,of him,1130
13365,110159578,.,.,1130
13366,110159579,ὑμεῖς,you,1131
13367,110159580,φίλοι,friends,1131
13368,110159581,μού,my,1131
13369,110159582,ἐστε,are,1131
13370,110159583,",",",",1131
13371,110159584,ἐὰν,if,1131
13372,110159585,ποιῆτε,do,1131
13373,110159586,ἃ,what,1131
13374,110159587,ἐγὼ,I,1131
13375,110159588,ἐντέλλομαι,command,1131
13376,110159589,ὑμῖν,you,1131
13377,110159590,.,.,1131
13378,110159591,οὐκέτι,no longer,1132
13379,110159592,λέγω,say,1132
13380,110159593,ὑμᾶς,you,1132
13381,110159594,δούλους,slaves,1132
13382,110159595,",",",",1132
13383,110159596,ὅτι,because,1132
13384,110159597,ὁ,the,1132
13385,110159598,δοῦλος,slave,1132
13386,110159599,οὐκ,not,1132
13387,110159600,οἶδεν,knows,1132
13388,110159601,τί,what,1132
13389,110159602,ποιεῖ,do,1132
13390,110159603,αὐτοῦ,his,1132
13391,110159604,ὁ,the,1132
13392,110159605,κύριος,master,1132
13393,110159606,.,.,1132
13394,110159607,ὑμᾶς,you,1133
13395,110159608,δὲ,but,1133
13396,110159609,εἴρηκα,have spoken,1133
13397,110159610,φίλους,friends,1133
13398,110159611,",",",",1133
13399,110159612,ὅτι,that,1133
13400,110159613,πάντα,everything,1133
13401,110159614,ἃ,which,1133
13402,110159615,ἤκουσα,heard,1133
13403,110159616,παρὰ,from,1133
13404,110159617,τοῦ,of the,1133
13405,110159618,πατρός,father,1133
13406,110159619,μου,my,1133
13407,110159620,ἐγνώρισα,made known,1133
13408,110159621,ὑμῖν,you,1133
13409,110159622,.,.,1133
13410,110159623,οὐχ,not,1134
13411,110159624,ὑμεῖς,you,1134
13412,110159625,με,me,1134
13413,110159626,ἐξελέξασθε,you chose,1134
13414,110159627,",",",",1134
13415,110159628,ἀλλ’,but,1134
13416,110159629,ἐγὼ,I,1134
13417,110159630,ἐξελεξάμην,chose,1134
13418,110159631,ὑμᾶς,you,1134
13419,110159632,καὶ,and,1134
13420,110159633,ἔθηκα,appointed,1134
13421,110159634,ὑμᾶς,you,1134
13422,110159635,ἵνα,that,1134
13423,110159636,ὑμεῖς,you,1134
13424,110159637,ὑπάγητε,you go,1134
13425,110159638,καὶ,and,1134
13426,110159639,καρπὸν,fruit,1134
13427,110159640,φέρητε,bear,1134
13428,110159641,καὶ,and,1134
13429,110159642,ὁ,the,1134
13430,110159643,καρπὸς,fruit,1134
13431,110159644,ὑμῶν,your,1134
13432,110159645,μένῃ,remains,1134
13433,110159646,",",",",1134
13434,110159647,ἵνα,so that,1134
13435,110159648,ὅ,whatever,1134
13436,110159649,τι,whatever,1134
13437,110159650,ἂν,an,1134
13438,110159651,αἰτήσητε,you should ask,1134
13439,110159652,τὸν,the,1134
13440,110159653,πατέρα,father,1134
13441,110159654,ἐν,in,1134
13442,110159655,τῷ,the,1134
13443,110159656,ὀνόματί,name,1134
13444,110159657,μου,my,1134
13445,110159658,δῷ,will give,1134
13446,110159659,ὑμῖν,you,1134
13447,110159660,.,.,1134
13448,110159661,ταῦτα,these,1135
13449,110159662,ἐντέλλομαι,command,1135
13450,110159663,ὑμῖν,you,1135
13451,110159664,",",",",1135
13452,110159665,ἵνα,that,1135
13453,110159666,ἀγαπᾶτε,love,1135
13454,110159667,ἀλλήλους,one another,1135
13455,110159668,.,.,1135
13456,110159669,εἰ,if,1136
13457,110159670,ὁ,the,1136
13458,110159671,κόσμος,world,1136
13459,110159672,ὑμᾶς,you,1136
13460,110159673,μισεῖ,hates,1136
13461,110159674,",",",",1136
13462,110159675,γινώσκετε,know,1136
13463,110159676,ὅτι,that,1136
13464,110159677,ἐμὲ,me,1136
13465,110159678,πρῶτον,first,1136
13466,110159679,μεμίσηκεν,hated,1136
13467,110159680,.,.,1136
13468,110159681,εἰ,if,1137
13469,110159682,ἐκ,from,1137
13470,110159683,τοῦ,the,1137
13471,110159684,κόσμου,of the world,1137
13472,110159685,ἦτε,were,1137
13473,110159686,",",",",1137
13474,110159687,ὁ,the,1137
13475,110159688,κόσμος,world,1137
13476,110159689,ἂν,would,1137
13477,110159690,τὸ,their,1137
13478,110159691,ἴδιον,its own,1137
13479,110159692,ἐφίλει,loved,1137
13480,110159693,.,.,1137
13481,110159694,ὅτι,that,1138
13482,110159695,δὲ,but,1138
13483,110159696,ἐκ,from,1138
13484,110159697,τοῦ,the,1138
13485,110159698,κόσμου,world,1138
13486,110159699,οὐκ,not,1138
13487,110159700,ἐστέ,are,1138
13488,110159701,",",",",1138
13489,110159702,ἀλλ’,but,1138
13490,110159703,ἐγὼ,I,1138
13491,110159704,ἐξελεξάμην,I chose,1138
13492,110159705,ὑμᾶς,you,1138
13493,110159706,ἐκ,out of,1138
13494,110159707,τοῦ,of the,1138
13495,110159708,κόσμου,world,1138
13496,110159709,",",",",1138
13497,110159710,διὰ,because,1138
13498,110159711,τοῦτο,for this reason,1138
13499,110159712,μισεῖ,hates,1138
13500,110159713,ὑμᾶς,you,1138
13501,110159714,ὁ,the,1138
13502,110159715,κόσμος,world,1138
13503,110159716,.,.,1138
13504,110159717,μνημονεύετε,remember,1139
13505,110159718,τοῦ,of the,1139
13506,110159719,λόγου,word,1139
13507,110159720,οὗ,that,1139
13508,110159721,ἐγὼ,I,1139
13509,110159722,εἶπον,I said,1139
13510,110159723,ὑμῖν,you,1139
13511,110159724,.,.,1139
13512,110159725,οὐκ,not,1140
13513,110159726,ἔστιν,is,1140
13514,110159727,δοῦλος,slave,1140
13515,110159728,μείζων,greater,1140
13516,110159729,τοῦ,of the,1140
13517,110159730,κυρίου,master,1140
13518,110159731,αὐτοῦ,his,1140
13519,110159732,.,.,1140
13520,110159733,εἰ,if,1141
13521,110159734,ἐμὲ,me,1141
13522,110159735,ἐδίωξαν,they persecuted,1141
13523,110159736,",",",",1141
13524,110159737,καὶ,and,1141
13525,110159738,ὑμᾶς,you,1141
13526,110159739,διώξουσιν,they will persecute,1141
13527,110159740,.,.,1141
13528,110159741,εἰ,if,1142
13529,110159742,τὸν,the,1142
13530,110159743,λόγον,word,1142
13531,110159744,μου,my,1142
13532,110159745,ἐτήρησαν,kept,1142
13533,110159746,",",",",1142
13534,110159747,καὶ,and,1142
13535,110159748,τὸν,the,1142
13536,110159749,ὑμέτερον,your,1142
13537,110159750,τηρήσουσιν,will keep,1142
13538,110159751,.,.,1142
13539,110159752,ἀλλὰ,but,1143
13540,110159753,ταῦτα,these,1143
13541,110159754,πάντα,all,1143
13542,110159755,ποιήσουσιν,will do,1143
13543,110159756,εἰς,for,1143
13544,110159757,ὑμᾶς,you,1143
13545,110159758,διὰ,because of,1143
13546,110159759,τὸ,the,1143
13547,110159760,ὄνομά,name,1143
13548,110159761,μου,my,1143
13549,110159762,",",",",1143
13550,110159763,ὅτι,because,1143
13551,110159764,οὐκ,not,1143
13552,110159765,οἴδασιν,know,1143
13553,110159766,τὸν,the,1143
13554,110159767,πέμψαντά,sent,1143
13555,110159768,με,me,1143
13556,110159769,.,.,1143
13557,110159770,εἰ,if,1144
13558,110159771,μὴ,not,1144
13559,110159772,ἦλθον,came,1144
13560,110159773,καὶ,and,1144
13561,110159774,ἐλάλησα,spoke,1144
13562,110159775,αὐτοῖς,them,1144
13563,110159776,",",",",1144
13564,110159777,ἁμαρτίαν,sin,1144
13565,110159778,οὐκ,not,1144
13566,110159779,εἴχοσαν,had,1144
13567,110159780,.,.,1144
13568,110159781,νῦν,now,1145
13569,110159782,δὲ,but,1145
13570,110159783,πρόφασιν,pretext,1145
13571,110159784,οὐκ,not,1145
13572,110159785,ἔχουσιν,have,1145
13573,110159786,περὶ,about,1145
13574,110159787,τῆς,the,1145
13575,110159788,ἁμαρτίας,sin,1145
13576,110159789,αὐτῶν,their,1145
13577,110159790,.,.,1145
13578,110159791,ὁ,the,1146
13579,110159792,ἐμὲ,me,1146
13580,110159793,μισῶν,hating,1146
13581,110159794,καὶ,and,1146
13582,110159795,τὸν,the,1146
13583,110159796,πατέρα,father,1146
13584,110159797,μου,my,1146
13585,110159798,μισεῖ,hates,1146
13586,110159799,.,.,1146
13587,110159800,εἰ,if,1147
13588,110159801,τὰ,the,1147
13589,110159802,ἔργα,works,1147
13590,110159803,μὴ,not,1147
13591,110159804,ἐποίησα,did,1147
13592,110159805,ἐν,in,1147
13593,110159806,αὐτοῖς,them,1147
13594,110159807,ἃ,any,1147
13595,110159808,οὐδεὶς,no one,1147
13596,110159809,ἄλλος,other,1147
13597,110159810,ἐποίησεν,did,1147
13598,110159811,",",",",1147
13599,110159812,ἁμαρτίαν,sin,1147
13600,110159813,οὐκ,not,1147
13601,110159814,εἴχοσαν,had,1147
13602,110159815,.,.,1147
13603,110159816,νῦν,now,1148
13604,110159817,δὲ,but,1148
13605,110159818,καὶ,and,1148
13606,110159819,ἑωράκασιν,have seen,1148
13607,110159820,καὶ,and,1148
13608,110159821,μεμισήκασιν,hated,1148
13609,110159822,καὶ,and,1148
13610,110159823,ἐμὲ,me,1148
13611,110159824,καὶ,and,1148
13612,110159825,τὸν,the,1148
13613,110159826,πατέρα,father,1148
13614,110159827,μου,my,1148
13615,110159828,.,.,1148
13616,110159829,ἀλλ’,but,1149
13617,110159830,ἵνα,so that,1149
13618,110159831,πληρωθῇ,be fulfilled,1149
13619,110159832,ὁ,the,1149
13620,110159833,λόγος,word,1149
13621,110159834,ὁ,the,1149
13622,110159835,ἐν,in,1149
13623,110159836,τῷ,the,1149
13624,110159837,νόμῳ,law,1149
13625,110159838,αὐτῶν,their,1149
13626,110159839,γεγραμμένος,written,1149
13627,110159840,ὅτι,that,1149
13628,110159841,ἐμίσησάν,hated,1149
13629,110159842,με,me,1149
13630,110159843,δωρεάν,without cause,1149
13631,110159844,.,.,1149
13632,110159845,ὅταν,when,1150
13633,110159846,ἔλθῃ,comes,1150
13634,110159847,ὁ,the,1150
13635,110159848,παράκλητος,Helper,1150
13636,110159849,ὃν,whom,1150
13637,110159850,ἐγὼ,I,1150
13638,110159851,πέμψω,I will send,1150
13639,110159852,ὑμῖν,you,1150
13640,110159853,παρὰ,from,1150
13641,110159854,τοῦ,of the,1150
13642,110159855,πατρός,father,1150
13643,110159856,",",",",1150
13644,110159857,τὸ,the,1150
13645,110159858,πνεῦμα,spirit,1150
13646,110159859,τῆς,of the,1150
13647,110159860,ἀληθείας,of truth,1150
13648,110159861,ὃ,that,1150
13649,110159862,παρὰ,from,1150
13650,110159863,τοῦ,of the,1150
13651,110159864,πατρὸς,of the father,1150
13652,110159865,ἐκπορεύεται,proceeds,1150
13653,110159866,",",",",1150
13654,110159867,ἐκεῖνος,that one,1150
13655,110159868,μαρτυρήσει,will bear witness,1150
13656,110159869,περὶ,concerning,1150
13657,110159870,ἐμοῦ,me,1150
13658,110159871,.,.,1150
13659,110159872,καὶ,and,1151
13660,110159873,ὑμεῖς,you,1151
13661,110159874,δὲ,but,1151
13662,110159875,μαρτυρεῖτε,you testify,1151
13663,110159876,",",",",1151
13664,110159877,ὅτι,that,1151
13665,110159878,ἀπ',from,1151
13666,110159879,ἀρχῆς,beginning,1151
13667,110159880,μετ’,with,1151
13668,110159881,ἐμοῦ,me,1151
13669,110159882,ἐστε,you are,1151
13670,110159883,.,.,1151
13671,110159884,ταῦτα,these things,1152
13672,110159885,λελάληκα,I have spoken,1152
13673,110159886,ὑμῖν,to you,1152
13674,110159887,ἵνα,so that,1152
13675,110159888,μὴ,not,1152
13676,110159889,σκανδαλισθῆτε,be scandalized,1152
13677,110159890,.,.,1152
13678,110159891,ἀποσυναγώγους,put out of the synagogue,1153
13679,110159892,ποιήσουσιν,will make,1153
13680,110159893,ὑμᾶς,you,1153
13681,110159894,.,.,1153
13682,110159895,ἀλλ’,but,1154
13683,110159896,ἔρχεται,comes,1154
13684,110159897,ὥρα,hour,1154
13685,110159898,ἵνα,so that,1154
13686,110159899,πᾶς,all,1154
13687,110159900,ὁ,the,1154
13688,110159901,ἀποκτείνας,killing,1154
13689,110159902,ὑμᾶς,you,1154
13690,110159903,δόξῃ,seems,1154
13691,110159904,λατρείαν,service,1154
13692,110159905,προσφέρειν,to offer,1154
13693,110159906,τῷ,to,1154
13694,110159907,θεῷ,God,1154
13695,110159908,.,.,1154
13696,110159909,καὶ,and,1155
13697,110159910,ταῦτα,these things,1155
13698,110159911,ποιήσουσιν,will do,1155
13699,110159912,ὅτι,that,1155
13700,110159913,οὐκ,not,1155
13701,110159914,ἔγνωσαν,knew,1155
13702,110159915,τὸν,the,1155
13703,110159916,πατέρα,father,1155
13704,110159917,οὐ,not,1155
13705,110159918,-δὲ,and,1155
13706,110159919,ἐμέ,me,1155
13707,110159920,.,.,1155
13708,110159921,ἀλλὰ,but,1156
13709,110159922,ταῦτα,these things,1156
13710,110159923,λελάληκα,have spoken,1156
13711,110159924,ὑμῖν,to you,1156
13712,110159925,ἵνα,in order that,1156
13713,110159926,ὅταν,when,1156
13714,110159927,ἔλθῃ,comes,1156
13715,110159928,ἡ,the,1156
13716,110159929,ὥρα,time,1156
13717,110159930,μνημονεύητε,you may remember,1156
13718,110159931,αὐτῶν,them,1156
13719,110159932,",",",",1156
13720,110159933,ὅτι,that,1156
13721,110159934,ἐγὼ,I,1156
13722,110159935,εἶπον,said,1156
13723,110159936,ὑμῖν,you,1156
13724,110159937,.,.,1156
13725,110159938,ταῦτα,these,1157
13726,110159939,δὲ,but,1157
13727,110159940,ὑμῖν,to you,1157
13728,110159941,ἐξ,from,1157
13729,110159942,ἀρχῆς,beginning,1157
13730,110159943,οὐκ,not,1157
13731,110159944,εἶπον,I said,1157
13732,110159945,",",",",1157
13733,110159946,ὅτι,because,1157
13734,110159947,μεθ’,with,1157
13735,110159948,ὑμῶν,you,1157
13736,110159949,ἤμην,I was,1157
13737,110159950,.,.,1157
13738,110159951,νῦν,now,1158
13739,110159952,δὲ,but,1158
13740,110159953,ὑπάγω,I am going,1158
13741,110159954,πρὸς,to,1158
13742,110159955,τὸν,the,1158
13743,110159956,πέμψαντά,sending,1158
13744,110159957,με,me,1158
13745,110159958,",",",",1158
13746,110159959,καὶ,and,1158
13747,110159960,οὐδεὶς,no one,1158
13748,110159961,ἐξ,from,1158
13749,110159962,ὑμῶν,of you,1158
13750,110159963,ἐρωτᾷ,asks,1158
13751,110159964,με,me,1158
13752,110159965,.,.,1158
13753,110159966,ποῦ,where,1159
13754,110159967,ὑπάγεις,are you going,1159
13755,110159968,;,;,1159
13756,110159969,ἀλλ’,but,1160
13757,110159970,ὅτι,that,1160
13758,110159971,ταῦτα,these things,1160
13759,110159972,λελάληκα,I have spoken,1160
13760,110159973,ὑμῖν,you,1160
13761,110159974,ἡ,the,1160
13762,110159975,λύπη,grief,1160
13763,110159976,πεπλήρωκεν,has filled,1160
13764,110159977,ὑμῶν,your,1160
13765,110159978,τὴν,the,1160
13766,110159979,καρδίαν,heart,1160
13767,110159980,.,.,1160
13768,110159981,ἀλλ’,but,1161
13769,110159982,ἐγὼ,I,1161
13770,110159983,τὴν,the,1161
13771,110159984,ἀλήθειαν,truth,1161
13772,110159985,λέγω,I say,1161
13773,110159986,ὑμῖν,to you,1161
13774,110159987,",",",",1161
13775,110159988,συμφέρει,it is expedient,1161
13776,110159989,ὑμῖν,you,1161
13777,110159990,ἵνα,that,1161
13778,110159991,ἐγὼ,I,1161
13779,110159992,ἀπέλθω,go away,1161
13780,110159993,.,.,1161
13781,110159994,ἐὰν,if,1162
13782,110159995,γὰρ,for,1162
13783,110159996,μὴ,not,1162
13784,110159997,ἀπέλθω,go,1162
13785,110159998,",",",",1162
13786,110159999,ὁ,the,1162
13787,110160000,παράκλητος,Advocate,1162
13788,110160001,οὐκ,not,1162
13789,110160002,ἐλεύσεται,will come,1162
13790,110160003,πρὸς,to,1162
13791,110160004,ὑμᾶς,you,1162
13792,110160005,.,.,1162
13793,110160006,ἐὰν,if,1163
13794,110160007,δὲ,but,1163
13795,110160008,πορευθῶ,go,1163
13796,110160009,",",",",1163
13797,110160010,πέμψω,I will send,1163
13798,110160011,αὐτὸν,him,1163
13799,110160012,πρὸς,to,1163
13800,110160013,ὑμᾶς,you,1163
13801,110160014,.,.,1163
13802,110160015,καὶ,and,1164
13803,110160016,ἐλθὼν,coming,1164
13804,110160017,ἐκεῖνος,that one,1164
13805,110160018,ἐλέγξει,will convict,1164
13806,110160019,τὸν,the,1164
13807,110160020,κόσμον,world,1164
13808,110160021,περὶ,about,1164
13809,110160022,ἁμαρτίας,of sins,1164
13810,110160023,καὶ,and,1164
13811,110160024,περὶ,concerning,1164
13812,110160025,δικαιοσύνης,righteousness,1164
13813,110160026,καὶ,and,1164
13814,110160027,περὶ,about,1164
13815,110160028,κρίσεως,judgment,1164
13816,110160029,",",",",1164
13817,110160030,περὶ,concerning,1164
13818,110160031,ἁμαρτίας,of sin,1164
13819,110160032,μέν,indeed,1164
13820,110160033,",",",",1164
13821,110160034,ὅτι,because,1164
13822,110160035,οὐ,not,1164
13823,110160036,πιστεύουσιν,they believe,1164
13824,110160037,εἰς,into,1164
13825,110160038,ἐμέ,me,1164
13826,110160039,",",",",1164
13827,110160040,περὶ,concerning,1164
13828,110160041,δικαιοσύνης,righteousness,1164
13829,110160042,δέ,but,1164
13830,110160043,",",",",1164
13831,110160044,ὅτι,that,1164
13832,110160045,πρὸς,to,1164
13833,110160046,τὸν,the,1164
13834,110160047,πατέρα,father,1164
13835,110160048,ὑπάγω,I go,1164
13836,110160049,καὶ,and,1164
13837,110160050,οὐκέτι,no longer,1164
13838,110160051,θεωρεῖτέ,you see,1164
13839,110160052,με,me,1164
13840,110160053,",",",",1164
13841,110160054,περὶ,about,1164
13842,110160055,δὲ,but,1164
13843,110160056,κρίσεως,of judgment,1164
13844,110160057,",",",",1164
13845,110160058,ὅτι,because,1164
13846,110160059,ὁ,the,1164
13847,110160060,ἄρχων,ruler,1164
13848,110160061,τοῦ,of the,1164
13849,110160062,κόσμου,world,1164
13850,110160063,τούτου,this,1164
13851,110160064,κέκριται,has been judged,1164
13852,110160065,.,.,1164
13853,110160066,ἔτι,still,1165
13854,110160067,πολλὰ,many things,1165
13855,110160068,ἔχω,have,1165
13856,110160069,ὑμῖν,you,1165
13857,110160070,λέγειν,to say,1165
13858,110160071,",",",",1165
13859,110160072,ἀλλ’,but,1165
13860,110160073,οὐ,not,1165
13861,110160074,δύνασθε,you are able,1165
13862,110160075,βαστάζειν,to bear,1165
13863,110160076,ἄρτι,now,1165
13864,110160077,.,.,1165
13865,110160078,ὅταν,when,1166
13866,110160079,δὲ,but,1166
13867,110160080,ἔλθῃ,comes,1166
13868,110160081,ἐκεῖνος,he,1166
13869,110160082,",",",",1166
13870,110160083,τὸ,the,1166
13871,110160084,πνεῦμα,Spirit,1166
13872,110160085,τῆς,of the,1166
13873,110160086,ἀληθείας,of truth,1166
13874,110160087,",",",",1166
13875,110160088,ὁδηγήσει,will lead,1166
13876,110160089,ὑμᾶς,you,1166
13877,110160090,ἐν,in,1166
13878,110160091,τῇ,the,1166
13879,110160092,ἀληθείᾳ,truth,1166
13880,110160093,πάσῃ,all,1166
13881,110160094,.,.,1166
13882,110160095,οὐ,not,1167
13883,110160096,γὰρ,for,1167
13884,110160097,λαλήσει,will speak,1167
13885,110160098,ἀφ',from,1167
13886,110160099,ἑαυτοῦ,of himself,1167
13887,110160100,",",",",1167
13888,110160101,ἀλλ’,but,1167
13889,110160102,ὅσα,whatever,1167
13890,110160103,ἀκούει,hears,1167
13891,110160104,λαλήσει,will speak,1167
13892,110160105,",",",",1167
13893,110160106,καὶ,and,1167
13894,110160107,τὰ,the,1167
13895,110160108,ἐρχόμενα,things coming,1167
13896,110160109,ἀναγγελεῖ,will declare,1167
13897,110160110,ὑμῖν,you,1167
13898,110160111,.,.,1167
13899,110160112,ἐκεῖνος,he,1168
13900,110160113,ἐμὲ,me,1168
13901,110160114,δοξάσει,will glorify,1168
13902,110160115,",",",",1168
13903,110160116,ὅτι,that,1168
13904,110160117,ἐκ,from,1168
13905,110160118,τοῦ,the,1168
13906,110160119,ἐμοῦ,mine,1168
13907,110160120,λήμψεται,will take,1168
13908,110160121,καὶ,and,1168
13909,110160122,ἀναγγελεῖ,will announce,1168
13910,110160123,ὑμῖν,you,1168
13911,110160124,.,.,1168
13912,110160125,πάντα,all,1169
13913,110160126,ὅσα,all things,1169
13914,110160127,ἔχει,has,1169
13915,110160128,ὁ,the,1169
13916,110160129,πατὴρ,father,1169
13917,110160130,ἐμά,mine,1169
13918,110160131,ἐστιν,is,1169
13919,110160132,.,.,1169
13920,110160133,διὰ,because,1170
13921,110160134,τοῦτο,this,1170
13922,110160135,εἶπον,I said,1170
13923,110160136,ὅτι,that,1170
13924,110160137,ἐκ,out of,1170
13925,110160138,τοῦ,of the,1170
13926,110160139,ἐμοῦ,from me,1170
13927,110160140,λαμβάνει,takes,1170
13928,110160141,καὶ,and,1170
13929,110160142,ἀναγγελεῖ,announces,1170
13930,110160143,ὑμῖν,you,1170
13931,110160144,.,.,1170
13932,110160145,μικρὸν,for a little while,1171
13933,110160146,καὶ,and,1171
13934,110160147,οὐκέτι,no longer,1171
13935,110160148,θεωρεῖτέ,you will see,1171
13936,110160149,με,me,1171
13937,110160150,",",",",1171
13938,110160151,καὶ,and,1171
13939,110160152,πάλιν,again,1171
13940,110160153,μικρὸν,a little,1171
13941,110160154,καὶ,and,1171
13942,110160155,ὄψεσθέ,you will see,1171
13943,110160156,με,me,1171
13944,110160157,.,.,1171
13945,110160158,εἶπον,said,1172
13946,110160159,οὖν,therefore,1172
13947,110160160,ἐκ,from,1172
13948,110160161,τῶν,the,1172
13949,110160162,μαθητῶν,disciples,1172
13950,110160163,αὐτοῦ,his,1172
13951,110160164,πρὸς,to,1172
13952,110160165,ἀλλήλους,one another,1172
13953,110160166,.,.,1172
13954,110160167,τί,what,1173
13955,110160168,ἐστιν,is,1173
13956,110160169,τοῦτο,this,1173
13957,110160170,ὃ,what,1173
13958,110160171,λέγει,says,1173
13959,110160172,ἡμῖν,to us,1173
13960,110160173,",",",",1173
13961,110160174,μικρὸν,a little while,1173
13962,110160175,καὶ,and,1173
13963,110160176,οὐ,not,1173
13964,110160177,θεωρεῖτέ,you will see,1173
13965,110160178,με,me,1173
13966,110160179,",",",",1173
13967,110160180,καὶ,and,1173
13968,110160181,πάλιν,again,1173
13969,110160182,μικρὸν,a little,1173
13970,110160183,καὶ,and,1173
13971,110160184,ὄψεσθέ,you will see,1173
13972,110160185,με,me,1173
13973,110160186,",",",",1173
13974,110160187,καί,and,1173
13975,110160188,ὅτι,that,1173
13976,110160189,ὑπάγω,I go,1173
13977,110160190,πρὸς,to,1173
13978,110160191,τὸν,the,1173
13979,110160192,πατέρα,father,1173
13980,110160193,;,;,1173
13981,110160194,ἔλεγον,were saying,1174
13982,110160195,οὖν,therefore,1174
13983,110160196,.,.,1174
13984,110160197,τοῦτο,this,1175
13985,110160198,τί,what,1175
13986,110160199,ἐστιν,is,1175
13987,110160200,ὃ,what,1175
13988,110201,λέγει,he says,1175
13989,110160202,",",",",1175
13990,110160203,τὸ,the,1175
13991,110160204,μικρόν,small,1175
13992,110160205,;,?,1175
13993,110160206,οὐκ,not,1176
13994,110160207,οἴδαμεν,know,1176
13995,110160208,τί,what,1176
13996,110160209,λαλεῖ,to speak,1176
13997,110160210,.,.,1176
13998,110160211,ἔγνω,knew,1177
13999,110160212,Ἰησοῦς,Jesus,1177
14000,110160213,ὅτι,that,1177
14001,110160214,ἤθελον,were wanting,1177
14002,110160215,αὐτὸν,him,1177
14003,110160216,ἐρωτᾶν,to ask,1177
14004,110160217,",",",",1177
14005,110160218,καὶ,and,1177
14006,110160219,εἶπεν,said,1177
14007,110160220,αὐτοῖς,them,1177
14008,110160221,.,.,1177
14009,110160222,περὶ,about,1178
14010,110160223,τούτου,this,1178
14011,110160224,ζητεῖτε,seek,1178
14012,110160225,μετ’,with,1178
14013,110160226,ἀλλήλων,one another,1178
14014,110160227,ὅτι,that,1178
14015,110160228,εἶπον,said,1178
14016,110160229,",",",",1178
14017,110160230,μικρὸν,a little while,1178
14018,110160231,καὶ,and,1178
14019,110160232,οὐ,not,1178
14020,110160233,θεωρεῖτέ,you will see,1178
14021,110160234,με,me,1178
14022,110160235,",",",",1178
14023,110160236,καὶ,and,1178
14024,110160237,πάλιν,again,1178
14025,110160238,μικρὸν,a little,1178
14026,110160239,καὶ,and,1178
14027,110160240,ὄψεσθέ,you will see,1178
14028,110160241,με,me,1178
14029,110160242,;,?,1178
14030,110160243,ἀμὴν,Amen,1179
14031,110160244,ἀμὴν,truly,1179
14032,110160245,λέγω,I say,1179
14033,110160246,ὑμῖν,you,1179
14034,110160247,ὅτι,that,1179
14035,110160248,κλαύσετε,you will weep,1179
14036,110160249,καὶ,and,1179
14037,110160250,θρηνήσετε,you will lament,1179
14038,110160251,ὑμεῖς,you,1179
14039,110160252,",",",",1179
14040,110160253,ὁ,the,1179
14041,110160254,δὲ,but,1179
14042,110160255,κόσμος,world,1179
14043,110160256,χαρήσεται,will rejoice,1179
14044,110160257,.,.,1179
14045,110160258,ὑμεῖς,you,1180
14046,110160259,λυπηθήσεσθε,you will be grieved,1180
14047,110160260,",",",",1180
14048,110160261,ἀλλ’,but,1180
14049,110160262,ἡ,the,1180
14050,110160263,λύπη,grief,1180
14051,110160264,ὑμῶν,your,1180
14052,110160265,εἰς,into,1180
14053,110160266,χαρὰν,joy,1180
14054,110160267,γενήσεται,will become,1180
14055,110160268,.,.,1180
14056,110160269,ἡ,the,1181
14057,110160270,γυνὴ,woman,1181
14058,110160271,ὅταν,when,1181
14059,110160272,τίκτῃ,gives birth,1181
14060,110160273,λύπην,grief,1181
14061,110160274,ἔχει,has,1181
14062,110160275,",",",",1181
14063,110160276,ὅτι,because,1181
14064,110160277,ἦλθεν,came,1181
14065,110160278,ἡ,the,1181
14066,110160279,ὥρα,hour,1181
14067,110160280,αὐτῆς,her,1181
14068,110160281,.,.,1181
14069,110160282,ὅταν,when,1182
14070,110160283,δὲ,but,1182
14071,110160284,γεννήσῃ,he/she/it begets,1182
14072,110160285,τὸ,the,1182
14073,110160286,παιδίον,child,1182
14074,110160287,",",",",1182
14075,110160288,οὐκέτι,no longer,1182
14076,110160289,μνημονεύει,remembers,1182
14077,110160290,τῆς,the,1182
14078,110160291,θλίψεως,of affliction,1182
14079,110160292,διὰ,because of,1182
14080,110160293,τὴν,the,1182
14081,110160294,χαρὰν,joy,1182
14082,110160295,ὅτι,because,1182
14083,110160296,ἐγεννήθη,was born,1182
14084,110160297,ἄνθρωπος,a man,1182
14085,110160298,εἰς,into,1182
14086,110160299,τὸν,the,1182
14087,110160300,κόσμον,world,1182
14088,110160301,.,.,1182
14089,110160302,καὶ,and,1183
14090,110160303,ὑμεῖς,you,1183
14091,110160304,οὖν,therefore,1183
14092,110160305,νῦν,now,1183
14093,110160306,μὲν,indeed,1183
14094,110160307,λύπην,grief,1183
14095,110160308,ἔχετε,have,1183
14096,110160309,.,.,1183
14097,110160310,πάλιν,again,1184
14098,110160311,δὲ,but,1184
14099,110160312,ὄψομαι,I shall see,1184
14100,110160313,ὑμᾶς,you,1184
14101,110160314,",",",",1184
14102,110160315,καὶ,and,1184
14103,110160316,χαρήσεται,will rejoice,1184
14104,110160317,ὑμῶν,your,1184
14105,110160318,ἡ,the,1184
14106,110160319,καρδία,heart,1184
14107,110160320,",",",",1184
14108,110160321,καὶ,and,1184
14109,110160322,τὴν,the,1184
14110,110160323,χαρὰν,joy,1184
14111,110160324,ὑμῶν,your,1184
14112,110160325,οὐδεὶς,no one,1184
14113,110160326,αἴρει,will take away,1184
14114,110160327,ἀφ',from,1184
14115,110160328,ὑμῶν,you,1184
14116,110160329,.,.,1184
14117,110160330,καὶ,and,1185
14118,110160331,ἐν,in,1185
14119,110160332,ἐκείνῃ,that,1185
14120,110160333,τῇ,the,1185
14121,110160334,ἡμέρᾳ,day,1185
14122,110160335,ἐμὲ,me,1185
14123,110160336,οὐκ,not,1185
14124,110160337,ἐρωτήσετε,you will ask,1185
14125,110160338,οὐδέν,nothing,1185
14126,110160339,.,.,1185
14127,110160340,ἀμὴν,Amen,1186
14128,110160341,ἀμὴν,truly,1186
14129,110160342,λέγω,I say,1186
14130,110160343,ὑμῖν,you,1186
14131,110160344,",",",",1186
14132,110160345,ἄν,if,1186
14133,110160346,τι,anything,1186
14134,110160347,αἰτήσητε,ask,1186
14135,110160348,τὸν,the,1186
14136,110160349,πατέρα,father,1186
14137,110160350,",",",",1186
14138,110160351,δώσει,will give,1186
14139,110160352,ὑμῖν,you,1186
14140,110160353,ἐν,in,1186
14141,110160354,τῷ,the,1186
14142,110160355,ὀνόματί,name,1186
14143,110160356,μου,my,1186
14144,110160357,.,.,1186
14145,110160358,ἕως,until,1187
14146,110160359,ἄρτι,until now,1187
14147,110160360,οὐκ,not,1187
14148,110160361,ᾐτήσατε,you asked,1187
14149,110160362,οὐδὲν,nothing,1187
14150,110160363,ἐν,in,1187
14151,110160364,τῷ,the,1187
14152,110160365,ὀνόματί,name,1187
14153,110160366,μου,my,1187
14154,110160367,.,.,1187
14155,110160368,αἰτεῖτε,ask,1188
14156,110160369,καὶ,and,1188
14157,110160370,λήμψεσθε,you will receive,1188
14158,110160371,",",",",1188
14159,110160372,ἵνα,so that,1188
14160,110160373,ἡ,the,1188
14161,110160374,χαρὰ,joy,1188
14162,110160375,ὑμῶν,your,1188
14163,110160376,ᾖ,is,1188
14164,110160377,πεπληρωμένη,having been filled,1188
14165,110160378,.,.,1188
14166,110160379,ταῦτα,these things,1189
14167,110160380,ἐν,in,1189
14168,110160381,παροιμίαις,in proverbs,1189
14169,110160382,λελάληκα,have spoken,1189
14170,110160383,ὑμῖν,you,1189
14171,110160384,.,.,1189
14172,110160385,ἔρχεται,comes,1190
14173,110160386,ὥρα,hour,1190
14174,110160387,ὅτε,when,1190
14175,110160388,οὐκέτι,no longer,1190
14176,110160389,ἐν,in,1190
14177,110160390,παροιμίαις,proverbs,1190
14178,110160391,λαλήσω,speak,1190
14179,110160392,ὑμῖν,you,1190
14180,110160393,",",",",1190
14181,110160394,ἀλλὰ,but,1190
14182,110160395,παρρησίᾳ,boldly,1190
14183,110160396,περὶ,about,1190
14184,110160397,τοῦ,the,1190
14185,110160398,πατρὸς,of the father,1190
14186,110160399,ἀπαγγελῶ,I will declare,1190
14187,110160400,ὑμῖν,you,1190
14188,110160401,.,.,1190
14189,110160402,ἐν,in,1191
14190,110160403,ἐκείνῃ,that,1191
14191,110160404,τῇ,the,1191
14192,110160405,ἡμέρᾳ,day,1191
14193,110160406,ἐν,in,1191
14194,110160407,τῷ,the,1191
14195,110160408,ὀνόματί,name,1191
14196,110160409,μου,my,1191
14197,110160410,αἰτήσεσθε,you will ask,1191
14198,110160411,",",",",1191
14199,110160412,καὶ,and,1191
14200,110160413,οὐ,not,1191
14201,110160414,λέγω,say,1191
14202,110160415,ὑμῖν,you,1191
14203,110160416,ὅτι,that,1191
14204,110160417,ἐγὼ,I,1191
14205,110160418,ἐρωτήσω,will ask,1191
14206,110160419,τὸν,the,1191
14207,110160420,πατέρα,father,1191
14208,110160421,περὶ,concerning,1191
14209,110160422,ὑμῶν,you,1191
14210,110160423,.,.,1191
14211,110160424,αὐτὸς,he,1192
14212,110160425,γὰρ,for,1192
14213,110160426,ὁ,the,1192
14214,110160427,πατὴρ,father,1192
14215,110160428,φιλεῖ,loves,1192
14216,110160429,ὑμᾶς,you,1192
14217,110160430,",",",",1192
14218,110160431,ὅτι,because,1192
14219,110160432,ὑμεῖς,you,1192
14220,110160433,ἐμὲ,me,1192
14221,110160434,πεφιλήκατε,have loved,1192
14222,110160435,καὶ,and,1192
14223,110160436,πεπιστεύκατε,have believed,1192
14224,110160437,ὅτι,that,1192
14225,110160438,ἐγὼ,I,1192
14226,110160439,παρὰ,from,1192
14227,110160440,τοῦ,the,1192
14228,110160441,θεοῦ,God,1192
14229,110160442,ἐξῆλθον,came,1192
14230,110160443,.,.,1192
14231,110160444,ἐξῆλθον,I came out,1193
14232,110160445,ἐκ,from,1193
14233,110160446,τοῦ,the,1193
14234,110160447,πατρὸς,of the father,1193
14235,110160448,καὶ,and,1193
14236,110160449,ἐλήλυθα,I have come,1193
14237,110160450,εἰς,into,1193
14238,110160451,τὸν,the,1193
14239,110160452,κόσμον,world,1193
14240,110160453,.,.,1193
14241,110160454,πάλιν,again,1194
14242,110160455,ἀφίημι,leave,1194
14243,110160456,τὸν,the,1194
14244,110160457,κόσμον,universe,1194
14245,110160458,καὶ,and,1194
14246,110160459,πορεύομαι,I go,1194
14247,110160460,πρὸς,toward,1194
14248,110160461,τὸν,the,1194
14249,110160462,πατέρα,father,1194
14250,110160463,.,.,1194
14251,110160464,λέγουσιν,they say,1195
14252,110160465,οἱ,the,1195
14253,110160466,μαθηταὶ,disciples,1195
14254,110160467,αὐτοῦ,his,1195
14255,110160468,.,.,1195
14256,110160469,ἴδε,See,1196
14257,110160470,νῦν,now,1196
14258,110160471,ἐν,in,1196
14259,110160472,παρρησίᾳ,boldness,1196
14260,110160473,λαλεῖς,speaking,1196
14261,110160474,",",",",1196
14262,110160475,καὶ,and,1196
14263,110160476,παροιμίαν,proverb,1196
14264,110160477,οὐδεμίαν,no,1196
14265,110160478,λέγεις,you say,1196
14266,110160479,.,.,1196
14267,110160480,νῦν,now,1197
14268,110160481,οἴδαμεν,we know,1197
14269,110160482,ὅτι,that,1197
14270,110160483,οἶδας,you know,1197
14271,110160484,πάντα,all,1197
14272,110160485,καὶ,and,1197
14273,110160486,οὐ,not,1197
14274,110160487,χρείαν,need,1197
14275,110160488,ἔχεις,have,1197
14276,110160489,ἵνα,that,1197
14277,110160490,τις,someone,1197
14278,110160491,σε,you,1197
14279,110160492,ἐρωτᾷ,ask,1197
14280,110160493,.,.,1197
14281,110160494,ἐν,in,1198
14282,110160495,τούτῳ,this,1198
14283,110160496,πιστεύομεν,we believe,1198
14284,110160497,ὅτι,that,1198
14285,110160498,ἀπὸ,from,1198
14286,110160499,θεοῦ,God,1198
14287,110160500,ἐξῆλθες,you came out,1198
14288,110160501,.,.,1198
14289,110160502,ἀπεκρίθη,answered,1199
14290,110160503,αὐτοῖς,them,1199
14291,110160504,Ἰησοῦς,Jesus,1199
14292,110160505,.,.,1199
14293,110160506,ἄρτι,just now,1200
14294,110160507,πιστεύετε,believe,1200
14295,110160508,;,?,1200
14296,110160509,ἰδοὺ,behold,1201
14297,110160510,ἔρχεται,comes,1201
14298,110160511,ὥρα,hour,1201
14299,110160512,καὶ,and,1201
14300,110160513,ἐλήλυθεν,has come,1201
14301,110160514,ἵνα,that,1201
14302,110160515,σκορπισθῆτε,be scattered,1201
14303,110160516,ἕκαστος,each,1201
14304,110160517,εἰς,into,1201
14305,110160518,τὰ,the,1201
14306,110160519,ἴδια,own things,1201
14307,110160520,κα-,and,1201
14308,110160521,κἀμὲ,me,1201
14309,110160522,μόνον,only,1201
14310,110160523,ἀφῆτε,leave,1201
14311,110160524,.,.,1201
14312,110160525,καὶ,and,1202
14313,110160526,οὐκ,not,1202
14314,110160527,εἰμὶ,am,1202
14315,110160528,μόνος,alone,1202
14316,110160529,",",",",1202
14317,110160530,ὅτι,because,1202
14318,110160531,ὁ,the,1202
14319,110160532,πατὴρ,father,1202
14320,110160533,μετ’,with,1202
14321,110160534,ἐμοῦ,me,1202
14322,110160535,ἐστιν,is,1202
14323,110160536,.,.,1202
14324,110160537,ταῦτα,these things,1203
14325,110160538,λελάληκα,I have spoken,1203
14326,110160539,ὑμῖν,to you,1203
14327,110160540,ἵνα,so that,1203
14328,110160541,ἐν,in,1203
14329,110160542,ἐμοὶ,me,1203
14330,110160543,εἰρήνην,peace,1203
14331,110160544,ἔχητε,you may have,1203
14332,110160545,.,.,1203
14333,110160546,ἐν,in,1204
14334,110160547,τῷ,the,1204
14335,110160548,κόσμῳ,world,1204
14336,110160549,θλῖψιν,tribulation,1204
14337,110160550,ἔχετε,you have,1204
14338,110160551,.,.,1204
14339,110160552,ἀλλὰ,but,1205
14340,110160553,θαρσεῖτε,take heart,1205
14341,110160554,",",",",1205
14342,110160555,ἐγὼ,I,1205
14343,110160556,νενίκηκα,I have conquered,1205
14344,110160557,τὸν,the,1205
14345,110160558,κόσμον,universe,1205
14346,110160559,.,.,1205
14347,110160560,ταῦτα,these things,1206
14348,110160561,ἐλάλησεν,spoke,1206
14349,110160562,Ἰησοῦς,Jesus,1206
14350,110160563,",",",",1206
14351,110160564,καὶ,and,1206
14352,110160565,ἐπάρας,having raised,1206
14353,110160566,τοὺς,the,1206
14354,110160567,ὀφθαλμοὺς,eyes,1206
14355,110160568,αὐτοῦ,his,1206
14356,110160569,εἰς,toward,1206
14357,110160570,τὸν,the,1206
14358,110160571,οὐρανὸν,heaven,1206
14359,110160572,εἶπεν,said,1206
14360,110160573,.,.,1206
14361,110160574,πάτερ,Father,1207
14362,110160575,",",",",1207
14363,110160576,ἐλήλυθεν,has come,1207
14364,110160577,ἡ,the,1207
14365,110160578,ὥρα,hour,1207
14366,110160579,.,.,1207
14367,110160580,δόξασόν,glorify,1208
14368,110160581,σου,your,1208
14369,110160582,τὸν,the,1208
14370,110160583,υἱόν,son,1208
14371,110160584,",",",",1208
14372,110160585,ἵνα,so that,1208
14373,110160586,ὁ,the,1208
14374,110160587,υἱὸς,Son,1208
14375,110160588,δοξάσῃ,glorify,1208
14376,110160589,σέ,you,1208
14377,110160590,",",",",1208
14378,110160591,καθὼς,as,1208
14379,110160592,ἔδωκας,you gave,1208
14380,110160593,αὐτῷ,him,1208
14381,110160594,ἐξουσίαν,authority,1208
14382,110160595,πάσης,all,1208
14383,110160596,σαρκός,flesh,1208
14384,110160597,",",",",1208
14385,110160598,ἵνα,so that,1208
14386,110160599,πᾶν,all,1208
14387,110160600,ὃ,whatever,1208
14388,110160601,δέδωκας,you have given,1208
14389,110160602,αὐτῷ,him,1208
14390,110160603,δώσῃ,may give,1208
14391,110160604,αὐτοῖς,them,1208
14392,110160605,ζωὴν,life,1208
14393,110160606,αἰώνιον,eternal,1208
14394,110160607,.,.,1208
14395,110160608,αὕτη,this,1209
14396,110160609,δέ,but,1209
14397,110160610,ἐστιν,is,1209
14398,110160611,ἡ,the,1209
14399,110160612,αἰώνιος,eternal,1209
14400,110160613,ζωή,life,1209
14401,110160614,",",",",1209
14402,110160615,ἵνα,that,1209
14403,110160616,γινώσκωσιν,they may know,1209
14404,110160617,σὲ,you,1209
14405,110160618,τὸν,the,1209
14406,110160619,μόνον,only,1209
14407,110160620,ἀληθινὸν,true,1209
14408,110160621,θεὸν,God,1209
14409,110160622,καὶ,and,1209
14410,110160623,ὃν,whom,1209
14411,110160624,ἀπέστειλας,you sent,1209
14412,110160625,Ἰησοῦν,Jesus,1209
14413,110160626,Χριστόν,Christ,1209
14414,110160627,.,.,1209
14415,110160628,ἐγώ,I,1210
14416,110160629,σε,you,1210
14417,110160630,ἐδόξασα,glorified,1210
14418,110160631,ἐπὶ,on,1210
14419,110160632,τῆς,the,1210
14420,110160633,γῆς,earth,1210
14421,110160634,",",",",1210
14422,110160635,τὸ,the,1210
14423,110160636,ἔργον,work,1210
14424,110160637,τελειώσας,having completed,1210
14425,110160638,ὃ,which,1210
14426,110160639,δέδωκάς,you have given,1210
14427,110160640,μοι,to me,1210
14428,110160641,ἵνα,that,1210
14429,110160642,ποιήσω,do,1210
14430,110160643,.,.,1210
14431,110160644,καὶ,and,1211
14432,110160645,νῦν,now,1211
14433,110160646,δόξασόν,glorify,1211
14434,110160647,με,me,1211
14435,110160648,σύ,you,1211
14436,110160649,",",",",1211
14437,110160650,πάτερ,Father,1211
14438,110160651,",",",",1211
14439,110160652,παρὰ,before,1211
14440,110160653,σεαυτῷ,yourself,1211
14441,110160654,τῇ,the,1211
14442,110160655,δόξῃ,glory,1211
14443,110160656,ᾗ,which,1211
14444,110160657,εἶχον,had,1211
14445,110160658,πρὸ,before,1211
14446,110160659,τοῦ,the,1211
14447,110160660,τὸν,the,1211
14448,110160661,κόσμον,world,1211
14449,110160662,εἶναι,to be,1211
14450,110160663,παρὰ,beside,1211
14451,110160664,σοί,you,1211
14452,110160665,.,.,1211
14453,110160666,ἐφανέρωσά,made known,1212
14454,110160667,σου,your,1212
14455,110160668,τὸ,the,1212
14456,110160669,ὄνομα,name,1212
14457,110160670,τοῖς,the,1212
14458,110160671,ἀνθρώποις,people,1212
14459,110160672,οὓς,whom,1212
14460,110160673,ἔδωκάς,gave,1212
14461,110160674,μοι,me,1212
14462,110160675,ἐκ,from,1212
14463,110160676,τοῦ,of the,1212
14464,110160677,κόσμου,world,1212
14465,110160678,.,.,1212
14466,110160679,σοὶ,you,1213
14467,110160680,ἦσαν,were,1213
14468,110160681,καὶ,and,1213
14469,110160682,ἐμοὶ,to me,1213
14470,110160683,αὐτοὺς,them,1213
14471,110160684,ἔδωκας,you gave,1213
14472,110160685,",",",",1213
14473,110160686,καὶ,and,1213
14474,110160687,τὸν,the,1213
14475,110160688,λόγον,word,1213
14476,110160689,σου,your,1213
14477,110160690,τετήρηκαν,they have kept,1213
14478,110160691,.,.,1213
14479,110160692,νῦν,now,1214
14480,110160693,ἔγνωκαν,they have come to know,1214
14481,110160694,ὅτι,that,1214
14482,110160695,πάντα,all things,1214
14483,110160696,ὅσα,whatever,1214
14484,110160697,δέδωκάς,you have given,1214
14485,110160698,μοι,to me,1214
14486,110160699,παρὰ,from,1214
14487,110160700,σοῦ,yours,1214
14488,110160701,εἰσίν,are,1214
14489,110160702,.,.,1214
14490,110160703,ὅτι,that,1215
14491,110160704,τὰ,the,1215
14492,110160705,ῥήματα,words,1215
14493,110160706,ἃ,which,1215
14494,110160707,ἔδωκάς,you gave,1215
14495,110160708,μοι,to me,1215
14496,110160709,δέδωκα,have given,1215
14497,110160710,αὐτοῖς,them,1215
14498,110160711,",",",",1215
14499,110160712,καὶ,and,1215
14500,110160713,αὐτοὶ,they,1215
14501,110160714,ἔλαβον,received,1215
14502,110160715,",",",",1215
14503,110160716,καὶ,and,1215
14504,110160717,ἔγνωσαν,they knew,1215
14505,110160718,ἀληθῶς,truly,1215
14506,110160719,ὅτι,that,1215
14507,110160720,παρὰ,from,1215
14508,110160721,σοῦ,of you,1215
14509,110160722,ἐξῆλθον,came,1215
14510,110160723,",",",",1215
14511,110160724,καὶ,and,1215
14512,110160725,ἐπίστευσαν,believed,1215
14513,110160726,ὅτι,that,1215
14514,110160727,σύ,you,1215
14515,110160728,με,me,1215
14516,110160729,ἀπέστειλας,sent,1215
14517,110160730,.,.,1215
14518,110160731,ἐγὼ,I,1216
14519,110160732,περὶ,about,1216
14520,110160733,αὐτῶν,them,1216
14521,110160734,ἐρωτῶ,I ask,1216
14522,110160735,.,.,1216
14523,110160736,οὐ,not,1217
14524,110160737,περὶ,about,1217
14525,110160738,τοῦ,the,1217
14526,110160739,κόσμου,universe,1217
14527,110160740,ἐρωτῶ,I ask,1217
14528,110160741,",",",",1217
14529,110160742,ἀλλὰ,but,1217
14530,110160743,περὶ,about,1217
14531,110160744,ὧν,of which,1217
14532,110160745,δέδωκάς,you have given,1217
14533,110160746,μοι,to me,1217
14534,110160747,",",",",1217
14535,110160748,ὅτι,that,1217
14536,110160749,σοί,you,1217
14537,110160750,εἰσίν,are,1217
14538,110160751,",",",",1217
14539,110160752,καὶ,and,1217
14540,110160753,τὰ,the,1217
14541,110160754,ἐμὰ,my things,1217
14542,110160755,πάντα,all,1217
14543,110160756,σά,yours,1217
14544,110160757,ἐστιν,are,1217
14545,110160758,καὶ,and,1217
14546,110160759,τὰ,the,1217
14547,110160760,σὰ,yours,1217
14548,110160761,ἐμά,mine,1217
14549,110160762,",",",",1217
14550,110160763,καὶ,and,1217
14551,110160764,δεδόξασμαι,have been glorified,1217
14552,110160765,ἐν,in,1217
14553,110160766,αὐτοῖς,them,1217
14554,110160767,.,.,1217
14555,110160768,καὶ,and,1218
14556,110160769,οὐκέτι,no longer,1218
14557,110160770,εἰμὶ,am,1218
14558,110160771,ἐν,in,1218
14559,110160772,τῷ,the,1218
14560,110160773,κόσμῳ,world,1218
14561,110160774,",",",",1218
14562,110160775,καὶ,and,1218
14563,110160776,αὐτοὶ,they,1218
14564,110160777,ἐν,in,1218
14565,110160778,τῷ,the,1218
14566,110160779,κόσμῳ,world,1218
14567,110160780,εἰσίν,are,1218
14568,110160781,",",",",1218
14569,110160782,κα-,and,1218
14570,110160783,κἀγὼ,but I,1218
14571,110160784,πρὸς,to,1218
14572,110160785,σὲ,you,1218
14573,110160786,ἔρχομαι,I am coming,1218
14574,110160787,.,.,1218
14575,110160788,πάτερ,Father,1219
14576,110160789,ἅγιε,holy,1219
14577,110160790,",",",",1219
14578,110160791,τήρησον,keep,1219
14579,110160792,αὐτοὺς,them,1219
14580,110160793,ἐν,in,1219
14581,110160794,τῷ,the,1219
14582,110160795,ὀνόματί,name,1219
14583,110160796,σου,your,1219
14584,110160797,ᾧ,which,1219
14585,110160798,δέδωκάς,you have given,1219
14586,110160799,μοι,me,1219
14587,110160800,",",",",1219
14588,110160801,ἵνα,that,1219
14589,110160802,ὦσιν,they may be,1219
14590,110160803,ἓν,one,1219
14591,110160804,καθὼς,just as,1219
14592,110160805,ἡμεῖς,we,1219
14593,110160806,.,.,1219
14594,110160807,ὅτε,when,1220
14595,110160808,ἤμην,was,1220
14596,110160809,μετ’,with,1220
14597,110160810,αὐτῶν,them,1220
14598,110160811,ἐγὼ,I,1220
14599,110160812,ἐτήρουν,I was guarding,1220
14600,110160813,αὐτοὺς,them,1220
14601,110160814,ἐν,in,1220
14602,110160815,τῷ,the,1220
14603,110160816,ὀνόματί,name,1220
14604,110160817,σου,your,1220
14605,110160818,ᾧ,which,1220
14606,110160819,δέδωκάς,you have given,1220
14607,110160820,μοι,to me,1220
14608,110160821,",",",",1220
14609,110160822,καὶ,and,1220
14610,110160823,ἐφύλαξα,I guarded,1220
14611,110160824,",",",",1220
14612,110160825,καὶ,and,1220
14613,110160826,οὐδεὶς,no one,1220
14614,110160827,ἐξ,from,1220
14615,110160828,αὐτῶν,them,1220
14616,110160829,ἀπώλετο,was lost,1220
14617,110160830,εἰ,except,1220
14618,110160831,μὴ,except,1220
14619,110160832,ὁ,the,1220
14620,110160833,υἱὸς,son,1220
14621,110160834,τῆς,of the,1220
14622,110160835,ἀπωλείας,destruction,1220
14623,110160836,",",",",1220
14624,110160837,ἵνα,in order that,1220
14625,110160838,ἡ,the,1220
14626,110160839,γραφὴ,Scripture,1220
14627,110160840,πληρωθῇ,be fulfilled,1220
14628,110160841,.,.,1220
14629,110160842,νῦν,now,1221
14630,110160843,δὲ,but,1221
14631,110160844,πρὸς,to,1221
14632,110160845,σὲ,you,1221
14633,110160846,ἔρχομαι,I am coming,1221
14634,110160847,",",",",1221
14635,110160848,καὶ,and,1221
14636,110160849,ταῦτα,these things,1221
14637,110160850,λαλῶ,speak,1221
14638,110160851,ἐν,in,1221
14639,110160852,τῷ,the,1221
14640,110160853,κόσμῳ,world,1221
14641,110160854,ἵνα,so that,1221
14642,110160855,ἔχωσιν,have,1221
14643,110160856,τὴν,the,1221
14644,110160857,χαρὰν,joy,1221
14645,110160858,τὴν,the,1221
14646,110160859,ἐμὴν,my,1221
14647,110160860,πεπληρωμένην,having been filled,1221
14648,110160861,ἐν,in,1221
14649,110160862,ἑαυτοῖς,themselves,1221
14650,110160863,.,.,1221
14651,110160864,ἐγὼ,I,1222
14652,110160865,δέδωκα,I have given,1222
14653,110160866,αὐτοῖς,them,1222
14654,110160867,τὸν,the,1222
14655,110160868,λόγον,word,1222
14656,110160869,σου,your,1222
14657,110160870,",",",",1222
14658,110160871,καὶ,and,1222
14659,110160872,ὁ,the,1222
14660,110160873,κόσμος,world,1222
14661,110160874,ἐμίσησεν,hated,1222
14662,110160875,αὐτούς,them,1222
14663,110160876,",",",",1222
14664,110160877,ὅτι,because,1222
14665,110160878,οὐκ,not,1222
14666,110160879,εἰσὶν,are,1222
14667,110160880,ἐκ,out of,1222
14668,110160881,τοῦ,the,1222
14669,110160882,κόσμου,world,1222
14670,110160883,καθὼς,just as,1222
14671,110160884,ἐγὼ,I,1222
14672,110160885,οὐκ,not,1222
14673,110160886,εἰμὶ,am,1222
14674,110160887,ἐκ,out of,1222
14675,110160888,τοῦ,the,1222
14676,110160889,κόσμου,world,1222
14677,110160890,.,.,1222
14678,110160891,οὐκ,not,1223
14679,110160892,ἐρωτῶ,I ask,1223
14680,110160893,ἵνα,that,1223
14681,110160894,ἄρῃς,take,1223
14682,110160895,αὐτοὺς,them,1223
14683,110160896,ἐκ,out of,1223
14684,110160897,τοῦ,the,1223
14685,110160898,κόσμου,world,1223
14686,110160899,ἀλλ’,but,1223
14687,110160900,ἵνα,that,1223
14688,110160901,τηρήσῃς,you keep,1223
14689,110160902,αὐτοὺς,them,1223
14690,110160903,ἐκ,from,1223
14691,110160904,τοῦ,the,1223
14692,110160905,πονηροῦ,evil one,1223
14693,110160906,.,.,1223
14694,110160907,ἐκ,out of,1224
14695,110160908,τοῦ,the,1224
14696,110160909,κόσμου,of the world,1224
14697,110160910,οὐκ,not,1224
14698,110160911,εἰσὶν,are,1224
14699,110160912,καθὼς,just as,1224
14700,110160913,ἐγὼ,I,1224
14701,110160914,οὐκ,not,1224
14702,110160915,εἰμὶ,am,1224
14703,110160916,ἐκ,out of,1224
14704,110160917,τοῦ,the,1224
14705,110160918,κόσμου,world,1224
14706,110160919,.,.,1224
14707,110160920,ἁγίασον,sanctify,1225
14708,110160921,αὐτοὺς,them,1225
14709,110160922,ἐν,in,1225
14710,110160923,τῇ,the,1225
14711,110160924,ἀληθείᾳ,truth,1225
14712,110160925,.,.,1225
14713,110160926,ὁ,the,1226
14714,110160927,λόγος,word,1226
14715,110160928,ὁ,the,1226
14716,110160929,σὸς,your,1226
14717,110160930,ἀλήθειά,truth,1226
14718,110160931,ἐστιν,is,1226
14719,110160932,.,.,1226
14720,110160933,καθὼς,just as,1227
14721,110160934,ἐμὲ,me,1227
14722,110160935,ἀπέστειλας,you sent,1227
14723,110160936,εἰς,into,1227
14724,110160937,τὸν,the,1227
14725,110160938,κόσμον,world,1227
14726,110160939,",",",",1227
14727,110160940,κα-,and,1227
14728,110160941,κἀγὼ,and I,1227
14729,110160942,ἀπέστειλα,I sent,1227
14730,110160943,αὐτοὺς,them,1227
14731,110160944,εἰς,into,1227
14732,110160945,τὸν,the,1227
14733,110160946,κόσμον,world,1227
14734,110160947,.,.,1227
14735,110160948,καὶ,and,1228
14736,110160949,ὑπὲρ,on behalf of,1228
14737,110160950,αὐτῶν,them,1228
14738,110160951,ἁγιάζω,sanctify,1228
14739,110160952,ἐμαυτόν,myself,1228
14740,110160953,",",",",1228
14741,110160954,ἵνα,that,1228
14742,110160955,ὦσιν,may be,1228
14743,110160956,καὶ,and,1228
14744,110160957,αὐτοὶ,they,1228
14745,110160958,ἡγιασμένοι,having been sanctified,1228
14746,110160959,ἐν,in,1228
14747,110160960,ἀληθείᾳ,truth,1228
14748,110160961,.,.,1228
14749,110160962,οὐ,not,1229
14750,110160963,περὶ,about,1229
14751,110160964,τούτων,of these things,1229
14752,110160965,δὲ,but,1229
14753,110160966,ἐρωτῶ,I ask,1229
14754,110160967,μόνον,only,1229
14755,110160968,",",",",1229
14756,110160969,ἀλλὰ,but,1229
14757,110160970,καὶ,also,1229
14758,110160971,περὶ,about,1229
14759,110160972,τῶν,the,1229
14760,110160973,πιστευόντων,believing,1229
14761,110160974,διὰ,through,1229
14762,110160975,τοῦ,the,1229
14763,110160976,λόγου,word,1229
14764,110160977,αὐτῶν,their,1229
14765,110160978,εἰς,into,1229
14766,110160979,ἐμέ,me,1229
14767,110160980,",",",",1229
14768,110160981,ἵνα,that,1229
14769,110160982,πάντες,all,1229
14770,110160983,ἓν,in,1229
14771,110160984,ὦσιν,may be,1229
14772,110160985,",",",",1229
14773,110160986,καθὼς,just as,1229
14774,110160987,σύ,you,1229
14775,110160988,πατὴρ,Father,1229
14776,110160989,ἐν,in,1229
14777,110160990,ἐμοὶ,me,1229
14778,110160991,κα-,and,1229
14779,110160992,κἀγὼ,and I,1229
14780,110160993,ἐν,in,1229
14781,110160994,σοί,you,1229
14782,110160995,",",",",1229
14783,110160996,ἵνα,that,1229
14784,110160997,καὶ,and,1229
14785,110160998,αὐτοὶ,they,1229
14786,110160999,ἐν,in,1229
14787,110161000,ἡμῖν,us,1229
14788,110161001,ὦσιν,be,1229
14789,110161002,",",",",1229
14790,110161003,ἵνα,that,1229
14791,110161004,ὁ,the,1229
14792,110161005,κόσμος,world,1229
14793,110161006,πιστεύῃ,believes,1229
14794,110161007,ὅτι,that,1229
14795,110161008,σύ,you,1229
14796,110161009,με,me,1229
14797,110161010,ἀπέστειλας,you sent,1229
14798,110161011,.,.,1229
14799,110161012,κα-,and,1230
14800,110161013,κἀγὼ,I also,1230
14801,110161014,τὴν,the,1230
14802,110161015,δόξαν,glory,1230
14803,110161016,ἣν,which,1230
14804,110161017,δέδωκάς,having given,1230
14805,110161018,μοι,to me,1230
14806,110161019,δέδωκα,I have given,1230
14807,110161020,αὐτοῖς,them,1230
14808,110161021,",",",",1230
14809,110161022,ἵνα,so that,1230
14810,110161023,ὦσιν,they may be,1230
14811,110161024,ἓν,one,1230
14812,110161025,καθὼς,as,1230
14813,110161026,ἡμεῖς,we,1230
14814,110161027,ἕν,one,1230
14815,110161028,.,.,1230
14816,110161029,ἐγὼ,I,1231
14817,110161030,ἐν,in,1231
14818,110161031,αὐτοῖς,them,1231
14819,110161032,καὶ,and,1231
14820,110161033,σὺ,you,1231
14821,110161034,ἐν,in,1231
14822,110161035,ἐμοί,me,1231
14823,110161036,",",",",1231
14824,110161037,ἵνα,that,1231
14825,110161038,ὦσιν,may be,1231
14826,110161039,τετελειωμένοι,having been made perfect,1231
14827,110161040,εἰς,into,1231
14828,110161041,ἕν,one,1231
14829,110161042,",",",",1231
14830,110161043,ἵνα,that,1231
14831,110161044,γινώσκῃ,may know,1231
14832,110161045,ὁ,the,1231
14833,110161046,κόσμος,world,1231
14834,110161047,ὅτι,that,1231
14835,110161048,σύ,you,1231
14836,110161049,με,me,1231
14837,110161050,ἀπέστειλας,sent,1231
14838,110161051,καὶ,and,1231
14839,110161052,ἠγάπησας,loved,1231
14840,110161053,αὐτοὺς,them,1231
14841,110161054,καθὼς,as,1231
14842,110161055,ἐμὲ,me,1231
14843,110161056,ἠγάπησας,loved,1231
14844,110161057,.,.,1231
14845,110161058,πατήρ,Father,1232
14846,110161059,",",",",1232
14847,110161060,ὃ,whom,1232
14848,110161061,δέδωκάς,having given,1232
14849,110161062,μοι,to me,1232
14850,110161063,",",",",1232
14851,110161064,θέλω,wish,1232
14852,110161065,ἵνα,that,1232
14853,110161066,ὅπου,where,1232
14854,110161067,εἰμὶ,am,1232
14855,110161068,ἐγὼ,I,1232
14856,110161069,κα-,and,1232
14857,110161070,κἀκεῖνοι,and those,1232
14858,110161071,ὦσιν,were,1232
14859,110161072,μετ’,with,1232
14860,110161073,ἐμοῦ,me,1232
14861,110161074,",",",",1232
14862,110161075,ἵνα,so that,1232
14863,110161076,θεωρῶσιν,they may see,1232
14864,110161077,τὴν,the,1232
14865,110161078,δόξαν,glory,1232
14866,110161079,τὴν,the,1232
14867,110161080,ἐμήν,my,1232
14868,110161081,",",",",1232
14869,110161082,ἣν,whom,1232
14870,110161083,δέδωκάς,having given,1232
14871,110161084,μοι,me,1232
14872,110161085,",",",",1232
14873,110161086,ὅτι,because,1232
14874,110161087,ἠγάπησάς,loving,1232
14875,110161088,με,me,1232
14876,110161089,πρὸ,before,1232
14877,110161090,καταβολῆς,foundation,1232
14878,110161091,κόσμου,world,1232
14879,110161092,.,.,1232
14880,110161093,πατήρ,Father,1233
14881,110161094,δίκαιε,righteous,1233
14882,110161095,",",",",1233
14883,110161096,καὶ,and,1233
14884,110161097,ὁ,the,1233
14885,110161098,κόσμος,world,1233
14886,110161099,σε,you,1233
14887,110161100,οὐκ,not,1233
14888,110161101,ἔγνω,knew,1233
14889,110161102,",",",",1233
14890,110161103,ἐγὼ,I,1233
14891,110161104,δέ,but,1233
14892,110161105,σε,you,1233
14893,110161106,ἔγνων,I have known,1233
14894,110161107,",",",",1233
14895,110161108,καὶ,and,1233
14896,110161109,οὗτοι,these,1233
14897,110161110,ἔγνωσαν,they knew,1233
14898,110161111,ὅτι,that,1233
14899,110161112,σύ,you,1233
14900,110161113,με,me,1233
14901,110161114,ἀπέστειλας,you sent,1233
14902,110161115,.,.,1233
14903,110161116,καὶ,and,1234
14904,110161117,ἐγνώρισα,made known,1234
14905,110161118,αὐτοῖς,them,1234
14906,110161119,τὸ,the,1234
14907,110161120,ὄνομά,name,1234
14908,110161121,σου,your,1234
14909,110161122,καὶ,and,1234
14910,110161123,γνωρίσω,I will make known,1234
14911,110161124,",",",",1234
14912,110161125,ἵνα,so that,1234
14913,110161126,ἡ,the,1234
14914,110161127,ἀγάπη,love,1234
14915,110161128,ἣν,were,1234
14916,110161129,ἠγάπησάς,loved,1234
14917,110161130,με,me,1234
14918,110161131,ἐν,in,1234
14919,110161132,αὐτοῖς,them,1234
14920,110161133,ᾖ,I may be,1234
14921,110161134,κα-,and,1234
14922,110161135,κἀγὼ,and I,1234
14923,110161136,ἐν,in,1234
14924,110161137,αὐτοῖς,them,1234
14925,110161138,.,.,1234
14926,110161139,ταῦτα,these things,1235
14927,110161140,εἰπὼν,having said,1235
14928,110161141,Ἰησοῦς,Jesus,1235
14929,110161142,ἐξῆλθεν,went out,1235
14930,110161143,σὺν,with,1235
14931,110161144,τοῖς,the,1235
14932,110161145,μαθηταῖς,disciples,1235
14933,110161146,αὐτοῦ,his,1235
14934,110161147,πέραν,beyond,1235
14935,110161148,τοῦ,of the,1235
14936,110161149,χειμάρρου,brook,1235
14937,110161150,τοῦ,the,1235
14938,110161151,κέδρου,Cedron,1235
14939,110161152,",",",",1235
14940,110161153,ὅπου,where,1235
14941,110161154,ἦν,was,1235
14942,110161155,κῆπος,garden,1235
14943,110161156,",",",",1235
14944,110161157,εἰς,into,1235
14945,110161158,ὃν,whom,1235
14946,110161159,εἰσῆλθεν,entered,1235
14947,110161160,αὐτὸς,he,1235
14948,110161161,καὶ,and,1235
14949,110161162,οἱ,the,1235
14950,110161163,μαθηταὶ,disciples,1235
14951,110161164,αὐτοῦ,his,1235
14952,110161165,.,.,1235
14953,110161166,ᾔδει,knew,1236
14954,110161167,δὲ,but,1236
14955,110161168,καὶ,also,1236
14956,110161169,Ἰούδας,Judas,1236
14957,110161170,ὁ,the,1236
14958,110161171,παραδιδοὺς,handing over,1236
14959,110161172,αὐτὸν,him,1236
14960,110161173,τὸν,the,1236
14961,110161174,τόπον,place,1236
14962,110161175,",",",",1236
14963,110161176,ὅτι,that,1236
14964,110161177,πολλάκις,often,1236
14965,110161178,συνήχθη,was gathered,1236
14966,110161179,Ἰησοῦς,Jesus,1236
14967,110161180,ἐκεῖ,there,1236
14968,110161181,μετὰ,with,1236
14969,110161182,τῶν,the,1236
14970,110161183,μαθητῶν,disciples,1236
14971,110161184,αὐτοῦ,his,1236
14972,110161185,.,.,1236
14973,110161186,ὁ,the,1237
14974,110161187,οὖν,therefore,1237
14975,110161188,Ἰούδας,Judas,1237
14976,110161189,λαβὼν,having taken,1237
14977,110161190,τὴν,the,1237
14978,110161191,σπεῖραν,detachment,1237
14979,110161192,καὶ,and,1237
14980,110161193,ἐκ,from,1237
14981,110161194,τῶν,the,1237
14982,110161195,ἀρχιερέων,of high priests,1237
14983,110161196,καὶ,and,1237
14984,110161197,ἐκ,from,1237
14985,110161198,τῶν,of the,1237
14986,110161199,Φαρισαίων,Pharisees,1237
14987,110161200,ὑπηρέτας,officers,1237
14988,110161201,ἔρχεται,comes,1237
14989,110161202,ἐκεῖ,there,1237
14990,110161203,μετὰ,with,1237
14991,110161204,φανῶν,torches,1237
14992,110161205,καὶ,and,1237
14993,110161206,λαμπάδων,torches,1237
14994,110161207,καὶ,and,1237
14995,110161208,ὅπλων,weapons,1237
14996,110161209,.,.,1237
14997,110161210,Ἰησοῦς,Jesus,1238
14998,110161211,οὖν,therefore,1238
14999,110161212,εἰδὼς,knowing,1238
15000,110161213,πάντα,all,1238
15001,110161214,τὰ,the,1238
15002,110161215,ἐρχόμενα,coming,1238
15003,110161216,ἐπ’,against,1238
15004,110161217,αὐτὸν,him,1238
15005,110161218,ἐξῆλθεν,went out,1238
15006,110161219,καὶ,and,1238
15007,110161220,λέγει,says,1238
15008,110161221,αὐτοῖς,them,1238
15009,110161222,.,.,1238
15010,110161223,τίνα,whom,1239
15011,110161224,ζητεῖτε,are you seeking,1239
15012,110161225,;,?,1239
15013,110161226,ἀπεκρίθησαν,they answered,1240
15014,110161227,αὐτῷ,him,1240
15015,110161228,Ἰησοῦν,Jesus,1240
15016,110161229,τὸν,the,1240
15017,110161230,Ναζωραῖον,Nazorean,1240
15018,110161231,.,.,1240
15019,110161232,λέγει,says,1241
15020,110161233,αὐτοῖς,them,1241
15021,110161234,Ἰησοῦς,Jesus,1241
15022,110161235,.,.,1241
15023,110161236,ἐγώ,I,1242
15024,110161237,εἰμι,am,1242
15025,110161238,.,.,1242
15026,110161239,εἱστήκει,was standing,1243
15027,110161240,δὲ,but,1243
15028,110161241,καὶ,and,1243
15029,110161242,Ἰούδας,Judas,1243
15030,110161243,ὁ,the,1243
15031,110161244,παραδιδοὺς,handing over,1243
15032,110161245,αὐτὸν,him,1243
15033,110161246,μετ’,with,1243
15034,110161247,αὐτῶν,them,1243
15035,110161248,.,.,1243
15036,110161249,ὡς,so,1244
15037,110161250,οὖν,therefore,1244
15038,110161251,εἶπεν,said,1244
15039,110161252,αὐτοῖς,them,1244
15040,110161253,",",",",1244
15041,110161254,ἐγώ,I,1244
15042,110161255,εἰμι,am,1244
15043,110161256,",",",",1244
15044,110161257,ἀπῆλθον,went away,1244
15045,110161258,εἰς,into,1244
15046,110161259,τὰ,the,1244
15047,110161260,ὀπίσω,behind,1244
15048,110161261,καὶ,and,1244
15049,110161262,ἔπεσαν,fell,1244
15050,110161263,χαμαί,to the ground,1244
15051,110161264,.,.,1244
15052,110161265,πάλιν,again,1245
15053,110161266,οὖν,therefore,1245
15054,110161267,αὐτούς,them,1245
15055,110161268,ἐπηρώτησεν,asked,1245
15056,110161269,.,.,1245
15057,110161270,τίνα,whom,1246
15058,110161271,ζητεῖτε,you are seeking,1246
15059,110161272,;,?,1246
15060,110161273,οἱ,they,1247
15061,110161274,δὲ,but,1247
15062,110161275,εἶπον,said,1247
15063,110161276,.,.,1247
15064,110161277,Ἰησοῦν,Jesus,1248
15065,110161278,τὸν,the,1248
15066,110161279,Ναζωραῖον,Nazarene,1248
15067,110161280,.,.,1248
15068,110161281,ἀπεκρίθη,answered,1249
15069,110161282,Ἰησοῦς,Jesus,1249
15070,110161283,.,.,1249
15071,110161284,εἶπον,said,1250
15072,110161285,ὑμῖν,you,1250
15073,110161286,ὅτι,that,1250
15074,110161287,ἐγώ,I,1250
15075,110161288,εἰμι,am,1250
15076,110161289,.,.,1250
15077,110161290,εἰ,if,1251
15078,110161291,οὖν,then,1251
15079,110161292,ἐμὲ,me,1251
15080,110161293,ζητεῖτε,seek,1251
15081,110161294,",",",",1251
15082,110161295,ἄφετε,let,1251
15083,110161296,τούτους,these,1251
15084,110161297,ὑπάγειν,to go away,1251
15085,110161298,.,.,1251
15086,110161299,ἵνα,in order that,1252
15087,110161300,πληρωθῇ,be fulfilled,1252
15088,110161301,ὁ,the,1252
15089,110161302,λόγος,word,1252
15090,110161303,ὃν,which,1252
15091,110161304,εἶπεν,said,1252
15092,110161305,",",",",1252
15093,110161306,ὅτι,that,1252
15094,110161307,οὓς,whom,1252
15095,110161308,δέδωκάς,you have given,1252
15096,110161309,μοι,to me,1252
15097,110161310,",",",",1252
15098,110161311,οὐκ,not,1252
15099,110161312,ἀπώλεσα,I have lost,1252
15100,110161313,ἐξ,from,1252
15101,110161314,αὐτῶν,them,1252
15102,110161315,οὐδένα,none,1252
15103,110161316,.,.,1252
15104,110161317,Σίμων,Simon,1253
15105,110161318,οὖν,therefore,1253
15106,110161319,Πέτρος,Peter,1253
15107,110161320,ἔχων,having,1253
15108,110161321,μάχαιραν,sword,1253
15109,110161322,εἵλκυσεν,drew,1253
15110,110161323,αὐτὴν,it,1253
15111,110161324,καὶ,and,1253
15112,110161325,ἔπαισεν,struck,1253
15113,110161326,τὸν,the,1253
15114,110161327,τοῦ,of the,1253
15115,110161328,ἀρχιερέως,of the high priest,1253
15116,110161329,δοῦλον,servant,1253
15117,110161330,καὶ,and,1253
15118,110161331,ἀπέκοψεν,cut off,1253
15119,110161332,αὐτοῦ,his,1253
15120,110161333,τὸ,the,1253
15121,110161334,ὠτάριον,ear,1253
15122,110161335,τὸ,the,1253
15123,110161336,δεξιόν,right,1253
15124,110161337,.,.,1253
15125,110161338,ἦν,was,1254
15126,110161339,δὲ,but,1254
15127,110161340,ὄνομα,name,1254
15128,110161341,τῷ,the,1254
15129,110161342,δούλῳ,servant,1254
15130,110161343,Μάλχος,Malchus,1254
15131,110161344,.,.,1254
15132,110161345,εἶπεν,said,1255
15133,110161346,οὖν,therefore,1255
15134,110161347,ὁ,the,1255
15135,110161348,Ἰησοῦς,Jesus,1255
15136,110161349,τῷ,the,1255
15137,110161350,Πέτρῳ,to Peter,1255
15138,110161351,.,.,1255
15139,110161352,βάλε,throw,1256
15140,110161353,τὴν,the,1256
15141,110161354,μάχαιραν,sword,1256
15142,110161355,εἰς,into,1256
15143,110161356,τὴν,the,1256
15144,110161357,θήκην,scabbard,1256
15145,110161358,.,.,1256
15146,110161359,τὸ,the,1257
15147,110161360,ποτήριον,cup,1257
15148,110161361,ὃ,what,1257
15149,110161362,δέδωκεν,has given,1257
15150,110161363,μοι,me,1257
15151,110161364,ὁ,the,1257
15152,110161365,πατήρ,Father,1257
15153,110161366,",",",",1257
15154,110161367,οὐ,not,1257
15155,110161368,μὴ,not,1257
15156,110161369,πίω,drink,1257
15157,110161370,αὐτό,it,1257
15158,110161371,;,?,1257
15159,110161372,ἡ,the,1258
15160,110161373,οὖν,then,1258
15161,110161374,σπεῖρα,cohort,1258
15162,110161375,καὶ,and,1258
15163,110161376,ὁ,the,1258
15164,110161377,χιλίαρχος,tribune,1258
15165,110161378,καὶ,and,1258
15166,110161379,οἱ,the,1258
15167,110161380,ὑπηρέται,servants,1258
15168,110161381,τῶν,of the,1258
15169,110161382,Ἰουδαίων,Jews,1258
15170,110161383,συνέλαβον,seized,1258
15171,110161384,τὸν,the,1258
15172,110161385,Ἰησοῦν,Jesus,1258
15173,110161386,καὶ,and,1258
15174,110161387,ἔδησαν,bound,1258
15175,110161388,αὐτόν,him,1258
15176,110161389,",",",",1258
15177,110161390,καὶ,and,1258
15178,110161391,ἤγαγον,brought,1258
15179,110161392,πρὸς,to,1258
15180,110161393,Ἅνναν,Annas,1258
15181,110161394,πρῶτον,first,1258
15182,110161395,.,.,1258
15183,110161396,ἦν,was,1259
15184,110161397,γὰρ,for,1259
15185,110161398,πενθερὸς,father-in-law,1259
15186,110161399,τοῦ,of,1259
15187,110161400,Καϊάφα,Caiaphas,1259
15188,110161401,",",",",1259
15189,110161402,ὃς,who,1259
15190,110161403,ἦν,was,1259
15191,110161404,ἀρχιερεὺς,high priest,1259
15192,110161405,τοῦ,of the,1259
15193,110161406,ἐνιαυτοῦ,that year,1259
15194,110161407,ἐκείνου,that,1259
15195,110161408,.,.,1259
15196,110161409,ἦν,was,1260
15197,110161410,δὲ,but,1260
15198,110161411,Καϊάφας,Caiaphas,1260
15199,110161412,ὁ,the,1260
15200,110161413,συμβουλεύσας,having advised,1260
15201,110161414,τοῖς,the,1260
15202,110161415,Ἰουδαίοις,Jews,1260
15203,110161416,ὅτι,that,1260
15204,110161417,συμφέρει,is expedient,1260
15205,110161418,ἕνα,one,1260
15206,110161419,ἄνθρωπον,man,1260
15207,110161420,ἀποθανεῖν,to die,1260
15208,110161421,ὑπὲρ,on behalf of,1260
15209,110161422,τοῦ,the,1260
15210,110161423,λαοῦ,people,1260
15211,110161424,.,.,1260
15212,110161425,ἠκολούθει,followed,1261
15213,110161426,δὲ,but,1261
15214,110161427,τῷ,the,1261
15215,110161428,Ἰησοῦ,Jesus,1261
15216,110161429,Σίμων,Simon,1261
15217,110161430,Πέτρος,Peter,1261
15218,110161431,καὶ,and,1261
15219,110161432,ἄλλος,another,1261
15220,110161433,μαθητής,disciple,1261
15221,110161434,.,.,1261
15222,110161435,ὁ,the,1262
15223,110161436,δὲ,but,1262
15224,110161437,μαθητὴς,disciple,1262
15225,110161438,ἐκεῖνος,that,1262
15226,110161439,ἦν,was,1262
15227,110161440,γνωστὸς,well-known,1262
15228,110161441,τῷ,the,1262
15229,110161442,ἀρχιερεῖ,high priest,1262
15230,110161443,",",",",1262
15231,110161444,καὶ,and,1262
15232,110161445,συνεισῆλθεν,entered,1262
15233,110161446,τῷ,the,1262
15234,110161447,Ἰησοῦ,Jesus,1262
15235,110161448,εἰς,into,1262
15236,110161449,τὴν,the,1262
15237,110161450,αὐλὴν,courtyard,1262
15238,110161451,τοῦ,of the,1262
15239,110161452,ἀρχιερέως,of the high priest,1262
15240,110161453,",",",",1262
15241,110161454,ὁ,the,1262
15242,110161455,δὲ,but,1262
15243,110161456,Πέτρος,Peter,1262
15244,110161457,εἱστήκει,was standing,1262
15245,110161458,πρὸς,at,1262
15246,110161459,τῇ,the,1262
15247,110161460,θύρᾳ,doorway,1262
15248,110161461,ἔξω,outside,1262
15249,110161462,.,.,1262
15250,110161463,ἐξῆλθεν,went out,1263
15251,110161464,οὖν,then,1263
15252,110161465,ὁ,the,1263
15253,110161466,μαθητὴς,disciple,1263
15254,110161467,ὁ,the,1263
15255,110161468,ἄλλος,another,1263
15256,110161469,ὁ,the,1263
15257,110161470,γνωστὸς,known,1263
15258,110161471,τοῦ,of the,1263
15259,110161472,ἀρχιερέως,of the high priest,1263
15260,110161473,καὶ,and,1263
15261,110161474,εἶπεν,said,1263
15262,110161475,τῇ,the,1263
15263,110161476,θυρωρῷ,doorkeeper,1263
15264,110161477,",",",",1263
15265,110161478,καὶ,and,1263
15266,110161479,εἰσήγαγεν,brought in,1263
15267,110161480,τὸν,the,1263
15268,110161481,Πέτρον,Peter,1263
15269,110161482,.,.,1263
15270,110161483,λέγει,says,1264
15271,110161484,οὖν,therefore,1264
15272,110161485,τῷ,to,1264
15273,110161486,Πέτρῳ,Peter,1264
15274,110161487,ἡ,the,1264
15275,110161488,παιδίσκη,maid,1264
15276,110161489,ἡ,the,1264
15277,110161490,θυρωρός,doorkeeper,1264
15278,110161491,",",",",1264
15279,110161492,μὴ,not,1264
15280,110161493,καὶ,also,1264
15281,110161494,σὺ,you,1264
15282,110161495,ἐκ,out of,1264
15283,110161496,τῶν,the,1264
15284,110161497,μαθητῶν,disciples,1264
15285,110161498,εἶ,are,1264
15286,110161499,τοῦ,the,1264
15287,110161500,ἀνθρώπου,man's,1264
15288,110161501,τούτου,of this,1264
15289,110161502,;,?,1264
15290,110161503,λέγει,says,1265
15291,110161504,ἐκεῖνος,he,1265
15292,110161505,.,.,1265
15293,110161506,οὐκ,not,1266
15294,110161507,εἰμί,I am,1266
15295,110161508,.,.,1266
15296,110161509,εἱστήκεισαν,were standing,1267
15297,110161510,δὲ,but,1267
15298,110161511,οἱ,the,1267
15299,110161512,δοῦλοι,servants,1267
15300,110161513,καὶ,and,1267
15301,110161514,οἱ,the,1267
15302,110161515,ὑπηρέται,attendants,1267
15303,110161516,ἀνθρακιὰν,coals,1267
15304,110161517,πεποιηκότες,having made,1267
15305,110161518,",",",",1267
15306,110161519,ὅτι,because,1267
15307,110161520,ψῦχος,cold,1267
15308,110161521,ἦν,was,1267
15309,110161522,",",",",1267
15310,110161523,καὶ,and,1267
15311,110161524,ἐθερμαίνοντο,were warming themselves,1267
15312,110161525,.,.,1267
15313,110161526,ἦν,was,1268
15314,110161527,δὲ,but,1268
15315,110161528,καὶ,and,1268
15316,110161529,ὁ,the,1268
15317,110161530,Πέτρος,Peter,1268
15318,110161531,μετ’,with,1268
15319,110161532,αὐτῶν,them,1268
15320,110161533,ἑστὼς,standing,1268
15321,110161534,καὶ,and,1268
15322,110161535,θερμαινόμενος,being warmed,1268
15323,110161536,.,.,1268
15324,110161537,ὁ,the,1269
15325,110161538,οὖν,then,1269
15326,110161539,ἀρχιερεὺς,high priest,1269
15327,110161540,ἠρώτησεν,asked,1269
15328,110161541,τὸν,the,1269
15329,110161542,Ἰησοῦν,Jesus,1269
15330,110161543,περὶ,about,1269
15331,110161544,τῶν,the,1269
15332,110161545,μαθητῶν,disciples,1269
15333,110161546,αὐτοῦ,his,1269
15334,110161547,καὶ,and,1269
15335,110161548,περὶ,about,1269
15336,110161549,τῆς,the,1269
15337,110161550,διδαχῆς,teaching,1269
15338,110161551,αὐτοῦ,his,1269
15339,110161552,.,.,1269
15340,110161553,ἀπεκρίθη,answered,1270
15341,110161554,αὐτῷ,him,1270
15342,110161555,Ἰησοῦς,Jesus,1270
15343,110161556,.,.,1270
15344,110161557,ἐγὼ,I,1271
15345,110161558,παρρησίᾳ,boldly,1271
15346,110161559,λελάληκα,have spoken,1271
15347,110161560,τῷ,the,1271
15348,110161561,κόσμῳ,world,1271
15349,110161562,.,.,1271
15350,110161563,ἐγὼ,I,1272
15351,110161564,πάντοτε,always,1272
15352,110161565,ἐδίδαξα,I taught,1272
15353,110161566,ἐν,in,1272
15354,110161567,συναγωγῇ,synagogue,1272
15355,110161568,καὶ,and,1272
15356,110161569,ἐν,in,1272
15357,110161570,τῷ,the,1272
15358,110161571,ἱερῷ,temple,1272
15359,110161572,",",",",1272
15360,110161573,ὅπου,where,1272
15361,110161574,πάντες,all,1272
15362,110161575,οἱ,the,1272
15363,110161576,Ἰουδαῖοι,Jews,1272
15364,110161577,συνέρχονται,they gather,1272
15365,110161578,",",",",1272
15366,110161579,καὶ,and,1272
15367,110161580,ἐν,in,1272
15368,110161581,κρυπτῷ,secretly,1272
15369,110161582,ἐλάλησα,I spoke,1272
15370,110161583,οὐδέν,nothing,1272
15371,110161584,.,.,1272
15372,110161585,τί,why,1273
15373,110161586,με,me,1273
15374,110161587,ἐρωτᾷς,you ask,1273
15375,110161588,;,question mark,1273
15376,110161589,ἐρώτησον,ask,1274
15377,110161590,τοὺς,the,1274
15378,110161591,ἀκηκοότας,having heard,1274
15379,110161592,τί,what,1274
15380,110161593,ἐλάλησα,I spoke,1274
15381,110161594,αὐτοῖς,them,1274
15382,110161595,.,.,1274
15383,110161596,ἴδε,behold,1275
15384,110161597,οὗτοι,these,1275
15385,110161598,οἴδασιν,know,1275
15386,110161599,ἃ,what,1275
15387,110161600,εἶπον,said,1275
15388,110161601,ἐγώ,I,1275
15389,110161602,.,.,1275
15390,110161603,ταῦτα,these things,1276
15391,110161604,δὲ,but,1276
15392,110161605,αὐτοῦ,his,1276
15393,110161606,εἰπόντος,having said,1276
15394,110161607,εἷς,one of,1276
15395,110161608,παρεστηκὼς,having stood by,1276
15396,110161609,τῶν,the,1276
15397,110161610,ὑπηρετῶν,of officers,1276
15398,110161611,ἔδωκεν,gave,1276
15399,110161612,ῥάπισμα,a slap,1276
15400,110161613,τῷ,the,1276
15401,110161614,Ἰησοῦ,Jesus,1276
15402,110161615,εἰπών,saying,1276
15403,110161616,.,.,1276
15404,110161617,οὕτως,thus,1277
15405,110161618,ἀποκρίνῃ,you answer,1277
15406,110161619,τῷ,to,1277
15407,110161620,ἀρχιερεῖ,high priest,1277
15408,110161621,;,?,1277
15409,110161622,ἀπεκρίθη,answered,1278
15410,110161623,αὐτῷ,him,1278
15411,110161624,Ἰησοῦς,Jesus,1278
15412,110161625,.,.,1278
15413,110161626,εἰ,if,1279
15414,110161627,κακῶς,badly,1279
15415,110161628,ἐλάλησα,I spoke,1279
15416,110161629,",",",",1279
15417,110161630,μαρτύρησον,testify,1279
15418,110161631,περὶ,about,1279
15419,110161632,τοῦ,the,1279
15420,110161633,κακοῦ,evil,1279
15421,110161634,.,.,1279
15422,110161635,εἰ,if,1280
15423,110161636,δὲ,and,1280
15424,110161637,καλῶς,well,1280
15425,110161638,",",",",1280
15426,110161639,τί,why,1280
15427,110161640,με,me,1280
15428,110161641,δέρεις,strike,1280
15429,110161642,;,?,1280
15430,110161643,ἀπέστειλεν,sent,1281
15431,110161644,οὖν,therefore,1281
15432,110161645,αὐτὸν,him,1281
15433,110161646,ὁ,the,1281
15434,110161647,Ἅννας,Annas,1281
15435,110161648,δεδεμένον,bound,1281
15436,110161649,πρὸς,to,1281
15437,110161650,Καϊάφαν,Caiaphas,1281
15438,110161651,τὸν,the,1281
15439,110161652,ἀρχιερέα,high priest,1281
15440,110161653,.,.,1281
15441,110161654,ἦν,was,1282
15442,110161655,δὲ,but,1282
15443,110161656,Σίμων,Simon,1282
15444,110161657,Πέτρος,Peter,1282
15445,110161658,ἑστὼς,having been set,1282
15446,110161659,καὶ,and,1282
15447,110161660,θερμαινόμενος,being warm,1282
15448,110161661,.,.,1282
15449,110161662,εἶπον,said,1283
15450,110161663,οὖν,therefore,1283
15451,110161664,αὐτῷ,him,1283
15452,110161665,.,.,1283
15453,110161666,μὴ,not,1284
15454,110161667,καὶ,also,1284
15455,110161668,σὺ,you,1284
15456,110161669,ἐκ,out of,1284
15457,110161670,τῶν,the,1284
15458,110161671,μαθητῶν,disciples,1284
15459,110161672,αὐτοῦ,his,1284
15460,110161673,εἶ,are,1284
15461,110161674,;,?,1284
15462,110161675,ἠρνήσατο,denied,1285
15463,110161676,ἐκεῖνος,that one,1285
15464,110161677,καὶ,and,1285
15465,110161678,εἶπεν,said,1285
15466,110161679,.,.,1285
15467,110161680,οὐκ,not,1286
15468,110161681,εἰμί,I am,1286
15469,110161682,.,.,1286
15470,110161683,λέγει,says,1287
15471,110161684,εἷς,one,1287
15472,110161685,ἐκ,from,1287
15473,110161686,τῶν,the,1287
15474,110161687,δούλων,servants,1287
15475,110161688,τοῦ,of the,1287
15476,110161689,ἀρχιερέως,of the high priest,1287
15477,110161690,",",",",1287
15478,110161691,συγγενὴς,kinsman,1287
15479,110161692,ὢν,being,1287
15480,110161693,οὗ,whose,1287
15481,110161694,ἀπέκοψεν,cut off,1287
15482,110161695,Πέτρος,Peter,1287
15483,110161696,τὸ,the,1287
15484,110161697,ὠτίον,ear,1287
15485,110161698,.,.,1287
15486,110161699,οὐκ,not,1288
15487,110161700,ἐγώ,I,1288
15488,110161701,σε,you,1288
15489,110161702,εἶδον,saw,1288
15490,110161703,ἐν,in,1288
15491,110161704,τῷ,the,1288
15492,110161705,κήπῳ,garden,1288
15493,110161706,μετ’,with,1288
15494,110161707,αὐτοῦ,him,1288
15495,110161708,;,?,1288
15496,110161709,πάλιν,again,1289
15497,110161710,οὖν,then,1289
15498,110161711,ἠρνήσατο,denied,1289
15499,110161712,Πέτρος,Peter,1289
15500,110161713,.,.,1289
15501,110161714,καὶ,and,1290
15502,110161715,εὐθέως,immediately,1290
15503,110161716,ἀλέκτωρ,rooster,1290
15504,110161717,ἐφώνησεν,cried out,1290
15505,110161718,.,.,1290
15506,110161719,ἄγουσιν,they are leading,1291
15507,110161720,οὖν,therefore,1291
15508,110161721,τὸν,the,1291
15509,110161722,Ἰησοῦν,Jesus,1291
15510,110161723,ἀπὸ,from,1291
15511,110161724,τοῦ,of,1291
15512,110161725,Καϊάφα,Caiaphas,1291
15513,110161726,εἰς,into,1291
15514,110161727,τὸ,the,1291
15515,110161728,πραιτώριον,praetorium,1291
15516,110161729,.,.,1291
15517,110161730,ἦν,was,1292
15518,110161731,δὲ,but,1292
15519,110161732,πρωΐ,early,1292
15520,110161733,.,.,1292
15521,110161734,καὶ,and,1293
15522,110161735,αὐτοὶ,they,1293
15523,110161736,οὐκ,not,1293
15524,110161737,εἰσῆλθον,they entered,1293
15525,110161738,εἰς,into,1293
15526,110161739,τὸ,the,1293
15527,110161740,πραιτώριον,praetorium,1293
15528,110161741,",",",",1293
15529,110161742,ἵνα,so that,1293
15530,110161743,μὴ,not,1293
15531,110161744,μιανθῶσιν,be defiled,1293
15532,110161745,ἀλλὰ,but,1293
15533,110161746,φάγωσιν,they may eat,1293
15534,110161747,τὸ,the,1293
15535,110161748,πάσχα,Passover,1293
15536,110161749,.,.,1293
15537,110161750,ἐξῆλθεν,went out,1294
15538,110161751,οὖν,therefore,1294
15539,110161752,ὁ,the,1294
15540,110161753,Πειλᾶτος,Pilate,1294
15541,110161754,ἔξω,out,1294
15542,110161755,πρὸς,toward,1294
15543,110161756,αὐτοὺς,them,1294
15544,110161757,καὶ,and,1294
15545,110161758,φησίν,says,1294
15546,110161759,.,.,1294
15547,110161760,τίνα,what,1295
15548,110161761,κατηγορίαν,accusation,1295
15549,110161762,φέρετε,bring,1295
15550,110161763,τοῦ,of the,1295
15551,110161764,ἀνθρώπου,man's,1295
15552,110161765,τούτου,this,1295
15553,110161766,;,;,1295
15554,110161767,ἀπεκρίθησαν,answered,1296
15555,110161768,καὶ,and,1296
15556,110161769,εἶπαν,said,1296
15557,110161770,αὐτῷ,him,1296
15558,110161771,.,.,1296
15559,110161772,εἰ,if,1297
15560,110161773,μὴ,not,1297
15561,110161774,ἦν,were,1297
15562,110161775,οὗτος,this,1297
15563,110161776,κακὸν,evil,1297
15564,110161777,ποιῶν,doing,1297
15565,110161778,",",",",1297
15566,110161779,οὐκ,not,1297
15567,110161780,ἄν,would,1297
15568,110161781,σοι,you,1297
15569,110161782,παρεδώκαμεν,we handed over,1297
15570,110161783,αὐτόν,him,1297
15571,110161784,.,.,1297
15572,110161785,εἶπεν,said,1298
15573,110161786,οὖν,then,1298
15574,110161787,αὐτοῖς,them,1298
15575,110161788,ὁ,the,1298
15576,110161789,Πειλᾶτος,Pilate,1298
15577,110161790,.,.,1298
15578,110161791,λάβετε,take,1299
15579,110161792,αὐτὸν,him,1299
15580,110161793,ὑμεῖς,you,1299
15581,110161794,καὶ,and,1299
15582,110161795,κατὰ,according to,1299
15583,110161796,τὸν,the,1299
15584,110161797,νόμον,law,1299
15585,110161798,ὑμῶν,your,1299
15586,110161799,κρίνατε,judge,1299
15587,110161800,.,.,1299
15588,110161801,εἶπον,said,1300
15589,110161802,οὖν,therefore,1300
15590,110161803,αὐτῷ,him,1300
15591,110161804,οἱ,the,1300
15592,110161805,Ἰουδαῖοι,Jews,1300
15593,110161806,.,.,1300
15594,110161807,ἡμῖν,to us,1301
15595,110161808,οὐκ,not,1301
15596,110161809,ἔξεστιν,it is lawful,1301
15597,110161810,ἀποκτεῖναι,to kill,1301
15598,110161811,οὐδένα,anyone,1301
15599,110161812,.,.,1301
15600,110161813,ἵνα,so that,1302
15601,110161814,ὁ,the,1302
15602,110161815,λόγος,word,1302
15603,110161816,τοῦ,of,1302
15604,110161817,Ἰησοῦ,of Jesus,1302
15605,110161818,πληρωθῇ,might be fulfilled,1302
15606,110161819,",",",",1302
15607,110161820,ὃν,whom,1302
15608,110161821,εἶπεν,said,1302
15609,110161822,σημαίνων,signifying,1302
15610,110161823,ποίῳ,death-dealing,1302
15611,110161824,θανάτῳ,death,1302
15612,110161825,ἤμελλεν,was about to,1302
15613,110161826,ἀποθνῄσκειν,to die,1302
15614,110161827,.,.,1302
15615,110161828,εἰσῆλθεν,entered,1303
15616,110161829,οὖν,then,1303
15617,110161830,εἰς,into,1303
15618,110161831,τὸ,the,1303
15619,110161832,πραιτώριον,prætorium,1303
15620,110161833,πάλιν,again,1303
15621,110161834,ὁ,the,1303
15622,110161835,Πειλᾶτος,Pilate,1303
15623,110161836,καὶ,and,1303
15624,110161837,ἐφώνησεν,called,1303
15625,110161838,τὸν,the,1303
15626,110161839,Ἰησοῦν,Jesus,1303
15627,110161840,καὶ,and,1303
15628,110161841,εἶπεν,said,1303
15629,110161842,αὐτῷ,him,1303
15630,110161843,.,.,1303
15631,110161844,σὺ,you,1304
15632,110161845,εἶ,are,1304
15633,110161846,ὁ,the,1304
15634,110161847,βασιλεὺς,king,1304
15635,110161848,τῶν,of the,1304
15636,110161849,Ἰουδαίων,Judean,1304
15637,110161850,;,?,1304
15638,110161851,ἀπεκρίθη,answered,1305
15639,110161852,Ἰησοῦς,Jesus,1305
15640,110161853,.,.,1305
15641,110161854,ἀφ',from,1306
15642,110161855,ἑαυτοῦ,yourself,1306
15643,110161856,σὺ,you,1306
15644,110161857,τοῦτο,this,1306
15645,110161858,λέγεις,you say,1306
15646,110161859,",",",",1306
15647,110161860,ἢ,or,1306
15648,110161861,ἄλλοι,others,1306
15649,110161862,σοι,to you,1306
15650,110161863,εἶπόν,have said,1306
15651,110161864,περὶ,about,1306
15652,110161865,ἐμοῦ,me,1306
15653,110161866,;,?,1306
15654,110161867,ἀπεκρίθη,answered,1307
15655,110161868,ὁ,the,1307
15656,110161869,Πειλᾶτος,Pilate,1307
15657,110161870,.,.,1307
15658,110161871,μήτι,surely not,1308
15659,110161872,ἐγὼ,I,1308
15660,110161873,Ἰουδαῖός,a Jew,1308
15661,110161874,εἰμι,am,1308
15662,110161875,;,;,1308
15663,110161876,τὸ,the,1309
15664,110161877,ἔθνος,nation,1309
15665,110161878,τὸ,your,1309
15666,110161879,σὸν,your,1309
15667,110161880,καὶ,and,1309
15668,110161881,οἱ,the,1309
15669,110161882,ἀρχιερεῖς,chief priests,1309
15670,110161883,παρέδωκάν,handed over,1309
15671,110161884,σε,you,1309
15672,110161885,ἐμοί,me,1309
15673,110161886,.,.,1309
15674,110161887,τί,what,1310
15675,110161888,ἐποίησας,you did,1310
15676,110161889,;,;,1310
15677,110161890,ἀπεκρίθη,answered,1311
15678,110161891,Ἰησοῦς,Jesus,1311
15679,110161892,.,.,1311
15680,110161893,ἡ,the,1312
15681,110161894,βασιλεία,kingdom,1312
15682,110161895,ἡ,the,1312
15683,110161896,ἐμὴ,my,1312
15684,110161897,οὐκ,not,1312
15685,110161898,ἔστιν,is,1312
15686,110161899,ἐκ,from,1312
15687,110161900,τοῦ,the,1312
15688,110161901,κόσμου,world,1312
15689,110161902,τοῦτου,this,1312
15690,110161903,.,.,1312
15691,110161904,εἰ,if,1313
15692,110161905,ἐκ,from,1313
15693,110161906,τοῦ,the,1313
15694,110161907,κόσμου,world,1313
15695,110161908,τούτου,this,1313
15696,110161909,ἦν,was,1313
15697,110161910,ἡ,the,1313
15698,110161911,βασιλεία,kingdom,1313
15699,110161912,ἡ,my,1313
15700,110161913,ἐμή,my,1313
15701,110161914,",",",",1313
15702,110161915,οἱ,the,1313
15703,110161916,ὑπηρέται,servants,1313
15704,110161917,ἂν,would,1313
15705,110161918,οἱ,the,1313
15706,110161919,ἐμοὶ,my,1313
15707,110161920,ἠγωνίζοντο,were fighting,1313
15708,110161921,",",",",1313
15709,110161922,ἵνα,so that,1313
15710,110161923,μὴ,not,1313
15711,110161924,παραδοθῶ,be handed over,1313
15712,110161925,τοῖς,the,1313
15713,110161926,Ἰουδαίοις,Jews,1313
15714,110161927,.,.,1313
15715,110161928,νῦν,now,1314
15716,110161929,δὲ,now,1314
15717,110161930,ἡ,the,1314
15718,110161931,βασιλεία,kingdom,1314
15719,110161932,ἡ,the,1314
15720,110161933,ἐμὴ,my,1314
15721,110161934,οὐκ,not,1314
15722,110161935,ἔστιν,is,1314
15723,110161936,ἐντεῦθεν,from here,1314
15724,110161937,.,.,1314
15725,110161938,εἶπεν,said,1315
15726,110161939,οὖν,therefore,1315
15727,110161940,αὐτῷ,him,1315
15728,110161941,ὁ,the,1315
15729,110161942,Πειλᾶτος,Pilate,1315
15730,110161943,.,.,1315
15731,110161944,οὐκοῦν,then,1316
15732,110161945,βασιλεὺς,king,1316
15733,110161946,εἶ,are,1316
15734,110161947,σύ,you,1316
15735,110161948,;,;,1316
15736,110161949,ἀπεκρίθη,answered,1317
15737,110161950,ὁ,the,1317
15738,110161951,Ἰησοῦς,Jesus,1317
15739,110161952,.,.,1317
15740,110161953,σὺ,you,1318
15741,110161954,λέγεις,you say,1318
15742,110161955,",",",",1318
15743,110161956,ὅτι,that,1318
15744,110161957,βασιλεύς,king,1318
15745,110161958,εἰμι,am,1318
15746,110161959,.,.,1318
15747,110161960,ἐγὼ,I,1319
15748,110161961,εἰς,for,1319
15749,110161962,τοῦτο,for this purpose,1319
15750,110161963,γεγέννημαι,I have been born,1319
15751,110161964,καὶ,and,1319
15752,110161965,εἰς,into,1319
15753,110161966,τοῦτο,this,1319
15754,110161967,ἐλήλυθα,I have come,1319
15755,110161968,εἰς,into,1319
15756,110161969,τὸν,the,1319
15757,110161970,κόσμον,world,1319
15758,110161971,",",",",1319
15759,110161972,ἵνα,so that,1319
15760,110161973,μαρτυρήσω,I may testify,1319
15761,110161974,τῇ,the,1319
15762,110161975,ἀληθείᾳ,truth,1319
15763,110161976,.,.,1319
15764,110161977,πᾶς,everyone,1320
15765,110161978,ὁ,the,1320
15766,110161979,ὢν,being,1320
15767,110161980,ἐκ,out of,1320
15768,110161981,τῆς,the,1320
15769,110161982,ἀληθείας,truth,1320
15770,110161983,ἀκούει,hears,1320
15771,110161984,μου,my,1320
15772,110161985,τῆς,of the,1320
15773,110161986,φωνῆς,voice,1320
15774,110161987,.,.,1320
15775,110161988,λέγει,says,1321
15776,110161989,αὐτῷ,him,1321
15777,110161990,ὁ,the,1321
15778,110161991,Πειλᾶτος,Pilate,1321
15779,110161992,.,.,1321
15780,110161993,τί,what,1322
15781,110161994,ἐστιν,is,1322
15782,110161995,ἀλήθεια,truth,1322
15783,110161996,;,;,1322
15784,110161997,καὶ,and,1323
15785,110161998,τοῦτο,this,1323
15786,110161999,εἰπὼν,having said,1323
15787,110162000,πάλιν,again,1323
15788,110162001,ἐξῆλθεν,went out,1323
15789,110162002,πρὸς,towards,1323
15790,110162003,τοὺς,the,1323
15791,110162004,Ἰουδαίους,Jews,1323
15792,110162005,",",",",1323
15793,110162006,καὶ,and,1323
15794,110162007,λέγει,says,1323
15795,110162008,αὐτοῖς,them,1323
15796,110162009,.,.,1323
15797,110162010,ἐγὼ,I,1324
15798,110162011,οὐδεμίαν,no,1324
15799,110162012,εὑρίσκω,find,1324
15800,110162013,ἐν,in,1324
15801,110162014,αὐτῷ,him,1324
15802,110162015,αἰτίαν,reason,1324
15803,110162016,.,.,1324
15804,110162017,ἔστιν,it is,1325
15805,110162018,δὲ,but,1325
15806,110162019,συνήθεια,custom,1325
15807,110162020,ὑμῖν,you,1325
15808,110162021,ἵνα,that,1325
15809,110162022,ἕνα,one,1325
15810,110162023,ἀπολύσω,release,1325
15811,110162024,ὑμῖν,you,1325
15812,110162025,ἐν,at,1325
15813,110162026,τῷ,the,1325
15814,110162027,πάσχα,Passover,1325
15815,110162028,.,.,1325
15816,110162029,βούλεσθε,do you wish,1326
15817,110162030,οὖν,then,1326
15818,110162031,ἀπολύσω,release,1326
15819,110162032,ὑμῖν,you,1326
15820,110162033,τὸν,the,1326
15821,110162034,βασιλέα,king,1326
15822,110162035,τῶν,of the,1326
15823,110162036,Ἰουδαίων,of the Jews,1326
15824,110162037,;,?,1326
15825,110162038,ἐκραύγασαν,shouted,1327
15826,110162039,οὖν,therefore,1327
15827,110162040,πάλιν,again,1327
15828,110162041,λέγοντες,saying,1327
15829,110162042,.,.,1327
15830,110162043,μὴ,not,1328
15831,110162044,τοῦτον,this,1328
15832,110162045,",",",",1328
15833,110162046,ἀλλὰ,but,1328
15834,110162047,τὸν,the,1328
15835,110162048,Βαραββᾶν,Barabbas,1328
15836,110162049,.,.,1328
15837,110162050,ἦν,was,1329
15838,110162051,δὲ,but,1329
15839,110162052,ὁ,the,1329
15840,110162053,Βαραββᾶς,Barabbas,1329
15841,110162054,λῃστής,robber,1329
15842,110162055,.,.,1329
15843,110162056,τότε,then,1330
15844,110162057,οὖν,then,1330
15845,110162058,ἔλαβεν,took,1330
15846,110162059,ὁ,the,1330
15847,110162060,Πειλᾶτος,Pilate,1330
15848,110162061,τὸν,the,1330
15849,110162062,Ἰησοῦν,Jesus,1330
15850,110162063,καὶ,and,1330
15851,110162064,ἐμαστίγωσεν,flogged,1330
15852,110162065,.,.,1330
15853,110162066,καὶ,and,1331
15854,110162067,οἱ,the,1331
15855,110162068,στρατιῶται,soldiers,1331
15856,110162069,πλέξαντες,having woven,1331
15857,110162070,στέφανον,wreath,1331
15858,110162071,ἐξ,from,1331
15859,110162072,ἀκανθῶν,of thorns,1331
15860,110162073,ἐπέθηκαν,placed,1331
15861,110162074,αὐτοῦ,his,1331
15862,110162075,τῇ,the,1331
15863,110162076,κεφαλῇ,head,1331
15864,110162077,",",",",1331
15865,110162078,καὶ,and,1331
15866,110162079,ἱμάτιον,garment,1331
15867,110162080,πορφυροῦν,purple,1331
15868,110162081,περιέβαλον,put on,1331
15869,110162082,αὐτόν,him,1331
15870,110162083,",",",",1331
15871,110162084,καὶ,and,1331
15872,110162085,ἤρχοντο,kept coming,1331
15873,110162086,πρὸς,toward,1331
15874,110162087,αὐτὸν,him,1331
15875,110162088,καὶ,and,1331
15876,110162089,ἔλεγον,were saying,1331
15877,110162090,.,.,1331
15878,110162091,χαῖρε,Rejoice!,1332
15879,110162092,",",",",1332
15880,110162093,ὁ,the,1332
15881,110162094,βασιλεὺς,king,1332
15882,110162095,τῶν,of the,1332
15883,110162096,Ἰουδαίων,Judean,1332
15884,110162097,.,.,1332
15885,110162098,καὶ,and,1333
15886,110162099,ἐδίδοσαν,they were giving,1333
15887,110162100,αὐτῷ,him,1333
15888,110162101,ῥαπίσματα,strikes,1333
15889,110162102,.,.,1333
15890,110162103,ἐξῆλθεν,went out,1334
15891,110162104,πάλιν,again,1334
15892,110162105,ὁ,the,1334
15893,110162106,Πειλᾶτος,Pilate,1334
15894,110162107,ἔξω,out,1334
15895,110162108,καὶ,and,1334
15896,110162109,λέγει,says,1334
15897,110162110,αὐτοῖς,them,1334
15898,110162111,.,.,1334
15899,110162112,ἴδε,behold,1335
15900,110162113,ἄγω,I bring,1335
15901,110162114,ὑμῖν,you,1335
15902,110162115,αὐτὸν,him,1335
15903,110162116,ἔξω,out,1335
15904,110162117,",",",",1335
15905,110162118,ἵνα,that,1335
15906,110162119,γνῶτε,you may know,1335
15907,110162120,ὅτι,that,1335
15908,110162121,αἰτίαν,reason,1335
15909,110162122,οὐχ,not,1335
15910,110162123,εὑρίσκω,find,1335
15911,110162124,.,.,1335
15912,110162125,ἐξῆλθεν,went out,1336
15913,110162126,οὖν,therefore,1336
15914,110162127,ὁ,the,1336
15915,110162128,Ἰησοῦς,Jesus,1336
15916,110162129,ἔξω,out,1336
15917,110162130,",",",",1336
15918,110162131,φορῶν,wearing,1336
15919,110162132,τὸν,the,1336
15920,110162133,ἀκάνθινον,thorny,1336
15921,110162134,στέφανον,wreath,1336
15922,110162135,καὶ,and,1336
15923,110162136,τὸ,the,1336
15924,110162137,πορφυροῦν,purple,1336
15925,110162138,ἱμάτιον,garment,1336
15926,110162139,.,.,1336
15927,110162140,καὶ,and,1337
15928,110162141,λέγει,says,1337
15929,110162142,αὐτοῖς,them,1337
15930,110162143,.,.,1337
15931,110162144,ἰδοὺ,behold,1338
15932,110162145,ὁ,the,1338
15933,110162146,ἄνθρωπος,man,1338
15934,110162147,.,.,1338
15935,110162148,ὅτε,when,1339
15936,110162149,οὖν,then,1339
15937,110162150,ἴδον,saw,1339
15938,110162151,αὐτὸν,him,1339
15939,110162152,οἱ,the,1339
15940,110162153,ἀρχιερεῖς,high priests,1339
15941,110162154,καὶ,and,1339
15942,110162155,οἱ,the,1339
15943,110162156,ὑπηρέται,officers,1339
15944,110162157,",",",",1339
15945,110162158,ἐκραύγασαν,they shouted,1339
15946,110162159,.,.,1339
15947,110162160,σταύρωσον,crucify!,1340
15948,110162161,σταύρωσον,crucify,1340
15949,110162162,.,.,1340
15950,110162163,λέγει,says,1341
15951,110162164,αὐτοῖς,them,1341
15952,110162165,ὁ,the,1341
15953,110162166,Πειλᾶτος,Pilate,1341
15954,110162167,.,.,1341
15955,110162168,λάβετε,take,1342
15956,110162169,αὐτὸν,him,1342
15957,110162170,ὑμεῖς,you,1342
15958,110162171,καὶ,and,1342
15959,110162172,σταυρώσατε,crucify,1342
15960,110162173,",",",",1342
15961,110162174,ἐγὼ,I,1342
15962,110162175,γὰρ,for,1342
15963,110162176,οὐχ,not,1342
15964,110162177,εὑρίσκω,find,1342
15965,110162178,ἐν,in,1342
15966,110162179,αὐτῷ,him,1342
15967,110162180,αἰτίαν,reason,1342
15968,110162181,.,.,1342
15969,110162182,ἀπεκρίθησαν,answered,1343
15970,110162183,οἱ,the,1343
15971,110162184,Ἰουδαῖοι,Jews,1343
15972,110162185,.,.,1343
15973,110162186,ἡμεῖς,we,1344
15974,110162187,νόμον,law,1344
15975,110162188,ἔχομεν,have,1344
15976,110162189,",",",",1344
15977,110162190,καὶ,and,1344
15978,110162191,κατὰ,according to,1344
15979,110162192,τὸν,the,1344
15980,110162193,νόμον,law,1344
15981,110162194,ὀφείλει,he must,1344
15982,110162195,ἀποθανεῖν,to die,1344
15983,110162196,",",",",1344
15984,110162197,ὅτι,because,1344
15985,110162198,υἱὸν,son,1344
15986,110162199,θεοῦ,of God,1344
15987,110162200,ἑαυτὸν,himself,1344
15988,110162201,ἐποίησεν,made,1344
15989,110162202,.,.,1344
15990,110162203,ὅτε,when,1345
15991,110162204,οὖν,then,1345
15992,110162205,ἤκουσεν,heard,1345
15993,110162206,ὁ,the,1345
15994,110162207,Πειλᾶτος,Pilate,1345
15995,110162208,τοῦτον,this,1345
15996,110162209,τὸν,the,1345
15997,110162210,λόγον,word,1345
15998,110162211,",",",",1345
15999,110162212,μᾶλλον,more,1345
16000,110162213,ἐφοβήθη,feared,1345
16001,110162214,",",",",1345
16002,110162215,καὶ,and,1345
16003,110162216,εἰσῆλθεν,entered,1345
16004,110162217,εἰς,into,1345
16005,110162218,τὸ,the,1345
16006,110162219,πραιτώριον,praetorium,1345
16007,110162220,πάλιν,again,1345
16008,110162221,καὶ,and,1345
16009,110162222,λέγει,says,1345
16010,110162223,τῷ,the,1345
16011,110162224,Ἰησοῦ,Jesus,1345
16012,110162225,.,.,1345
16013,110162226,πόθεν,from where,1346
16014,110162227,εἶ,are,1346
16015,110162228,σύ,you,1346
16016,110162229,;,?,1346
16017,110162230,ὁ,the,1347
16018,110162231,δὲ,but,1347
16019,110162232,Ἰησοῦς,Jesus,1347
16020,110162233,ἀπόκρισιν,answer,1347
16021,110162234,οὐκ,not,1347
16022,110162235,ἔδωκεν,gave,1347
16023,110162236,αὐτῷ,to him,1347
16024,110162237,.,.,1347
16025,110162238,λέγει,says,1348
16026,110162239,αὐτῷ,to him,1348
16027,110162240,ὁ,the,1348
16028,110162241,Πειλᾶτος,Pilate,1348
16029,110162242,.,.,1348
16030,110162243,ἐμοὶ,to me,1349
16031,110162244,οὐ,not,1349
16032,110162245,λαλεῖς,speak,1349
16033,110162246,;,?,1349
16034,110162247,οὐκ,not,1350
16035,110162248,οἶδας,know,1350
16036,110162249,ὅτι,that,1350
16037,110162250,ἐξουσίαν,authority,1350
16038,110162251,ἔχω,have,1350
16039,110162252,ἀπολῦσαί,to release,1350
16040,110162253,σε,you,1350
16041,110162254,καὶ,and,1350
16042,110162255,ἐξουσίαν,power,1350
16043,110162256,ἔχω,have,1350
16044,110162257,σταυρῶσαί,to crucify,1350
16045,110162258,σε,you,1350
16046,110162259,;,?,1350
16047,110162260,ἀπεκρίθη,answered,1351
16048,110162261,Ἰησοῦς,Jesus,1351
16049,110162262,.,.,1351
16050,110162263,οὐκ,not,1352
16051,110162264,ἔχεις,have,1352
16052,110162265,ἐξουσίαν,authority,1352
16053,110162266,κατ’,against,1352
16054,110162267,ἐμοῦ,me,1352
16055,110162268,οὐδεμίαν,no,1352
16056,110162269,εἰ,if,1352
16057,110162270,μὴ,not,1352
16058,110162271,ἦν,were,1352
16059,110162272,δεδομένον,given,1352
16060,110162273,σοι,to you,1352
16061,110162274,ἄνωθεν,from above,1352
16062,110162275,.,.,1352
16063,110162276,διὰ,because,1353
16064,110162277,τοῦτο,this,1353
16065,110162278,ὁ,the,1353
16066,110162279,παραδούς,having handed over,1353
16067,110162280,μέ,me,1353
16068,110162281,σοι,you,1353
16069,110162282,μείζονα,greater,1353
16070,110162283,ἁμαρτίαν,sin,1353
16071,110162284,ἔχει,has,1353
16072,110162285,.,.,1353
16073,110162286,ἐκ,from,1354
16074,110162287,τούτου,this,1354
16075,110162288,ὁ,the,1354
16076,110162289,Πειλᾶτος,Pilate,1354
16077,110162290,ἐζήτει,was seeking,1354
16078,110162291,ἀπολῦσαι,to release,1354
16079,110162292,αὐτόν,him,1354
16080,110162293,.,.,1354
16081,110162294,οἱ,the,1355
16082,110162295,δὲ,but,1355
16083,110162296,Ἰουδαῖοι,Jews,1355
16084,110162297,ἐκραύγαζον,they were shouting,1355
16085,110162298,λέγοντες,saying,1355
16086,110162299,.,.,1355
16087,110162300,ἐὰν,if,1356
16088,110162301,τοῦτον,this,1356
16089,110162302,ἀπολύσῃς,you release,1356
16090,110162303,",",",",1356
16091,110162304,οὐκ,not,1356
16092,110162305,εἶ,is,1356
16093,110162306,φίλος,friend,1356
16094,110162307,τοῦ,of the,1356
16095,110162308,Καίσαρος,of Caesar,1356
16096,110162309,.,.,1356
16097,110162310,πᾶς,every,1357
16098,110162311,ὁ,the,1357
16099,110162312,βασιλέα,king,1357
16100,110162313,ἑαυτὸν,himself,1357
16101,110162314,ποιῶν,making,1357
16102,110162315,ἀντιλέγει,opposes,1357
16103,110162316,τῷ,the,1357
16104,110162317,Καίσαρι,Caesar,1357
16105,110162318,.,.,1357
16106,110162319,ὁ,the,1358
16107,110162320,οὖν,then,1358
16108,110162321,Πειλᾶτος,Pilate,1358
16109,110162322,ἀκούσας,having heard,1358
16110,110162323,τῶν,of the,1358
16111,110162324,λόγων,of words,1358
16112,110162325,τούτων,of these,1358
16113,110162326,ἤγαγεν,brought,1358
16114,110162327,ἔξω,out,1358
16115,110162328,τὸν,the,1358
16116,110162329,Ἰησοῦν,Jesus,1358
16117,110162330,",",",",1358
16118,110162331,καὶ,and,1358
16119,110162332,ἐκάθισεν,sat,1358
16120,110162333,ἐπὶ,on,1358
16121,110162334,βήματος,bench,1358
16122,110162335,εἰς,into,1358
16123,110162336,τόπον,place,1358
16124,110162337,λεγόμενον,called,1358
16125,110162338,Λιθόστρωτον,Paved,1358
16126,110162339,",",",",1358
16127,110162340,Ἑβραϊστὶ,Hebraistically,1358
16128,110162341,δὲ,but,1358
16129,110162342,Γαββαθᾶ,Gabbatha,1358
16130,110162343,.,.,1358
16131,110162344,ἦν,was,1359
16132,110162345,δὲ,but,1359
16133,110162346,παρασκευὴ,preparation,1359
16134,110162347,τοῦ,of the,1359
16135,110162348,πάσχα,Passover,1359
16136,110162349,",",",",1359
16137,110162350,ὥρα,hour,1359
16138,110162351,ἦν,was,1359
16139,110162352,ὡς,about,1359
16140,110162353,ἕκτη,sixth,1359
16141,110162354,.,.,1359
16142,110162355,καὶ,and,1360
16143,110162356,λέγει,says,1360
16144,110162357,τοῖς,the,1360
16145,110162358,Ἰουδαίοις,to the Jews,1360
16146,110162359,.,.,1360
16147,110162360,ἴδε,behold,1361
16148,110162361,ὁ,the,1361
16149,110162362,βασιλεὺς,king,1361
16150,110162363,ὑμῶν,your,1361
16151,110162364,.,.,1361
16152,110162365,ἐκραύγασαν,shouted,1362
16153,110162366,οὖν,then,1362
16154,110162367,ἐκεῖνοι,those,1362
16155,110162368,.,.,1362
16156,110162369,ἆρον,take,1363
16157,110162370,ἆρον,lift,1363
16158,110162371,",",",",1363
16159,110162372,σταύρωσον,crucify,1363
16160,110162373,αὐτόν,him,1363
16161,110162374,.,.,1363
16162,110162375,λέγει,says,1364
16163,110162376,αὐτοῖς,them,1364
16164,110162377,ὁ,the,1364
16165,110162378,Πειλᾶτος,Pilate,1364
16166,110162379,.,.,1364
16167,110162380,τὸν,the,1365
16168,110162381,βασιλέα,king,1365
16169,110162382,ὑμῶν,your,1365
16170,110162383,σταυρώσω,will crucify,1365
16171,110162384,;,?,1365
16172,110162385,ἀπεκρίθησαν,answered,1366
16173,110162386,οἱ,the,1366
16174,110162387,ἀρχιερεῖς,chief priests,1366
16175,110162388,.,.,1366
16176,110162389,οὐκ,not,1367
16177,110162390,ἔχομεν,have,1367
16178,110162391,βασιλέα,king,1367
16179,110162392,εἰ,except,1367
16180,110162393,μὴ,not,1367
16181,110162394,Καίσαρα,Caesar,1367
16182,110162395,.,.,1367
16183,110162396,τότε,then,1368
16184,110162397,οὖν,therefore,1368
16185,110162398,παρέδωκεν,handed over,1368
16186,110162399,αὐτὸν,him,1368
16187,110162400,αὐτοῖς,them,1368
16188,110162401,ἵνα,in order that,1368
16189,110162402,σταυρωθῇ,be crucified,1368
16190,110162403,.,.,1368
16191,110162404,παρέλαβον,took,1369
16192,110162405,οὖν,then,1369
16193,110162406,τὸν,the,1369
16194,110162407,Ἰησοῦν,Jesus,1369
16195,110162408,",",",",1369
16196,110162409,καὶ,and,1369
16197,110162410,βαστάζων,carrying,1369
16198,110162411,ἑαυτῷ,himself,1369
16199,110162412,τὸν,the,1369
16200,110162413,σταυρὸν,cross,1369
16201,110162414,ἐξῆλθεν,went out,1369
16202,110162415,εἰς,into,1369
16203,110162416,τὸν,the,1369
16204,110162417,λεγόμενον,called,1369
16205,110162418,Κρανίου,of skull,1369
16206,110162419,τόπον,place,1369
16207,110162420,",",",",1369
16208,110162421,ὃ,which,1369
16209,110162422,λέγεται,is called,1369
16210,110162423,Ἑβραϊστὶ,in Hebrew,1369
16211,110162424,Γολγοθᾶ,Golgotha,1369
16212,110162425,",",",",1369
16213,110162426,ὅπου,where,1369
16214,110162427,αὐτὸν,him,1369
16215,110162428,ἐσταύρωσαν,they crucified,1369
16216,110162429,",",",",1369
16217,110162430,καὶ,and,1369
16218,110162431,μετ',with,1369
16219,110162432,αὐτοῦ,him,1369
16220,110162433,ἄλλους,others,1369
16221,110162434,δύο,two,1369
16222,110162435,ἐντεῦθεν,on one side,1369
16223,110162436,καὶ,and,1369
16224,110162437,ἐντεῦθεν,on the other side,1369
16225,110162438,",",",",1369
16226,110162439,μέσον,in the middle,1369
16227,110162440,δὲ,but,1369
16228,110162441,τὸν,the,1369
16229,110162442,Ἰησοῦν,Jesus,1369
16230,110162443,.,.,1369
16231,110162444,ἔγραψεν,wrote,1370
16232,110162445,δὲ,but,1370
16233,110162446,καὶ,and,1370
16234,110162447,τίτλον,inscription,1370
16235,110162448,ὁ,the,1370
16236,110162449,Πειλᾶτος,Pilate,1370
16237,110162450,καὶ,and,1370
16238,110162451,ἔθηκεν,placed,1370
16239,110162452,ἐπὶ,on,1370
16240,110162453,τοῦ,of the,1370
16241,110162454,σταυροῦ,cross,1370
16242,110162455,.,.,1370
16243,110162456,ἦν,was,1371
16244,110162457,δὲ,but,1371
16245,110162458,γεγραμμένον,written,1371
16246,110162459,",",",",1371
16247,110162460,Ἰησοῦς,Jesus,1371
16248,110162461,ὁ,the,1371
16249,110162462,Ναζωραῖος,of Nazareth,1371
16250,110162463,ὁ,the,1371
16251,110162464,βασιλεὺς,king,1371
16252,110162465,τῶν,of the,1371
16253,110162466,Ἰουδαίων,of the Jews,1371
16254,110162467,.,.,1371
16255,110162468,τοῦτον,this,1372
16256,110162469,οὖν,then,1372
16257,110162470,τὸν,the,1372
16258,110162471,τίτλον,inscription,1372
16259,110162472,πολλοὶ,many,1372
16260,110162473,ἀνέγνωσαν,read,1372
16261,110162474,τῶν,of the,1372
16262,110162475,Ἰουδαίων,of the Jews,1372
16263,110162476,",",",",1372
16264,110162477,ὅτι,because,1372
16265,110162478,ἐγγὺς,near,1372
16266,110162479,ἦν,was,1372
16267,110162480,ὁ,the,1372
16268,110162481,τόπος,place,1372
16269,110162482,τῆς,of the,1372
16270,110162483,πόλεως,city,1372
16271,110162484,ὅπου,where,1372
16272,110162485,ἐσταυρώθη,was crucified,1372
16273,110162486,ὁ,the,1372
16274,110162487,Ἰησοῦς,Jesus,1372
16275,110162488,.,.,1372
16276,110162489,καὶ,and,1373
16277,110162490,ἦν,was,1373
16278,110162491,γεγραμμένον,written,1373
16279,110162492,Ἑβραϊστί,in Hebrew,1373
16280,110162493,",",",",1373
16281,110162494,Ῥωμαϊστί,in Latin,1373
16282,110162495,",",",",1373
16283,110162496,Ἑλληνιστί,in Greek,1373
16284,110162497,.,.,1373
16285,110162498,ἔλεγον,were saying,1374
16286,110162499,οὖν,therefore,1374
16287,110162500,τῷ,the,1374
16288,110162501,Πειλάτῳ,Pilate,1374
16289,110162502,οἱ,the,1374
16290,110162503,ἀρχιερεῖς,high priests,1374
16291,110162504,τῶν,of the,1374
16292,110162505,Ἰουδαίων,Jewish,1374
16293,110162506,.,.,1374
16294,110162507,μὴ,not,1375
16295,110162508,γράφε,write,1375
16296,110162509,",",",",1375
16297,110162510,ὁ,the,1375
16298,110162511,βασιλεὺς,king,1375
16299,110162512,τῶν,of the,1375
16300,110162513,Ἰουδαίων,Judeans,1375
16301,110162514,",",",",1375
16302,110162515,ἀλλ',but,1375
16303,110162516,ὅτι,that,1375
16304,110162517,ἐκεῖνος,that one,1375
16305,110162518,εἶπεν,said,1375
16306,110162519,.,.,1375
16307,110162520,βασιλεύς,king,1376
16308,110162521,εἰμι,am,1376
16309,110162522,τῶν,of the,1376
16310,110162523,Ἰουδαίων,Jews,1376
16311,110162524,.,.,1376
16312,110162525,ἀπεκρίθη,answered,1377
16313,110162526,ὁ,the,1377
16314,110162527,Πειλᾶτος,Pilate,1377
16315,110162528,.,.,1377
16316,110162529,ὃ,what,1378
16317,110162530,γέγραφα,I have written,1378
16318,110162531,",",",",1378
16319,110162532,γέγραφα,I have written,1378
16320,110162533,.,.,1378
16321,110162534,οἱ,the,1379
16322,110162535,οὖν,therefore,1379
16323,110162536,στρατιῶται,soldiers,1379
16324,110162537,",",",",1379
16325,110162538,ὅτε,when,1379
16326,110162539,ἐσταύρωσαν,crucified,1379
16327,110162540,τὸν,the,1379
16328,110162541,Ἰησοῦν,Jesus,1379
16329,110162542,",",",",1379
16330,110162543,ἔλαβον,took,1379
16331,110162544,τὰ,the,1379
16332,110162545,ἱμάτια,garments,1379
16333,110162546,αὐτοῦ,his,1379
16334,110162547,",",",",1379
16335,110162548,καὶ,and,1379
16336,110162549,ἐποίησαν,made,1379
16337,110162550,τέσσαρα,four,1379
16338,110162551,μέρη,parts,1379
16339,110162552,",",",",1379
16340,110162553,ἑκάστῳ,to each,1379
16341,110162554,στρατιώτῃ,soldier,1379
16342,110162555,μέρος,share,1379
16343,110162556,",",",",1379
16344,110162557,καὶ,and,1379
16345,110162558,τὸν,the,1379
16346,110162559,χιτῶνα,tunic,1379
16347,110162560,.,.,1379
16348,110162561,ἦν,was,1380
16349,110162562,δὲ,but,1380
16350,110162563,ὁ,the,1380
16351,110162564,χιτὼν,tunic,1380
16352,110162565,ἄραφος,unsewn,1380
16353,110162566,",",",",1380
16354,110162567,ἐκ,out of,1380
16355,110162568,τῶν,of the,1380
16356,110162569,ἄνωθεν,from above,1380
16357,110162570,ὑφαντὸς,woven,1380
16358,110162571,δι’,through,1380
16359,110162572,ὅλου,whole,1380
16360,110162573,.,.,1380
16361,110162574,εἶπαν,they said,1381
16362,110162575,οὖν,therefore,1381
16363,110162576,πρὸς,to,1381
16364,110162577,ἀλλήλους,one another,1381
16365,110162578,.,.,1381
16366,110162579,μὴ,not,1382
16367,110162580,σχίσωμεν,tear,1382
16368,110162581,αὐτόν,him,1382
16369,110162582,",",",",1382
16370,110162583,ἀλλὰ,but,1382
16371,110162584,λάχωμεν,let us cast lots,1382
16372,110162585,περὶ,about,1382
16373,110162586,αὐτοῦ,him,1382
16374,110162587,",",",",1382
16375,110162588,τίνος,of whom,1382
16376,110162589,ἔσται,will be,1382
16377,110162590,.,.,1382
16378,110162591,ἵνα,so that,1383
16379,110162592,ἡ,the,1383
16380,110162593,γραφὴ,Scripture,1383
16381,110162594,πληρωθῇ,be fulfilled,1383
16382,110162595,.,.,1383
16383,110162596,διεμερίσαντο,they divided,1384
16384,110162597,τὰ,the,1384
16385,110162598,ἱμάτιά,garments,1384
16386,110162599,μου,my,1384
16387,110162600,ἑαυτοῖς,for themselves,1384
16388,110162601,καὶ,and,1384
16389,110162602,ἐπὶ,upon,1384
16390,110162603,τὸν,the,1384
16391,110162604,ἱματισμόν,garment,1384
16392,110162605,μου,my,1384
16393,110162606,ἔβαλον,cast,1384
16394,110162607,κλῆρον,lot,1384
16395,110162608,.,.,1384
16396,110162609,οἱ,the,1385
16397,110162610,μὲν,on the one hand,1385
16398,110162611,οὖν,therefore,1385
16399,110162612,στρατιῶται,soldiers,1385
16400,110162613,ταῦτα,these things,1385
16401,110162614,ἐποίησαν,did,1385
16402,110162615,.,.,1385
16403,110162616,εἱστήκεισαν,they were standing,1386
16404,110162617,δὲ,but,1386
16405,110162618,παρὰ,by,1386
16406,110162619,τῷ,the,1386
16407,110162620,σταυρῷ,cross,1386
16408,110162621,τοῦ,of,1386
16409,110162622,Ἰησοῦ,Jesus,1386
16410,110162623,ἡ,the,1386
16411,110162624,μήτηρ,mother,1386
16412,110162625,αὐτοῦ,his,1386
16413,110162626,καὶ,and,1386
16414,110162627,ἡ,the,1386
16415,110162628,ἀδελφὴ,sister,1386
16416,110162629,τῆς,of the,1386
16417,110162630,μητρὸς,of mother,1386
16418,110162631,αὐτοῦ,of him,1386
16419,110162632,",",",",1386
16420,110162633,Μαρίαμ,Mary,1386
16421,110162634,ἡ,the,1386
16422,110162635,τοῦ,of,1386
16423,110162636,Κλωπᾶ,of Clopas,1386
16424,110162637,καὶ,and,1386
16425,110162638,Μαρίαμ,Mary,1386
16426,110162639,ἡ,the,1386
16427,110162640,Μαγδαληνή,Magdalene,1386
16428,110162641,.,.,1386
16429,110162642,Ἰησοῦς,Jesus,1387
16430,110162643,οὖν,therefore,1387
16431,110162644,ἰδὼν,having seen,1387
16432,110162645,τὴν,the,1387
16433,110162646,μητέρα,mother,1387
16434,110162647,καὶ,and,1387
16435,110162648,τὸν,the,1387
16436,110162649,μαθητὴν,disciple,1387
16437,110162650,παρεστῶτα,standing by,1387
16438,110162651,ὃν,whom,1387
16439,110162652,ἠγάπα,loved,1387
16440,110162653,",",",",1387
16441,110162654,λέγει,says,1387
16442,110162655,τῇ,the,1387
16443,110162656,μητρί,mother,1387
16444,110162657,.,.,1387
16445,110162658,γύναι,woman,1388
16446,110162659,",",",",1388
16447,110162660,ἴδε,see,1388
16448,110162661,ὁ,the,1388
16449,110162662,υἱός,son,1388
16450,110162663,σου,your,1388
16451,110162664,.,.,1388
16452,110162665,εἶτα,then,1389
16453,110162666,λέγει,says,1389
16454,110162667,τῷ,the,1389
16455,110162668,μαθητῇ,disciple,1389
16456,110162669,.,.,1389
16457,110162670,ἴδε,look,1390
16458,110162671,ἡ,the,1390
16459,110162672,μήτηρ,mother,1390
16460,110162673,σου,your,1390
16461,110162674,.,.,1390
16462,110162675,καὶ,and,1391
16463,110162676,ἀπ’,from,1391
16464,110162677,ἐκείνης,that,1391
16465,110162678,τῆς,the,1391
16466,110162679,ὥρας,hour,1391
16467,110162680,ἔλαβεν,took,1391
16468,110162681,αὐτὴν,her,1391
16469,110162682,ὁ,the,1391
16470,110162683,μαθητὴς,disciple,1391
16471,110162684,εἰς,into,1391
16472,110162685,τὰ,his own,1391
16473,110162686,ἴδια,his own,1391
16474,110162687,.,.,1391
16475,110162688,μετὰ,after,1392
16476,110162689,τοῦτο,this,1392
16477,110162690,εἰδὼς,knowing,1392
16478,110162691,ὁ,the,1392
16479,110162692,Ἰησοῦς,Jesus,1392
16480,110162693,ὅτι,that,1392
16481,110162694,ἤδη,already,1392
16482,110162695,πάντα,all,1392
16483,110162696,τετέλεσται,has been accomplished,1392
16484,110162697,",",",",1392
16485,110162698,ἵνα,so that,1392
16486,110162699,τελειωθῇ,be fulfilled,1392
16487,110162700,ἡ,the,1392
16488,110162701,γραφή,Scripture,1392
16489,110162702,",",",",1392
16490,110162703,λέγει,says,1392
16491,110162704,.,.,1392
16492,110162705,διψῶ,thirst,1393
16493,110162706,.,.,1393
16494,110162707,σκεῦος,vessel,1394
16495,110162708,ἔκειτο,was lying,1394
16496,110162709,ὄξους,vinegar,1394
16497,110162710,μεστόν,full,1394
16498,110162711,.,.,1394
16499,110162712,σπόγγον,sponge,1395
16500,110162713,οὖν,therefore,1395
16501,110162714,μεστὸν,full,1395
16502,110162715,ὄξους,vinegar,1395
16503,110162716,ὑσσώπῳ,hyssop,1395
16504,110162717,περιθέντες,having placed around,1395
16505,110162718,προσήνεγκαν,they brought,1395
16506,110162719,αὐτοῦ,his,1395
16507,110162720,τῷ,the,1395
16508,110162721,στόματι,mouth,1395
16509,110162722,.,.,1395
16510,110162723,ὅτε,when,1396
16511,110162724,οὖν,then,1396
16512,110162725,ἔλαβεν,took,1396
16513,110162726,τὸ,the,1396
16514,110162727,ὄξος,vinegar,1396
16515,110162728,εἶπεν,said,1396
16516,110162729,.,.,1396
16517,110162730,τετέλεσται,has been finished,1397
16518,110162731,",",",",1397
16519,110162732,καὶ,and,1397
16520,110162733,κλίνας,having bowed,1397
16521,110162734,τὴν,the,1397
16522,110162735,κεφαλὴν,head,1397
16523,110162736,παρέδωκεν,handed over,1397
16524,110162737,τὸ,the,1397
16525,110162738,πνεῦμα,spirit,1397
16526,110162739,.,.,1397
16527,110162740,οἱ,the,1398
16528,110162741,οὖν,therefore,1398
16529,110162742,Ἰουδαῖοι,the Jews,1398
16530,110162743,",",",",1398
16531,110162744,ἐπεὶ,because,1398
16532,110162745,παρασκευὴ,preparation,1398
16533,110162746,ἦν,was,1398
16534,110162747,",",",",1398
16535,110162748,ἵνα,so that,1398
16536,110162749,μὴ,not,1398
16537,110162750,μείνῃ,remain,1398
16538,110162751,ἐπὶ,on,1398
16539,110162752,τοῦ,of the,1398
16540,110162753,σταυροῦ,of the cross,1398
16541,110162754,τὰ,the,1398
16542,110162755,σώματα,bodies,1398
16543,110162756,ἐν,in,1398
16544,110162757,τῷ,the,1398
16545,110162758,σαββάτῳ,Sabbath,1398
16546,110162759,",",",",1398
16547,110162760,ἦν,was,1398
16548,110162761,γὰρ,for,1398
16549,110162762,μεγάλη,great,1398
16550,110162763,ἡ,the,1398
16551,110162764,ἡμέρα,day,1398
16552,110162765,ἐκείνου,of that,1398
16553,110162766,τοῦ,of the,1398
16554,110162767,σαββάτου,of the sabbath,1398
16555,110162768,",",",",1398
16556,110162769,ἠρώτησαν,asked,1398
16557,110162770,τὸν,the,1398
16558,110162771,Πειλᾶτον,Pilate,1398
16559,110162772,ἵνα,that,1398
16560,110162773,κατεαγῶσιν,break,1398
16561,110162774,αὐτῶν,their,1398
16562,110162775,τὰ,the,1398
16563,110162776,σκέλη,legs,1398
16564,110162777,καὶ,and,1398
16565,110162778,ἀρθῶσιν,lift,1398
16566,110162779,.,.,1398
16567,110162780,ἦλθον,came,1399
16568,110162781,οὖν,therefore,1399
16569,110162782,οἱ,the,1399
16570,110162783,στρατιῶται,soldiers,1399
16571,110162784,",",",",1399
16572,110162785,καὶ,and,1399
16573,110162786,τοῦ,the,1399
16574,110162787,μὲν,on the one hand,1399
16575,110162788,πρώτου,first,1399
16576,110162789,κατέαξαν,broke,1399
16577,110162790,τὰ,the,1399
16578,110162791,σκέλη,legs,1399
16579,110162792,καὶ,and,1399
16580,110162793,τοῦ,of the,1399
16581,110162794,ἄλλου,other,1399
16582,110162795,τοῦ,the,1399
16583,110162796,συνσταυρωθέντος,of the one crucified,1399
16584,110162797,αὐτῷ,him,1399
16585,110162798,.,.,1399
16586,110162799,ἐπὶ,after,1400
16587,110162800,δὲ,but,1400
16588,110162801,τὸν,the,1400
16589,110162802,Ἰησοῦν,Jesus,1400
16590,110162803,ἐλθόντες,having come,1400
16591,110162804,",",",",1400
16592,110162805,ὡς,when,1400
16593,110162806,εἶδον,had seen,1400
16594,110162807,ἤδη,already,1400
16595,110162808,αὐτὸν,him,1400
16596,110162809,τεθνηκότα,dead,1400
16597,110162810,",",",",1400
16598,110162811,οὐ,not,1400
16599,110162812,κατέαξαν,broke,1400
16600,110162813,αὐτοῦ,his,1400
16601,110162814,τὰ,the,1400
16602,110162815,σκέλη,legs,1400
16603,110162816,",",",",1400
16604,110162817,ἀλλ’,but,1400
16605,110162818,εἷς,with,1400
16606,110162819,τῶν,of the,1400
16607,110162820,στρατιωτῶν,of the soldiers,1400
16608,110162821,λόγχῃ,with a spear,1400
16609,110162822,αὐτοῦ,his,1400
16610,110162823,τὴν,the,1400
16611,110162824,πλευρὰν,side,1400
16612,110162825,ἔνυξεν,stabbed,1400
16613,110162826,",",",",1400
16614,110162827,καὶ,and,1400
16615,110162828,ἐξῆλθεν,came out,1400
16616,110162829,εὐθὺς,immediately,1400
16617,110162830,αἷμα,blood,1400
16618,110162831,καὶ,and,1400
16619,110162832,ὕδωρ,water,1400
16620,110162833,.,.,1400
16621,110162834,καὶ,and,1401
16622,110162835,ὁ,the,1401
16623,110162836,ἑωρακὼς,having seen,1401
16624,110162837,μεμαρτύρηκεν,has testified,1401
16625,110162838,",",",",1401
16626,110162839,καὶ,and,1401
16627,110162840,ἀληθινὴ,true,1401
16628,110162841,αὐτοῦ,his,1401
16629,110162842,ἐστιν,is,1401
16630,110162843,ἡ,the,1401
16631,110162844,μαρτυρία,testimony,1401
16632,110162845,",",",",1401
16633,110162846,κα-,and,1401
16634,110162847,κἀκεῖνος,that one,1401
16635,110162848,οἶδεν,knows,1401
16636,110162849,ὅτι,that,1401
16637,110162850,ἀληθῆ,true,1401
16638,110162851,λέγει,says,1401
16639,110162852,",",",",1401
16640,110162853,ἵνα,in order that,1401
16641,110162854,καὶ,also,1401
16642,110162855,ὑμεῖς,you,1401
16643,110162856,πιστεύητε,you may believe,1401
16644,110162857,.,.,1401
16645,110162858,ἐγένετο,came to be,1402
16646,110162859,γὰρ,for,1402
16647,110162860,ταῦτα,these things,1402
16648,110162861,ἵνα,in order that,1402
16649,110162862,ἡ,the,1402
16650,110162863,γραφὴ,scripture,1402
16651,110162864,πληρωθῇ,be fulfilled,1402
16652,110162865,.,.,1402
16653,110162866,ὀστοῦν,bone,1403
16654,110162867,οὐ,not,1403
16655,110162868,συντριβήσεται,will be crushed,1403
16656,110162869,αὐτοῦ,of him,1403
16657,110162870,.,.,1403
16658,110162871,καὶ,and,1404
16659,110162872,πάλιν,again,1404
16660,110162873,ἑτέρα,another,1404
16661,110162874,γραφὴ,Scripture,1404
16662,110162875,λέγει,says,1404
16663,110162876,.,.,1404
16664,110162877,ὄψονται,they will see,1405
16665,110162878,εἰς,to,1405
16666,110162879,ὃν,whom,1405
16667,110162880,ἐξεκέντησαν,pierce,1405
16668,110162881,.,.,1405
16669,110162882,μετὰ,after,1406
16670,110162883,δὲ,then,1406
16671,110162884,ταῦτα,these things,1406
16672,110162885,ἠρώτησεν,asked,1406
16673,110162886,τὸν,the,1406
16674,110162887,Πειλᾶτον,Pilate,1406
16675,110162888,Ἰωσὴφ,Joseph,1406
16676,110162889,ὁ,who,1406
16677,110162890,ἀπὸ,from,1406
16678,110162891,Ἀριμαθαίας,of Arimathea,1406
16679,110162892,",",",",1406
16680,110162893,ὢν,being,1406
16681,110162894,μαθητὴς,disciple,1406
16682,110162895,τοῦ,of,1406
16683,110162896,Ἰησοῦ,of Jesus,1406
16684,110162897,κεκρυμμένος,having been hidden,1406
16685,110162898,δὲ,but,1406
16686,110162899,διὰ,because of,1406
16687,110162900,τὸν,the,1406
16688,110162901,φόβον,fear,1406
16689,110162902,τῶν,of the,1406
16690,110162903,Ἰουδαίων,Jews,1406
16691,110162904,",",",",1406
16692,110162905,ἵνα,in order that,1406
16693,110162906,ἄρῃ,take,1406
16694,110162907,τὸ,the,1406
16695,110162908,σῶμα,body,1406
16696,110162909,τοῦ,of,1406
16697,110162910,Ἰησοῦ,of Jesus,1406
16698,110162911,.,.,1406
16699,110162912,καὶ,and,1407
16700,110162913,ἐπέτρεψεν,permitted,1407
16701,110162914,ὁ,the,1407
16702,110162915,Πειλᾶτος,Pilate,1407
16703,110162916,.,.,1407
16704,110162917,ἦλθεν,came,1408
16705,110162918,οὖν,therefore,1408
16706,110162919,καὶ,and,1408
16707,110162920,ἦραν,raised,1408
16708,110162921,αὐτόν,him,1408
16709,110162922,.,.,1408
16710,110162923,ἦλθεν,came,1409
16711,110162924,δὲ,but,1409
16712,110162925,καὶ,and,1409
16713,110162926,Νικόδημος,Nicodemus,1409
16714,110162927,",",",",1409
16715,110162928,ὁ,who,1409
16716,110162929,ἐλθὼν,having come,1409
16717,110162930,πρὸς,to,1409
16718,110162931,αὐτὸν,him,1409
16719,110162932,νυκτὸς,at night,1409
16720,110162933,τὸ,the,1409
16721,110162934,πρῶτον,first,1409
16722,110162935,",",",",1409
16723,110162936,φέρων,bringing,1409
16724,110162937,μίγμα,mixture,1409
16725,110162938,σμύρνης,myrrh,1409
16726,110162939,καὶ,and,1409
16727,110162940,ἀλόης,aloe,1409
16728,110162941,ὡς,as,1409
16729,110162942,λίτρας,pounds,1409
16730,110162943,ἑκατόν,hundred,1409
16731,110162944,.,.,1409
16732,110162945,ἔλαβον,took,1410
16733,110162946,οὖν,therefore,1410
16734,110162947,τὸ,the,1410
16735,110162948,σῶμα,body,1410
16736,110162949,τοῦ,of,1410
16737,110162950,Ἰησοῦ,of Jesus,1410
16738,110162951,καὶ,and,1410
16739,110162952,ἔδησαν,bound,1410
16740,110162953,αὐτὸ,him,1410
16741,110162954,ὀθονίοις,linen cloths,1410
16742,110162955,μετὰ,with,1410
16743,110162956,τῶν,of the,1410
16744,110162957,ἀρωμάτων,spices,1410
16745,110162958,",",",",1410
16746,110162959,καθὼς,just as,1410
16747,110162960,ἔθος,custom,1410
16748,110162961,ἐστὶν,is,1410
16749,110162962,τοῖς,the,1410
16750,110162963,Ἰουδαίοις,Jews,1410
16751,110162964,ἐνταφιάζειν,to bury,1410
16752,110162965,.,.,1410
16753,110162966,ἦν,was,1411
16754,110162967,δὲ,but,1411
16755,110162968,ἐν,in,1411
16756,110162969,τῷ,the,1411
16757,110162970,τόπῳ,place,1411
16758,110162971,ὅπου,where,1411
16759,110162972,ἐσταυρώθη,was crucified,1411
16760,110162973,κῆπος,garden,1411
16761,110162974,",",",",1411
16762,110162975,καὶ,and,1411
16763,110162976,ἐν,in,1411
16764,110162977,τῷ,the,1411
16765,110162978,κήπῳ,in the garden,1411
16766,110162979,μνημεῖον,tomb,1411
16767,110162980,καινόν,new,1411
16768,110162981,",",",",1411
16769,110162982,ἐν,in,1411
16770,110162983,ᾧ,in which,1411
16771,110162984,οὐδέπω,not yet,1411
16772,110162985,οὐδεὶς,no one,1411
16773,110162986,ἐτέθη,was placed,1411
16774,110162987,.,.,1411
16775,110162988,ἐκεῖ,there,1412
16776,110162989,οὖν,therefore,1412
16777,110162990,διὰ,because of,1412
16778,110162991,τὴν,the,1412
16779,110162992,παρασκευὴν,preparation,1412
16780,110162993,τῶν,of the,1412
16781,110162994,Ἰουδαίων,of the Jews,1412
16782,110162995,",",",",1412
16783,110162996,ὅτι,because,1412
16784,110162997,ἐγγὺς,near,1412
16785,110162998,ἦν,was,1412
16786,110162999,τὸ,the,1412
16787,110163000,μνημεῖον,tomb,1412
16788,110163001,",",",",1412
16789,110163002,ἔθηκαν,they placed,1412
16790,110163003,τὸν,the,1412
16791,110163004,Ἰησοῦν,Jesus,1412
16792,110163005,.,.,1412
16793,110163006,τῇ,the,1413
16794,110163007,δὲ,but,1413
16795,110163008,μιᾷ,first,1413
16796,110163009,τῶν,of the,1413
16797,110163010,σαββάτων,Sabbaths,1413
16798,110163011,Μαρίαμ,Mary,1413
16799,110163012,ἡ,the,1413
16800,110163013,Μαγδαληνὴ,Magdalene,1413
16801,110163014,ἔρχεται,comes,1413
16802,110163015,πρωῒ,early,1413
16803,110163016,σκοτίας,darkness,1413
16804,110163017,ἔτι,still,1413
16805,110163018,οὔσης,being,1413
16806,110163019,εἰς,to,1413
16807,110163020,τὸ,the,1413
16808,110163021,μνημεῖον,tomb,1413
16809,110163022,",",",",1413
16810,110163023,καὶ,and,1413
16811,110163024,βλέπει,sees,1413
16812,110163025,τὸν,the,1413
16813,110163026,λίθον,stone,1413
16814,110163027,ἠρμένον,having been rolled away,1413
16815,110163028,ἐκ,from,1413
16816,110163029,τοῦ,the,1413
16817,110163030,μνημείου,tomb,1413
16818,110163031,.,.,1413
16819,110163032,τρέχει,runs,1414
16820,110163033,οὖν,then,1414
16821,110163034,καὶ,and,1414
16822,110163035,ἔρχεται,comes,1414
16823,110163036,πρὸς,to,1414
16824,110163037,Σίμωνα,Simon,1414
16825,110163038,Πέτρον,Peter,1414
16826,110163039,καὶ,and,1414
16827,110163040,πρὸς,to,1414
16828,110163041,τὸν,the,1414
16829,110163042,ἄλλον,other,1414
16830,110163043,μαθητὴν,disciple,1414
16831,110163044,ὃν,whom,1414
16832,110163045,ἐφίλει,loved,1414
16833,110163046,ὁ,the,1414
16834,110163047,Ἰησοῦς,Jesus,1414
16835,110163048,",",",",1414
16836,110163049,καὶ,and,1414
16837,110163050,λέγει,says,1414
16838,110163051,αὐτοῖς,them,1414
16839,110163052,.,.,1414
16840,110163053,ἦραν,they took up,1415
16841,110163054,τὸν,the,1415
16842,110163055,κύριον,lord,1415
16843,110163056,ἐκ,from,1415
16844,110163057,τοῦ,of the,1415
16845,110163058,μνημείου,of the tomb,1415
16846,110163059,",",",",1415
16847,110163060,καὶ,and,1415
16848,110163061,οὐκ,not,1415
16849,110163062,οἴδαμεν,we know,1415
16850,110163063,ποῦ,where,1415
16851,110163064,ἔθηκαν,they placed,1415
16852,110163065,αὐτόν,him,1415
16853,110163066,.,.,1415
16854,110163067,ἐξῆλθεν,went out,1416
16855,110163068,οὖν,therefore,1416
16856,110163069,ὁ,the,1416
16857,110163070,Πέτρος,Peter,1416
16858,110163071,καὶ,and,1416
16859,110163072,ὁ,the,1416
16860,110163073,ἄλλος,other,1416
16861,110163074,μαθητής,disciple,1416
16862,110163075,",",",",1416
16863,110163076,καὶ,and,1416
16864,110163077,ἤρχοντο,were coming,1416
16865,110163078,εἰς,to,1416
16866,110163079,τὸ,the,1416
16867,110163080,μνημεῖον,tomb,1416
16868,110163081,.,.,1416
16869,110163082,ἔτρεχον,were running,1417
16870,110163083,δὲ,but,1417
16871,110163084,οἱ,the,1417
16872,110163085,δύο,two,1417
16873,110163086,ὁμοῦ,together,1417
16874,110163087,.,.,1417
16875,110163088,καὶ,and,1418
16876,110163089,ὁ,the,1418
16877,110163090,ἄλλος,other,1418
16878,110163091,μαθητὴς,disciple,1418
16879,110163092,προέδραμεν,ran ahead,1418
16880,110163093,τάχιον,more quickly,1418
16881,110163094,τοῦ,of the,1418
16882,110163095,Πέτρου,of Peter,1418
16883,110163096,καὶ,and,1418
16884,110163097,ἦλθεν,he came,1418
16885,110163098,πρῶτος,first,1418
16886,110163099,εἰς,into,1418
16887,110163100,τὸ,the,1418
16888,110163101,μνημεῖον,tomb,1418
16889,110163102,",",",",1418
16890,110163103,καὶ,and,1418
16891,110163104,παρακύψας,having leaned forward,1418
16892,110163105,βλέπει,sees,1418
16893,110163106,κείμενα,lying,1418
16894,110163107,τὰ,the,1418
16895,110163108,ὀθόνια,linen cloths,1418
16896,110163109,",",",",1418
16897,110163110,οὐ,not,1418
16898,110163111,μέντοι,however,1418
16899,110163112,εἰσῆλθεν,entered,1418
16900,110163113,.,.,1418
16901,110163114,ἔρχεται,comes,1419
16902,110163115,οὖν,therefore,1419
16903,110163116,Σίμων,Simon,1419
16904,110163117,Πέτρος,Peter,1419
16905,110163118,ἀκολουθῶν,following,1419
16906,110163119,αὐτῷ,him,1419
16907,110163120,",",",",1419
16908,110163121,καὶ,and,1419
16909,110163122,εἰσῆλθεν,entered,1419
16910,110163123,εἰς,into,1419
16911,110163124,τὸ,the,1419
16912,110163125,μνημεῖον,tomb,1419
16913,110163126,",",",",1419
16914,110163127,καὶ,and,1419
16915,110163128,θεωρεῖ,sees,1419
16916,110163129,τὰ,the,1419
16917,110163130,ὀθόνια,linen cloths,1419
16918,110163131,κείμενα,lying,1419
16919,110163132,",",",",1419
16920,110163133,καὶ,and,1419
16921,110163134,τὸ,the,1419
16922,110163135,σουδάριον,napkin,1419
16923,110163136,",",",",1419
16924,110163137,ὃ,which,1419
16925,110163138,ἦν,was,1419
16926,110163139,ἐπὶ,on,1419
16927,110163140,τῆς,the,1419
16928,110163141,κεφαλῆς,of the head,1419
16929,110163142,αὐτοῦ,his,1419
16930,110163143,",",",",1419
16931,110163144,οὐ,not,1419
16932,110163145,μετὰ,with,1419
16933,110163146,τῶν,of the,1419
16934,110163147,ὀθονίων,linen cloths,1419
16935,110163148,κείμενον,placed,1419
16936,110163149,ἀλλὰ,but,1419
16937,110163150,χωρὶς,separately,1419
16938,110163151,ἐντετυλιγμένον,wrapped,1419
16939,110163152,εἰς,into,1419
16940,110163153,ἕνα,one,1419
16941,110163154,τόπον,place,1419
16942,110163155,.,.,1419
16943,110163156,τότε,then,1420
16944,110163157,οὖν,then,1420
16945,110163158,εἰσῆλθεν,entered,1420
16946,110163159,καὶ,and,1420
16947,110163160,ὁ,the,1420
16948,110163161,ἄλλος,another,1420
16949,110163162,μαθητὴς,disciple,1420
16950,110163163,ὁ,the,1420
16951,110163164,ἐλθὼν,having come,1420
16952,110163165,πρῶτος,first,1420
16953,110163166,εἰς,into,1420
16954,110163167,τὸ,the,1420
16955,110163168,μνημεῖον,tomb,1420
16956,110163169,",",",",1420
16957,110163170,καὶ,and,1420
16958,110163171,εἶδεν,saw,1420
16959,110163172,καὶ,and,1420
16960,110163173,ἐπίστευσεν,believed,1420
16961,110163174,.,.,1420
16962,110163175,οὐδέπω,not yet,1421
16963,110163176,γὰρ,for,1421
16964,110163177,ᾔδεισαν,they had not known,1421
16965,110163178,τὴν,the,1421
16966,110163179,γραφὴν,scripture,1421
16967,110163180,ὅτι,that,1421
16968,110163181,δεῖ,it is necessary,1421
16969,110163182,αὐτὸν,him,1421
16970,110163183,ἐκ,from,1421
16971,110163184,νεκρῶν,the dead,1421
16972,110163185,ἀναστῆναι,to rise,1421
16973,110163186,.,.,1421
16974,110163187,ἀπῆλθον,went away,1422
16975,110163188,οὖν,then,1422
16976,110163189,πάλιν,again,1422
16977,110163190,πρὸς,to,1422
16978,110163191,αὐτοὺς,them,1422
16979,110163192,οἱ,the,1422
16980,110163193,μαθηταί,disciples,1422
16981,110163194,.,.,1422
16982,110163195,Μαρὶαμ,Mary,1423
16983,110163196,δὲ,but,1423
16984,110163197,εἱστήκει,was standing,1423
16985,110163198,πρὸς,before,1423
16986,110163199,τῷ,the,1423
16987,110163200,μνημείῳ,tomb,1423
16988,110163201,ἔξω,outside,1423
16989,110163202,κλαίουσα,weeping,1423
16990,110163203,.,.,1423
16991,110163204,ὡς,so,1424
16992,110163205,οὖν,then,1424
16993,110163206,ἔκλαιεν,was weeping,1424
16994,110163207,παρέκυψεν,bent over,1424
16995,110163208,εἰς,into,1424
16996,110163209,τὸ,the,1424
16997,110163210,μνημεῖον,tomb,1424
16998,110163211,",",",",1424
16999,110163212,καὶ,and,1424
17000,110163213,θεωρεῖ,sees,1424
17001,110163214,δύο,two,1424
17002,110163215,ἀγγέλους,angels,1424
17003,110163216,ἐν,in,1424
17004,110163217,λευκοῖς,white,1424
17005,110163218,καθεζομένους,sitting,1424
17006,110163219,",",",",1424
17007,110163220,ἕνα,one,1424
17008,110163221,πρὸς,toward,1424
17009,110163222,τῇ,the,1424
17010,110163223,κεφαλῇ,head,1424
17011,110163224,καὶ,and,1424
17012,110163225,ἕνα,one,1424
17013,110163226,πρὸς,at,1424
17014,110163227,τοῖς,the,1424
17015,110163228,ποσίν,feet,1424
17016,110163229,",",",",1424
17017,110163230,ὅπου,where,1424
17018,110163231,ἔκειτο,was lying,1424
17019,110163232,τὸ,the,1424
17020,110163233,σῶμα,body,1424
17021,110163234,τοῦ,of,1424
17022,110163235,Ἰησοῦ,of Jesus,1424
17023,110163236,.,.,1424
17024,110163237,λέγουσιν,they say,1425
17025,110163238,αὐτῇ,her,1425
17026,110163239,ἐκεῖνοι,those,1425
17027,110163240,.,.,1425
17028,110163241,γύναι,woman,1426
17029,110163242,",",",",1426
17030,110163243,τί,why,1426
17031,110163244,κλαίεις,you are weeping,1426
17032,110163245,;,?,1426
17033,110163246,λέγει,says,1427
17034,110163247,αὐτοῖς,them,1427
17035,110163248,ὅτι,that,1427
17036,110163249,ἦραν,they took,1427
17037,110163250,τὸν,the,1427
17038,110163251,κύριόν,Lord,1427
17039,110163252,μου,my,1427
17040,110163253,",",",",1427
17041,110163254,καὶ,and,1427
17042,110163255,οὐκ,not,1427
17043,110163256,οἶδα,know,1427
17044,110163257,ποῦ,where,1427
17045,110163258,ἔθηκαν,they put,1427
17046,110163259,αὐτόν,him,1427
17047,110163260,.,.,1427
17048,110163261,ταῦτα,these things,1428
17049,110163262,εἰποῦσα,having said,1428
17050,110163263,ἐστράφη,turned,1428
17051,110163264,εἰς,to,1428
17052,110163265,τὰ,the,1428
17053,110163266,ὀπίσω,back,1428
17054,110163267,",",",",1428
17055,110163268,καὶ,and,1428
17056,110163269,θεωρεῖ,sees,1428
17057,110163270,τὸν,the,1428
17058,110163271,Ἰησοῦν,Jesus,1428
17059,110163272,ἑστῶτα,standing,1428
17060,110163273,",",",",1428
17061,110163274,καὶ,and,1428
17062,110163275,οὐκ,not,1428
17063,110163276,ᾔδει,knew,1428
17064,110163277,ὅτι,that,1428
17065,110163278,Ἰησοῦς,Jesus,1428
17066,110163279,ἐστιν,is,1428
17067,110163280,.,.,1428
17068,110163281,λέγει,says,1429
17069,110163282,αὐτῇ,her,1429
17070,110163283,Ἰησοῦς,Jesus,1429
17071,110163284,.,.,1429
17072,110163285,γύναι,woman,1430
17073,110163286,",",",",1430
17074,110163287,τί,why,1430
17075,110163288,κλαίεις,you are weeping,1430
17076,110163289,;,;,1430
17077,110163290,τίνα,whom,1431
17078,110163291,ζητεῖς,you are seeking,1431
17079,110163292,;,;,1431
17080,110163293,ἐκείνη,she,1432
17081,110163294,δοκοῦσα,thinking,1432
17082,110163295,ὅτι,that,1432
17083,110163296,ὁ,the,1432
17084,110163297,κηπουρός,gardener,1432
17085,110163298,ἐστιν,is,1432
17086,110163299,",",",",1432
17087,110163300,λέγει,says,1432
17088,110163301,αὐτῷ,him,1432
17089,110163302,.,.,1432
17090,110163303,κύριε,Sir,1433
17091,110163304,",",",",1433
17092,110163305,εἰ,if,1433
17093,110163306,σὺ,you,1433
17094,110163307,ἐβάστασας,you lifted,1433
17095,110163308,αὐτόν,him,1433
17096,110163309,",",",",1433
17097,110163310,εἰπέ,say,1433
17098,110163311,μοι,me,1433
17099,110163312,ποῦ,where,1433
17100,110163313,ἔθηκας,you have put,1433
17101,110163314,αὐτόν,it,1433
17102,110163315,",",",",1433
17103,110163316,κα-,and,1433
17104,110163317,κἀγὼ,and I,1433
17105,110163318,αὐτὸν,it,1433
17106,110163319,ἀρῶ,lift,1433
17107,110163320,.,.,1433
17108,110163321,λέγει,says,1434
17109,110163322,αὐτῇ,her,1434
17110,110163323,Ἰησοῦς,Jesus,1434
17111,110163324,.,.,1434
17112,110163325,Μαριάμ,Mary,1435
17113,110163326,.,.,1435
17114,110163327,στραφεῖσα,turning,1436
17115,110163328,ἐκείνη,she,1436
17116,110163329,λέγει,says,1436
17117,110163330,αὐτῷ,to him,1436
17118,110163331,Ἑβραϊστί,in Hebrew,1436
17119,110163332,",",",",1436
17120,110163333,Ῥαββουνί,Rabboni,1436
17121,110163334,",",",",1436
17122,110163335,ὃ,it,1436
17123,110163336,λέγεται,is called,1436
17124,110163337,διδάσκαλε,teacher,1436
17125,110163338,.,.,1436
17126,110163339,λέγει,says,1437
17127,110163340,αὐτῇ,her,1437
17128,110163341,Ἰησοῦς,Jesus,1437
17129,110163342,.,.,1437
17130,110163343,μή,not,1438
17131,110163344,μου,me,1438
17132,110163345,ἅπτου,touch,1438
17133,110163346,.,.,1438
17134,110163347,οὔπω,not yet,1439
17135,110163348,γὰρ,for,1439
17136,110163349,ἀναβέβηκα,I have gone up,1439
17137,110163350,πρὸς,to,1439
17138,110163351,τὸν,the,1439
17139,110163352,πατέρα,father,1439
17140,110163353,.,.,1439
17141,110163354,πορεύου,go,1440
17142,110163355,δὲ,but,1440
17143,110163356,πρὸς,to,1440
17144,110163357,τοὺς,the,1440
17145,110163358,ἀδελφούς,brothers,1440
17146,110163359,μου,my,1440
17147,110163360,καὶ,and,1440
17148,110163361,εἰπὲ,say,1440
17149,110163362,αὐτοῖς,them,1440
17150,110163363,.,.,1440
17151,110163364,ἀναβαίνω,I go up,1441
17152,110163365,πρὸς,toward,1441
17153,110163366,τὸν,the,1441
17154,110163367,πατέρα,father,1441
17155,110163368,μου,my,1441
17156,110163369,καὶ,and,1441
17157,110163370,πατέρα,father,1441
17158,110163371,ὑμῶν,your,1441
17159,110163372,καὶ,and,1441
17160,110163373,θεόν,God,1441
17161,110163374,μου,my,1441
17162,110163375,καὶ,and,1441
17163,110163376,θεὸν,God,1441
17164,110163377,ὑμῶν,of you,1441
17165,110163378,.,.,1441
17166,110163379,ἔρχεται,comes,1442
17167,110163380,Μαριὰμ,Mary,1442
17168,110163381,ἡ,the,1442
17169,110163382,Μαγδαληνὴ,Magdalene,1442
17170,110163383,ἀγγέλλουσα,announcing,1442
17171,110163384,τοῖς,the,1442
17172,110163385,μαθηταῖς,disciples,1442
17173,110163386,ὅτι,that,1442
17174,110163387,ἑώρακα,have seen,1442
17175,110163388,τὸν,the,1442
17176,110163389,κύριον,Lord,1442
17177,110163390,",",",",1442
17178,110163391,καὶ,and,1442
17179,110163392,ταῦτα,these things,1442
17180,110163393,εἶπεν,said,1442
17181,110163394,αὐτῇ,her,1442
17182,110163395,.,.,1442
17183,110163396,οὔσης,being,1443
17184,110163397,οὖν,then,1443
17185,110163398,ὀψίας,late,1443
17186,110163399,τῇ,the,1443
17187,110163400,ἡμέρᾳ,day,1443
17188,110163401,ἐκείνῃ,that,1443
17189,110163402,τῇ,the,1443
17190,110163403,μιᾷ,first,1443
17191,110163404,σαββάτων,of Sabbaths,1443
17192,110163405,",",",",1443
17193,110163406,καὶ,and,1443
17194,110163407,τῶν,of the,1443
17195,110163408,θυρῶν,doors,1443
17196,110163409,κεκλεισμένων,being shut,1443
17197,110163410,ὅπου,where,1443
17198,110163411,ἦσαν,were,1443
17199,110163412,οἱ,the,1443
17200,110163413,μαθηταὶ,disciples,1443
17201,110163414,διὰ,because of,1443
17202,110163415,τὸν,the,1443
17203,110163416,φόβον,fear,1443
17204,110163417,τῶν,of the,1443
17205,110163418,Ἰουδαίων,of the Jews,1443
17206,110163419,",",",",1443
17207,110163420,ἦλθεν,came,1443
17208,110163421,ὁ,the,1443
17209,110163422,Ἰησοῦς,Jesus,1443
17210,110163423,καὶ,and,1443
17211,110163424,ἔστη,stood,1443
17212,110163425,εἰς,into,1443
17213,110163426,τὸ,the,1443
17214,110163427,μέσον,middle,1443
17215,110163428,",",",",1443
17216,110163429,καὶ,and,1443
17217,110163430,λέγει,says,1443
17218,110163431,αὐτοῖς,them,1443
17219,110163432,.,.,1443
17220,110163433,εἰρήνη,Peace,1444
17221,110163434,ὑμῖν,to you,1444
17222,110163435,.,.,1444
17223,110163436,καὶ,and,1445
17224,110163437,τοῦτο,this,1445
17225,110163438,εἰπὼν,having said,1445
17226,110163439,ἔδειξεν,showed,1445
17227,110163440,τὰς,the,1445
17228,110163441,χεῖρας,hands,1445
17229,110163442,καὶ,and,1445
17230,110163443,τὴν,the,1445
17231,110163444,πλευρὰν,side,1445
17232,110163445,αὐτοῖς,them,1445
17233,110163446,.,.,1445
17234,110163447,ἐχάρησαν,rejoiced,1446
17235,110163448,οὖν,therefore,1446
17236,110163449,οἱ,the,1446
17237,110163450,μαθηταὶ,disciples,1446
17238,110163451,ἰδόντες,having seen,1446
17239,110163452,τὸν,the,1446
17240,110163453,κύριον,Lord,1446
17241,110163454,.,.,1446
17242,110163455,εἶπεν,said,1447
17243,110163456,οὖν,therefore,1447
17244,110163457,αὐτοῖς,them,1447
17245,110163458,πάλιν,again,1447
17246,110163459,.,.,1447
17247,110163460,εἰρήνη,peace,1448
17248,110163461,ὑμῖν,to you,1448
17249,110163462,.,.,1448
17250,110163463,καθὼς,just as,1449
17251,110163464,ἀπέσταλκέν,has sent,1449
17252,110163465,με,me,1449
17253,110163466,ὁ,the,1449
17254,110163467,πατήρ,father,1449
17255,110163468,",",",",1449
17256,110163469,κα-,and,1449
17257,110163470,κἀγὼ,and I,1449
17258,110163471,πέμπω,send,1449
17259,110163472,ὑμᾶς,you,1449
17260,110163473,.,.,1449
17261,110163474,καὶ,and,1450
17262,110163475,τοῦτο,this,1450
17263,110163476,εἰπὼν,having said,1450
17264,110163477,ἐνεφύσησεν,breathed into,1450
17265,110163478,καὶ,and,1450
17266,110163479,λέγει,says,1450
17267,110163480,αὐτοῖς,to them,1450
17268,110163481,.,.,1450
17269,110163482,λάβετε,receive,1451
17270,110163483,πνεῦμα,spirit,1451
17271,110163484,ἅγιον,holy,1451
17272,110163485,.,.,1451
17273,110163486,ἄν,if,1452
17274,110163487,τινων,some,1452
17275,110163488,ἀφῆτε,you may release,1452
17276,110163489,τὰς,the,1452
17277,110163490,ἁμαρτίας,sins,1452
17278,110163491,ἀφέωνται,will be forgiven,1452
17279,110163492,αὐτοῖς,them,1452
17280,110163493,.,.,1452
17281,110163494,ἄν,if,1453
17282,110163495,τινων,of some,1453
17283,110163496,κρατῆτε,you should hold,1453
17284,110163497,",",",",1453
17285,110163498,κεκράτηνται,are held,1453
17286,110163499,.,.,1453
17287,110163500,Θωμᾶς,Thomas,1454
17288,110163501,δὲ,but,1454
17289,110163502,εἷς,one,1454
17290,110163503,ἐκ,out of,1454
17291,110163504,τῶν,the,1454
17292,110163505,δώδεκα,twelve,1454
17293,110163506,",",",",1454
17294,110163507,ὁ,the,1454
17295,110163508,λεγόμενος,called,1454
17296,110163509,Δίδυμος,Twin,1454
17297,110163510,",",",",1454
17298,110163511,οὐκ,not,1454
17299,110163512,ἦν,was,1454
17300,110163513,μετ’,with,1454
17301,110163514,αὐτῶν,them,1454
17302,110163515,ὅτε,when,1454
17303,110163516,ἦλθεν,came,1454
17304,110163517,Ἰησοῦς,Jesus,1454
17305,110163518,.,.,1454
17306,110163519,ἔλεγον,were saying,1455
17307,110163520,οὖν,therefore,1455
17308,110163521,αὐτῷ,him,1455
17309,110163522,οἱ,the,1455
17310,110163523,ἄλλοι,other,1455
17311,110163524,μαθηταί,disciples,1455
17312,110163525,.,.,1455
17313,110163526,ἑωράκαμεν,have seen,1456
17314,110163527,τὸν,the,1456
17315,110163528,κύριον,Lord,1456
17316,110163529,.,.,1456
17317,110163530,ὁ,he,1457
17318,110163531,δὲ,but,1457
17319,110163532,εἶπεν,said,1457
17320,110163533,αὐτοῖς,them,1457
17321,110163534,.,.,1457
17322,110163535,ἐὰν,if,1458
17323,110163536,μὴ,not,1458
17324,110163537,ἴδω,see,1458
17325,110163538,ἐν,in,1458
17326,110163539,ταῖς,the,1458
17327,110163540,χερσὶν,hands,1458
17328,110163541,αὐτοῦ,his,1458
17329,110163542,τὸν,the,1458
17330,110163543,τύπον,mark,1458
17331,110163544,τῶν,of the,1458
17332,110163545,ἥλων,of nails,1458
17333,110163546,καὶ,and,1458
17334,110163547,βάλω,put,1458
17335,110163548,μου,my,1458
17336,110163549,τὸν,the,1458
17337,110163550,δάκτυλον,finger,1458
17338,110163551,εἰς,into,1458
17339,110163552,τὸν,the,1458
17340,110163553,τόπον,place,1458
17341,110163554,τῶν,of the,1458
17342,110163555,ἥλων,of the nails,1458
17343,110163556,καὶ,and,1458
17344,110163557,βάλω,put,1458
17345,110163558,μου,my,1458
17346,110163559,τὴν,the,1458
17347,110163560,χεῖρα,hand,1458
17348,110163561,εἰς,into,1458
17349,110163562,τὴν,the,1458
17350,110163563,πλευρὰν,side,1458
17351,110163564,αὐτοῦ,his,1458
17352,110163565,",",",",1458
17353,110163566,οὐ,not,1458
17354,110163567,μὴ,not,1458
17355,110163568,πιστεύσω,believe,1458
17356,110163569,.,.,1458
17357,110163570,καὶ,and,1459
17358,110163571,μεθ',after,1459
17359,110163572,ἡμέρας,days,1459
17360,110163573,ὀκτὼ,eight,1459
17361,110163574,πάλιν,again,1459
17362,110163575,ἦσαν,were,1459
17363,110163576,ἔσω,inside,1459
17364,110163577,οἱ,the,1459
17365,110163578,μαθηταὶ,disciples,1459
17366,110163579,αὐτοῦ,his,1459
17367,110163580,",",",",1459
17368,110163581,καὶ,and,1459
17369,110163582,Θωμᾶς,Thomas,1459
17370,110163583,μετ’,with,1459
17371,110163584,αὐτῶν,them,1459
17372,110163585,.,.,1459
17373,110163586,ἔρχεται,comes,1460
17374,110163587,ὁ,the,1460
17375,110163588,Ἰησοῦς,Jesus,1460
17376,110163589,τῶν,of the,1460
17377,110163590,θυρῶν,doors,1460
17378,110163591,κεκλεισμένων,having been locked,1460
17379,110163592,",",",",1460
17380,110163593,καὶ,and,1460
17381,110163594,ἔστη,stood,1460
17382,110163595,εἰς,into,1460
17383,110163596,τὸ,the,1460
17384,110163597,μέσον,middle,1460
17385,110163598,καὶ,and,1460
17386,110163599,εἶπεν,said,1460
17387,110163600,.,.,1460
17388,110163601,εἰρήνη,peace,1461
17389,110163602,ὑμῖν,to you,1461
17390,110163603,.,.,1461
17391,110163604,εἶτα,then,1462
17392,110163605,λέγει,says,1462
17393,110163606,τῷ,to,1462
17394,110163607,Θωμᾷ,Thomas,1462
17395,110163608,.,.,1462
17396,110163609,φέρε,bring,1463
17397,110163610,τὸν,the,1463
17398,110163611,δάκτυλόν,finger,1463
17399,110163612,σου,your,1463
17400,110163613,ὧδε,here,1463
17401,110163614,καὶ,and,1463
17402,110163615,ἴδε,see,1463
17403,110163616,τὰς,the,1463
17404,110163617,χεῖράς,hands,1463
17405,110163618,μου,my,1463
17406,110163619,",",",",1463
17407,110163620,καὶ,and,1463
17408,110163621,φέρε,bring,1463
17409,110163622,τὴν,the,1463
17410,110163623,χεῖρά,hand,1463
17411,110163624,σου,your,1463
17412,110163625,καὶ,and,1463
17413,110163626,βάλε,put,1463
17414,110163627,εἰς,into,1463
17415,110163628,τὴν,the,1463
17416,110163629,πλευράν,side,1463
17417,110163630,μου,my,1463
17418,110163631,",",",",1463
17419,110163632,καὶ,and,1463
17420,110163633,μὴ,not,1463
17421,110163634,γίνου,be,1463
17422,110163635,ἄπιστος,doubting,1463
17423,110163636,ἀλλὰ,but,1463
17424,110163637,πιστός,believing,1463
17425,110163638,.,.,1463
17426,110163639,ἀπεκρίθη,answered,1464
17427,110163640,Θωμᾶς,Thomas,1464
17428,110163641,καὶ,and,1464
17429,110163642,εἶπεν,said,1464
17430,110163643,αὐτῷ,him,1464
17431,110163644,.,.,1464
17432,110163645,ὁ,the,1465
17433,110163646,κύριός,Lord,1465
17434,110163647,μου,my,1465
17435,110163648,καὶ,and,1465
17436,110163649,ὁ,the,1465
17437,110163650,θεός,God,1465
17438,110163651,μου,my,1465
17439,110163652,.,.,1465
17440,110163653,λέγει,says,1466
17441,110163654,αὐτῷ,him,1466
17442,110163655,ὁ,the,1466
17443,110163656,Ἰησοῦς,Jesus,1466
17444,110163657,.,.,1466
17445,110163658,ὅτι,because,1467
17446,110163659,ἑώρακάς,you have seen,1467
17447,110163660,με,me,1467
17448,110163661,",",",",1467
17449,110163662,πεπίστευκας,you have believed,1467
17450,110163663,;,?,1467
17451,110163664,μακάριοι,blessed,1468
17452,110163665,οἱ,the,1468
17453,110163666,μὴ,not,1468
17454,110163667,ἰδόντες,having seen,1468
17455,110163668,καὶ,and,1468
17456,110163669,πιστεύσαντες,having believed,1468
17457,110163670,.,.,1468
17458,110163671,πολλὰ,many,1469
17459,110163672,μὲν,indeed,1469
17460,110163673,οὖν,therefore,1469
17461,110163674,καὶ,and,1469
17462,110163675,ἄλλα,other,1469
17463,110163676,σημεῖα,signs,1469
17464,110163677,ἐποίησεν,did,1469
17465,110163678,ὁ,the,1469
17466,110163679,Ἰησοῦς,Jesus,1469
17467,110163680,ἐνώπιον,in the presence of,1469
17468,110163681,τῶν,the,1469
17469,110163682,μαθητῶν,disciples,1469
17470,110163683,",",",",1469
17471,110163684,ἃ,which,1469
17472,110163685,οὐκ,not,1469
17473,110163686,ἔστιν,are,1469
17474,110163687,γεγραμμένα,written,1469
17475,110163688,ἐν,in,1469
17476,110163689,τῷ,the,1469
17477,110163690,βιβλίῳ,book,1469
17478,110163691,τούτῳ,this,1469
17479,110163692,.,.,1469
17480,110163693,ταῦτα,these,1470
17481,110163694,δὲ,but,1470
17482,110163695,γέγραπται,has been written,1470
17483,110163696,ἵνα,so that,1470
17484,110163697,πιστεύητε,you might believe,1470
17485,110163698,ὅτι,that,1470
17486,110163699,Ἰησοῦς,Jesus,1470
17487,110163700,ἐστιν,is,1470
17488,110163701,ὁ,the,1470
17489,110163702,Χριστὸς,Messiah,1470
17490,110163703,ὁ,the,1470
17491,110163704,υἱὸς,son,1470
17492,110163705,τοῦ,of the,1470
17493,110163706,θεοῦ,of God,1470
17494,110163707,",",",",1470
17495,110163708,καὶ,and,1470
17496,110163709,ἵνα,so that,1470
17497,110163710,πιστεύοντες,believing,1470
17498,110163711,ζωὴν,life,1470
17499,110163712,ἔχητε,you may have,1470
17500,110163713,ἐν,in,1470
17501,110163714,τῷ,the,1470
17502,110163715,ὀνόματι,name,1470
17503,110163716,αὐτοῦ,his,1470
17504,110163717,.,.,1470
17505,110163718,μετὰ,after,1471
17506,110163719,ταῦτα,these,1471
17507,110163720,ἐφανέρωσεν,revealed,1471
17508,110163721,ἑαυτὸν,himself,1471
17509,110163722,πάλιν,again,1471
17510,110163723,Ἰησοῦς,Jesus,1471
17511,110163724,τοῖς,the,1471
17512,110163725,μαθηταῖς,disciples,1471
17513,110163726,ἐπὶ,on,1471
17514,110163727,τῆς,the,1471
17515,110163728,θαλάσσης,sea,1471
17516,110163729,τῆς,the,1471
17517,110163730,Τιβεριάδος,of Tiberias,1471
17518,110163731,.,.,1471
17519,110163732,ἐφανέρωσεν,made manifest,1472
17520,110163733,δὲ,but,1472
17521,110163734,οὕτως,thus,1472
17522,110163735,.,.,1472
17523,110163736,ἦσαν,were,1473
17524,110163737,ὁμοῦ,together,1473
17525,110163738,Σίμων,Simon,1473
17526,110163739,Πέτρος,Peter,1473
17527,110163740,καὶ,and,1473
17528,110163741,Θωμᾶς,Thomas,1473
17529,110163742,ὁ,the,1473
17530,110163743,λεγόμενος,called,1473
17531,110163744,Δίδυμος,Twin,1473
17532,110163745,καὶ,and,1473
17533,110163746,Ναθαναὴλ,Nathanael,1473
17534,110163747,ὁ,the,1473
17535,110163748,ἀπὸ,from,1473
17536,110163749,Κανᾶ,Cana,1473
17537,110163750,τῆς,of the,1473
17538,110163751,Γαλιλαίας,of Galilee,1473
17539,110163752,καὶ,and,1473
17540,110163753,οἱ,the,1473
17541,110163754,τοῦ,the,1473
17542,110163755,Ζεβεδαίου,Zebedee,1473
17543,110163756,καὶ,and,1473
17544,110163757,ἄλλοι,others,1473
17545,110163758,ἐκ,from,1473
17546,110163759,τῶν,the,1473
17547,110163760,μαθητῶν,disciples,1473
17548,110163761,αὐτοῦ,his,1473
17549,110163762,δύο,two,1473
17550,110163763,.,.,1473
17551,110163764,λέγει,says,1474
17552,110163765,αὐτοῖς,to them,1474
17553,110163766,Σίμων,Simon,1474
17554,110163767,Πέτρος,Peter,1474
17555,110163768,.,.,1474
17556,110163769,ὑπάγω,go,1475
17557,110163770,ἁλιεύειν,to fish,1475
17558,110163771,.,.,1475
17559,110163772,λέγουσιν,they say,1476
17560,110163773,αὐτῷ,to him,1476
17561,110163774,.,.,1476
17562,110163775,ἐρχόμεθα,we are coming,1477
17563,110163776,καὶ,and,1477
17564,110163777,ἡμεῖς,we,1477
17565,110163778,σὺν,with,1477
17566,110163779,σοί,you,1477
17567,110163780,.,.,1477
17568,110163781,ἐξῆλθον,they went out,1478
17569,110163782,καὶ,and,1478
17570,110163783,ἐνέβησαν,boarded,1478
17571,110163784,εἰς,into,1478
17572,110163785,τὸ,the,1478
17573,110163786,πλοῖον,boat,1478
17574,110163787,",",",",1478
17575,110163788,καὶ,and,1478
17576,110163789,ἐν,in,1478
17577,110163790,ἐκείνῃ,that,1478
17578,110163791,τῇ,the,1478
17579,110163792,νυκτὶ,night,1478
17580,110163793,ἐπίασαν,caught,1478
17581,110163794,οὐδέν,nothing,1478
17582,110163795,.,.,1478
17583,110163796,πρωΐας,of the morning,1479
17584,110163797,δὲ,but,1479
17585,110163798,ἤδη,already,1479
17586,110163799,γινομένης,becoming,1479
17587,110163800,ἔστη,stood,1479
17588,110163801,Ἰησοῦς,Jesus,1479
17589,110163802,ἐπὶ,on,1479
17590,110163803,τὸν,the,1479
17591,110163804,αἰγιαλόν,shore,1479
17592,110163805,.,.,1479
17593,110163806,οὐ,not,1480
17594,110163807,μέντοι,but,1480
17595,110163808,ᾔδεισαν,knew,1480
17596,110163809,οἱ,the,1480
17597,110163810,μαθηταὶ,disciples,1480
17598,110163811,ὅτι,that,1480
17599,110163812,Ἰησοῦς,Jesus,1480
17600,110163813,ἐστίν,is,1480
17601,110163814,.,.,1480
17602,110163815,λέγει,says,1481
17603,110163816,οὖν,then,1481
17604,110163817,αὐτοῖς,them,1481
17605,110163818,Ἰησοῦς,Jesus,1481
17606,110163819,.,.,1481
17607,110163820,παιδία,children,1482
17608,110163821,",",",",1482
17609,110163822,μή,not,1482
17610,110163823,τι,any,1482
17611,110163824,προσφάγιον,something left over,1482
17612,110163825,ἔχετε,you have,1482
17613,110163826,;,;,1482
17614,110163827,ἀπεκρίθησαν,they answered,1483
17615,110163828,αὐτῷ,him,1483
17616,110163829,.,.,1483
17617,110163830,οὔ,not,1484
17618,110163831,.,.,1484
17619,110163832,λέγει,says,1485
17620,110163833,αὐτοῖς,them,1485
17621,110163834,.,.,1485
17622,110163835,βάλετε,cast,1486
17623,110163836,εἰς,into,1486
17624,110163837,τὰ,the,1486
17625,110163838,δεξιὰ,right,1486
17626,110163839,μέρη,sides,1486
17627,110163840,τοῦ,of the,1486
17628,110163841,πλοίου,of the ship,1486
17629,110163842,τὸ,the,1486
17630,110163843,δίκτυον,net,1486
17631,110163844,",",",",1486
17632,110163845,καὶ,and,1486
17633,110163846,εὑρήσετε,you will find,1486
17634,110163847,.,.,1486
17635,110163848,ἔβαλον,they cast,1487
17636,110163849,οὖν,therefore,1487
17637,110163850,",",",",1487
17638,110163851,καὶ,and,1487
17639,110163852,οὐκέτι,no longer,1487
17640,110163853,αὐτὸ,it,1487
17641,110163854,ἑλκύσαι,to drag,1487
17642,110163855,ἴσχυον,were able,1487
17643,110163856,ἀπὸ,from,1487
17644,110163857,τοῦ,of the,1487
17645,110163858,πλήθους,crowd,1487
17646,110163859,τῶν,of the,1487
17647,110163860,ἰχθύων,of fish,1487
17648,110163861,.,.,1487
17649,110163862,λέγει,says,1488
17650,110163863,οὖν,therefore,1488
17651,110163864,ὁ,the,1488
17652,110163865,μαθητὴς,disciple,1488
17653,110163866,ἐκεῖνος,that,1488
17654,110163867,ὃν,whom,1488
17655,110163868,ἠγάπα,loved,1488
17656,110163869,ὁ,the,1488
17657,110163870,Ἰησοῦς,Jesus,1488
17658,110163871,τῷ,the,1488
17659,110163872,Πέτρῳ,Peter,1488
17660,110163873,.,.,1488
17661,110163874,ὁ,the,1489
17662,110163875,κύριός,Lord,1489
17663,110163876,ἐστιν,is,1489
17664,110163877,.,.,1489
17665,110163878,Σίμων,Simon,1490
17666,110163879,οὖν,then,1490
17667,110163880,Πέτρος,Peter,1490
17668,110163881,",",",",1490
17669,110163882,ἀκούσας,having heard,1490
17670,110163883,ὅτι,that,1490
17671,110163884,ὁ,the,1490
17672,110163885,κύριός,Lord,1490
17673,110163886,ἐστιν,is,1490
17674,110163887,",",",",1490
17675,110163888,τὸν,the,1490
17676,110163889,ἐπενδύτην,outer garment,1490
17677,110163890,διεζώσατο,girded on,1490
17678,110163891,",",",",1490
17679,110163892,ἦν,was,1490
17680,110163893,γὰρ,for,1490
17681,110163894,γυμνός,naked,1490
17682,110163895,",",",",1490
17683,110163896,καὶ,and,1490
17684,110163897,ἔβαλεν,threw,1490
17685,110163898,ἑαυτὸν,himself,1490
17686,110163899,εἰς,into,1490
17687,110163900,τὴν,the,1490
17688,110163901,θάλασσαν,sea,1490
17689,110163902,.,.,1490
17690,110163903,οἱ,the,1491
17691,110163904,δὲ,but,1491
17692,110163905,ἄλλοι,other,1491
17693,110163906,μαθηταὶ,disciples,1491
17694,110163907,τῷ,the,1491
17695,110163908,πλοιαρίῳ,small boat,1491
17696,110163909,ἦλθον,came,1491
17697,110163910,",",",",1491
17698,110163911,οὐ,not,1491
17699,110163912,γὰρ,for,1491
17700,110163913,ἦσαν,were,1491
17701,110163914,μακρὰν,far,1491
17702,110163915,ἀπὸ,from,1491
17703,110163916,τῆς,the,1491
17704,110163917,γῆς,land,1491
17705,110163918,ἀλλὰ,but,1491
17706,110163919,ὡς,as,1491
17707,110163920,ἀπὸ,from,1491
17708,110163921,πηχῶν,cubits,1491
17709,110163922,διακοσίων,two hundred,1491
17710,110163923,",",",",1491
17711,110163924,σύροντες,dragging,1491
17712,110163925,τὸ,the,1491
17713,110163926,δίκτυον,net,1491
17714,110163927,τῶν,of the,1491
17715,110163928,ἰχθύων,of fish,1491
17716,110163929,.,.,1491
17717,110163930,ὡς,so,1492
17718,110163931,οὖν,then,1492
17719,110163932,ἀπέβησαν,they went up,1492
17720,110163933,εἰς,into,1492
17721,110163934,τὴν,the,1492
17722,110163935,γῆν,land,1492
17723,110163936,",",",",1492
17724,110163937,βλέπουσιν,they see,1492
17725,110163938,ἀνθρακιὰν,charcoal,1492
17726,110163939,κειμένην,lying,1492
17727,110163940,καὶ,and,1492
17728,110163941,ὀψάριον,fish,1492
17729,110163942,ἐπικείμενον,placed,1492
17730,110163943,καὶ,and,1492
17731,110163944,ἄρτον,bread,1492
17732,110163945,.,.,1492
17733,110163946,λέγει,says,1493
17734,110163947,αὐτοῖς,them,1493
17735,110163948,ὁ,the,1493
17736,110163949,Ἰησοῦς,Jesus,1493
17737,110163950,.,.,1493
17738,110163951,ἐνέγκατε,have brought,1494
17739,110163952,ἀπὸ,from,1494
17740,110163953,τῶν,of the,1494
17741,110163954,ὀψαρίων,fish,1494
17742,110163955,ὧν,which,1494
17743,110163956,ἐπιάσατε,you caught,1494
17744,110163957,νῦν,now,1494
17745,110163958,.,.,1494
17746,110163959,ἀνέβη,went up,1495
17747,110163960,Σίμων,Simon,1495
17748,110163961,Πέτρος,Peter,1495
17749,110163962,καὶ,and,1495
17750,110163963,εἵλκυσεν,drew,1495
17751,110163964,τὸ,the,1495
17752,110163965,δίκτυον,net,1495
17753,110163966,εἰς,into,1495
17754,110163967,τὴν,the,1495
17755,110163968,γῆν,shore,1495
17756,110163969,μεστὸν,full,1495
17757,110163970,ἰχθύων,of fish,1495
17758,110163971,μεγάλων,great,1495
17759,110163972,ἑκατὸν,hundred,1495
17760,110163973,πεντήκοντα,fifty,1495
17761,110163974,τριῶν,three,1495
17762,110163975,.,.,1495
17763,110163976,καὶ,and,1496
17764,110163977,τοσούτων,so many,1496
17765,110163978,ὄντων,being,1496
17766,110163979,οὐκ,not,1496
17767,110163980,ἐσχίσθη,was torn,1496
17768,110163981,τὸ,the,1496
17769,110163982,δίκτυον,net,1496
17770,110163983,.,.,1496
17771,110163984,λέγει,says,1497
17772,110163985,αὐτοῖς,them,1497
17773,110163986,ὁ,the,1497
17774,110163987,Ἰησοῦς,Jesus,1497
17775,110163988,.,.,1497
17776,110163989,δεῦτε,come,1498
17777,110163990,ἀριστήσατε,break your fast,1498
17778,110163991,.,.,1498
17779,110163992,οὐδεὶς,no one,1499
17780,110163993,δὲ,but,1499
17781,110163994,ἐτόλμα,dared,1499
17782,110163995,τῶν,of the,1499
17783,110163996,μαθητῶν,disciples,1499
17784,110163997,ἐξετάσαι,to examine,1499
17785,110163998,αὐτόν,him,1499
17786,110163999,",",",",1499
17787,110164000,σὺ,you,1499
17788,110164001,τίς,who,1499
17789,110164002,εἶ,are,1499
17790,110164003,",",",",1499
17791,110164004,εἰδότες,knowing,1499
17792,110164005,ὅτι,that,1499
17793,110164006,ὁ,the,1499
17794,110164007,κύριός,Lord,1499
17795,110164008,ἐστιν,is,1499
17796,110164009,.,.,1499
17797,110164010,ἔρχεται,comes,1500
17798,110164011,Ἰησοῦς,Jesus,1500
17799,110164012,καὶ,and,1500
17800,110164013,λαμβάνει,takes,1500
17801,110164014,τὸν,the,1500
17802,110164015,ἄρτον,bread,1500
17803,110164016,καὶ,and,1500
17804,110164017,δίδωσιν,gives,1500
17805,110164018,αὐτοῖς,them,1500
17806,110164019,",",",",1500
17807,110164020,καὶ,and,1500
17808,110164021,τὸ,the,1500
17809,110164022,ὀψάριον,fish,1500
17810,110164023,ὁμοίως,likewise,1500
17811,110164024,.,.,1500
17812,110164025,τοῦτο,this,1501
17813,110164026,ἤδη,already,1501
17814,110164027,τρίτον,third,1501
17815,110164028,ἐφανερώθη,was revealed,1501
17816,110164029,Ἰησοῦς,Jesus,1501
17817,110164030,τοῖς,the,1501
17818,110164031,μαθηταῖς,disciples,1501
17819,110164032,ἐγερθεὶς,having been raised,1501
17820,110164033,ἐκ,from,1501
17821,110164034,νεκρῶν,dead,1501
17822,110164035,.,.,1501
17823,110164036,ὅτε,when,1502
17824,110164037,οὖν,then,1502
17825,110164038,ἠρίστησαν,had breakfasted,1502
17826,110164039,",",",",1502
17827,110164040,λέγει,says,1502
17828,110164041,τῷ,to,1502
17829,110164042,Σίμωνι,Simon,1502
17830,110164043,Πέτρῳ,Peter,1502
17831,110164044,ὁ,the,1502
17832,110164045,Ἰησοῦς,Jesus,1502
17833,110164046,",",",",1502
17834,110164047,Σίμων,Simon,1502
17835,110164048,Ἰωάννου,of John,1502
17836,110164049,",",",",1502
17837,110164050,ἀγαπᾷς,do you love,1502
17838,110164051,με,me,1502
17839,110164052,πλέον,more,1502
17840,110164053,τούτων,of these,1502
17841,110164054,;,;,1502
17842,110164055,λέγει,he says,1503
17843,110164056,αὐτῷ,him,1503
17844,110164057,.,.,1503
17845,110164058,ναί,yes,1504
17846,110164059,κύριε,Sir,1504
17847,110164060,",",",",1504
17848,110164061,σὺ,you,1504
17849,110164062,οἶδας,know,1504
17850,110164063,ὅτι,that,1504
17851,110164064,φιλῶ,love,1504
17852,110164065,σε,you,1504
17853,110164066,.,.,1504
17854,110164067,λέγει,says,1505
17855,110164068,αὐτῷ,him,1505
17856,110164069,.,.,1505
17857,110164070,βόσκε,feed,1506
17858,110164071,τὰ,the,1506
17859,110164072,ἀρνία,lambs,1506
17860,110164073,μου,my,1506
17861,110164074,.,.,1506
17862,110164075,λέγει,he says,1507
17863,110164076,αὐτῷ,him,1507
17864,110164077,πάλιν,again,1507
17865,110164078,δεύτερον,again,1507
17866,110164079,.,.,1507
17867,110164080,Σίμων,Simon,1508
17868,110164081,Ἰωάννου,of John,1508
17869,110164082,",",",",1508
17870,110164083,ἀγαπᾷς,do you love,1508
17871,110164084,με,me,1508
17872,110164085,;,.,1508
17873,110164086,λέγει,says,1509
17874,110164087,αὐτῷ,him,1509
17875,110164088,.,.,1509
17876,110164089,ναί,yes,1510
17877,110164090,κύριε,sir,1510
17878,110164091,",",",",1510
17879,110164092,σὺ,you,1510
17880,110164093,οἶδας,you know,1510
17881,110164094,ὅτι,that,1510
17882,110164095,φιλῶ,I love,1510
17883,110164096,σε,you,1510
17884,110164097,.,.,1510
17885,110164098,λέγει,says,1511
17886,110164099,αὐτῷ,him,1511
17887,110164100,.,.,1511
17888,110164101,ποίμαινε,shepherd,1512
17889,110164102,τὰ,the,1512
17890,110164103,προβάτιά,sheep,1512
17891,110164104,μου,my,1512
17892,110164105,.,.,1512
17893,110164106,λέγει,says,1513
17894,110164107,αὐτῷ,him,1513
17895,110164108,τὸ,the,1513
17896,110164109,τρίτον,third,1513
17897,110164110,.,.,1513
17898,110164111,Σίμων,Simon,1514
17899,110164112,Ἰωάννου,of John,1514
17900,110164113,",",",",1514
17901,110164114,φιλεῖς,do you love,1514
17902,110164115,με,me,1514
17903,110164116,;,?,1514
17904,110164117,ἐλυπήθη,was grieved,1515
17905,110164118,ὁ,the,1515
17906,110164119,Πέτρος,Peter,1515
17907,110164120,ὅτι,that,1515
17908,110164121,εἶπεν,said,1515
17909,110164122,αὐτῷ,to him,1515
17910,110164123,τὸ,the,1515
17911,110164124,τρίτον,third,1515
17912,110164125,.,.,1515
17913,110164126,φιλεῖς,you love,1516
17914,110164127,με,me,1516
17915,110164128,;,?,1516
17916,110164129,καὶ,and,1517
17917,110164130,λέγει,says,1517
17918,110164131,αὐτῷ,him,1517
17919,110164132,.,.,1517
17920,110164133,κύριε,Sir,1518
17921,110164134,",",",",1518
17922,110164135,πάντα,everything,1518
17923,110164136,σὺ,you,1518
17924,110164137,οἶδας,know,1518
17925,110164138,",",",",1518
17926,110164139,σὺ,you,1518
17927,110164140,γινώσκεις,know,1518
17928,110164141,ὅτι,that,1518
17929,110164142,φιλῶ,love,1518
17930,110164143,σε,you,1518
17931,110164144,.,.,1518
17932,110164145,λέγει,says,1519
17933,110164146,αὐτῷ,him,1519
17934,110164147,.,.,1519
17935,110164148,βόσκε,feed,1520
17936,110164149,τὰ,the,1520
17937,110164150,προβάτιά,sheep,1520
17938,110164151,μου,my,1520
17939,110164152,.,.,1520
17940,110164153,ἀμὴν,Amen,1521
17941,110164154,ἀμὴν,Amen,1521
17942,110164155,λέγω,I say,1521
17943,110164156,σοι,you,1521
17944,110164157,",",",",1521
17945,110164158,ὅτε,when,1521
17946,110164159,ἦς,were,1521
17947,110164160,νεώτερος,younger,1521
17948,110164161,",",",",1521
17949,110164162,ἐζώννυες,you were girding,1521
17950,110164163,σεαυτὸν,yourself,1521
17951,110164164,καὶ,and,1521
17952,110164165,περιεπάτεις,you walked around,1521
17953,110164166,ὅπου,where,1521
17954,110164167,ἤθελες,you wanted,1521
17955,110164168,.,.,1521
17956,110164169,ὅταν,when,1522
17957,110164170,δὲ,but,1522
17958,110164171,γηράσῃς,you grow old,1522
17959,110164172,",",",",1522
17960,110164173,ἐκτενεῖς,you stretch out,1522
17961,110164174,τὰς,the,1522
17962,110164175,χεῖράς,hands,1522
17963,110164176,σου,your,1522
17964,110164177,",",",",1522
17965,110164178,καὶ,and,1522
17966,110164179,ἄλλος,someone else,1522
17967,110164180,σε,you,1522
17968,110164181,ζώσει,will gird,1522
17969,110164182,καὶ,and,1522
17970,110164183,οἴσει,will carry,1522
17971,110164184,ὅπου,where,1522
17972,110164185,οὐ,not,1522
17973,110164186,θέλεις,want,1522
17974,110164187,.,.,1522
17975,110164188,τοῦτο,this,1523
17976,110164189,δὲ,but,1523
17977,110164190,εἶπεν,said,1523
17978,110164191,σημαίνων,signifying,1523
17979,110164192,ποίῳ,causing,1523
17980,110164193,θανάτῳ,death,1523
17981,110164194,δοξάσει,will glorify,1523
17982,110164195,τὸν,the,1523
17983,110164196,θεόν,God,1523
17984,110164197,.,.,1523
17985,110164198,καὶ,and,1524
17986,110164199,τοῦτο,this,1524
17987,110164200,εἰπὼν,having said,1524
17988,110164201,λέγει,says,1524
17989,110164202,αὐτῷ,him,1524
17990,110164203,.,.,1524
17991,110164204,ἀκολούθει,follow,1525
17992,110164205,μοι,me,1525
17993,110164206,.,.,1525
17994,110164207,ἐπιστραφεὶς,having turned,1526
17995,110164208,ὁ,the,1526
17996,110164209,Πέτρος,Peter,1526
17997,110164210,βλέπει,looks,1526
17998,110164211,τὸν,the,1526
17999,110164212,μαθητὴν,disciple,1526
18000,110164213,ὃν,whom,1526
18001,110164214,ἠγάπα,loved,1526
18002,110164215,ὁ,the,1526
18003,110164216,Ἰησοῦς,Jesus,1526
18004,110164217,ἀκολουθοῦντα,following,1526
18005,110164218,",",",",1526
18006,110164219,ὃς,who,1526
18007,110164220,καὶ,and,1526
18008,110164221,ἀνέπεσεν,leaned back,1526
18009,110164222,ἐν,at,1526
18010,110164223,τῷ,the,1526
18011,110164224,δείπνῳ,supper,1526
18012,110164225,ἐπὶ,on,1526
18013,110164226,τὸ,the,1526
18014,110164227,στῆθος,breast,1526
18015,110164228,αὐτοῦ,his,1526
18016,110164229,καὶ,and,1526
18017,110164230,εἶπεν,said,1526
18018,110164231,.,.,1526
18019,110164232,κύριε,sir,1527
18020,110164233,",",",",1527
18021,110164234,τίς,who,1527
18022,110164235,ἐστιν,is,1527
18023,110164236,ὁ,the,1527
18024,110164237,παραδιδούς,one who hands over,1527
18025,110164238,σε,you,1527
18026,110164239,;,;,1527
18027,110164240,τοῦτον,this,1528
18028,110164241,οὖν,then,1528
18029,110164242,ἰδὼν,seeing,1528
18030,110164243,ὁ,the,1528
18031,110164244,Πέτρος,Peter,1528
18032,110164245,λέγει,says,1528
18033,110164246,τῷ,to,1528
18034,110164247,Ἰησοῦ,Jesus,1528
18035,110164248,.,.,1528
18036,110164249,κύριε,sir,1529
18037,110164250,οὗτος,this,1529
18038,110164251,δὲ,but,1529
18039,110164252,τί,what,1529
18040,110164253,;,?,1529
18041,110164254,λέγει,says,1530
18042,110164255,αὐτῷ,him,1530
18043,110164256,ὁ,the,1530
18044,110164257,Ἰησοῦς,Jesus,1530
18045,110164258,.,.,1530
18046,110164259,ἐὰν,if,1531
18047,110164260,αὐτὸν,him,1531
18048,110164261,θέλω,want,1531
18049,110164262,μένειν,to remain,1531
18050,110164263,ἕως,until,1531
18051,110164264,ἔρχομαι,come,1531
18052,110164265,",",",",1531
18053,110164266,τί,what,1531
18054,110164267,πρὸς,towards,1531
18055,110164268,σέ,you,1531
18056,110164269,;,;,1531
18057,110164270,σύ,you,1532
18058,110164271,μοι,me,1532
18059,110164272,ἀκολούθει,follow,1532
18060,110164273,.,.,1532
18061,110164274,ἐξῆλθεν,went out,1533
18062,110164275,οὖν,then,1533
18063,110164276,οὗτος,this,1533
18064,110164277,ὁ,the,1533
18065,110164278,λόγος,word,1533
18066,110164279,εἰς,into,1533
18067,110164280,τοὺς,the,1533
18068,110164281,ἀδελφοὺς,brothers,1533
18069,110164282,ὅτι,that,1533
18070,110164283,ὁ,the,1533
18071,110164284,μαθητὴς,disciple,1533
18072,110164285,ἐκεῖνος,that,1533
18073,110164286,οὐκ,not,1533
18074,110164287,ἀποθνήσκει,will die,1533
18075,110164288,.,.,1533
18076,110164289,καὶ,and,1534
18077,110164290,οὐκ,not,1534
18078,110164291,εἶπεν,said,1534
18079,110164292,αὐτῷ,him,1534
18080,110164293,ὁ,the,1534
18081,110164294,Ἰησοῦς,Jesus,1534
18082,110164295,ὅτι,that,1534
18083,110164296,οὐκ,not,1534
18084,110164297,ἀποθνήσκει,will die,1534
18085,110164298,",",",",1534
18086,110164299,ἀλλ’,but,1534
18087,110164300,.,.,1534
18088,110164301,ἐὰν,if,1535
18089,110164302,αὐτὸν,him,1535
18090,110164303,θέλω,want,1535
18091,110164304,μένειν,remain,1535
18092,110164305,ἕως,until,1535
18093,110164306,ἔρχομαι,come,1535
18094,110164307,.,.,1535
18095,110164308,οὗτός,this,1536
18096,110164309,ἐστιν,is,1536
18097,110164310,ὁ,the,1536
18098,110164311,μαθητὴς,disciple,1536
18099,110164312,ὁ,the,1536
18100,110164313,μαρτυρῶν,testifying,1536
18101,110164314,περὶ,concerning,1536
18102,110164315,τούτων,of these things,1536
18103,110164316,καὶ,and,1536
18104,110164317,γράψας,having written,1536
18105,110164318,ταῦτα,these things,1536
18106,110164319,",",",",1536
18107,110164320,καὶ,and,1536
18108,110164321,οἴδαμεν,we know,1536
18109,110164322,ὅτι,that,1536
18110,110164323,ἀληθὴς,true,1536
18111,110164324,αὐτοῦ,his,1536
18112,110164325,ἡ,the,1536
18113,110164326,μαρτυρία,testimony,1536
18114,110164327,ἐστίν,is,1536
18115,110164328,.,.,1536
18116,110164329,ἔστιν,there are,1537
18117,110164330,δὲ,but,1537
18118,110164331,καὶ,also,1537
18119,110164332,ἄλλα,other things,1537
18120,110164333,πολλὰ,many,1537
18121,110164334,ἃ,which,1537
18122,110164335,ἐποίησεν,did,1537
18123,110164336,ὁ,the,1537
18124,110164337,Ἰησοῦς,Jesus,1537
18125,110164338,",",",",1537
18126,110164339,ἅτινα,which,1537
18127,110164340,ἐὰν,if,1537
18128,110164341,γράφηται,is written,1537
18129,110164342,καθ’,according to,1537
18130,110164343,ἕν,one,1537
18131,110164344,",",",",1537
18132,110164345,οὐ,not,1537
18133,110164346,-δ’,but,1537
18134,110164347,αὐτὸν,him,1537
18135,110164348,οἶμαι,I suppose,1537
18136,110164349,τὸν,the,1537
18137,110164350,κόσμον,world,1537
18138,110164351,χωρήσειν,contain,1537
18139,110164352,τὰ,the,1537
18140,110164353,γραφόμενα,written,1537
18141,110164354,βιβλία,books,1537
18142,110164355,.,.,1537
