,greek_id,english_word,sent_id,greek_word,alignments
0,102401876,First,0,πρῶτον,
1,102401877,of,0,μὲν,
2,102401878,prayer,0,εὐχῇ,
3,102401879,this,0,τῇδε,
4,102401880,offer,0,πρεσβεύω,
5,102401881,gods,0,θεῶν,
6,102401882,to,0,τὴν,
7,102401883,prophetess,0,πρωτόμαντιν,
8,102401884,Gaia,0,Γαῖαν,
9,102401886,From,1,ἐκ,
10,102401889,Themis,1,Θέμιν,
11,102401891,who,1,ἣ,
12,102401895,second,1,δευτέρα,
13,102401894,mother,1,μητρὸς,
14,102401896,this,1,τόδ’,
15,102401898,oracle,1,μαντεῖον,
16,102401900,as,1,ὡς,
17,102401901,story,1,λόγος,
18,102401902,goes,1,τις,
19,102401904,in,2,ἐν,
20,102401905,And,2,δὲ,
21,102401906,the,2,τῷ,
22,102401907,third,2,τρίτῳ,
23,102401908,lot,2,λάχει,
24,102401910,willing,2,θελούσης,
25,102401912,not,2,οὐ,
26,102401913,against,2,-δὲ,
27,102401914,against,2,πρὸς,
28,102401915,violence,2,βίαν,
29,102401916,anyone's,2,τινός,
30,102401919,another,2,ἄλλη,
31,102401920,daughter,2,παῖς,
32,102401921,of Earth,2,Χθονὸς,
33,102401922,sat down,2,καθέζετο,
34,102401924,Phoibe,2,Φοίβη,
35,102401927,And,3,δ’,
36,102401928,she,3,ἣ,
37,102401926,gives,3,δίδωσι,
38,102401929,birth-gift,3,γενέθλιον,
39,102401930,birth-gift,3,δόσιν,
40,102401931,to Phoebus,3,Φοίβῳ,
41,102401933,the,4,τὸ,
42,102401934,of,4,Φοίβης,
43,102401935,She,4,δ’,
44,102401936,name,4,ὄνομ’,
45,102401937,bears,4,ἔχει,
46,102401938,sounds,4,παρώνυμον,
47,102401938,like,4,παρώνυμον,
48,102401938,hers,4,παρώνυμον,
49,102401940,Having left,5,λιπὼν,
50,102401942,the lake,5,λίμνην,
51,102401943,of Delos,5,Δηλίαν,
52,102401945,rocky,5,χοιράδα,
53,102401947,having sailed,5,κέλσας,
54,102401949,shores,5,ἀκτὰς,
55,102401950,ship-passing,5,ναυπόρους,
56,102401952,of Pallas,5,Παλλάδος,
57,102401955,this,5,τήνδε,
58,102401956,land,5,γαῖαν,
59,102401957,came,5,ἦλθε,
60,102401958,of Parnassus,5,Παρνησοῦ,
61,102401960,seat,5,ἕδρας,
62,102401962,send,6,πέμπουσι,
63,102401963,and,6,δ’,
64,102401964,him,6,αὐτὸν,
65,102401965,and,6,καὶ,
66,102401966,honor,6,σεβίζουσιν,
67,102401964,him,6,αὐτὸν,
68,102401967,greatly,6,μέγα,
69,102401968,road-making,6,κελευθοποιοὶ,
70,102401969,sons,6,παῖδες,
71,102401970,of Hephaestus,6,Ἡφαίστου,
72,102401972,earth,6,χθόνα,
73,102401973,untamed,6,ἀνήμερον,
74,102401974,laying,6,τιθέντες,
75,102401975,tamed,6,ἡμερωμένην,
76,102401977,come,7,μολόντα,
77,102401978,But,7,δ’,
78,102401979,him,7,αὐτὸν,
79,102401980,highly,7,κάρτα,
80,102401981,honor,7,τιμαλφεῖ,
81,102401982,people,7,λεώς,
82,102401984,Delos,7,Δελφός,
83,102401985,and,7,τε,
84,102401986,land,7,χώρας,
85,102401987,this,7,τῆσδε,
86,102401988,steerer,7,πρυμνήτης,
87,102401989,lord,7,ἄναξ,
88,102401992,But,8,δέ,
89,102401994,Zeus,8,Ζεὺς,
90,102401996,having created,8,κτίσας,
91,102401991,art,8,τέχνης,
92,102401995,divine,8,ἔνθεον,
93,102401997,mind,8,φρένα,
94,102401998,seats,8,ἵζει,
95,102401999,fourth,8,τέταρτον,
96,102402000,this,8,τοῖσδε,
97,102402001,prophet,8,μάντιν,
98,102402003,thrones,8,θρόνοις,
99,102402007,But,9,δ’,
100,102402005,Zeus,9,Διὸς,
101,102402006,prophet,9,προφήτης,
102,102402010,father,9,πατρός,
103,102402008,is,9,ἐστὶ,
104,102402009,Loixias,9,Λοξίας,
105,102402012,these,10,τούτους,
106,102402013,with,10,ἐν,
107,102402014,prayers,10,εὐχαῖς,
108,102402015,precede,10,φροιμιάζομαι,
109,102402016,gods,10,θεούς,
110,102402018,Pallas,11,Παλλὰς,
111,102402019,guardian,11,προναία,
112,102402020,pleads,11,δ’,
113,102402021,in,11,ἐν,
114,102402022,words,11,λόγοις,
115,102402023,her,11,πρεσβεύεται,
116,102402025,I,12,σέβω,
117,102402025,revere,12,σέβω,
118,102402027,nymphs,12,νύμφας,
119,102402029,where,12,ἔνθα,
120,102402030,Corycian,12,Κωρυκὶς,
121,102402031,rock,12,πέτρα,
122,102402032,hollow,12,κοίλη,
123,102402034,bird-loving,12,φίλορνις,
124,102402036,gods,12,δαιμόνων,
125,102402037,haunt,12,ἀναστροφή,
126,102402039,Bromius,13,Βρόμιος,
127,102402040,holds,13,ἔχει,
128,102402041,the,13,τὸν,
129,102402042,place,13,χῶρον,
130,102402045,and,13,-δ’,
131,102402046,is not forgetful,13,ἀμνημονῶ,
132,102402048,from,13,ἐξ,
133,102402049,neither,13,οὗτε,
134,102402052,the god,13,θεός,
135,102402050,the Bacchants,13,Βάκχαις,
136,102402051,lead,13,ἐστρατήγησεν,
137,102402054,hare,13,λαγὼ,
138,102402055,like,13,δίκην,
139,102402056,Pentheus,13,Πενθεῖ,
140,102402057,stitching,13,καταρράψας,
141,102402058,fate,13,μόρον,
142,102402066,Calling,14,καλοῦσα,
143,102402060,abundant,14,Πλειστοῦ,
144,102402061,and,14,τε,
145,102402062,springs,14,πηγὰς,
146,102402064,of,14,Ποσειδῶνος,
147,102402065,power,14,κράτος,
148,102402063,and,14,καὶ,
149,102402070,Zeus,14,Δία,
150,102402068,perfect,14,τέλειον,
151,102402069,supreme,14,ὕψιστον,
152,102402072,then,14,ἔπειτα,
153,102402076,I sit,14,καθιζάνω,
154,102402073,prophet,14,μάντις,
155,102402074,upon,14,ἐς,
156,102402075,thrones,14,θρόνους,
157,102402078,And,15,καὶ,
158,102402079,now,15,νῦν,
159,102402080,encounter,15,τυχεῖν,
160,102402081,I,15,με,
161,102402082,the,15,τῶν,
162,102402083,former,15,πρὶν,
163,102402084,entrances,15,εἰσόδων,
164,102402085,most,15,μακρῷ,
165,102402086,nobly,15,ἄριστα,
166,102402087,grant,15,δοῖεν,
167,102402089,And,16,κα-,
168,102402090,indeed,16,κεἰ,
169,102402093,some,16,τινές,
170,102402091,among,16,παρ’,
171,102402092,the Greeks,16,Ἑλλήνων,
172,102402097,having drawn lots,16,λαχόντες,
173,102402095,are said,16,ἴτων,
174,102402096,so,16,πάλῳ,
175,102402099,as,16,ὡς,
176,102402100,is,16,νομίζεται,
177,102402103,For,17,γὰρ,
178,102402102,prophesy,17,μαντεύομαι,
179,102402104,as,17,ὡς,
180,102402107,god,17,θεός,
181,102402105,might,17,ἂν,
182,102402106,lead,17,ἡγῆται,
183,102402110,terrible,18,δεινὰ,
184,102402111,speak,18,λέξαι,
185,102402113,terrible,18,δεινὰ,
186,102402116,see,18,δρακεῖν,
187,102402115,eyes,18,ὀφθαλμοῖς,
188,102402120,sent,18,ἔπεμψεν,
189,102402118,back,18,πάλιν,
190,102402119,me,18,μ’,
191,102402121,from,18,ἐκ,
192,102402122,halls,18,δόμων,
193,102402124,Loξian,18,Λοξίου,
194,102402126,so,18,ὡς,
195,102402127,might,18,μή,
196,102402129,preserve,18,σωκεῖν,
197,102402130,neither,18,μή,
198,102402133,destroy,18,ἀκταίνειν,
199,102402134,foundation,18,βάσιν,
200,102402136,run,18,τρέχω,
201,102402138,hands,18,χερσίν,
202,102402140,not,18,οὐ,
203,102402141,feet,18,ποδωκείᾳ,
204,102402142,limbs,18,σκελῶν,
205,102402145,For,19,γὰρ,
206,102402146,old,19,γραῦς,
207,102402146,woman,19,γραῦς,
208,102402144,terrified,19,δείσασα,
209,102402147,nothing,19,οὐδέν,
210,102402149,male,19,ἀντίπαις,
211,102402149,child,19,ἀντίπαις,
212,102402153,me,20,ἐγὼ,
213,102402154,As,20,μὲν,
214,102402155,creep,20,ἕρπω,
215,102402156,toward,20,πρὸς,
216,102402157,many-crowned,20,πολυστεφῆ,
217,102402158,recess,20,μυχόν,
218,102402160,I,21,ὁρῶ,
219,102402160,see,21,ὁρῶ,
220,102402165,man,21,ἄνδρα,
221,102402166,blasphemer,21,θεομυσῆ,
222,102402166,of,21,θεομυσῆ,
223,102402166,the,21,θεομυσῆ,
224,102402166,gods,21,θεομυσῆ,
225,102402162,sitting,21,ἐπ’,
226,102402162,on,21,ἐπ’,
227,102402163,the,21,ὀμφαλῷ,
228,102402163,navel,21,ὀμφαλῷ,
229,102402167,suppliant's,21,ἕδραν,
230,102402167,seat,21,ἕδραν,
231,102402168,dripping,21,ἔχοντα,
232,102402171,with,21,αἵματι,
233,102402171,blood,21,αἵματι,
234,102402173,from,21,χεῖρας,
235,102402173,his,21,χεῖρας,
236,102402173,hands,21,χεῖρας,
237,102402177,holding,21,ἔχοντ’,
238,102402175,newly,21,νεοσπαδὲς,
239,102402175,drawn,21,νεοσπαδὲς,
240,102402176,sword,21,ξίφος,
241,102402178,and,21,ἐλαίας,
242,102402178,lofty-born,21,ἐλαίας,
243,102402180,branch,21,ὑψιγέννητον,
244,102402181,of,21,κλάδον,
245,102402181,the,21,κλάδον,
246,102402181,olive,21,κλάδον,
247,102402186,crowned,21,ἐστεμμένον,
248,102402184,greatest,21,μεγίστῳ,
249,102402184,of,21,μεγίστῳ,
250,102402184,wools,21,μεγίστῳ,
251,102402188,the,21,ἀργῆτι,
252,102402188,Argive,21,ἀργῆτι,
253,102402189,fleece,21,μαλλῷ,
254,102402191,this,22,τῇδε,
255,102402192,For,22,γὰρ,
256,102402193,clearly,22,τρανῶς,
257,102402194,speak,22,ἐρῶ,
258,102402196,Before,23,πρόσθεν,
259,102402197,a,23,δὲ,
260,102402198,this,23,τα-,
261,102402199,man,23,τἀνδρὸς,
262,102402200,wonderful,23,τοῦδε,
263,102402201,ambush,23,θαυμαστὸς,
264,102402202,of,23,λόχος,
265,102402203,women,23,εὕδει,
266,102402204,lies,23,γυναικῶν,
267,102402205,asleep,23,ἐν,
268,102402206,seated,23,θρόνοισιν,
269,102402207,on,23,ἥμενος,
270,102402208,thrones,23,.,
271,102402209,These,24,οὔτοι,
272,102402210,women,24,γυναῖκας,
273,102402212,but,24,ἀλλὰ,
274,102402213,Gorgons,24,Γοργόνας,
275,102402214,speak,24,λέγω,
276,102402216,nor,24,οὐ,
277,102402217,will,24,-δ’,
278,102402218,liken,24,αὖτε,
279,102402219,Gorgon-like,24,Γοργείοισιν,
280,102402220,them,24,εἰκάσω,
281,102402221,forms,24,τύποις,
282,102402223,seen,25,εἶδόν,
283,102402224,already,25,ποτ’,
284,102402225,already,25,ἤδη,
285,102402226,Phineus's,25,Φινέως,
286,102402227,prepared,25,γεγραμμένας,
287,102402228,dinner,25,δεῖπνον,
288,102402229,carrying,25,φερούσας,
289,102402232,surely,26,γε,
290,102402233,not,26,μὴν,
291,102402234,seen,26,ἰδεῖν,
292,102402235,they,26,αὗται,
293,102402231,wingless,26,ἄπτεροί,
294,102402238,but,26,δ’,
295,102402237,black,26,μέλαιναι,
296,102402242,abominable,26,βδελύκτροποι,
297,102402241,every,26,πᾶν,
298,102402239,way,26,ἐς,
299,102402244,push,27,ῥέγκουσι,
300,102402245,their,27,δ’,
301,102402247,broad,27,πλατοῖσι,
302,102402248,breaths,27,φυσιάμασιν,
303,102402250,from,28,ἐκ,
304,102402251,And,28,δ’,
305,102402252,eyes,28,ὀμμάτων,
306,102402253,pour,28,λείβουσι,
307,102402254,hateful,28,δυσφιλῆ,
308,102402255,drop,28,λίβα,
309,102402257,And,29,καὶ,
310,102402258,adornment,29,κόσμος,
311,102402259,not,29,οὔ,
312,102402260,nor,29,-τε,
313,102402261,to,29,πρὸς,
314,102402262,the,29,θεῶν,
315,102402263,statues,29,ἀγάλματα,
316,102402264,bring,29,φέρειν,
317,102402265,just,29,δίκαιος,
318,102402266,not,29,οὔ,
319,102402267,nor,29,-τ’,
320,102402268,to,29,ἐς,
321,102402269,men,29,ἀνθρώπων,
322,102402270,houses,29,στέγας,
323,102402272,the,30,τὸ,
324,102402273,race,30,φῦλον,
325,102402274,not,30,οὐκ,
326,102402275,have seen,30,ὄπωπα,
327,102402276,of this,30,τῆσδ’,
328,102402277,company,30,ὁμιλίας,
329,102402278,nor,30,οὐ,
330,102402279,is there,30,-δ’,
331,102402280,any,30,ἥτις,
332,102402281,land,30,αἶα,
333,102402282,that,30,τοῦτ’,
334,102402283,prays,30,ἐπεύχεται,
335,102402284,for this,30,γένος,
336,102402285,offspring,30,τρέφουσ’,
337,102402286,to be born,30,ἀνατεὶ,
338,102402287,without,30,μὴ,
339,102402288,regretting,30,μεταστένειν,
340,102402289,the labor,30,πόνον,
341,102402291,very,31,τα-,
342,102402292,from,31,τἀντεῦθεν,
343,102402293,now,31,ἤδη,
344,102402294,these,31,τῶνδε,
345,102402295,lord,31,δεσπότῃ,
346,102402296,houses,31,δόμων,
347,102402297,himself,31,αὐτῷ,
348,102402298,cared,31,μελέσθω,
349,102402299,Loxias,31,Λοξίᾳ,
350,102402300,mighty,31,μεγασθενεῖ,
351,102402302,physician-seer,32,ἰατρόμαντις,
352,102402304,is,32,ἐστὶ,
353,102402305,also,32,καὶ,
354,102402306,diviner,32,τερασκόπος,
355,102402307,and,32,καὶ,
356,102402308,all,32,τοῖσιν,
357,102402309,other,32,ἄλλοις,
358,102402310,chambers,32,δωμάτων,
359,102402311,purifier,32,καθάρσιος,
360,102402313,not,33,οὔτοι,
361,102402314,betray,33,προδώσω,
362,102402316,Until,34,διὰ,
363,102402317,the end,34,τέλους,
364,102402318,a,34,δέ,
365,102402320,guard,34,φύλαξ,
366,102402321,stands,34,ἐγγὺς,
367,102402322,near,34,παρεστὼς,
368,102402323,and,34,καὶ,
369,102402324,moved,34,πρόσω,
370,102402326,away,34,ἀποστατῶν,
371,102402331,I will not become,34,γενήσομαι,
372,102402332,foe,34,πέπων,
373,102402327,to your enemies,34,ἐχθροῖσι,
374,102402334,And,35,καὶ,
375,102402335,now,35,νῦν,
376,102402336,having been caught,35,ἁλούσας,
377,102402337,these,35,τάσδε,
378,102402338,these,35,τὰς,
379,102402339,mad,35,μάργους,
380,102402340,see,35,ὁρᾷς,
381,102402343,Having,36,πεσοῦσαι,
382,102402342,fallen,36,ὕπνῳ,
383,102402344,into,36,δ’,
384,102402345,sleep,36,αἱ,
385,102402346,you,36,κατάπτυστοι,
386,102402347,abhorred,36,κόραι,
387,102402348,daughters,36,",",
388,102402349,old,36,γραῖαι,
389,102402350,women,36,παλαιαὶ,
390,102402351,old,36,παῖδες,
391,102402352,children,36,",",
392,102402353,to,36,αἷς,
393,102402354,whom,36,οὐ,
394,102402355,no,36,μείγνυται,
395,102402356,god,36,θεῶν,
396,102402357,mingles,36,τις,
397,102402358,nor,36,οὐ,
398,102402359,man,36,-δ’,
399,102402360,nor,36,ἄνθρωπος,
400,102402361,beast,36,οὐ,
401,102402362,ever,36,-δὲ,
402,102402367,And,37,δ’,
403,102402368,for,37,ἕκατι,
404,102402369,the,37,κα-,
405,102402370,come,37,κἀγένοντ’,
406,102402366,evils,37,κακῶν,
407,102402372,since,37,ἐπεὶ,
408,102402373,dark,37,κακὸν,
409,102402374,Tartarus,37,σκότον,
410,102402375,is allotted,37,νέμονται,
411,102402378,beneath,37,ὑπὸ,
412,102402379,the earth,37,χθονός,
413,102402381,hateful,37,μισήματ’,
414,102402382,men,37,ἀνδρῶν,
415,102402383,and,37,καὶ,
416,102402384,gods,37,θεῶν,
417,102402385,Olympus,37,Ὀλυμπίων,
418,102402370,be born,37,κἀγένοντ’,
419,102402369,sake,37,κα-,
420,102402377,and,37,θ’,
421,102402376,Tartarus,37,Τάρταρόν,
422,102402387,However,38,ὅμως,
423,102402388,and,38,δὲ,
424,102402389,flee,38,φεῦγε,
425,102402390,do,38,μη,
426,102402391,not,38,-δὲ,
427,102402392,soft,38,μαλθακὸς,
428,102402393,become,38,γένῃ,
429,102402396,For,39,γάρ,
430,102402395,they will drag,39,ἐλῶσι,
431,102402397,you,39,σε,
432,102402402,as you walk,39,βιβῶντ’,
433,102402399,across,39,δι’,
434,102402400,the long continent,39,ἠπείρου,
435,102402401,long,39,μακρᾶς,
436,102402404,always,39,αἰεὶ,
437,102402408,over,39,ὑπέρ,
438,102402406,wandering-footed,39,πλανοστιβῆ,
439,102402407,land,39,χθόνα,
440,102402413,cities,39,πόλεις,
441,102402412,surrounded,39,περιρρύτας,
442,102402410,sea,39,πόντον,
443,102402415,And,40,καὶ,
444,102402416,not,40,μὴ,
445,102402417,grow weary,40,πρόκαμνε,
446,102402418,this,40,τόνδε,
447,102402419,while tending,40,βουκολούμενος,
448,102402420,labor,40,πόνον,
449,102402422,Having,41,μολὼν,
450,102402423,come,41,δὲ,
451,102402427,take,41,ἵζου,
452,102402424,Pallas,41,Παλλάδος,
453,102402425,in,41,ποτὶ,
454,102402426,city,41,πτόλιν,
455,102402428,ancient,41,παλαιὸν,
456,102402430,grasping,41,λαβὼν,
457,102402431,image,41,βρέτας,
458,102402429,arm,41,ἄγκαθεν,
459,102402423,seat,41,δὲ,
460,102402433,But,42,κα-,
461,102402434,here too,42,κἀκεῖ,
462,102402435,judges,42,δικαστὰς,
463,102402436,these,42,τῶνδε,
464,102402437,and,42,καὶ,
465,102402438,persuasive,42,θελκτηρίους,
466,102402439,tales,42,μύθους,
467,102402440,having,42,ἔχοντες,
468,102402441,contrivances,42,μηχανὰς,
469,102402442,discover,42,εὑρήσομεν,
470,102402444,so that,42,ὥστ’,
471,102402445,release,42,ἐς,
472,102402446,you,42,τὸ,
473,102402447,entirely,42,πᾶν,
474,102402448,from,42,σε,
475,102402449,these,42,τῶνδ’,
476,102402450,sufferings,42,ἀπαλλάξαι,
477,102402454,For,43,γὰρ,
478,102402457,urged,43,ἔπεισα,
479,102402456,you,43,σ’,
480,102402455,to kill,43,κτανεῖν,
481,102402458,mother's,43,μητρῷον,
482,102402459,body,43,δέμας,
483,102402461,Lord,44,ἄναξ,
484,102402462,Apollo,44,Ἄπολλον,
485,102402464,know,44,οἶσθα,
486,102402465,that,44,μὲν,
487,102402466,no,44,τὸ,
488,102402467,no,44,μὴ,
489,102402468,injustice,44,’δικεῖν,
490,102402470,Since,45,ἐπεὶ,
491,102402471,you,45,δ’,
492,102402472,know,45,ἐπίστᾳ,
493,102402474,also,45,καὶ,
494,102402478,learn,45,μάθε,
495,102402476,not,45,μὴ,
496,102402477,careless,45,’μελεῖν,
497,102402482,Make,46,ποιεῖν,
498,102402480,strength,46,σθένος,
499,102402485,a,46,τὸ,
500,102402486,your,46,σόν,
501,102402484,sure,46,φερέγγυον,
502,102402483,good,46,εὖ,
503,102402488,Remember,47,μέμνησο,
504,102402490,not,47,μὴ,
505,102402491,fear,47,φόβος,
506,102402492,your,47,σε,
507,102402493,conquer,47,νικάτω,
508,102402494,mind,47,φρένας,
509,102402496,you,48,σὺ,
510,102402497,But,48,δ’,
511,102402499,own,48,αὐτάδελφον,
512,102402500,blood,48,αἷμα,
513,102402501,and,48,καὶ,
514,102402502,common,48,κοινοῦ,
515,102402503,father,48,πατρός,
516,102402505,Hermes,48,Ἑρμῆ,
517,102402507,guard,48,φύλασσε,
518,102402509,Very,49,κάρτα,
519,102402510,indeed,49,δ’,
520,102402511,be,49,ὢν,
521,102402512,known,49,ἐπώνυμος,
522,102402513,procession-god,49,πομπαῖος,
523,102402516,this,49,τόνδε,
524,102402517,shepherd,49,ποιμαίνων,
525,102402518,my,49,ἐμὸν,
526,102402519,petitioner,49,ἱκέτην,
527,102402521,honors,49,σέβει,
528,102402522,himself,49,τοι,
529,102402523,Zeus,49,Ζεὺς,
530,102402524,this,49,τόδ’,
531,102402525,lawless,49,ἐκνόμων,
532,102402526,reverence,49,σέβας,
533,102402528,advancing,49,ὁρμώμενον,
534,102402529,mortals,49,βροτοῖσιν,
535,102402530,auspicious,49,εὐπόμπῳ,
536,102402531,luck,49,τύχῃ,
537,102402533,sleep,50,εὕδοιτ’,
538,102402534,Would,50,ἄν,
539,102402536,well,50,ὠή,
540,102402538,or,50,καὶ,
541,102402539,asleep,50,καθευδουσῶν,
542,102402540,someone,50,τί,
543,102402543,I,51,ἐγὼ,
544,102402544,But,51,δ’,
545,102402545,by,51,ὑφ’,
546,102402546,you,51,ὑμῶν,
547,102402547,in this manner,51,ὧδ’,
548,102402548,dishonored,51,ἀπητιμασμένη,
549,102402549,other,51,ἄλλοισιν,
550,102402550,among,51,ἐν,
551,102402551,dead ones,51,νεκροῖσιν,
552,102402553,whom,51,ὧν,
553,102402554,the,51,μὲν,
554,102402555,killed,51,ἔκτανον,
555,102402556,reproach,51,ὄνειδος,
556,102402557,among,51,ἐν,
557,102402558,the perishing,51,φθιτοῖσιν,
558,102402559,not,51,οὐκ,
559,102402560,cease,51,ἐκλείπεται,
560,102402562,shamefully,51,αἰσχρῶς,
561,102402563,am,51,δ’,
562,102402564,captured,51,ἀλῶμαι,
563,102402566,announce,52,προυννέπω,
564,102402567,But,52,δ’,
565,102402568,to you,52,ὑμῖν,
566,102402566,beforehand,52,προυννέπω,
567,102402569,that,52,ὅτι,
568,102402570,possess,52,ἔχω,
569,102402571,greatest,52,μεγίστην,
570,102402572,accusation,52,αἰτίαν,
571,102402573,those,52,κείνων,
572,102402574,against,52,ὕπο,
573,102402576,Having,53,παθοῦσα,
574,102402576,suffered,53,παθοῦσα,
575,102402578,such,53,οὕτω,
576,102402579,terrible,53,δεινὰ,
577,102402579,things,53,δεινὰ,
578,102402580,from,53,πρὸς,
579,102402581,those,53,τῶν,
580,102402582,dearest,53,φιλτάτων,
581,102402582,to,53,φιλτάτων,
582,102402584,no,53,οὐδεὶς,
583,102402584,one,53,οὐδεὶς,
584,102402587,demon,53,δαιμόνων,
585,102402588,is,53,μηνίεται,
586,102402588,angry,53,μηνίεται,
587,102402585,on,53,ὑπέρ,
588,102402586,my,53,μου,
589,102402590,now,53,κατασφαγείσης,
590,102402590,that,53,κατασφαγείσης,
591,102402592,hands,53,χερῶν,
592,102402593,matricide,53,μητροκτόνων,
593,102402591,of,53,πρὸς,
594,102402590,have,53,κατασφαγείσης,
595,102402590,been,53,κατασφαγείσης,
596,102402590,slaughtered,53,κατασφαγείσης,
597,102402595,Behold,54,ὁρᾶτε,
598,102402596,blows,54,πληγὰς,
599,102402597,these,54,τάσδε,
600,102402598,heart,54,καρδίας,
601,102402599,whence,54,ὅθεν,
602,102402602,For,55,γὰρ,
603,102402601,sleeps,55,εὕδουσα,
604,102402603,mind,55,φρὴν,
605,102402605,brightened,55,λαμπρύνεται,
606,102402604,by its eyes,55,ὄμμασιν,
607,102402609,but,55,δὲ,
608,102402607,in,55,ἐν,
609,102402608,the day,55,ἡμέρᾳ,
610,102402610,the fate,55,μοῖρ’,
611,102402612,of mortals,55,βροτῶν,
612,102402611,is unblinking,55,ἀπρόσκοπος,
613,,,56,,"[{'greek_id': '102402614', 'english_word': 'have'}, {'greek_id': '102402615', 'english_word': 'poured'}, {'greek_id': '102402616', 'english_word': 'out'}, {'greek_id': '102402617', 'english_word': 'many'}, {'greek_id': '102402618', 'english_word': 'things'}, {'greek_id': '102402619', 'english_word': 'from'}, {'greek_id': '102402620', 'english_word': 'my'}, {'greek_id': '102402621', 'english_word': 'own'}, {'greek_id': '102402622', 'english_word': 'offerings'}, {'greek_id': '102402623', 'english_word': 'libations'}, {'greek_id': '102402624', 'english_word': 'of'}, {'greek_id': '102402625', 'english_word': 'unmixed'}, {'greek_id': '102402626', 'english_word': 'wine'}, {'greek_id': '102402627', 'english_word': 'and'}, {'greek_id': '102402628', 'english_word': 'sobering'}, {'greek_id': '102402629', 'english_word': 'mixtures'}, {'greek_id': '102402630', 'english_word': 'and'}, {'greek_id': '102402631', 'english_word': 'night-fearing'}, {'greek_id': '102402632', 'english_word': 'dinners'}, {'greek_id': '102402633', 'english_word': 'which'}, {'greek_id': '102402634', 'english_word': 'you'}, {'greek_id': '102402635', 'english_word': 'sacrificed'}, {'greek_id': '102402636', 'english_word': 'upon'}, {'greek_id': '102402637', 'english_word': 'the'}, {'greek_id': '102402638', 'english_word': 'hearth'}, {'greek_id': '102402639', 'english_word': 'of'}, {'greek_id': '102402640', 'english_word': 'fire'}, {'greek_id': '102402641', 'english_word': 'at'}, {'greek_id': '102402642', 'english_word': 'a'}, {'greek_id': '102402643', 'english_word': 'time'}, {'greek_id': '102402644', 'english_word': 'that'}, {'greek_id': '102402645', 'english_word': 'was'}, {'greek_id': '102402646', 'english_word': 'not'}, {'greek_id': '102402647', 'english_word': 'common'}, {'greek_id': '102402648', 'english_word': 'to'}, {'greek_id': '102402649', 'english_word': 'any'}, {'greek_id': '102402650', 'english_word': 'god'}]"
614,GreekID,EnglishWord,56,,
615,102402642,And,57,καὶ,
616,102402643,all,57,πάντα,
617,102402644,these,57,ταῦτα,
618,102402645,by,57,λὰξ,
619,102402646,I,57,ὁρῶ,
620,102402647,trodden,57,πατούμενα,
621,102402645,lot,57,λὰξ,
622,102402650,But,58,δ’,
623,102402649,he,58,ὁ,
624,102402651,having escaped,58,ἐξαλύξας,
625,102402652,goes away,58,οἴχεται,
626,102402653,like,58,νεβροῦ,
627,102402654,a fawn,58,δίκην,
628,102402656,and,58,καὶ,
629,102402657,he did this,58,ταῦτα,
630,102402658,lightly,58,κούφως,
631,102402659,out,58,ἐκ,
632,102402660,from the very midst,58,μέσων,
633,102402661,of the nets,58,ἀρκυστάτων,
634,102402664,darting,58,ἐγκατιλλώψας,
635,102402665,loudly,58,μέγα,
636,102402663,at you,58,ὑμῖν,
637,102402667,Listen,59,ἀκούσαθ’,
638,102402668,then,59,ὡς,
639,102402669,spoke,59,ἔλεξα,
640,102402670,concerning,59,τῆς,
641,102402671,my,59,ἐμῆς,
642,102402672,own,59,περὶ,
643,102402673,life,59,ψυχῆς,
644,102402675,give heed,59,φρονήσατ’,
645,102402677,you,59,ὦ,
646,102402678,who,59,κατὰ,
647,102402679,dwell,59,χθονὸς,
648,102402680,beneath,59,θεαί,
649,102402683,For,60,γὰρ,
650,102402685,now,60,νῦν,
651,102402686,Callimnesa,60,Κλυταιμήστρα,
652,102402687,calls,60,καλῶ,
653,102402684,you,60,ὑμᾶς,
654,102402682,a dream,60,ὄναρ,
655,102402690,buzzing,61,μυγμός,
656,102402693,hiss,62,μύζοιτ’,
657,102402696,man,62,ἁνὴρ,
658,102402698,going,62,οἴχεται,
659,102402699,fleeing,62,φεύγων,
660,102402700,face,62,πρόσω,
661,102402703,For,63,γάρ,
662,102402702,they,63,φίλοι,
663,102402704,are,63,εἰσιν,
664,102402705,not,63,οὐκ,
665,102402707,resembling,63,προσεικότες,
666,102402706,me,63,ἐμοῖς,
667,102402710,murmur,64,μυγμός,
668,102402713,far,65,ἄγαν,
669,102402714,sleeping,65,ὑπνώσσεις,
670,102402715,and,65,κα-,
671,102402716,not,65,κοὐ,
672,102402717,feeling pity,65,κατοικτίζεις,
673,102402718,this suffering,65,πάθος,
674,102402721,And,66,δ’,
675,102402722,Orestes,66,Ὀρέστης,
676,102402720,murderer,66,φονεὺς,
677,102402725,departs,66,οἴχεται,
678,102402723,this,66,τῆσδε,
679,102402724,mother,66,μητρὸς,
680,102402728,buzzing,67,μυγμός,
681,102402731,wailing,68,ᾤζεις,
682,102402733,dozing,68,ὑπνώσσεις,
683,102402735,not,69,οὐκ,
684,102402736,rise,69,ἀναστήσῃ,
685,102402737,quickly,69,τάχος,
686,102402739,What,70,τί,
687,102402742,deed,70,πρᾶγμα,
688,102402741,is fated,70,πέπρωται,
689,102402740,for you,70,σοι,
690,102402743,other than,70,πλὴν,
691,102402744,to prepare,70,τεύχειν,
692,102402745,evils,70,κακά,
693,102402748,hum,71,μυγμός,
694,102402751,Sleep,72,ὕπνος,
695,102402752,Pain,72,πόνος,
696,102402753,and,72,τε,
697,102402754,powerful,72,κύριοι,
698,102402755,conspirators,72,συνωμόται,
699,102402756,terrible,72,δεινῆς,
700,102402757,dragon,72,δρακαίνης,
701,102402758,have dried up,72,ἐξεκήραναν,
702,102402759,strength,72,μένος,
703,102402762,buzzing,73,μυγμὸς,
704,102402763,double,73,διπλοῦς,
705,102402764,sharp,73,ὀξύς,
706,102402774,phantom,75,ὄναρ,
707,102402775,hunt,75,διώκεις,
708,102402776,a,75,θῆρα,
709,102402778,bark,75,κλαγγαίνεις,
710,102402779,yet,75,δ’,
711,102402780,as,75,ἅπερ,
712,102402781,dog,75,κύων,
713,102402783,never,75,οὔποτ’,
714,102402784,abandoning,75,ἐκλείπων,
715,102402782,care,75,μέριμναν,
716,102402785,labor,75,πόνου,
717,102402787,What,76,τί,
718,102402788,have,76,δρᾷς,
719,102402788,done,76,δρᾷς,
720,102402790,Rise,77,ἀνίστω,
721,102402792,no,77,μή,
722,102402793,you,77,σε,
723,102402794,overcome,77,νικάτω,
724,102402795,labor,77,πόνος,
725,102402797,not,77,μη,
726,102402799,recognize,77,ἀγνοήσῃς,
727,102402800,pain,77,πῆμα,
728,102402801,softened,77,μαλθαχθεῖσ’,
729,102402802,sleep,77,ὕπνῳ,
730,102402804,suffer,78,ἄλγησον,
731,102402805,liver,78,ἧπαρ,
732,102402806,just,78,ἐνδίκοις,
733,102402807,reproaches,78,ὀνείδεσιν,
734,102402811,For,79,γὰρ,
735,102402812,counter-bridles,79,ἀντίκεντρα,
736,102402813,are produced,79,γίγνεται,
737,102402809,for,79,τοῖς,
738,102402810,the temperate,79,σώφροσιν,
739,102402816,But,80,δ’,
740,102402815,you,80,σὺ,
741,102402819,having mounted,80,ἐπουρίσασα,
742,102402817,bloody,80,αἱματηρὸν,
743,102402818,breath,80,πνεῦμ’,
744,102402823,having descended,80,κατισχναίνουσα,
745,102402822,vapor,80,ἀτμῷ,
746,102402828,follow,80,ἕπου,
747,102402820,it,80,τῷ,
748,102402830,follow,80,μάραινε,
749,102402825,deadly,80,νηδύος,
750,102402826,fire,80,πυρί,
751,102402831,second,80,δευτέροις,
752,102402832,pursuits,80,διώγμασιν,
753,102402830,exhaust,80,μάραινε,
754,102402834,Wake,81,ἔγειρ’,
755,102402836,wake,81,ἔγειρε,
756,102402837,and,81,καὶ,
757,102402838,you,81,σὺ,
758,102402839,her,81,τήνδ’,
759,102402841,I,81,ἐγὼ,
760,102402842,but,81,δὲ,
761,102402843,you,81,σέ,
762,102402845,sleeping,82,εὕδεις,
763,102402847,rise,83,ἀνίστω,
764,102402849,and,83,κα-,
765,102402850,kicked,83,κἀπολακτίσασ’,
766,102402851,sleep,83,ὕπνον,
767,102402853,Let,83,ἰδώμεθ’,
768,102402853,us,83,ἰδώμεθ’,
769,102402853,see,83,ἰδώμεθ’,
770,102402854,if,83,εἴ,
771,102402855,there,83,τι,
772,102402855,is,83,τι,
773,102402855,any,83,τι,
774,102402856,this,83,τοῦδε,
775,102402857,prologue,83,φροιμίου,
776,102402858,vainness,83,ματᾷ,
777,102402860,Io,84,ἰοὺ,
778,102402861,io,84,ἰοὺ,
779,102402862,pupa,84,πύπαξ,
780,102402864,have,85,ἐπάθομεν,
781,102402864,suffered,85,ἐπάθομεν,
782,102402866,ones,85,φίλαι,
783,102402869,How,86,ἦ,
784,102402870,many,86,πολλὰ,
785,102402871,things,86,δὴ,
786,102402872,suffered,86,παθοῦσα,
787,102402873,in,86,καὶ,
788,102402874,vain,86,μάτην,
789,102402875,I,86,ἐγώ,
790,102402878,We,87,ἐπάθομεν,
791,102402878,have suffered,87,ἐπάθομεν,
792,102402879,suffering,87,πάθος,
793,102402880,painful,87,δυσαχές,
794,102402883,alas,87,πόποι,
795,102402885,unbearable,87,ἄφερτον,
796,102402886,evil,87,κακόν,
797,102402888,from,88,ἐξ,
798,102402889,nets,88,ἀρκύων,
799,102402890,fallen,88,πέπτωκεν,
800,102402893,The,88,ὁ,
801,102402894,beast,88,θήρ,
802,102402891,gone,88,οἴχεταί,
803,102402892,and,88,θ’,
804,102402897,by,89,ὕπνῳ,
805,102402897,sleep,89,ὕπνῳ,
806,102402898,Having,89,κρατηθεῖσ’,
807,102402898,been,89,κρατηθεῖσ’,
808,102402898,overcome,89,κρατηθεῖσ’,
809,102402899,my,89,ἄγραν,
810,102402899,prey,89,ἄγραν,
811,102402900,I,89,ὤλεσα,
812,102402900,lost,89,ὤλεσα,
813,102402902,Oh,90,ἰὼ,
814,102402903,child,90,παῖ,
815,102402904,of,90,Διός,
816,102402904,Zeus,90,Διός,
817,102402906,swift-footed,90,ἐπίκλοπος,
818,102402907,dismount,90,πέλῃ,
819,102402910,newly,90,νέος,
820,102402912,aged,90,γραίας,
821,102402913,goddesses,90,δαίμονας,
822,102402919,honoring,90,σέβων,
823,102402917,this,90,τὸν,
824,102402918,suppliant,90,ἱκέταν,
825,102402921,impious,90,ἄθεον,
826,102402922,man,90,ἄνδρα,
827,102402925,bitter,90,πικρόν,
828,102402924,parents,90,τοκεῦσιν,
829,102402927,him,91,τὸν,
830,102402928,mother's,91,μητραλοίαν,
831,102402930,stole,91,ἐξέκλεψας,
832,102402931,being,91,ὢν,
833,102402932,god,91,θεός,
834,102402935,What,92,τί,
835,102402936,these,92,τῶνδ’,
836,102402937,say,92,ἐρεῖ,
837,102402938,one,92,τις,
838,102402939,rightly,92,δικαίως,
839,102402940,hold,92,ἔχειν,
840,102402942,me,93,ἐμοὶ,
841,102402943,But,93,δ’,
842,102402944,reproach,93,ὄνειδος,
843,102402945,from,93,ἐξ,
844,102402946,dreams,93,ὀνειράτων,
845,102402947,having come,93,μολὸν,
846,102402948,struck,93,ἔτυψεν,
847,102402949,justice,93,δίκαν,
848,102402950,chariot-driver,93,διφρηλάτου,
849,102402951,between,93,μεσολαβεῖ,
850,102402952,goad,93,κέντρῳ,
851,102402953,heart,93,ὑπὸ,
852,102402956,earlobe,93,ὑπὸ,
853,102402960,is,94,πάρεστι,
854,102402961,whip-wielding,94,μαστίκτορος,
855,102402962,divine,94,δαΐου,
856,102402963,public,94,δαμίου,
857,102402964,heavy,94,βαρὺ,
858,102402965,heavy,94,τὸ,
859,102402966,crushing,94,περίβαρυ,
860,102402967,cold,94,κρύος,
861,102402968,endured,94,ἔχειν,
862,102402970,Such,95,τοιαῦτα,
863,102402970,things,95,τοιαῦτα,
864,102402971,do,95,δρῶσιν,
865,102402972,the,95,οἱ,
866,102402973,younger,95,νεώτεροι,
867,102402974,gods,95,θεοί,
868,102402971,do,95,δρῶσιν,
869,102402976,holding,95,κρατοῦντες,
870,102402977,the,95,τὸ,
871,102402978,whole,95,πᾶν,
872,102402982,throne,95,θρόνον,
873,102402979,justice,95,δίκας,
874,102402980,more,95,πλέον,
875,102402981,blood-soaked,95,φονολιβῆ,
876,102402983,around,95,περὶ,
877,102402984,foot,95,πόδα,
878,102402986,around,95,περὶ,
879,102402987,head,95,κάρα,
880,102402990,is,96,πάρεστι,
881,102402991,of,96,γᾶς,
882,102402992,navel,96,ὀμφαλὸν,
883,102402991,earth,96,γᾶς,
884,102402993,gaze,96,προσδρακεῖν,
885,102402997,befoulement,96,ἄγος,
886,102402994,bloody,96,αἱμάτων,
887,102402995,crimes,96,βλοσυρὸν,
888,102402998,possess,96,ἔχειν,
889,102403000,sacred,97,ἐφεστίῳ,
890,102403001,And,97,δὲ,
891,102403002,prophet,97,μάντις,
892,102403003,being,97,ὢν,
893,102403004,pollution,97,μιάσματι,
894,102403005,recess,97,μυχὸν,
895,102403006,stained,97,ἐχράνατ’,
896,102403007,his own,97,αὐτόσσυτος,
897,102403009,summoned,97,αὐτόκλητος,
898,102403011,against,97,παρὰ,
899,102403012,law,97,νόμον,
900,102403013,gods,97,θεῶν,
901,102403014,mortals,97,βρότεα,
902,102403015,honoring,97,μὲν,
903,102403018,ancient,97,παλαιγενεῖς,
904,102403019,but,97,δὲ,
905,102403020,destinies,97,μοίρας,
906,102403021,destroying,97,φθίσας,
907,102403023,But,98,κα-,
908,102403024,I,98,κἀμοί,
909,102403025,even,98,γε,
910,102403026,wretched,98,λυπρός,
911,102403028,and,98,καὶ,
912,102403029,that,98,τὸν,
913,102403030,not,98,οὐκ,
914,102403031,be released,98,ἐκλύσεται,
915,102403033,under,98,ὑπό,
916,102403035,earth,98,γᾶν,
917,102403036,having fled,98,φυγὼν,
918,102403037,never,98,οὔ,
919,102403038,be freed,98,ποτ’,
920,102403041,return,99,ποτιτρόπαιος,
921,102403042,Being,99,ὢν,
922,102403044,different,99,ἕτερον,
923,102403045,from,99,ἐν,
924,102403046,blood,99,κάρᾳ,
925,102403047,guilt,99,μιάστορ’,
926,102403048,from,99,ἐκ,
927,102403049,family,99,γένους,
928,102403050,suffers,99,πάσεται,
929,102403052,Out,100,ἔξω,
930,102403054,command,100,κελεύω,
931,102403056,these,100,τῶνδε,
932,102403057,chambers,100,δωμάτων,
933,102403058,swiftly,100,τάχος,
934,102403059,flee,100,χωρεῖτ’,
935,102403061,Depart,100,ἀπαλλάσσεσθε,
936,102403062,prophetic,100,μαντικῶν,
937,102403063,recesses,100,μυχῶν,
938,102403065,lest,100,μὴ,
939,102403066,having,100,καὶ,
940,102403067,seized,100,λαβοῦσα,
941,102403068,winged,100,πτηνὸν,
942,102403069,idle,100,ἀργηστὴν,
943,102403070,serpent,100,ὄφιν,
944,102403072,gold-glistening,100,χρυσηλάτου,
945,102403073,horn,100,θώμιγγος,
946,102403074,born,100,ἐξορμώμενον,
947,102403076,bring,100,ἀνῇς,
948,102403077,from,100,ὑπ’,
949,102403078,pain,100,ἄλγους,
950,102403079,black,100,μέλαν’,
951,102403080,from,100,ἀπ’,
952,102403081,men,100,ἀνθρώπων,
953,102403082,foam,100,ἀφρόν,
954,102403084,stirred,100,ἐμοῦσα,
955,102403085,clots,100,θρόμβους,
956,102403086,which,100,οὓς,
957,102403087,drawn,100,ἀφείλκυσας,
958,102403088,murder,100,φόνου,
959,102403090,not,101,οὔτοι,
960,102403094,fitting,101,πρέπει,
961,102403091,houses,101,δόμοισι,
962,102403092,these,101,τοῖσδε,
963,102403093,huddled,101,χρίμπτεσθαι,
964,102403096,But,102,ἀλλ’,
965,102403097,the,102,οὗ,
966,102403098,head-shaving,102,καρανιστῆρες,
967,102403099,eye-gouging,102,ὀφθαλμωρύχοι,
968,102403100,just,102,δίκαι,
969,102403101,slaughters,102,σφαγαί,
970,102403102,and,102,τε,
971,102403103,of,102,σπέρματός,
972,102403104,and,102,τ’,
973,102403105,destruction,102,ἀποφθορᾷ,
974,102403106,children's,102,παίδων,
975,102403107,groans,102,κακοῦται,
976,102403108,woman,102,χλοῦνις,
977,102403110,and,102,ἠδ’,
978,102403111,razor,102,ἀκρωνία,
979,102403113,knife,102,λευσμός,
980,102403114,and,102,τε,
981,102403116,and,102,καὶ,
982,102403117,groan,102,μύζουσιν,
983,102403118,pity,102,οἰκτισμὸν,
984,102403119,much,102,πολὺν,
985,102403120,beneath,102,ὑπὸ,
986,102403121,the,102,ῥάχιν,
987,102403122,frozen,102,παγέντες,
988,102403123,.,102,.,
989,102403124,So,103,ἆρ’,
990,102403125,hear,103,ἀκούετε,
991,102403126,what,103,οἵας,
992,102403127,festivals,103,ἑορτῆς,
993,102403128,are,103,ἔστ’,
994,102403129,abhorrent,103,ἀπόπτυστοι,
995,102403130,to the gods,103,θεοῖς,
996,102403131,delights,103,στέργηθρ’,
997,102403132,possessing,103,ἔχουσαι,
998,102403134,Every,104,πᾶς,
999,102403135,is,104,δ’,
1000,102403136,led,104,ὑφηγεῖται,
1001,102403137,manner,104,τρόπος,
1002,102403138,form,104,μορφῆς,
1003,102403145,It,105,εἰκός,
1004,102403145,is,105,εἰκός,
1005,102403145,fitting,105,εἰκός,
1006,102403143,to,105,οἰκεῖν,
1007,102403143,inhabit,105,οἰκεῖν,
1008,102403140,lion's,105,λέοντος,
1009,102403142,blood-sucking,105,αἱματορρόφου,
1010,102403141,cave,105,ἄντρον,
1011,102403147,not,105,οὐ,
1012,102403145,right,105,εἰκός,
1013,102403152,rub,105,τρίβεσθαι,
1014,102403152,oneself,105,τρίβεσθαι,
1015,102403144,such,105,τοιαύτας,
1016,102403151,close,105,πλησίοισι,
1017,102403150,these,105,τοῖσδε,
1018,102403148,oracles,105,χρηστηρίοις,
1019,102403153,abomination,105,μύσος,
1020,102403155,Go,106,χωρεῖτ’,
1021,102403156,without,106,ἄνευ,
1022,102403157,goatherd,106,βοτῆρος,
1023,102403158,she-goats,106,αἰπολούμεναι,
1024,102403162,And,107,δ’,
1025,102403163,no one,107,οὔτις,
1026,102403164,dear,107,εὐφιλὴς,
1027,102403165,gods,107,θεῶν,
1028,102403161,such,107,τοιαύτης,
1029,102403160,flock,107,ποίμνης,
1030,102403174,Yourself,109,αὐτὸς,
1031,102403175,You,109,σὺ,
1032,102403176,things,109,τούτων,
1033,102403177,not,109,οὐ,
1034,102403178,partly responsible,109,μεταίτιος,
1035,102403179,are,109,πέλῃ,
1036,102403181,but,109,ἀλλ’,
1037,102403182,into,109,εἷς,
1038,102403183,everything,109,τὸ,
1039,102403184,everything,109,πᾶν,
1040,102403185,have done,109,ἔπραξας,
1041,102403186,being,109,ὢν,
1042,102403187,wholly responsible,109,παναίτιος,
1043,102403189,How,110,πῶς,
1044,102403190,then,110,δή,
1045,102403194,Stretch,111,ἔκτεινον,
1046,102403195,speech,111,λόγου,
1047,102403192,such,111,τοσοῦτο,
1048,102403193,length,111,μῆκος,
1049,102403197,spoke,112,ἔχρησας,
1050,102403198,as,112,ὥστε,
1051,102403198,if,112,ὥστε,
1052,102403198,to,112,ὥστε,
1053,102403200,guest,112,ξένον,
1054,102403201,commit,112,μητροκτονεῖν,
1055,102403201,matricide,112,μητροκτονεῖν,
1056,102403203,exacted,113,ἔχρησα,
1057,102403204,penalties,113,ποινὰς,
1058,102403205,of,113,τοῦ,
1059,102403206,father,113,πατρὸς,
1060,102403207,exact,113,πρᾶξαι,
1061,102403209,What,114,τί,
1062,102403210,[is],114,μήν,
1063,102403212,And,115,κα-,
1064,102403213,then,115,κἄπειθ’,
1065,102403214,appeared,115,ὑπέστης,
1066,102403215,of,115,αἵματος,
1067,102403216,receiver,115,δέκτωρ,
1068,102403217,fresh,115,νέου,
1069,102403218,blood,115,.,
1070,102403219,And,116,καὶ,
1071,102403222,they commanded,116,ἐπέστελλον,
1072,102403221,these,116,τούσδ’,
1073,102403223,houses,116,δόμους,
1074,102403220,to turn back,116,προστραπέσθαι,
1075,102403221,to,116,τούσδ’,
1076,102403225,And,117,καὶ,
1077,102403226,female,117,τὰς,
1078,102403227,escorts,117,προπομποὺς,
1079,102403228,truly,117,δῆτα,
1080,102403229,these,117,τάσδε,
1081,102403230,insulting,117,λοιδορεῖς,
1082,102403232,not,118,οὐ,
1083,102403233,For,118,γὰρ,
1084,102403234,houses,118,δόμοισι,
1085,102403235,these,118,τοῖσδε,
1086,102403236,fitting,118,πρόσφορον,
1087,102403237,come,118,μολεῖν,
1088,102403239,But,119,ἀλλ’,
1089,102403240,has,119,ἔστιν,
1090,102403241,to,119,ἡμῖν,
1091,102403242,this,119,τοῦτο,
1092,102403243,commanded,119,προστεταγμένον,
1093,102403245,Who,120,τίς,
1094,102403246,this,120,ἥδε,
1095,102403247,honor,120,τιμή,
1096,102403249,Boast,121,κόμπασον,
1097,102403250,prize,121,γέρας,
1098,102403251,noble,121,καλόν,
1099,102403257,We,122,ἐλαύνομεν,
1100,102403257,drive,122,ἐλαύνομεν,
1101,102403257,out,122,ἐλαύνομεν,
1102,102403253,the,122,τοὺς,
1103,102403254,matricides,122,μητραλοίας,
1104,102403255,from,122,ἐκ,
1105,102403256,houses,122,δόμων,
1106,102403259,what,123,τί,
1107,102403260,For,123,γὰρ,
1108,102403261,woman,123,γυναικὸς,
1109,102403262,it,123,ἥτις,
1110,102403263,man,123,ἄνδρα,
1111,102403264,separate,123,νοσφίσῃ,
1112,102403266,never,124,οὐκ,
1113,102403267,would,124,ἂν,
1114,102403268,come,124,γένοιθ’,
1115,102403269,kin,124,ὅμαιμος,
1116,102403270,killer,124,αὐθέντης,
1117,102403271,murder,124,φόνος,
1118,102403273,Oh,125,ἦ,
1119,102403274,utterly,125,κάρτ’,
1120,102403275,dishonorable,125,ἄτιμα,
1121,102403276,and,125,καὶ,
1122,102403277,before,125,παρ’,
1123,102403278,no,125,οὐδὲν,
1124,102403279,performed,125,εἰργάσω,
1125,102403280,Hera,125,Ἥρας,
1126,102403281,perfecting,125,τελείας,
1127,102403282,and,125,καὶ,
1128,102403283,Zeus,125,Διὸς,
1129,102403284,pledges,125,πιστώματα,
1130,102403286,Cyprian,126,Κύπρις,
1131,102403287,And,126,δ’,
1132,102403288,disdained,126,ἄτιμος,
1133,102403289,this,126,τῷδ’,
1134,102403290,cast,126,ἀπέρριπται,
1135,102403291,account,126,λόγῳ,
1136,102403293,from,126,ὅθεν,
1137,102403294,mortals,126,βροτοῖσι,
1138,102403295,arise,126,γίγνεται,
1139,102403296,the,126,τὰ,
1140,102403297,beloved,126,φίλτατα,
1141,102403300,For,127,γὰρ,
1142,102403299,marriage-bed,127,εὐνὴ,
1143,102403306,is,127,’στὶ,
1144,102403304,mightier,127,μόρσιμος,
1145,102403310,guardian,127,φρουρουμένη,
1146,102403303,woman,127,γυναικὶ,
1147,102403302,and,127,καὶ,
1148,102403301,man,127,ἀνδρὶ,
1149,102403309,justice,127,δίκῃ,
1150,102403308,it,127,τῇ,
1151,102403310,kept,127,φρουρουμένη,
1152,102403312,if,128,εἰ,
1153,102403313,they,128,τοῖσιν,
1154,102403314,So,128,οὖν,
1155,102403315,kill,128,κτείνουσιν,
1156,102403316,one another,128,ἀλλήλους,
1157,102403317,impunity,128,χαλᾷς,
1158,102403318,from,128,τὸ,
1159,102403319,not,128,μὴ,
1160,102403320,punishment,128,τίνεσθαι,
1161,102403321,not,128,μη,
1162,102403322,and,128,-δ’,
1163,102403323,watch,128,ἐποπτεύειν,
1164,102403324,wrath,128,κότῳ,
1165,102403326,not,128,οὔ,
1166,102403327,say,128,φημ’,
1167,102403328,Orestes,128,Ὀρέστην,
1168,102403329,you,128,σ’,
1169,102403330,justly,128,ἐνδίκως,
1170,102403331,hunt,128,ἀνδρηλατεῖν,
1171,102403333,these,129,τὰ,
1172,102403334,that,129,μὲν,
1173,102403335,For,129,γὰρ,
1174,102403336,I know,129,οἶδα,
1175,102403337,deeply,129,κάρτα,
1176,102403338,you,129,σ’,
1177,102403339,thinking,129,ἐνθυμουμένην,
1178,102403341,them,129,τὰ,
1179,102403342,but,129,δ’,
1180,102403343,openly,129,ἐμφανῶς,
1181,102403344,acting,129,πράσσουσαν,
1182,102403345,more quiet,129,ἡσυχαιτέραν,
1183,102403347,judgments,130,δίκας,
1184,102403348,But,130,δὲ,
1185,102403349,Pallas,130,Παλλὰς,
1186,102403350,these,130,τῶνδ’,
1187,102403351,watch over,130,ἐποπτεύσει,
1188,102403352,goddess,130,θεά,
1189,102403354,that,131,τὸν,
1190,102403355,man,131,ἄνδρ’,
1191,102403356,that,131,ἐκεῖνον,
1192,102403357,not,131,οὔ,
1193,102403358,ever,131,τι,
1194,102403359,not,131,μὴ,
1195,102403360,abandon,131,λίπω,
1196,102403361,ever,131,ποτέ,
1197,102403363,you,132,σὺ,
1198,102403364,But,132,δ’,
1199,102403365,then,132,οὖν,
1200,102403366,pursue,132,δίωκε,
1201,102403367,and,132,καὶ,
1202,102403368,labor,132,πόνον,
1203,102403369,greater,132,πλείω,
1204,102403370,impose,132,τίθου,
1205,102403372,honors,133,τιμὰς,
1206,102403373,you,133,σὺ,
1207,102403374,Do not,133,μὴ,
1208,102403375,cut down,133,σύντεμνε,
1209,102403376,my,133,τὰς,
1210,102403377,my,133,ἐμὰς,
1211,102403378,by word,133,λόγῳ,
1212,102403380,not,134,οὐ,
1213,102403381,I,134,-δ’,
1214,102403382,would,134,ἂν,
1215,102403383,accept,134,δεχοίμην,
1216,102403384,to,134,ὥστ’,
1217,102403385,possess,134,ἔχειν,
1218,102403386,honors,134,τιμὰς,
1219,102403387,from,134,σέθεν,
1220,102403390,For,135,γὰρ,
1221,102403389,great,135,μέγας,
1222,102403391,man,135,ἔμπας,
1223,102403395,is spoken,135,λέγῃ,
1224,102403392,beside,135,πὰρ,
1225,102403394,thrones,135,θρόνοις,
1226,102403393,Zeus,135,Διὸς,
1227,102403398,But,136,δ’,
1228,102403397,I,136,ἐγὼ,
1229,102403401,for,136,γὰρ,
1230,102403402,maternal,136,αἷμα,
1231,102403403,blood,136,μητρῷον,
1232,102403400,leads,136,ἄγει,
1233,102403405,the way,136,δίκας,
1234,102403406,will bring,136,μέτειμι,
1235,102403407,this,136,τόνδε,
1236,102403408,man,136,φῶτα,
1237,102403405,to justice,136,δίκας,
1238,102403409,and,136,κα-,
1239,102403410,drive,136,κἀκκυνηγετῶ,
1240,102403410,him,136,κἀκκυνηγετῶ,
1241,102403413,But,137,δ’,
1242,102403412,I,137,ἐγὼ,
1243,102403414,will come to the aid of,137,ἀρήξω,
1244,102403415,the,137,τὸν,
1245,102403416,petitioner,137,ἱκέτην,
1246,102403417,and,137,τε,
1247,102403418,protect,137,ῥύσομαι,
1248,102403418,him,137,ῥύσομαι,
1249,102403421,For,138,γὰρ,
1250,102403430,wrath,138,μῆνις,
1251,102403427,is,138,πέλει,
1252,102403420,terrible,138,δεινὴ,
1253,102403422,among,138,ἐν,
1254,102403423,mortals,138,βροτοῖσι,
1255,102403424,and,138,κα-,
1256,102403425,even,138,κἀν,
1257,102403426,gods,138,θεοῖς,
1258,102403432,if,138,εἰ,
1259,102403433,betrays,138,προδῶ,
1260,102403434,them,138,σφ’,
1261,102403435,willingly,138,ἑκών,
1262,102403437,Queen,139,ἄνασσ’,
1263,102403438,Athena,139,Ἀθάνα,
1264,102403440,Pythian,139,Λοξίου,
1265,102403441,command,139,κελεύμασιν,
1266,102403442,come,139,ἥκω,
1267,102403444,receive,139,δέχου,
1268,102403445,kindly,139,δὲ,
1269,102403446,Erinyes,139,πρευμενῶς,
1270,102403447,avenger,139,ἀλάστορα,
1271,102403449,not,139,οὐ,
1272,102403450,turning-away,139,προστρόπαιον,
1273,102403451,not,139,οὐ,
1274,102403452,or,139,-δ’,
1275,102403453,turned,139,ἀφοίβαντον,
1276,102403454,hand,139,χέρα,
1277,102403456,but,139,ἀλλ’,
1278,102403457,blunt,139,ἀμβλὺς,
1279,102403458,already,139,ἤδη,
1280,102403459,worn,139,προστετριμμένος,
1281,102403461,against,139,πρὸς,
1282,102403462,other,139,ἄλλοισιν,
1283,102403463,houses,139,οἴκοις,
1284,102403464,and,139,καὶ,
1285,102403465,journeys,139,πορεύμασιν,
1286,102403466,mortals,139,βροτῶν,
1287,102403468,alike,140,ὅμοια,
1288,102403469,land,140,χέρσον,
1289,102403470,and,140,καὶ,
1290,102403471,sea,140,θάλασσαν,
1291,102403472,Crossing,140,ἐκπερῶν,
1292,102403474,preserving,140,σῴζων,
1293,102403475,commands,140,ἐφετμὰς,
1294,102403476,Delphic,140,Λοξίου,
1295,102403477,oracle,140,χρηστηρίους,
1296,102403479,approach,140,πρόσειμι,
1297,102403480,house,140,δῶμα,
1298,102403481,and,140,καὶ,
1299,102403482,shrine,140,βρέτας,
1300,102403483,your,140,τὸ,
1301,102403484,your,140,σόν,
1302,102403486,goddess,140,θεά,
1303,102403488,him,141,αὐτοῦ,
1304,102403489,guarding,141,φυλάσσων,
1305,102403490,Waiting,141,ἀναμένω,
1306,102403491,end,141,τέλος,
1307,102403492,trial,141,δίκης,
1308,102403494,Let,142,εἶεν,
1309,102403496,This,143,τόδ’,
1310,102403497,is,143,ἐστὶ,
1311,102403498,the,143,τα-,
1312,102403499,that,143,τἀνδρὸς,
1313,102403500,clear,143,ἐκφανὲς,
1314,102403501,sign,143,τέκμαρ,
1315,102403498,of,143,τα-,
1316,102403499,man,143,τἀνδρὸς,
1317,102403503,Follow,144,ἕπου,
1318,102403504,the,144,δὲ,
1319,102403505,accuser,144,μηνυτῆρος,
1320,102403506,silent,144,ἀφθέγκτου,
1321,102403507,mind,144,φραδαῖς,
1322,102403510,For,145,γὰρ,
1323,102403518,hunt,145,ἐκματεύομεν,
1324,102403509,four-wounded,145,τετραυματισμένον,
1325,102403513,fawn,145,νεβρὸν,
1326,102403511,like,145,ὡς,
1327,102403512,a dog,145,κύων,
1328,102403514,towards,145,πρὸς,
1329,102403515,the blood,145,αἷμα,
1330,102403516,and,145,καὶ,
1331,102403517,the drops,145,σταλαγμὸν,
1332,102403520,many,146,πολλοῖς,
1333,102403521,For,146,δὲ,
1334,102403522,labors,146,μόχθοις,
1335,102403523,men,146,ἀνδροκμῆσι,
1336,102403524,breathing,146,φυσιᾷ,
1337,102403525,heart,146,σπλάγχνον,
1338,102403528,For,147,γὰρ,
1339,102403529,every,147,πᾶς,
1340,102403531,region,147,τόπος,
1341,102403527,of,147,χθονὸς,
1342,102403527,earth,147,χθονὸς,
1343,102403530,has,147,πεποίμανται,
1344,102403530,been,147,πεποίμανται,
1345,102403530,tended,147,πεποίμανται,
1346,102403533,over,147,ὑπέρ,
1347,102403535,sea,147,πόντον,
1348,102403538,they,147,ἦλθον,
1349,102403538,have,147,ἦλθον,
1350,102403538,come,147,ἦλθον,
1351,102403536,wingless,147,ἀπτέροις,
1352,102403537,vessels,147,ποτήμασιν,
1353,102403539,pursuing,147,διώκουσ’,
1354,102403539,them,147,διώκουσ’,
1355,102403541,nothing,147,οὐδὲν,
1356,102403542,later,147,ὑστέρα,
1357,102403543,than,147,νεώς,
1358,102403543,ship,147,νεώς,
1359,102403545,And,148,καὶ,
1360,102403546,now,148,νῦν,
1361,102403547,this,148,ὅδ’,
1362,102403548,here,148,ἐνθάδ’,
1363,102403549,is,148,ἐστί,
1364,102403550,indeed,148,που,
1365,102403551,fear,148,καταπτακών,
1366,102403553,smell,149,ὀσμὴ,
1367,102403554,mortal,149,βροτείων,
1368,102403555,blood,149,αἱμάτων,
1369,102403556,me,149,με,
1370,102403557,smiles,149,προσγελᾷ,
1371,102403559,Look,150,ὅρα,
1372,102403560,look,150,ὅρα,
1373,102403561,very,150,μάλ’,
1374,102403562,carefully,150,αὖ,
1375,102403564,gaze,150,λεύσσετε,
1376,102403565,upon,150,πάντα,
1377,102403565,everything,150,πάντα,
1378,102403567,lest,150,μὴ,
1379,102403568,escape,150,λάθῃ,
1380,102403569,notice,150,φύγδα,
1381,102403572,mother-slaying,150,ματροφόνος,
1382,102403573,guiltless,150,ἀτίτας,
1383,102403569,fugitive,150,φύγδα,
1384,102403576,But,151,δ’,
1385,102403577,once again,151,αὖτέ,
1386,102403575,he,151,ὁ,
1387,102403581,holding,151,ἔχων,
1388,102403580,defense,151,ἀλκὰν,
1389,102403584,having been woven,151,πλεχθεὶς,
1390,102403582,around,151,περὶ,
1391,102403583,statue,151,βρέτει,
1392,102403585,goddess,151,θεᾶς,
1393,102403586,immortal,151,ἀμβρότου,
1394,102403588,desires,151,θέλει,
1395,102403589,to become,151,γενέσθαι,
1396,102403590,debtor,151,χρεῶν,
1397,102403593,But,152,δ’,
1398,102403592,this,152,τὸ,
1399,102403595,is,152,πάρεστιν,
1400,102403594,not,152,οὐ,
1401,102403595,present,152,πάρεστιν,
1402,102403597,blood,153,αἷμα,
1403,102403598,mother,153,μητρῷον,
1404,102403600,gathered,153,δυσαγκόμιστον,
1405,102403602,alas,153,παπαῖ,
1406,102403605,blood,153,διερὸν,
1407,102403606,ground,153,πέδοι,
1408,102403607,poured,153,χύμενον,
1409,102403608,gone,153,οἴχεται,
1410,102403610,But,154,ἀλλ’,
1411,102403611,pay back,154,ἀντιδοῦναι,
1412,102403612,must,154,δεῖ,
1413,102403613,you,154,σ’,
1414,102403616,sucking,154,ῥοφεῖν,
1415,102403617,red,154,ἐρυθρὸν,
1416,102403620,clot,154,πέλανον,
1417,102403614,from,154,ἀπὸ,
1418,102403619,limbs,154,μελέων,
1419,102403622,From,155,ἀπὸ,
1420,102403623,however,155,δὲ,
1421,102403624,you,155,σοῦ,
1422,102403625,carry,155,φεροίμαν,
1423,102403626,fodder,155,βοσκὰν,
1424,102403627,drink,155,πώματος,
1425,102403628,unyielding,155,δυσπότου,
1426,102403630,And,156,καὶ,
1427,102403634,I shall drag,156,ἀπάξομαι,
1428,102403632,you,156,σ’,
1429,102403635,down,156,κάτω,
1430,102403631,wasting,156,ζῶντά,
1431,102403633,your,156,ἰσχνάνασ’,
1432,102403637,as a ransom,156,ἀντίποιν’,
1433,102403638,for,156,ὡς,
1434,102403639,the suffering,156,τίνῃς,
1435,102403640,mother-killer,156,ματροφόνου,
1436,102403643,see,157,ὄψει,
1437,102403647,some,157,τις,
1438,102403648,other,157,ἄλλος,
1439,102403649,suffering,157,ἤλιτεν,
1440,102403650,of mortals,157,βροτῶν,
1441,102403652,god,157,θεὸν,
1442,102403655,some,157,τιν’,
1443,102403654,stranger,157,ξένον,
1444,102403660,parents,157,τοκέας,
1445,102403661,friends,157,φίλους,
1446,102403663,having,157,ἔχονθ’,
1447,102403664,each,157,ἕκαστον,
1448,102403666,deserts,157,δίκης,
1449,102403670,For,158,γὰρ,
1450,102403669,great,158,μέγας,
1451,102403671,Hades,158,Ἅιδης,
1452,102403672,is,158,ἐστὶν,
1453,102403673,unexaminer,158,εὔθυνος,
1454,102403674,of mortals,158,βροτῶν,
1455,102403675,beneath,158,ἔνερθε,
1456,102403676,the earth,158,χθονός,
1457,102403678,tablet-writer,158,δελτογράφῳ,
1458,102403680,all,158,πάντ’,
1459,102403681,he is,158,ἐπωπᾷ,
1460,102403682,with his mind,158,φρενί,
1461,102403685,Having,159,διδαχθεὶς,
1462,102403685,been,159,διδαχθεὶς,
1463,102403685,taught,159,διδαχθεὶς,
1464,102403686,through,159,ἐν,
1465,102403687,suffering,159,κακοῖς,
1466,102403684,I,159,ἐγὼ,
1467,102403688,know,159,ἐπίσταμαι,
1468,102403689,many,159,πολλοὺς,
1469,102403690,purifications,159,καθαρμούς,
1470,102403692,and,159,καὶ,
1471,102403694,where,159,ὅπου,
1472,102403693,to,159,λέγειν,
1473,102403693,speak,159,λέγειν,
1474,102403694,where,159,ὅπου,
1475,102403696,to,159,σιγᾶν,
1476,102403696,be,159,σιγᾶν,
1477,102403696,silent,159,σιγᾶν,
1478,102403697,just,159,θ’,
1479,102403698,as,159,ὁμοίως,
1480,102403698,equally,159,ὁμοίως,
1481,102403700,In,160,ἐν,
1482,102403701,this,160,δὲ,
1483,102403702,matter,160,τῷδε,
1484,102403704,to speak,160,φωνεῖν,
1485,102403705,I was ordered,160,ἐτάχθην,
1486,102403706,to,160,πρὸς,
1487,102403707,wise,160,σοφοῦ,
1488,102403708,teacher,160,διδασκάλου,
1489,102403711,For,161,γὰρ,
1490,102403712,blood,161,αἷμα,
1491,102403710,cries out,161,βρίζει,
1492,102403713,and,161,καὶ,
1493,102403715,hand,161,χερός,
1494,102403714,grows dim,161,μαραίνεται,
1495,102403719,and,161,δ’,
1496,102403717,matricidal,161,μητροκτόνον,
1497,102403718,stain,161,μίασμα,
1498,102403720,washed away,161,ἔκπλυτον,
1499,102403721,remains,161,πέλει,
1500,102403724,For,162,γὰρ,
1501,102403725,it,162,ὂν,
1502,102403731,was driven away,162,ἠλάθη,
1503,102403723,fugitive,162,ποταίνιον,
1504,102403726,from,162,πρὸς,
1505,102403727,hearth,162,ἑστίᾳ,
1506,102403728,god,162,θεοῦ,
1507,102403729,Phoebus,162,Φοίβου,
1508,102403730,purifications,162,καθαρμοῖς,
1509,102403732,pig-slaughtering,162,χοιροκτόνοις,
1510,102403734,long,163,πολὺς,
1511,102403735,And,163,δέ,
1512,102403736,to me,163,μοι,
1513,102403737,come,163,γένοιτ’,
1514,102403738,may,163,ἂν,
1515,102403739,from,163,ἐξ,
1516,102403740,beginning,163,ἀρχῆς,
1517,102403741,narrative,163,λόγος,
1518,102403743,to which,163,ὅσοις,
1519,102403744,have come,163,προσῆλθον,
1520,102403745,harmless,163,ἀβλαβεῖ,
1521,102403746,company,163,ξυνουσίᾳ,
1522,102403754,And,165,καὶ,
1523,102403755,now,165,νῦν,
1524,102403756,from,165,ἀφ’,
1525,102403757,unblemished,165,ἁγνοῦ,
1526,102403758,mouth,165,στόματος,
1527,102403759,auspicious,165,εὐφήμως,
1528,102403760,summon,165,καλῶ,
1529,102403761,land,165,χώρας,
1530,102403762,queen,165,ἄνασσαν,
1531,102403763,this,165,τῆσδ’,
1532,102403764,Athena,165,Ἀθηναίαν,
1533,102403765,me,165,ἐμοὶ,
1534,102403766,come,165,μολεῖν,
1535,102403767,aid,165,ἀρωγόν,
1536,102403769,acquire,166,κτήσεται,
1537,102403770,and,166,δ’,
1538,102403771,for,166,ἄνευ,
1539,102403772,land,166,δορὸς,
1540,102403773,for,166,αὐτόν,
1541,102403774,and,166,τε,
1542,102403775,and,166,καὶ,
1543,102403776,land,166,γῆν,
1544,102403777,and,166,καὶ,
1545,102403778,Argive,166,τὸν,
1546,102403779,Argive,166,Ἀργεῖον,
1547,102403780,people,166,λεὼν,
1548,102403781,faithful,166,πιστὸν,
1549,102403782,just,166,δικαίως,
1550,102403783,to,166,ἐς,
1551,102403784,very,166,τὸ,
1552,102403785,very,166,πᾶν,
1553,102403786,end,166,τε,
1554,102403787,ally,166,σύμμαχον,
1555,102403789,But,167,ἀλλ’,
1556,102403790,if,167,εἴ,
1557,102403791,,167,-τε,
1558,102403792,lands,167,χώρας,
1559,102403793,in,167,ἐν,
1560,102403794,the,167,τόποις,
1561,102403795,Libyan,167,Λιβυστικοῖς,
1562,102403797,of Triton,167,Τρίτωνος,
1563,102403798,at,167,ἀμφὶ,
1564,102403799,the stream,167,χεῦμα,
1565,102403800,of her birth,167,γενεθλίου,
1566,102403801,the channel,167,πόρου,
1567,102403803,sets,167,τίθησιν,
1568,102403804,upright,167,ὀρθὸν,
1569,102403805,,167,ἢ,
1570,102403806,level,167,κατηρεφῆ,
1571,102403807,foot,167,πόδα,
1572,102403810,,167,ἀρήγουσ’,
1573,102403812,if,167,εἴ,
1574,102403813,,167,-τε,
1575,102403814,Phlegraean,167,Φλεγραίαν,
1576,102403815,plain,167,πλάκα,
1577,102403816,bold,167,θρασὺς,
1578,102403817,leader,167,ταγοῦχος,
1579,102403818,as,167,ὡς,
1580,102403819,,167,ἀνὴρ,
1581,102403820,gazes,167,ἐπισκοπεῖ,
1582,102403822,let her come,167,ἔλθοι,
1583,102403824,hears,167,κλύει,
1584,102403825,even,167,δὲ,
1585,102403826,from,167,καὶ,
1586,102403827,afar,167,πρόσωθεν,
1587,102403828,,167,ὢν,
1588,102403829,the god,167,θεός,
1589,102403831,in order that,167,ὅπως,
1590,102403832,she might become,167,γένοιτο,
1591,102403833,these things,167,τῶνδ’,
1592,102403834,for me,167,ἐμοὶ,
1593,102403835,the liberator,167,λυτήριος,
1594,102403837,has not,168,οὔτοι,
1595,102403838,you,168,σ’,
1596,102403839,Apollo,168,Ἀπόλλων,
1597,102403840,nor has,168,οὐ,
1598,102403841,nor has,168,-δ’,
1599,102403842,Athena,168,Ἀθηναίας,
1600,102403843,strength,168,σθένος,
1601,102403844,saved,168,ῥύσαιτ’,
1602,102403845,might,168,ἂν,
1603,102403846,so,168,ὥστε,
1604,102403847,not,168,μὴ,
1605,102403848,not,168,οὐ,
1606,102403849,unheeded,168,παρημελημένον,
1607,102403850,run off,168,ἔρρειν,
1608,102403852,to,168,τὸ,
1609,102403853,take pleasure,168,χαίρειν,
1610,102403854,nowhere,168,μὴ,
1611,102403855,having learned,168,μαθόνθ’,
1612,102403856,nowhere,168,ὅπου,
1613,102403857,mind,168,φρενῶν,
1614,102403859,unbloody,168,ἀναίματον,
1615,102403860,flock,168,βόσκημα,
1616,102403861,gods,168,δαιμόνων,
1617,102403863,shadow,168,σκιάν,
1618,102403865,not,169,οὐ,
1619,102403866,back,169,-δ’,
1620,102403867,answer,169,ἀντιφωνεῖς,
1621,102403869,but,169,ἀλλ’,
1622,102403870,spit,169,ἀποπτύεις,
1623,102403871,words,169,λόγους,
1624,102403873,by me,169,ἐμοὶ,
1625,102403874,nourished,169,τραφείς,
1626,102403875,and,169,τε,
1627,102403876,initiated,169,καὶ,
1628,102403877,by me,169,καθιερωμένος,
1629,102403879,And,170,καὶ,
1630,102403880,I,170,ζῶν,
1631,102403882,shall spread,170,δαίσεις,
1632,102403881,you,170,με,
1633,102403884,and,170,-δὲ,
1634,102403883,not,170,οὐ,
1635,102403885,toward,170,πρὸς,
1636,102403886,the,170,βωμῷ,
1637,102403887,altar,170,σφαγείς,
1638,102403887,for slaughter,170,σφαγείς,
1639,102403890,And,171,δ’,
1640,102403891,hear,171,ἀκούσῃ,
1641,102403892,this,171,τόνδε,
1642,102403893,prisoner,171,δέσμιον,
1643,102403889,hymn,171,ὕμνον,
1644,102403894,from,171,σέθεν,
1645,102403896,Come,172,ἄγε,
1646,102403897,now,172,δὴ,
1647,102403898,also,172,καὶ,
1648,102403899,chorus,172,χορὸν,
1649,102403900,summon,172,ἅψωμεν,
1650,102403902,since,172,ἐπεὶ,
1651,102403903,it,172,μοῦσαν,
1652,102403904,good,172,στυγερὰν,
1653,102403905,banish,172,ἀποφαίνεσθαι,
1654,102403906,the,172,δεδόκηκεν,
1655,102403907,hateful,172,",",
1656,102403908,to declare,172,λέξαι,
1657,102403909,the,172,τε,
1658,102403910,shares,172,λάχη,
1659,102403911,of,172,τὰ,
1660,102403912,men,172,κατ’,
1661,102403913,as,172,ἀνθρώπους,
1662,102403914,the,172,ὡς,
1663,102403915,drink-offering,172,ἐπινωμᾷ,
1664,102403916,of,172,στάσις,
1665,102403917,sedition,172,ἁμά,
1666,102403919,straight,173,εὐθυδίκαιοι,
1667,102403920,And,173,δ’,
1668,102403921,deem,173,οἰόμεθ’,
1669,102403921,ourselves,173,οἰόμεθ’,
1670,102403922,to be,173,εἶναι,
1671,102403922,just,173,εἶναι,
1672,102403929,No,174,οὔτις,
1673,102403931,wrath,174,μῆνις,
1674,102403930,pursues,174,ἐφέρπει,
1675,102403924,the,174,τὸν,
1676,102403925,one,174,μὲν,
1677,102403928,offers,174,προνέμοντ’,
1678,102403926,clean,174,καθαρὰς,
1679,102403927,hands,174,χεῖρας,
1680,102403932,from,174,ἀφ’,
1681,102403933,among us,174,ἡμῶν,
1682,102403936,and,174,δ’,
1683,102403929,he,174,οὔτις,
1684,102403938,passes,174,διοιχνεῖ,
1685,102403937,his,174,αἰῶνα,
1686,102403935,unharmed,174,ἀσινὴς,
1687,102403940,whoever,175,ὅστις,
1688,102403941,But,175,δ’,
1689,102403943,like,175,ὥσπερ,
1690,102403944,this,175,ὅδ’,
1691,102403945,man,175,ἁνὴρ,
1692,102403948,hides,175,ἐπικρύπτει,
1693,102403946,hands,175,χεῖρας,
1694,102403947,murderous,175,φονίας,
1695,102403950,witnesses,175,μάρτυρες,
1696,102403951,upright,175,ὀρθαὶ,
1697,102403953,dying,175,θανοῦσιν,
1698,102403955,agents,175,πράκτορες,
1699,102403956,blood,175,αἵματος,
1700,102403959,appeared,175,ἐφάνημεν,
1701,102403958,fully,175,τελέως,
1702,102403961,Mother,176,μᾶτερ,
1703,102403962,who,176,ἅ,
1704,102403963,me,176,μ’,
1705,102403964,bore,176,ἔτικτες,
1706,102403966,O,176,ὦ,
1707,102403967,Mother,176,μᾶτερ,
1708,102403968,Night,176,Νύξ,
1709,102403975,listen,176,κλῦθ’,
1710,102403973,punishment,176,ποινάν,
1711,102403970,unseen,176,ἀλαοῖσι,
1712,102403971,and,176,καὶ,
1713,102403972,seen,176,δεδορκόσιν,
1714,102403979,For,177,γὰρ,
1715,102403978,Latous's,177,Λατοῦς,
1716,102403980,daughter,177,ἶνίς,
1717,102403980,the hare,177,ἶνίς,
1718,102403983,puts,177,τίθησιν,
1719,102403981,me,177,μ’,
1720,102403982,in dishonor,177,ἄτιμον,
1721,102403985,by taking away,177,ἀφαιρούμενος,
1722,102403984,this,177,τόνδ’,
1723,102403986,wretched thing,177,πτῶκα,
1724,102403989,a maternal cleansing,177,ἅγνισμα,
1725,102403988,maternal,177,ματρῷον,
1726,102403990,of murder,177,κύριον,
1727,102403991,of murder,177,φόνου,
1728,102403993,to,178,ἐπὶ,
1729,102403994,And,178,δὲ,
1730,102403995,this,178,τῷ,
1731,102403996,sacrificed,178,τεθυμένῳ,
1732,102403997,this,178,τόδε,
1733,102403998,song,178,μέλος,
1734,102404000,paroxysm,178,παρακοπά,
1735,102404002,frenzy,178,παραφορὰ,
1736,102404003,mind,178,φρενοδαλής,
1737,102404005,hymn,178,ὕμνος,
1738,102404006,from,178,ἐξ,
1739,102404007,Erinyes,178,Ἐρινύων,
1740,102404009,captive,178,δέσμιος,
1741,102404010,mind,178,φρενῶν,
1742,102404012,uninitiated,178,ἀφόρμικτος,
1743,102404014,bane,178,αὐονὰ,
1744,102404015,mortals,178,βροτοῖς,
1745,102404018,For,179,γὰρ,
1746,102404017,this,179,τοῦτο,
1747,102404019,lot,179,λάχος,
1748,102404022,has been decreed,179,ἐπέκλωσεν,
1749,102404020,unerring,179,διανταία,
1750,102404021,Fate,179,Μοῖρ’,
1751,102404024,remain,179,ἔχειν,
1752,102404023,fixed,179,ἐμπέδως,
1753,102404026,of men,179,θνατῶν,
1754,102404027,of mortals,179,τοῖσιν,
1755,102404028,deeds,179,αὐτουργίαι,
1756,102404030,vain,179,μάταιοι,
1757,102404029,should prove,179,ξυμπέσωσιν,
1758,102404032,to those,179,τοῖς,
1759,102404033,destined,179,ὁμαρτεῖν,
1760,102404035,until,179,ὄφρ’,
1761,102404037,earth,179,γᾶν,
1762,102404038,covered,179,ὑπέλθῃ,
1763,102404040,Having,180,θανὼν,
1764,102404041,died,180,δ’,
1765,102404042,not,180,οὐκ,
1766,102404043,too,180,ἄγαν,
1767,102404044,free,180,ἐλεύθερος,
1768,102404047,But,181,δὲ,
1769,102404046,over,181,ἐπὶ,
1770,102404048,this,181,τῷ,
1771,102404049,sacrificed,181,τεθυμένῳ,
1772,102404050,this,181,τόδε,
1773,102404051,song,181,μέλος,
1774,102404053,paroxysm,181,παρακοπά,
1775,102404055,frenzy,181,παραφορὰ,
1776,102404056,mind-struck,181,φρενοδαλής,
1777,102404063,reason,181,φρενῶν,
1778,102404058,hymn,181,ὕμνος,
1779,102404059,from,181,ἐξ,
1780,102404060,Erinyes,181,Ἐρινύων,
1781,102404062,captive,181,δέσμιος,
1782,102404063,mind,181,φρενῶν,
1783,102404065,unloosed,181,ἀφόρμικτος,
1784,102404067,song,181,αὐονὰ,
1785,102404068,mortals,181,βροτοῖς,
1786,102404070,being born,182,γιγνομέναισι,
1787,102404071,shares,182,λάχη,
1788,102404072,These,182,τάδ’,
1789,102404073,among,182,ἐφ’,
1790,102404074,us,182,ἁμὶν,
1791,102404075,distributed,182,ἐκράνθη,
1792,102404077,immortal,183,ἀθανάτων,
1793,102404078,And,183,δ’,
1794,102404079,keep,183,ἀπέχειν,
1795,102404080,hands,183,χέρας,
1796,102404082,no,183,οὐ,
1797,102404084,one,183,τις,
1798,102404085,is,183,ἐστί,
1799,102404086,fellow diner,183,συνδαίτωρ,
1800,102404087,fellow sharer,183,μετάκοινος,
1801,102404089,splendid,184,παλλεύκων,
1802,102404090,to,184,δὲ,
1803,102404091,robes,184,πέπλων,
1804,102404092,without,184,ἀπόμοιρος,
1805,102404093,a,184,ἄκληρος,
1806,102404094,came,184,ἐτύχθην,
1807,102404098,For,185,γὰρ,
1808,102404097,houses,185,δωμάτων,
1809,102404099,I would choose,185,εἱλόμαν,
1810,102404100,overthrow,185,ἀνατροπάς,
1811,102404102,when,185,ὅταν,
1812,102404103,Ares,185,Ἄρης,
1813,102404104,tame,185,τιθασὸς,
1814,102404105,become,185,ὢν,
1815,102404107,chooses,185,ἕλῃ,
1816,102404106,friend,185,φίλον,
1817,102404110,this,186,τὸν,
1818,102404111,place,186,ὧδ’,
1819,102404112,hasten,186,ἱέμεναι,
1820,102404115,nevertheless,186,ὅμως,
1821,102404116,dimmed,186,ἀμαυροῦμεν,
1822,102404117,by,186,ὑφ’,
1823,102404118,blood,186,αἵματος,
1824,102404119,fresh,186,νέου,
1825,102404113,strong,186,κρατερὸν,
1826,102404114,are,186,ὄνθ’,
1827,102404109,Even,186,ἐπὶ,
1828,102404121,hasten,187,σπεύδομεν,
1829,102404122,these,187,αἵδ’,
1830,102404123,remove,187,ἀφελεῖν,
1831,102404124,some,187,τινὰ,
1832,102404125,these,187,τάσδε,
1833,102404126,cares,187,μερίμνας,
1834,102404128,gods,187,θεῶν,
1835,102404129,and,187,δ’,
1836,102404130,exemption,187,ἀτέλειαν,
1837,102404131,our,187,ἐμαῖς,
1838,102404132,studies,187,μελέταις,
1839,102404133,crown,187,ἐπικραίνειν,
1840,102404135,lest,187,μη,
1841,102404137,to,187,εἰς,
1842,102404138,examination,187,ἄγκρισιν,
1843,102404139,come,187,ἐλθεῖν,
1844,102404142,But,188,δ’,
1845,102404141,Zeus,188,Ζεὺς,
1846,102404143,bloody,188,αἱμοσταγὲς,
1847,102404144,worthless,188,ἀξιόμισον,
1848,102404145,nation,188,ἔθνος,
1849,102404146,that,188,τόδε,
1850,102404147,chatter,188,λέσχας,
1851,102404149,rejected,188,ἀπηξιώσατο,
1852,102404152,For,189,γὰρ,
1853,102404153,desire,189,εἱλόμαν,
1854,102404154,overthrow,189,ἀνατροπάς,
1855,102404151,houses,189,δωμάτων,
1856,102404156,when,189,ὅταν,
1857,102404157,Ares,189,Ἄρης,
1858,102404158,tamed,189,τιθασὸς,
1859,102404159,having become,189,ὢν,
1860,102404161,takes,189,ἕλῃ,
1861,102404160,a friend,189,φίλον,
1862,102404163,approach,190,ἐπὶ,
1863,102404164,this,190,τὸν,
1864,102404165,now,190,ὧδ’,
1865,102404166,place,190,ἱέμεναι,
1866,102404167,powerful,190,κρατερὸν,
1867,102404168,as,190,ὄνθ’,
1868,102404169,Yet,190,ὅμως,
1869,102404170,dimmed,190,ἀμαυροῦμεν,
1870,102404171,by,190,ὑφ’,
1871,102404172,blood,190,αἵματος,
1872,102404173,new-born,190,νέου,
1873,102404176,And,191,τ’,
1874,102404175,opinions,191,δόξαι,
1875,102404177,of men,191,ἀνδρῶν,
1876,102404178,and,191,καὶ,
1877,102404179,those very,191,μάλ’,
1878,102404180,beneath,191,ὑπ’,
1879,102404181,the sky,191,αἰθέρι,
1880,102404182,lofty,191,σεμναὶ,
1881,102404183,melt,191,τακόμεναι,
1882,102404184,falling,191,κατὰ,
1883,102404185,to the earth,191,γᾶν,
1884,102404186,are diminished,191,μινύθουσιν,
1885,102404187,in dishonor,191,ἄτιμοι,
1886,102404188,our,191,ἁμετέραις,
1887,102404190,dark-blooded,191,μελανείμοσιν,
1888,102404189,attacks,191,ἐφόδοις,
1889,102404193,and,191,τ’,
1890,102404194,envious,191,ἐπιφθόνοις,
1891,102404192,dances,191,ὀρχησμοῖς,
1892,102404195,of the foot,191,ποδός,
1893,102404198,For,192,γὰρ,
1894,102404199,indeed,192,οὖν,
1895,102404200,carry,192,ἁλομένα,
1896,102404203,down,192,καταφέρω,
1897,102404201,from above,192,ἀνέκαθεν,
1898,102404204,foot,192,ποδὸς,
1899,102404205,edge,192,ἀκμάν,
1900,102404202,heavy-footed,192,βαρυπεσῆ,
1901,102404209,long strides,192,τανυδρόμοις,
1902,102404210,rushing,192,κῶλα,
1903,102404207,treacherous,192,σφαλερὰ,
1904,102404212,ruinous,192,δύσφορον,
1905,102404213,ruin,192,ἄταν,
1906,102404215,Falling,193,πίπτων,
1907,102404216,he,193,δ’,
1908,102404217,does not,193,οὐκ,
1909,102404218,know,193,οἶδεν,
1910,102404219,this,193,τόδ’,
1911,102404220,done,193,ὑπ’,
1912,102404221,fool's,193,ἄφρονι,
1913,102404222,destruction,193,λύμᾳ,
1914,102404224,Such,194,τοῖον,
1915,102404226,upon,194,ἐπὶ,
1916,102404227,gloom,194,κνέφας,
1917,102404228,man,194,ἀνδρὶ,
1918,102404230,settles,194,πεπόταται,
1919,102404232,and,194,καὶ,
1920,102404233,dark,194,δνοφεράν,
1921,102404234,certain,194,τιν’,
1922,102404235,mist,194,ἀχλὺν,
1923,102404236,from,194,κατὰ,
1924,102404237,house,194,δώματος,
1925,102404238,is uttered,194,αὐδᾶται,
1926,102404239,full of sighs,194,πολύστονος,
1927,102404240,rumor,194,φάτις,
1928,102404243,For,195,γὰρ,
1929,102404244,indeed,195,οὖν,
1930,102404248,carry down,195,καταφέρω,
1931,102404246,from afar,195,ἀνέκαθεν,
1932,102404245,sharp,195,ἁλομένα,
1933,102404250,edge,195,ἀκμάν,
1934,102404249,footed,195,ποδὸς,
1935,102404254,rushing,195,τανυδρόμοις,
1936,102404255,stride,195,κῶλα,
1937,102404252,stumbles,195,σφαλερὰ,
1938,102404258,ruin,195,ἄταν,
1939,102404257,hard to bear,195,δύσφορον,
1940,102404260,remains,196,μένει,
1941,102404261,for,196,γάρ,
1942,102404263,Skillful,197,εὐμήχανοί,
1943,102404264,and,197,τε,
1944,102404265,and,197,καὶ,
1945,102404266,perfect,197,τέλειοι,
1946,102404270,mindful,197,μνήμονες,
1947,102404268,evils,197,κακῶν,
1948,102404269,of,197,τε,
1949,102404271,solemn,197,σεμναὶ,
1950,102404272,and,197,καὶ,
1951,102404273,hard to comfort,197,δυσπαρήγοροι,
1952,102404274,for mortals,197,βροτοῖς,
1953,102404278,receiving,197,διόμεναι,
1954,102404276,dishonored,197,ἄτιμ’,
1955,102404277,unhonored,197,ἀτίετα,
1956,102404279,shares,197,λάχη,
1957,102404280,of gods,197,θεῶν,
1958,102404281,in discord,197,διχοστατοῦντ’,
1959,102404282,that is not set by the sun,197,ἀνηλίῳ,
1960,102404283,torch,197,λάμπᾳ,
1961,102404285,terrible to behold,197,δυσοδοπαίπαλα,
1962,102404286,to behold,197,δερκομένοισι,
1963,102404287,and,197,καὶ,
1964,102404288,terrible to the eyes,197,δυσομμάτοις,
1965,102404289,even so,197,ὁμῶς,
1966,102404291,Who,198,τίς,
1967,102404292,then,198,οὖν,
1968,102404294,not,198,οὐχ,
1969,102404295,does,198,ἅζεταί,
1970,102404298,fear,198,δέδοικεν,
1971,102404296,and,198,τε,
1972,102404297,and,198,καὶ,
1973,102404293,these,198,τάδ’,
1974,102404301,my,198,ἐμοῦ,
1975,102404302,hearing,198,κλύων,
1976,102404303,law,198,θεσμὸν,
1977,102404304,which,198,τὸν,
1978,102404305,destined,198,μοιρόκραντον,
1979,102404306,by,198,ἐκ,
1980,102404307,fate,198,θεῶν,
1981,102404308,given,198,δοθέντα,
1982,102404306,by,198,ἐκ,
1983,102404307,gods,198,θεῶν,
1984,102404309,to be completed,198,τέλεον,
1985,102404311,still,199,ἔτι,
1986,102404312,nor,199,δέ,
1987,102404313,me,199,μοι,
1988,102404314,remains,199,μένει,
1989,102404315,privilege,199,γέρας,
1990,102404316,old,199,παλαιόν,
1991,102404318,has,199,οὐ,
1992,102404319,has,199,-δ’,
1993,102404320,dishonor,199,ἀτιμίας,
1994,102404321,reached,199,κύρω,
1995,102404323,though,199,καίπερ,
1996,102404324,beneath,199,ὑπὸ,
1997,102404325,earth,199,χθόνα,
1998,102404326,rank,199,τάξιν,
1999,102404327,hold,199,ἔχουσα,
2000,102404328,and,199,καὶ,
2001,102404329,evening,199,δυσήλιον,
2002,102404330,gloom,199,κνέφας,
2003,102404332,From,200,πρόσωθεν,
2004,102404333,I,200,ἐξήκουσα,
2005,102404333,have,200,ἐξήκουσα,
2006,102404333,heard,200,ἐξήκουσα,
2007,102404334,omen-bearer,200,κληδόνος,
2008,102404335,cry,200,βοὴν,
2009,102404336,from,200,ἀπὸ,
2010,102404337,Scamander,200,Σκαμάνδρου,
2011,102404338,land,200,γῆν,
2012,102404341,which,200,ἣν,
2013,102404342,indeed,200,δῆτ’,
2014,102404343,Achaean,200,Ἀχαιῶν,
2015,102404344,wardens,200,ἄκτορές,
2016,102404345,and,200,τε,
2017,102404346,and,200,καὶ,
2018,102404347,leaders,200,πρόμοι,
2019,102404349,of,200,τῶν,
2020,102404350,captives,200,αἰχμαλώτων,
2021,102404351,spoils,200,χρημάτων,
2022,102404352,share,200,λάχος,
2023,102404353,great,200,μέγα,
2024,102404355,sown,200,ἔνειμαν,
2025,102404356,rooted,200,αὐτόπρεμνον,
2026,102404357,into,200,εἰς,
2027,102404358,my,200,τὸ,
2028,102404359,entire,200,πᾶν,
2029,102404360,being,200,ἐμοί,
2030,102404362,exceptional,200,ἐξαίρετον,
2031,102404363,gift,200,δώρημα,
2032,102404364,Theseus,200,Θησέως,
2033,102404365,offspring,200,τόκοις,
2034,102404367,From,201,ἔνθεν,
2035,102404368,having chased,201,διώκουσ’,
2036,102404369,I came,201,ἦλθον,
2037,102404370,untrampled,201,ἄτρυτον,
2038,102404371,foot,201,πόδα,
2039,102404373,wings,201,πτερῶν,
2040,102404374,without,201,ἄτερ,
2041,102404375,shaking,201,ῥοιβδοῦσα,
2042,102404376,gulf,201,κόλπον,
2043,102404377,aegis,201,αἰγίδος,
2044,102404386,Seeing,202,ὁρῶσα,
2045,102404387,this,202,τήνδ’,
2046,102404384,new,202,καινὴν,
2047,102404388,gathering,202,ὁμιλίαν,
2048,102404389,of the land,202,χθονὸς,
2049,102404390,I fear,202,ταρβῶ,
2050,102404392,nothing,202,οὐδέν,
2051,102404395,but,202,δ’,
2052,102404394,wonder,202,θαῦμα,
2053,102404397,is present,202,πάρα,
2054,102404396,before my eyes,202,ὄμμασιν,
2055,102404399,Who,203,τίνες,
2056,102404400,pray,203,ποτ’,
2057,102404401,are,203,ἐστέ,
2058,102404407,speak,204,λέγω,
2059,102404403,all,204,πᾶσι,
2060,102404405,to,204,ἐς,
2061,102404406,common,204,κοινὸν,
2062,102404410,And,205,τε,
2063,102404413,this,205,τῷδ’,
2064,102404412,my,205,τοὐμὸν,
2065,102404409,image,205,βρέτας,
2066,102404414,companion,205,ἐφημένῳ,
2067,102404415,to this,205,ξένῳ,
2068,102404417,you,205,ὑμᾶς,
2069,102404419,equal,205,ὁμοίας,
2070,102404420,to no,205,οὐδενὶ,
2071,102404421,race,205,σπαρτῶν,
2072,102404422,of men,205,γένει,
2073,102404424,neither,205,οὔ,
2074,102404430,seen,205,ὁρωμένας,
2075,102404426,among,205,ἐν,
2076,102404427,the goddesses,205,θεαῖσι,
2077,102404428,in the presence,205,πρὸς,
2078,102404429,of the gods,205,θεῶν,
2079,102404431,nor,205,οὔ,
2080,102404432,indeed,205,-τ’,
2081,102404435,resembling,205,ἐμφερεῖς,
2082,102404434,mortal,205,βροτείοις,
2083,102404436,forms,205,μορφώμασιν,
2084,102404438,speak,206,λέγειν,
2085,102404439,and,206,δ’,
2086,102404440,blameless,206,ἄμομφον,
2087,102404441,are,206,ὄντα,
2088,102404442,those,206,τοὺς,
2089,102404443,near,206,πέλας,
2090,102404446,righteous,206,δικαίων,
2091,102404447,and,206,ἠδ’,
2092,102404448,turn,206,ἀποστατεῖ,
2093,102404449,lawful,206,θέμις,
2094,102404451,Make,207,πεύσῃ,
2095,102404452,all,207,τὰ,
2096,102404453,things,207,πάντα,
2097,102404454,quickly,207,συντόμως,
2098,102404456,of,207,Διὸς,
2099,102404457,Zeus,207,κόρη,
2100,102404459,we,208,ἡμεῖς,
2101,102404460,For,208,γάρ,
2102,102404461,are,208,ἐσμεν,
2103,102404462,of Night,208,Νυκτὸς,
2104,102404463,fearful,208,αἰανῆ,
2105,102404464,children,208,τέκνα,
2106,102404466,curses,209,Ἀραὶ,
2107,102404467,And,209,δ’,
2108,102404472,are invoked,209,κεκλήμεθα,
2109,102404468,within,209,ἐν,
2110,102404469,the house,209,οἴκοις,
2111,102404470,from beneath,209,γῆς,
2112,102404471,the earth,209,ὑπαὶ,
2113,102404474,race,210,γένος,
2114,102404475,the,210,μὲν,
2115,102404476,know,210,οἶδα,
2116,102404477,omens,210,κληδόνας,
2117,102404478,and,210,τ’,
2118,102404479,eponymous,210,ἐπωνύμους,
2119,102404481,honors,211,τιμάς,
2120,102404485,honors,211,τὰς,
2121,102404482,indeed,211,γε,
2122,102404483,indeed,211,μὲν,
2123,102404484,indeed,211,δὴ,
2124,102404486,My,211,ἐμὰς,
2125,102404487,discover,211,πεύσῃ,
2126,102404488,soon,211,τάχα,
2127,102404490,learn,212,μάθοιμ’,
2128,102404491,would,212,ἄν,
2129,102404493,if,212,εἰ,
2130,102404494,speak,212,λέγοι,
2131,102404495,someone,212,τις,
2132,102404496,clear,212,ἐμφανῆ,
2133,102404497,word,212,λόγον,
2134,102404499,murder,213,βροτοκτονοῦντας,
2135,102404500,out,213,ἐκ,
2136,102404501,homes,213,δόμων,
2137,102404502,drive,213,ἐλαύνομεν,
2138,102404504,And,214,καὶ,
2139,102404505,is,214,τῷ,
2140,102404506,for,214,κτανόντι,
2141,102404507,even,214,ποῦ,
2142,102404508,the,214,τὸ,
2143,102404509,limit,214,τέρμα,
2144,102404510,of,214,τῆς,
2145,102404511,escape,214,φυγῆς,
2146,102404513,Wherever,215,ὅπου,
2147,102404514,rejoicing,215,τὸ,
2148,102404515,is,215,χαίρειν,
2149,102404516,not,215,μηδαμοῦ,
2150,102404517,considered,215,νομίζεται,
2151,102404515,to,215,χαίρειν,
2152,102404515,exist,215,χαίρειν,
2153,102404516,at,215,μηδαμοῦ,
2154,102404516,all,215,μηδαμοῦ,
2155,102404519,do,216,ἦ,
2156,102404520,And,216,καὶ,
2157,102404521,such,216,τοιαύτας,
2158,102404522,these,216,τῷδ’,
2159,102404523,splash,216,ἐπιρροιζεῖς,
2160,102404524,fugitive,216,φυγάς,
2161,102404527,For,217,γὰρ,
2162,102404530,claimed,217,ἠξιώσατο,
2163,102404528,to be,217,εἶναι,
2164,102404529,mother's,217,μητρὸς,
2165,102404526,murderer,217,φονεὺς,
2166,102404532,other,218,ἄλλαις,
2167,102404533,necessities,218,ἀνάγκαις,
2168,102404535,or,218,ἤ,
2169,102404536,someone,218,τινος,
2170,102404537,fleeing,218,τρέων,
2171,102404538,wrath,218,κότον,
2172,102404541,For,219,γὰρ,
2173,102404540,what,219,ποῦ,
2174,102404542,kind,219,τοσοῦτο,
2175,102404543,sting,219,κέντρον,
2176,102404544,could,219,ὡς,
2177,102404545,drive,219,μητροκτονεῖν,
2178,102404545,one,219,μητροκτονεῖν,
2179,102404545,to,219,μητροκτονεῖν,
2180,102404545,kill,219,μητροκτονεῖν,
2181,102404545,one's,219,μητροκτονεῖν,
2182,102404545,mother,219,μητροκτονεῖν,
2183,102404547,two,220,δυοῖν,
2184,102404548,present,220,παρόντοιν,
2185,102404549,half,220,ἥμισυς,
2186,102404550,speech,220,λόγου,
2187,102404551,lacking,220,πάρα,
2188,102404553,But,221,ἀλλ’,
2189,102404554,oath,221,ὅρκον,
2190,102404555,not,221,οὐ,
2191,102404556,accept,221,δέξαιτ’,
2192,102404557,would,221,ἄν,
2193,102404559,nor,221,οὐ,
2194,102404560,give,221,δοῦναι,
2195,102404561,would,221,θέλοι,
2196,102404563,hear,222,κλύειν,
2197,102404564,what is just,222,δίκαιος,
2198,102404565,rather than,222,μᾶλλον,
2199,102404566,rather than,222,ἢ,
2200,102404567,do,222,πρᾶξαι,
2201,102404568,wish,222,θέλεις,
2202,102404568,you,222,θέλεις,
2203,102404570,How,223,πῶς,
2204,102404571,then,223,δή,
2205,102404573,Teach,224,δίδαξον,
2206,102404577,For,225,γὰρ,
2207,102404575,the,225,τῶν,
2208,102404576,wise,225,σοφῶν,
2209,102404578,not,225,οὐ,
2210,102404579,poor,225,πένῃ,
2211,102404581,By,226,ὅρκοις,
2212,102404582,oaths,226,τὰ,
2213,102404587,I,226,λέγω,
2214,102404587,say,226,λέγω,
2215,102404584,unjust,226,δίκαια,
2216,102404586,prevail,226,νικᾶν,
2217,102404583,not,226,μὴ,
2218,102404585,not,226,μὴ,
2219,102404589,But,227,ἀλλ’,
2220,102404590,examine,227,ἐξέλεγχε,
2221,102404592,judge,227,κρῖνε,
2222,102404593,and,227,δ’,
2223,102404594,straight,227,εὐθεῖαν,
2224,102404595,judgment,227,δίκην,
2225,102404597,Or,228,ἦ,
2226,102404598,may,228,κα-,
2227,102404601,turn,228,τρέποιτ’,
2228,102404600,my,228,ἐμοὶ,
2229,102404603,accusations,228,αἰτίας,
2230,102404604,end,228,τέλος,
2231,102404599,against,228,κἀπ’,
2232,102404606,How,229,πῶς,
2233,102404607,then,229,δ’,
2234,102404608,Not,229,οὔ,
2235,102404610,Revere,230,σέβουσαί,
2236,102404611,indeed,230,γ’,
2237,102404612,worthy,230,ἀξίαν,
2238,102404613,and,230,κα-,
2239,102404614,also,230,κἀπ’,
2240,102404615,worthy,230,ἀξίων,
2241,102404617,What,231,τί,
2242,102404618,to,231,πρὸς,
2243,102404619,this,231,τάδ’,
2244,102404620,say,231,εἰπεῖν,
2245,102404623,stranger,231,ξέν’,
2246,102404625,in,231,ἐν,
2247,102404626,turn,231,μέρει,
2248,102404627,wish,231,θέλεις,
2249,102404629,Having,232,λέξας,
2250,102404629,described,232,λέξας,
2251,102404631,land,232,χώραν,
2252,102404633,lineage,232,γένος,
2253,102404635,misfortunes,232,ξυμφορὰς,
2254,102404636,your,232,τὰς,
2255,102404637,your,232,σάς,
2256,102404637,your,232,σάς,
2257,102404639,then,232,ἔπειτα,
2258,102404641,defend,232,ἀμυναθοῦ,
2259,102404641,yourself,232,ἀμυναθοῦ,
2260,102404642,reproach,232,ψόγον,
2261,102404644,If,233,εἴπερ,
2262,102404645,trusting,233,πεποιθὼς,
2263,102404646,in,233,τῇ,
2264,102404647,justice,233,δίκῃ,
2265,102404648,statue,233,βρέτας,
2266,102404649,this,233,τόδε,
2267,102404650,stands,233,ἧσαι,
2268,102404651,guardian,233,φυλάσσων,
2269,102404652,hearth,233,ἑστίας,
2270,102404653,reverent,233,ἁμῆς,
2271,102404655,reverent,233,σεμνὸς,
2272,102404656,visitor,233,προσίκτωρ,
2273,102404654,close,233,πέλας,
2274,102404657,at,233,ἐν,
2275,102404658,hand,233,τρόποις,
2276,102404659,of,233,Ἰξίονος,
2277,102404659,Ixion,233,Ἰξίονος,
2278,102404661,them,234,τούτοις,
2279,102404662,Repay,234,ἀμείβου,
2280,102404663,all,234,πᾶσιν,
2281,102404664,ready,234,εὐμαθές,
2282,102404665,ear,234,τί,
2283,102404666,me,234,μοι,
2284,102404668,Queen,235,ἄνασσ’,
2285,102404669,Athena,235,Ἀθάνα,
2286,102404671,first,235,πρῶτον,
2287,102404679,I will remove,235,ἀφαιρήσω,
2288,102404672,from,235,ἐκ,
2289,102404673,the,235,τῶν,
2290,102404674,very last,235,ὑστάτων,
2291,102404675,of,235,τῶν,
2292,102404676,my,235,σῶν,
2293,102404677,words,235,ἐπῶν,
2294,102404678,care,235,μέλημ’,
2295,102404680,great,235,μέγα,
2296,102404682,not,236,οὐκ,
2297,102404683,am,236,εἰμὶ,
2298,102404684,beggar,236,προστρόπαιος,
2299,102404686,nor,236,οὐ,
2300,102404687,nor,236,-δ’,
2301,102404688,holding,236,ἔχων,
2302,102404689,loathsome,236,μύσος,
2303,102404690,against,236,πρὸς,
2304,102404691,hand,236,χειρὶ,
2305,102404692,this,236,τη-,
2306,102404693,your,236,τἠμῇ,
2307,102404694,statue,236,τὸ,
2308,102404695,your,236,σὸν,
2309,102404696,cling,236,ἐφεζόμην,
2310,102404697,statue,236,βρέτας,
2311,102404700,But,237,δὲ,
2312,102404703,I will speak,237,λέξω,
2313,102404702,you,237,σοι,
2314,102404699,proof,237,τεκμήριον,
2315,102404704,great,237,μέγα,
2316,102404701,these,237,τῶνδέ,
2317,102404706,silent,238,ἄφθογγον,
2318,102404707,is,238,εἶναι,
2319,102404708,the,238,τὸν,
2320,102404709,law,238,παλαμναῖον,
2321,102404710,law,238,νόμος,
2322,102404712,who,238,ἔστ’,
2323,102404713,who,238,ἂν,
2324,102404714,shed,238,πρὸς,
2325,102404715,man,238,ἀνδρὸς,
2326,102404716,blood,238,αἵματος,
2327,102404717,blood-stain,238,καθαρσίου,
2328,102404718,slaughter,238,σφαγαὶ,
2329,102404719,purifies,238,καθαιμάξωσι,
2330,102404720,new-born,238,νεοθήλου,
2331,102404721,calf,238,βοτοῦ,
2332,102404723,Long ago,239,πάλαι,
2333,102404727,let us dedicate,239,ἀφιερώμεθα,
2334,102404726,these things,239,ταῦτ’,
2335,102404723,Long ago,239,πάλαι,
2336,102404724,to,239,πρὸς,
2337,102404725,other,239,ἄλλοις,
2338,102404728,homes,239,οἴκοισι,
2339,102404730,and,239,καὶ,
2340,102404731,pastures,239,βοτοῖσι,
2341,102404732,and,239,καὶ,
2342,102404733,streams,239,ῥυτοῖς,
2343,102404734,streams,239,πόροις,
2344,102404736,This,240,ταύτην,
2345,102404737,for now,240,μὲν,
2346,102404738,as,240,οὕτω,
2347,102404739,concern,240,φροντίδ’,
2348,102404740,removed,240,ἐκποδὼν,
2349,102404741,I speak,240,λέγω,
2350,102404744,But,241,δὲ,
2351,102404743,race,241,γένος,
2352,102404746,my,241,τοὐμὸν,
2353,102404750,quickly,241,τάχα,
2354,102404749,learn,241,πεύσῃ,
2355,102404747,how,241,ὡς,
2356,102404748,it,241,ἔχει,
2357,102404752,Argive,242,Ἀργεῖός,
2358,102404753,am,242,εἰμι,
2359,102404755,father,242,πατέρα,
2360,102404756,and,242,δ’,
2361,102404757,know,242,ἱστορεῖς,
2362,102404758,well,242,καλῶς,
2363,102404760,Agamemnon,242,Ἀγαμέμνον’,
2364,102404762,men,242,ἀνδρῶν,
2365,102404763,mariner,242,ναυβατῶν,
2366,102404764,leader,242,ἁρμόστορα,
2367,102404766,with,242,ξὺν,
2368,102404767,with,242,ᾧ,
2369,102404768,you,242,σὺ,
2370,102404769,Troy,242,Τροίαν,
2371,102404770,destroyed,242,ἄπολιν,
2372,102404771,Ilion,242,Ἰλίου,
2373,102404772,city,242,πόλιν,
2374,102404773,made,242,ἔθηκας,
2375,102404775,perished,243,ἔφθιθ’,
2376,102404776,You,243,οὗτος,
2377,102404777,not,243,οὐ,
2378,102404778,well,243,καλῶς,
2379,102404780,coming,243,μολὼν,
2380,102404781,into,243,εἰς,
2381,102404782,house,243,οἶκον,
2382,102404784,But,244,ἀλλά,
2383,102404785,her,244,νιν,
2384,102404786,dark-minded,244,κελαινόφρων,
2385,102404787,mother,244,ἐμὴ,
2386,102404788,mother,244,μήτηρ,
2387,102404789,killed,244,κατέκτα,
2388,102404785,her,244,νιν,
2389,102404793,having,244,κρύψασ’,
2390,102404785,her,244,νιν,
2391,102404791,various,244,ποικίλοις,
2392,102404792,traps,244,ἀγρεύμασιν,
2393,102404795,the,244,ἃ,
2394,102404796,baths,244,λουτρῶν,
2395,102404797,bore,244,ἐξεμαρτύρει,
2396,102404797,witness,244,ἐξεμαρτύρει,
2397,102404798,murder,244,φόνον,
2398,102404800,And,245,κα-,
2399,102404801,I,245,κἀγὼ,
2400,102404802,having descended,245,κατελθών,
2401,102404804,the,245,τὸν,
2402,102404805,from before,245,πρὸ,
2403,102404806,of,245,τοῦ,
2404,102404807,flight,245,φεύγων,
2405,102404808,time,245,χρόνον,
2406,102404810,killed,245,ἔκτεινα,
2407,102404811,the,245,τὴν,
2408,102404812,who bore,245,τεκοῦσαν,
2409,102404814,not,245,οὐκ,
2410,102404815,deny,245,ἀρνήσομαι,
2411,102404817,with,245,ἀντικτόνοις,
2412,102404818,penalties,245,ποιναῖσι,
2413,102404819,dearest,245,φιλτάτου,
2414,102404820,father,245,πατρός,
2415,102404822,And,246,καὶ,
2416,102404823,of these,246,τῶνδε,
2417,102404824,common,246,κοινῇ,
2418,102404825,Loxyas,246,Λοξίας,
2419,102404826,accuser,246,ἐπαίτιος,
2420,102404829,declaring,246,προφωνῶν,
2421,102404828,pains,246,ἄλγη,
2422,102404830,against,246,ἀντίκεντρα,
2423,102404831,the center,246,καρδίᾳ,
2424,102404833,unless,246,εἰ,
2425,102404834,I,246,μή,
2426,102404835,something,246,τι,
2427,102404836,against,246,τῶνδ’,
2428,102404837,were to do,246,ἔρξαιμι,
2429,102404838,the,246,τοὺς,
2430,102404839,accusers,246,ἐπαιτίους,
2431,102404842,But,247,δ’,
2432,102404841,you,247,σὺ,
2433,102404843,are,247,εἰ,
2434,102404844,just,247,δικαίως,
2435,102404847,do not,247,μὴ,
2436,102404848,judge,247,κρῖνον,
2437,102404849,the case,247,δίκην,
2438,102404852,For,248,γὰρ,
2439,102404851,having done,248,πράξας,
2440,102404856,these,248,τάδ’,
2441,102404855,everywhere,248,πανταχῇ,
2442,102404853,in,248,ἐν,
2443,102404854,you,248,σοὶ,
2444,102404857,praise,248,αἰνέσω,
2445,102404859,The,249,τὸ,
2446,102404860,matter,249,πρᾶγμα,
2447,102404861,greater,249,μεῖζον,
2448,102404863,if,249,εἴ,
2449,102404864,any,249,τις,
2450,102404867,man,249,βροτὸς,
2451,102404865,thinks,249,οἴεται,
2452,102404868,judge,249,δικάζειν,
2453,102404866,this,249,τόδε,
2454,102404871,But,250,-δὲ,
2455,102404873,for me,250,ἐμοὶ,
2456,102404874,it is,250,θέμις,
2457,102404870,not,250,οὐ,
2458,102404874,right,250,θέμις,
2459,102404876,to divide,250,διαιρεῖν,
2460,102404878,judgments,250,δίκας,
2461,102404875,of murder,250,φόνου,
2462,102404877,sharp-tongued,250,ὀξυμηνίτου,
2463,102404880,Moreover,251,ἄλλως,
2464,102404881,indeed,251,τε,
2465,102404882,indeed,251,καὶ,
2466,102404883,you,251,σὺ,
2467,102404884,indeed,251,μὲν,
2468,102404885,approached,251,κατηρτυκὼς,
2469,102404886,me,251,ἐμοῖς,
2470,102404887,petitioner,251,ἱκέτης,
2471,102404888,approached,251,προσῆλθες,
2472,102404889,pure,251,καθαρὸς,
2473,102404890,unblemished,251,ἀβλαβὴς,
2474,102404891,house,251,δόμοις,
2475,102404893,Thus,252,οὕτως,
2476,102404898,I revere,252,αἰδοῦμαι,
2477,102404897,you,252,σ’,
2478,102404895,blameless,252,ἄμομφον,
2479,102404896,you,252,ὄντα,
2480,102404899,the city,252,πόλει,
2481,102404901,these,253,αὗται,
2482,102404902,And,253,δ’,
2483,102404903,hold,253,ἔχουσι,
2484,102404904,portion,253,μοῖραν,
2485,102404905,not,253,οὐκ,
2486,102404906,easy,253,εὐπέμπελον,
2487,102404908,and,253,καὶ,
2488,102404909,not,253,μὴ,
2489,102404910,having,253,τυχοῦσαι,
2490,102404911,affair,253,πράγματος,
2491,102404912,victory-giving,253,νικηφόρου,
2492,102404914,land,253,χώρᾳ,
2493,102404915,from here,253,μεταῦθις,
2494,102404920,fallen,253,πεσὼν,
2495,102404916,venom,253,ἰὸς,
2496,102404918,thoughts,253,φρονημάτων,
2497,102404923,plague,253,νόσος,
2498,102404921,unhealable,253,ἄφερτος,
2499,102404922,terrible,253,αἰανὴς,
2500,102404923,disease,253,νόσος,
2501,102404925,Such,254,τοιαῦτα,
2502,102404926,are,254,μὲν,
2503,102404927,these,254,τάδ’,
2504,102404928,things,254,ἐστίν,
2505,102404930,Both,255,ἀμφότερα,
2506,102404932,things,255,μένειν,
2507,102404933,to remain,255,πέμπειν,
2508,102404934,and,255,τε,
2509,102404935,to be sent forth,255,δυσπήμαντ’,
2510,102404936,are,255,ἀμηχάνως,
2511,102404937,impossible,255,ἐμοί,
2512,102404938,for,255,.,
2513,102404939,me,255,,
2514,102404940,helpless,255,,
2515,102404940,But,256,δὲ,
2516,102404939,since,256,ἐπεὶ,
2517,102404944,this,256,τόδε,
2518,102404941,matter,256,πρᾶγμα,
2519,102404943,has arrived,256,ἐπέσκηψεν,
2520,102404942,here,256,δεῦρ’,
2521,102404954,I,256,ἐγὼ,
2522,102404949,choosing,256,αἱρουμένη,
2523,102404948,sworn,256,ὁρκίους,
2524,102404947,judges,256,δικαστὰς,
2525,102404946,of bloodshed,256,φόνων,
2526,102404955,will establish,256,θήσω,
2527,102404950,law,256,θεσμὸν,
2528,102404951,for,256,τὸν,
2529,102404952,all,256,εἰς,
2530,102404953,time,256,ἅπαντ’,
2531,102404960,witnesses,257,μαρτύριά,
2532,102404961,and,257,τε,
2533,102404962,and,257,καὶ,
2534,102404963,proofs,257,τεκμήρια,
2535,102404964,called,257,καλεῖσθ’,
2536,102404966,helpful,257,ἀρωγὰ,
2537,102404967,of,257,τῆς,
2538,102404968,lawsuit,257,δίκης,
2539,102404969,oaths,257,ὁρκώματα,
2540,102404971,Having judged,258,κρίνασα,
2541,102404973,citizens,258,ἀστῶν,
2542,102404974,the,258,τῶν,
2543,102404975,my,258,ἐμῶν,
2544,102404976,things,258,τὰ,
2545,102404977,best,258,βέλτατα,
2546,102404978,I will come,258,ἥξω,
2547,102404980,divide,258,διαιρεῖν,
2548,102404981,this,258,τοῦτο,
2549,102404982,matter,258,πρᾶγμ’,
2550,102404983,truly,258,ἐτητύμως,
2551,102404985,sworn,258,ὅρκον,
2552,102404986,utter,258,πορόντας,
2553,102404987,nothing,258,μηδὲν,
2554,102404988,vindictive,258,ἔκδικον,
2555,102404991,Now,259,νῦν,
2556,102404992,overthrow,259,καταστροφαὶ,
2557,102404993,new,259,νέων,
2558,102404994,divine,259,θεσμίων,
2559,102404996,shall,259,εἰ,
2560,102404997,prevail,259,κρατήσει,
2561,102404998,Justice,259,δίκα,
2562,102404999,and,259,τε,
2563,102405000,and,259,καὶ,
2564,102405001,Harm,259,βλάβα,
2565,102405002,this,259,τοῦδε,
2566,102405003,mother-slaying,259,ματροκτόνου,
2567,102405007,this,260,τόδ’,
2568,102405008,work,260,ἔργον,
2569,102405010,will,260,συναρμόσει,
2570,102405006,already,260,ἤδη,
2571,102405010,join,260,συναρμόσει,
2572,102405005,all,260,πάντας,
2573,102405011,mortals,260,βροτούς,
2574,102405010,together,260,συναρμόσει,
2575,102405013,Many,261,πολλὰ,
2576,102405015,true,261,ἔτυμα,
2577,102405016,child-murdering,261,παιδότρωτα,
2578,102405017,sufferings,261,πάθεα,
2579,102405018,await,261,προσμένει,
2580,102405019,parents,261,τοκεῦσιν,
2581,102405021,in,261,ἐν,
2582,102405022,time,261,χρόνῳ,
2583,102405020,to come,261,μεταῦθις,
2584,102405026,For,262,γὰρ,
2585,102405024,no,262,οὐ,
2586,102405027,man-hunting,262,βροτοσκόπων,
2587,102405028,maenads,262,μαινάδων,
2588,102405029,these,262,τῶνδ’,
2589,102405031,wrath,262,κότος,
2590,102405030,rush,262,ἐφέρψει,
2591,102405033,deeds,262,ἐργμάτων,
2592,102405032,men,262,τις,
2593,102405037,fate,262,μόρον,
2594,102405035,all,262,πάντ’,
2595,102405036,say,262,ἐφήσω,
2596,102405041,Another,263,ἄλλος,
2597,102405039,will learn,263,πεύσεται,
2598,102405042,from another,263,ἄλλοθεν,
2599,102405044,speaking,263,προφωνῶν,
2600,102405045,the,263,τὰ,
2601,102405046,of,263,τῶν,
2602,102405047,nearby,263,πέλας,
2603,102405048,evils,263,κακά,
2604,102405050,cessation,263,λῆξιν,
2605,102405051,resting,263,ὑπόδοσίν,
2606,102405053,labors,263,μόχθων,
2607,102405055,remedy,264,ἄκεά,
2608,102405056,nor,264,τ’,
2609,102405057,not,264,οὐ,
2610,102405058,firm,264,βέβαια,
2611,102405059,suffering,264,τλάμων,
2612,102405062,vainly,264,μάταν,
2613,102405063,comfort,264,παρηγορεῖ,
2614,102405068,Let,265,κικλῃσκέτω,
2615,102405065,no,265,μη,
2616,102405067,one,265,τις,
2617,102405068,utter,265,κικλῃσκέτω,
2618,102405070,struck,265,τετυμμένος,
2619,102405069,by,265,ξυμφορᾷ,
2620,102405069,calamity,265,ξυμφορᾷ,
2621,102405073,this,265,ἔπος,
2622,102405073,word,265,ἔπος,
2623,102405074,invoking,265,θροούμενος,
2624,102405077,Justice,265,δίκα,
2625,102405080,thrones,265,θρόνοι,
2626,102405082,of,265,Ἐρινύων,
2627,102405082,the Erinyes,265,Ἐρινύων,
2628,102405084,this,266,ταῦτά,
2629,102405085,lament,266,τις,
2630,102405086,surely,266,τάχ’,
2631,102405087,would,266,ἂν,
2632,102405088,father,266,πατὴρ,
2633,102405089,or,266,ἢ,
2634,102405090,mother,266,τεκοῦσα,
2635,102405091,newly,266,νεοπαθὴς,
2636,102405092,stricken,266,οἶκτον,
2637,102405093,grief,266,οἰκτίσαιτ’,
2638,102405093,pity,266,οἰκτίσαιτ’,
2639,102405095,since,266,ἐπειδὴ,
2640,102405096,falling,266,πίτνει,
2641,102405097,house,266,δόμος,
2642,102405098,litigation,266,δίκας,
2643,102405101,Where,267,ὅπου,
2644,102405102,the,267,τὸ,
2645,102405103,terrible,267,δεινὸν,
2646,102405104,thing,267,εὖ,
2647,102405100,is,267,ἔσθ’,
2648,102405106,there,267,καὶ,
2649,102405107,fear,267,φρενῶν,
2650,102405109,must,267,δεῖ,
2651,102405110,remain,267,μένειν,
2652,102405111,sitting,267,καθήμενον,
2653,102405108,guardian,267,ἐπίσκοπον,
2654,102405107,of,267,φρενῶν,
2655,102405113,profitable,268,ξυμφέρει,
2656,102405114,prudent,268,σωφρονεῖν,
2657,102405115,under,268,ὑπὸ,
2658,102405116,stress,268,στένει,
2659,102405118,Who,269,τίς,
2660,102405126,or,269,ἢ,
2661,102405127,what,269,πόλις,
2662,102405128,city,269,βροτός,
2663,102405129,of,269,θ’,
2664,102405130,mortal,269,ὁμοίως,
2665,102405131,would,269,ἔτ’,
2666,102405132,still,269,ἂν,
2667,102405133,revere,269,σέβοι,
2668,102405134,justice,269,δίκαν,
2669,102405119,if,269,δὲ,
2670,102405120,their,269,μηδὲν,
2671,102405123,heart,269,καρδίαν,
2672,102405121,were,269,ἐν,
2673,102405122,not,269,δέει,
2674,102405124,turned,269,ἂν,
2675,102405125,to,269,ἀνατρέφων,
2676,102405125,fear,269,ἀνατρέφων,
2677,102405136,not,270,μή,
2678,102405138,without,270,ἀνάρχετον,
2679,102405139,life,270,βίον,
2680,102405140,nor,270,μή,
2681,102405142,ruled,270,δεσποτούμενον,
2682,102405143,praise,270,αἰνέσῃς,
2683,102405145,every,271,παντὶ,
2684,102405146,middle,271,μέσῳ,
2685,102405147,place,271,τὸ,
2686,102405148,power,271,κράτος,
2687,102405149,God,271,θεὸς,
2688,102405150,has assigned,271,ὤπασεν,
2689,102405152,other,271,ἄλλ’,
2690,102405153,things,271,ἄλλᾳ,
2691,102405155,watch,271,ἐφορεύει,
2692,102405157,measured,272,ξύμμετρον,
2693,102405159,word,272,ἔπος,
2694,102405160,speak,272,λέγω,
2695,102405164,insolence,272,ὕβρις,
2696,102405165,child,272,τέκος,
2697,102405166,truly,272,ὡς,
2698,102405162,impiety,272,δυσσεβίας,
2699,102405170,And,273,δ’,
2700,102405169,from,273,ἐκ,
2701,102405173,the,273,ὁ,
2702,102405171,health,273,ὑγιείας,
2703,102405172,mind,273,φρενῶν,
2704,102405177,prosperity,273,ὄλβος,
2705,102405174,beloved,273,πάμφιλος,
2706,102405174,by,273,πάμφιλος,
2707,102405174,all,273,πάμφιλος,
2708,102405176,greatly,273,πολύευκτος,
2709,102405176,desired,273,πολύευκτος,
2710,102405179,To,274,ἐς,
2711,102405180,the,274,τὸ,
2712,102405181,whole,274,πᾶν,
2713,102405184,speak,274,λέγω,
2714,102405183,you,274,σοι,
2715,102405187,revere,274,αἴδεσαι,
2716,102405186,altar,274,βωμὸν,
2717,102405188,Justice,274,Δίκας,
2718,102405190,not,275,μη,
2719,102405191,Do,275,-δέ,
2720,102405192,him,275,νιν,
2721,102405193,profit,275,κέρδος,
2722,102405194,having seen,275,ἰδὼν,
2723,102405195,godless,275,ἀθέῳ,
2724,102405196,foot,275,ποδὶ,
2725,102405197,a,275,λὰξ,
2726,102405198,dishonor,275,ἀτίσῃς,
2727,102405200,punishment,276,ποινὰ,
2728,102405201,For,276,γὰρ,
2729,102405202,will follow,276,ἐπέσται,
2730,102405204,authoritative,277,κύριον,
2731,102405205,remains,277,μένει,
2732,102405206,end,277,τέλος,
2733,102405208,In,278,πρὸς,
2734,102405209,the,278,τάδε,
2735,102405210,presence,278,τις,
2736,102405211,of,278,τοκέων,
2737,102405212,these,278,σέβας,
2738,102405213,things,278,εὖ,
2739,102405214,let,278,προτίων,
2740,102405215,there,278,καὶ,
2741,102405216,be,278,ξενοτίμους,
2742,102405217,someone,278,δόμων,
2743,102405218,who,278,ἐπιστροφὰς,
2744,102405219,holding,278,αἰδόμενός,
2745,102405220,in,278,τις,
2746,102405221,reverence,278,ἔστω,
2747,102405222,the,278,.,
2748,102405223,fear,278,,
2749,102405224,owed,278,,
2750,102405225,to,278,,
2751,102405226,parents,278,,
2752,102405227,and,278,,
2753,102405228,showing,278,,
2754,102405229,respect,278,,
2755,102405230,for,278,,
2756,102405231,the,278,,
2757,102405232,returns,278,,
2758,102405233,of,278,,
2759,102405234,houses,278,,
2760,102405235,that,278,,
2761,102405236,honor,278,,
2762,102405237,strangers,278,,
2763,102405227,just,279,δίκαιος,
2764,102405228,Being,279,ὢν,
2765,102405224,yet,279,δ’,
2766,102405225,compulsion,279,ἀνάγκας,
2767,102405226,free from,279,ἄτερ,
2768,102405223,free from,279,ἑκὼν,
2769,102405229,not,279,οὐκ,
2770,102405230,unhappy,279,ἄνολβος,
2771,102405231,be,279,ἔσται,
2772,102405234,But,280,δ’,
2773,102405235,never,280,οὔποτ’,
2774,102405236,become,280,ἂν,
2775,102405237,become,280,γένοιτο,
2776,102405233,destroyed,280,πανώλεθρος,
2777,102405242,I,281,φαμι,
2778,102405242,say,281,φαμι,
2779,102405239,the,281,τὸν,
2780,102405240,headstrong,281,ἀντίτολμον,
2781,102405243,transgressor,281,παρβάταν,
2782,102405244,carrying,281,ἄγοντα,
2783,102405245,many,281,πολλὰ,
2784,102405246,varied,281,παντόφυρτ’,
2785,102405246,troubles,281,παντόφυρτ’,
2786,102405249,violence,281,βιαίως,
2787,102405247,without,281,ἄνευ,
2788,102405248,justice,281,δίκας,
2789,102405252,brought down,281,καθήσειν,
2790,102405252,to rest,281,καθήσειν,
2791,102405255,when,281,ὅταν,
2792,102405256,seizes,281,λάβῃ,
2793,102405257,labor,281,πόνος,
2794,102405259,horns,281,κεραίας,
2795,102405258,breaking,281,θραυομένας,
2796,102405253,ship,281,λαῖφος,
2797,102405261,calls,282,καλεῖ,
2798,102405262,but,282,δ’,
2799,102405263,listeners,282,ἀκούοντας,
2800,102405264,nothing,282,οὐδὲν,
2801,102405265,in,282,ἐν,
2802,102405266,midst,282,μέσᾳ,
2803,102405267,painful,282,δυσπαλεῖ,
2804,102405268,whirling,282,τε,
2805,102405269,eddy,282,δίνᾳ,
2806,102405273,god,283,δαίμων,
2807,102405271,laughs,283,γελᾷ,
2808,102405274,at,283,ἐπ’,
2809,102405275,man,283,ἀνδρὶ,
2810,102405276,passionate,283,θερμῷ,
2811,102405278,whom,283,τὸν,
2812,102405281,seen,283,ἰδὼν,
2813,102405279,never,283,οὔποτ’,
2814,102405280,rejoicing,283,αὐχοῦντ’,
2815,102405282,painless,283,ἀμαχάνοις,
2816,102405283,woes,283,δύαις,
2817,102405285,nor,283,οὐ,
2818,102405287,soaring,283,ὑπερθέοντ’,
2819,102405288,peak,283,ἄκραν,
2820,102405290,Through,284,δι’,
2821,102405291,the aeon,284,αἰῶνος,
2822,102405293,his,284,τὸν,
2823,102405294,former,284,πρὶν,
2824,102405295,fortune,284,ὄλβον,
2825,102405296,reef,284,ἕρματι,
2826,102405297,having struck,284,προσβαλὼν,
2827,102405298,justice,284,δίκας,
2828,102405299,perished,284,ὤλετ’,
2829,102405300,unwept,284,ἄκλαυτος,
2830,102405302,unpraised,284,αἶστος,
2831,102405304,proclaim,285,κήρυσσε,
2832,102405306,herald,285,κῆρυξ,
2833,102405308,and,285,καὶ,
2834,102405309,army,285,στρατὸν,
2835,102405310,organize,285,κατειργαθοῦ,
2836,102405312,the,285,ἥ,
2837,102405313,and,285,τ’,
2838,102405314,now,285,οὖν,
2839,102405315,piercing,285,διάτορος,
2840,102405316,Etrurian,285,Τυρσηνικὴ,
2841,102405317,trumpet,285,σάλπιγξ,
2842,102405319,mortal,285,βροτείου,
2843,102405320,air,285,πνεύματος,
2844,102405321,filled,285,πληρουμένη,
2845,102405323,shrill,285,ὑπέρτονον,
2846,102405324,cry,285,γήρυμα,
2847,102405325,reveal,285,φαινέτω,
2848,102405326,army,285,στρατῷ,
2849,102405329,For,286,γὰρ,
2850,102405328,since,286,πληρουμένου,
2851,102405330,this,286,τοῦδε,
2852,102405331,council,286,βουλευτηρίου,
2853,102405328,is being filled,286,πληρουμένου,
2854,102405332,silence,286,σιγᾶν,
2855,102405333,is beneficial,286,ἀρήγει,
2856,102405334,both,286,καὶ,
2857,102405335,to learn,286,μαθεῖν,
2858,102405336,laws,286,θεσμοὺς,
2859,102405337,my,286,ἐμοὺς,
2860,102405339,and,286,τε,
2861,102405340,whole,286,πᾶσαν,
2862,102405338,city,286,πόλιν,
2863,102405341,into,286,εἰς,
2864,102405343,eternal,286,αἰανῆ,
2865,102405344,time,286,χρόνον,
2866,102405345,and,286,καὶ,
2867,102405346,these,286,τούσδ’,
2868,102405347,may be judged,286,ὅπως,
2869,102405348,well,286,ἂν,
2870,102405351,by justice,286,δίκη,
2871,102405353,Lord,287,ἄναξ,
2872,102405354,Apollo,287,Ἄπολλον,
2873,102405356,power,287,ὧν,
2874,102405357,you,287,ἔχεις,
2875,102405358,yourself,287,αὐτὸς,
2876,102405359,possess,287,κράτει,
2877,102405361,What,288,τί,
2878,102405362,part,288,τοῦδε,
2879,102405363,do you have,288,σοὶ,
2880,102405364,have,288,μέτεστι,
2881,102405365,matter,288,πράγματος,
2882,102405366,Speak,288,λέγε,
2883,102405370,I,289,ἦλθον,
2884,102405369,testimony,289,μαρτυρήσων,
2885,102405376,this,289,ὅδ’,
2886,102405377,man,289,ἁνὴρ,
2887,102405372,is,289,ἔστι,
2888,102405375,suppliant,289,ἱκέτης,
2889,102405374,by law,289,νόμῳ,
2890,102405378,and,289,καὶ,
2891,102405377,master,289,ἁνὴρ,
2892,102405380,of my house,289,ἐφέστιος,
2893,102405383,murder,289,φόνου,
2894,102405385,this,289,τοῦδ’,
2895,102405386,I,289,ἐγὼ,
2896,102405387,cleansed,289,καθάρσιος,
2897,102405389,and,289,καὶ,
2898,102405390,give testimony,289,ξυνδικήσων,
2899,102405391,myself,289,αὐτός,
2900,102405393,cause,290,αἰτίαν,
2901,102405394,I,290,δ’,
2902,102405395,have,290,ἔχω,
2903,102405396,the,290,τῆς,
2904,102405397,this,290,τοῦδε,
2905,102405398,murder,290,μητρὸς,
2906,102405399,of,290,τοῦ,
2907,102405400,my,290,φόνου,
2908,102405398,mother,290,μητρὸς,
2909,102405402,you,291,σὺ,
2910,102405403,you,291,δ’,
2911,102405404,lead,291,εἴσαγε,
2912,102405405,that,291,ὅπως,
2913,102405406,you,291,τ’,
2914,102405407,understand,291,ἐπίστᾳ,
2915,102405408,this,291,τήνδε,
2916,102405409,confirm,291,κύρωσον,
2917,102405410,judgment,291,δίκην,
2918,102405412,Your,292,ὑμῶν,
2919,102405413,story,292,ὁ,
2920,102405414,story,292,μῦθος,
2921,102405416,bring,292,εἰσάγω,
2922,102405417,but,292,δὲ,
2923,102405418,the,292,τὴν,
2924,102405419,lawsuit,292,δίκην,
2925,102405422,For,293,γὰρ,
2926,102405429,if,293,ἂν,
2927,102405421,the,293,ὁ,
2928,102405423,pursuer,293,διώκων,
2929,102405428,were to become,293,γένοιτ’,
2930,102405427,speak,293,λέγων,
2931,102405424,first,293,πρότερος,
2932,102405425,from,293,ἐξ,
2933,102405426,the beginning,293,ἀρχῆς,
2934,102405430,correctly,293,ὀρθῶς,
2935,102405432,the teacher,293,διδάσκαλος,
2936,102405431,of the matter,293,πράγματος,
2937,102405434,many,294,πολλαὶ,
2938,102405435,are,294,μέν,
2939,102405436,are,294,ἐσμεν,
2940,102405438,speak,294,λέξομεν,
2941,102405439,but,294,δὲ,
2942,102405440,briefly,294,συντόμως,
2943,102405444,Answer,295,ἀμείβου,
2944,102405442,word,295,ἔπος,
2945,102405445,with,295,πρὸς,
2946,102405446,word,295,ἔπος,
2947,102405449,placing,295,τιθείς,
2948,102405442,each,295,ἔπος,
2949,102405446,in,295,ἔπος,
2950,102405447,its,295,ἐν,
2951,102405448,proper,295,μέρει,
2952,102405448,place,295,μέρει,
2953,102405453,Speak,296,εἰπὲ,
2954,102405452,mother,296,μητέρ’,
2955,102405454,first,296,πρῶτον,
2956,102405455,whom,296,εἰ,
2957,102405456,you killed,296,κατέκτονας,
2958,102405458,struck,297,ἔκτεινα,
2959,102405460,Of,298,τούτου,
2960,102405461,no,298,δ’,
2961,102405462,denial,298,οὔτις,
2962,102405463,shall,298,ἄρνησις,
2963,102405464,be,298,πέλει,
2964,102405466,one,299,ἓν,
2965,102405467,This,299,μὲν,
2966,102405468,This,299,τόδ’,
2967,102405469,now,299,ἤδη,
2968,102405470,of,299,τῶν,
2969,102405471,three,299,τριῶν,
2970,102405472,wrestling matches,299,παλαισμάτων,
2971,102405474,not,300,οὐ,
2972,102405475,lies,300,κειμένῳ,
2973,102405476,unspoken,300,πω,
2974,102405477,this,300,τόνδε,
2975,102405478,boast,300,κομπάζεις,
2976,102405479,word,300,λόγον,
2977,102405484,necessary,301,δεῖ,
2978,102405483,however,301,μέντοι,
2979,102405485,you,301,σ’,
2980,102405481,say,301,εἰπεῖν,
2981,102405486,how,301,ὅπως,
2982,102405487,killed,301,κατέκτανες,
2983,102405489,speak,302,λέγω,
2984,102405491,Drawing,303,ξιφουλκῷ,
2985,102405492,the,303,χειρὶ,
2986,102405491,sword,303,ξιφουλκῷ,
2987,102405492,with,303,χειρὶ,
2988,102405492,the,303,χειρὶ,
2989,102405492,hand,303,χειρὶ,
2990,102405495,cut,303,τεμών,
2991,102405493,towards,303,πρὸς,
2992,102405494,the,303,δέρην,
2993,102405494,neck,303,δέρην,
2994,102405499,And,304,δ’,
2995,102405500,have you obeyed,304,ἐπείσθης,
2996,102405501,even,304,καὶ,
2997,102405502,some,304,τίνος,
2998,102405503,counsel,304,βουλεύμασιν,
2999,102405505,these,305,τοῖς,
3000,102405506,these,305,τοῦδε,
3001,102405507,oracles,305,θεσφάτοισι,
3002,102405509,testify,306,μαρτυρεῖ,
3003,102405510,Let,306,δέ,
3004,102405511,me,306,μοι,
3005,102405513,the,307,ὁ,
3006,102405514,prophet,307,μάντις,
3007,102405515,guide,307,ἐξηγεῖτό,
3008,102405516,you,307,σοι,
3009,102405517,matricide,307,μητροκτονεῖν,
3010,102405519,And,308,καὶ,
3011,102405520,yet,308,δεῦρό,
3012,102405521,even,308,γ’,
3013,102405522,now,308,ἀεὶ,
3014,102405523,this,308,τὴν,
3015,102405524,fortune,308,τύχην,
3016,102405525,not,308,οὐ,
3017,102405526,blame,308,μέμφομαι,
3018,102405528,But,309,ἀλλ’,
3019,102405529,if,309,εἴ,
3020,102405530,you,309,σε,
3021,102405531,catches,309,μάρψει,
3022,102405532,a vote,309,ψῆφος,
3023,102405534,something,309,ἄλλ’,
3024,102405535,you will say,309,ἐρεῖς,
3025,102405536,soon,309,τάχα,
3026,102405538,confidence,310,πέποιθ’,
3027,102405540,aid,311,ἀρωγὰς,
3028,102405541,But,311,δ’,
3029,102405542,from,311,ἐκ,
3030,102405543,grave,311,τάφου,
3031,102405544,will send,311,πέμψει,
3032,102405545,father,311,πατήρ,
3033,102405548,Now,312,νυν,
3034,102405549,persuaded,312,πέπισθι,
3035,102405547,dead,312,νεκροῖσί,
3036,102405550,mother,312,μητέρα,
3037,102405551,killing,312,κτανών,
3038,102405554,For,313,γὰρ,
3039,102405553,two,313,δυοῖν,
3040,102405555,had,313,εἶχε,
3041,102405556,assaults,313,προσβολὰς,
3042,102405557,defilement,313,μιασμάτοιν,
3043,102405559,How,314,πῶς,
3044,102405560,then,314,δή,
3045,102405562,Teach,315,δίδαξον,
3046,102405563,those,315,τοὺς,
3047,102405564,who,315,δικάζοντας,
3048,102405565,things,315,τάδε,
3049,102405565,these,315,τάδε,
3050,102405567,Killing,316,ἀνδροκτονοῦσα,
3051,102405568,father,316,πατέρ’,
3052,102405569,her,316,ἐμὸν,
3053,102405570,killed,316,κατέκτανεν,
3054,102405572,Therefore,317,τοιγὰρ,
3055,102405573,you,317,σὺ,
3056,102405574,are,317,μὲν,
3057,102405575,alive,317,ζῇς,
3058,102405578,but,317,δ’,
3059,102405579,freedom,317,ἐλευθέρα,
3060,102405580,bloodshed,317,φόνῳ,
3061,102405582,what,318,τί,
3062,102405583,And,318,δ’,
3063,102405584,not,318,οὐκ,
3064,102405585,her,318,ἐκείνην,
3065,102405586,while,318,ζῶσαν,
3066,102405587,was,318,ἤλαυνες,
3067,102405588,alive,318,φυγῇ,
3068,102405590,not,319,οὐκ,
3069,102405591,was,319,ἦν,
3070,102405592,kinsman,319,ὅμαιμος,
3071,102405593,to the man,319,φωτὸς,
3072,102405594,whom,319,ὃν,
3073,102405595,killed,319,κατέκτανεν,
3074,102405597,I,320,ἐγὼ,
3075,102405598,But,320,δὲ,
3076,102405599,mother's,320,μητρὸς,
3077,102405600,mother's,320,τῆς,
3078,102405601,mother's,320,ἐμῆς,
3079,102405602,in,320,ἐν,
3080,102405603,blood,320,αἵματι,
3081,102405606,For,321,γάρ,
3082,102405605,how,321,πῶς,
3083,102405608,nurtured,321,ἔθρεψ’,
3084,102405609,have,321,ἂν,
3085,102405607,you,321,σ’,
3086,102405610,within,321,ἐντός,
3087,102405615,the girdle,321,ζώνης,
3088,102405613,blood-shedder,321,μιαιφόνε,
3089,102405617,pray,322,ἀπεύχῃ,
3090,102405618,mother,322,μητρὸς,
3091,102405619,blood,322,αἷμα,
3092,102405620,beloved,322,φίλτατον,
3093,102405622,Now,323,ἤδη,
3094,102405623,your,323,σὺ,
3095,102405624,testimony,323,μαρτύρησον,
3096,102405626,Lead,324,ἐξηγοῦ,
3097,102405627,and,324,δέ,
3098,102405628,me,324,μοι,
3099,102405630,Apollo,324,Ἄπολλον,
3100,102405632,were,324,εἴ,
3101,102405633,they,324,σφε,
3102,102405636,killed,324,κατέκτανον,
3103,102405634,by,324,σὺν,
3104,102405635,justice,324,δίκῃ,
3105,102405634,with,324,σὺν,
3106,102405634,accordance,324,σὺν,
3107,102405638,act,325,δρᾶσαι,
3108,102405639,For,325,γὰρ,
3109,102405640,exactly,325,ὥσπερ,
3110,102405641,is,325,ἐστὶν,
3111,102405642,not,325,οὐκ,
3112,102405643,deny,325,ἀρνούμεθα,
3113,102405645,But,326,ἀλλ’,
3114,102405646,if,326,εἰ,
3115,102405647,just,326,δίκαιον,
3116,102405648,is,326,εἴ,
3117,102405649,rather,326,-τε,
3118,102405650,not,326,μὴ,
3119,102405651,your,326,τῇ,
3120,102405652,mind,326,σῇ,
3121,102405653,seem,326,φρενὶ,
3122,102405654,it,326,δοκεῖ,
3123,102405655,this,326,τόδ’,
3124,102405656,blood,326,αἷμα,
3125,102405658,judge,326,κρῖνον,
3126,102405660,as,326,ὡς,
3127,102405661,I,326,τούτοις,
3128,102405662,will explain,326,φράσω,
3129,102405661,these,326,τούτοις,
3130,102405664,speak,327,λέξω,
3131,102405665,to,327,πρὸς,
3132,102405666,you,327,ὑμᾶς,
3133,102405667,this,327,τόνδ’,
3134,102405669,great,327,μέγαν,
3135,102405668,of,327,Ἀθηναίας,
3136,102405668,Athena,327,Ἀθηναίας,
3137,102405670,law,327,θεσμὸν,
3138,102405671,justly,327,δικαίως,
3139,102405674,prophet,327,μάντις,
3140,102405675,being,327,ὢν,
3141,102405664,I,327,λέξω,
3142,102405678,lie,327,ψεύσομαι,
3143,102405677,not,327,οὐ,
3144,102405664,will,327,λέξω,
3145,102405680,Never,328,οὐπώποτ’,
3146,102405681,spoken,328,εἶπον,
3147,102405682,prophetic,328,μαντικοῖσιν,
3148,102405684,thrones,328,θρόνοις,
3149,102405686,neither,328,οὐκ,
3150,102405687,man,328,ἀνδρός,
3151,102405689,nor,328,οὐ,
3152,102405690,woman,328,γυναικός,
3153,102405692,nor,328,οὐ,
3154,102405693,city,328,πόλεως,
3155,102405694,except,328,πέρι,
3156,102405696,what,328,ὃ,
3157,102405697,commands,328,μὴ,
3158,102405698,commands,328,κελεύσαι,
3159,102405699,Zeus,328,Ζεὺς,
3160,102405700,Olympian,328,Ὀλυμπίων,
3161,102405701,Father,328,πατήρ,
3162,102405703,justice,329,τὸ,
3163,102405705,justice,329,δίκαιον,
3164,102405704,however,329,μὲν,
3165,102405706,This,329,τοῦθ’,
3166,102405707,enough,329,ὅσον,
3167,102405708,strength,329,σθένει,
3168,102405709,learned,329,μαθεῖν,
3169,102405711,plan,329,βουλῇ,
3170,102405712,reveal,329,πιφαύσκω,
3171,102405713,but,329,δ’,
3172,102405714,you,329,ὔμμ’,
3173,102405715,follow,329,ἐπισπέσθαι,
3174,102405716,father,329,πατρός,
3175,102405719,For,330,γὰρ,
3176,102405718,the oath,330,ὅρκος,
3177,102405722,holds,330,ἰσχύει,
3178,102405720,no,330,οὔτι,
3179,102405723,more,330,πλέον,
3180,102405721,Zeus,330,Ζηνὸς,
3181,102405725,Zeus,331,Ζεύς,
3182,102405727,as,331,ὡς,
3183,102405728,say,331,λέγεις,
3184,102405729,you,331,σύ,
3185,102405731,this,331,τόνδε,
3186,102405732,oracle,331,χρησμὸν,
3187,102405733,has given,331,ὤπασε,
3188,102405735,proclaimed,331,φράζειν,
3189,102405736,Orestes,331,Ὀρέστῃ,
3190,102405737,here,331,τῷδε,
3191,102405739,that,331,τὸν,
3192,102405740,his,331,πατρὸς,
3193,102405741,murder,331,φόνον,
3194,102405742,committed,331,πράξαντα,
3195,102405743,mother,331,μητρὸς,
3196,102405744,not,331,μηδαμοῦ,
3197,102405745,honors,331,τιμὰς,
3198,102405746,granted,331,νέμειν,
3199,102405749,For,332,γάρ,
3200,102405750,it,332,τι,
3201,102405748,not,332,οὐ,
3202,102405751,the,332,τα-,
3203,102405752,same,332,ταὐτὸν,
3204,102405753,thing,332,ἄνδρα,
3205,102405753,man,332,ἄνδρα,
3206,102405754,noble,332,γενναῖον,
3207,102405755,to die,332,θανεῖν,
3208,102405758,honoured,332,τιμαλφούμενον,
3209,102405756,by,332,διοσδότοις,
3210,102405757,scepters,332,σκήπτροισι,
3211,102405756,given,332,διοσδότοις,
3212,102405756,by,332,διοσδότοις,
3213,102405756,the,332,διοσδότοις,
3214,102405756,gods,332,διοσδότοις,
3215,102405760,and,332,καὶ,
3216,102405761,that,332,ταῦτα,
3217,102405761,too,332,ταῦτα,
3218,102405762,before,332,πρὸς,
3219,102405763,a,332,γυναικός,
3220,102405763,woman,332,γυναικός,
3221,102405775,as,332,ὡς,
3222,102405765,not,332,οὔ,
3223,102405767,wild,332,θουρίοις,
3224,102405768,arrows,332,τόξοις,
3225,102405769,far-flying,332,ἑκηβόλοισιν,
3226,102405772,like,332,Ἀμαζόνος,
3227,102405772,an,332,Ἀμαζόνος,
3228,102405772,Amazon,332,Ἀμαζόνος,
3229,102405774,but,332,ἀλλ’,
3230,102405775,rather,332,ὡς,
3231,102405775,as,332,ὡς,
3232,102405776,you,332,ἀκούσῃ,
3233,102405776,shall,332,ἀκούσῃ,
3234,102405776,hear,332,ἀκούσῃ,
3235,102405778,it,332,Παλλὰς,
3236,102405778,is,332,Παλλὰς,
3237,102405778,for,332,Παλλὰς,
3238,102405778,Pallas,332,Παλλὰς,
3239,102405779,and,332,οἵ,
3240,102405780,those,332,τ’,
3241,102405780,who,332,τ’,
3242,102405781,sit,332,ἐφήμενοι,
3243,102405781,beside,332,ἐφήμενοι,
3244,102405781,her,332,ἐφήμενοι,
3245,102405783,to,332,διαιρεῖν,
3246,102405783,decide,332,διαιρεῖν,
3247,102405784,this,332,τοῦδε,
3248,102405785,matter,332,πράγματος,
3249,102405782,by,332,ψήφῳ,
3250,102405782,vote,332,ψήφῳ,
3251,102405786,about,332,πέρι,
3252,102405788,from,333,ἀπὸ,
3253,102405789,expedition,333,στρατείας,
3254,102405790,For,333,γάρ,
3255,102405791,him,333,νιν,
3256,102405792,having received,333,ἠμποληκότα,
3257,102405794,better,333,τὰ,
3258,102405795,more,333,πλεῖστ’,
3259,102405796,better,333,ἄμεινον,
3260,102405797,joyful,333,εὔφροσιν,
3261,102405798,having washed,333,δεδεγμένη,
3262,102405800,river-crossing,333,δροίτῃ,
3263,102405801,at the,333,περῶντι,
3264,102405802,washed,333,λουτρὰ,
3265,102405803,and,333,κα-,
3266,102405804,at,333,κἀπὶ,
3267,102405805,boundary,333,τέρματι,
3268,102405806,cloak,333,φᾶρος,
3269,102405807,put,333,περεσκήνωσεν,
3270,102405810,in,333,ἐν,
3271,102405811,now,333,δ’,
3272,102405812,endless,333,ἀτέρμονι,
3273,102405813,cuts,333,κόπτει,
3274,102405814,bound,333,πεδήσασ’,
3275,102405815,man,333,ἄνδρα,
3276,102405816,patterned,333,δαιδάλῳ,
3277,102405817,garment,333,πέπλῳ,
3278,102405820,For,334,μὲν,
3279,102405822,this,334,οὗτος,
3280,102405819,man,334,ἀνδρὸς,
3281,102405824,death,334,μόρος,
3282,102405823,has been spoken,334,εἴρηται,
3283,102405821,to you,334,ὑμῖν,
3284,102405826,all-holy,334,παντοσέμνου,
3285,102405829,captain,334,στρατηλάτου,
3286,102405830,ships,334,νεῶν,
3287,102405832,this,335,ταύτην,
3288,102405833,very,335,τοιαύτην,
3289,102405834,word,335,εἶπον,
3290,102405836,that,335,ὡς,
3291,102405837,bitten,335,δηχθῇ,
3292,102405838,people,335,λεώς,
3293,102405840,just,335,ὅσπερ,
3294,102405842,this,335,τήνδε,
3295,102405841,very,335,τέτακται,
3296,102405843,ratified,335,κυρῶσαι,
3297,102405844,judgment,335,δίκην,
3298,102405846,father,336,πατρὸς,
3299,102405847,honors,336,προτιμᾷ,
3300,102405848,Zeus,336,Ζεὺς,
3301,102405849,fate,336,μόρον,
3302,102405850,his,336,τῷ,
3303,102405851,own,336,σῷ,
3304,102405852,word,336,λόγῳ,
3305,102405854,himself,337,αὐτὸς,
3306,102405855,But,337,δ’,
3307,102405856,bound,337,ἔδησε,
3308,102405857,father,337,πατέρα,
3309,102405858,aged,337,πρεσβύτην,
3310,102405859,Cronus,337,Κρόνον,
3311,102405861,what,338,πῶς,
3312,102405862,these,338,ταῦτα,
3313,102405863,them,338,τούτοις,
3314,102405864,not,338,οὐκ,
3315,102405865,contrary,338,ἐναντίως,
3316,102405866,speak,338,λέγεις,
3317,102405868,you,339,ὑμᾶς,
3318,102405869,that,339,δ’,
3319,102405870,hear,339,ἀκούειν,
3320,102405871,things,339,ταῦτ’,
3321,102405872,I,339,ἐγὼ,
3322,102405873,call,339,μαρτύρομαι,
3323,102405875,O,340,ὦ,
3324,102405876,hateful,340,παντομισῆ,
3325,102405877,beasts,340,κνώδαλα,
3326,102405876,of all kinds,340,παντομισῆ,
3327,102405879,abhorred,340,στύγη,
3328,102405880,by the gods,340,θεῶν,
3329,102405884,if,340,ἂν,
3330,102405882,fetters,340,πέδας,
3331,102405885,release,340,λύσειεν,
3332,102405887,there is,340,ἔστι,
3333,102405889,a remedy,340,ἄκος,
3334,102405888,for this,340,τοῦδ’,
3335,102405890,and,340,καὶ,
3336,102405883,indeed,340,μὲν,
3337,102405891,very,340,κάρτα,
3338,102405892,great,340,πολλὴ,
3339,102405893,contrivance,340,μηχανὴ,
3340,102405894,liberating,340,λυτήριος,
3341,102405897,And,341,δ’,
3342,102405898,when,341,ἐπειδὰν,
3343,102405899,blood,341,αἷμ’,
3344,102405901,dust,341,κόνις,
3345,102405902,once,341,ἅπαξ,
3346,102405896,man,341,ἀνδρὸς,
3347,102405903,died,341,θανόντος,
3348,102405897,has,341,δ’,
3349,102405900,drawn up,341,ἀνασπάσῃ,
3350,102405905,no,341,οὔτις,
3351,102405906,is,341,ἔστ’,
3352,102405907,resurrection,341,ἀνάστασις,
3353,102405914,my,342,ὁ-,
3354,102405913,father,342,πατὴρ,
3355,102405912,has made,342,ἐποίησεν,
3356,102405911,not,342,οὐκ,
3357,102405910,incantations,342,ἐπῳδὰς,
3358,102405909,these,342,τούτων,
3359,102405919,other things,342,ἄλλα,
3360,102405920,all,342,πάντ’,
3361,102405921,upside,342,ἄνω,
3362,102405924,down,342,κάτω,
3363,102405926,sets,342,τίθησιν,
3364,102405925,moving,342,στρέφων,
3365,102405927,any,342,οὐδὲν,
3366,102405928,remaining,342,ἀσθμαίνων,
3367,102405929,strength,342,μένει,
3368,102405932,For,343,γὰρ,
3369,102405931,how,343,πῶς,
3370,102405936,consider,343,ὑπερδικεῖς,
3371,102405933,the,343,τὸ,
3372,102405934,act of fleeing,343,φεύγειν,
3373,102405935,this,343,τοῦδ’,
3374,102405936,excessive,343,ὑπερδικεῖς,
3375,102405937,look,343,ὅρα,
3376,102405943,Having poured out,344,ἐκχέας,
3377,102405939,the,344,τὸ,
3378,102405941,blood,344,αἷμ’,
3379,102405940,of your mother,344,μητρὸς,
3380,102405942,your own kin,344,ὅμαιμον,
3381,102405944,upon the ground,344,πέδοι,
3382,102405945,then,344,ἔπειτ’,
3383,102405949,will you dwell,344,οἰκήσει,
3384,102405948,the houses,344,δώματ’,
3385,102405950,of your father,344,πατρός,
3386,102405946,in,344,ἐν,
3387,102405947,Argos,344,Ἄργει,
3388,102405952,what,345,ποίοισι,
3389,102405953,altars,345,βωμοῖς,
3390,102405954,serve,345,χρώμενος,
3391,102405955,those,345,τοῖς,
3392,102405956,public,345,δημίοις,
3393,102405958,What,346,ποία,
3394,102405959,kind,346,δὲ,
3395,102405960,of,346,χέρνιψ,
3396,102405961,lustral,346,φρατέρων,
3397,102405962,water,346,προσδέξεται,
3398,102405963,will,346,;,
3399,102405964,receive,346,,
3400,102405965,the,346,,
3401,102405966,brothers,346,,
3402,102405964,And,347,καὶ,
3403,102405965,this,347,τοῦτο,
3404,102405966,speak,347,λέξω,
3405,102405968,and,347,καὶ,
3406,102405969,learn,347,μάθ’,
3407,102405970,how,347,ὡς,
3408,102405971,rightly,347,ὀρθῶς,
3409,102405972,ask,347,ἐρῶ,
3410,102405966,shall,347,λέξω,
3411,102405974,no,348,οὔκ,
3412,102405975,is,348,ἔστι,
3413,102405976,mother,348,μήτηρ,
3414,102405977,as,348,ἡ,
3415,102405978,called,348,κεκλημένου,
3416,102405979,child,348,τέκνου,
3417,102405980,parent,348,τοκεύς,
3418,102405982,nurse,348,τροφὸς,
3419,102405983,but,348,δὲ,
3420,102405984,wave,348,κύματος,
3421,102405985,newborn,348,νεοσπόρου,
3422,102405987,gives birth,349,τίκτει,
3423,102405988,but,349,δ’,
3424,102405989,the,349,ὁ,
3425,102405990,frog,349,θρῴσκων,
3426,102405993,but,349,δ’,
3427,102405992,the,349,ἡ,
3428,102405994,that,349,ἅπερ,
3429,102405995,a,349,ξένῳ,
3430,102405996,stranger,349,ξένη,
3431,102405997,saved,349,ἔσωσεν,
3432,102405998,shoot,349,ἔρνος,
3433,102406000,on which,349,οἷσι,
3434,102406001,no,349,μὴ,
3435,102406002,do,349,βλάψῃ,
3436,102406003,god,349,θεός,
3437,102406002,harm,349,βλάψῃ,
3438,102406005,proof,350,τεκμήριον,
3439,102406006,And,350,δὲ,
3440,102406007,this,350,τοῦδέ,
3441,102406008,you,350,σοι,
3442,102406009,show,350,δείξω,
3443,102406010,narrative,350,λόγου,
3444,102406012,father,351,πατὴρ,
3445,102406013,indeed,351,μὲν,
3446,102406014,could,351,ἂν,
3447,102406015,come to be,351,γένοιτ’,
3448,102406016,without,351,ἄνευ,
3449,102406017,mother,351,μητρός,
3450,102406019,Nearby,352,πέλας,
3451,102406020,witness,352,μάρτυς,
3452,102406021,stands,352,πάρεστι,
3453,102406022,son,352,παῖς,
3454,102406023,Olympian,352,Ὀλυμπίου,
3455,102406024,Zeus,352,Διός,
3456,102406026,not,352,οὐ,
3457,102406027,brought,352,-δ’,
3458,102406028,up,352,ἐν,
3459,102406029,dark,352,σκότοισι,
3460,102406030,depths,352,νηδύος,
3461,102406031,reared,352,τεθραμμένη,
3462,102406033,but,352,ἀλλ’,
3463,102406034,as,352,οἷον,
3464,102406035,shoot,352,ἔρνος,
3465,102406036,which,352,οὔτις,
3466,102406037,no,352,ἂν,
3467,102406038,would,352,τέκοι,
3468,102406039,god,352,θεός,
3469,102406042,But,353,δέ,
3470,102406041,I,353,ἐγὼ,
3471,102406044,Pallas,353,Παλλάς,
3472,102406046,will,353,τα-,
3473,102406047,build,353,τἄλλα,
3474,102406053,your,353,σὸν,
3475,102406054,city,353,πόλισμα,
3476,102406056,and,353,στρατὸν,
3477,102406057,army,353,τεύξω,
3478,102406058,great,353,μέγαν,
3479,102406049,as,353,ὡς,
3480,102406050,I,353,ἐπίσταμαι,
3481,102406050,know,353,ἐπίσταμαι,
3482,102406050,how,353,ἐπίσταμαι,
3483,102406055,and,353,καὶ,
3484,102406057,I,353,τεύξω,
3485,102406062,have,353,ἔπεμψα,
3486,102406062,sent,353,ἔπεμψα,
3487,102406061,this,353,τόνδ’,
3488,102406061,one,353,τόνδ’,
3489,102406067,as,353,ὅπως,
3490,102406065,hearth-guest,353,ἐφέστιον,
3491,102406063,of,353,σῶν,
3492,102406064,your,353,δόμων,
3493,102406064,home,353,δόμων,
3494,102406067,so,353,ὅπως,
3495,102406068,that,353,γένοιτο,
3496,102406068,he,353,γένοιτο,
3497,102406068,might,353,γένοιτο,
3498,102406068,become,353,γένοιτο,
3499,102406069,trustworthy,353,πιστὸς,
3500,102406070,for,353,εἰς,
3501,102406072,all,353,πᾶν,
3502,102406073,time,353,χρόνου,
3503,102406074,and,353,καὶ,
3504,102406076,you,353,ἐπικτήσαιο,
3505,102406076,might,353,ἐπικτήσαιο,
3506,102406076,acquire,353,ἐπικτήσαιο,
3507,102406075,this,353,τόνδ’,
3508,102406077,ally,353,σύμμαχον,
3509,102406079,goddess,353,θεά,
3510,102406085,and,353,καὶ,
3511,102406086,so,353,τάδ’,
3512,102406086,that,353,τάδ’,
3513,102406086,these,353,τάδ’,
3514,102406088,might,353,μένοι,
3515,102406088,remain,353,μένοι,
3516,102406088,steadfast,353,μένοι,
3517,102406089,loving,353,στέργειν,
3518,102406087,faithfully,353,αἰανῶς,
3519,102406091,the,353,πιστὰ,
3520,102406091,pledges,353,πιστὰ,
3521,102406092,of,353,τῶνδε,
3522,102406092,those,353,τῶνδε,
3523,102406094,who,353,ἐπισπόρους,
3524,102406094,follow,353,ἐπισπόρους,
3525,102406096,now,354,ἤδη,
3526,102406097,command,354,κελεύω,
3527,102406098,these,354,τούσδ’,
3528,102406098,men,354,τούσδ’,
3529,102406101,carry,354,φέρειν,
3530,102406102,vote,354,ψῆφον,
3531,102406103,just,354,δικαίαν,
3532,102406099,from,354,ἀπὸ,
3533,102406100,opinion,354,γνώμης,
3534,102406098,their,354,τούσδ’,
3535,102406105,as,354,ὡς,
3536,102406106,much,354,ἅλις,
3537,102406107,has,354,λελεγμένων,
3538,102406107,been,354,λελεγμένων,
3539,102406107,said,354,λελεγμένων,
3540,102406109,us,355,ἡμῖν,
3541,102406110,has,355,μὲν,
3542,102406111,already,355,ἤδη,
3543,102406112,every,355,πᾶν,
3544,102406113,shot,355,τετόξευται,
3545,102406114,arrow,355,βέλος,
3546,102406116,remain,356,μένω,
3547,102406117,will,356,δ’,
3548,102406118,hear,356,ἀκοῦσαι,
3549,102406119,how,356,πῶς,
3550,102406120,contest,356,ἀγὼν,
3551,102406121,judged,356,κριθήσεται,
3552,102406124,For,357,γάρ,
3553,102406123,what,357,τί,
3554,102406126,before,358,πρὸς,
3555,102406127,you,358,ὑμῶν,
3556,102406128,What,358,πῶς,
3557,102406129,putting,358,τιθεῖσ’,
3558,102406131,unblamed,358,ἄμομφος,
3559,102406132,are,358,ὦ,
3560,102406134,heard,359,ἠκούσαθ’,
3561,102406135,what,359,ὧν,
3562,102406136,heard,359,ἠκούσατ’,
3563,102406138,in,359,ἐν,
3564,102406139,yet,359,δὲ,
3565,102406140,heart,359,καρδίᾳ,
3566,102406141,vote,359,ψῆφον,
3567,102406142,bearing,359,φέροντες,
3568,102406143,oath,359,ὅρκον,
3569,102406144,fear,359,αἰδεῖσθε,
3570,102406146,strangers,359,ξένοι,
3571,102406148,Hear,360,κλύοιτ’,
3572,102406149,then,360,ἂν,
3573,102406150,now,360,ἤδη,
3574,102406151,regulation,360,θεσμόν,
3575,102406153,Attic,360,Ἀττικὸς,
3576,102406154,people,360,λεώς,
3577,102406156,first,360,πρώτας,
3578,102406157,trials,360,δίκας,
3579,102406158,adjudicating,360,κρίνοντες,
3580,102406159,blood,360,αἵματος,
3581,102406160,shed,360,χυτοῦ,
3582,102406162,shall be,361,ἔσται,
3583,102406163,And,361,δὲ,
3584,102406164,for,361,καὶ,
3585,102406165,the,361,τὸ,
3586,102406166,future,361,λοιπὸν,
3587,102406167,of,361,Αἰγέως,
3588,102406168,army,361,στρατῷ,
3589,102406169,forever,361,αἰεὶ,
3590,102406170,of,361,δικαστῶν,
3591,102406171,this,361,τοῦτο,
3592,102406172,council,361,βουλευτήριον,
3593,102406174,rock,362,πάγον,
3594,102406175,But,362,δ’,
3595,102406176,Ares',362,Ἄρειον,
3596,102406177,this,362,τόνδ’,
3597,102406179,of the Amazons,362,Ἀμαζόνων,
3598,102406180,seat,362,ἕδραν,
3599,102406181,tents,362,σκηνάς,
3600,102406182,and,362,θ’,
3601,102406184,when,362,ὅτ’,
3602,102406185,came,362,ἦλθον,
3603,102406186,of Theseus,362,Θησέως,
3604,102406187,against,362,κατὰ,
3605,102406188,envy,362,φθόνον,
3606,102406189,in an army,362,στρατηλατοῦσαι,
3607,102406191,and,362,καὶ,
3608,102406192,city,362,πόλιν,
3609,102406193,new-founded,362,νεόπτολιν,
3610,102406194,this,362,τήνδ’,
3611,102406195,high-towered,362,ὑψίπυργον,
3612,102406196,fortified,362,ἀντεπύργωσαν,
3613,102406197,then,362,τότε,
3614,102406199,to Ares,362,Ἄρει,
3615,102406200,and,362,δ’,
3616,102406201,sacrificed,362,ἔθυον,
3617,102406203,from which,362,ἔνθεν,
3618,102406204,is,362,ἔστ’,
3619,102406205,named,362,ἐπώνυμος,
3620,102406206,rock,362,πέτρα,
3621,102406208,rock,362,πάγος,
3622,102406209,and,362,τ’,
3623,102406210,Ares',362,Ἄρειος,
3624,102406213,But,363,δὲ,
3625,102406212,in,363,ἐν,
3626,102406214,this,363,τῷ,
3627,102406215,reverence,363,σέβας,
3628,102406216,of,363,ἀστῶν,
3629,102406217,the,363,φόβος,
3630,102406218,citizens,363,τε,
3631,102406219,and,363,ξυγγενὴς,
3632,102406220,a,363,τὸ,
3633,102406221,kindred,363,μὴ,
3634,102406222,fear,363,ἀδικεῖν,
3635,102406223,of,363,σχήσει,
3636,102406224,not,363,τό,
3637,102406225,doing,363,τ’,
3638,102406226,wrong,363,ἦμαρ,
3639,102406227,will,363,καὶ,
3640,102406228,hold,363,κατ’,
3641,102406229,the,363,εὐφρόνην,
3642,102406230,day,363,ὁμῶς,
3643,102406231,and,363,",",
3644,102406232,the,363,αὐτῶν,
3645,102406233,night,363,πολιτῶν,
3646,102406234,alike,363,μὴ,
3647,102406235,provided,363,’πιχραινόντων,
3648,102406236,that,363,νόμους,
3649,102406237,the,363,κακαῖς,
3650,102406238,citizens,363,ἐπιρροαῖσι,
3651,102406239,themselves,363,.,
3652,102406240,do,363,,
3653,102406241,not,363,,
3654,102406242,corrupt,363,,
3655,102406243,the,363,,
3656,102406244,laws,363,,
3657,102406245,with,363,,
3658,102406246,evil,363,,
3659,102406247,influences,363,,
3660,102406241,But,364,δ’,
3661,102406246,you will find,364,εὑρήσεις,
3662,102406245,never,364,οὔποθ’,
3663,102406247,drinkable,364,ποτόν,
3664,102406242,water,364,ὕδωρ,
3665,102406243,clear,364,λαμπρὸν,
3666,102406244,if,364,μιαίνων,
3667,102406240,it muddies,364,βορβόρῳ,
3668,102406240,the mud,364,βορβόρῳ,
3669,102406258,I,365,βουλεύω,
3670,102406257,advise,365,περιστέλλουσι,
3671,102406256,the,365,ἀστοῖς,
3672,102406256,citizens,365,ἀστοῖς,
3673,102406259,to,365,σέβειν,
3674,102406259,honor,365,σέβειν,
3675,102406250,neither,365,μή,
3676,102406252,a,365,ἄναρχον,
3677,102406252,rulerless,365,ἄναρχον,
3678,102406266,state,365,πόλεως,
3679,102406253,nor,365,μή,
3680,102406255,one,365,δεσποτούμενον,
3681,102406255,ruled,365,δεσποτούμενον,
3682,102406256,by,365,ἀστοῖς,
3683,102406256,a,365,ἀστοῖς,
3684,102406256,tyrant,365,ἀστοῖς,
3685,102406261,and,365,καὶ,
3686,102406262,not,365,μὴ,
3687,102406268,to,365,βαλεῖν,
3688,102406268,cast,365,βαλεῖν,
3689,102406268,out,365,βαλεῖν,
3690,102406265,all,365,πᾶν,
3691,102406264,that,365,δεινὸν,
3692,102406264,is,365,δεινὸν,
3693,102406264,terrible,365,δεινὸν,
3694,102406267,from,365,ἔξω,
3695,102406263,the,365,τὸ,
3696,102406266,city,365,πόλεως,
3697,102406271,For,366,γὰρ,
3698,102406270,which,366,τίς,
3699,102406274,man,366,ἔνδικος,
3700,102406272,fearing,366,δεδοικὼς,
3701,102406273,nothing,366,μηδὲν,
3702,102406274,is,366,ἔνδικος,
3703,102406274,just,366,ἔνδικος,
3704,102406277,Such,367,τοιόνδε,
3705,102406279,fear,367,ταρβοῦντες,
3706,102406280,revered,367,ἐνδίκως,
3707,102406281,with justice,367,σέβας,
3708,102406282,would be,367,ἔρυμά,
3709,102406283,a safeguard,367,τε,
3710,102406284,for,367,χώρας,
3711,102406285,the land,367,καὶ,
3712,102406286,and,367,πόλεως,
3713,102406287,the city,367,σωτήριον,
3714,102406288,a salvation,367,ἔχοιτ’,
3715,102406291,such,367,οἷον,
3716,102406292,as,367,οὔτις,
3717,102406293,no man,367,ἀνθρώπων,
3718,102406294,possesses,367,ἔχει,
3719,102406296,neither,367,οὔ,
3720,102406298,among,367,ἐν,
3721,102406299,the Scythians,367,Σκύθῃσιν,
3722,102406300,nor,367,οὔ,
3723,102406303,in,367,ἐν,
3724,102406304,the lands,367,τόποις,
3725,102406305,of Pelops,367,.,
3726,102406306,gain,368,κερδῶν,
3727,102406307,venerable,368,ἄθικτον,
3728,102406308,this,368,τοῦτο,
3729,102406309,council,368,βουλευτήριον,
3730,102406311,venerable,368,αἰδοῖον,
3731,102406313,sharp-minded,368,ὀξύθυμον,
3732,102406315,sleeping,368,εὑδόντων,
3733,102406316,for,368,ὕπερ,
3734,102406317,watchful,368,ἐγρηγορὸς,
3735,102406318,guard,368,φρούρημα,
3736,102406319,land,368,γῆς,
3737,102406320,I establish,368,καθίσταμαι,
3738,102406322,these,369,ταύτην,
3739,102406327,citizens,369,ἀστοῖσιν,
3740,102406323,I,369,μὲν,
3741,102406324,have stretched out,369,ἐξέτειν’,
3742,102406325,my,369,ἐμοῖς,
3743,102406326,counsel,369,παραίνεσιν,
3744,102406328,for,369,εἰς,
3745,102406329,the,369,τὸ,
3746,102406330,future,369,λοιπόν,
3747,102406332,stand,370,ὀρθοῦσθαι,
3748,102406333,and,370,δὲ,
3749,102406334,necessary,370,χρὴ,
3750,102406335,and,370,καὶ,
3751,102406336,vote,370,ψῆφον,
3752,102406337,cast,370,αἴρειν,
3753,102406338,and,370,καὶ,
3754,102406339,render,370,διαγνῶναι,
3755,102406340,judgment,370,δίκην,
3756,102406341,respecting,370,αἰδουμένους,
3757,102406342,the,370,τὸν,
3758,102406343,oath,370,ὅρκον,
3759,102406345,spoken,371,εἴρηται,
3760,102406346,word,371,λόγος,
3761,102406348,And,372,καὶ,
3762,102406349,by,372,μὴν,
3763,102406356,no,372,μηδαμῶς,
3764,102406350,heavy,372,βαρεῖαν,
3765,102406351,this,372,τήνδ’,
3766,102406352,company,372,ὁμιλίαν,
3767,102406353,of,372,χθονὸς,
3768,102406353,the,372,χθονὸς,
3769,102406353,earth,372,χθονὸς,
3770,102406354,as,372,ξύμβουλός,
3771,102406354,counselor,372,ξύμβουλός,
3772,102406355,must,372,εἰμι,
3773,102406357,dishonor,372,ἀτιμάσαι,
3774,102406355,I,372,εἰμι,
3775,102406359,And,373,κα-,
3776,102406360,I,373,κἄγωγε,
3777,102406361,oracles,373,χρησμοὺς,
3778,102406362,my,373,τοὺς,
3779,102406363,own,373,ἐμούς,
3780,102406364,and,373,τε,
3781,102406365,those,373,καὶ,
3782,102406366,of Zeus,373,Διὸς,
3783,102406367,feared,373,ταρβεῖν,
3784,102406368,order,373,κελεύω,
3785,102406369,not,373,μη,
3786,102406370,but,373,-δ’,
3787,102406371,fruit,373,ἀκαρπώτους,
3788,102406372,found,373,κτίσαι,
3789,102406374,But,374,ἀλλ’,
3790,102406379,you honor,374,σέβεις,
3791,102406375,bloody,374,αἱματηρὰ,
3792,102406376,matters,374,πράγματ’,
3793,102406378,having not received,374,λαχὼν,
3794,102406376,them,374,πράγματ’,
3795,102406374,But,374,ἀλλ’,
3796,102406382,and,374,δ’,
3797,102406377,do not,374,οὐ,
3798,102406385,foresee,374,μαντεύσῃ,
3799,102406384,pure,374,ἁγνὰ,
3800,102406381,oracles,374,μαντεῖα,
3801,102406386,dispensing,374,νέμων,
3802,102406376,them,374,πράγματ’,
3803,102406388,even,375,ἦ,
3804,102406389,And,375,καὶ,
3805,102406390,father,375,πατήρ,
3806,102406391,a,375,τι,
3807,102406392,fall into error,375,σφάλλεται,
3808,102406393,plotting,375,βουλευμάτων,
3809,102406394,first-,375,πρωτοκτόνοισι,
3810,102406395,entreaties,375,προστροπαῖς,
3811,102406396,of Ixion,375,Ἰξίονος,
3812,102406398,speak,376,λέγεις,
3813,102406401,But,377,δὲ,
3814,102406400,I,377,ἐγὼ,
3815,102406402,not,377,μὴ,
3816,102406403,having received,377,τυχοῦσα,
3817,102406405,judgment,377,δίκης,
3818,102406409,converse,377,ὁμιλήσω,
3819,102406410,again,377,πάλιν,
3820,102406406,heavily,377,βαρεῖα,
3821,102406408,this,377,τῇδ’,
3822,102406407,land,377,χώρᾳ,
3823,102406412,But,378,ἀλλ’,
3824,102406413,among,378,ἔν,
3825,102406414,and,378,τε,
3826,102406415,the,378,τοῖς,
3827,102406416,new,378,νέοισι,
3828,102406417,and,378,καὶ,
3829,102406418,older,378,παλαιτέροις,
3830,102406419,gods,378,θεοῖς,
3831,102406420,dishonored,378,ἄτιμος,
3832,102406421,are,378,εἶ,
3833,102406422,you,378,σύ,
3834,102406424,conquer,379,νικήσω,
3835,102406425,I,379,δ’,
3836,102406426,will,379,ἐγώ,
3837,102406428,Thus,380,τοιαῦτ’,
3838,102406429,did you establish,380,ἔδρασας,
3839,102406430,and,380,καὶ,
3840,102406431,of Pheres,380,Φέρητος,
3841,102406432,in,380,ἐν,
3842,102406433,halls,380,δόμοις,
3843,102406435,Fates,381,Μοίρας,
3844,102406436,persuaded,381,ἔπεισας,
3845,102406437,imperishable,381,ἀφθίτους,
3846,102406438,set down,381,θεῖναι,
3847,102406439,mortals,381,βροτούς,
3848,102406441,not,382,οὔκουν,
3849,102406442,just,382,δίκαιον,
3850,102406443,the,382,τὸν,
3851,102406444,shows reverence,382,σέβοντ’,
3852,102406445,benefit,382,εὐεργετεῖν,
3853,102406447,especially,382,ἄλλως,
3854,102406448,since,382,τε,
3855,102406449,at all,382,πάντως,
3856,102406450,at all,382,κα-,
3857,102406451,since,382,χὤτε,
3858,102406452,being in need,382,δεόμενος,
3859,102406453,chance,382,τύχοι,
3860,102406465,you,384,σύ,
3861,102406466,indeed,384,τοι,
3862,102406467,quickly,384,τάχ’,
3863,102406468,not,384,οὐκ,
3864,102406469,having,384,ἔχουσα,
3865,102406470,the,384,τῆς,
3866,102406471,lawsuit,384,δίκης,
3867,102406472,end,384,τέλος,
3868,102406473,have,384,ἐμῇ,
3869,102406474,the,384,τὸν,
3870,102406475,venom,384,ἰὸν,
3871,102406476,nothing,384,οὐδὲν,
3872,102406477,to,384,ἐχθροῖσιν,
3873,102406478,grievous,384,βαρύν,
3874,102406480,Since,385,ἐπεὶ,
3875,102406481,tramples,385,καθιππάζῃ,
3876,102406484,young,385,νέος,
3877,102406483,old,385,πρεσβῦτιν,
3878,102406482,woman,385,με,
3879,102406484,man,385,νέος,
3880,102406490,remain,385,μένω,
3881,102406487,be,385,γενέσθαι,
3882,102406489,witness,385,ἐπήκοος,
3883,102406486,justice,385,δίκης,
3884,102406488,this,385,τῆσδ’,
3885,102406492,since,385,ὡς,
3886,102406494,being,385,οὖσα,
3887,102406493,indecision,385,ἀμφίβουλος,
3888,102406495,rage,385,θυμοῦσθαι,
3889,102406496,city,385,πόλει,
3890,102406498,My,386,ἐμὸν,
3891,102406499,task,386,τόδ’,
3892,102406500,task,386,ἔργον,
3893,102406502,final,386,λοισθίαν,
3894,102406503,judge,386,κρῖναι,
3895,102406504,judgment,386,δίκην,
3896,102406506,vote,387,ψῆφον,
3897,102406507,for,387,δ’,
3898,102406508,Orestes,387,Ὀρέστῃ,
3899,102406509,this,387,τήνδ’,
3900,102406510,I,387,ἐγὼ,
3901,102406511,will add,387,προσθήσομαι,
3902,102406513,mother,388,μήτηρ,
3903,102406514,For,388,γὰρ,
3904,102406515,no,388,οὔτις,
3905,102406516,is,388,ἐστὶν,
3906,102406517,to,388,ἥ,
3907,102406518,me,388,μ’,
3908,102406519,have given birth to,388,ἐγείνατο,
3909,102406521,the,388,τὸ,
3910,102406522,alone,388,δ’,
3911,102406523,male,388,ἄρσεν,
3912,102406524,praises,388,αἰνῶ,
3913,102406525,everything,388,πάντα,
3914,102406527,except,388,πλὴν,
3915,102406528,marriage,388,γάμου,
3916,102406529,chance upon,388,τυχεῖν,
3917,102406531,his,388,ἅπαντι,
3918,102406532,soul,388,θυμῷ,
3919,102406534,very,388,κάρτα,
3920,102406535,much,388,δ’,
3921,102406536,am,388,εἰμὶ,
3922,102406537,of,388,τοῦ,
3923,102406538,father,388,πατρός,
3924,102406540,Thus,389,οὕτω,
3925,102406541,woman,389,γυναικὸς,
3926,102406542,not,389,οὐ,
3927,102406543,prefer,389,προτιμήσω,
3928,102406544,death,389,μόρον,
3929,102406545,man,389,ἄνδρα,
3930,102406546,kills,389,κτανούσης,
3931,102406547,house,389,δωμάτων,
3932,102406548,overseer,389,ἐπίσκοπον,
3933,102406551,But,390,δ’,
3934,102406552,Orestes,390,Ὀρέστης,
3935,102406550,prevails,390,νικᾷ,
3936,102406554,and,390,κα-,
3937,102406555,is,390,κἂν,
3938,102406557,judged,390,κριθῇ,
3939,102406556,equal,390,ἰσόψηφος,
3940,102406559,Cast,391,ἐκβάλλεθ’,
3941,102406560,as,391,ὡς,
3942,102406561,quickly,391,τάχιστα,
3943,102406562,of,391,τευχέων,
3944,102406563,lots,391,πάλους,
3945,102406565,to,391,ὅσοις,
3946,102406566,those,391,δικαστῶν,
3947,102406567,this,391,τοῦτ’,
3948,102406568,has,391,ἐπέσταλται,
3949,102406569,end,391,τέλος,
3950,102406571,O,392,ὦ,
3951,102406572,Phoebus,392,Φοῖβ’,
3952,102406573,Apollo,392,Ἄπολλον,
3953,102406575,how,392,πῶς,
3954,102406576,contest,392,ἀγὼν,
3955,102406577,will be judged,392,κριθήσεται,
3956,102406579,O,393,ὦ,
3957,102406580,Night,393,Νὺξ,
3958,102406581,black,393,μέλαινα,
3959,102406582,mother,393,μῆτερ,
3960,102406584,do,393,ἆρ’,
3961,102406585,see,393,ὁρᾷς,
3962,102406586,things,393,τάδε,
3963,102406588,Now,394,νῦν,
3964,102406589,noose,394,ἀγχόνης,
3965,102406590,me,394,μοι,
3966,102406591,end,394,τέρματ’,
3967,102406593,and,394,ἢ,
3968,102406594,light,394,φάος,
3969,102406595,see,394,βλέπειν,
3970,102406597,us,395,ἡμῖν,
3971,102406598,For,395,γὰρ,
3972,102406599,arrive,395,ἔρρειν,
3973,102406601,to,395,ἢ,
3974,102406602,distribute,395,πρόσω,
3975,102406603,honor,395,τιμὰς,
3976,102406604,to,395,νέμειν,
3977,102406606,Send,396,πεμπάζετ’,
3978,102406607,correctly,396,ὀρθῶς,
3979,102406608,ballots,396,ἐκβολὰς,
3980,102406609,out,396,ψήφων,
3981,102406611,strangers,396,ξένοι,
3982,102406613,the,396,τὸ,
3983,102406615,law,396,’δικεῖν,
3984,102406614,not,396,μὴ,
3985,102406615,committing,396,’δικεῖν,
3986,102406616,respecting,396,σέβοντες,
3987,102406618,division,396,διαιρέσει,
3988,102406617,in,396,ἐν,
3989,102406621,But,397,δ’,
3990,102406620,judgment,397,γνώμης,
3991,102406622,absent,397,ἀπούσης,
3992,102406623,suffering,397,πῆμα,
3993,102406625,great,397,μέγα,
3994,102406624,arises,397,γίγνεται,
3995,102406628,and,397,τ’,
3996,102406630,vote,397,ψῆφος,
3997,102406627,cast,397,βαλοῦσά,
3998,102406632,one,397,μία,
3999,102406631,set,397,ὤρθωσεν,
4000,102406629,house,397,οἶκον,
4001,102406625,aright,397,μέγα,
4002,102406634,man,398,ἀνὴρ,
4003,102406635,This,398,ὅδ’,
4004,102406636,has fled,398,ἐκπέφευγεν,
4005,102406637,of blood,398,αἵματος,
4006,102406638,penalty,398,δίκην,
4007,102406641,For,399,γάρ,
4008,102406643,this,399,τα-,
4009,102406644,calculation,399,τἀρίθμημα,
4010,102406642,is,399,ἐστι,
4011,102406640,equal,399,ἴσον,
4012,102406645,the,399,τῶν,
4013,102406646,castings,399,πάλων,
4014,102406648,O,400,ὦ,
4015,102406649,Pallas,400,Παλλάς,
4016,102406651,you,400,ὦ,
4017,102406652,saved,400,σώσασα,
4018,102406653,my,400,τοὺς,
4019,102406654,my,400,ἐμοὺς,
4020,102406655,house,400,δόμους,
4021,102406657,lands,401,γαίας,
4022,102406658,ancestral,401,πατρῴας,
4023,102406659,deprived,401,ἐστερημένον,
4024,102406660,you,401,σύ,
4025,102406661,your,401,τοι,
4026,102406662,settled,401,κατῴκισάς,
4027,102406663,I,401,με,
4028,102406665,And,402,καί,
4029,102406666,some,402,τις,
4030,102406667,Greek,402,Ἑλλήνων,
4031,102406668,will say,402,ἐρεῖ,
4032,102406671,Argive,402,Ἀργεῖος,
4033,102406672,man,402,ἁνὴρ,
4034,102406673,once more,402,αὖθις,
4035,102406677,dwells,402,οἰκεῖ,
4036,102406676,wealth,402,χρήμασιν,
4037,102406678,ancestral,402,πατρῴοις,
4038,102406680,Pallas,402,Παλλάδος,
4039,102406682,Loxias,402,Λοξίου,
4040,102406683,savior,402,ἕκατι,
4041,102406685,and,402,καὶ,
4042,102406686,the,402,τοῦ,
4043,102406687,all,402,πάντα,
4044,102406688,ruling,402,κραίνοντος,
4045,102406689,third,402,τρίτου,
4046,102406693,who,402,ὃς,
4047,102406693,who,402,ὃς,
4048,102406694,ancestral,402,πατρῷον,
4049,102406695,revering,402,αἰδεσθεὶς,
4050,102406696,doom,402,μόρον,
4051,102406697,saves,402,σῴζει,
4052,102406698,me,402,με,
4053,102406700,mother,402,μητρὸς,
4054,102406701,these,402,τάσδε,
4055,102406702,advocates,402,συνδίκους,
4056,102406703,seeing,402,ὁρῶν,
4057,102406705,I,403,ἐγὼ,
4058,102406706,But,403,δὲ,
4059,102406719,having sworn,403,ὁρκωμοτήσας,
4060,102406707,this,403,χώρᾳ,
4061,102406708,land,403,τῇδε,
4062,102406711,my,403,σῷ,
4063,102406712,army,403,στρατῷ,
4064,102406714,full,403,λοιπὸν,
4065,102406716,oath,403,ἅπαντα,
4066,102406715,for,403,εἰς,
4067,102406717,all,403,πλειστήρη,
4068,102406718,time,403,χρόνον,
4069,102406720,now,403,νῦν,
4070,102406721,depart,403,ἄπειμι,
4071,102406722,to,403,πρὸς,
4072,102406723,the houses,403,δόμους,
4073,102406725,lest,403,μήτοι,
4074,102406726,any,403,τιν’,
4075,102406727,man,403,ἄνδρα,
4076,102406731,come,403,ἐλθόντ’,
4077,102406728,here,403,δεῦρο,
4078,102406729,as,403,πρυμνήτην,
4079,102406730,a shipwrecked refugee of the earth,403,χθονὸς,
4080,102406732,bringing,403,ἐποίσειν,
4081,102406735,a spear,403,δόρυ,
4082,102406733,that,403,εὖ,
4083,102406734,has been enriched,403,κεκασμένον,
4084,102406738,For,404,γὰρ,
4085,102406737,we,404,αὐτοὶ,
4086,102406739,we,404,ἡμεῖς,
4087,102406740,being,404,ὄντες,
4088,102406741,in,404,ἐν,
4089,102406742,graves,404,τάφοις,
4090,102406743,at that time,404,τότε,
4091,102406751,shall,404,πράξομεν,
4092,102406748,now,404,νῦν,
4093,102406747,break,404,παρβαίνουσι,
4094,102406744,these,404,τοῖς,
4095,102406745,these,404,τα-,
4096,102406746,our own,404,τἀμὰ,
4097,102406749,oaths,404,ὁρκώματα,
4098,102406750,unmanageable,404,ἀμηχάνοισι,
4099,102406752,misfortunes,404,δυσπραξίαις,
4100,102406759,making,404,τιθέντες,
4101,102406754,paths,404,ὁδοὺς,
4102,102406755,spiritless,404,ἀθύμους,
4103,102406756,and,404,καὶ,
4104,102406757,unwatchful,404,παρόρνιθας,
4105,102406758,paths,404,πόρους,
4106,102406761,that,404,ὡς,
4107,102406763,be regretted,404,μεταμέλῃ,
4108,102406764,labor,404,πόνος,
4109,102406762,by them,404,αὐτοῖσι,
4110,102406766,being set upright,405,ὀρθουμένων,
4111,102406767,while,405,δέ,
4112,102406769,And,405,καὶ,
4113,102406770,city,405,πόλιν,
4114,102406771,this,405,τὴν,
4115,102406772,of Pallas,405,Παλλάδος,
4116,102406773,they honor,405,τιμῶσιν,
4117,102406774,always,405,αἰεὶ,
4118,102406775,this,405,τήνδε,
4119,102406776,friendly,405,συμμάχῳ,
4120,102406777,spear,405,δορί,
4121,102406779,as for us,405,αὐτοῖσιν,
4122,102406780,we,405,ἡμεῖς,
4123,102406781,are,405,ἐσμεν,
4124,102406782,more gracious,405,εὐμενέστεροι,
4125,102406784,And,406,καὶ,
4126,102406785,hail,406,χαῖρε,
4127,102406787,and,406,καὶ,
4128,102406788,you,406,σὺ,
4129,102406789,and,406,καὶ,
4130,102406790,city-holding,406,πολισσοῦχος,
4131,102406791,multitude,406,λεώς,
4132,102406793,wrestling,407,πάλαισμ’,
4133,102406794,inescapable,407,ἄφυκτον,
4134,102406795,those,407,τοῖς,
4135,102406796,oppose,407,ἐναντίοις,
4136,102406797,it,407,ἔχοις,
4137,102406799,salvation,407,σωτήριόν,
4138,102406800,both,407,τε,
4139,102406801,both,407,καὶ,
4140,102406802,spear,407,δορὸς,
4141,102406803,victory-bringing,407,νικηφόρον,
4142,102406805,Oh,408,ἰὼ,
4143,102406806,gods,408,θεοὶ,
4144,102406807,younger,408,νεώτεροι,
4145,102406809,old,408,παλαιοὺς,
4146,102406810,laws,408,νόμους,
4147,102406811,dismount,408,καθιππάσασθε,
4148,102406812,and,408,κα-,
4149,102406813,from,408,κἀκ,
4150,102406814,hands,408,χερῶν,
4151,102406815,take,408,εἵλεσθέ,
4152,102406816,my,408,μου,
4153,102406819,But,409,δ’,
4154,102406818,I,409,ἐγὼ,
4155,102406822,wretched,409,τάλαινα,
4156,102406820,unhonored,409,ἄτιμος,
4157,102406823,heavy-hearted,409,βαρύκοτος,
4158,102406824,in,409,ἐν,
4159,102406826,this,409,τᾷδε,
4160,102406825,land,409,γᾷ,
4161,102406828,alas,409,φεῦ,
4162,102406833,having released,409,μεθεῖσα,
4163,102406830,the venom,409,ἰὸν,
4164,102406831,the venom,409,ἰὸν,
4165,102406832,counter-mourning,409,ἀντιπενθῆ,
4166,102406834,of my heart,409,καρδίας,
4167,102406836,a drop,409,σταλαγμὸν,
4168,102406838,unbearable,409,ἄφορον,
4169,102406837,for the earth,409,χθονὶ,
4170,102406841,And,410,δὲ,
4171,102406840,from,410,ἐκ,
4172,102406842,the,410,τοῦ,
4173,102406843,moss,410,λειχὴν,
4174,102406844,leafless,410,ἄφυλλος,
4175,102406846,childless,410,ἄτεκνος,
4176,102406848,come,410,ἰὼ,
4177,102406848,O,410,ἰὼ,
4178,102406849,Justice,410,δίκα,
4179,102406852,drag,410,ἐπισύμενος,
4180,102406853,man-destroying,410,βροτοφθόρους,
4181,102406854,stains,410,κηλῖδας,
4182,102406852,onto,410,ἐπισύμενος,
4183,102406851,land,410,πέδον,
4184,102406857,cast,410,βαλεῖ,
4185,102406855,into,410,ἐν,
4186,102406856,country,410,χώρᾳ,
4187,102406859,groan,411,στενάζω,
4188,102406861,What,412,τί,
4189,102406862,shall I do,412,ῥέξω,
4190,102406864,laughed,413,γελῶμαι,
4191,102406865,citizens,413,πολίταις,
4192,102406867,You,414,δύσοισθ’,
4193,102406868,suffer,414,ἅπαθον,
4194,102406870,Oh,415,ἰὼ,
4195,102406871,great,415,μεγάλα,
4196,102406872,daughters,415,τοὶ,
4197,102406873,maidens,415,κόραι,
4198,102406874,unhappy,415,δυστυχεῖς,
4199,102406875,of Night,415,Νυκτὸς,
4200,102406876,grieving,415,ἀτιμοπενθεῖς,
4201,102406878,me,416,ἐμοὶ,
4202,102406879,Obey,416,πίθεσθε,
4203,102406880,not,416,μὴ,
4204,102406881,heavily,416,βαρυστόνως,
4205,102406882,bear,416,φέρειν,
4206,102406885,For,417,γὰρ,
4207,102406884,not,417,οὐ,
4208,102406886,defeated,417,νενίκησθ’,
4209,102406888,but,417,ἀλλ’,
4210,102406889,verdict,417,ἰσόψηφος,
4211,102406890,with,417,δίκη,
4212,102406891,emerged,417,ἐξῆλθ’,
4213,102406892,truly,417,ἀληθῶς,
4214,102406894,no,417,οὐκ,
4215,102406895,dishonor,417,ἀτιμίᾳ,
4216,102406896,from,417,σέθεν,
4217,102406896,you,417,σέθεν,
4218,102406898,But,418,ἀλλ’,
4219,102406899,from,418,ἐκ,
4220,102406900,Zeus,418,Διὸς,
4221,102406901,for,418,γὰρ,
4222,102406902,shining,418,λαμπρὰ,
4223,102406903,testimonies,418,μαρτύρια,
4224,102406904,came,418,παρῆν,
4225,102406906,he,418,αὐτός,
4226,102406907,indeed,418,θ’,
4227,102406909,gave,418,χρήσας,
4228,102406910,himself,418,αὐτὸς,
4229,102406913,witness,418,μαρτυρῶν,
4230,102406915,that,418,ὡς,
4231,102406916,these,418,ταῦτ’,
4232,102406917,Orestes,418,Ὀρέστην,
4233,102406918,doing,418,δρῶντα,
4234,102406919,no,418,μὴ,
4235,102406920,harm,418,βλάβας,
4236,102406921,have,418,ἔχειν,
4237,102406923,you,419,ὑμεῖς,
4238,102406924,But,419,δὲ,
4239,102406925,not,419,μὴ,
4240,102406926,be angry,419,θυμοῦσθε,
4241,102406927,nor,419,μη,
4242,102406928,plot,419,-δὲ,
4243,102406929,this,419,τῇδε,
4244,102406930,land,419,γῇ,
4245,102406931,deep,419,βαρὺν,
4246,102406932,wrath,419,κότον,
4247,102406933,against,419,σκήψητε,
4248,102406935,nor,419,μη,
4249,102406936,bring about,419,-δ’,
4250,102406937,fruitlessness,419,ἀκαρπίαν,
4251,102406938,shed,419,τεύξητ’,
4252,102406940,having,419,ἀφεῖσαι,
4253,102406942,gods,419,δαιμόνων,
4254,102406944,drops,419,σταλάγματα,
4255,102406946,eaters,419,βρωτῆρας,
4256,102406947,spears,419,αἰχμὰς,
4257,102406948,seeds,419,σπερμάτων,
4258,102406949,unseasonable,419,ἀνημέρους,
4259,102406952,For,420,γὰρ,
4260,102406951,I,420,ἐγὼ,
4261,102406955,promise,420,ὑπίσχομαι,
4262,102406953,you,420,ὑμῖν,
4263,102406954,all,420,πανδίκως,
4264,102406954,in all ways,420,πανδίκως,
4265,102406963,dwell,420,ἡμένας,
4266,102406964,on,420,ἐπ’,
4267,102406965,hearths,420,ἐσχάραις,
4268,102406960,just,420,ἐνδίκου,
4269,102406961,earth,420,χθονὸς,
4270,102406970,honored,420,τιμαλφουμένας,
4271,102406967,by,420,ὑπ’,
4272,102406969,these,420,τῶνδε,
4273,102406968,citizens,420,ἀστῶν,
4274,102406972,O,421,ἰὼ,
4275,102406973,gods,421,θεοὶ,
4276,102406974,younger,421,νεώτεροι,
4277,102406976,old,421,παλαιοὺς,
4278,102406977,laws,421,νόμους,
4279,102406978,ridden,421,καθιππάσασθε,
4280,102406979,and,421,κα-,
4281,102406980,from,421,κἀκ,
4282,102406981,hands,421,χερῶν,
4283,102406982,taken,421,εἵλεσθέ,
4284,102406983,my,421,μου,
4285,102406985,I,422,ἐγὼ,
4286,102406986,But,422,δ’,
4287,102406987,dishonored,422,ἄτιμος,
4288,102406989,wretched,422,τάλαινα,
4289,102406990,heavy-hearted,422,βαρύκοτος,
4290,102406991,in,422,ἐν,
4291,102406993,this,422,τᾷδε,
4292,102406992,land,422,γᾷ,
4293,102406995,ah,422,φεῦ,
4294,102407000,loosed,422,μεθεῖσα,
4295,102406997,poison,422,ἰὸν,
4296,102406998,poison,422,ἰὸν,
4297,102407001,my,422,καρδίας,
4298,102407003,drop,422,σταλαγμὸν,
4299,102407004,earth,422,χθονὶ,
4300,102407005,unborne,422,ἄφορον,
4301,102407007,From,423,ἐκ,
4302,102407009,the,423,τοῦ,
4303,102407010,rock,423,λειχὴν,
4304,102407011,leafless,423,ἄφυλλος,
4305,102407013,childless,423,ἄτεκνος,
4306,102407015,O,423,ἰὼ,
4307,102407016,Justice,423,δίκα,
4308,102407019,dragging,423,ἐπισύμενος,
4309,102407020,man-destroying,423,βροτοφθόρους,
4310,102407021,stains,423,κηλῖδας,
4311,102407022,upon,423,ἐν,
4312,102407018,the,423,πέδον,
4313,102407023,land,423,χώρᾳ,
4314,102407024,cast,423,βαλεῖ,
4315,102407021,them,423,κηλῖδας,
4316,102407026,groan,424,στενάζω,
4317,102407028,What,425,τί,
4318,102407029,do,425,ῥέξω,
4319,102407031,laughed,426,γελῶμαι,
4320,102407032,citizens,426,πολίταις,
4321,102407034,suffer,427,δύσοισθ’,
4322,102407035,fate,427,ἅπαθον,
4323,102407037,Io,428,ἰὼ,
4324,102407038,great,428,μεγάλα,
4325,102407039,ones,428,τοι,
4326,102407040,daughters,428,κόραι,
4327,102407041,wretched,428,δυστυχεῖς,
4328,102407042,Night,428,Νυκτὸς,
4329,102407043,ones,428,ἀτιμοπενθεῖς,
4330,102407045,not,429,οὐκ,
4331,102407046,are,429,ἔστ’,
4332,102407047,dishonored,429,ἄτιμοι,
4333,102407049,do not,429,μη,
4334,102407050,and,429,-δ’,
4335,102407051,excessive,429,ὑπερθύμως,
4336,102407052,pride,429,ἄγαν,
4337,102407053,goddesses,429,θεαὶ,
4338,102407054,mortals,429,βροτῶν,
4339,102407055,create,429,κτίσητε,
4340,102407056,hard to detect,429,δύσκηλον,
4341,102407057,land,429,χθόνα,
4342,102407059,But,430,κα-,
4343,102407060,I,430,κἀγὼ,
4344,102407061,trust,430,πέποιθα,
4345,102407062,Zeus,430,Ζηνί,
4346,102407064,and,430,καὶ,
4347,102407065,what,430,τί,
4348,102407066,should,430,δεῖ,
4349,102407067,say,430,λέγειν,
4350,102407069,And,431,καὶ,
4351,102407071,know,431,οἶδα,
4352,102407070,keys,431,κλῇδας,
4353,102407072,house,431,δώματος,
4354,102407073,alone,431,μόνη,
4355,102407074,goddesses,431,θεῶν,
4356,102407076,in,431,ἐν,
4357,102407077,which,431,ᾧ,
4358,102407078,thunderbolt,431,κεραυνός,
4359,102407079,is,431,ἐστιν,
4360,102407080,sealed,431,ἐσφραγισμένος,
4361,102407082,But,432,ἀλλ’,
4362,102407083,nothing,432,οὐδὲν,
4363,102407084,he,432,αὐτοῦ,
4364,102407085,needs,432,δεῖ,
4365,102407088,But,433,δ’,
4366,102407087,you,433,σὺ,
4367,102407094,cast,433,’κβάλῃς,
4368,102407095,forth,433,ἔπη,
4369,102407090,from,433,ἐμοὶ,
4370,102407087,me,433,σὺ,
4371,102407091,your,433,γλώσσης,
4372,102407092,idle,433,ματαίας,
4373,102407091,words,433,γλώσσης,
4374,102407096,to,433,χθονί,
4375,102407096,the,433,χθονί,
4376,102407096,earth,433,χθονί,
4377,102407095,words,433,ἔπη,
4378,102407099,bearing,433,φέροντα,
4379,102407098,fruit,433,καρπὸν,
4380,102407100,that,433,πάντα,
4381,102407087,you,433,σὺ,
4382,102407102,do,433,πράσσειν,
4383,102407103,well,433,καλῶς,
4384,102407105,Sleep,434,κοίμα,
4385,102407106,dark,434,κελαινοῦ,
4386,102407107,wave,434,κύματος,
4387,102407108,bitter,434,πικρὸν,
4388,102407109,fury,434,μένος,
4389,102407110,as,434,ὡς,
4390,102407111,sacred,434,σεμνότιμος,
4391,102407112,and,434,καὶ,
4392,102407111,honored,434,σεμνότιμος,
4393,102407113,cohabitant,434,ξυνοικήτωρ,
4394,102407114,me,434,ἐμοί,
4395,102407116,vast,435,πολλῆς,
4396,102407118,land,435,χώρας,
4397,102407119,this,435,τῆσδ’,
4398,102407121,first-fruits,435,ἀκροθίνια,
4399,102407122,sacrifice,435,θύη,
4400,102407123,from,435,πρὸ,
4401,102407124,children,435,παίδων,
4402,102407126,marriage,435,γαμηλίου,
4403,102407127,conclusion,435,τέλους,
4404,102407128,have,435,ἔχουσ’,
4405,102407130,forever,435,αἰεὶ,
4406,102407131,this,435,τόνδ’,
4407,102407132,praise,435,ἐπαινέσεις,
4408,102407133,speech,435,λόγον,
4409,102407135,suffer,436,ἐμὲ,
4410,102407136,suffer,436,παθεῖν,
4411,102407137,things,436,τάδε,
4412,102407139,alas,436,φεῦ,
4413,102407141,and,436,ἐμὲ,
4414,102407142,ancient,436,παλαιόφρονα,
4415,102407143,upon,436,κατά,
4416,102407144,and,436,τε,
4417,102407145,earth,436,γᾶς,
4418,102407146,dwell,436,οἰκεῖν,
4419,102407148,alas,436,φεῦ,
4420,102407150,defilement,436,ἀτίετον,
4421,102407151,pollution,436,μύσος,
4422,102407153,Breathe,437,πνέω,
4423,102407154,me,437,τοι,
4424,102407155,rage,437,μένος,
4425,102407156,all,437,ἅπαντά,
4426,102407157,and,437,τε,
4427,102407158,wrath,437,κότον,
4428,102407160,Oh,438,οἶ,
4429,102407161,oh,438,οἶ,
4430,102407164,flee,438,φεῦ,
4431,102407166,Who,439,τίς,
4432,102407167,me,439,μ’,
4433,102407168,stalking,439,ὑποδύεται,
4434,102407170,who,439,τίς,
4435,102407171,anguish,439,ὀδύνα,
4436,102407172,side,439,πλευράς,
4437,102407174,spirit,440,θυμὸν,
4438,102407175,Rekindle,440,ἄιε,
4439,102407177,Mother,440,μᾶτερ,
4440,102407178,Night,440,Νύξ,
4441,102407181,For,441,γάρ,
4442,102407182,me,441,με,
4443,102407183,honor,441,τιμᾶν,
4444,102407184,Danaan,441,δαναιᾶν,
4445,102407185,gods,441,θεῶν,
4446,102407186,deceitful,441,δυσπάλαμοι,
4447,102407187,raised,441,παρ’,
4448,102407188,up,441,οὐδὲν,
4449,102407189,to,441,ἦραν,
4450,102407190,no,441,δόλοι,
4451,102407180,of,441,ἀπὸ,
4452,102407191,.,441,.,
4453,102407192,anger,442,ὀργὰς,
4454,102407193,share,442,ξυνοίσω,
4455,102407194,with,442,σοι,
4456,102407197,For,443,γὰρ,
4457,102407196,older,443,γεραιτέρα,
4458,102407198,is,443,εἶ,
4459,102407200,And,444,καὶ,
4460,102407201,to,444,τῷ,
4461,102407202,indeed,444,μὲν,
4462,102407203,am,444,εἶ,
4463,102407204,you,444,σὺ,
4464,102407205,not,444,κάρτ’,
4465,102407206,at all,444,ἐμοῦ,
4466,102407207,more,444,σοφωτέρα,
4467,102407210,But,445,δὲ,
4468,102407211,even,445,κα-,
4469,102407212,me,445,κἀμοὶ,
4470,102407213,Zeus,445,Ζεὺς,
4471,102407214,has given,445,ἔδωκεν,
4472,102407209,the ability to think,445,φρονεῖν,
4473,102407215,not,445,οὐ,
4474,102407216,badly,445,κακῶς,
4475,102407219,But,446,δ’,
4476,102407218,you,446,ὑμεῖς,
4477,102407222,having come,446,ἐλθοῦσαι,
4478,102407220,to,446,ἐς,
4479,102407221,foreign,446,ἀλλόφυλον,
4480,102407223,land,446,χθόνα,
4481,102407224,soil,446,γῆς,
4482,102407225,this,446,τῆσδ’,
4483,102407226,enamored,446,ἐρασθήσεσθε,
4484,102407228,foretell,447,προυννέπω,
4485,102407229,things,447,τάδε,
4486,102407232,For,448,γὰρ,
4487,102407234,time,448,χρόνος,
4488,102407231,flowing,448,οὑπιρρέων,
4489,102407235,will be,448,ἔσται,
4490,102407233,more honorable,448,τιμιώτερος,
4491,102407236,for,448,πολίταις,
4492,102407237,these,448,τοῖσδε,
4493,102407236,citizens,448,πολίταις,
4494,102407239,And,449,καὶ,
4495,102407240,you,449,σὺ,
4496,102407243,holding,449,ἔχουσα,
4497,102407241,honor,449,τιμίαν,
4498,102407242,seat,449,ἕδραν,
4499,102407244,in,449,πρὸς,
4500,102407245,house,449,δόμοις,
4501,102407246,of Erechtheus,449,Ἐρεχθέως,
4502,102407247,attain,449,τεύξῃ,
4503,102407248,among,449,παρ’,
4504,102407249,men,449,ἀνδρῶν,
4505,102407250,and,449,καὶ,
4506,102407251,women's,449,γυναικείων,
4507,102407252,garments,449,στόλων,
4508,102407254,such,449,ὅσων,
4509,102407255,as,449,παρ’,
4510,102407256,other,449,ἄλλων,
4511,102407257,never,449,οὔποτ’,
4512,102407258,would,449,ἂν,
4513,102407259,have,449,σχέθοις,
4514,102407260,obtained,449,βροτῶν,
4515,102407260,from,449,βροτῶν,
4516,102407263,But,450,δ’,
4517,102407262,you,450,σὺ,
4518,102407269,cast,450,βάλῃς,
4519,102407264,into,450,ἐν,
4520,102407265,places,450,τόποισι,
4521,102407266,these,450,τοῖς,
4522,102407267,my,450,ἐμοῖσι,
4523,102407268,any,450,μὴ,
4524,102407272,bloody,450,αἱματηρὰς,
4525,102407273,broods,450,θηγάνας,
4526,102407276,harms,450,βλάβας,
4527,102407275,to,450,σπλάγχνων,
4528,102407277,the,450,νέων,
4529,102407275,bowels,450,σπλάγχνων,
4530,102407280,raging,450,ἐμμανεῖς,
4531,102407279,with,450,ἀοίνοις,
4532,102407281,mad,450,θυμώμασιν,
4533,102407281,fury,450,θυμώμασιν,
4534,102407271,nor,450,-θ’,
4535,102407287,as,450,ὡς,
4536,102407286,pluck,450,ἐξελοῦσ’,
4537,102407288,out,450,καρδίαν,
4538,102407288,the,450,καρδίαν,
4539,102407289,heart,450,ἀλεκτόρων,
4540,102407289,of,450,ἀλεκτόρων,
4541,102407289,a,450,ἀλεκτόρων,
4542,102407289,cock,450,ἀλεκτόρων,
4543,102407295,establish,450,ἱδρύσῃς,
4544,102407291,in,450,ἐν,
4545,102407292,these,450,τοῖς,
4546,102407293,my,450,ἐμοῖς,
4547,102407294,citizens,450,ἀστοῖσιν,
4548,102407297,war,450,ἐμφύλιόν,
4549,102407296,of,450,Ἄρη,
4550,102407296,kinsmen,450,Ἄρη,
4551,102407298,and,450,τε,
4552,102407302,bold,450,θρασύν,
4553,102407300,against,450,πρὸς,
4554,102407301,one,450,ἀλλήλους,
4555,102407301,another,450,ἀλλήλους,
4556,102407304,threshold,451,θυραῖος,
4557,102407305,Let there be,451,ἔστω,
4558,102407306,war,451,πόλεμος,
4559,102407306,war,451,πόλεμος,
4560,102407308,not,451,οὐ,
4561,102407309,yet,451,μόλις,
4562,102407310,present,451,παρών,
4563,102407312,in,451,ἐν,
4564,102407313,which,451,ᾧ,
4565,102407314,there,451,τις,
4566,102407315,will be,451,ἔσται,
4567,102407316,terrible,451,δεινὸς,
4568,102407317,glory,451,εὐκλείας,
4569,102407318,longing,451,ἔρως,
4570,102407320,dwells,452,ἐνοικίου,
4571,102407321,And,452,δ’,
4572,102407322,bird,452,ὄρνιθος,
4573,102407323,not,452,οὐ,
4574,102407324,speak,452,λέγω,
4575,102407325,fight,452,μάχην,
4576,102407327,Thus,453,τοιαῦθ’,
4577,102407328,choose,453,ἑλέσθαι,
4578,102407329,you,453,σοι,
4579,102407330,possible,453,πάρεστιν,
4580,102407331,from,453,ἐξ,
4581,102407332,me,453,ἐμοῦ,
4582,102407334,well,453,εὖ,
4583,102407335,doing,453,δρῶσαν,
4584,102407337,well,453,εὖ,
4585,102407338,suffering,453,πάσχουσαν,
4586,102407340,well,453,εὖ,
4587,102407341,honored,453,τιμωμένην,
4588,102407343,partake,453,μετασχεῖν,
4589,102407344,this,453,τῆσδε,
4590,102407345,beloved,453,θεοφιλεστάτης,
4591,102407347,To,454,ἐμὲ,
4592,102407348,suffer,454,παθεῖν,
4593,102407349,these,454,τάδε,
4594,102407351,alas,454,φεῦ,
4595,102407353,and,454,ἐμὲ,
4596,102407354,ancient,454,παλαιόφρονα,
4597,102407355,in,454,κατά,
4598,102407357,earth,454,γᾶς,
4599,102407358,dwell,454,οἰκεῖν,
4600,102407360,alas,454,φεῦ,
4601,102407362,loathsome,454,ἀτίετον,
4602,102407363,pollution,454,μύσος,
4603,102407365,Breathe,455,πνέω,
4604,102407366,you,455,τοι,
4605,102407367,fury,455,μένος,
4606,102407368,all,455,ἅπαντά,
4607,102407369,and,455,τε,
4608,102407370,wrath,455,κότον,
4609,102407372,Oh,456,οἶ,
4610,102407373,oh,456,οἶ,
4611,102407374,alas,456,δᾶ,
4612,102407376,flee,456,φεῦ,
4613,102407378,Who,457,τίς,
4614,102407379,me,457,μ’,
4615,102407380,stalking,457,ὑποδύεται,
4616,102407382,who,457,τίς,
4617,102407383,afflicting,457,ὀδύνα,
4618,102407384,sides,457,πλευράς,
4619,102407386,spirit,458,θυμὸν,
4620,102407387,Raise,458,ἄιε,
4621,102407389,Mother,458,μᾶτερ,
4622,102407390,Night,458,Νύξ,
4623,102407393,For,459,γάρ,
4624,102407395,plots,459,τιμᾶν,
4625,102407396,Danaan,459,δαναιᾶν,
4626,102407397,gods,459,θεῶν,
4627,102407398,deceitful,459,δυσπάλαμοι,
4628,102407402,treacherous,459,δόλοι,
4629,102407394,me,459,με,
4630,102407401,lifted,459,ἦραν,
4631,102407392,to,459,ἀπὸ,
4632,102407400,no,459,οὐδὲν,
4633,102407395,honor,459,τιμᾶν,
4634,102407404,not,460,οὔτοι,
4635,102407405,am telling,460,καμοῦμαί,
4636,102407406,you,460,σοι,
4637,102407407,telling,460,λέγουσα,
4638,102407408,these,460,τα-,
4639,102407409,things,460,τἀγαθά,
4640,102407411,that,460,ὡς,
4641,102407412,never,460,μήποτ’,
4642,102407413,say,460,εἴπῃς,
4643,102407414,to,460,πρὸς,
4644,102407415,newer,460,νεωτέρας,
4645,102407417,god,460,θεὸς,
4646,102407418,old,460,παλαιὰ,
4647,102407419,and,460,καὶ,
4648,102407420,guardians,460,πολισσούχων,
4649,102407421,mortals,460,βροτῶν,
4650,102407422,dishonored,460,ἄτιμος,
4651,102407423,come,460,ἔρρειν,
4652,102407424,this,460,τοῦδ’,
4653,102407425,stranger,460,ἀπόξενος,
4654,102407426,land,460,πέδου,
4655,102407428,But,461,ἀλλ’,
4656,102407429,if,461,εἰ,
4657,102407430,the,461,μὲν,
4658,102407431,unknown,461,ἁγνόν,
4659,102407432,is,461,ἐστί,
4660,102407433,to you,461,σοι,
4661,102407434,Persuasion,461,Πειθοῦς,
4662,102407435,reverence,461,σέβας,
4663,102407437,of,461,γλώσσης,
4664,102407438,my,461,ἐμῆς,
4665,102407439,soothing,461,μείλιγμα,
4666,102407440,and,461,καὶ,
4667,102407441,seductive,461,θελκτήριον,
4668,102407443,you,461,σὺ,
4669,102407444,then,461,δ’,
4670,102407445,shall,461,οὖν,
4671,102407446,remain,461,μένοις,
4672,102407447,shall,461,ἄν,
4673,,,462,,"[{'greek_id': '102407450', 'english_word': 'But'}, {'greek_id': '102407449', 'english_word': 'if'}, {'greek_id': '102407452', 'english_word': 'wish'}, {'greek_id': '102407451', 'english_word': 'not'}, {'greek_id': '102407453', 'english_word': 'stay'}, {'greek_id': '102407455', 'english_word': 'not'}, {'greek_id': '102407456', 'english_word': 'justly'}, {'greek_id': '102407460', 'english_word': 'pour'}, {'greek_id': '102407457', 'english_word': 'down'}, {'greek_id': '102407459', 'english_word': 'this'}, {'greek_id': '102407461', 'english_word': 'city'}, {'greek_id': '102407463', 'english_word': 'some'}, {'greek_id': '102407462', 'english_word': 'wrath'}, {'greek_id': '102407466', 'english_word': 'some'}, {'greek_id': '102407465', 'english_word': 'anger'}, {'greek_id': '102407467', 'english_word': 'or'}, {'greek_id': '102407463', 'english_word': 'some'}, {'greek_id': '102407468', 'english_word': 'injury'}, {'greek_id': '102407469', 'english_word': 'army'}]"
4674,,,462,,"[{'greek_id': '102407450', 'english_word': 'But'}, {'greek_id': '102407449', 'english_word': 'if'}, {'greek_id': '102407452', 'english_word': 'wish'}, {'greek_id': '102407451', 'english_word': 'not'}, {'greek_id': '102407453', 'english_word': 'stay'}, {'greek_id': '102407455', 'english_word': 'not'}, {'greek_id': '102407458', 'english_word': 'justly'}, {'greek_id': '102407460', 'english_word': 'pour'}, {'greek_id': '102407457', 'english_word': 'down'}, {'greek_id': '102407459', 'english_word': 'this'}, {'greek_id': '102407461', 'english_word': 'city'}, {'greek_id': '102407463', 'english_word': 'some'}, {'greek_id': '102407462', 'english_word': 'wrath'}, {'greek_id': '102407465', 'english_word': 'anger'}, {'greek_id': '102407466', 'english_word': 'some'}, {'greek_id': '102407467', 'english_word': 'or'}, {'greek_id': '102407468', 'english_word': 'injury'}, {'greek_id': '102407469', 'english_word': 'army'}]"
4675,102407467,or,462,ἢ,
4676,,,462,,"[{'greek_id': '102407450', 'english_word': 'But'}, {'greek_id': '102407449', 'english_word': 'if'}, {'greek_id': '102407452', 'english_word': 'wish'}, {'greek_id': '102407451', 'english_word': 'not'}, {'greek_id': '102407453', 'english_word': 'stay'}, {'greek_id': '102407455', 'english_word': 'not'}, {'greek_id': '102407458', 'english_word': 'justly'}, {'greek_id': '102407460', 'english_word': 'pour'}, {'greek_id': '102407457', 'english_word': 'down'}, {'greek_id': '102407459', 'english_word': 'this'}, {'greek_id': '102407461', 'english_word': 'city'}, {'greek_id': '102407463', 'english_word': 'some'}, {'greek_id': '102407462', 'english_word': 'wrath'}, {'greek_id': '102407464', 'english_word': 'or'}, {'greek_id': '102407465', 'english_word': 'anger'}, {'greek_id': '102407466', 'english_word': 'some'}, {'greek_id': '102407467', 'english_word': 'or'}, {'greek_id': '102407468', 'english_word': 'injury'}, {'greek_id': '102407469', 'english_word': 'army'}]"
4677,102407472,For,463,γάρ,
4678,102407471,it is lawful,463,ἔξεστι,
4679,102407473,for you,463,σοι,
4680,102407477,to be,463,εἶναι,
4681,102407478,justly,463,δικαίως,
4682,102407475,a landowner,463,γαμόρῳ,
4683,102407474,of this,463,τῆσδε,
4684,102407481,entire,463,πᾶν,
4685,102407476,soil,463,χθονὸς,
4686,102407484,queen,464,ἄνασσ’,
4687,102407485,Athena,464,Ἀθάνα,
4688,102407487,what,464,τίνα,
4689,102407488,I,464,με,
4690,102407489,say,464,φὴς,
4691,102407490,hold,464,ἔχειν,
4692,102407491,seat,464,ἕδραν,
4693,102407493,Every,465,πάσης,
4694,102407494,painless,465,ἀπήμον’,
4695,102407495,suffering,465,οἰζύος,
4696,102407497,Receive,466,δέχου,
4697,102407498,it,466,δὲ,
4698,102407499,you,466,σύ,
4699,102407501,And,467,καὶ,
4700,102407502,so,467,δὴ,
4701,102407503,have received,467,δέδεγμαι,
4702,102407503,him,467,δέδεγμαι,
4703,102407505,what,468,τίς,
4704,102407506,But,468,δέ,
4705,102407507,for,468,μοι,
4706,102407508,honor,468,τιμὴ,
4707,102407509,remains,468,μένει,
4708,102407511,So,469,ὡς,
4709,102407512,no,469,μή,
4710,102407513,house,469,τιν’,
4711,102407514,household,469,οἶκον,
4712,102407515,flourish,469,εὐθενεῖν,
4713,102407516,without,469,ἄνευ,
4714,102407517,you,469,σέθεν,
4715,102407519,you,470,σὺ,
4716,102407520,this,470,τοῦτο,
4717,102407521,do,470,πράξεις,
4718,102407523,so,470,ὥστε,
4719,102407524,I,470,με,
4720,102407525,be,470,σθένειν,
4721,102407526,such,470,τόσον,
4722,102407529,For,471,γὰρ,
4723,102407528,him,471,τῷ,
4724,102407530,reveres,471,σέβοντι,
4725,102407532,we will set right,471,ὀρθώσομεν,
4726,102407531,calamities,471,συμφορὰς,
4727,102407534,And,472,καί,
4728,102407535,me,472,μοι,
4729,102407536,entire,472,πρόπαντος,
4730,102407537,guarantee,472,ἐγγύην,
4731,102407538,set,472,θήσῃ,
4732,102407539,time,472,χρόνου,
4733,102407541,permitted,473,ἔξεστι,
4734,102407542,For,473,γάρ,
4735,102407543,me,473,μοι,
4736,102407544,not,473,μὴ,
4737,102407545,say,473,λέγειν,
4738,102407546,not,473,ἃ,
4739,102407547,at all,473,μὴ,
4740,102407548,all,473,τελῶ,
4741,102407550,enchant,474,θέλξειν,
4742,102407551,me,474,μ’,
4743,102407552,seem,474,ἔοικας,
4744,102407553,and,474,καὶ,
4745,102407554,relaxing,474,μεθίσταμαι,
4746,102407555,wrath,474,κότου,
4747,102407557,Therefore,475,τοιγὰρ,
4748,102407558,from,475,κατὰ,
4749,102407559,the earth,475,χθόν’,
4750,102407560,do not,475,οὖσ’,
4751,102407561,acquire,475,ἐπικτήσῃ,
4752,102407562,friends,475,φίλους,
4753,102407564,what,476,τί,
4754,102407565,So,476,οὖν,
4755,102407566,me,476,μ’,
4756,102407567,commanded,476,ἄνωγας,
4757,102407568,this,476,τῇδ’,
4758,102407569,hymn,476,ἐφυμνῆσαι,
4759,102407570,land,476,χθονί,
4760,102407572,Whatever,477,ὁποῖα,
4761,102407573,victory,477,νίκης,
4762,102407574,not,477,μὴ,
4763,102407575,evil,477,κακῆς,
4764,102407576,watches,477,ἐπίσκοπα,
4765,102407578,and,477,καὶ,
4766,102407579,these,477,ταῦτα,
4767,102407580,things,477,γῆθεν,
4768,102407581,from,477,ἔκ,
4769,102407582,and,477,τε,
4770,102407583,sea's,477,ποντίας,
4771,102407584,dew,477,δρόσου,
4772,102407585,from,477,ἐξ,
4773,102407587,and,477,τε,
4774,102407586,sky,477,οὐρανοῦ,
4775,102407589,But,478,κα-,
4776,102407590,wind,478,κἀνέμων,
4777,102407591,gusts,478,ἀήματα,
4778,102407592,favorable,478,εὐηλίως,
4779,102407593,blowing,478,πνέοντ’,
4780,102407594,approach,478,ἐπιστείχειν,
4781,102407595,land,478,χθόνα,
4782,102407597,fruit,479,καρπόν,
4783,102407598,and,479,τε,
4784,102407599,land,479,γαίας,
4785,102407600,and,479,καὶ,
4786,102407601,crops,479,βοτῶν,
4787,102407602,abundant,479,ἐπίρρυτον,
4788,102407603,for,479,ἀστοῖσιν,
4789,102407604,may,479,εὐθενοῦντα,
4790,102407605,not,479,μὴ,
4791,102407606,grow,479,κάμνειν,
4792,102407607,weary,479,χρόνῳ,
4793,102407609,and,479,καὶ,
4794,102407610,salvation,479,τῶν,
4795,102407611,mortal,479,βροτείων,
4796,102407612,seeds,479,σπερμάτων,
4797,102407615,for,480,τῶν,
4798,102407616,those,480,εὐσεβούντων,
4799,102407617,who,480,δ’,
4800,102407618,more,480,ἐκφορωτέρα,
4801,102407619,become,480,πέλοις,
4802,102407619,fertile,480,πέλοις,
4803,102407622,For,481,γάρ,
4804,102407621,I,481,στέργω,
4805,102407625,delight,481,φιτυποίμενος,
4806,102407624,man,481,ἀνδρὸς,
4807,102407626,law,481,δίκην,
4808,102407631,who,481,τῶνδ’,
4809,102407630,righteous,481,δικαίων,
4810,102407629,of,481,τῶν,
4811,102407628,the,481,τὸ,
4812,102407633,generation,481,γένος,
4813,102407632,unflinching,481,ἀπένθητον,
4814,102407635,Such,482,τοιαῦτα,
4815,102407636,you,482,σο-,
4816,102407637,are,482,σοὔστι,
4817,102407639,bloody,483,τῶν,
4818,102407640,bloody,483,ἀρειφάτων,
4819,102407641,And,483,δ’,
4820,102407642,I,483,ἐγὼ,
4821,102407643,contests,483,πρεπτῶν,
4822,102407644,contests,483,ἀγώνων,
4823,102407645,not,483,οὐκ,
4824,102407646,endure,483,ἀνέξομαι,
4825,102407647,the,483,τὸ,
4826,102407648,nor,483,μὴ,
4827,102407649,will,483,οὐ,
4828,102407650,this,483,τήνδ’,
4829,102407651,city,483,ἀστύνικον,
4830,102407652,honored,483,ἐν,
4831,102407653,among,483,βροτοῖς,
4832,102407654,mortals,483,τιμᾶν,
4833,102407655,to,483,πόλιν,
4834,102407657,receive,484,δέξομαι,
4835,102407658,Pallas,484,Παλλάδος,
4836,102407659,settlement,484,ξυνοικίαν,
4837,102407661,will,484,οὐ,
4838,102407662,nor,484,-δ’,
4839,102407663,dishonor,484,ἀτιμάσω,
4840,102407664,city,484,πόλιν,
4841,102407666,the,484,τὰν,
4842,102407667,and,484,καὶ,
4843,102407668,Zeus,484,Ζεὺς,
4844,102407669,the,484,ὁ,
4845,102407670,all-powerful,484,παγκρατὴς,
4846,102407671,Ares,484,Ἄρης,
4847,102407672,the,484,τε,
4848,102407673,fortress,484,φρούριον,
4849,102407674,gods,484,θεῶν,
4850,102407675,assigns,484,νέμει,
4851,102407677,hearth-altar,484,ῥυσίβωμον,
4852,102407678,Greeks,484,Ἑλλάνων,
4853,102407679,statue,484,ἄγαλμα,
4854,102407680,spirits,484,δαιμόνων,
4855,102407682,And,485,ᾇτ’,
4856,102407683,I,485,ἐγὼ,
4857,102407684,prayed,485,κατεύχομαι,
4858,102407685,having,485,θεσπίσασα,
4859,102407686,auspiciously,485,πρευμενῶς,
4860,102407689,turns,485,τύχας,
4861,102407690,fortunate,485,ὀνησίμους,
4862,102407688,life,485,βίου,
4863,102407687,pray,485,ἐπισσύτους,
4864,102407682,that,485,ᾇτ’,
4865,102407691,earth,485,γαίας,
4866,102407692,bring forth,485,ἐξαμβρῦσαι,
4867,102407695,gleam,485,σέλας,
4868,102407694,sun,485,ἁλίου,
4869,102407693,radiant,485,φαιδρὸν,
4870,102407697,these,486,τάδ’,
4871,102407698,I,486,ἐγὼ,
4872,102407702,do,486,πράσσω,
4873,102407699,willingly,486,προφρόνως,
4874,102407700,for,486,τοῖσδε,
4875,102407701,these,486,πολίταις,
4876,102407701,citizens,486,πολίταις,
4877,102407704,mighty,486,μεγάλας,
4878,102407705,and,486,καὶ,
4879,102407706,disagreeable,486,δυσαρέστους,
4880,102407707,gods,486,δαίμονας,
4881,102407708,them,486,αὐτοῦ,
4882,102407709,having established,486,κατανασσαμένη,
4883,102407712,For,487,γὰρ,
4884,102407713,they,487,αὗται,
4885,102407714,alone,487,τὰ,
4886,102407715,have,487,κατ’,
4887,102407716,the,487,ἀνθρώπους,
4888,102407717,lot,487,ἔλαχον,
4889,102407718,to,487,διέπειν,
4890,102407719,rule,487,.,
4891,102407720,over,487,,
4892,102407721,all,487,,
4893,102407722,human,487,,
4894,102407723,affairs,487,,
4895,102407721,But,488,δὲ,
4896,102407723,having failed to reach,488,κύρσας,
4897,102407725,these,488,τούτων,
4898,102407724,heavy,488,βαρεῶν,
4899,102407727,does not know,488,οἶδεν,
4900,102407728,from where,488,ὅθεν,
4901,102407729,blows,488,πληγαὶ,
4902,102407730,of life,488,βιότου,
4903,102407733,For,489,γὰρ,
4904,102407732,the,489,τὰ,
4905,102407735,former,489,προτέρων,
4906,102407734,from,489,ἐκ,
4907,102407736,times,489,ἀπλακήματά,
4908,102407737,him,489,νιν,
4909,102407740,lead,489,ἀπάγει,
4910,102407738,toward,489,πρὸς,
4911,102407739,these,489,τάσδ’,
4912,102407744,destruction,489,ὄλεθρος,
4913,102407743,whether,489,δ’,
4914,102407742,silent,489,σιγῶν,
4915,102407745,or,489,καὶ,
4916,102407746,loudly,489,μέγα,
4917,102407747,shouting,489,φωνοῦντ’,
4918,102407750,grows,489,ἀμαθύνει,
4919,102407748,hateful,489,ἐχθραῖς,
4920,102407749,anger,489,ὀργαῖς,
4921,102407752,tree-striker,490,δενδροπήμων,
4922,102407753,not,490,δὲ,
4923,102407754,not,490,μὴ,
4924,102407755,blow,490,πνέοι,
4925,102407756,harm,490,βλάβα,
4926,102407758,my,490,τὰν,
4927,102407759,own,490,ἐμὰν,
4928,102407760,sake,490,χάριν,
4929,102407761,speak,490,λέγω,
4930,102407763,fire,491,φλογμός,
4931,102407764,that,491,τ’,
4932,102407765,strips,491,ὀμματοστερὴς,
4933,102407766,plants,491,φυτῶν,
4934,102407768,the,491,τὸ,
4935,102407769,not,491,μὴ,
4936,102407770,crossing,491,περᾶν,
4937,102407771,boundary,491,ὅρον,
4938,102407772,of places,491,τόπων,
4939,102407774,no,491,μη,
4940,102407775,and,491,-δ’,
4941,102407776,barren,491,ἄκαρπος,
4942,102407777,creeping,491,αἰανὴς,
4943,102407778,come,491,ἐφερπέτω,
4944,102407779,upon,491,νόσος,
4945,102407781,them,491,μῆλά,
4946,102407782,nor,491,τ’,
4947,102407783,let,491,εὐθενοῦντα,
4948,102407784,the land,491,γᾶ,
4949,102407785,nourish,491,ξὺν,
4950,102407786,the flocks,491,διπλοῖσιν,
4951,102407787,thriving,491,ἐμβρύοις,
4952,102407788,with,491,τρέφοι,
4953,102407789,double-bearing,491,χρόνῳ,
4954,102407790,young,491,τεταγμένῳ,
4955,102407791,at,491,.,
4956,102407792,a fixed time,491,,
4957,102407792,son,492,γόνος,
4958,102407793,And,492,δ’,
4959,102407794,wealth-bearing,492,πλουτόχθων,
4960,102407795,of Hermes,492,ἑρμαίαν,
4961,102407796,gods,492,δαιμόνων,
4962,102407797,gift,492,δόσιν,
4963,102407798,pay,492,τίοι,
4964,102407800,Listen,493,ἦ,
4965,102407801,these,493,τάδ’,
4966,102407802,things,493,ἀκούετε,
4967,102407804,of,493,πόλεως,
4968,102407805,fortress,493,φρούριον,
4969,102407807,which,493,οἷ’,
4970,102407808,rules,493,ἐπικραίνει,
4971,102407808,supreme,493,ἐπικραίνει,
4972,102407811,For,494,γὰρ,
4973,102407813,mighty,494,πότνι’,
4974,102407814,Lady,494,Ἐρινὺς,
4975,102407815,Erinys,494,παρά,
4976,102407812,can,494,δύναται,
4977,102407810,do,494,μέγα,
4978,102407810,great,494,μέγα,
4979,102407828,things,494,διαπράσσουσιν,
4980,102407816,both,494,τ’,
4981,102407817,with,494,ἀθανάτοις,
4982,102407818,the,494,τοῖς,
4983,102407819,immortals,494,θ’,
4984,102407824,and,494,τ’,
4985,102407830,those,494,τοῖς,
4986,102407820,beneath,494,ὑπὸ,
4987,102407821,the,494,γαῖαν,
4988,102407823,earth,494,περί,
4989,102407824,and,494,τ’,
4990,102407840,she,494,παρέχουσαι,
4991,102407826,openly,494,φανερῶς,
4992,102407827,perfectly,494,τελέως,
4993,102407828,accomplishes,494,διαπράσσουσιν,
4994,102407825,all,494,ἀνθρώπων,
4995,102407825,things,494,ἀνθρώπων,
4996,102407836,concerning,494,αὖ,
4997,102407838,mortals,494,βίον,
4998,102407840,granting,494,παρέχουσαι,
4999,102407834,to,494,τοῖς,
5000,102407832,some,494,ἀοιδάς,
5001,102407832,songs,494,ἀοιδάς,
5002,102407835,but,494,δ’,
5003,102407834,to,494,τοῖς,
5004,102407837,others,494,δακρύων,
5005,102407837,a,494,δακρύων,
5006,102407838,tearful,494,βίον,
5007,102407839,blind,494,ἀμβλωπὸν,
5008,102407838,life,494,βίον,
5009,102407843,And,495,δ’,
5010,102407845,I denounce,495,ἀπεννέπω,
5011,102407844,untimely,495,ἀώρους,
5012,102407842,men,495,ἀνδροκμῆτας,
5013,102407846,fates,495,τύχας,
5014,102407848,of,495,νεανίδων,
5015,102407849,but,495,τ’,
5016,102407853,give,495,δότε,
5017,102407855,authority,495,κύρι’,
5018,102407856,having,495,ἔχοντες,
5019,102407852,lives,495,βιότους,
5020,102407850,fated,495,ἐπηράτων,
5021,102407851,men,495,ἀνδροτυχεῖς,
5022,102407847,who,495,",",
5023,102407848,meet,495,νεανίδων,
5024,102407858,you,495,θεαί,
5025,102407858,goddesses,495,θεαί,
5026,102407860,O,495,ὦ,
5027,102407861,Fates,495,Μοῖραι,
5028,102407862,sisters,495,ματροκασιγνῆται,
5029,102407862,of,495,ματροκασιγνῆται,
5030,102407862,the,495,ματροκασιγνῆται,
5031,102407862,mother,495,ματροκασιγνῆται,
5032,102407864,deities,495,δαίμονες,
5033,102407865,righteous,495,ὀρθονόμοι,
5034,102407869,co-dwellers,495,μετάκοινοι,
5035,102407871,every,495,παντὶ,
5036,102407868,house,495,δόμῳ,
5037,102407874,oppressive,495,ἐπιβριθεῖς,
5038,102407871,every,495,παντὶ,
5039,102407872,time,495,χρόνῳ,
5040,102407876,assemblies,495,ὁμιλίαις,
5041,102407875,lawful,495,ἐνδίκοις,
5042,102407878,all,495,πάντᾳ,
5043,102407879,most,495,τιμιώταται,
5044,102407879,honored,495,τιμιώταται,
5045,102407880,of,495,θεῶν,
5046,102407880,gods,495,θεῶν,
5047,102407882,this,496,τάδε,
5048,102407884,land,496,χώρᾳ,
5049,102407885,I,496,τη-,
5050,102407886,I,496,τἠμῇ,
5051,102407887,willing,496,προφρόνως,
5052,102407888,rule,496,ἐπικραινομένων,
5053,102407889,take pride,496,γάνυμαι,
5054,102407883,indeed,496,τοι,
5055,102407891,love,497,στέργω,
5056,102407892,the,497,δ’,
5057,102407893,eyes,497,ὄμματα,
5058,102407894,of,497,Πειθοῦς,
5059,102407894,Persuasion,497,Πειθοῦς,
5060,102407896,because,497,ὅτι,
5061,102407897,she,497,μοι,
5062,102407898,her,497,γλῶσσαν,
5063,102407898,tongue,497,γλῶσσαν,
5064,102407899,and,497,καὶ,
5065,102407900,mouth,497,στόμ’,
5066,102407901,has turned,497,ἐπωπᾷ,
5067,102407902,to meet,497,πρὸς,
5068,102407903,these,497,τάσδ’,
5069,102407903,women,497,τάσδ’,
5070,102407904,harshly,497,ἀγρίως,
5071,102407907,But,498,ἀλλ’,
5072,102407908,held sway,498,ἐκράτησε,
5073,102407909,Zeus,498,Ζεὺς,
5074,102407910,assembly,498,ἀγοραῖος,
5075,102407912,prevails,499,νικᾷ,
5076,102407913,And,499,δ’,
5077,102407916,our,499,ἡμετέρα,
5078,102407915,strife,499,ἔρις,
5079,102407917,over,499,διὰ,
5080,102407914,the good,499,ἀγαθῶν,
5081,102407918,all,499,παντός,
5082,102407920,the,500,τὰν,
5083,102407921,And,500,δ’,
5084,102407929,I pray,500,ἐπεύχομαι,
5085,102407928,this,500,τᾷδ’,
5086,102407926,city,500,πόλει,
5087,102407924,never,500,μήποτ’,
5088,102407927,suffer,500,στάσιν,
5089,102407925,from,500,ἐν,
5090,102407922,insatiable,500,ἄπληστον,
5091,102407923,evils,500,κακῶν,
5092,102407930,suffer,500,βρέμειν,
5093,102407932,not,501,μη,
5094,102407933,Let,501,-δὲ,
5095,102407934,having drunk,501,πιοῦσα,
5096,102407935,the dust,501,κόνις,
5097,102407936,black,501,μέλαν,
5098,102407937,blood,501,αἷμα,
5099,102407938,of the citizens,501,πολιτᾶν,
5100,102407944,snatch,501,ἁρπαλίσαι,
5101,102407939,in return,501,δι’,
5102,102407943,the ruin,501,ἄτας,
5103,102407945,of the city,501,πόλεως,
5104,102407939,through,501,δι’,
5105,102407940,its anger,501,ὀργὰν,
5106,102407941,the punishment,501,ποινᾶς,
5107,102407942,reciprocal,501,ἀντιφόνους,
5108,102407943,cries,501,ἄτας,
5109,102407947,gifts,502,χάρματα,
5110,102407948,exchange,502,δ’,
5111,102407949,exchange,502,ἀντιδιδοῖεν,
5112,102407950,community-loving,502,κοινοφιλεῖ,
5113,102407951,mind,502,διανοίᾳ,
5114,102407953,and,502,καὶ,
5115,102407954,hate,502,στυγεῖν,
5116,102407955,single,502,μιᾷ,
5117,102407956,mind,502,φρενί,
5118,102407959,For,503,γὰρ,
5119,102407960,this,503,τόδ’,
5120,102407958,many,503,πολλῶν,
5121,102407961,among,503,ἐν,
5122,102407962,mortals,503,βροτοῖς,
5123,102407963,remedy,503,ἄκος,
5124,102407965,Do,504,ἆρα,
5125,102407966,think,504,φρονοῦσιν,
5126,102407966,they,504,φρονοῦσιν,
5127,102407966,will,504,φρονοῦσιν,
5128,102407970,find,504,εὑρίσκειν,
5129,102407969,path,504,ὁδὸν,
5130,102407967,of,504,γλώσσης,
5131,102407968,good,504,ἀγαθῆς,
5132,102407967,tongue,504,γλώσσης,
5133,102407972,From,505,ἐκ,
5134,102407973,these,505,τῶν,
5135,102407974,fearful,505,φοβερῶν,
5136,102407975,faces,505,τῶνδε,
5137,102407976,faces,505,προσώπων,
5138,102407977,great,505,μέγα,
5139,102407978,profit,505,κέρδος,
5140,102407979,I see,505,ὁρῶ,
5141,102407980,for,505,τοῖσδε,
5142,102407981,citizens,505,πολίταις,
5143,102407984,For,506,γὰρ,
5144,102407989,honoring,506,τιμῶντες,
5145,102407983,these,506,τάσδε,
5146,102407985,joyful,506,εὔφρονας,
5147,102407986,ones,506,εὔφρονες,
5148,102407988,greatly,506,μέγα,
5149,102407995,you will have,506,πρέψετε,
5150,102407987,always,506,αἰεὶ,
5151,102407997,by living,506,διάγοντες,
5152,102407994,righteously,506,ὀρθοδίκαιον,
5153,102407991,land,506,γῆν,
5154,102407990,just,506,καὶ,
5155,102407993,city,506,πόλιν,
5156,102407999,Rejoice,507,χαίρετε,
5157,102408000,rejoice,507,χαίρετ’,
5158,102408001,in,507,ἐν,
5159,102408002,lawful,507,αἰσιμίαισι,
5160,102408003,wealth,507,πλούτου,
5161,102408005,Rejoice,508,χαίρετ’,
5162,102408006,citizen,508,ἀστικὸς,
5163,102408007,people,508,λεώς,
5164,102408009,seated,508,ἴκταρ,
5165,102408010,suppliants,508,ἥμενοι,
5166,102408011,Zeus,508,Διός,
5167,102408013,maiden,508,παρθένου,
5168,102408014,chaste,508,φίλας,
5169,102408015,friends,508,φίλοι,
5170,102408016,exercising,508,σωφρονοῦντες,
5171,102408017,in,508,ἐν,
5172,102408018,season,508,χρόνῳ,
5173,102408020,Pallas,509,Παλλάδος,
5174,102408021,The,509,δ’,
5175,102408022,under,509,ὑπὸ,
5176,102408023,wings,509,πτεροῖς,
5177,102408024,is purified,509,ὄντας,
5178,102408025,is purified,509,ἅζεται,
5179,102408026,father,509,πατήρ,
5180,102408028,Hail,510,χαίρετε,
5181,102408029,you,510,κα-,
5182,102408030,who,510,χὐμεῖς,
5183,102408032,First,511,προτέραν,
5184,102408033,however,511,δ’,
5185,102408034,me,511,ἐμὲ,
5186,102408035,is necessary,511,χρὴ,
5187,102408036,to lead,511,στείχειν,
5188,102408037,the way,511,θαλάμους,
5189,102408038,show,511,ἀποδείξουσαν,
5190,102408039,to,511,πρὸς,
5191,102408040,light,511,φῶς,
5192,102408041,sacred,511,ἱερὸν,
5193,102408042,this,511,τῶνδε,
5194,102408043,deities,511,προπομπῶν,
5195,102408045,Go,512,ἴτε,
5196,102408046,and,512,καὶ,
5197,102408049,under,512,ὑπὸ,
5198,102408048,these,512,τῶνδ’,
5199,102408050,sacred,512,σεμνῶν,
5200,102408047,victims,512,σφαγίων,
5201,102408051,down,512,κατὰ,
5202,102408052,earth,512,γῆς,
5203,102408053,come,512,σύμεναι,
5204,102408054,one,512,τὸ,
5205,102408055,to,512,μὲν,
5206,102408058,hold,512,κατέχειν,
5207,102408056,ruin,512,ἀτηρὸν,
5208,102408057,of,512,χώρας,
5209,102408060,other,512,τὸ,
5210,102408061,to,512,δὲ,
5211,102408063,send,512,πέμπειν,
5212,102408062,forth,512,κερδαλέον,
5213,102408064,of,512,πόλεως,
5214,102408065,victory,512,ἐπὶ,
5215,102408066,of,512,νίκῃ,
5216,102408068,You,513,ὑμεῖς,
5217,102408069,lead,513,δ’,
5218,102408070,lead,513,ἡγεῖσθε,
5219,102408072,citizens',513,πολισσοῦχοι,
5220,102408073,children,513,παῖδες,
5221,102408074,of Cranaus,513,Κραναοῦ,
5222,102408076,these,513,ταῖσδε,
5223,102408077,guests,513,μετοίκοις,
5224,102408079,be,514,εἴη,
5225,102408081,good,514,ἀγαθῶν,
5226,102408082,good,514,ἀγαθὴ,
5227,102408083,mind,514,διάνοια,
5228,102408084,citizens,514,πολίταις,
5229,102408086,Greetings,515,χαίρετε,
5230,102408088,greetings,515,χαίρετε,
5231,102408089,once,515,δ’,
5232,102408090,again,515,αὖθις,
5233,102408092,double,515,ἐπανδιπλάζω,
5234,102408094,all,515,πάντες,
5235,102408095,who,515,οἱ,
5236,102408096,dwell,515,κατὰ,
5237,102408097,in,515,πτόλιν,
5238,102408099,both,515,δαίμονές,
5239,102408100,gods,515,τε,
5240,102408101,and,515,καὶ,
5241,102408102,mortals,515,βροτοί,
5242,102408104,Pallas,515,Παλλάδος,
5243,102408105,city,515,πόλιν,
5244,102408106,inhabit,515,νέμοντες,
5245,102408108,exile,516,μετοικίαν,
5246,102408109,And,516,δ’,
5247,102408110,my,516,ἐμὴν,
5248,102408111,revering,516,εὖ,
5249,102408112,revering,516,σέβοντες,
5250,102408114,blame,516,μέμψεσθε,
5251,102408113,not,516,οὔτι,
5252,102408115,calamities,516,συμφορὰς,
5253,102408116,life,516,βίου,
5254,102408118,praise,517,αἰνῶ,
5255,102408119,and,517,τε,
5256,102408120,narratives,517,μύθους,
5257,102408121,these,517,τῶνδε,
5258,102408122,rites,517,τῶν,
5259,102408123,farewell,517,κατευγμάτων,
5260,102408124,send,517,πέμψω,
5261,102408125,forth,517,τε,
5262,102408126,with,517,φέγγει,
5263,102408127,light,517,λαμπάδων,
5264,102408128,shining,517,σελασφόρων,
5265,102408129,into,517,εἰς,
5266,102408130,the,517,τοὺς,
5267,102408131,beneath,517,ἔνερθε,
5268,102408132,and,517,καὶ,
5269,102408133,under,517,κατὰ,
5270,102408134,earth,517,χθονὸς,
5271,102408135,places,517,τόπους,
5272,102408136,accompanied,517,ξὺν,
5273,102408137,attendants,517,προσπόλοισιν,
5274,102408139,who,517,αἵτε,
5275,102408140,guard,517,φρουροῦσιν,
5276,102408141,statue,517,βρέτας,
5277,102408142,my,517,το-,
5278,102408143,my,517,τοὐμὸν,
5279,102408144,justly,517,δικαίως,
5280,102408147,For,518,γὰρ,
5281,102408146,the eye,518,ὄμμα,
5282,102408148,all,518,πάσης,
5283,102408149,the land,518,χθονὸς,
5284,102408150,of Theseus,518,Θησῇδος,
5285,102408151,might approach,518,ἐξίκοιτ’,
5286,102408153,in glory,518,εὐκλεὴς,
5287,102408154,the company,518,λόχος,
5288,102408155,of boys,518,παίδων,
5289,102408159,and,518,καὶ,
5290,102408157,women,518,γυναικῶν,
5291,102408160,the fleet,518,στόλος,
5292,102408161,of old women,518,πρεσβυτίδων,
5293,102408166,Honor,519,τιμᾶτε,
5294,102408163,crimson-dyed,519,φοινικοβάπτοις,
5295,102408164,dyed,519,ἐνδυτοῖς,
5296,102408165,garments,519,ἐσθήμασι,
5297,102408168,and,519,καὶ,
5298,102408170,light,519,φέγγος,
5299,102408172,fire,519,πυρός,
5300,102408171,rush,519,ὁρμάσθω,
5301,102408174,so,519,ὅπως,
5302,102408175,that,519,ἂν,
5303,102408178,company,519,ὁμιλία,
5304,102408179,land,519,χθονὸς,
5305,102408182,good,519,εὐάνδροισι,
5306,102408183,misfortunes,519,συμφοραῖς,
5307,102408184,pleasant,519,πρέπῃ,
5308,102408186,Go,520,βᾶτε,
5309,102408187,house,520,δόμῳ,
5310,102408189,great,520,μεγάλαι,
5311,102408190,ambitious,520,φιλότιμοι,
5312,102408192,children,520,παῖδες,
5313,102408191,Night,520,Νυκτὸς,
5314,102408193,childless,520,ἄπαιδες,
5315,102408195,under,520,ὑπ’,
5316,102408196,auspicious,520,εὔφρονι,
5317,102408197,escort,520,πομπᾷ,
5318,102408199,Be,521,εὐφαμεῖτε,
5319,102408200,of,521,δέ,
5320,102408202,dwellers,521,χωρῖται,
5321,102408204,of,521,γᾶς,
5322,102408205,the,521,ὑπὸ,
5323,102408206,depths,521,κεύθεσιν,
5324,102408207,of,521,ὠγυγίοισιν,
5325,102408210,honors,521,τιμαῖς,
5326,102408211,and,521,καὶ,
5327,102408212,sacrifices,521,θυσίαις,
5328,102408214,having,521,τυχοῦσαι,
5329,102408216,Be,521,εὐφαμεῖτε,
5330,102408217,of,521,δὲ,
5331,102408218,ye,521,πανδαμεί,
5332,102408220,Favorable,522,ἵλαοι,
5333,102408221,and,522,δὲ,
5334,102408222,and,522,καὶ,
5335,102408223,of one mind,522,σύμφρονες,
5336,102408225,here,522,δεῦρ’,
5337,102408226,come,522,ἴτε,
5338,102408228,reverend,522,σεμναί,
5339,102408230,with,522,ξὺν,
5340,102408231,fire-lapping,522,πυριδάπτῳ,
5341,102408232,torch,522,λαμπάδι,
5342,102408233,delighting,522,τερπόμεναι,
5343,102408234,as,522,καθ’,
5344,102408235,along,522,ὁδόν,
5345,102408237,Shout,523,ὀλολύξατε,
5346,102408238,now,523,νῦν,
5347,102408239,with,523,ἐπὶ,
5348,102408240,songs,523,μολπαῖς,
5349,102408243,And,524,δ’,
5350,102408242,libations,524,σπονδαὶ,
5351,102408245,the,524,τὸ,
5352,102408246,every,524,πᾶν,
5353,102408247,respect,524,ἐκ,
5354,102408244,to,524,ἐς,
5355,102408248,metics,524,μετοίκων,
5356,102408250,citizens,524,ἀστοῖς,
5357,102408249,Pallas,524,Παλλάδος,
5358,102408252,Zeus,525,Ζεὺς,
5359,102408253,one,525,ὁ,
5360,102408254,all-seeing,525,πανόπτας,
5361,102408255,this,525,οὕτω,
5362,102408256,Fate,525,Μοῖρά,
5363,102408257,and,525,τε,
5364,102408258,descended,525,συγκατέβα,
5365,102408260,Shout,526,ὀλολύξατε,
5366,102408261,now,526,νῦν,
5367,102408262,to,526,ἐπὶ,
5368,102408263,songs,526,μολπαῖς,
