,greek_id,english_word,sent_id,greek_word,alignments,gloss
0,113338383,Just,1,ὥσπερ,,
1,113338384,as,1,τοῖς,,
2,113338385,those,1,ἀθλητικοῖς,,
3,113338386,engaged,1,καὶ,,
4,113338387,in,1,περὶ,,
5,113338388,athletic,1,τὴν,,
6,113338389,pursuits,1,τῶν,,
7,113338390,and,1,σωμάτων,,
8,113338391,in,1,ἐπιμέλειαν,,
9,113338392,the,1,ἀσχολουμένοις,,
10,113338393,care,1,οὐ,,
11,113338394,of,1,τῆς,,
12,113338395,their,1,εὐεξίας,,
13,113338396,bodies,1,μόνον,,
14,113338397,are,1,οὐ,,
15,113338398,not,1,-δὲ,,
16,113338399,concerned,1,τῶν,,
17,113338400,only,1,γυμνασίων,,
18,113338401,with,1,φροντίς,,
19,113338402,the,1,ἐστιν,,
20,113338403,condition,1,",",,
21,113338404,of,1,ἀλλὰ,,
22,113338405,their,1,καὶ,,
23,113338406,bodies,1,τῆς,,
24,113338407,but,1,κατὰ,,
25,113338408,also,1,καιρὸν,,
26,113338409,with,1,γινομένης,,
27,113338410,the,1,ἀνέσεως,,
28,113338411,relaxation,1,—,,
29,113338412,that,1,μέρος,,
30,113338413,occurs,1,γοῦν,,
31,113338414,at,1,τῆς,,
32,113338415,the,1,ἀσκήσεως,,
33,113338416,proper,1,τὸ,,
34,113338417,time,1,μέγιστον,,
35,113338418,for,1,αὐτὴν,,
36,113338419,they,1,ὑπολαμβάνουσιν,,
37,113338420,consider,1,—,,
38,113338421,this,1,οὕτω,,
39,113338422,relaxation,1,δὴ,,
40,113338423,to,1,καὶ,,
41,113338424,be,1,τοῖς,,
42,113338425,the,1,περὶ,,
43,113338426,greatest,1,τοὺς,,
44,113338427,part,1,λόγους,,
45,113338428,of,1,ἐσπουδακόσιν,,
46,113338429,their,1,ἡγοῦμαι,,
47,113338430,training,1,προσήκειν,,
48,113338431,so,1,μετὰ,,
49,113338432,I,1,τὴν,,
50,113338433,think,1,πολλὴν,,
51,113338434,it,1,τῶν,,
52,113338435,is,1,σπουδαιοτέρων,,
53,113338436,appropriate,1,ἀνάγνωσιν,,
54,113338437,for,1,ἀνιέναι,,
55,113338438,those,1,τε,,
56,113338439,devoted,1,τὴν,,
57,113338440,to,1,διάνοιαν,,
58,113338441,discourse,1,καὶ,,
59,113338442,after,1,πρὸς,,
60,113338443,their,1,τὸν,,
61,113338444,extensive,1,ἔπειτα,,
62,113338445,reading,1,κάματον,,
63,113338446,of,1,ἀκμαιοτέραν,,
64,113338447,serious,1,παρασκευάζειν,,
65,113338448,works,1,.,,
66,113338449,to,1,,,
67,113338450,relax,1,,,
68,113338451,their,1,,,
69,113338452,minds,1,,,
70,113338453,and,1,,,
71,113338454,prepare,1,,,
72,113338455,them,1,,,
73,113338456,more,1,,,
74,113338457,keenly,1,,,
75,113338458,for,1,,,
76,113338459,the,1,,,
77,113338460,subsequent,1,,,
78,113338461,labor,1,,,
79,113338449,May,2,γένοιτο,,
80,113338452,fitting,2,ἐμμελὴς,,
81,113338454,rest,2,ἀνάπαυσις,,
82,113338455,for them,2,αὐτοῖς,,
83,113338457,if,2,εἰ,,
84,113338462,converse,2,ὁμιλοῖεν,,
85,113338459,such,2,τοιούτοις,,
86,113338461,readings,2,ἀναγνωσμάτων,,
87,113338466,merely,2,μόνον,,
88,113338474,provide,2,παρέξει,,
89,113338473,bare,2,ψιλὴν,,
90,113338476,entertainment,2,ψυχαγωγίαν,,
91,113338469,witty,2,ἀστείου,,
92,113338472,charming,2,χαρίεντος,,
93,113338478,but,2,ἀλλά,,
94,113338479,certain,2,τινα,,
95,113338481,contemplation,2,θεωρίαν,,
96,113338482,not,2,οὐκ,,
97,113338483,without music,2,ἄμουσον,,
98,113338484,display,2,ἐπιδείξεται,,
99,113338486,such,2,οἷόν,,
100,113338487,something,2,τι,,
101,113338490,this,2,τῶνδε,,
102,113338492,writings,2,συγγραμμάτων,,
103,113338493,mine,2,αὐτοὺς,,
104,113338494,think,2,φρονήσειν,,
105,113338495,suppose,2,ὑπολαμβάνω,,
106,113338498,For,3,γὰρ,,
107,113338497,not,3,οὐ,,
108,113338499,only,3,μόνον,,
109,113338500,the,3,τὸ,,
110,113338501,novelty,3,ξένον,,
111,113338502,of,3,τῆς,,
112,113338503,the,3,ὑποθέσεως,,
113,113338504,will,3,οὐ,,
114,113338505,no,3,-δὲ,,
115,113338506,the,3,τὸ,,
116,113338507,charm,3,χαρίεν,,
117,113338508,of,3,τῆς,,
118,113338509,the,3,προαιρέσεως,,
119,113338510,design,3,ἐπαγωγὸν,,
120,113338511,be,3,ἔσται,,
121,113338512,to,3,αὐτοῖς,,
122,113338513,them,3,οὐ,,
123,113338514,nor,3,-δ’,,
124,113338515,even,3,ὅτι,,
125,113338525,that,3,ὅτι,,
126,113338516,we,3,ψεύσματα,,
127,113338517,have,3,ποικίλα,,
128,113338518,unfolded,3,πιθανῶς,,
129,113338519,many,3,τε,,
130,113338520,varied,3,καὶ,,
131,113338521,falsehoods,3,ἐναλήθως,,
132,113338522,plausibly,3,ἐξενηνόχαμεν,,
133,113338524,but,3,ἀλλ’,,
134,113338526,rather,3,καὶ,,
135,113338527,that,3,τῶν,,
136,113338528,each,3,ἱστορουμένων,,
137,113338529,of,3,ἕκαστον,,
138,113338530,the,3,οὐκ,,
139,113338531,things,3,ἀκωμῳδήτως,,
140,113338532,recounted,3,ᾔνικται,,
141,113338533,has,3,πρός,,
142,113338534,been,3,τινας,,
143,113338535,wrestled,3,τῶν,,
144,113338536,without,3,παλαιῶν,,
145,113338537,effort,3,ποιητῶν,,
146,113338538,from,3,τε,,
147,113338539,certain,3,καὶ,,
148,113338540,of,3,συγγραφέων,,
149,113338541,the,3,καὶ,,
150,113338542,ancient,3,φιλοσόφων,,
151,113338543,poets,3,πολλὰ,,
152,113338544,and,3,τεράστια,,
153,113338545,writers,3,καὶ,,
154,113338546,and,3,μυθώδη,,
155,113338547,philosophers,3,συγγεγραφότων,,
156,113338548,many,3,οὓς,,
157,113338549,of,3,καὶ,,
158,113338550,whom,3,ὀνομαστὶ,,
159,113338551,have,3,ἂν,,
160,113338552,composed,3,ἔγραφον,,
161,113338553,many,3,",",,
162,113338554,monstrous,3,εἰ,,
163,113338555,and,3,μὴ,,
164,113338556,mythical,3,καὶ,,
165,113338557,tales,3,αὐτῷ,,
166,113338558,whom,3,σοι,,
167,113338559,we,3,ἐκ,,
168,113338560,would,3,τῆς,,
169,113338561,have,3,ἀναγνώσεως,,
170,113338562,named,3,φανεῖσθαι,,
171,113338563,individually,3,ἔμελλον,,
172,113338564,had,3,.,,
173,113338565,not,3,,,
174,113338566,these,3,,,
175,113338567,very,3,,,
176,113338568,things,3,,,
177,113338569,seemed,3,,,
178,113338570,likely,3,,,
179,113338571,to,3,,,
180,113338572,appear,3,,,
181,113338573,to,3,,,
182,113338574,you,3,,,
183,113338575,from,3,,,
184,113338576,the,3,,,
185,113338577,reading,3,,,
186,113338578,itself,3,,,
187,113338593,wrote,5,ἔγραψε,,
188,113338594,also,5,δὲ,,
189,113338595,also,5,καὶ,,
190,113338596,Iambulus,5,Ἰαμβοῦλος,,
191,113338597,about,5,περὶ,,
192,113338598,the,5,τῶν,,
193,113338599,in,5,ἐν,,
194,113338600,the,5,τῇ,,
195,113338601,great,5,μεγάλῃ,,
196,113338602,sea,5,θαλάττῃ,,
197,113338603,many,5,πολλὰ,,
198,113338604,strange,5,παράδοξα,,
199,113338604,things,5,παράδοξα,,
200,113338606,evident,5,γνώριμον,,
201,113338607,making,5,μὲν,,
202,113338608,all,5,ἅπασι,,
203,113338609,the,5,τὸ,,
204,113338610,lie,5,ψεῦδος,,
205,113338611,making,5,πλασάμενος,,
206,113338613,did,5,οὐκ,,
207,113338614,not,5,ἀτερπῆ,,
208,113338615,in,5,δὲ,,
209,113338616,nevertheless,5,ὅμως,,
210,113338617,construct,5,συνθεὶς,,
211,113338618,the,5,τὴν,,
212,113338619,story,5,ὑπόθεσιν,,
213,113338619,manner,5,ὑπόθεσιν,,
214,113338621,many,6,πολλοὶ,,
215,113338622,And,6,δὲ,,
216,113338623,and,6,καὶ,,
217,113338624,others,6,ἄλλοι,,
218,113338625,the,6,τὰ,,
219,113338626,very same,6,αὐτὰ,,
220,113338627,these,6,τούτοις,,
221,113338628,having chosen,6,προελόμενοι,,
222,113338629,wrote,6,συνέγραψαν,,
223,113338630,as,6,ὡς,,
224,113338631,if,6,δή,,
225,113338632,certain,6,τινας,,
226,113338633,their own,6,ἑαυτῶν,,
227,113338634,wanderings,6,πλάνας,,
228,113338635,and,6,τε,,
229,113338636,and,6,καὶ,,
230,113338637,journeys,6,ἀποδημίας,,
231,113338639,monsters,6,θηρίων,,
232,113338640,and,6,τε,,
233,113338641,sizes,6,μεγέθη,,
234,113338642,relating,6,ἱστοροῦντες,,
235,113338644,humans,6,ἀνθρώπων,,
236,113338645,cruelty,6,ὠμότητας,,
237,113338646,and,6,καὶ,,
238,113338647,ways of life,6,βίων,,
239,113338648,novelty,6,καινότητας,,
240,113338651,But,7,δὲ,,
241,113338650,their,7,ἀρχηγὸς,,
242,113338650,leader,7,ἀρχηγὸς,,
243,113338653,and,7,καὶ,,
244,113338654,teacher,7,διδάσκαλος,,
245,113338655,of,7,τῆς,,
246,113338655,the,7,τῆς,,
247,113338656,such,7,τοιαύτης,,
248,113338657,scurrility,7,βωμολοχίας,,
249,113338661,was,7,Ὀδυσσεύς,,
250,113338661,Odysseus,7,Ὀδυσσεύς,,
251,113338658,the,7,ὁ,,
252,113338659,of,7,τοῦ,,
253,113338660,Homer,7,Ὁμήρου,,
254,113338667,recounting,7,διηγούμενος,,
255,113338663,to,7,τοῖς,,
256,113338663,those,7,τοῖς,,
257,113338664,around,7,περὶ,,
258,113338665,the,7,τὸν,,
259,113338666,Alcinous,7,Ἀλκίνουν,,
260,113338669,both,7,τε,,
261,113338670,the,7,δουλείαν,,
262,113338670,enslavement,7,δουλείαν,,
263,113338686,by,7,ὑπὸ,,
264,113338668,winds,7,ἀνέμων,,
265,113338671,and,7,καὶ,,
266,113338672,the,7,μονοφθάλμους,,
267,113338672,one-eyed,7,μονοφθάλμους,,
268,113338673,and,7,καὶ,,
269,113338674,flesh-eating,7,ὠμοφάγους,,
270,113338675,and,7,καὶ,,
271,113338677,some,7,τινὰς,,
272,113338676,savage,7,ἀγρίους,,
273,113338678,men,7,ἀνθρώπους,,
274,113338671,and,7,καὶ,,
275,113338680,furthermore,7,ἔτι,,
276,113338682,multi-headed,7,πολυκέφαλα,,
277,113338683,beasts,7,ζῷα,,
278,113338685,the,7,τὰς,,
279,113338690,transformations,7,μεταβολάς,,
280,113338687,of,7,φαρμάκων,,
281,113338688,his,7,τῶν,,
282,113338689,companions,7,ἑταίρων,,
283,113338686,under,7,ὑπὸ,,
284,113338687,drugs,7,φαρμάκων,,
285,113338692,such,7,οἷα,,
286,113338693,things,7,πολλὰ,,
287,113338694,as,7,ἐκεῖνος,,
288,113338694,he,7,ἐκεῖνος,,
289,113338700,told,7,ἐτερατεύσατο,,
290,113338700,many,7,ἐτερατεύσατο,,
291,113338700,lies,7,ἐτερατεύσατο,,
292,113338695,to,7,πρὸς,,
293,113338696,the,7,ἰδιώτας,,
294,113338696,ordinary,7,ἰδιώτας,,
295,113338697,men,7,ἀνθρώπους,,
296,113338698,the,7,τοὺς,,
297,113338699,Phaeacians,7,Φαίακας,,
298,113338702,these,8,τούτοις,,
299,113338703,So,8,οὖν,,
300,113338704,having encountered,8,ἐντυχὼν,,
301,113338705,all,8,ἅπασιν,,
302,113338707,for,8,τοῦ,,
303,113338708,lying,8,ψεύσασθαι,,
304,113338710,not,8,οὐ,,
305,113338711,very much,8,σφόδρα,,
306,113338712,the,8,τοὺς,,
307,113338713,men,8,ἄνδρας,,
308,113338714,blame,8,ἐμεμψάμην,,
309,113338716,seeing,8,ὁρῶν,,
310,113338717,already,8,ἤδη,,
311,113338718,custom,8,σύνηθες,,
312,113338720,this,8,τοῦτο,,
313,113338721,even,8,καὶ,,
314,113338722,those,8,τοῖς,,
315,113338723,philosophers,8,φιλοσοφεῖν,,
316,113338724,promise,8,ὑπισχνουμένοις,,
317,113338726,This,9,ἐκεῖνο,,
318,113338727,what,9,δὲ,,
319,113338728,them,9,αὐτῶν,,
320,113338729,admired,9,ἐθαύμασα,,
321,113338731,whether,9,εἰ,,
322,113338732,thought,9,ἐνόμιζον,,
323,113338733,deceiving,9,λήσειν,,
324,113338734,not,9,οὐκ,,
325,113338735,true,9,ἀληθῆ,,
326,113338736,writing,9,συγγράφοντες,,
327,113338738,reason,10,διόπερ,,
328,113338739,also,10,καὶ,,
329,113338740,I,10,αὐτὸς,,
330,113338743,leave,10,ἀπολιπεῖν,,
331,113338744,something,10,τι,,
332,113338745,serious,10,σπουδάσας,,
333,113338746,for,10,τοῖς,,
334,113338747,those,10,μεθ’,,
335,113338748,me,10,ἡμᾶς,,
336,113338750,that,10,ἵνα,,
337,113338751,might,10,μὴ,,
338,113338752,only,10,μόνος,,
339,113338753,deprived,10,ἄμοιρος,,
340,113338755,of,10,τῆς,,
341,113338756,freedom,10,ἐν,,
342,113338758,to,10,μυθολογεῖν,,
343,113338761,since,10,ἐπεὶ,,
344,113338762,no,10,μηδὲν,,
345,113338763,true,10,ἀληθὲς,,
346,113338764,history,10,ἱστορεῖν,,
347,113338765,to,10,εἶχον,,
348,113338767,indeed,10,οὐδὲν,,
349,113338768,they,10,γὰρ,,
350,113338769,were,10,ἐπεπόνθειν,,
351,113338770,serious,10,ἀξιόλογον,,
352,113338772,to,10,ἐπὶ,,
353,113338774,the,10,ψεῦδος,,
354,113338775,lie,10,ἐτραπόμην,,
355,113338776,much,10,πολὺ,,
356,113338777,of,10,τῶν,,
357,113338778,others,10,ἄλλων,,
358,113338779,more,10,εὐγνωμονέστερον,,
359,113338793,And,12,δ’,,
360,113338792,thus,12,οὕτω,,
361,113338796,think,12,δοκῶ,,
362,113338794,might,12,ἄν,,
363,113338797,even,12,καὶ,,
364,113338804,myself,12,αὐτὸς,,
365,113338803,escape,12,ἐκφυγεῖν,,
366,113338798,the,12,τὴν,,
367,113338802,accusation,12,κατηγορίαν,,
368,113338799,from,12,παρὰ,,
369,113338800,the,12,τῶν,,
370,113338801,others,12,ἄλλων,,
371,113338805,by,12,ὁμολογῶν,,
372,113338805,admitting,12,ὁμολογῶν,,
373,113338806,nothing,12,μηδὲν,,
374,113338807,true,12,ἀληθὲς,,
375,113338808,saying,12,λέγειν,,
376,113338810,write,13,γράφω,,
377,113338811,then,13,τοίνυν,,
378,113338812,about,13,περὶ,,
379,113338813,things,13,ὧν,,
380,113338814,neither,13,μή,,
381,113338816,saw,13,εἶδον,,
382,113338817,nor,13,μή,,
383,113338819,experienced,13,ἔπαθον,,
384,113338820,nor,13,μή,,
385,113338822,from,13,παρ’,,
386,113338823,others,13,ἄλλων,,
387,113338824,heard,13,ἐπυθόμην,,
388,113338826,furthermore,13,ἔτι,,
389,113338828,nor,13,μή,,
390,113338830,at all,13,ὅλως,,
391,113338831,exist,13,ὄντων,,
392,113338832,nor,13,μή,,
393,113338834,things,13,τὴν,,
394,113338835,coming,13,ἀρχὴν,,
395,113338836,into being,13,γενέσθαι,,
396,113338837,capable,13,δυναμένων,,
397,113338839,Therefore,14,διὸ,,
398,113338840,must,14,δεῖ,,
399,113338843,in no way,14,μηδαμῶς,,
400,113338844,believe,14,πιστεύειν,,
401,113338842,those,14,ἐντυγχάνοντας,,
402,113338842,who,14,ἐντυγχάνοντας,,
403,113338842,make,14,ἐντυγχάνοντας,,
404,113338842,contact,14,ἐντυγχάνοντας,,
405,113338845,with,14,αὐτοῖς,,
406,113338845,them,14,αὐτοῖς,,
407,113338848,For,15,γάρ,,
408,113338849,once,15,ποτε,,
409,113338847,having set sail,15,ὁρμηθεὶς,,
410,113338850,from,15,ἀπὸ,,
411,113338851,Heracles,15,Ἡρακλείων,,
412,113338852,Pillars,15,στηλῶν,,
413,113338853,and,15,καὶ,,
414,113338854,having been released,15,ἀφεὶς,,
415,113338855,into,15,εἰς,,
416,113338856,the,15,τὸν,,
417,113338857,Western,15,ἑσπέριον,,
418,113338858,Ocean,15,ὠκεανὸν,,
419,113338859,north,15,οὐρίῳ,,
420,113338860,wind,15,ἀνέμῳ,,
421,113338861,my,15,τὸν,,
422,113338862,voyage,15,πλοῦν,,
423,113338863,made,15,ἐποιούμην,,
424,113338865,reason,16,αἰτία,,
425,113338866,and,16,δέ,,
426,113338867,my,16,μοι,,
427,113338868,for,16,τῆς,,
428,113338869,journey,16,ἀποδημίας,,
429,113338870,and,16,καὶ,,
430,113338871,subject,16,ὑπόθεσις,,
431,113338872,the,16,ἡ,,
432,113338873,of,16,τῆς,,
433,113338874,account,16,διανοίας,,
434,113338875,curiosity,16,περιεργία,,
435,113338876,and,16,καὶ,,
436,113338877,things,16,πραγμάτων,,
437,113338878,new,16,καινῶν,,
438,113338879,desire,16,ἐπιθυμία,,
439,113338880,and,16,καὶ,,
440,113338881,the,16,τὸ,,
441,113338882,end,16,βούλεσθαι,,
442,113338883,to learn,16,μαθεῖν,,
443,113338884,something,16,τί,,
444,113338885,of,16,τὸ,,
445,113338886,limit,16,τέλος,,
446,113338887,is,16,ἐστὶν,,
447,113338888,of,16,τοῦ,,
448,113338889,Ocean's,16,ὠκεανοῦ,,
449,113338890,and,16,καί,,
450,113338891,certain,16,τίνες,,
451,113338892,men,16,οἱ,,
452,113338893,who,16,πέραν,,
453,113338894,dwell,16,κατοικοῦντες,,
454,113338895,beyond,16,ἄνθρωποι,,
455,113338897,For,17,τούτου,,
456,113338898,this,17,γέ,,
457,113338899,reason,17,τοι,,
458,113338900,reason,17,ἕνεκα,,
459,113338901,a vast quantity,17,πάμπολλα,,
460,113338902,quantity,17,μὲν,,
461,113338897,provisions,17,τούτου,,
462,113338904,packed,17,ἐνεβαλόμην,,
463,113338906,enough,17,ἱκανὸν,,
464,113338907,and,17,δὲ,,
465,113338908,and,17,καὶ,,
466,113338909,water,17,ὕδωρ,,
467,113338910,provided,17,ἐνεθέμην,,
468,113338912,fifty,17,πεντήκοντα,,
469,113338913,and,17,δὲ,,
470,113338914,companions,17,τῶν,,
471,113338915,companions,17,ἡλικιωτῶν,,
472,113338916,pretended,17,προσεποιησάμην,,
473,113338917,the same,17,τὴν,,
474,113338918,same,17,αὐτὴν,,
475,113338919,as,17,ἐμοὶ,,
476,113338920,opinion,17,γνώμην,,
477,113338921,sharing,17,ἔχοντας,,
478,113338923,furthermore,17,ἔτι,,
479,113338924,and,17,δὲ,,
480,113338925,and,17,καὶ,,
481,113338926,weapons,17,ὅπλων,,
482,113338927,many,17,πολύ,,
483,113338928,many,17,τι,,
484,113338929,great,17,πλῆθος,,
485,113338930,prepared,17,παρεσκευασάμην,,
486,113338931,and,17,καὶ,,
487,113338932,helmsman,17,κυβερνήτην,,
488,113338933,man,17,τὸν,,
489,113338934,best,17,ἄριστον,,
490,113338935,large,17,μισθῷ,,
491,113338936,large,17,μεγάλῳ,,
492,113338937,persuaded,17,πείσας,,
493,113338938,hired,17,παρέλαβον,,
494,113338939,and,17,καὶ,,
495,113338940,the,17,τὴν,,
496,113338941,ship,17,ναῦν,,
497,113338943,boat,17,ἄκατος,,
498,113338944,for,17,δὲ,,
499,113338945,it,17,ἦν,,
500,113338947,as,17,ὡς,,
501,113338948,ready,17,πρὸς,,
502,113338949,great,17,μέγαν,,
503,113338950,and,17,καὶ,,
504,113338951,violent,17,βίαιον,,
505,113338952,voyage,17,πλοῦν,,
506,113338953,made,17,ἐκρατυνάμην,,
507,113338955,day,18,ἡμέραν,,
508,113338956,So,18,οὖν,,
509,113338957,and,18,καὶ,,
510,113338958,night,18,νύκτα,,
511,113338960,sailing,18,πλέοντες,,
512,113338959,with,18,οὐρίῳ,,
513,113338961,still,18,ἔτι,,
514,113338962,the,18,τῆς,,
515,113338963,land,18,γῆς,,
516,113338964,visible,18,ὑποφαινομένης,,
517,113338966,very,18,σφόδρα,,
518,113338967,violently,18,βιαίως,,
519,113338968,ascend,18,ἀνηγόμεθα,,
520,113338965,not,18,οὐ,,
521,113338970,the,18,τῆς,,
522,113338971,approaching,18,ἐπιούσης,,
523,113338972,but,18,δὲ,,
524,113338973,together,18,ἅμα,,
525,113338974,sun,18,ἡλίῳ,,
526,113338975,rose,18,ἀνίσχοντι,,
527,113338976,the,18,ὅ,,
528,113338977,and,18,τε,,
529,113338978,wind,18,ἄνεμος,,
530,113338979,slackened,18,ἐπεδίδου,,
531,113338980,and,18,καὶ,,
532,113338981,the,18,τὸ,,
533,113338982,wave,18,κῦμα,,
534,113338983,subsided,18,ηὐξάνετο,,
535,113338984,and,18,καὶ,,
536,113338985,darkness,18,ζόφος,,
537,113338986,fell,18,ἐπεγίνετο,,
538,113338987,and,18,καὶ,,
539,113338988,no,18,οὐκέτ’,,
540,113338989,longer,18,οὐ,,
541,113338990,possible,18,-δὲ,,
542,113338991,to,18,στεῖλαι,,
543,113338992,spread,18,τὴν,,
544,113338993,the,18,ὀθόνην,,
545,113338994,sail,18,δυνατὸν,,
546,113338995,was,18,ἦν,,
547,113338997,having given ourselves over,19,ἐπιτρέψαντες,,
548,113338998,So,19,οὖν,,
549,113338999,to,19,τῷ,,
550,113339000,the wind,19,πνέοντι,,
551,113339001,and,19,καὶ,,
552,113339002,having surrendered,19,παραδόντες,,
553,113339003,ourselves,19,ἑαυτοὺς,,
554,113339004,weathered,19,ἐχειμαζόμεθα,,
555,113339005,the storm,19,ἡμέρας,,
556,113339006,for,19,ἐννέα,,
557,113339007,ninety-seven,19,καὶ,,
558,113339008,days,19,ἑβδομήκοντα,,
559,113339010,on,19,τῇ,,
560,113339011,the eighty-eighth,19,ὀγδοηκοστῇ,,
561,113339012,day,19,δὲ,,
562,113339013,suddenly,19,ἄφνω,,
563,113339014,as,19,ἐκλάμψαντος,,
564,113339015,the sun,19,ἡλίου,,
565,113339016,shone forth,19,καθορῶμεν,,
566,113339017,we,19,οὐ,,
567,113339018,saw,19,πόρρω,,
568,113339019,an island,19,νῆσον,,
569,113339020,high,19,ὑψηλὴν,,
570,113339021,and,19,καὶ,,
571,113339022,wooded,19,δασεῖαν,,
572,113339024,not,19,οὐ,,
573,113339025,rough,19,τραχεῖ,,
574,113339026,with,19,περιηχουμένην,,
575,113339027,the surrounding,19,τῷ,,
576,113339028,waves,19,κύματι,,
577,113339031,For,20,γὰρ,,
578,113339032,already,20,ἤδη,,
579,113339033,the,20,τὸ,,
580,113339034,greater,20,πολὺ,,
581,113339035,part,20,τῆς,,
582,113339036,of,20,ζάλης,,
583,113339037,storm,20,κατεπαύετο,,
584,113339037,was,20,κατεπαύετο,,
585,113339037,subsiding,20,κατεπαύετο,,
586,113339039,coming,21,προσσχόντες,,
587,113339040,So,21,οὖν,,
588,113339041,and,21,καὶ,,
589,113339042,disembarked,21,ἀποβάντες,,
590,113339043,as,21,ὡς,,
591,113339044,were,21,ἂν,,
592,113339045,from,21,ἐκ,,
593,113339046,long,21,μακρᾶς,,
594,113339047,hardship,21,ταλαιπωρίας,,
595,113339048,a,21,πολὺν,,
596,113339049,long,21,μὲν,,
597,113339050,time,21,χρόνον,,
598,113339051,on,21,ἐπὶ,,
599,113339052,land,21,γῆς,,
600,113339053,lay,21,ἐκείμεθα,,
601,113339055,rising,21,διαναστάντες,,
602,113339056,but,21,δὲ,,
603,113339057,nevertheless,21,ὅμως,,
604,113339058,answered,21,ἀπεκρίναμεν,,
605,113339059,our,21,ἡμῶν,,
606,113339060,own,21,αὐτῶν,,
607,113339061,thirty,21,τριάκοντα,,
608,113339062,men,21,μὲν,,
609,113339063,guards,21,φύλακας,,
610,113339064,for,21,τῆς,,
611,113339065,the,21,νεὼς,,
612,113339066,ship,21,παραμένειν,,
613,113339068,twenty,21,εἴκοσι,,
614,113339069,should,21,δὲ,,
615,113339070,with,21,σὺν,,
616,113339071,me,21,ἐμοὶ,,
617,113339072,go,21,ἀνελθεῖν,,
618,113339073,up,21,ἐπὶ,,
619,113339074,reconnaissance,21,κατασκοπῇ,,
620,113339075,of,21,τῶν,,
621,113339076,the,21,ἐν,,
622,113339077,people,21,τῇ,,
623,113339078,on,21,νήσῳ,,
624,113339079,island,21,.,,
625,113339080,Having advanced,22,προελθόντες,,
626,113339082,about,22,ὅσον,,
627,113339083,stades,22,σταδίους,,
628,113339084,three,22,τρεῖς,,
629,113339085,from,22,ἀπὸ,,
630,113339086,the,22,τῆς,,
631,113339087,sea,22,θαλάσσης,,
632,113339088,through,22,δι’,,
633,113339089,the forest,22,ὕλης,,
634,113339090,we see,22,ὁρῶμέν,,
635,113339091,a certain,22,τινα,,
636,113339092,pillar,22,στήλην,,
637,113339093,bronze,22,χαλκοῦ,,
638,113339094,inscribed,22,πεποιημένην,,
639,113339096,Greek,22,Ἑλληνικοῖς,,
640,113339097,letters,22,γράμμασιν,,
641,113339098,inscribed,22,καταγεγραμμένην,,
642,113339100,faint,22,ἀμυδροῖς,,
643,113339101,but,22,δὲ,,
644,113339102,and,22,καὶ,,
645,113339103,worn away,22,ἐκτετριμμένοις,,
646,113339105,saying,22,λέγουσαν,,
647,113339107,as far as,22,ἄχρι,,
648,113339108,this,22,τούτων,,
649,113339109,Hercules,22,Ἡρακλῆς,,
650,113339110,and,22,καὶ,,
651,113339111,Dionysus,22,Διόνυσος,,
652,113339112,reached,22,ἀφίκοντο,,
653,113339115,There,23,ἦν,,
654,113339117,also,23,καὶ,,
655,113339118,footprints,23,ἴχνη,,
656,113339119,two,23,δύο,,
657,113339120,close,23,πλησίον,,
658,113339121,to,23,ἐπὶ,,
659,113339122,a,23,πέτρας,,
660,113339122,rock,23,πέτρας,,
661,113339124,the,23,τὸ,,
662,113339126,larger,23,πλεθριαῖον,,
663,113339128,the,23,τὸ,,
664,113339130,smaller,23,ἔλαττον,,
665,113339132,me,23,ἐμοὶ,,
666,113339133,seems,23,δοκεῖν,,
667,113339135,the,23,τὸ,,
668,113339137,of,23,τοῦ,,
669,113339138,Dionysus,23,Διονύσου,,
670,113339141,smaller,23,μικρότερον,,
671,113339143,the,23,τα-,,
672,113339144,other,23,θάτερον,,
673,113339146,of,23,Ἡρακλέους,,
674,113339146,Heracles,23,Ἡρακλέους,,
675,113339149,And,24,δ’,,
676,113339148,having paid homage,24,προσκυνήσαντες,,
677,113339151,set out,24,προῇμεν,,
678,113339153,not,25,οὔπω,,
679,113339154,when,25,δὲ,,
680,113339155,long,25,πολὺ,,
681,113339156,been gone,25,παρῇμεν,,
682,113339158,arrived,25,ἐφιστάμεθα,,
683,113339159,river,25,ποταμῷ,,
684,113339162,similar,25,ὁμοιότατον,,
685,113339163,most,25,μάλιστα,,
686,113339164,like,25,οἷόσπερ,,
687,113339166,Chian,25,Χῖός,,
688,113339167,of,25,ἐστιν,,
689,113339169,abundant,26,ἄφθονον,,
690,113339170,and,26,δὲ,,
691,113339171,was,26,ἦν,,
692,113339172,The,26,τὸ,,
693,113339173,stream,26,ῥεῦμα,,
694,113339174,and,26,καὶ,,
695,113339175,great,26,πολύ,,
696,113339177,so,26,ὥστε,,
697,113339178,places,26,ἐνιαχοῦ,,
698,113339179,in,26,καὶ,,
699,113339180,navigable,26,ναυσίπορον,,
700,113339181,to,26,εἶναι,,
701,113339182,be,26,δύνασθαι,,
702,113339184,Therefore,27,ἐπῄει,,
703,113339185,Therefore,27,οὖν,,
704,113339186,we,27,ἡμῖν,,
705,113339187,much,27,πολὺ,,
706,113339188,more,27,μᾶλλον,,
707,113339189,trust,27,πιστεύειν,,
708,113339190,the,27,τῷ,,
709,113339194,inscription,27,ἐπιγράμματι,,
710,113339191,on,27,ἐπὶ,,
711,113339192,the,27,τῆς,,
712,113339193,column,27,στήλης,,
713,113339196,as,27,ὁρῶσι,,
714,113339196,we,27,ὁρῶσι,,
715,113339196,see,27,ὁρῶσι,,
716,113339197,the,27,τὰ,,
717,113339198,signs,27,σημεῖα,,
718,113339199,of,27,τῆς,,
719,113339200,Dionysus,27,Διονύσου,,
720,113339201,visitation,27,ἐπιδημίας,,
721,113339190,of,27,τῷ,,
722,113339203,account,28,δόξαν,,
723,113339204,then,28,δέ,,
724,113339205,me,28,μοι,,
725,113339207,where,28,ὅθεν,,
726,113339208,begins,28,ἄρχεται,,
727,113339209,the,28,ὁ,,
728,113339210,river,28,ποταμὸς,,
729,113339211,I will go up,28,καταμαθεῖν,,
730,113339213,go up,28,ἀνῄειν,,
731,113339214,the,28,παρὰ,,
732,113339215,the,28,τὸ,,
733,113339216,stream,28,ῥεῦμα,,
734,113339218,and,28,καὶ,,
735,113339219,source,28,πηγὴν,,
736,113339220,no,28,μὲν,,
737,113339221,single,28,οὐδεμίαν,,
738,113339222,I found,28,εὗρον,,
739,113339223,of it,28,αὐτοῦ,,
740,113339225,many,28,πολλὰς,,
741,113339226,but,28,δὲ,,
742,113339227,and,28,καὶ,,
743,113339228,large,28,μεγάλας,,
744,113339229,vines,28,ἀμπέλους,,
745,113339231,full,28,πλήρεις,,
746,113339232,of grapes,28,βοτρύων,,
747,113339234,from,28,παρὰ,,
748,113339235,and,28,δὲ,,
749,113339236,the,28,τὴν,,
750,113339237,root,28,ῥίζαν,,
751,113339238,each,28,ἑκάστην,,
752,113339239,flowing,28,ἀπέρρει,,
753,113339240,drop,28,σταγὼν,,
754,113339241,of wine,28,οἴνου,,
755,113339242,clear,28,διαυγοῦς,,
756,113339244,from,28,ἀφ’,,
757,113339245,which,28,ὧν,,
758,113339246,came,28,ἐγίνετο,,
759,113339247,the,28,ὁ,,
760,113339248,river,28,ποταμός,,
761,113339250,There,29,ἦν,,
762,113339251,was,29,δὲ,,
763,113339252,also,29,καὶ,,
764,113339253,fish,29,ἰχθῦς,,
765,113339254,in,29,ἐν,,
766,113339255,it,29,αὐτῷ,,
767,113339257,to be seen,29,ἰδεῖν,,
768,113339260,especially,29,μάλιστα,,
769,113339267,resembling,29,προσεοικότας,,
770,113339259,wine,29,οἴνῳ,,
771,113339263,color,29,χρόαν,,
772,113339266,taste,29,γεῦσιν,,
773,113339269,We,30,ἡμεῖς,,
774,113339270,therefore,30,γοῦν,,
775,113339271,hunted,30,ἀγρεύσαντες,,
776,113339272,them,30,αὐτῶν,,
777,113339273,some,30,τινας,,
778,113339274,and,30,καὶ,,
779,113339275,eaten,30,ἐμφαγόντες,,
780,113339272,them,30,αὐτῶν,,
781,113339276,got drunk,30,ἐμεθύσθημεν,,
782,113339278,Ignore,31,ἀμέλει,,
783,113339279,and,31,καὶ,,
784,113339280,cutting,31,ἀνατεμόντες,,
785,113339281,them,31,αὐτοὺς,,
786,113339282,find,31,εὑρίσκομεν,,
787,113339283,grapes,31,τρυγὸς,,
788,113339284,full,31,μεστούς,,
789,113339286,Later,32,ὕστερον,,
790,113339287,however,32,μέντοι,,
791,113339288,having devised,32,ἐπινοήσαντες,,
792,113339296,mix,32,παραμιγνύντες,,
793,113339289,the,32,τοὺς,,
794,113339290,other,32,ἄλλους,,
795,113339291,fish,32,ἰχθῦς,,
796,113339293,from,32,ἀπὸ,,
797,113339294,the,32,τοῦ,,
798,113339295,water,32,ὕδατος,,
799,113339297,we blended,32,ἐκεράννυμεν,,
800,113339298,the,32,τὸ,,
801,113339299,violence,32,σφοδρὸν,,
802,113339300,of,32,τῆς,,
803,113339301,wine-binging,32,οἰνοφαγίας,,
804,113339303,Then,33,τότε,,
805,113339307,having crossed,33,διαπεράσαντες,,
806,113339305,the,33,τὸν,,
807,113339306,river,33,ποταμὸν,,
808,113339312,found,33,εὕρομεν,,
809,113339308,that,33,ᾗ,,
810,113339309,fordable,33,διαβατὸς,,
811,113339310,it,33,ἦν,,
812,113339312,discovered,33,εὕρομεν,,
813,113339313,vines,33,ἀμπέλων,,
814,113339314,amount,33,χρῆμα,,
815,113339315,tremendous,33,τεράστιον,,
816,113339319,For,34,γὰρ,,
817,113339317,the,34,τὸ,,
818,113339325,trunk,34,στέλεχος,,
819,113339326,itself,34,αὐτὸς,,
820,113339320,from,34,ἀπὸ,,
821,113339321,the,34,τῆς,,
822,113339322,earth,34,γῆς,,
823,113339327,broad,34,εὐερνὴς,,
824,113339329,thick,34,παχύς,,
825,113339331,the,34,τὸ,,
826,113339333,upper,34,ἄνω,,
827,113339334,part,34,γυναῖκες,,
828,113339335,consists of,34,ἦσαν,,
829,113339334,women,34,γυναῖκες,,
830,113339341,all,34,ἅπαντα,,
831,113339342,having,34,ἔχουσαι,,
832,113339343,complete,34,τέλεια,,
833,113339338,from,34,ἐκ,,
834,113339339,their,34,τῶν,,
835,113339340,loins,34,λαγόνων,,
836,113339337,such,34,ὅσον,,
837,113339345,is,34,τοιαύτην,,
838,113339348,the,34,τὴν,,
839,113339349,Daphne,34,Δάφνην,,
840,113339350,they,34,γράφουσιν,,
841,113339350,depict,34,γράφουσιν,,
842,113339346,among,34,παρ’,,
843,113339347,us,34,ἡμῖν,,
844,113339351,just now,34,ἄρτι,,
845,113339355,being stripped of leaves,34,ἀποδενδρουμένην,,
846,113339352,by,34,τοῦ,,
847,113339353,Apollo,34,Ἀπόλλωνος,,
848,113339354,seizing,34,καταλαμβάνοντος,,
849,113339357,from,35,ἀπὸ,,
850,113339359,of,35,τῶν,,
851,113339360,the,35,δακτύλων,,
852,113339361,tips,35,ἄκρων,,
853,113339362,sprouted,35,ἐξεφύοντο,,
854,113339363,for,35,αὐταῖς,,
855,113339365,vines,35,κλάδοι,,
856,113339367,full,35,μεστοὶ,,
857,113339368,were,35,ἦσαν,,
858,113339369,of,35,βοτρύων,,
859,113339371,And,36,καὶ,,
860,113339372,in truth,36,μὴν,,
861,113339373,woven,36,καὶ,,
862,113339374,the,36,τὰς,,
863,113339375,heads,36,κεφαλὰς,,
864,113339376,wore,36,ἐκόμων,,
865,113339377,woven,36,ἕλιξί,,
866,113339378,with,36,τε,,
867,113339379,with,36,καὶ,,
868,113339380,leaves,36,φύλλοις,,
869,113339381,and,36,καὶ,,
870,113339382,grapes,36,βότρυσι,,
871,113339384,Approaching,37,προσελθόντας,,
872,113339385,some,37,δὲ,,
873,113339386,us,37,ἡμᾶς,,
874,113339387,embraced,37,ἠσπάζοντο,,
875,113339388,and,37,τε,,
876,113339389,welcomed,37,καὶ,,
877,113339390,us,37,ἐδεξιοῦντο,,
878,113339392,some,37,αἱ,,
879,113339394,Lydian,37,Λύδιον,,
880,113339396,some,37,αἱ,,
881,113339398,Indian,37,Ἰνδικήν,,
882,113339400,most,37,αἱ,,
883,113339401,of them,37,πλεῖσται,,
884,113339402,and,37,δὲ,,
885,113339403,the,37,τὴν,,
886,113339404,Greek,37,Ἑλλάδα,,
887,113339405,language,37,φωνὴν,,
888,113339406,speaking,37,προϊέμεναι,,
889,113339408,And,38,καὶ,,
890,113339409,kiss,38,ἐφίλουν,,
891,113339410,with,38,δὲ,,
892,113339411,us,38,ἡμᾶς,,
893,113339412,their,38,τοῖς,,
894,113339413,mouths,38,στόμασιν,,
895,113339416,But,39,δὲ,,
896,113339415,the,39,ὁ,,
897,113339417,kissed,39,φιληθεὶς,,
898,113339418,immediately,39,αὐτίκα,,
899,113339419,became,39,ἐμέθυεν,,
900,113339420,and,39,καὶ,,
901,113339421,out of his mind,39,παράφορος,,
902,113339425,However,40,μέντοι,,
903,113339427,allow,40,παρεῖχον,,
904,113339426,not,40,οὐ,,
905,113339424,pluck,40,δρέπεσθαι,,
906,113339429,fruit,40,καρποῦ,,
907,113339431,but,40,ἀλλ’,,
908,113339432,hurt,40,ἤλγουν,,
909,113339434,shouted,40,ἐβόων,,
910,113339435,being torn away,40,ἀποσπωμένου,,
911,113339437,And,41,αἱ,,
912,113339438,they,41,δὲ,,
913,113339439,also,41,καὶ,,
914,113339440,mingle,41,μίγνυσθαι,,
915,113339441,us,41,ἡμῖν,,
916,113339442,desired,41,ἐπεθύμουν,,
917,113339444,And,42,καὶ,,
918,113339445,two,42,δύο,,
919,113339446,some,42,τινὲς,,
920,113339447,of the,42,τῶν,,
921,113339448,companions,42,ἑταίρων,,
922,113339449,having approached,42,πλησιάσαντες,,
923,113339450,them,42,αὐταῖς,,
924,113339451,not,42,οὐκέτι,,
925,113339452,let go,42,ἀπελύοντο,,
926,113339454,but,42,ἀλλ’,,
927,113339458,were tied up,42,ἐδέδεντο,,
928,113339455,from,42,ἐκ,,
929,113339456,the,42,τῶν,,
930,113339457,genitals,42,αἰδοίων,,
931,113339461,For,43,γὰρ,,
932,113339460,they,43,συνεφύοντο,,
933,113339460,were growing,43,συνεφύοντο,,
934,113339462,and,43,καὶ,,
935,113339463,taking root,43,συνερριζοῦντο,,
936,113339460,together,43,συνεφύοντο,,
937,113339463,together,43,συνερριζοῦντο,,
938,113339465,And,44,καὶ,,
939,113339466,already,44,ἤδη,,
940,113339468,branches,44,κλάδοι,,
941,113339469,had grown,44,ἐπεφύκεσαν,,
942,113339467,onto them,44,αὐτοῖς,,
943,113339473,and,44,καὶ,,
944,113339470,their,44,οἱ,,
945,113339471,fingers,44,δάκτυλοι,,
946,113339476,being entwined,44,περιπλεκόμενοι,,
947,113339474,with the,44,ταῖς,,
948,113339475,vines,44,ἕλιξι,,
949,113339477,as if,44,ὅσον,,
950,113339480,they,44,αὐτοὶ,,
951,113339481,to bear fruit,44,καρποφορήσειν,,
952,113339482,were about to,44,ἔμελλον,,
953,113339479,themselves,44,καὶ,,
954,113339484,Leaving,45,καταλιπόντες,,
955,113339485,and,45,δὲ,,
956,113339486,them,45,αὐτοὺς,,
957,113339487,on,45,ἐπὶ,,
958,113339488,ship,45,ναῦν,,
959,113339489,fled,45,ἐφεύγομεν,,
960,113339490,and,45,καὶ,,
961,113339494,having arrived,45,ἐλθόντες,,
962,113339493,told,45,διηγούμεθα,,
963,113339491,survivors,45,τοῖς,,
964,113339492,survivors,45,ἀπολειφθεῖσιν,,
965,113339495,the,45,τά,,
966,113339497,other,45,ἄλλα,,
967,113339498,and,45,καὶ,,
968,113339499,wine-mixing,45,τῶν,,
969,113339500,companions,45,ἑταίρων,,
970,113339502,wine-mixing,45,ἀμπελομιξίαν,,
971,113339532,When,47,περὶ,,
972,113339533,it was past noon,47,μεσημβρίαν,,
973,113339534,and,47,δὲ,,
974,113339535,no longer,47,οὐκέτι,,
975,113339536,the,47,τῆς,,
976,113339537,island,47,νήσου,,
977,113339538,visible,47,φαινομένης,,
978,113339539,suddenly,47,ἄφνω,,
979,113339540,a whirlwind,47,τυφὼν,,
980,113339541,arose,47,ἐπιγενόμενος,,
981,113339543,spinning,47,περιδινήσας,,
982,113339544,the,47,τὴν,,
983,113339545,ship,47,ναῦν,,
984,113339546,around,47,καὶ,,
985,113339547,lifting,47,μετεωρίσας,,
986,113339548,it,47,ὅσον,,
987,113339549,about,47,ἐπὶ,,
988,113339550,three hundred stadia,47,σταδίους,,
989,113339551,high,47,τριακοσίους,,
990,113339552,it,47,οὐκέτι,,
991,113339553,did not drop,47,καθῆκεν,,
992,113339554,back into,47,εἰς,,
993,113339555,the,47,τὸ,,
994,113339556,sea,47,πέλαγος,,
995,113339558,but,47,ἀλλ’,,
996,113339559,the,47,ἄνω,,
997,113339560,wind,47,μετέωρον,,
998,113339561,aloft,47,ἐξηρτημένην,,
999,113339562,suspended,47,ἄνεμος,,
1000,113339563,having fallen,47,ἐμπεσὼν,,
1001,113339564,upon,47,τοῖς,,
1002,113339565,the sails,47,ἱστίοις,,
1003,113339566,carried,47,ἔφερεν,,
1004,113339567,having cupped,47,κολπώσας,,
1005,113339568,the,47,τὴν,,
1006,113339569,sail,47,ὀθόνην,,
1007,113339578,flying,48,ἀεροδρομήσαντες,,
1008,113339571,seven,48,ἑπτὰ,,
1009,113339573,days,48,ἡμέρας,,
1010,113339574,and,48,καὶ,,
1011,113339575,the,48,τὰς,,
1012,113339576,equal,48,ἴσας,,
1013,113339577,nights,48,νύκτας,,
1014,113339580,eighth,48,ὀγδόῃ,,
1015,113339581,we see,48,καθορῶμεν,,
1016,113339582,land,48,γῆν,,
1017,113339583,certain,48,τινα,,
1018,113339584,great,48,μεγάλην,,
1019,113339585,in,48,ἐν,,
1020,113339586,the,48,τῷ,,
1021,113339587,air,48,ἀέρι,,
1022,113339588,like,48,καθάπερ,,
1023,113339589,an island,48,νῆσον,,
1024,113339591,bright,48,λαμπρὰν,,
1025,113339592,and,48,καὶ,,
1026,113339593,spherical,48,σφαιροειδῆ,,
1027,113339594,and,48,καὶ,,
1028,113339595,light,48,φωτὶ,,
1029,113339596,great,48,μεγάλῳ,,
1030,113339597,shining,48,καταλαμπομένην,,
1031,113339599,brought,49,προσενεχθέντες,,
1032,113339600,but,49,δὲ,,
1033,113339601,her,49,αὐτῇ,,
1034,113339602,and,49,καὶ,,
1035,113339603,made,49,ὁρμισάμενοι,,
1036,113339604,disembarked,49,ἀπέβημεν,,
1037,113339606,inspecting,49,ἐπισκοποῦντες,,
1038,113339607,and,49,δὲ,,
1039,113339608,the,49,τὴν,,
1040,113339609,country,49,χώραν,,
1041,113339610,found,49,εὑρίσκομεν,,
1042,113339611,inhabited,49,οἰκουμένην,,
1043,113339612,both,49,τε,,
1044,113339613,and,49,καὶ,,
1045,113339614,cultivated,49,γεωργουμένην,,
1046,113339618,So,50,οὖν,,
1047,113339616,during the day,50,ἡμέρας,,
1048,113339621,we saw,50,καθεωρῶμεν,,
1049,113339619,nothing,50,οὐδὲν,,
1050,113339620,at all,50,αὐτόθεν,,
1051,113339624,but,50,δὲ,,
1052,113339623,night,50,νυκτὸς,,
1053,113339625,came upon us,50,ἐπιγενομένης,,
1054,113339626,appeared,50,ἐφαίνοντο,,
1055,113339627,to us,50,ἡμῖν,,
1056,113339629,other,50,ἄλλαι,,
1057,113339630,many,50,πολλαὶ,,
1058,113339631,islands,50,νῆσοι,,
1059,113339632,nearby,50,πλησίον,,
1060,113339634,some,50,αἱ,,
1061,113339636,larger,50,μείζους,,
1062,113339638,some,50,αἱ,,
1063,113339640,smaller,50,μικρότεραι,,
1064,113339645,resembling,50,προσεοικυῖαι,,
1065,113339642,fire,50,πυρὶ,,
1066,113339643,their,50,τὴν,,
1067,113339644,color,50,χροιὰν,,
1068,113339647,and,50,καὶ,,
1069,113339648,another,50,ἄλλη,,
1070,113339650,there was,50,τις,,
1071,113339651,land,50,γῆ,,
1072,113339652,below,50,κάτω,,
1073,113339654,and,50,καὶ,,
1074,113339655,cities,50,πόλεις,,
1075,113339656,within,50,ἐν,,
1076,113339657,it,50,αὑτῇ,,
1077,113339658,and,50,καὶ,,
1078,113339659,rivers,50,ποταμοὺς,,
1079,113339661,and,50,καὶ,,
1080,113339662,seas,50,πελάγη,,
1081,113339663,and,50,καὶ,,
1082,113339664,forests,50,ὕλας,,
1083,113339665,and,50,καὶ,,
1084,113339666,mountains,50,ὄρη,,
1085,113339668,this,51,ταύτην,,
1086,113339669,Therefore,51,οὖν,,
1087,113339671,the,51,τὴν,,
1088,113339672,around,51,καθ’,,
1089,113339673,us,51,ἡμᾶς,,
1090,113339674,inhabited,51,οἰκουμένην,,
1091,113339675,liken,51,εἰκάζομεν,,
1092,113339677,intended,52,δόξαν,,
1093,113339678,however,52,δὲ,,
1094,113339679,We,52,ἡμῖν,,
1095,113339680,had,52,καὶ,,
1096,113339681,even,52,ἔτι,,
1097,113339682,further,52,πορρωτέρω,,
1098,113339683,go,52,προελθεῖν,,
1099,113339685,caught,52,συνελήφθημεν,,
1100,113339686,the,52,τοῖς,,
1101,113339687,Horse-People,52,Ἱππογύποις,,
1102,113339688,by,52,παρ’,,
1103,113339689,them,52,αὐτοῖς,,
1104,113339690,so-called,52,καλουμένοις,,
1105,113339691,when,52,ἀπαντήσαντες,,
1106,113339694,But,53,δὲ,,
1107,113339696,these,53,οὗτοὶ,,
1108,113339695,hippogryphs,53,Ἱππόγυποι,,
1109,113339697,are,53,εἰσιν,,
1110,113339693,not,53,οἱ,,
1111,113339698,men,53,ἄνδρες,,
1112,113339702,carried,53,ὀχούμενοι,,
1113,113339699,on,53,ἐπὶ,,
1114,113339701,great,53,μεγάλων,,
1115,113339700,vultures,53,γυπῶν,,
1116,113339703,nor,53,καὶ,,
1117,113339708,use,53,χρώμενοι,,
1118,113339707,the birds,53,ὀρνέοις,,
1119,113339704,as if,53,καθάπερ,,
1120,113339705,they were horses,53,ἵπποις,,
1121,113339711,For,54,γὰρ,,
1122,113339712,the,54,οἱ,,
1123,113339713,vultures,54,γῦπες,,
1124,113339710,large,54,μεγάλοι,,
1125,113339714,and,54,καὶ,,
1126,113339715,as,54,ὡς,,
1127,113339716,a rule,54,ἐπίπαν,,
1128,113339717,three-headed,54,τρικέφαλοι,,
1129,113339719,learn,55,μάθοι,,
1130,113339720,could,55,δ’,,
1131,113339721,could,55,ἄν,,
1132,113339722,Someone,55,τις,,
1133,113339723,their,55,τὸ,,
1134,113339724,size,55,μέγεθος,,
1135,113339725,their,55,αὐτῶν,,
1136,113339726,from this,55,ἐντεῦθεν,,
1137,113339729,For,56,γὰρ,,
1138,113339733,each,56,ἕκαστον,,
1139,113339734,of their,56,τῶν,,
1140,113339735,wings,56,πτερῶν,,
1141,113339739,carries,56,φέρουσι,,
1142,113339732,mast,56,ἱστοῦ,,
1143,113339736,longer,56,μακρότερον,,
1144,113339737,and,56,καὶ,,
1145,113339738,thicker,56,παχύτερον,,
1146,113339728,ship,56,νεὼς,,
1147,113339730,great,56,μεγάλης,,
1148,113339731,cargo,56,φορτίδος,,
1149,113339742,Therefore,57,οὖν,,
1150,113339741,these,57,τούτοις,,
1151,113339743,these,57,τοῖς,,
1152,113339744,Hippogryphs,57,Ἱππογύποις,,
1153,113339745,ordered,57,προστέτακται,,
1154,113339746,patrolling,57,περιπετομένοις,,
1155,113339747,the,57,τὴν,,
1156,113339748,land,57,γῆν,,
1157,113339750,who,57,εἴ,,
1158,113339751,any,57,τις,,
1159,113339752,might be found,57,εὑρεθείη,,
1160,113339753,stranger,57,ξένος,,
1161,113339755,bring forward,57,ἀνάγειν,,
1162,113339756,to,57,ὡς,,
1163,113339757,the,57,τὸν,,
1164,113339758,king,57,βασιλέα,,
1165,113339760,And,58,καὶ,,
1166,113339761,so,58,δὴ,,
1167,113339762,so,58,καὶ,,
1168,113339763,us,58,ἡμᾶς,,
1169,113339764,seized,58,συλλαβόντες,,
1170,113339765,lead,58,ἀνάγουσιν,,
1171,113339766,as,58,ὡς,,
1172,113339767,he,58,αὐτόν,,
1173,113339771,seen,59,θεασάμενος,,
1174,113339772,and,59,καὶ,,
1175,113339776,deduced,59,εἰκάσας,,
1176,113339773,from,59,ἀπὸ,,
1177,113339774,their,59,τῆς,,
1178,113339775,gown,59,στολῆς,,
1179,113339783,said,59,ἔφη,,
1180,113339780,So,59,ἆρα,,
1181,113339786,you,59,ὑμεῖς,,
1182,113339786,are,59,ὑμεῖς,,
1183,113339779,Greeks,59,Ἕλληνες,,
1184,113339789,strangers,59,ξένοι,,
1185,113339792,agreed,60,συμφησάντων,,
1186,113339793,When,60,δέ,,
1187,113339796,How,60,πῶς,,
1188,113339797,then,60,οὖν,,
1189,113339798,did you arrive,60,ἀφίκεσθε,,
1190,113339801,said,60,ἔφη,,
1191,113339804,so,60,τοσοῦτον,,
1192,113339805,much,60,ἀέρα,,
1193,113339806,traversing,60,διελθόντες,,
1194,113339809,And,61,καὶ,,
1195,113339810,we,61,ἡμεῖς,,
1196,113339811,everything,61,τὸ,,
1197,113339812,everything,61,πᾶν,,
1198,113339813,him,61,αὐτῷ,,
1199,113339814,tell,61,διηγούμεθα,,
1200,113339816,And,62,καὶ,,
1201,113339817,he,62,ὃς,,
1202,113339818,having begun,62,ἀρξάμενος,,
1203,113339823,related,62,διεξῄει,,
1204,113339822,to us,62,ἡμῖν,,
1205,113339820,in detail,62,καθ’,,
1206,113339825,that,62,ὡς,,
1207,113339826,since,62,καὶ,,
1208,113339827,he,62,αὐτὸς,,
1209,113339821,himself,62,αὑτὸν,,
1210,113339828,a man,62,ἄνθρωπος,,
1211,113339829,was,62,ὢν,,
1212,113339830,his,62,το-,,
1213,113339831,name,62,τοὔνομα,,
1214,113339832,was Endymion,62,Ἐνδυμίων,,
1215,113339840,and,62,καὶ,,
1216,113339825,that,62,ὡς,,
1217,113339839,once,62,ποτὲ,,
1218,113339837,while sleeping,62,καθεύδων,,
1219,113339838,been snatched away,62,ἀναρπασθείη,,
1220,113339833,from,62,ἀπὸ,,
1221,113339835,our,62,ἡμετέρας,,
1222,113339836,land,62,γῆς,,
1223,113339840,and,62,καὶ,,
1224,113339841,having arrived,62,ἀφικόμενος,,
1225,113339827,he,62,αὐτὸς,,
1226,113339842,would rule,62,βασιλεύσειε,,
1227,113339843,over,62,τῆς,,
1228,113339844,the country,62,χώρας,,
1229,113339846,was,63,εἶναι,,
1230,113339847,that,63,δὲ,,
1231,113339848,that,63,τὴν,,
1232,113339849,earth,63,γῆν,,
1233,113339850,that,63,ἐκείνην,,
1234,113339851,He said,63,ἔλεγε,,
1235,113339852,the,63,τὴν,,
1236,113339853,us,63,ἡμῖν,,
1237,113339854,below,63,κάτω,,
1238,113339855,appeared,63,φαινομένην,,
1239,113339856,moon,63,σελήνην,,
1240,113339858,But,64,ἀλλὰ,,
1241,113339859,courageous,64,θαρρεῖν,,
1242,113339860,and,64,τε,,
1243,113339861,urged,64,παρεκελεύετο,,
1244,113339862,and,64,καὶ,,
1245,113339863,no,64,μηδένα,,
1246,113339864,danger,64,κίνδυνον,,
1247,113339865,undergo,64,ὑφορᾶσθαι,,
1248,113339868,For,65,γὰρ,,
1249,113339867,all,65,πάντα,,
1250,113339867,things,65,πάντα,,
1251,113339870,will be present,65,παρέσεσθαι,,
1252,113339869,to us,65,ἡμῖν,,
1253,113339871,of which,65,ὧν,,
1254,113339872,we are in need,65,δεόμεθα,,
1255,113339875,If,66,ἢν,,
1256,113339877,also,66,καὶ,,
1257,113339878,succeed,66,κατορθώσω,,
1258,113339887,conducting,66,ἐκφέρω,,
1259,113339884,the,66,τὸν,,
1260,113339885,war,66,πόλεμον,,
1261,113339886,that,66,ὃν,,
1262,113339888,now,66,νῦν,,
1263,113339889,against,66,πρὸς,,
1264,113339890,those,66,τοὺς,,
1265,113339891,who,66,τὸν,,
1266,113339892,dwell,66,ἥλιον,,
1267,113339893,in,66,κατοικοῦντας,,
1268,113339896,happily,66,εὐδαιμονέστατα,,
1269,113339897,than,66,παρ’,,
1270,113339895,anyone,66,ἁπάντων,,
1271,113339898,with,66,ἐμοὶ,,
1272,113339899,live,66,καταβιώσεσθε,,
1273,113339900,your,66,"""",,
1274,113339881,said,66,ἔφη,,
1275,113339902,And,67,καὶ,,
1276,113339903,we,67,ἡμεῖς,,
1277,113339904,asked,67,ἠρόμεθα,,
1278,113339905,who,67,τίνες,,
1279,113339907,the,67,οἱ,,
1280,113339908,enemies,67,πολέμιοι,,
1281,113339906,were,67,εἶεν,,
1282,113339909,and,67,καὶ,,
1283,113339910,the,67,τὴν,,
1284,113339911,cause,67,αἰτίαν,,
1285,113339912,of,67,τῆς,,
1286,113339913,quarrel,67,διαφορᾶς,,
1287,113339917,But,68,δὲ,,
1288,113339918,Phaethon,68,Φαέθων,,
1289,113339921,he,68,φησίν,,
1290,113339921,says,68,φησίν,,
1291,113339924,the,68,ὁ,,
1292,113339930,king,68,βασιλεύς,,
1293,113339925,of,68,τῶν,,
1294,113339925,those,68,τῶν,,
1295,113339926,who,68,ἐν,,
1296,113339927,dwell,68,τῷ,,
1297,113339928,in,68,ἡλίῳ,,
1298,113339928,the,68,ἡλίῳ,,
1299,113339929,sun,68,κατοικούντων,,
1300,113339933,for,68,γὰρ,,
1301,113339932,he,68,οἰκεῖται,,
1302,113339932,lives,68,οἰκεῖται,,
1303,113339934,there,68,δὴ,,
1304,113339937,just,68,ὥσπερ,,
1305,113339937,as,68,ὥσπερ,,
1306,113339936,the,68,κἀκεῖνος,,
1307,113339936,moon,68,κἀκεῖνος,,
1308,113339936,does,68,κἀκεῖνος,,
1309,113339936,too,68,κἀκεῖνος,,
1310,113339943,already,68,ἤδη,,
1311,113339946,has,68,πολεμεῖ,,
1312,113339946,been,68,πολεμεῖ,,
1313,113339946,waging,68,πολεμεῖ,,
1314,113339946,war,68,πολεμεῖ,,
1315,113339944,against,68,πρὸς,,
1316,113339945,us,68,ἡμᾶς,,
1317,113339947,for,68,χρόνον,,
1318,113339947,a,68,χρόνον,,
1319,113339947,long,68,χρόνον,,
1320,113339947,time,68,χρόνον,,
1321,113339949,began,69,ἤρξατο,,
1322,113339950,however,69,δὲ,,
1323,113339951,from,69,ἐξ,,
1324,113339952,cause,69,αἰτίας,,
1325,113339953,sort,69,τοιαύτης,,
1326,113339955,of,70,τῶν,,
1327,113339956,with,70,ἐν,,
1328,113339957,me,70,τῇ,,
1329,113339958,beginning,70,ἀρχῇ,,
1330,113339959,the,70,τῇ,,
1331,113339960,my,70,ἐμῇ,,
1332,113339961,once,70,ποτε,,
1333,113339962,the,70,τοὺς,,
1334,113339963,destitute,70,ἀπορωτάτους,,
1335,113339964,Gathering,70,συναγαγὼν,,
1336,113339965,intended,70,ἐβουλήθην,,
1337,113339966,colony,70,ἀποικίαν,,
1338,113339967,to,70,ἐς,,
1339,113339968,the,70,τὸν,,
1340,113339969,Morning,70,Ἑωσφόρον,,
1341,113339970,Star,70,στεῖλαι,,
1342,113339972,which,70,ὄντα,,
1343,113339973,was,70,ἔρημον,,
1344,113339974,and,70,καὶ,,
1345,113339975,by,70,ὑπὸ,,
1346,113339976,anyone,70,μηδενὸς,,
1347,113339977,uninhabited,70,κατοικούμενον,,
1348,113339979,So,71,ὁ,,
1349,113339980,then,71,τοίνυν,,
1350,113339981,Phaethon,71,Φαέθων,,
1351,113339982,having felt envy,71,φθονήσας,,
1352,113339983,blocked,71,ἐκώλυσε,,
1353,113339984,the,71,τὴν,,
1354,113339985,colony's,71,ἀποικίαν,,
1355,113339986,halfway,71,κατὰ,,
1356,113339987,halfway,71,μέσον,,
1357,113339988,the,71,τὸν,,
1358,113339989,strait,71,πόρον,,
1359,113339990,meeting,71,ἀπαντήσας,,
1360,113339991,them,71,ἐπὶ,,
1361,113339992,of the,71,τῶν,,
1362,113339993,Horse-Ants,71,Ἱππομυρμήκων,,
1363,113339995,Then,72,τότε,,
1364,113339997,therefore,72,οὖν,,
1365,113339998,defeated,72,νικηθέντες,,
1366,113340001,for,72,γὰρ,,
1367,113340002,were,72,ἦμεν,,
1368,113340003,rivals,72,ἀντίπαλοι,,
1369,113340004,in terms of,72,τῇ,,
1370,113340005,preparation,72,παρασκευῇ,,
1371,113340007,retreated,72,ἀνεχωρήσαμεν,,
1372,113340009,Now,73,νῦν,,
1373,113340010,however,73,δὲ,,
1374,113340011,wish,73,βούλομαι,,
1375,113340012,again,73,αὖθις,,
1376,113340013,bring,73,ἐξενεγκεῖν,,
1377,113340014,the,73,τὸν,,
1378,113340015,war,73,πόλεμον,,
1379,113340016,and,73,καὶ,,
1380,113340017,send,73,ἀποστεῖλαι,,
1381,113340018,the,73,τὴν,,
1382,113340019,colony,73,ἀποικίαν,,
1383,113340021,If,74,ἢν,,
1384,113340022,then,74,οὖν,,
1385,113340023,wish,74,ἐθέλητε,,
1386,113340025,share,74,κοινωνήσατέ,,
1387,113340026,in,74,μοι,,
1388,113340027,the,74,τοῦ,,
1389,113340028,expedition,74,στόλου,,
1390,113340030,vulture,74,γῦπας,,
1391,113340031,but,74,δὲ,,
1392,113340032,you,74,ὑμῖν,,
1393,113340033,I,74,ἐγὼ,,
1394,113340034,provide,74,παρέξω,,
1395,113340035,of,74,τῶν,,
1396,113340036,royal,74,βασιλικῶν,,
1397,113340037,one,74,ἕνα,,
1398,113340038,each,74,ἑκάστῳ,,
1399,113340039,and,74,καὶ,,
1400,113340040,the,74,τὴν,,
1401,113340041,rest,74,ἄλλην,,
1402,113340042,equipment,74,ὅπλισιν,,
1403,113340044,Tomorrow,75,αὔριον,,
1404,113340045,however,75,δὲ,,
1405,113340046,shall make,75,ποιησόμεθα,,
1406,113340047,the,75,τὴν,,
1407,113340048,expedition,75,ἔξοδον,,
1408,113340052,Thus,76,οὕτως,,
1409,113340055,said,76,ἔφην,,
1410,113340056,I,76,ἐγώ,,
1411,113340059,be,76,γιγνέσθω,,
1412,113340061,since,76,ἐπειδή,,
1413,113340062,you,76,σοι,,
1414,113340063,seems,76,δοκεῖ,,
1415,113340066,then,77,τότε,,
1416,113340067,So,77,μὲν,,
1417,113340068,So,77,οὖν,,
1418,113340069,at,77,παρ’,,
1419,113340070,his,77,αὐτῷ,,
1420,113340071,dining,77,ἑστιαθέντες,,
1421,113340072,stayed,77,ἐμείναμεν,,
1422,113340074,at dawn,77,ἕωθεν,,
1423,113340075,but,77,δὲ,,
1424,113340076,risen,77,διαναστάντες,,
1425,113340077,drew up,77,ἐτασσόμεθα,,
1426,113340080,For,78,γὰρ,,
1427,113340081,the,78,οἱ,,
1428,113340082,scouts,78,σκοποὶ,,
1429,113340083,were signaling,78,ἐσήμαινον,,
1430,113340086,the,78,τοὺς,,
1431,113340087,enemies,78,πολεμίους,,
1432,113340084,nearby,78,πλησίον,,
1433,113340085,were,78,εἶναι,,
1434,113340089,The,79,τὸ,,
1435,113340092,number,79,πλῆθος,,
1436,113340093,of,79,τῆς,,
1437,113340094,the,79,στρατιᾶς,,
1438,113340095,ten,79,δέκα,,
1439,113340096,thousand,79,μυριάδες,,
1440,113340097,was,79,ἐγένοντο,,
1441,113340098,without,79,ἄνευ,,
1442,113340100,baggage-carriers,79,σκευοφόρων,,
1443,113340103,engineers,79,μηχανοποιῶν,,
1444,113340106,infantry,79,πεζῶν,,
1445,113340109,foreign,79,ξένων,,
1446,113340110,allies,79,συμμάχων,,
1447,113340112,Of,80,τούτων,,
1448,113340113,these,80,δὲ,,
1449,113340114,eight,80,ὀκτακισμύριοι,,
1450,113340115,thousand,80,μὲν,,
1451,113340116,were,80,ἦσαν,,
1452,113340117,the,80,οἱ,,
1453,113340118,Hippogryphs,80,Ἱππόγυποι,,
1454,113340120,two,80,δισμύριοι,,
1455,113340121,thousand,80,δὲ,,
1456,113340122,those,80,οἱ,,
1457,113340123,upon,80,ἐπὶ,,
1458,113340124,the,80,τῶν,,
1459,113340125,Leaf-Wings,80,Λαχανοπτέρων,,
1460,113340127,bird,81,ὄρνεον,,
1461,113340128,moreover,81,δὲ,,
1462,113340129,and,81,καὶ,,
1463,113340130,This,81,τοῦτό,,
1464,113340131,is,81,ἐστι,,
1465,113340132,largest,81,μέγιστον,,
1466,113340134,instead,81,ἀντὶ,,
1467,113340135,of,81,τῶν,,
1468,113340136,feathers,81,πτερῶν,,
1469,113340137,herbs,81,λαχάνοις,,
1470,113340138,completely,81,πάντῃ,,
1471,113340139,covered,81,λάσιον,,
1472,113340142,as,81,δὲ,,
1473,113340143,flyers,81,ὠκύπτερα,,
1474,113340144,possess,81,ἔχει,,
1475,113340145,feathers,81,θριδακίνης,,
1476,113340146,resembling,81,φύλλοις,,
1477,113340147,most,81,μάλιστα,,
1478,113340148,those,81,προσεοικότα,,
1479,113340150,On,82,ἐπὶ,,
1480,113340151,top,82,δὲ,,
1481,113340152,of,82,τούτοις,,
1482,113340153,these,82,οἱ,,
1483,113340154,things,82,Κεγχροβόλοι,,
1484,113340155,the,82,ἐτετάχατο,,
1485,113340156,Kechroboloi,82,καὶ,,
1486,113340157,were,82,οἱ,,
1487,113340158,arrayed,82,Σκοροδομάχοι,,
1488,113340159,and,82,.,,
1489,113340160,the,82,,,
1490,113340161,Skorodomachoi,82,,,
1491,113340160,came,83,ἦλθον,,
1492,113340161,And,83,δὲ,,
1493,113340162,to him,83,αὐτῷ,,
1494,113340163,from,83,καὶ,,
1495,113340165,the,83,τῆς,,
1496,113340166,Bear,83,ἄρκτου,,
1497,113340167,allies,83,σύμμαχοι,,
1498,113340169,three thousand,83,τρισμύριοι,,
1499,113340171,Psyllotoxotai,83,Ψυλλοτοξόται,,
1500,113340173,five thousand,83,πεντακισμύριοι,,
1501,113340174,and,83,δὲ,,
1502,113340175,Aneomidromoi,83,Ἀνεμοδρόμοι,,
1503,113340177,Of,84,τούτων,,
1504,113340179,some,84,οἱ,,
1505,113340181,Flea-Shooters,84,Ψυλλοτοξόται,,
1506,113340182,on,84,ἐπὶ,,
1507,113340183,fleas,84,ψυλλῶν,,
1508,113340184,great,84,μεγάλων,,
1509,113340185,ride,84,ἱππάζονται,,
1510,113340187,thus,84,ὅθεν,,
1511,113340189,their,84,τὴν,,
1512,113340190,name,84,προσηγορίαν,,
1513,113340191,have,84,ἔχουσιν,,
1514,113340193,size,85,μέγεθος,,
1515,113340194,And,85,δὲ,,
1516,113340195,of,85,τῶν,,
1517,113340196,fleas,85,ψυλλῶν,,
1518,113340197,as great as,85,ὅσον,,
1519,113340198,twelve,85,δώδεκα,,
1520,113340199,elephants,85,ἐλέφαντες,,
1521,113340201,The,86,οἱ,,
1522,113340203,Wind-Walkers,86,Ἀνεμοδρόμοι,,
1523,113340202,however,86,δὲ,,
1524,113340204,on foot,86,πεζοὶ,,
1525,113340205,however,86,μὲν,,
1526,113340206,are,86,εἰσιν,,
1527,113340208,carried,86,φέρονται,,
1528,113340209,yet,86,δὲ,,
1529,113340210,through,86,ἐν,,
1530,113340211,the,86,τῷ,,
1531,113340212,air,86,ἀέρι,,
1532,113340213,without,86,ἄνευ,,
1533,113340214,wings,86,πτερῶν,,
1534,113340217,But,87,δὲ,,
1535,113340216,the,87,ὁ,,
1536,113340218,manner,87,τρόπος,,
1537,113340219,of,87,τῆς,,
1538,113340220,journey,87,φορᾶς,,
1539,113340221,as,87,τοιόσδε,,
1540,113340225,Having,88,ὑπεζωσμένοι,,
1541,113340223,girt,88,χιτῶνας,,
1542,113340227,themselves,88,αὐτοὺς,,
1543,113340224,with,88,ποδήρεις,,
1544,113340223,tunics,88,χιτῶνας,,
1545,113340224,that,88,ποδήρεις,,
1546,113340224,reach,88,ποδήρεις,,
1547,113340224,to,88,ποδήρεις,,
1548,113340224,the,88,ποδήρεις,,
1549,113340224,ankles,88,ποδήρεις,,
1550,113340225,they,88,ὑπεζωσμένοι,,
1551,113340232,carried,88,φέρονται,,
1552,113340227,them,88,αὐτοὺς,,
1553,113340226,gathered,88,κολπώσαντες,,
1554,113340226,up,88,κολπώσαντες,,
1555,113340229,in,88,ἀνέμῳ,,
1556,113340229,their,88,ἀνέμῳ,,
1557,113340229,laps,88,ἀνέμῳ,,
1558,113340230,like,88,καθάπερ,,
1559,113340231,sails,88,ἱστία,,
1560,113340233,just,88,ὥσπερ,,
1561,113340233,as,88,ὥσπερ,,
1562,113340234,the,88,τὰ,,
1563,113340235,boats,88,σκάφη,,
1564,113340232,do,88,φέρονται,,
1565,113340237,men,89,τὰ,,
1566,113340238,Many,89,πολλὰ,,
1567,113340239,however,89,δ’,,
1568,113340240,as,89,οἱ,,
1569,113340241,such,89,τοιοῦτοι,,
1570,113340242,in,89,ἐν,,
1571,113340243,the,89,ταῖς,,
1572,113340244,battles,89,μάχαις,,
1573,113340245,light-armed,89,πελτασταὶ,,
1574,113340246,are,89,εἰσιν,,
1575,113340245,troops,89,πελτασταὶ,,
1576,113340248,were,90,ἐλέγοντο,,
1577,113340251,from,90,ἀπὸ,,
1578,113340252,the,90,τῶν,,
1579,113340253,above,90,ὑπὲρ,,
1580,113340255,Cappadocia,90,Καππαδοκίαν,,
1581,113340256,stars,90,ἀστέρων,,
1582,113340257,come,90,ἥξειν,,
1583,113340258,Struthobalanoi,90,Στρουθοβάλανοι,,
1584,113340260,seven hundred thousand,90,ἑπτακισμύριοι,,
1585,113340262,Hippogeranoi,90,Ἱππογέρανοι,,
1586,113340264,five thousand,90,πεντακισχίλιοι,,
1587,113340266,These,91,τούτους,,
1588,113340267,I,91,ἐγὼ,,
1589,113340268,not,91,οὐκ,,
1590,113340269,beheld,91,ἐθεασάμην,,
1591,113340266,things,91,τούτους,,
1592,113340272,For,92,γὰρ,,
1593,113340271,not,92,οὐ,,
1594,113340273,arrive,92,ἀφίκοντο,,
1595,113340275,reason,93,διόπερ,,
1596,113340276,not,93,οὐ,,
1597,113340277,For,93,-δὲ,,
1598,113340278,describe,93,γράψαι,,
1599,113340279,their,93,τὰς,,
1600,113340280,natures,93,φύσεις,,
1601,113340281,their,93,αὐτῶν,,
1602,113340282,dared,93,ἐτόλμησα,,
1603,113340285,For,94,γὰρ,,
1604,113340288,about,94,περὶ,,
1605,113340289,them,94,αὐτῶν,,
1606,113340290,were being told,94,ἐλέγετο,,
1607,113340284,monstrous,94,τεράστια,,
1608,113340286,and,94,καὶ,,
1609,113340287,unbelievable,94,ἄπιστα,,
1610,113340292,This,95,αὕτη,,
1611,113340293,then,95,μὲν,,
1612,113340294,the,95,ἡ,,
1613,113340295,of,95,τοῦ,,
1614,113340296,Endymion,95,Ἐνδυμίωνος,,
1615,113340297,power,95,δύναμις,,
1616,113340298,was,95,ἦν,,
1617,113340300,equipment,96,σκευὴ,,
1618,113340301,however,96,δὲ,,
1619,113340302,all,96,πάντων,,
1620,113340303,the,96,ἡ,,
1621,113340304,same,96,αὐτή,,
1622,113340306,Helmets,97,κράνη,,
1623,113340307,then,97,μὲν,,
1624,113340308,made from,97,ἀπὸ,,
1625,113340309,the,97,τῶν,,
1626,113340310,beans,97,κυάμων,,
1627,113340312,are,97,μεγάλοι,,
1628,113340313,for,97,γὰρ,,
1629,113340316,the,97,οἱ,,
1630,113340317,beans,97,κύαμοι,,
1631,113340312,great,97,μεγάλοι,,
1632,113340314,among,97,παρ’,,
1633,113340315,them,97,αὐτοῖς,,
1634,113340318,and,97,καὶ,,
1635,113340319,strong,97,καρτεροί,,
1636,113340324,All,98,πάντες,,
1637,113340321,breastplates,98,θώρακες,,
1638,113340325,are made of lupine,98,θέρμινοι,,
1639,113340323,scales,98,φολιδωτοὶ,,
1640,113340328,for,98,γὰρ,,
1641,113340327,they,98,τὰ,,
1642,113340333,make,98,ποιοῦνται,,
1643,113340334,breastplates,98,θώρακας,,
1644,113340332,by sewing together,98,συρράπτοντες,,
1645,113340330,the,98,τῶν,,
1646,113340331,peels,98,θέρμων,,
1647,113340340,of lupines,98,τοῦ,,
1648,113340337,and,98,δὲ,,
1649,113340338,in that place,98,ἐκεῖ,,
1650,113340339,becomes,98,γίνεται,,
1651,113340342,the,98,τὸ,,
1652,113340343,peel,98,λέπος,,
1653,113340341,of the lupine,98,θέρμου,,
1654,113340336,unbreakable,98,ἄρρηκτον,,
1655,113340344,just like,98,ὥσπερ,,
1656,113340345,a horn,98,κέρας,,
1657,113340347,Shields,99,ἀσπίδες,,
1658,113340348,too,99,δὲ,,
1659,113340349,and,99,καὶ,,
1660,113340350,swords,99,ξίφη,,
1661,113340351,like,99,οἷα,,
1662,113340352,those,99,τὰ,,
1663,113340353,of,99,Ἑλληνικά,,
1664,113340353,the,99,Ἑλληνικά,,
1665,113340355,Since,100,ἐπειδὴ,,
1666,113340356,it,100,δὲ,,
1667,113340357,right,100,καιρὸς,,
1668,113340358,time,100,ἦν,,
1669,113340360,they,100,ἐτάξαντο,,
1670,113340361,as,100,ὧδε,,
1671,113340363,The,101,τὸ,,
1672,113340365,right,101,δεξιὸν,,
1673,113340366,wing,101,κέρας,,
1674,113340367,had,101,εἶχον,,
1675,113340368,The,101,οἱ,,
1676,113340369,Hippogryphs,101,Ἱππόγυποι,,
1677,113340370,and,101,καὶ,,
1678,113340371,the,101,ὁ,,
1679,113340372,king,101,βασιλεὺς,,
1680,113340377,having,101,ἔχων,,
1681,113340374,best,101,ἀρίστους,,
1682,113340375,around,101,περὶ,,
1683,113340376,him,101,αὑτὸν,,
1684,113340379,And,102,καὶ,,
1685,113340380,were,102,ἡμεῖς,,
1686,113340381,in,102,ἐν,,
1687,113340382,these,102,τούτοις,,
1688,113340383,things,102,ἦμεν,,
1689,113340386,But,103,δὲ,,
1690,113340385,the,103,τὸ,,
1691,113340387,Good-Name,103,εὐώνυμον,,
1692,113340388,ones,103,οἱ,,
1693,113340389,Vegetable-Winged,103,Λαχανόπτεροι,,
1694,113340393,But,104,δὲ,,
1695,113340394,the,104,οἱ,,
1696,113340395,allies,104,σύμμαχοι,,
1697,113340391,the,104,τὸ,,
1698,113340392,middle,104,μέσον,,
1699,113340396,as,104,ὡς,,
1700,113340397,each,104,ἑκάστοις,,
1701,113340398,seemed,104,ἐδόκει,,
1702,113340398,good,104,ἐδόκει,,
1703,113340398,to,104,ἐδόκει,,
1704,113340401,But,105,δὲ,,
1705,113340400,the,105,τὸ,,
1706,113340402,infantry,105,πεζὸν,,
1707,113340403,were,105,ἦσαν,,
1708,113340404,in fact,105,μὲν,,
1709,113340405,about,105,ἀμφὶ,,
1710,113340406,,105,τὰς,,
1711,113340407,six hundred thousand,105,ἑξακισχιλίας,,
1712,113340408,,105,μυριάδας,,
1713,113340410,arranged,105,ἐτάχθησαν,,
1714,113340411,,105,δὲ,,
1715,113340412,as follows,105,οὕτως,,
1716,113340414,spiders,106,ἀράχναι,,
1717,113340415,among,106,παρ’,,
1718,113340416,them,106,αὐτοῖς,,
1719,113340417,many,106,πολλοὶ,,
1720,113340418,large,106,καὶ,,
1721,113340419,large,106,μεγάλοι,,
1722,113340420,are,106,γίνονται,,
1723,113340422,most,106,πολὺ,,
1724,113340423,of,106,τῶν,,
1725,113340424,Cycladic,106,Κυκλάδων,,
1726,113340425,islands,106,νήσων,,
1727,113340426,one,106,ἕκαστος,,
1728,113340427,larger,106,μείζων,,
1729,113340430,ordered,107,προσέταξεν,,
1730,113340429,these,107,τούτοις,,
1731,113340431,search,107,διυφῆναι,,
1732,113340439,air,107,ἀέρα,,
1733,113340433,between,107,μεταξὺ,,
1734,113340432,the,107,τὸν,,
1735,113340435,moon,107,σελήνης,,
1736,113340434,the,107,τῆς,,
1737,113340436,and,107,καὶ,,
1738,113340437,the,107,τοῦ,,
1739,113340438,Morning Star,107,Ἑωσφόρου,,
1740,113340441,When,108,ὡς,,
1741,113340442,they,108,δὲ,,
1742,113340443,as quickly as possible,108,τάχιστα,,
1743,113340444,had finished,108,ἐξειργάσαντο,,
1744,113340445,and,108,καὶ,,
1745,113340446,a plain,108,πεδίον,,
1746,113340447,made,108,ἐποίησαν,,
1747,113340449,on,108,ἐπὶ,,
1748,113340450,it,108,τούτου,,
1749,113340451,drew up,108,παρέταξε,,
1750,113340452,the,108,τὸ,,
1751,113340453,infantry,108,πεζὸν,,
1752,113340458,Nykterion,109,Νυκτερίων,,
1753,113340460,son of,109,Εὐδιάνακτος,,
1754,113340455,was,109,ἡγεῖτο,,
1755,113340461,the third,109,τρίτος,,
1756,113340457,of them,109,αὐτῶν,,
1757,113340455,to lead,109,ἡγεῖτο,,
1758,113340464,enemy,110,τῶν,,
1759,113340466,enemy,110,πολεμίων,,
1760,113340465,however,110,δὲ,,
1761,113340470,had,110,εἶχον,,
1762,113340467,one,110,τὸ,,
1763,113340469,good,110,εὐώνυμον,,
1764,113340468,name,110,μὲν,,
1765,113340471,the,110,οἱ,,
1766,113340472,Hippomurmeces,110,Ἱππομύρμηκες,,
1767,113340473,and,110,καὶ,,
1768,113340477,Phaethon,110,Φαέθων,,
1769,113340475,among,110,ἐν,,
1770,113340476,them,110,αὐτοῖς,,
1771,113340479,beasts,111,θηρία,,
1772,113340480,But,111,δέ,,
1773,113340481,are,111,ἐστι,,
1774,113340482,very large,111,μέγιστα,,
1775,113340484,winged,111,ὑπόπτερα,,
1776,113340486,the,111,τοῖς,,
1777,113340487,here,111,παρ’,,
1778,113340488,here,111,ἡμῖν,,
1779,113340489,ants,111,μύρμηξι,,
1780,113340490,resembling,111,προσεοικότα,,
1781,113340491,except,111,πλὴν,,
1782,113340492,in,111,τοῦ,,
1783,113340493,size,111,μεγέθους,,
1784,113340496,For,112,γὰρ,,
1785,113340495,the,112,ὁ,,
1786,113340497,greatest,112,μέγιστος,,
1787,113340498,of them,112,αὐτῶν,,
1788,113340499,also,112,καὶ,,
1789,113340500,two plethra,112,δίπλεθρος,,
1790,113340501,was,112,ἦν,,
1791,113340503,fought,113,ἐμάχοντο,,
1792,113340504,not,113,δὲ,,
1793,113340505,only,113,οὐ,,
1794,113340506,those,113,μόνον,,
1795,113340507,who,113,οἱ,,
1796,113340508,were,113,ἐπ’,,
1797,113340509,upon,113,αὐτῶν,,
1798,113340511,but,113,ἀλλὰ,,
1799,113340512,also,113,καὶ,,
1800,113340513,themselves,113,αὐτοὶ,,
1801,113340514,most,113,μάλιστα,,
1802,113340515,of,113,τοῖς,,
1803,113340516,all,113,κέρασιν,,
1804,113340517,with,113,.,,
1805,113340518,said,114,ἐλέγοντο,,
1806,113340519,were,114,δὲ,,
1807,113340520,These,114,οὗτοι,,
1808,113340521,be,114,εἶναι,,
1809,113340522,about,114,ἀμφὶ,,
1810,113340523,fifty,114,τὰς,,
1811,113340524,thousand,114,πέντε,,
1812,113340527,On,115,ἐπὶ,,
1813,113340528,their,115,δὲ,,
1814,113340529,right,115,τοῦ,,
1815,113340530,wing,115,δεξιοῦ,,
1816,113340531,wing,115,αὐτῶν,,
1817,113340532,were stationed,115,ἐτάχθησαν,,
1818,113340533,the,115,οἱ,,
1819,113340534,Aeronauts,115,Ἀεροκώνωπες,,
1820,113340536,were,115,ὄντες,,
1821,113340537,too,115,καὶ,,
1822,113340538,these,115,οὗτοι,,
1823,113340539,about,115,ἀμφὶ,,
1824,113340540,thousand,115,τὰς,,
1825,113340541,five,115,πέντε,,
1826,113340542,thousand,115,μυριάδας,,
1827,113340544,all,115,πάντες,,
1828,113340545,archers,115,τοξόται,,
1829,113340546,gnats,115,κώνωψι,,
1830,113340547,great,115,μεγάλοις,,
1831,113340548,riding,115,ἐποχούμενοι,,
1832,113340550,After,116,μετὰ,,
1833,113340552,these,116,τούτους,,
1834,113340553,the,116,οἱ,,
1835,113340554,Air-Skimmers,116,Ἀεροκόρδακες,,
1836,113340556,naked,116,ψιλοί,,
1837,113340558,they are,116,ὄντες,,
1838,113340560,infantry,116,πεζοί,,
1839,113340563,brave,116,μάχιμοί,,
1840,113340566,these,116,οὗτοι,,
1841,113340569,For,117,γὰρ,,
1842,113340568,from a distance,117,πόρρωθεν,,
1843,113340570,throwing,117,ἐσφενδόνων,,
1844,113340571,radishes,117,ῥαφανῖδας,,
1845,113340572,huge,117,ὑπερμεγέθεις,,
1846,113340574,and,117,καὶ,,
1847,113340576,struck,117,βληθεὶς,,
1848,113340582,unable,117,ἐδύνατο,,
1849,113340577,unable,117,οὐ,,
1850,113340580,short,117,ὀλίγον,,
1851,113340581,hold out,117,ἀντέχειν,,
1852,113340584,died,117,ἀπέθνῃσκε,,
1853,113340585,but,117,δέ,,
1854,113340587,with,117,καὶ,,
1855,113340588,odor,117,δυσωδίας,,
1856,113340589,certain,117,τινὸς,,
1857,113340590,the,117,τῷ,,
1858,113340591,wound,117,τραύματι,,
1859,113340592,arising,117,ἐγγινομένης,,
1860,113340594,said,118,ἐλέγοντο,,
1861,113340595,to,118,δὲ,,
1862,113340596,anoint,118,χρίειν,,
1863,113340597,the,118,τὰ,,
1864,113340598,arrows,118,βέλη,,
1865,113340599,mallow,118,μαλάχης,,
1866,113340600,poison,118,ἰῷ,,
1867,113340602,Taking,119,ἐχόμενοι,,
1868,113340604,them,119,αὐτῶν,,
1869,113340605,were drawn up,119,ἐτάχθησαν,,
1870,113340607,Caulomyces,119,Καυλομύκητες,,
1871,113340609,infantry,119,ὁπλῖται,,
1872,113340610,being,119,ὄντες,,
1873,113340612,close-combat,119,ἀγχέμαχοι,,
1874,113340614,multitude,119,πλῆθος,,
1875,113340615,ten thousand,119,μύριοι,,
1876,113340617,were called,120,ἐκλήθησαν,,
1877,113340618,called,120,δὲ,,
1878,113340619,Caulomycetes,120,Καυλομύκητες,,
1879,113340621,because,120,ὅτι,,
1880,113340622,shields,120,ἀσπίσι,,
1881,113340623,used,120,μὲν,,
1882,113340624,mushroom,120,μυκητίναις,,
1883,113340625,used,120,ἐχρῶντο,,
1884,113340627,spears,120,δόρασι,,
1885,113340628,made,120,δὲ,,
1886,113340629,made,120,καυλίνοις,,
1887,113340630,of,120,τοῖς,,
1888,113340631,of,120,ἀπὸ,,
1889,113340632,of,120,τῶν,,
1890,113340633,asparagus,120,ἀσπαράγων,,
1891,113340635,close,121,πλησίον,,
1892,113340636,And,121,δὲ,,
1893,113340637,them,121,αὐτῶν,,
1894,113340638,the,121,οἱ,,
1895,113340639,Dog-oak-fighters,121,Κυνοβάλανοι,,
1896,113340640,stood,121,ἔστησαν,,
1897,113340642,these,121,οὓς,,
1898,113340643,sent,121,ἔπεμψαν,,
1899,113340644,the ones,121,αὐτῷ,,
1900,113340645,the,121,οἱ,,
1901,113340646,of,121,τὸν,,
1902,113340647,Sirius,121,Σείριον,,
1903,113340648,inhabitants,121,κατοικοῦντες,,
1904,113340650,five thousand,121,πεντακισχίλιοι,,
1905,113340652,men,121,ἄνδρες,,
1906,113340653,with dog-faces,121,κυνοπρόσωποι,,
1907,113340654,on,121,ἐπὶ,,
1908,113340655,winged acorns,121,βαλάνων,,
1909,113340656,winged,121,πτερωτῶν,,
1910,113340657,fighting,121,μαχόμενοι,,
1911,113340659,were said,122,ἐλέγοντο,,
1912,113340662,also,122,κἀκείνῳ,,
1913,113340663,to be late,122,ὑστερίζειν,,
1914,113340671,sending,122,μετεπέμπετο,,
1915,113340668,for,122,ἀπὸ,,
1916,113340672,slingers,122,σφενδονήτας,,
1917,113340668,from,122,ἀπὸ,,
1918,113340669,the,122,τοῦ,,
1919,113340670,Galaxius,122,Γαλαξίου,,
1920,113340673,and,122,καὶ,,
1921,113340674,the,122,οἱ,,
1922,113340675,Cloud-Centaurians,122,Νεφελοκένταυροι,,
1923,113340677,But,123,ἀλλ’,,
1924,113340678,they,123,ἐκεῖνοι,,
1925,113340684,arrived,123,ἀφίκοντο,,
1926,113340679,just,123,μὲν,,
1927,113340686,as,123,ὡς,,
1928,113340680,the,123,τῆς,,
1929,113340681,battle,123,μάχης,,
1930,113340682,already,123,ἤδη,,
1931,113340683,been,123,κεκριμένης,,
1932,113340683,decided,123,κεκριμένης,,
1933,113340686,as,123,ὡς,,
1934,113340687,never,123,μήποτε,,
1935,113340688,wished,123,ὤφελον,,
1936,113340688,for,123,ὤφελον,,
1937,113340690,The,124,οἱ,,
1938,113340691,slingers,124,σφενδονῆται,,
1939,113340692,however,124,δὲ,,
1940,113340693,did,124,οὐ,,
1941,113340694,not,124,-δὲ,,
1942,113340695,at all,124,ὅλως,,
1943,113340696,arrive,124,παρεγένοντο,,
1944,113340698,therefore,124,διόπερ,,
1945,113340699,say,124,φασὶν,,
1946,113340700,later,124,ὕστερον,,
1947,113340701,them,124,αὐτοῖς,,
1948,113340702,having become angry,124,ὀργισθέντα,,
1949,113340703,Phaethon,124,τὸν,,
1950,113340704,Phaethon,124,Φαέθοντα,,
1951,113340705,set,124,πυρπολῆσαι,,
1952,113340706,the,124,τὴν,,
1953,113340707,country,124,χώραν,,
1954,113340705,on fire,124,πυρπολῆσαι,,
1955,113340709,Such,125,τοιαύτῃ,,
1956,113340710,then,125,μὲν,,
1957,113340711,as well,125,καὶ,,
1958,113340712,the,125,ὁ,,
1959,113340715,preparation,125,παρασκευῇ,,
1960,113340713,Phaethon,125,Φαέθων,,
1961,113340714,was,125,ἐπῄει,,
1962,113340717,Having,126,συμμίξαντες,,
1963,113340718,then,126,δὲ,,
1964,113340719,when,126,ἐπειδὴ,,
1965,113340720,the,126,τὰ,,
1966,113340721,signs,126,σημεῖα,,
1967,113340722,raised,126,ἤρθη,,
1968,113340723,and,126,καὶ,,
1969,113340724,brayed,126,ὠγκήσαντο,,
1970,113340725,side,126,ἑκατέρων,,
1971,113340726,donkeys,126,οἱ,,
1972,113340729,these,126,τούτοις,,
1973,113340730,for,126,γὰρ,,
1974,113340731,in,126,ἀντὶ,,
1975,113340732,trumpets,126,σαλπιστῶν,,
1976,113340733,use,126,χρῶνται,,
1977,113340735,fight,126,ἐμάχοντο,,
1978,113340737,and,127,καὶ,,
1979,113340738,The,127,τὸ,,
1980,113340739,well-named,127,μὲν,,
1981,113340740,well-named,127,εὐώνυμον,,
1982,113340741,of,127,τῶν,,
1983,113340742,Sun-dwellers,127,Ἡλιωτῶν,,
1984,113340743,immediately,127,αὐτίκα,,
1985,113340744,fled,127,ἔφυγεν,,
1986,113340745,not,127,οὐ,,
1987,113340746,not,127,-δ’,,
1988,113340747,into,127,εἰς,,
1989,113340748,hands,127,χεῖρας,,
1990,113340749,seized,127,δεξάμενον,,
1991,113340750,anyone,127,τοὺς,,
1992,113340751,Hippogriffs,127,Ἱππογύπους,,
1993,113340753,and,127,καὶ,,
1994,113340754,we,127,ἡμεῖς,,
1995,113340755,said,127,εἱπόμεθα,,
1996,113340756,Kill,127,κτείνοντες,,
1997,113340761,Their,128,αὐτῶν,,
1998,113340758,right,128,τὸ,,
1999,113340759,wing,128,δεξιὸν,,
2000,113340762,held,128,ἐκράτει,,
2001,113340763,the,128,τοῦ,,
2002,113340764,right,128,ἐπὶ,,
2003,113340765,side,128,τῷ,,
2004,113340766,of,128,ἡμετέρῳ,,
2005,113340767,our,128,εὐωνύμου,,
2006,113340768,ship,128,",",,
2007,113340769,the,128,καὶ,,
2008,113340770,Euenomos,128,ἐπεξῆλθον,,
2009,113340760,and,128,δὲ,,
2010,113340771,the,128,οἱ,,
2011,113340772,Aerocnopes,128,Ἀεροκώνωπες,,
2012,113340773,came,128,διώκοντες,,
2013,113340774,marching,128,ἄχρι,,
2014,113340775,on,128,πρὸς,,
2015,113340776,pursuing,128,τοὺς,,
2016,113340777,them,128,πεζούς,,
2017,113340778,as,128,.,,
2018,113340779,far,128,,,
2019,113340780,as,128,,,
2020,113340781,the,128,,,
2021,113340782,infantry,128,,,
2022,113340779,There,129,ἐνταῦθα,,
2023,113340780,while,129,δὲ,,
2024,113340782,those men,129,κἀκείνων,,
2025,113340783,shouting,129,ἐπιβοηθούντων,,
2026,113340784,fled,129,ἔφυγον,,
2027,113340785,leaning,129,ἐγκλίναντες,,
2028,113340787,and,129,καὶ,,
2029,113340788,most,129,μάλιστα,,
2030,113340789,because,129,ἐπεὶ,,
2031,113340790,knew,129,ᾔσθοντο,,
2032,113340791,that,129,τοὺς,,
2033,113340797,defeated,129,νενικημένους,,
2034,113340792,by,129,ἐπὶ,,
2035,113340796,us,129,σφῶν,,
2036,113340795,true,129,εὐωνύμῳ,,
2037,113340793,names,129,τῷ,,
2038,113340799,battle,130,τῆς,,
2039,113340800,Now,130,δὲ,,
2040,113340801,battle,130,τροπῆς,,
2041,113340802,fierce,130,λαμπρᾶς,,
2042,113340803,was,130,γεγενημένης,,
2043,113340804,many,130,πολλοί,,
2044,113340805,,130,μὲν,,
2045,113340806,alive,130,ζῶντες,,
2046,113340807,killed,130,ἡλίσκοντο,,
2047,113340809,many,130,πολλοὶ,,
2048,113340810,and,130,δὲ,,
2049,113340811,slain,130,καὶ,,
2050,113340812,slain,130,ἀνῃροῦντο,,
2051,113340814,and,130,καὶ,,
2052,113340815,blood,130,τὸ,,
2053,113340816,blood,130,αἷμα,,
2054,113340817,flowed,130,ἔρρει,,
2055,113340818,much,130,πολύ,,
2056,113340820,over,130,ἐπὶ,,
2057,113340821,clouds,130,τῶν,,
2058,113340822,clouds,130,νεφῶν,,
2059,113340824,so,130,ὥστε,,
2060,113340825,they,130,αὐτὰ,,
2061,113340826,dyed,130,βάπτεσθαι,,
2062,113340827,and,130,καὶ,,
2063,113340828,red,130,ἐρυθρὰ,,
2064,113340829,appeared,130,φαίνεσθαι,,
2065,113340831,as,130,οἷα,,
2066,113340832,as,130,παρ’,,
2067,113340833,us,130,ἡμῖν,,
2068,113340834,sets,130,δυομένου,,
2069,113340835,when,130,τοῦ,,
2070,113340836,sun,130,ἡλίου,,
2071,113340837,appear,130,φαίνεται,,
2072,113340839,much,130,πολὺ,,
2073,113340840,and,130,δὲ,,
2074,113340841,and,130,καὶ,,
2075,113340842,to,130,εἰς,,
2076,113340843,ground,130,τὴν,,
2077,113340844,ground,130,γῆν,,
2078,113340845,fell,130,κατέσταζεν,,
2079,113340847,leading,130,ὥστε,,
2080,113340848,me,130,με,,
2081,113340849,conjecture,130,εἰκάζειν,,
2082,113340851,that,130,μὴ,,
2083,113340852,perhaps,130,ἄρα,,
2084,113340853,some,130,τοιούτου,,
2085,113340854,such,130,τινὸς,,
2086,113340855,and,130,καὶ,,
2087,113340856,long,130,πάλαι,,
2088,113340857,ago,130,ἄνω,,
2089,113340858,happening,130,γενομένου,,
2090,113340859,Homer,130,Ὅμηρος,,
2091,113340860,thought,130,ὑπέλαβεν,,
2092,113340861,with,130,αἵματι,,
2093,113340862,sprinkled,130,ὗσαι,,
2094,113340863,Zeus,130,τὸν,,
2095,113340864,Zeus,130,Δία,,
2096,113340865,at,130,ἐπὶ,,
2097,113340866,the,130,τῷ,,
2098,113340867,of,130,τοῦ,,
2099,113340868,Sarpedon,130,Σαρπηδόνος,,
2100,113340869,death,130,θανάτῳ,,
2101,113340871,Turning,131,ἀναστρέψαντες,,
2102,113340872,back,131,δὲ,,
2103,113340873,from,131,ἀπὸ,,
2104,113340874,the,131,τῆς,,
2105,113340875,pursuit,131,διώξεως,,
2106,113340876,two,131,δύο,,
2107,113340877,trophies,131,τρόπαια,,
2108,113340878,set,131,ἐστήσαμεν,,
2109,113340880,one,131,τὸ,,
2110,113340881,indeed,131,μὲν,,
2111,113340882,on,131,ἐπὶ,,
2112,113340883,the,131,τῶν,,
2113,113340884,spiderwebs,131,ἀραχνίων,,
2114,113340885,of,131,τῆς,,
2115,113340886,land,131,πεζομαχίας,,
2116,113340888,the,131,τὸ,,
2117,113340889,other,131,δὲ,,
2118,113340890,of,131,τῆς,,
2119,113340891,sky,131,ἀερομαχίας,,
2120,113340892,on,131,ἐπὶ,,
2121,113340893,the,131,τῶν,,
2122,113340894,clouds,131,νεφῶν,,
2123,113340896,Just,132,ἄρτι,,
2124,113340897,as,132,δὲ,,
2125,113340898,these,132,τούτων,,
2126,113340899,things,132,γινομένων,,
2127,113340900,were happening,132,ἠγγέλλοντο,,
2128,113340904,the,132,οἱ,,
2129,113340905,Cloud-Centauri,132,Νεφελοκένταυροι,,
2130,113340906,were announced,132,προσελαύνοντες,,
2131,113340901,by,132,ὑπὸ,,
2132,113340902,the,132,τῶν,,
2133,113340903,lookouts,132,σκοπῶν,,
2134,113340908,these,132,οὓς,,
2135,113340908,were,132,οὓς,,
2136,113340908,the,132,οὓς,,
2137,113340908,ones,132,οὓς,,
2138,113340909,were required,132,ἔδει,,
2139,113340910,to meet,132,πρὸ,,
2140,113340911,before,132,τῆς,,
2141,113340912,the,132,μάχης,,
2142,113340912,battle,132,μάχης,,
2143,113340914,to,132,τῷ,,
2144,113340915,Phaethon,132,Φαέθοντι,,
2145,113340917,And,133,καὶ,,
2146,113340918,so,133,δὴ,,
2147,113340919,appeared,133,ἐφαίνοντο,,
2148,113340920,approaching,133,προσιόντες,,
2149,113340922,spectacle,133,θέαμα,,
2150,113340923,extraordinary,133,παραδοξότατον,,
2151,113340925,of,133,ἐξ,,
2152,113340926,horses,133,ἵππων,,
2153,113340927,winged,133,πτερωτῶν,,
2154,113340928,and,133,καὶ,,
2155,113340929,men,133,ἀνθρώπων,,
2156,113340930,composed,133,συγκείμενοι,,
2157,113340932,size,134,μέγεθος,,
2158,113340933,but,134,δέ,,
2159,113340934,of,134,τῶν,,
2160,113340935,the,134,μέν,,
2161,113340936,men,134,ἀνθρώπων,,
2162,113340937,was,134,ὅσον,,
2163,113340938,about,134,τοῦ,,
2164,113340939,Rhodian,134,Ῥοδίων,,
2165,113340940,Colossus,134,κολοσσοῦ,,
2166,113340941,up,134,ἐξ,,
2167,113340942,to,134,ἡμισείας,,
2168,113340943,the,134,ἐς,,
2169,113340944,top,134,τὸ,,
2170,113340947,and,134,τῶν,,
2171,113340948,the,134,δὲ,,
2172,113340949,horses,134,ἵππων,,
2173,113340950,was,134,ὅσον,,
2174,113340951,like,134,νεώς,,
2175,113340952,large,134,μεγάλης,,
2176,113340953,cargo-ship,134,φορτίδος,,
2177,113340956,However,135,μέντοι,,
2178,113340960,did not write down,135,ἀνέγραψα,,
2179,113340959,not,135,οὐκ,,
2180,113340957,multitude,135,πλῆθος,,
2181,113340958,their,135,αὐτῶν,,
2182,113340966,seem,135,δόξῃ,,
2183,113340965,unbelievable,135,ἄπιστον,,
2184,113340964,too,135,καὶ,,
2185,113340968,so great,135,τοσοῦτον,,
2186,113340969,was,135,ἦν,,
2187,113340971,was leading,136,ἡγεῖτο,,
2188,113340972,And,136,δὲ,,
2189,113340973,them,136,αὐτῶν,,
2190,113340978,archer,136,τοξότης,,
2191,113340974,the,136,ὁ,,
2192,113340975,from,136,ἐκ,,
2193,113340976,the,136,τοῦ,,
2194,113340977,zodiac,136,ζῳδιακοῦ,,
2195,113340980,when,137,ἐπεὶ,,
2196,113340982,realized,137,ᾔσθοντο,,
2197,113340983,their,137,τοὺς,,
2198,113340984,friends,137,φίλους,,
2199,113340985,had been defeated,137,νενικημένους,,
2200,113340988,they,137,μὲν,,
2201,113340990,Phaethon,137,Φαέθοντα,,
2202,113340991,sent,137,ἔπεμπον,,
2203,113340992,messenger,137,ἀγγελίαν,,
2204,113340994,come back,137,ἐπιέναι,,
2205,113340996,they themselves,137,αὐτοὶ,,
2206,113340998,having drawn up,137,διαταξάμενοι,,
2207,113341000,attacked,137,ἐπιπίπτουσι,,
2208,113341002,Selenites,137,Σεληνίταις,,
2209,113340999,confusion,137,τεταραγμένοις,,
2210,113341011,scattered,137,διεσκεδασμένοις,,
2211,113341004,disordered,137,ἀτάκτως,,
2212,113341005,in their pursuit,137,περὶ,,
2213,113341007,pursuit,137,δίωξιν,,
2214,113341010,booty,137,λάφυρα,,
2215,113341013,They,138,καὶ,,
2216,113341014,everyone,138,πάντας,,
2217,113341015,put ... to flight,138,μὲν,,
2218,113341016,put ... to flight,138,τρέπουσιν,,
2219,113341018,flight,138,αὐτὸν,,
2220,113341019,but,138,δὲ,,
2221,113341020,that very,138,τὸν,,
2222,113341021,king,138,βασιλέα,,
2223,113341022,pursue,138,καταδιώκουσι,,
2224,113341023,toward,138,πρὸς,,
2225,113341024,the,138,τὴν,,
2226,113341025,city,138,πόλιν,,
2227,113341026,and,138,καὶ,,
2228,113341027,they,138,τὰ,,
2229,113341028,most,138,πλεῖστα,,
2230,113341029,of,138,τῶν,,
2231,113341030,his,138,ὀρνέων,,
2232,113341031,his,138,αὐτοῦ,,
2233,113341032,kill,138,κτείνουσιν,,
2234,113341031,birds,138,αὐτοῦ,,
2235,113341034,pulled,139,ἀνέσπασαν,,
2236,113341035,as,139,δὲ,,
2237,113341036,well,139,καὶ,,
2238,113341037,the,139,τὰ,,
2239,113341038,trophies,139,τρόπαια,,
2240,113341040,ran,139,κατέδραμον,,
2241,113341041,entire,139,ἅπαν,,
2242,113341042,the,139,τὸ,,
2243,113341046,plain,139,πεδίον,,
2244,113341043,by,139,ὑπὸ,,
2245,113341044,the,139,τῶν,,
2246,113341045,spiders,139,ἀραχνῶν,,
2247,113341047,woven,139,ὑφασμένον,,
2248,113341049,me,139,ἐμὲ,,
2249,113341050,but,139,δὲ,,
2250,113341051,also,139,καὶ,,
2251,113341052,a,139,δύο,,
2252,113341053,couple,139,τινὰς,,
2253,113341054,my,139,τῶν,,
2254,113341055,companions,139,ἑταίρων,,
2255,113341056,captured,139,ἐζώγρησαν,,
2256,113341058,Already,140,ἤδη,,
2257,113341059,indeed,140,δὲ,,
2258,113341063,Phaethon,140,Φαέθων,,
2259,113341060,had arrived,140,παρῆν,,
2260,113341061,and,140,καὶ,,
2261,113341065,again,140,αὖθις,,
2262,113341066,other,140,ἄλλα,,
2263,113341067,trophies,140,τρόπαια,,
2264,113341070,were being set up,140,ἵστατο,,
2265,113341068,by,140,ὑπ’,,
2266,113341069,them,140,ἐκείνων,,
2267,113341072,We,141,ἡμεῖς,,
2268,113341073,therefore,141,μὲν,,
2269,113341074,therefore,141,οὖν,,
2270,113341075,were taken away,141,ἀπηγόμεθα,,
2271,113341076,to,141,ἐς,,
2272,113341077,the,141,τὸν,,
2273,113341078,sun,141,ἥλιον,,
2274,113341079,day,141,αὐθημερὸν,,
2275,113341080,that,141,τὼ,,
2276,113341081,hands,141,χεῖρε,,
2277,113341082,behind,141,ὀπίσω,,
2278,113341083,bound,141,δεθέντες,,
2279,113341084,cobweb,141,ἀραχνίου,,
2280,113341085,scrap,141,ἀποκόμματι,,
2281,113341088,But,142,δὲ,,
2282,113341087,the,142,οἱ,,
2283,113341096,turning,142,ἀναστρέψαντες,,
2284,113341089,besiege,142,πολιορκεῖν,,
2285,113341091,not,142,οὐκ,,
2286,113341092,knew,142,ἔγνωσαν,,
2287,113341090,how,142,μὲν,,
2288,113341093,the,142,τὴν,,
2289,113341094,city,142,πόλιν,,
2290,113341097,instead,142,δὲ,,
2291,113341102,built,142,ἀπετείχιζον,,
2292,113341099,air,142,μεταξὺ,,
2293,113341100,that,142,τοῦ,,
2294,113341101,was,142,ἀέρος,,
2295,113341098,between,142,τὸ,,
2296,113341104,so,142,ὥστε,,
2297,113341105,no,142,μηκέτι,,
2298,113341106,longer,142,τὰς,,
2299,113341107,rays,142,αὐγὰς,,
2300,113341108,of,142,ἀπὸ,,
2301,113341109,the,142,τοῦ,,
2302,113341110,sun,142,ἡλίου,,
2303,113341114,reached,142,διήκειν,,
2304,113341111,the,142,πρὸς,,
2305,113341112,moon,142,τὴν,,
2306,113341117,But,143,δὲ,,
2307,113341116,the,143,τὸ,,
2308,113341118,wall,143,τεῖχος,,
2309,113341119,was,143,ἦν,,
2310,113341120,double,143,διπλοῦν,,
2311,113341122,cloudy,143,νεφελωτὸν,,
2312,113341124,So,144,ὥστε,,
2313,113341125,clear,144,σαφὴς,,
2314,113341126,eclipse,144,ἔκλειψις,,
2315,113341127,of,144,τῆς,,
2316,113341128,moon,144,σελήνης,,
2317,113341129,occurred,144,ἐγεγόνει,,
2318,113341130,and,144,καὶ,,
2319,113341131,night,144,νυκτὶ,,
2320,113341132,whole,144,διηνεκεῖ,,
2321,113341133,whole,144,πᾶσα,,
2322,113341134,was held,144,κατείχετο,,
2323,113341136,Being,145,πιεζόμενος,,
2324,113341137,,145,δὲ,,
2325,113341138,by,145,τούτοις,,
2326,113341139,,145,ὁ,,
2327,113341140,Endymion,145,Ἐνδυμίων,,
2328,113341141,having,145,πέμψας,,
2329,113341142,begged,145,ἱκέτευε,,
2330,113341143,dismantle,145,καθαιρεῖν,,
2331,113341144,the,145,τὸ,,
2332,113341145,structure,145,οἰκοδόμημα,,
2333,113341146,,145,καὶ,,
2334,113341147,,145,μὴ,,
2335,113341148,them,145,σφᾶς,,
2336,113341149,let,145,περιορᾶν,,
2337,113341150,,145,ἐν,,
2338,113341151,in,145,σκότῳ,,
2339,113341152,darkness,145,βιοτεύοντας,,
2340,113341153,,145,",",,
2341,113341154,he,145,ὑπισχνεῖτο,,
2342,113341155,,145,δὲ,,
2343,113341156,also,145,καὶ,,
2344,113341157,pay,145,φόρους,,
2345,113341158,tribute,145,τελέσειν,,
2346,113341159,,145,καὶ,,
2347,113341160,be,145,σύμμαχος,,
2348,113341161,an,145,ἔσεσθαι,,
2349,113341162,ally,145,καὶ,,
2350,113341163,,145,μηκέτι,,
2351,113341164,fight,145,πολεμήσειν,,
2352,113341165,,145,",",,
2353,113341166,,145,καὶ,,
2354,113341167,give,145,ὁμήρους,,
2355,113341168,,145,ἐπὶ,,
2356,113341169,on,145,τούτοις,,
2357,113341170,these,145,δοῦναι,,
2358,113341171,terms,145,ἤθελεν,,
2359,113341172,,145,.,,
2360,113341174,However,146,δὲ,,
2361,113341173,those,146,οἱ,,
2362,113341175,around,146,περὶ,,
2363,113341176,Phaethon,146,τὸν,,
2364,113341177,Phaethon,146,Φαέθοντα,,
2365,113341178,had taken place,146,γενομένης,,
2366,113341179,two,146,δὶς,,
2367,113341180,assemblies,146,ἐκκλησίας,,
2368,113341181,during,146,τῇ,,
2369,113341182,the first,146,προτεραίᾳ,,
2370,113341183,at all,146,μὲν,,
2371,113341184,not,146,οὐδὲν,,
2372,113341185,relax,146,παρέλυσαν,,
2373,113341186,their,146,τῆς,,
2374,113341187,anger,146,ὀργῆς,,
2375,113341189,during,146,τῇ,,
2376,113341190,the second,146,ὑστεραίᾳ,,
2377,113341191,but,146,δὲ,,
2378,113341192,changed their minds,146,μετέγνωσαν,,
2379,113341194,and,146,καὶ,,
2380,113341195,was established,146,ἐγένετο,,
2381,113341196,peace,146,ἡ,,
2382,113341197,peace,146,εἰρήνη,,
2383,113341198,on,146,ἐπὶ,,
2384,113341199,this basis,146,τούτοις,,
2385,113341201,On,147,κατὰ,,
2386,113341202,these,147,τάδε,,
2387,113341203,terms,147,συνθήκας,,
2388,113341205,the,147,Ἡλιῶται,,
2389,113341206,and,147,καὶ,,
2390,113341207,their,147,οἱ,,
2391,113341208,allies,147,σύμμαχοι,,
2392,113341204,made,147,ἐποιήσαντο,,
2393,113341209,with,147,πρὸς,,
2394,113341210,the,147,Σεληνίτας,,
2395,113341211,and,147,καὶ,,
2396,113341212,their,147,τοὺς,,
2397,113341213,allies,147,συμμάχους,,
2398,113341215,that,147,ἐπὶ,,
2399,113341216,the,147,τῷ,,
2400,113341217,should,147,καταλῦσαι,,
2401,113341218,first,147,μὲν,,
2402,113341219,the,147,τοὺς,,
2403,113341220,Heliotae,147,Ἡλιώτας,,
2404,113341221,dismantle,147,τὸ,,
2405,113341222,the,147,διατείχισμα,,
2406,113341223,and,147,καὶ,,
2407,113341224,no,147,μηκέτι,,
2408,113341225,longer,147,ἐς,,
2409,113341226,attack,147,τὴν,,
2410,113341227,the,147,σελήνην,,
2411,113341228,Moon,147,ἐσβάλλειν,,
2412,113341230,hand,147,ἀποδοῦναι,,
2413,113341231,over,147,δὲ,,
2414,113341232,and,147,καὶ,,
2415,113341233,secondly,147,τοὺς,,
2416,113341234,the,147,αἰχμαλώτους,,
2417,113341235,prisoners,147,ῥητοῦ,,
2418,113341236,each,147,ἕκαστον,,
2419,113341237,one,147,χρήματος,,
2420,113341238,for,147,",",,
2421,113341239,a,147,τοὺς,,
2422,113341240,ransom,147,δὲ,,
2423,113341241,of,147,Σεληνίτας,,
2424,113341242,a,147,ἀφεῖναι,,
2425,113341243,specific,147,μὲν,,
2426,113341244,sum,147,αὐτονόμους,,
2427,113341245,that,147,τούς,,
2428,113341246,the,147,γε,,
2429,113341247,Selinitae,147,ἄλλους,,
2430,113341248,should,147,ἀστέρας,,
2431,113341249,leave,147,",",,
2432,113341250,them,147,ὅπλα,,
2433,113341251,autonomous,147,δὲ,,
2434,113341252,and,147,μὴ,,
2435,113341253,all,147,ἐπιφέρειν,,
2436,113341254,the,147,τοῖς,,
2437,113341255,other,147,Ἡλιώταις,,
2438,113341256,stars,147,",",,
2439,113341257,but,147,συμμαχεῖν,,
2440,113341258,not,147,δὲ,,
2441,113341259,bring,147,τῇ,,
2442,113341260,weapons,147,ἀλλήλων,,
2443,113341261,against,147,",",,
2444,113341262,the,147,ἤν,,
2445,113341263,Heliotae,147,τις,,
2446,113341264,and,147,ἐπίῃ,,
2447,113341265,that,147,.,,
2448,113341266,they,147,,,
2449,113341267,should,147,,,
2450,113341268,be,147,,,
2451,113341269,allies,147,,,
2452,113341270,to,147,,,
2453,113341271,one,147,,,
2454,113341272,another,147,,,
2455,113341273,whenever,147,,,
2456,113341274,anyone,147,,,
2457,113341275,should,147,,,
2458,113341276,attack,147,,,
2459,113341272,king,148,βασιλέα,,
2460,113341273,of,148,τῶν,,
2461,113341274,Moon-people,148,Σεληνιτῶν,,
2462,113341266,tribute,148,φόρον,,
2463,113341268,pay,148,ὑποτελεῖν,,
2464,113341277,of,148,τῶν,,
2465,113341278,Sun-people,148,Ἡλιωτῶν,,
2466,113341271,the,148,τὸν,,
2467,113341276,king,148,βασιλεῖ,,
2468,113341275,to,148,τῷ,,
2469,113341280,amphorae,148,ἀμφορέας,,
2470,113341279,of,148,δρόσου,,
2471,113341269,annual,148,ἑκάστου,,
2472,113341270,year,148,ἔτους,,
2473,113341281,ten,148,μυρίους,,
2474,113341289,thousand,148,μυρίους,,
2475,113341284,hostages,148,ὁμήρους,,
2476,113341286,their,148,σφῶν,,
2477,113341287,own,148,αὐτῶν,,
2478,113341288,give,148,δοῦναι,,
2479,113341293,colony,148,ἀποικίαν,,
2480,113341295,to,148,ἐς,,
2481,113341297,Morning,148,Ἑωσφόρον,,
2482,113341296,Star,148,τὸν,,
2483,113341298,in,148,κοινῇ,,
2484,113341299,common,148,ποιεῖσθαι,,
2485,113341302,share,148,μετέχειν,,
2486,113341303,in,148,τῶν,,
2487,113341304,rest,148,ἄλλων,,
2488,113341308,write,149,ἐγγράψαι,,
2489,113341309,And,149,δὲ,,
2490,113341310,the,149,τὰς,,
2491,113341311,treaty,149,συνθήκας,,
2492,113341312,column,149,στήλῃ,,
2493,113341313,amber,149,ἠλεκτρίνῃ,,
2494,113341314,and,149,καὶ,,
2495,113341315,set,149,ἀναστῆσαι,,
2496,113341316,in,149,ἐν,,
2497,113341317,midst,149,μέσῳ,,
2498,113341318,the,149,τῷ,,
2499,113341319,air,149,ἀέρι,,
2500,113341320,above,149,ἐπὶ,,
2501,113341321,the,149,τοῖς,,
2502,113341322,borders,149,μεθορίοις,,
2503,113341324,swore,150,ὤμοσαν,,
2504,113341325,and,150,δὲ,,
2505,113341326,Sun-dwellers,150,Ἡλιωτῶν,,
2506,113341327,by,150,μὲν,,
2507,113341328,Pyronides,150,Πυρωνίδης,,
2508,113341329,and,150,καὶ,,
2509,113341330,Therites,150,Θερείτης,,
2510,113341331,and,150,καὶ,,
2511,113341332,Phlogius,150,Φλόγιος,,
2512,113341334,Moon-dwellers,150,Σεληνιτῶν,,
2513,113341335,by,150,δὲ,,
2514,113341336,Nyktor,150,Νύκτωρ,,
2515,113341337,and,150,καὶ,,
2516,113341338,Menios,150,Μήνιος,,
2517,113341339,and,150,καὶ,,
2518,113341340,Polylampes,150,Πολυλάμπης,,
2519,113341342,Such,151,τοιαύτη,,
2520,113341343,was,151,μὲν,,
2521,113341344,the,151,ἡ,,
2522,113341345,peace,151,εἰρήνη,,
2523,113341346,established,151,ἐγένετο,,
2524,113341348,Immediately,152,εὐθὺς,,
2525,113341349,but,152,δὲ,,
2526,113341350,the,152,τὸ,,
2527,113341351,wall,152,τεῖχος,,
2528,113341352,was being demolished,152,καθῃρεῖτο,,
2529,113341353,and,152,καὶ,,
2530,113341354,us,152,ἡμᾶς,,
2531,113341355,as,152,τοὺς,,
2532,113341356,captives,152,αἰχμαλώτους,,
2533,113341357,handed over,152,ἀπέδοσαν,,
2534,113341359,when,153,ἐπεὶ,,
2535,113341360,And,153,δὲ,,
2536,113341361,arrived,153,ἀφικόμεθα,,
2537,113341362,at,153,ἐς,,
2538,113341363,the,153,τὴν,,
2539,113341364,Moon,153,σελήνην,,
2540,113341366,met,153,ὑπηντίαζον,,
2541,113341367,us,153,ἡμᾶς,,
2542,113341368,and,153,καὶ,,
2543,113341369,embraced,153,ἠσπάζοντο,,
2544,113341370,with,153,μετὰ,,
2545,113341371,tears,153,δακρύων,,
2546,113341372,both,153,οἵ,,
2547,113341373,our,153,τε,,
2548,113341374,companions,153,ἑταῖροι,,
2549,113341375,and,153,καὶ,,
2550,113341376,Endymion,153,ὁ,,
2551,113341377,Endymion,153,Ἐνδυμίων,,
2552,113341378,himself,153,αὐτός,,
2553,113341380,And,154,καὶ,,
2554,113341382,indeed,154,μὲν,,
2555,113341383,asked,154,ἠξίου,,
2556,113341384,me,154,με,,
2557,113341385,to remain,154,μεῖναί,,
2558,113341387,with,154,παρ’,,
2559,113341388,him,154,αὑτῷ,,
2560,113341389,and,154,καὶ,,
2561,113341390,to share,154,κοινωνεῖν,,
2562,113341391,in,154,τῆς,,
2563,113341392,the colony,154,ἀποικίας,,
2564,113341394,promising,154,ὑπισχνούμενος,,
2565,113341395,to give,154,δώσειν,,
2566,113341396,in,154,πρὸς,,
2567,113341397,marriage,154,γάμον,,
2568,113341399,his,154,ἑαυτοῦ,,
2569,113341400,son,154,παῖδα,,
2570,113341403,For,155,γὰρ,,
2571,113341402,women,155,γυναῖκες,,
2572,113341405,are,155,εἰσὶ,,
2573,113341404,not,155,οὐκ,,
2574,113341406,among,155,παρ’,,
2575,113341407,them,155,αὐτοῖς,,
2576,113341410,But,156,δὲ,,
2577,113341409,I,156,ἐγὼ,,
2578,113341411,in no way,156,οὐδαμῶς,,
2579,113341412,was persuaded,156,ἐπειθόμην,,
2580,113341414,rather,156,ἀλλ’,,
2581,113341415,insisted,156,ἠξίουν,,
2582,113341416,on being sent,156,ἀποπεμφθῆναι,,
2583,113341417,down,156,κάτω,,
2584,113341418,into,156,ἐς,,
2585,113341419,the,156,τὴν,,
2586,113341420,sea,156,θάλατταν,,
2587,113341422,Since,157,ὡς,,
2588,113341423,he,157,δὲ,,
2589,113341424,recognized,157,ἔγνω,,
2590,113341425,it,157,ἀδύνατον,,
2591,113341426,was,157,ὂν,,
2592,113341427,impossible,157,πείθειν,,
2593,113341425,to persuade,157,ἀδύνατον,,
2594,113341429,he,157,ἀποπέμπει,,
2595,113341430,sent,157,ἡμᾶς,,
2596,113341431,away,157,ἑστιάσας,,
2597,113341432,after,157,ἑπτὰ,,
2598,113341433,hosting,157,ἡμέρας,,
2599,113341434,us,157,.,,
2600,113341435,for,157,,,
2601,113341436,seven,157,,,
2602,113341437,days,157,,,
2603,113341436,But,158,δὲ,,
2604,113341438,as,158,τῷ,,
2605,113341439,I,158,μεταξὺ,,
2606,113341440,was spending,158,διατρίβων,,
2607,113341437,time,158,ἐν,,
2608,113341438,in,158,τῷ,,
2609,113341439,the,158,μεταξὺ,,
2610,113341439,space,158,μεταξὺ,,
2611,113341439,between,158,μεταξὺ,,
2612,113341441,in,158,ἐν,,
2613,113341442,the,158,τῇ,,
2614,113341443,moon,158,σελήνῃ,,
2615,113341444,I noticed,158,κατενόησα,,
2616,113341445,things,158,καινὰ,,
2617,113341445,that,158,καινὰ,,
2618,113341445,were,158,καινὰ,,
2619,113341445,new,158,καινὰ,,
2620,113341446,and,158,καὶ,,
2621,113341447,strange,158,παράδοξα,,
2622,113341449,these,158,ταῦτα,,
2623,113341449,are,158,ταῦτα,,
2624,113341449,the,158,ταῦτα,,
2625,113341449,things,158,ταῦτα,,
2626,113341450,I wish,158,βούλομαι,,
2627,113341451,to tell,158,εἰπεῖν,,
2628,113341453,First,159,πρῶτα,,
2629,113341454,of all,159,μὲν,,
2630,113341455,that,159,τὸ,,
2631,113341456,not,159,μὴ,,
2632,113341457,from,159,ἐκ,,
2633,113341458,women,159,γυναικῶν,,
2634,113341459,born,159,γεννᾶσθαι,,
2635,113341460,they,159,αὐτούς,,
2636,113341462,but,159,ἀλλ’,,
2637,113341463,from,159,ἀπὸ,,
2638,113341464,men,159,τῶν,,
2639,113341468,For,160,γὰρ,,
2640,113341471,they use,160,χρῶνται,,
2641,113341467,marriages,160,γάμοις,,
2642,113341470,men,160,ἄρρεσι,,
2643,113341472,and,160,καὶ,,
2644,113341473,do not,160,οὐ,,
2645,113341478,know,160,ἴσασι,,
2646,113341475,name,160,ὄνομα,,
2647,113341476,of a woman,160,γυναικὸς,,
2648,113341477,at all,160,ὅλως,,
2649,113341482,For,161,οὖν,,
2650,113341483,twenty-five,161,πέντε,,
2651,113341484,and,161,καὶ,,
2652,113341485,twenty-five,161,εἴκοσι,,
2653,113341486,years,161,ἐτῶν,,
2654,113341488,each,161,ἕκαστος,,
2655,113341487,is married,161,γαμεῖται,,
2656,113341491,but,161,δὲ,,
2657,113341490,from,161,ἀπὸ,,
2658,113341492,these,161,τούτων,,
2659,113341486,years,161,ἐτῶν,,
2660,113341494,he,161,αὐτός,,
2661,113341493,marries,161,γαμεῖ,,
2662,113341494,himself,161,αὐτός,,
2663,113341497,But,162,δὲ,,
2664,113341496,conceive,162,κύουσι,,
2665,113341498,not,162,οὐκ,,
2666,113341499,in,162,ἐν,,
2667,113341500,the,162,τῇ,,
2668,113341501,belly,162,νηδύϊ,,
2669,113341503,but,162,ἀλλ’,,
2670,113341504,in,162,ἐν,,
2671,113341505,the,162,ταῖς,,
2672,113341506,calves,162,γαστροκνημίαις,,
2673,113341509,For,163,γὰρ,,
2674,113341508,when,163,ἐπειδὰν,,
2675,113341510,is conceived,163,συλλάβῃ,,
2676,113341511,the,163,τὸ,,
2677,113341512,fetus,163,ἔμβρυον,,
2678,113341515,the,163,ἡ,,
2679,113341516,leg,163,κνήμη,,
2680,113341514,thickens,163,παχύνεται,,
2681,113341518,and,163,καὶ,,
2682,113341519,later,163,χρόνῳ,,
2683,113341520,later,163,ὕστερον,,
2684,113341521,cutting,163,ἀνατεμόντες,,
2685,113341522,bring out,163,ἐξάγουσι,,
2686,113341523,corpses,163,νεκρά,,
2687,113341525,placing,163,θέντες,,
2688,113341526,but,163,δ’,,
2689,113341527,them,163,αὐτὰ,,
2690,113341528,before,163,πρὸς,,
2691,113341529,the,163,τὸν,,
2692,113341530,wind,163,ἄνεμον,,
2693,113341531,gaping,163,κεχηνότα,,
2694,113341532,bring back to life,163,ζῳοποιοῦσιν,,
2695,113341534,seems,164,δοκεῖ,,
2696,113341535,moreover,164,δέ,,
2697,113341536,to me,164,μοι,,
2698,113341537,moreover,164,καὶ,,
2699,113341538,from,164,ἐς,,
2700,113341539,the,164,τοὺς,,
2701,113341540,Greeks,164,Ἕλληνας,,
2702,113341541,there,164,ἐκεῖθεν,,
2703,113341542,comes,164,ἥκειν,,
2704,113341543,of the,164,τῆς,,
2705,113341544,'gastrocnemius',164,γαστροκνημίας,,
2706,113341545,the,164,το-,,
2707,113341546,name,164,τοὔνομα,,
2708,113341548,because,164,ὅτι,,
2709,113341549,among,164,παρ’,,
2710,113341550,them,164,ἐκείνοις,,
2711,113341551,in place of,164,ἀντὶ,,
2712,113341552,stomach,164,γαστρὸς,,
2713,113341553,carries,164,κυοφορεῖ,,
2714,113341555,greater,165,μεῖζον,,
2715,113341556,But,165,δὲ,,
2716,113341557,this,165,τούτου,,
2717,113341558,another,165,ἄλλο,,
2718,113341559,tell,165,διηγήσομαι,,
2719,113341561,race,166,γένος,,
2720,113341562,is,166,ἐστὶ,,
2721,113341563,among,166,παρ’,,
2722,113341564,them,166,αὐτοῖς,,
2723,113341565,of men,166,ἀνθρώπων,,
2724,113341566,called,166,οἱ,,
2725,113341567,called,166,καλούμενοι,,
2726,113341568,Dendritai,166,Δενδρῖται,,
2727,113341570,comes,166,γίνεται,,
2728,113341571,and,166,δὲ,,
2729,113341572,the,166,τὸν,,
2730,113341573,manner,166,τρόπον,,
2731,113341574,following,166,τοῦτον,,
2732,113341576,testicle,167,ὄρχιν,,
2733,113341577,man,167,ἀνθρώπου,,
2734,113341578,the,167,τὸν,,
2735,113341579,right,167,δεξιὸν,,
2736,113341580,Cutting,167,ἀποτεμόντες,,
2737,113341581,in,167,ἐν,,
2738,113341582,earth,167,γῇ,,
2739,113341583,plant,167,φυτεύουσιν,,
2740,113341585,from,167,ἐκ,,
2741,113341587,it,167,αὐτοῦ,,
2742,113341588,tree,167,δένδρον,,
2743,113341589,grows,167,ἀναφύεται,,
2744,113341590,mighty,167,μέγιστον,,
2745,113341592,fleshy,167,σάρκινον,,
2746,113341594,like,167,οἷον,,
2747,113341595,phallus,167,φαλλός,,
2748,113341599,And,168,καὶ,,
2749,113341597,it,168,ἔχει,,
2750,113341597,has,168,ἔχει,,
2751,113341600,branches,168,κλάδους,,
2752,113341601,and,168,καὶ,,
2753,113341602,leaves,168,φύλλα,,
2754,113341605,But,169,δὲ,,
2755,113341604,the,169,ὁ,,
2756,113341606,fruit,169,καρπός,,
2757,113341607,consists,169,ἐστι,,
2758,113341608,acorns,169,βάλανοι,,
2759,113341610,the,169,τὸ,,
2760,113341609,cubit,169,πηχυαῖοι,,
2761,113341611,size,169,μέγεθος,,
2762,113341613,when,170,ἐπειδὰν,,
2763,113341614,they,170,οὖν,,
2764,113341615,have ripened,170,πεπανθῶσιν,,
2765,113341617,having harvested,170,τρυγήσαντες,,
2766,113341618,them,170,αὐτὰς,,
2767,113341619,crack open,170,ἐκκολάπτουσι,,
2768,113341620,the,170,τοὺς,,
2769,113341621,people,170,ἀνθρώπους,,
2770,113341623,modest,171,αἰδοῖα,,
2771,113341624,however,171,μέντοι,,
2772,113341625,additions,171,πρόσθετα,,
2773,113341626,have,171,ἔχουσιν,,
2774,113341628,They,171,οἱ,,
2775,113341629,do,171,μὲν,,
2776,113341630,ivory,171,ἐλεφάντινα,,
2777,113341632,some,171,οἱ,,
2778,113341633,while,171,δὲ,,
2779,113341634,the poor,171,πένητες,,
2780,113341636,wooden,171,ξύλινα,,
2781,113341635,their own,171,αὐτῶν,,
2782,113341639,through,171,διὰ,,
2783,113341640,these,171,τούτων,,
2784,113341641,approach,171,ὀχεύουσι,,
2785,113341642,and,171,καὶ,,
2786,113341643,draw near,171,πλησιάζουσι,,
2787,113341644,to,171,τοῖς,,
2788,113341645,husbands,171,γαμέταις,,
2789,113341646,the,171,τοῖς,,
2790,113341647,own,171,ἑαυτῶν,,
2791,113341649,when,172,ἐπειδὰν,,
2792,113341650,But,172,δὲ,,
2793,113341651,grows old,172,γηράσῃ,,
2794,113341652,a,172,ὁ,,
2795,113341653,man,172,ἄνθρωπος,,
2796,113341655,does not,172,οὐκ,,
2797,113341656,die,172,ἀποθνῄσκει,,
2798,113341658,rather,172,ἀλλ’,,
2799,113341659,like,172,ὥσπερ,,
2800,113341660,smoke,172,καπνὸς,,
2801,113341661,dispersed,172,διαλυόμενος,,
2802,113341662,air,172,ἀὴρ,,
2803,113341663,becomes,172,γίνεται,,
2804,113341665,food,173,τροφὴ,,
2805,113341666,And,173,δὲ,,
2806,113341667,for all,173,πᾶσιν,,
2807,113341668,the,173,ἡ,,
2808,113341669,this,173,αὐτή,,
2809,113341668,is,173,ἡ,,
2810,113341672,For,174,γὰρ,,
2811,113341671,when,174,ἐπειδὰν,,
2812,113341673,fire,174,πῦρ,,
2813,113341674,kindled,174,ἀνακαύσωσιν,,
2814,113341676,frogs,174,βατράχους,,
2815,113341677,roast,174,ὀπτῶσιν,,
2816,113341678,on,174,ἐπὶ,,
2817,113341679,the,174,τῶν,,
2818,113341680,coals,174,ἀνθράκων,,
2819,113341682,many,175,πολλοὶ,,
2820,113341683,And,175,δὲ,,
2821,113341684,among,175,παρ’,,
2822,113341685,them,175,αὐτοῖς,,
2823,113341686,are,175,εἰσιν,,
2824,113341687,in,175,ἐν,,
2825,113341688,the,175,τῷ,,
2826,113341689,air,175,ἀέρι,,
2827,113341690,flying,175,πετόμενοι,,
2828,113341692,roasting,176,ὀπτωμένων,,
2829,113341694,sit,176,περικαθεσθέντες,,
2830,113341695,as,176,ὥσπερ,,
2831,113341697,around,176,περὶ,,
2832,113341698,table,176,τράπεζαν,,
2833,113341701,inhaling,176,ἀναθυμιώμενον,,
2834,113341702,smoke,176,καπνὸν,,
2835,113341704,feasting,176,εὐωχοῦνται,,
2836,113341706,food,177,σίτῳ,,
2837,113341707,For,177,μὲν,,
2838,113341708,For,177,δὴ,,
2839,113341709,fed,177,τρέφονται,,
2840,113341710,such,177,τοιούτῳ,,
2841,113341712,drink,178,ποτὸν,,
2842,113341713,For,178,δὲ,,
2843,113341714,them,178,αὐτοῖς,,
2844,113341715,is,178,ἐστιν,,
2845,113341716,air,178,ἀὴρ,,
2846,113341717,squeezed,178,ἀποθλιβόμενος,,
2847,113341718,into,178,εἰς,,
2848,113341719,cup,178,κύλικα,,
2849,113341720,and,178,καὶ,,
2850,113341721,water,178,ὑγρὸν,,
2851,113341722,flowing,178,ἀνεὶς,,
2852,113341723,like,178,ὥσπερ,,
2853,113341724,dew,178,δρόσον,,
2854,113341726,No,179,οὐ,,
2855,113341727,they,179,μὴν,,
2856,113341728,urinate,179,ἀπουροῦσίν,,
2857,113341729,or,179,γε,,
2858,113341730,defecate,179,καὶ,,
2859,113341731,defecate,179,ἀφοδεύουσιν,,
2860,113341733,but,179,ἀλλ’,,
2861,113341734,not,179,οὐ,,
2862,113341735,bored,179,-δὲ,,
2863,113341736,bored,179,τέτρηνται,,
2864,113341737,like,179,ᾗπερ,,
2865,113341738,we,179,ἡμεῖς,,
2866,113341739,are,179,",",,
2867,113341740,nor,179,οὐ,,
2868,113341741,do,179,-δὲ,,
2869,113341742,the,179,τὴν,,
2870,113341743,sexual,179,συνουσίαν,,
2871,113341744,intercourse,179,οἱ,,
2872,113341745,children,179,παῖδες,,
2873,113341746,provide,179,ἐν,,
2874,113341747,on,179,ταῖς,,
2875,113341748,the,179,ἕδραις,,
2876,113341749,seats,179,παρέχουσιν,,
2877,113341751,but,179,ἀλλ’,,
2878,113341752,on,179,ἐν,,
2879,113341753,the,179,ταῖς,,
2880,113341754,thighs,179,ἰγνύαις,,
2881,113341755,above,179,ὑπὲρ,,
2882,113341756,the,179,τὴν,,
2883,113341757,calves,179,γαστροκνημίαν,,
2884,113341758,there,179,ἐκεῖ,,
2885,113341759,for,179,γάρ,,
2886,113341760,are,179,εἰσι,,
2887,113341761,bored,179,τετρημένοι,,
2888,113341762,there,179,.,,
2889,113341766,among,180,παρ’,,
2890,113341767,them,180,αὐτοῖς,,
2891,113341763,handsome,180,καλὸς,,
2892,113341770,a man,180,τις,,
2893,113341765,is considered,180,νομίζεται,,
2894,113341774,he,180,ᾖ,,
2895,113341768,is,180,ἢν,,
2896,113341769,somewhere,180,πού,,
2897,113341771,bald,180,φαλακρὸς,,
2898,113341772,and,180,καὶ,,
2899,113341773,beardless,180,ἄκομος,,
2900,113341777,but,180,δὲ,,
2901,113341776,they,180,τοὺς,,
2902,113341780,detest,180,μυσάττονται,,
2903,113341778,men,180,κομήτας,,
2904,113341764,For,180,δὲ,,
2905,113341779,with hair,180,καὶ,,
2906,113341779,and beards,180,καὶ,,
2907,113341783,But,181,δὲ,,
2908,113341784,as,181,τῶν,,
2909,113341785,for,181,κομητῶν,,
2910,113341786,the,181,ἀστέρων,,
2911,113341787,cometary,181,το-,,
2912,113341788,stars,181,τοὐναντίον,,
2913,113341789,on,181,τοὺς,,
2914,113341790,the,181,κομήτας,,
2915,113341791,contrary,181,καλοὺς,,
2916,113341792,they,181,νομίζουσιν,,
2917,113341793,regard,181,.,,
2918,113341794,comets,181,,,
2919,113341795,as,181,,,
2920,113341796,beautiful,181,,,
2921,113341794,were visiting,182,ἐπεδήμουν,,
2922,113341795,For,182,γάρ,,
2923,113341796,some,182,τινες,,
2924,113341798,who,182,οἳ,,
2925,113341799,were,182,καὶ,,
2926,113341800,stories,182,περὶ,,
2927,113341801,about,182,ἐκείνων,,
2928,113341802,telling,182,διηγοῦντο,,
2929,113341802,them,182,διηγοῦντο,,
2930,113341804,Moreover,183,καὶ,,
2931,113341805,Moreover,183,μὴν,,
2932,113341806,Moreover,183,καὶ,,
2933,113341807,beards,183,γένεια,,
2934,113341808,grow,183,φύουσιν,,
2935,113341809,a little,183,μικρὸν,,
2936,113341810,above,183,ὑπὲρ,,
2937,113341811,the,183,τὰ,,
2938,113341812,knees,183,γόνατα,,
2939,113341814,And,184,καὶ,,
2940,113341815,nails,184,ὄνυχας,,
2941,113341816,in,184,ἐν,,
2942,113341817,their,184,τοῖς,,
2943,113341818,feet,184,ποσὶν,,
2944,113341819,do,184,οὐκ,,
2945,113341820,have,184,ἔχουσιν,,
2946,113341822,but,184,ἀλλὰ,,
2947,113341823,all,184,πάντες,,
2948,113341824,are,184,εἰσὶν,,
2949,113341825,one-toed,184,μονοδάκτυλοι,,
2950,113341827,over,185,ὑπὲρ,,
2951,113341828,And,185,δὲ,,
2952,113341829,each,185,τὰς,,
2953,113341831,each,185,ἑκάστῳ,,
2954,113341832,their,185,αὐτῶν,,
2955,113341830,buttocks,185,πυγὰς,,
2956,113341833,cabbage,185,κράμβη,,
2957,113341834,has grown,185,ἐκπέφυκε,,
2958,113341835,long,185,μακρὰ,,
2959,113341836,like,185,ὥσπερ,,
2960,113341837,tail,185,οὐρά,,
2961,113341839,sprouting,185,θάλλουσα,,
2962,113341841,forever,185,ἀεὶ,,
2963,113341842,and,185,καὶ,,
2964,113341843,lying,185,ὑπτίου,,
2965,113341844,back,185,ἀναπίπτοντος,,
2966,113341846,broken off,185,κατακλωμένη,,
2967,113341849,But,186,δὲ,,
2968,113341848,lick,186,ἀπομύττονται,,
2969,113341850,honey,186,μέλι,,
2970,113341851,sharpest,186,δριμύτατον,,
2971,113341853,And,187,κα-,,
2972,113341854,whenever,187,κἀπειδὰν,,
2973,113341855,or,187,ἢ,,
2974,113341856,toiling,187,πονῶσιν,,
2975,113341857,or,187,ἢ,,
2976,113341858,exercising,187,γυμνάζωνται,,
2977,113341860,from,187,γάλακτι,,
2978,113341861,entire,187,πᾶν,,
2979,113341862,,187,τὸ,,
2980,113341863,body,187,σῶμα,,
2981,113341864,sweat,187,ἱδροῦσιν,,
2982,113341866,that,187,ὥστε,,
2983,113341867,even,187,καὶ,,
2984,113341868,cheese,187,τυροὺς,,
2985,113341869,from,187,ἀπ’,,
2986,113341870,it,187,αὐτοῦ,,
2987,113341871,be curdled,187,πήγνυσθαι,,
2988,113341873,a little,187,ὀλίγον,,
2989,113341874,,187,τοῦ,,
2990,113341875,honey,187,μέλιτος,,
2991,113341876,adds,187,ἐπιστάξαντες,,
2992,113341878,oil,188,ἔλαιον,,
2993,113341879,and,188,δὲ,,
2994,113341880,make,188,ποιοῦνται,,
2995,113341881,from,188,ἀπὸ,,
2996,113341882,onions,188,τῶν,,
2997,113341883,onions,188,κρομμύων,,
2998,113341884,very,188,πάνυ,,
2999,113341885,greasy,188,λιπαρόν,,
3000,113341886,and,188,τε,,
3001,113341887,and,188,καὶ,,
3002,113341888,fragrant,188,εὐῶδες,,
3003,113341889,like,188,ὥσπερ,,
3004,113341890,perfume,188,μύρον,,
3005,113341892,vines,189,ἀμπέλους,,
3006,113341893,have,189,δὲ,,
3007,113341894,many,189,πολλὰς,,
3008,113341895,have,189,ἔχουσιν,,
3009,113341896,water-carrying,189,ὑδροφόρους,,
3010,113341899,For,190,γὰρ,,
3011,113341898,the,190,αἱ,,
3012,113341900,grapes,190,ῥᾶγες,,
3013,113341903,are,190,εἰσὶν,,
3014,113341904,so to speak,190,ὥσπερ,,
3015,113341905,hailstones,190,χάλαζα,,
3016,113341907,and,190,καί,,
3017,113341909,in my opinion,190,ἐμοὶ,,
3018,113341910,in my opinion,190,δοκεῖν,,
3019,113341912,when,190,ἐπειδὰν,,
3020,113341914,a gust of wind,190,ἄνεμος,,
3021,113341915,shakes,190,διασείσῃ,,
3022,113341916,those,190,τὰς,,
3023,113341917,vineyards,190,ἀμπέλους,,
3024,113341918,those,190,ἐκείνας,,
3025,113341920,then,190,τότε,,
3026,113341921,upon,190,πρὸς,,
3027,113341922,us,190,ἡμᾶς,,
3028,113341923,fall,190,καταπίπτει,,
3029,113341924,the,190,ἡ,,
3030,113341925,hailstones,190,χάλαζα,,
3031,113341926,burst,190,διαρραγέντων,,
3032,113341927,the,190,τῶν,,
3033,113341928,grapes,190,βοτρύων,,
3034,113341930,the,191,τῇ,,
3035,113341931,however,191,μέντοι,,
3036,113341932,belly,191,γαστρὶ,,
3037,113341933,whatever,191,ὅσα,,
3038,113341934,amount,191,πήρᾳ,,
3039,113341935,skin,191,χρῶνται,,
3040,113341936,put,191,τιθέντες,,
3041,113341937,in,191,ἐν,,
3042,113341938,it,191,αὐτῇ,,
3043,113341939,as,191,ὅσων,,
3044,113341940,need,191,δέονται,,
3045,113341943,For,192,γὰρ,,
3046,113341942,open,192,ἀνοικτὴ,,
3047,113341944,to,192,αὐτοῖς,,
3048,113341944,them,192,αὐτοῖς,,
3049,113341949,is,192,ἐστιν,,
3050,113341947,again,192,πάλιν,,
3051,113341946,and,192,καὶ,,
3052,113341948,closed,192,κλειστή,,
3053,113341947,again,192,πάλιν,,
3054,113341956,appears,193,φαίνεται,,
3055,113341955,her,193,αὐτῇ,,
3056,113341962,that,193,ὅτι,,
3057,113341953,nothing,193,οὐδὲν,,
3058,113341951,intestines,193,ἐντέρων,,
3059,113341954,exists,193,ὑπάρχειν,,
3060,113341952,except,193,δὲ,,
3061,113341959,this,193,τοῦτο,,
3062,113341960,one,193,μόνον,,
3063,113341962,that,193,ὅτι,,
3064,113341964,everything,193,πᾶσα,,
3065,113341965,inside,193,ἔντοσθε,,
3066,113341963,hairy,193,δασεῖα,,
3067,113341966,and,193,καὶ,,
3068,113341967,smooth,193,λάσιός,,
3069,113341968,,193,ἐστιν,,
3070,113341970,so,193,ὥστε,,
3071,113341971,even,193,καὶ,,
3072,113341972,the,193,τὰ,,
3073,113341973,newborns,193,νεογνά,,
3074,113341975,when,193,ἐπειδὰν,,
3075,113341976,a,193,ῥῖγος,,
3076,113341976,shiver,193,ῥῖγος,,
3077,113341977,,193,ᾖ,,
3078,113341979,into,193,ἐς,,
3079,113341980,it,193,ταύτην,,
3080,113341981,crawl,193,ὑποδύεται,,
3081,113341983,Clothing,194,ἐσθὴς,,
3082,113341984,however,194,δὲ,,
3083,113341985,for,194,τοῖς,,
3084,113341986,the,194,μὲν,,
3085,113341987,rich,194,πλουσίοις,,
3086,113341988,glass,194,ὑαλίνη,,
3087,113341989,soft,194,μαλθακή,,
3088,113341991,for,194,τοῖς,,
3089,113341992,the,194,πένησι,,
3090,113341992,poor,194,πένησι,,
3091,113341993,but,194,δὲ,,
3092,113341994,bronze,194,χαλκῆ,,
3093,113341995,woven,194,ὑφαντή,,
3094,113341997,rich,195,πολύχαλκα,,
3095,113341998,For,195,γὰρ,,
3096,113341999,those,195,τὰ,,
3097,113342000,regions,195,ἐκεῖ,,
3098,113342001,are,195,χωρία,,
3099,113342002,",",195,",",,
3100,113342003,and,195,καὶ,,
3101,113342004,they,195,ἐργάζονται,,
3102,113342005,work,195,τὸν,,
3103,113342006,the,195,χαλκὸν,,
3104,113342007,bronze,195,ὕδατι,,
3105,113342008,by,195,ἀποβρέξαντες,,
3106,113342009,wetting,195,ὥσπερ,,
3107,113342010,it,195,τὰ,,
3108,113342011,with,195,ἔρια,,
3109,113342012,water,195,.,,
3110,113342013,just,195,,,
3111,113342014,as,195,,,
3112,113342015,they,195,,,
3113,113342016,do,195,,,
3114,113342017,wool,195,,,
3115,113342018,.,195,,,
3116,113342013,As for,196,περί,,
3117,113342014,however,196,μέντοι,,
3118,113342015,of,196,τῶν,,
3119,113342016,the eyes,196,ὀφθαλμῶν,,
3120,113342018,of what sort,196,οἵους,,
3121,113342019,they are,196,ἔχουσιν,,
3122,113342021,hesitate,196,ὀκνῶ,,
3123,113342022,to speak,196,μὲν,,
3124,113342023,to speak,196,εἰπεῖν,,
3125,113342025,lest,196,μή,,
3126,113342026,someone,196,τίς,,
3127,113342027,me,196,με,,
3128,113342028,think,196,νομίσῃ,,
3129,113342029,a liar,196,ψεύδεσθαι,,
3130,113342030,because of,196,διὰ,,
3131,113342031,the,196,τὸ,,
3132,113342032,incredible,196,ἄπιστον,,
3133,113342033,nature of the,196,τοῦ,,
3134,113342034,story,196,λόγου,,
3135,113342036,Nevertheless,197,ὅμως,,
3136,113342037,Nevertheless,197,δὲ,,
3137,113342038,also,197,καὶ,,
3138,113342039,this,197,τοῦτο,,
3139,113342040,ask,197,ἐρῶ,,
3140,113342042,They,198,τοὺς,,
3141,113342043,eyes,198,ὀφθαλμοὺς,,
3142,113342044,removed,198,περιαιρετοὺς,,
3143,113342045,have,198,ἔχουσι,,
3144,113342047,and,198,καὶ,,
3145,113342048,whoever,198,ὁ,,
3146,113342049,wishes,198,βουλόμενος,,
3147,113342050,take,198,ἐξελὼν,,
3148,113342051,them,198,τοὺς,,
3149,113342052,them,198,αὑτοῦ,,
3150,113342053,keeps,198,φυλάττει,,
3151,113342054,until,198,ἔστ’,,
3152,113342055,needs,198,ἂν,,
3153,113342056,needs,198,δεηθῇ,,
3154,113342057,see,198,ἰδεῖν,,
3155,113342059,So,199,οὕτω,,
3156,113342060,So,199,δὲ,,
3157,113342061,inserted,199,ἐνθέμενος,,
3158,113342062,look,199,ὁρᾷ,,
3159,113342064,And,200,καὶ,,
3160,113342065,many,200,πολλοὶ,,
3161,113342066,possessions,200,τοὺς,,
3162,113342067,own,200,σφετέρους,,
3163,113342068,lost,200,ἀπολέσαντες,,
3164,113342069,by,200,παρ’,,
3165,113342070,others,200,ἄλλων,,
3166,113342071,served,200,χρησάμενοι,,
3167,113342072,seeing,200,ὁρῶσιν,,
3168,113342074,are,201,εἰσὶ,,
3169,113342075,also,201,δ’,,
3170,113342076,those,201,οἳ,,
3171,113342077,who,201,καὶ,,
3172,113342078,many,201,πολλοὺς,,
3173,113342079,deposits,201,ἀποθέτους,,
3174,113342080,have,201,ἔχουσιν,,
3175,113342082,the,201,οἱ,,
3176,113342083,wealthy,201,πλούσιοι,,
3177,113342085,Their,202,τὰ,,
3178,113342086,ears,202,ὦτα,,
3179,113342087,are,202,δὲ,,
3180,113342088,plane,202,πλατάνων,,
3181,113342089,tree,202,φύλλα,,
3182,113342090,leaves,202,ἐστὶν,,
3183,113342091,except,202,αὐτοῖς,,
3184,113342092,for,202,πλήν,,
3185,113342093,those,202,γε,,
3186,113342094,from,202,τοῖς,,
3187,113342095,the,202,ἀπὸ,,
3188,113342096,acorns,202,τῶν,,
3189,113342099,they,203,ἐκεῖνοι,,
3190,113342100,For,203,γὰρ,,
3191,113342101,alone,203,μόνοι,,
3192,113342102,wooden,203,ξύλινα,,
3193,113342103,have,203,ἔχουσιν,,
3194,113342102,ships,203,ξύλινα,,
3195,113342105,And,204,καὶ,,
3196,113342106,indeed,204,μὴν,,
3197,113342107,also,204,καὶ,,
3198,113342108,another,204,ἄλλο,,
3199,113342109,wonder,204,θαῦμα,,
3200,113342110,in,204,ἐν,,
3201,113342111,the,204,τοῖς,,
3202,113342112,royal,204,βασιλείοις,,
3203,113342113,saw,204,ἐθεασάμην,,
3204,113342112,palaces,204,βασιλείοις,,
3205,113342115,mirror,205,κάτοπτρον,,
3206,113342116,large,205,μέγιστον,,
3207,113342117,lies,205,κεῖται,,
3208,113342118,over,205,ὑπὲρ,,
3209,113342119,well,205,φρέατος,,
3210,113342120,not,205,οὐ,,
3211,113342121,very,205,πάνυ,,
3212,113342122,deep,205,βαθέος,,
3213,113342124,If,206,ἂν,,
3214,113342125,then,206,μὲν,,
3215,113342126,then,206,οὖν,,
3216,113342127,into,206,εἰς,,
3217,113342128,the,206,τὸ,,
3218,113342129,well,206,φρέαρ,,
3219,113342130,goes down,206,καταβῇ,,
3220,113342131,anyone,206,τις,,
3221,113342133,hears,206,ἀκούει,,
3222,113342134,all,206,πάντων,,
3223,113342135,the,206,τῶν,,
3224,113342136,among,206,παρ’,,
3225,113342137,us,206,ἡμῖν,,
3226,113342138,on,206,ἐν,,
3227,113342139,the,206,τῇ,,
3228,113342140,earth,206,γῇ,,
3229,113342141,spoken,206,λεγομένων,,
3230,113342143,if,206,ἐὰν,,
3231,113342144,but,206,δὲ,,
3232,113342145,into,206,εἰς,,
3233,113342146,the,206,τὸ,,
3234,113342147,mirror,206,κάτοπτρον,,
3235,113342148,looks,206,ἀποβλέψῃ,,
3236,113342150,all,206,πάσας,,
3237,113342151,the,206,μὲν,,
3238,113342152,cities,206,πόλεις,,
3239,113342154,all,206,πάντα,,
3240,113342155,the,206,δὲ,,
3241,113342156,nations,206,ἔθνη,,
3242,113342157,sees,206,ὁρᾷ,,
3243,113342158,as,206,ὥσπερ,,
3244,113342159,were standing,206,ἐφεστὼς,,
3245,113342160,each,206,ἑκάστοις,,
3246,113342160,person,206,ἑκάστοις,,
3247,113342162,that,207,τότε,,
3248,113342163,also,207,καὶ,,
3249,113342164,my,207,τοὺς,,
3250,113342165,family,207,οἰκείους,,
3251,113342166,I,207,ἐγὼ,,
3252,113342167,beheld,207,ἐθεασάμην,,
3253,113342168,and,207,καὶ,,
3254,113342169,whole,207,πᾶσαν,,
3255,113342170,of,207,τὴν,,
3256,113342171,native,207,πατρίδα,,
3257,113342173,whether,207,εἰ,,
3258,113342174,but,207,δὲ,,
3259,113342175,also,207,κα-,,
3260,113342176,they,207,κἀκεῖνοι,,
3261,113342177,me,207,ἐμὲ,,
3262,113342178,saw,207,ἑώρων,,
3263,113342180,no longer,207,οὐκέτι,,
3264,113342181,dare,207,ἔχω,,
3265,113342182,with,207,τὸ,,
3266,113342183,certainty,207,ἀσφαλὲς,,
3267,113342184,say,207,εἰπεῖν,,
3268,113342187,But,208,δὲ,,
3269,113342186,whoever,208,ὅστις,,
3270,113342190,believes,208,πιστεύει,,
3271,113342189,not,208,μὴ,,
3272,113342188,these,208,ταῦτα,,
3273,113342191,so,208,οὕτως,,
3274,113342192,are,208,ἔχειν,,
3275,113342194,if,208,ἄν,,
3276,113342195,ever,208,ποτε,,
3277,113342197,he,208,αὐτὸς,,
3278,113342196,himself,208,καὶ,,
3279,113342198,there,208,ἐκεῖσε,,
3280,113342199,arrive,208,ἀφίκηται,,
3281,113342201,will know,208,εἴσεται,,
3282,113342202,that,208,ὡς,,
3283,113342204,speak,208,λέγω,,
3284,113342203,truth,208,ἀληθῆ,,
3285,113342206,Then,209,τότε,,
3286,113342207,Then,209,δ’,,
3287,113342208,and,209,οὖν,,
3288,113342209,greeted,209,ἀσπασάμενοι,,
3289,113342210,the,209,τὸν,,
3290,113342211,king,209,βασιλέα,,
3291,113342212,and,209,καὶ,,
3292,113342213,those,209,τοὺς,,
3293,113342214,around,209,ἀμφ’,,
3294,113342215,him,209,αὐτόν,,
3295,113342217,embarked,209,ἐμβάντες,,
3296,113342218,were carried up,209,ἀνήχθημεν,,
3297,113342222,And,210,καὶ,,
3298,113342226,Endymion,210,Ἐνδυμίων,,
3299,113342224,gave,210,ἔδωκεν,,
3300,113342220,me,210,ἐμοὶ,,
3301,113342223,gifts,210,δῶρα,,
3302,113342228,two,210,δύο,,
3303,113342231,glass,210,ὑαλίνων,,
3304,113342232,tunics,210,χιτώνων,,
3305,113342234,five,210,πέντε,,
3306,113342236,bronze,210,χαλκοῦς,,
3307,113342236,items,210,χαλκοῦς,,
3308,113342238,and,210,καὶ,,
3309,113342239,full,210,πανοπλίαν,,
3310,113342239,suit,210,πανοπλίαν,,
3311,113342239,of,210,πανοπλίαν,,
3312,113342236,bronze,210,χαλκοῦς,,
3313,113342239,armor,210,πανοπλίαν,,
3314,113342247,left,210,κατέλιπον,,
3315,113342243,all,210,πάντα,,
3316,113342242,of,210,ἃ,,
3317,113342242,these,210,ἃ,,
3318,113342244,in,210,ἐν,,
3319,113342246,the,210,κήτει,,
3320,113342246,whale,210,κήτει,,
3321,113342249,sent,211,συνέπεμψε,,
3322,113342250,also,211,δὲ,,
3323,113342251,us,211,ἡμῖν,,
3324,113342252,and,211,καὶ,,
3325,113342253,Hippogryphs,211,Ἱππογύπους,,
3326,113342254,thousand,211,χιλίους,,
3327,113342255,escort,211,παραπέμψοντας,,
3328,113342256,as far as,211,ἄχρι,,
3329,113342257,stadia,211,σταδίων,,
3330,113342258,five hundred,211,πεντακοσίων,,
3331,113342260,during,212,ἐν,,
3332,113342261,On the contrary,212,δὲ,,
3333,113342262,our,212,τῷ,,
3334,113342263,voyage,212,παράπλῳ,,
3335,113342264,many,212,πολλὰς,,
3336,113342265,we,212,μὲν,,
3337,113342266,passed,212,καὶ,,
3338,113342267,other,212,ἄλλας,,
3339,113342268,lands,212,χώρας,,
3340,113342269,passed,212,παρημείψαμεν,,
3341,113342271,paid attention to,212,προσέσχομεν,,
3342,113342272,but,212,δὲ,,
3343,113342273,also,212,καὶ,,
3344,113342274,the,212,τῷ,,
3345,113342275,Morning Star,212,Ἑωσφόρῳ,,
3346,113342276,recently,212,ἄρτι,,
3347,113342277,being colonized,212,συνοικιζομένῳ,,
3348,113342279,and,212,καὶ,,
3349,113342280,having landed,212,ἀποβάντες,,
3350,113342281,drew,212,ὑδρευσάμεθα,,
3351,113342283,Having boarded,213,ἐμβάντες,,
3352,113342285,the,213,εἰς,,
3353,113342287,zodiac,213,ζῳδιακὸν,,
3354,113342288,on,213,ἐν,,
3355,113342289,the left,213,ἀριστερᾷ,,
3356,113342290,passed,213,παρῄειμεν,,
3357,113342292,the sun,213,ἥλιον,,
3358,113342294,on,213,ἐν,,
3359,113342295,the surface,213,χρῷ,,
3360,113342297,the earth,213,γῆν,,
3361,113342298,sailing alongside,213,παραπλέοντες,,
3362,113342300,not,214,οὐ,,
3363,113342301,For,214,γὰρ,,
3364,113342302,disembark,214,ἀπέβημεν,,
3365,113342303,although,214,καίτοι,,
3366,113342304,many,214,πολλὰ,,
3367,113342305,of,214,τῶν,,
3368,113342306,companions,214,ἑταίρων,,
3369,113342307,wished,214,ἐπιθυμούντων,,
3370,113342309,but,214,ἀλλ’,,
3371,113342310,the,214,ὁ,,
3372,113342311,wind,214,ἄνεμος,,
3373,113342312,not,214,οὐκ,,
3374,113342313,let,214,ἐφῆκεν,,
3375,113342315,saw,215,ἐθεώμεθα,,
3376,113342316,However,215,μέντοι,,
3377,113342317,the,215,τὴν,,
3378,113342318,land,215,χώραν,,
3379,113342319,both,215,εὐθαλῆ,,
3380,113342320,and,215,τε,,
3381,113342321,fertile,215,καὶ,,
3382,113342322,rich,215,πίονα,,
3383,113342323,and,215,καὶ,,
3384,113342324,well-watered,215,εὔυδρον,,
3385,113342325,and,215,καὶ,,
3386,113342326,many,215,πολλῶν,,
3387,113342327,good,215,ἀγαθῶν,,
3388,113342328,full,215,μεστήν,,
3389,113342330,saw,216,ἰδόντες,,
3390,113342331,but,216,δ’,,
3391,113342332,us,216,ἡμᾶς,,
3392,113342333,the,216,οἱ,,
3393,113342334,Cloud-Centaur,216,Νεφελοκένταυροι,,
3394,113342336,mercenaries,216,μισθοφοροῦντες,,
3395,113342337,under,216,παρὰ,,
3396,113342338,under,216,τῷ,,
3397,113342339,Phaethon,216,Φαέθοντι,,
3398,113342341,attacked,216,ἐπέπτησαν,,
3399,113342342,onto,216,ἐπὶ,,
3400,113342343,the,216,τὴν,,
3401,113342344,ship,216,ναῦν,,
3402,113342346,but,216,καὶ,,
3403,113342347,having learned,216,μαθόντες,,
3404,113342348,truce,216,ἐνσπόνδους,,
3405,113342349,withdrew,216,ἀνεχώρησαν,,
3406,113342351,Already,217,ἤδη,,
3407,113342352,however,217,δὲ,,
3408,113342353,the,217,καὶ,,
3409,113342354,the,217,οἱ,,
3410,113342355,Hippogryphs,217,Ἱππόγυποι,,
3411,113342356,had departed,217,ἀπεληλύθεσαν,,
3412,113342358,Having,218,πλεύσαντες,,
3413,113342359,sailed,218,δὲ,,
3414,113342360,through,218,τὴν,,
3415,113342361,the,218,ἐπιοῦσαν,,
3416,113342362,following,218,νύκτα,,
3417,113342363,night,218,καὶ,,
3418,113342364,and,218,ἡμέραν,,
3419,113342365,day,218,",",,
3420,113342366,we,218,περὶ,,
3421,113342367,arrived,218,ἑσπέραν,,
3422,113342368,at,218,ἀφικόμεθα,,
3423,113342369,the,218,ἐς,,
3424,113342370,city,218,τὴν,,
3425,113342371,called,218,Λυχνόπολιν,,
3426,113342372,Lychnopolis,218,καλουμένην,,
3427,113342373,about,218,",",,
3428,113342374,evening,218,ἤδη,,
3429,113342375,already,218,τὸν,,
3430,113342376,pursuing,218,κάτω,,
3431,113342377,our,218,πλοῦν,,
3432,113342378,downward,218,διώκοντες,,
3433,113342379,voyage,218,.,,
3434,113342383,This,219,αὕτη,,
3435,113342382,city,219,πόλις,,
3436,113342384,is situated,219,κεῖται,,
3437,113342391,in the air,219,ἀέρος,,
3438,113342385,between,219,μεταξὺ,,
3439,113342387,the Pleiades,219,Πλειάδων,,
3440,113342390,the Hyades,219,Ὑάδων,,
3441,113342393,lower,219,ταπεινοτέρα,,
3442,113342397,zodiac,219,ζῳδιακοῦ,,
3443,113342395,a great deal,219,πολὺ,,
3444,113342399,disembarked,220,ἀποβάντες,,
3445,113342400,but,220,δὲ,,
3446,113342404,found,220,εὕρομεν,,
3447,113342403,no,220,οὐδένα,,
3448,113342401,man,220,ἄνθρωπον,,
3449,113342402,at all,220,μὲν,,
3450,113342406,lamps,220,λύχνους,,
3451,113342408,many,220,πολλοὺς,,
3452,113342409,lingering,220,περιθέοντας,,
3453,113342411,in,220,ἐν,,
3454,113342413,marketplace,220,ἀγορᾷ,,
3455,113342410,and,220,καὶ,,
3456,113342415,around,220,περὶ,,
3457,113342417,harbor,220,λιμένα,,
3458,113342418,others,220,διατρίβοντας,,
3459,113342420,the,220,τοὺς,,
3460,113342422,small,220,μικροὺς,,
3461,113342421,former,220,μὲν,,
3462,113342424,as it were,220,ὥσπερ,,
3463,113342425,like paupers,220,πένητας,,
3464,113342427,few,220,ὀλίγους,,
3465,113342428,but,220,δὲ,,
3466,113342429,of the,220,τῶν,,
3467,113342430,great,220,μεγάλων,,
3468,113342431,and,220,καὶ,,
3469,113342432,powerful,220,δυνατῶν,,
3470,113342433,very,220,πάνυ,,
3471,113342434,bright,220,λαμπροὺς,,
3472,113342435,and,220,καὶ,,
3473,113342436,conspicuous,220,περιφανεῖς,,
3474,113342447,They,221,αὐτοὶ,,
3475,113342438,dwellings,221,οἰκήσεις,,
3476,113342439,own,221,αὐτοῖς,,
3477,113342440,and,221,καὶ,,
3478,113342441,lamps,221,λυχνεῶνες,,
3479,113342442,own,221,ἰδίᾳ,,
3480,113342443,each,221,ἑκάστῳ,,
3481,113342444,one,221,πεποίηντο,,
3482,113342446,and,221,καὶ,,
3483,113342447,themselves,221,αὐτοὶ,,
3484,113342448,had,221,ὀνόματα,,
3485,113342449,names,221,εἶχον,,
3486,113342451,just,221,ὥσπερ,,
3487,113342452,as,221,οἱ,,
3488,113342453,humans,221,ἄνθρωποι,,
3489,113342455,do,221,καὶ,,
3490,113342456,we,221,φωνὴν,,
3491,113342457,heard,221,προϊεμένων,,
3492,113342458,them,221,ἠκούομεν,,
3493,113342459,uttering,221,",",,
3494,113342460,a,221,καὶ,,
3495,113342461,voice,221,οὐδὲν,,
3496,113342462,yet,221,ἡμᾶς,,
3497,113342463,they,221,ἠδίκουν,,
3498,113342464,did,221,",",,
3499,113342465,us,221,ἀλλὰ,,
3500,113342466,no,221,καὶ,,
3501,113342467,harm,221,ἐπὶ,,
3502,113342468,but,221,ξένια,,
3503,113342469,even,221,ἐκάλουν,,
3504,113342470,invited,221,.,,
3505,113342467,us,221,ἐπὶ,,
3506,113342468,to,221,ξένια,,
3507,113342469,share,221,ἐκάλουν,,
3508,113342470,guest-gifts,221,.,,
3509,113342471,We,222,ἡμεῖς,,
3510,113342472,however,222,δὲ,,
3511,113342473,were,222,ὅμως,,
3512,113342474,afraid,222,ἐφοβούμεθα,,
3513,113342476,and,222,καὶ,,
3514,113342477,no,222,οὔ,,
3515,113342478,one,222,-τε,,
3516,113342479,to,222,δειπνῆσαι,,
3517,113342480,dine,222,οὔ,,
3518,113342481,or,222,-τε,,
3519,113342482,to,222,ὑπνῶσαί,,
3520,113342483,sleep,222,τις,,
3521,113342484,among,222,ἡμῶν,,
3522,113342485,us,222,ἐτόλμησεν,,
3523,113342486,dared,222,.,,
3524,113342487,A magistracy,223,ἀρχεῖα,,
3525,113342488,but,223,δὲ,,
3526,113342489,for them,223,αὐτοῖς,,
3527,113342490,in,223,ἐν,,
3528,113342491,middle,223,μέσῃ,,
3529,113342492,the,223,τῇ,,
3530,113342493,city,223,πόλει,,
3531,113342494,has been established,223,πεποίηται,,
3532,113342496,where,223,ἔνθα,,
3533,113342497,their,223,ὁ,,
3534,113342498,ruler,223,ἄρχων,,
3535,113342499,their,223,αὐτῶν,,
3536,113342500,throughout,223,διὰ,,
3537,113342501,night,223,νυκτὸς,,
3538,113342502,entire,223,ὅλης,,
3539,113342503,sits,223,κάθηται,,
3540,113342504,by name,223,ὀνομαστὶ,,
3541,113342505,calling,223,καλῶν,,
3542,113342506,each person,223,ἕκαστον,,
3543,113342508,Whoever,224,ὃς,,
3544,113342509,does,224,δ’,,
3545,113342510,,224,ἂν,,
3546,113342511,not,224,μὴ,,
3547,113342512,obey,224,ὑπακούσῃ,,
3548,113342514,is condemned,224,καταδικάζεται,,
3549,113342515,to die,224,ἀποθανεῖν,,
3550,113342516,for,224,ὡς,,
3551,113342517,deserting,224,λιπὼν,,
3552,113342518,his,224,τὴν,,
3553,113342519,rank,224,τάξιν,,
3554,113342521,death,225,ὁ,,
3555,113342522,But,225,δὲ,,
3556,113342523,death,225,θάνατός,,
3557,113342524,is,225,ἐστι,,
3558,113342525,to be extinguished,225,σβεσθῆναι,,
3559,113342527,standing,226,παρεστῶτες,,
3560,113342528,Since,226,δὲ,,
3561,113342529,we,226,ἡμεῖς,,
3562,113342530,observed,226,ἑωρῶμεν,,
3563,113342531,the,226,τὰ,,
3564,113342532,events,226,γινόμενα,,
3565,113342533,and,226,καὶ,,
3566,113342534,heard,226,ἠκούομεν,,
3567,113342535,at,226,ἅμα,,
3568,113342536,the,226,τῶν,,
3569,113342537,lamps,226,λύχνων,,
3570,113342538,giving,226,ἀπολογουμένων,,
3571,113342539,and,226,καὶ,,
3572,113342540,stating,226,τὰς,,
3573,113342541,the,226,αἰτίας,,
3574,113342542,reasons,226,λεγόντων,,
3575,113342543,for,226,δι’,,
3576,113342544,which,226,ἃς,,
3577,113342545,slow,226,ἐβράδυνον,,
3578,113342547,There,227,ἔνθα,,
3579,113342548,also,227,καὶ,,
3580,113342549,our,227,τὸν,,
3581,113342550,lamp,227,ἡμέτερον,,
3582,113342551,recognized,227,λύχνον,,
3583,113342552,and,227,ἐγνώρισα,,
3584,113342553,addressing,227,",",,
3585,113342554,him,227,καὶ,,
3586,113342555,I,227,προσειπὼν,,
3587,113342556,inquired,227,αὐτὸν,,
3588,113342557,about,227,περὶ,,
3589,113342558,the,227,τῶν,,
3590,113342559,household,227,κατ’,,
3591,113342560,affairs,227,οἶκον,,
3592,113342561,to,227,ἐπυνθανόμην,,
3593,113342562,see,227,ὅπως,,
3594,113342563,how,227,ἔχοιεν,,
3595,113342564,they,227,.,,
3596,113342565,were,227,,,
3597,113342566,getting,227,,,
3598,113342567,on,227,,,
3599,113342566,But,228,δέ,,
3600,113342565,he,228,ὁ,,
3601,113342568,all,228,ἅπαντα,,
3602,113342569,those,228,ἐκεῖνα,,
3603,113342570,narrated,228,διηγήσατο,,
3604,113342567,me,228,μοι,,
3605,113342575,night,229,νύκτα,,
3606,113342576,that,229,ἐκείνην,,
3607,113342577,throughout,229,αὐτοῦ,,
3608,113342578,stayed,229,ἐμείναμεν,,
3609,113342573,there,229,μὲν,,
3610,113342574,and,229,οὖν,,
3611,113342582,approached,229,ἐπιούσῃ,,
3612,113342583,setting,229,ἄραντες,,
3613,113342584,sailing,229,ἐπλέομεν,,
3614,113342585,already,229,ἤδη,,
3615,113342586,close,229,πλησίον,,
3616,113342587,to,229,τῶν,,
3617,113342588,clouds,229,νεφῶν,,
3618,113342580,next,229,τῇ,,
3619,113342572,the,229,τὴν,,
3620,113342590,There,230,ἔνθα,,
3621,113342591,indeed,230,δὴ,,
3622,113342592,indeed,230,καὶ,,
3623,113342593,the,230,τὴν,,
3624,113342594,Cloud-Cuckoo-Land,230,Νεφελοκοκκυγίαν,,
3625,113342595,city,230,πόλιν,,
3626,113342596,having seen,230,ἰδόντες,,
3627,113342597,amazed,230,ἐθαυμάσαμεν,,
3628,113342600,but,230,μέντοι,,
3629,113342601,boarded,230,ἐπέβημεν,,
3630,113342602,it,230,αὐτῆς,,
3631,,,231,,"[{'greek_id': '113342605', 'english_word': 'For'}, {'greek_id': '113342607', 'english_word': 'the'}, {'greek_id': '113342608', 'english_word': 'wind'}, {'greek_id': '113342604', 'english_word': 'not'}, {'greek_id': '113342606', 'english_word': 'blow'}, {'greek_id': '113342608', 'english_word': 'morning'}]",
3632,113342609,,231,.,,.
3633,,,231,,"[{'greek_id': '113342604', 'english_word': 'not'}, {'greek_id': '113342605', 'english_word': 'For'}, {'greek_id': '113342606', 'english_word': 'blow'}, {'greek_id': '113342607', 'english_word': 'the'}, {'greek_id': '113342608', 'english_word': 'wind'}]",
3634,113342611,However,232,μέντοι,,
3635,113342613,it was said,232,ἐλέγετο,,
3636,113342610,reigning,232,βασιλεύειν,,
3637,113342614,Koronos,232,Κόρωνος,,
3638,113342615,son,232,ὁ,,
3639,113342616,Kottuphion,232,Κοττυφίωνος,,
3640,113342612,them,232,αὐτῶν,,
3641,113342618,And,233,καὶ,,
3642,113342619,I,233,ἐγὼ,,
3643,113342620,remembered,233,ἐμνήσθην,,
3644,113342621,Aristophanes,233,Ἀριστοφάνους,,
3645,113342622,the,233,τοῦ,,
3646,113342623,poet,233,ποιητοῦ,,
3647,113342625,man,233,ἀνδρὸς,,
3648,113342626,wise,233,σοφοῦ,,
3649,113342627,and,233,καὶ,,
3650,113342628,true,233,ἀληθοῦς,,
3651,113342629,and,233,καὶ,,
3652,113342630,in vain,233,μάτην,,
3653,113342631,for,233,ἐφ’,,
3654,113342632,what,233,οἷς,,
3655,113342633,he wrote,233,ἔγραψεν,,
3656,113342634,mistrusted,233,ἀπιστουμένου,,
3657,113342636,third,234,τρίτῃ,,
3658,113342637,however,234,δὲ,,
3659,113342638,from,234,ἀπὸ,,
3660,113342639,this,234,ταύτης,,
3661,113342640,day,234,ἡμέρᾳ,,
3662,113342641,and,234,καὶ,,
3663,113342642,the,234,τὸν,,
3664,113342643,Ocean,234,ὠκεανὸν,,
3665,113342644,already,234,ἤδη,,
3666,113342645,clearly,234,σαφῶς,,
3667,113342646,saw,234,ἑωρῶμεν,,
3668,113342648,land,234,γῆν,,
3669,113342649,but,234,δὲ,,
3670,113342650,nowhere,234,οὐδαμοῦ,,
3671,113342652,except,234,πλήν,,
3672,113342653,for,234,γε,,
3673,113342654,the,234,τῶν,,
3674,113342655,in,234,ἐν,,
3675,113342656,the,234,τῷ,,
3676,113342657,air,234,ἀέρι,,
3677,113342659,And,235,καὶ,,
3678,113342660,these,235,αὗται,,
3679,113342661,appeared,235,δὲ,,
3680,113342662,fiery,235,πυρώδεις,,
3681,113342663,and,235,καὶ,,
3682,113342664,superluminous,235,ὑπεραυγεῖς,,
3683,113342665,appeared,235,ἐφαντάζοντο,,
3684,113342667,the,236,τῇ,,
3685,113342668,fourth,236,τετάρτῃ,,
3686,113342669,On,236,δὲ,,
3687,113342674,the,236,τοῦ,,
3688,113342675,wind,236,πνεύματος,,
3689,113342670,down,236,περὶ,,
3690,113342671,towards,236,μεσημβρίαν,,
3691,113342672,gently,236,μαλακῶς,,
3692,113342673,subsiding,236,ἐνδιδόντος,,
3693,113342676,and,236,καὶ,,
3694,113342677,blowing,236,συνιζάνοντος,,
3695,113342678,down,236,ἐπὶ,,
3696,113342679,the,236,τὴν,,
3697,113342680,sea,236,θάλατταν,,
3698,113342681,lowered,236,καθείθημεν,,
3699,113342683,when,237,ὡς,,
3700,113342684,And,237,δὲ,,
3701,113342685,the,237,τοῦ,,
3702,113342686,water,237,ὕδατος,,
3703,113342687,had touched,237,ἐψαύσαμεν,,
3704,113342689,wonderfully,237,θαυμασίως,,
3705,113342690,elated,237,ὑπερηδόμεθα,,
3706,113342691,and,237,καὶ,,
3707,113342692,joyful,237,ὑπερεχαίρομεν,,
3708,113342693,and,237,καὶ,,
3709,113342694,every,237,πᾶσαν,,
3710,113342695,possible,237,ἐκ,,
3711,113342696,the,237,τῶν,,
3712,113342697,things,237,παρόντων,,
3713,113342698,joy,237,εὐφροσύνην,,
3714,113342699,made,237,ἐποιούμεθα,,
3715,113342700,and,237,καὶ,,
3716,113342701,having disembarked,237,ἀποβάντες,,
3717,113342702,swam,237,ἐνηχόμεθα,,
3718,113342704,For,238,καὶ,,
3719,113342705,it,238,γὰρ,,
3720,113342706,happened,238,ἔτυχε,,
3721,113342711,the,238,τὸ,,
3722,113342712,sea,238,πέλαγος,,
3723,113342707,calm,238,γαλήνη,,
3724,113342708,was,238,οὖσα,,
3725,113342709,and,238,καὶ,,
3726,113342710,steady,238,εὐσταθοῦν,,
3727,113342714,becomes,239,ἔοικε,,
3728,113342715,however,239,δὲ,,
3729,113342716,beginning,239,ἀρχὴ,,
3730,113342717,evils,239,κακῶν,,
3731,113342718,greater,239,μειζόνων,,
3732,113342719,becomes,239,γίνεσθαι,,
3733,113342720,often,239,πολλάκις,,
3734,113342721,the,239,ἡ,,
3735,113342722,than,239,πρὸς,,
3736,113342723,the,239,τὸ,,
3737,113342724,better,239,βέλτιον,,
3738,113342725,change,239,μεταβολή,,
3739,113342728,For,240,γὰρ,,
3740,113342729,we,240,ἡμεῖς,,
3741,113342735,sailing,240,πλεύσαντες,,
3742,113342730,two,240,δύο,,
3743,113342731,whole,240,μόνας,,
3744,113342732,days,240,ἡμέρας,,
3745,113342733,in,240,ἐν,,
3746,113342734,fair,240,εὐδίᾳ,,
3747,113342744,suddenly,240,ἄφνω,,
3748,113342739,was,240,ὑποφαινούσης,,
3749,113342738,third,240,τρίτης,,
3750,113342732,day,240,ἡμέρας,,
3751,113342733,dawning,240,ἐν,,
3752,113342740,toward,240,πρὸς,,
3753,113342741,rising,240,ἀνίσχοντα,,
3754,113342743,sun,240,ἥλιον,,
3755,113342745,saw,240,ὁρῶμεν,,
3756,113342749,many,240,πολλὰ,,
3757,113342746,beasts,240,θηρία,,
3758,113342747,and,240,καὶ,,
3759,113342748,sea-monsters,240,κήτη,,
3760,113342751,and,240,καὶ,,
3761,113342752,others,240,ἄλλα,,
3762,113342755,but,240,δὲ,,
3763,113342756,one,240,μέγιστον,,
3764,113342757,creature,240,ἁπάντων,,
3765,113342758,surpassing,240,ὅσον,,
3766,113342757,all,240,ἁπάντων,,
3767,113342764,in,240,μέγεθος,,
3768,113342764,size,240,μέγεθος,,
3769,113342759,measuring,240,σταδίων,,
3770,113342760,some,240,χιλίων,,
3771,113342730,two,240,δύο,,
3772,113342762,thousand,240,πεντακοσίων,,
3773,113342762,five,240,πεντακοσίων,,
3774,113342762,hundred,240,πεντακοσίων,,
3775,113342759,stadia,240,σταδίων,,
3776,113342766,came,241,ἐπῄει,,
3777,113342767,it,241,δὲ,,
3778,113342768,gaping,241,κεχηνὸς,,
3779,113342769,and,241,καὶ,,
3780,113342770,disturbing,241,πρὸ,,
3781,113342771,greatly,241,πολλοῦ,,
3782,113342772,disturbing,241,ταράττον,,
3783,113342773,the,241,τὴν,,
3784,113342774,sea,241,θάλατταν,,
3785,113342775,foaming,241,ἀφρῷ,,
3786,113342776,and,241,τε,,
3787,113342777,splashing,241,περικλυζόμενον,,
3788,113342778,around,241,καὶ,,
3789,113342779,showing,241,τοὺς,,
3790,113342780,teeth,241,ὀδόντας,,
3791,113342781,showing,241,ἐκφαῖνον,,
3792,113342782,many,241,πολὺ,,
3793,113342783,of,241,τῶν,,
3794,113342784,among,241,παρ’,,
3795,113342785,us,241,ἡμῖν,,
3796,113342786,phalloi,241,φαλλῶν,,
3797,113342787,higher,241,ὑψηλοτέρους,,
3798,113342789,sharp,241,ὀξεῖς,,
3799,113342790,like,241,δὲ,,
3800,113342791,stakes,241,πάντας,,
3801,113342792,like,241,ὥσπερ,,
3802,113342793,stakes,241,σκόλοπας,,
3803,113342794,and,241,καὶ,,
3804,113342795,white,241,λευκοὺς,,
3805,113342796,like,241,ὥσπερ,,
3806,113342797,ivory,241,ἐλεφαντίνους,,
3807,113342799,we,242,ἡμεῖς,,
3808,113342800,then,242,μὲν,,
3809,113342801,So,242,οὖν,,
3810,113342802,each,242,τὸ,,
3811,113342803,other,242,ὕστατον,,
3812,113342804,addressed,242,ἀλλήλους,,
3813,113342805,by,242,προσειπόντες,,
3814,113342806,name,242,καὶ,,
3815,113342807,and,242,περιβαλόντες,,
3816,113342808,embraced,242,ἐμένομεν,,
3817,113342809,remained,242,.,,
3818,113342811,But,243,δὲ,,
3819,113342812,already,243,ἤδη,,
3820,113342813,was present,243,παρῆν,,
3821,113342814,and,243,καὶ,,
3822,113342815,swallowed,243,ἀναρροφῆσαν,,
3823,113342816,us,243,ἡμᾶς,,
3824,113342817,she,243,αὐτῇ,,
3825,113342819,was swallowing,243,κατέπιεν,,
3826,113342818,ship,243,νηῒ,,
3827,113342821,not,244,οὐ,,
3828,113342822,Yet,244,μέντοι,,
3829,113342823,did not reach,244,ἔφθη,,
3830,113342824,build,244,συναράξαι,,
3831,113342825,the,244,τοῖς,,
3832,113342826,teeth,244,ὀδοῦσιν,,
3833,113342828,but,244,ἀλλὰ,,
3834,113342829,through,244,διὰ,,
3835,113342830,the,244,τῶν,,
3836,113342831,pores,244,ἀραιωμάτων,,
3837,113342832,the,244,ἡ,,
3838,113342833,ship,244,ναῦς,,
3839,113342834,into,244,ἐς,,
3840,113342835,the,244,τὸ,,
3841,113342836,interior,244,ἔσω,,
3842,113342837,fell,244,διεξέπεσεν,,
3843,113342839,when,245,ἐπεὶ,,
3844,113342840,And,245,δὲ,,
3845,113342841,inside,245,ἔνδον,,
3846,113342842,we were,245,ἦμεν,,
3847,113342846,first,245,πρῶτον,,
3848,113342847,darkness,245,σκότος,,
3849,113342848,was,245,ἦν,,
3850,113342849,and,245,καὶ,,
3851,113342850,nothing,245,οὐδὲν,,
3852,113342851,we saw,245,ἑωρῶμεν,,
3853,113342853,later,245,ὕστερον,,
3854,113342854,but,245,δὲ,,
3855,113342856,opened up,245,ἀναχανόντος,,
3856,113342857,we saw,245,εἴδομεν,,
3857,113342858,cavern,245,κύτος,,
3858,113342859,great,245,μέγα,,
3859,113342861,wide,245,πάντῃ,,
3860,113342862,wide,245,πλατὺ,,
3861,113342863,and,245,καὶ,,
3862,113342864,high,245,ὑψηλόν,,
3863,113342866,sufficient,245,ἱκανὸν,,
3864,113342867,house,245,μυριάνδρῳ,,
3865,113342868,city,245,πόλει,,
3866,113342869,to house,245,ἐνοικεῖν,,
3867,113342873,In,246,ἐν,,
3868,113342874,the,246,μέσῳ,,
3869,113342874,middle,246,μέσῳ,,
3870,113342871,lay,246,ἔκειντο,,
3871,113342876,both,246,μεγάλοι,,
3872,113342876,large,246,μεγάλοι,,
3873,113342878,small,246,μικροὶ,,
3874,113342879,fish,246,ἰχθύες,,
3875,113342881,other,246,ἄλλα,,
3876,113342882,many,246,πολλὰ,,
3877,113342883,beasts,246,θηρία,,
3878,113342884,cut,246,συγκεκομμένα,,
3879,113342884,up,246,συγκεκομμένα,,
3880,113342887,ship,246,πλοίων,,
3881,113342888,sails,246,ἱστία,,
3882,113342890,anchors,246,ἄγκυραι,,
3883,113342893,human,246,ἀνθρώπων,,
3884,113342894,bones,246,ὀστέα,,
3885,113342896,cargo,246,φορτία,,
3886,113342899,middle,246,μέσον,,
3887,113342902,land,246,γῆ,,
3888,113342904,hills,246,λόφοι,,
3889,113342905,were,246,ἦσαν,,
3890,113342907,to,246,ἐμοὶ,,
3891,113342907,me,246,ἐμοὶ,,
3892,113342908,seemed,246,δοκεῖν,,
3893,113342910,from,246,ἐκ,,
3894,113342911,the,246,τῆς,,
3895,113342912,mud,246,ἰλύος,,
3896,113342913,that,246,ἣν,,
3897,113342914,swallowed,246,κατέπινε,,
3898,113342915,swirling,246,συνιζάνουσα,,
3899,113342917,vegetation,247,ὕλη,,
3900,113342918,so,247,γοῦν,,
3901,113342919,upon,247,ἐπ’,,
3902,113342920,it,247,αὐτῆς,,
3903,113342921,and,247,καὶ,,
3904,113342922,trees,247,δένδρα,,
3905,113342923,various,247,παντοῖα,,
3906,113342924,grown,247,ἐπεφύκει,,
3907,113342925,and,247,καὶ,,
3908,113342926,vegetables,247,λάχανα,,
3909,113342927,sprouted,247,ἐβεβλαστήκει,,
3910,113342929,and,247,καὶ,,
3911,113342930,looked,247,ἐῴκει,,
3912,113342931,everything,247,πάντα,,
3913,113342932,crafted,247,ἐξειργασμένοις,,
3914,113342934,circumference,248,περίμετρον,,
3915,113342935,is,248,δὲ,,
3916,113342936,of,248,τῆς,,
3917,113342937,earth,248,γῆς,,
3918,113342938,stadia,248,στάδιοι,,
3919,113342939,two hundred,248,διακόσιοι,,
3920,113342940,and,248,καὶ,,
3921,113342941,forty,248,τεσσαράκοντα,,
3922,113342943,was,249,ἦν,,
3923,113342944,also,249,δὲ,,
3924,113342945,possible to see,249,ἰδεῖν,,
3925,113342946,birds,249,καὶ,,
3926,113342947,birds,249,ὄρνεα,,
3927,113342948,sea,249,θαλάττια,,
3928,113342950,gulls,249,λάρους,,
3929,113342951,and,249,καὶ,,
3930,113342952,kingfishers,249,ἀλκυόνας,,
3931,113342954,on,249,ἐπὶ,,
3932,113342955,the,249,τῶν,,
3933,113342956,trees,249,δένδρων,,
3934,113342957,nesting,249,νεοττεύοντα,,
3935,113342959,Then,250,τότε,,
3936,113342961,therefore,250,οὖν,,
3937,113342962,for a long time,250,ἐπὶ,,
3938,113342963,long,250,πολὺ,,
3939,113342964,wept,250,ἐδακρύομεν,,
3940,113342966,afterwards,250,ὕστερον,,
3941,113342968,raised,250,ἀναστήσαντες,,
3942,113342969,our,250,τοὺς,,
3943,113342970,companions,250,ἑταίρους,,
3944,113342974,supported,250,ὑπεστηρίξαμεν,,
3945,113342971,the,250,τὴν,,
3946,113342973,ship,250,ναῦν,,
3947,113342976,ourselves,250,αὐτοὶ,,
3948,113342979,braziers,250,πυρεῖα,,
3949,113342980,smashed,250,συντρίψαντες,,
3950,113342982,rekindled,250,ἀνακαύσαντες,,
3951,113342983,dinner,250,δεῖπνον,,
3952,113342984,from,250,ἐκ,,
3953,113342985,what,250,τῶν,,
3954,113342986,at hand,250,παρόντων,,
3955,113342987,making,250,ἐποιούμεθα,,
3956,113342989,were,251,παρέκειτο,,
3957,113342990,available,251,δὲ,,
3958,113342991,abundantly,251,ἄφθονα,,
3959,113342992,and,251,καὶ,,
3960,113342993,various,251,παντοδαπὰ,,
3961,113342994,meat,251,κρέα,,
3962,113342995,of,251,τῶν,,
3963,113342996,fish,251,ἰχθύων,,
3964,113342998,and,251,καὶ,,
3965,113342999,water,251,ὕδωρ,,
3966,113343000,still,251,ἔτι,,
3967,113343001,had,251,τὸ,,
3968,113343002,from,251,ἐκ,,
3969,113343003,the,251,τοῦ,,
3970,113343004,Morning,251,Ἑωσφόρου,,
3971,113343005,Star,251,εἴχομεν,,
3972,113343007,day,252,τῇ,,
3973,113343008,When,252,ἐπιούσῃ,,
3974,113343009,but,252,δὲ,,
3975,113343010,got,252,διαναστάντες,,
3976,113343012,if,252,εἴ,,
3977,113343013,ever,252,ποτε,,
3978,113343014,opened,252,ἀναχάνοι,,
3979,113343015,its,252,τὸ,,
3980,113343016,whale,252,κῆτος,,
3981,113343018,see,252,ἑωρῶμεν,,
3982,113343019,sometimes,252,ἄλλοτε,,
3983,113343020,sometimes,252,μὲν,,
3984,113343021,mountains,252,ὄρη,,
3985,113343023,sometimes,252,ἄλλοτε,,
3986,113343025,only,252,μόνον,,
3987,113343026,the,252,τὸν,,
3988,113343027,sky,252,οὐρανόν,,
3989,113343029,often,252,πολλάκις,,
3990,113343030,as,252,δὲ,,
3991,113343031,well,252,καὶ,,
3992,113343032,islands,252,νήσους,,
3993,113343034,we,253,καὶ,,
3994,113343035,For,253,γὰρ,,
3995,113343036,felt,253,ᾐσθανόμεθα,,
3996,113343037,being,253,φερομένου,,
3997,113343038,him,253,αὐτοῦ,,
3998,113343039,swiftly,253,ὀξέως,,
3999,113343040,toward,253,πρὸς,,
4000,113343041,every,253,πᾶν,,
4001,113343042,part,253,μέρος,,
4002,113343043,of,253,τῆς,,
4003,113343044,sea,253,θαλάττης,,
4004,113343046,since,254,ἐπεὶ,,
4005,113343047,But,254,δὲ,,
4006,113343048,already,254,ἤδη,,
4007,113343049,days,254,ἐθάδες,,
4008,113343050,spent,254,τῇ,,
4009,113343051,spent,254,διατριβῇ,,
4010,113343052,spent,254,ἐγενόμεθα,,
4011,113343054,taking,254,λαβὼν,,
4012,113343055,seven,254,ἑπτὰ,,
4013,113343056,companions,254,τῶν,,
4014,113343057,companions,254,ἑταίρων,,
4015,113343058,walk,254,ἐβάδιζον,,
4016,113343059,into,254,ἐς,,
4017,113343060,forest,254,τὴν,,
4018,113343061,forest,254,ὕλην,,
4019,113343062,survey,254,περισκοπήσασθαι,,
4020,113343063,everything,254,τὰ,,
4021,113343064,everything,254,πάντα,,
4022,113343065,wishing,254,βουλόμενος,,
4023,113343067,Not,255,οὔπω,,
4024,113343068,yet,255,δὲ,,
4025,113343071,having traversed,255,διελθὼν,,
4026,113343069,five,255,πέντε,,
4027,113343070,whole,255,ὅλους,,
4028,113343072,stadia,255,σταδίους,,
4029,113343073,I found,255,εὗρον,,
4030,113343074,sanctuary,255,ἱερὸν,,
4031,113343075,of Poseidon,255,Ποσειδῶνος,,
4032,113343077,as,255,ὡς,,
4033,113343079,the inscription,255,ἡ,,
4034,113343078,indicated,255,ἐδήλου,,
4035,113343082,and,255,καὶ,,
4036,113343083,after,255,μετ’,,
4037,113343085,short,255,πολὺ,,
4038,113343084,time,255,οὐ,,
4039,113343087,graves,255,τάφους,,
4040,113343088,many,255,πολλοὺς,,
4041,113343090,columns,255,στήλας,,
4042,113343091,upon,255,ἐπ’,,
4043,113343092,them,255,αὐτῶν,,
4044,113343093,nearby,255,πλησίον,,
4045,113343095,spring,255,πηγὴν,,
4046,113343096,of water,255,ὕδατος,,
4047,113343097,clear,255,διαυγοῦς,,
4048,113343099,moreover,255,ἔτι,,
4049,113343104,we heard,255,ἠκούομεν,,
4050,113343102,dog,255,κυνὸς,,
4051,113343103,bark,255,ὑλακὴν,,
4052,113343106,smoke,255,καπνὸς,,
4053,113343107,appeared,255,ἐφαίνετο,,
4054,113343108,in the distance,255,πόρρωθεν,,
4055,113343109,and,255,καί,,
4056,113343110,some sort of,255,τινα,,
4057,113343112,villa,255,ἔπαυλιν,,
4058,113343113,we conjectured,255,εἰκάζομεν,,
4059,113343115,haste,256,σπουδῇ,,
4060,113343116,So,256,οὖν,,
4061,113343117,walking,256,βαδίζοντες,,
4062,113343118,encounter,256,ἐφιστάμεθα,,
4063,113343119,old,256,πρεσβύτῃ,,
4064,113343120,and,256,καὶ,,
4065,113343121,boy,256,νεανίσκῳ,,
4066,113343122,very,256,μάλα,,
4067,113343123,eagerly,256,προθύμως,,
4068,113343124,bed,256,πρασιάν,,
4069,113343125,making,256,τινα,,
4070,113343126,making,256,ἐργαζομένοις,,
4071,113343127,and,256,καὶ,,
4072,113343129,water,256,ὕδωρ,,
4073,113343130,from,256,ἀπὸ,,
4074,113343131,the,256,τῆς,,
4075,113343132,spring,256,πηγῆς,,
4076,113343133,onto,256,ἐπ’,,
4077,113343134,it,256,αὐτὴν,,
4078,113343135,channel,256,διοχετεύουσιν,,
4079,113343137,Having,257,ἡσθέντες,,
4080,113343138,then,257,οὖν,,
4081,113343139,at,257,ἅμα,,
4082,113343140,and,257,καὶ,,
4083,113343141,having,257,φοβηθέντες,,
4084,113343142,stood,257,ἔστημεν,,
4085,113343144,But,258,κα-,,
4086,113343145,those,258,κἀκεῖνοι,,
4087,113343146,men,258,δὲ,,
4088,113343147,the,258,τα-,,
4089,113343148,same,258,ταὐτὸ,,
4090,113343149,us,258,ἡμῖν,,
4091,113343150,as,258,ὡς,,
4092,113343151,is likely,258,τὸ,,
4093,113343152,likely,258,εἰκὸς,,
4094,113343153,suffered,258,παθόντες,,
4095,113343154,silent,258,ἄναυδοι,,
4096,113343155,stood,258,παρειστήκεσαν,,
4097,113343157,time,259,χρόνῳ,,
4098,113343158,After,259,δὲ,,
4099,113343159,the,259,ὁ,,
4100,113343160,old man,259,πρεσβύτης,,
4101,113343161,said,259,ἔφη,,
4102,113343164,who,259,τίνες,,
4103,113343165,you,259,ὑμεῖς,,
4104,113343166,So,259,ἄρα,,
4105,113343167,are,259,ἐστέ,,
4106,113343170,strangers,259,ξένοι,,
4107,113343172,Or,260,πότερον,,
4108,113343177,humans,260,ἄνθρωποι,,
4109,113343178,unhappy,260,δυστυχεῖς,,
4110,113343179,compared,260,ἡμῖν,,
4111,113343173,to,260,τῶν,,
4112,113343174,sea,260,ἐναλίων,,
4113,113343175,deities,260,δαιμόνων,,
4114,113343182,For,261,καὶ,,
4115,113343183,even,261,γὰρ,,
4116,113343184,we,261,ἡμεῖς,,
4117,113343185,men,261,ἄνθρωποι,,
4118,113343186,being,261,ὄντες,,
4119,113343187,and,261,καὶ,,
4120,113343188,on,261,ἐν,,
4121,113343189,land,261,γῇ,,
4122,113343190,having been raised,261,τραφέντες,,
4123,113343191,now,261,νῦν,,
4124,113343192,sea-dwellers,261,θαλάττιοι,,
4125,113343193,have become,261,γεγόναμεν,,
4126,113343194,and,261,καὶ,,
4127,113343195,swept along,261,συννηχόμεθα,,
4128,113343196,with,261,τῷ,,
4129,113343197,this,261,περιέχοντι,,
4130,113343198,monstrous,261,τούτῳ,,
4131,113343199,beast,261,θηρίῳ,,
4132,113343201,do not,261,οὐ,,
4133,113343202,yet,261,-δ’,,
4134,113343203,what,261,ὃ,,
4135,113343204,suffering,261,πάσχομεν,,
4136,113343205,exactly,261,ἀκριβῶς,,
4137,113343206,know,261,εἰδότες,,
4138,113343210,For,262,γὰρ,,
4139,113343211,we conjecture,262,εἰκάζομεν,,
4140,113343208,have died,262,τεθνάναι,,
4141,113343213,are alive,262,ζῆν,,
4142,113343214,but,262,δὲ,,
4143,113343215,believe,262,πιστεύομεν,,
4144,113343218,response,263,πρὸς,,
4145,113343219,things,263,ταῦτα,,
4146,113343220,I,263,ἐγὼ,,
4147,113343221,spoke,263,εἶπον,,
4148,113343224,And,264,καὶ,,
4149,113343225,we,264,ἡμεῖς,,
4150,113343226,too,264,τοι,,
4151,113343227,men,264,ἄνθρωποι,,
4152,113343229,newly,264,νεήλυδές,,
4153,113343230,arrived,264,μέν,,
4154,113343232,O,264,ὦ,,
4155,113343233,father,264,πάτερ,,
4156,113343235,our,264,αὐτῷ,,
4157,113343236,own,264,σκάφει,,
4158,113343236,boat,264,σκάφει,,
4159,113343237,yesterday,264,πρῴην,,
4160,113343238,sunk,264,καταποθέντες,,
4161,113343240,have,264,προήλθομεν,,
4162,113343240,come,264,προήλθομεν,,
4163,113343240,forward,264,προήλθομεν,,
4164,113343241,now,264,δὲ,,
4165,113343243,wishing,264,βουλόμενοι,,
4166,113343244,to,264,μαθεῖν,,
4167,113343244,learn,264,μαθεῖν,,
4168,113343245,how,264,τὰ,,
4169,113343245,things,264,τὰ,,
4170,113343249,stand,264,ὡς,,
4171,113343246,in,264,ἐν,,
4172,113343247,the,264,τῇ,,
4173,113343248,forest,264,ὕλῃ,,
4174,113343253,For,265,γάρ,,
4175,113343254,it,265,τις,,
4176,113343255,both,265,καὶ,,
4177,113343252,very,265,πολλὴ,,
4178,113343256,hairy,265,λάσιος,,
4179,113343257,appeared,265,ἐφαίνετο,,
4180,113343259,demon,266,δαίμων,,
4181,113343260,as,266,δέ,,
4182,113343261,certain,266,τις,,
4183,113343263,as,266,ὡς,,
4184,113343264,seems,266,ἔοικεν,,
4185,113343266,me,266,ἡμᾶς,,
4186,113343267,brought,266,ἤγαγεν,,
4187,113343268,you,266,σέ,,
4188,113343269,and,266,τε,,
4189,113343270,see,266,ὀψομένους,,
4190,113343271,and,266,καὶ,,
4191,113343272,learn,266,εἰσομένους,,
4192,113343273,that,266,ὅτι,,
4193,113343274,not,266,μὴ,,
4194,113343275,only,266,μόνοι,,
4195,113343276,in,266,ἐν,,
4196,113343277,this,266,τῷδε,,
4197,113343278,imprisoned,266,καθείργμεθα,,
4198,113343279,ones,266,τῷ,,
4199,113343280,beast,266,θηρίῳ,,
4200,113343282,But,267,ἀλλὰ,,
4201,113343283,tell,267,φράσον,,
4202,113343285,us,267,ἡμῖν,,
4203,113343286,your,267,τὴν,,
4204,113343287,your,267,σαυτοῦ,,
4205,113343288,fortune,267,τύχην,,
4206,113343290,who,267,ὅστις,,
4207,113343292,are,267,ὢν,,
4208,113343294,how,267,ὅπως,,
4209,113343295,here,267,δεῦρο,,
4210,113343296,came,267,εἰσῆλθες,,
4211,113343300,But,268,δὲ,,
4212,113343303,he said,268,ἔφη,,
4213,113343302,before,268,πρότερον,,
4214,113343304,have said,268,ἐρεῖν,,
4215,113343305,anything,268,οὐ,,
4216,113343307,have learned,268,πεύσεσθαι,,
4217,113343305,anything,268,οὐ,,
4218,113343308,from,268,παρ’,,
4219,113343309,us,268,ἡμῶν,,
4220,113343311,until,268,πρὶν,,
4221,113343315,shared,268,μεταδοῦναι,,
4222,113343312,hospitality,268,ξενίων,,
4223,113343313,of the,268,τῶν,,
4224,113343314,those present,268,παρόντων,,
4225,113343318,having taken,268,λαβὼν,,
4226,113343319,us,268,ἡμᾶς,,
4227,113343320,led,268,ἦγεν,,
4228,113343321,to,268,ἐπὶ,,
4229,113343322,the,268,τὴν,,
4230,113343323,house,268,οἰκίαν,,
4231,113343325,had made,268,ἐπεποίητο,,
4232,113343326,himself,268,δὲ,,
4233,113343327,self-sufficient,268,αὐτάρκη,,
4234,113343330,built,268,ἐνῳκοδόμητο,,
4235,113343329,beds,268,στιβάδας,,
4236,113343331,and,268,καὶ,,
4237,113343332,everything,268,τὰ,,
4238,113343333,else,268,ἄλλα,,
4239,113343334,arranged,268,ἐξήρτιστο,,
4240,113343336,after setting,268,παραθεὶς,,
4241,113343338,before us,268,ἡμῖν,,
4242,113343339,vegetables,268,λάχανά,,
4243,113343342,fruits,268,ἀκρόδρυα,,
4244,113343344,fish,268,ἰχθῦς,,
4245,113343349,wine,268,οἶνον,,
4246,113343350,poured,268,ἐγχέας,,
4247,113343352,since,268,ἐπειδὴ,,
4248,113343353,sufficiently,268,ἱκανῶς,,
4249,113343354,been satisfied,268,ἐκορέσθημεν,,
4250,113343356,he asked,268,ἐπυνθάνετο,,
4251,113343357,what,268,ἃ,,
4252,113343358,we had suffered,268,πεπόνθοιμεν,,
4253,113343360,So,269,κα-,,
4254,113343361,I,269,κἀγὼ,,
4255,113343362,everything,269,πάντα,,
4256,113343363,in sequence,269,ἑξῆς,,
4257,113343364,told,269,διηγησάμην,,
4258,113343366,the,269,τόν,,
4259,113343367,and,269,τε,,
4260,113343368,winter,269,χειμῶνα,,
4261,113343369,and,269,καὶ,,
4262,113343370,what happened,269,τὰ,,
4263,113343371,on,269,ἐν,,
4264,113343372,the,269,τῇ,,
4265,113343373,island,269,νήσῳ,,
4266,113343374,and,269,καὶ,,
4267,113343375,the,269,τὸν,,
4268,113343376,through,269,ἐν,,
4269,113343377,the,269,τῷ,,
4270,113343378,air,269,ἀέρι,,
4271,113343379,voyage,269,πλοῦν,,
4272,113343381,and,269,καὶ,,
4273,113343382,the,269,τὸν,,
4274,113343383,war,269,πόλεμον,,
4275,113343385,and,269,καὶ,,
4276,113343386,the,269,τὰ,,
4277,113343387,rest,269,ἄλλα,,
4278,113343388,up to,269,μέχρι,,
4279,113343389,the,269,τῆς,,
4280,113343390,into,269,εἰς,,
4281,113343391,the,269,τὸ,,
4282,113343392,whale,269,κῆτος,,
4283,113343393,dive,269,καταδύσεως,,
4284,113343396,And,270,δὲ,,
4285,113343399,he,270,αὐτὸς,,
4286,113343397,having marveled,270,ὑπερθαυμάσας,,
4287,113343399,himself,270,αὐτὸς,,
4288,113343405,proceeded to narrate,270,διεξῄει,,
4289,113343404,his own,270,αὑτὸν,,
4290,113343405,story,270,διεξῄει,,
4291,113343405,in detail,270,διεξῄει,,
4292,113343406,saying,270,λέγων,,
4293,113343412,I am,270,εἰμί,,
4294,113343411,by race,270,γένος,,
4295,113343417,a Cypriot,270,Κύπριος,,
4296,113343419,setting out,270,ὁρμηθεὶς,,
4297,113343422,for trade,270,ἐμπορίαν,,
4298,113343423,from,270,ἀπὸ,,
4299,113343425,my homeland,270,πατρίδος,,
4300,113343426,with,270,μετὰ,,
4301,113343427,a boy,270,παιδός,,
4302,113343429,whom,270,ὃν,,
4303,113343430,you see,270,ὁρᾶτε,,
4304,113343432,and,270,καὶ,,
4305,113343426,with,270,μετὰ,,
4306,113343433,many other,270,ἄλλων,,
4307,113343435,slaves,270,οἰκετῶν,,
4308,113343436,I sailed,270,ἔπλεον,,
4309,113343437,to,270,εἰς,,
4310,113343438,Italy,270,Ἰταλίαν,,
4311,113343442,on,270,ἐπὶ,,
4312,113343443,a large ship,270,νεὼς,,
4313,113343444,large,270,μεγάλης,,
4314,113343441,carrying,270,κομίζων,,
4315,113343440,a varied cargo,270,φόρτον,,
4316,113343439,varied,270,ποικίλον,,
4317,113343446,which,270,ἣν,,
4318,113343452,perhaps,270,ἴσως,,
4319,113343453,you have seen,270,ἑωράκατε,,
4320,113343451,broken open,270,διαλελυμένην,,
4321,113343447,at,270,ἐπὶ,,
4322,113343448,the mouth,270,στόματι,,
4323,113343449,of the,270,τοῦ,,
4324,113343450,whale,270,κήτους,,
4325,113343455,up to,271,μέχρι,,
4326,113343456,So,271,μὲν,,
4327,113343457,So,271,οὖν,,
4328,113343458,Sicily,271,Σικελίας,,
4329,113343459,successfully,271,εὐτυχῶς,,
4330,113343460,sailed,271,διεπλεύσαμεν,,
4331,113343462,From,272,ἐκεῖθεν,,
4332,113343463,there,272,δὲ,,
4333,113343464,snatched,272,ἁρπασθέντες,,
4334,113343465,wind,272,ἀνέμῳ,,
4335,113343466,fierce,272,σφοδρῷ,,
4336,113343467,days,272,τριταῖοι,,
4337,113343468,to,272,ἐς,,
4338,113343469,the,272,τὸν,,
4339,113343470,Ocean,272,ὠκεανὸν,,
4340,113343471,were,272,ἀπηνέχθημεν,,
4341,113343473,where,272,ἔνθα,,
4342,113343474,the,272,τῷ,,
4343,113343475,sea-monster,272,κήτει,,
4344,113343476,encountering,272,περιτυχόντες,,
4345,113343477,and,272,καὶ,,
4346,113343478,alive,272,αὔτανδροι,,
4347,113343479,swallowed,272,καταποθέντες,,
4348,113343480,two,272,δύο,,
4349,113343481,men,272,ἡμεῖς,,
4350,113343482,alone,272,μόνοι,,
4351,113343484,others,272,τῶν,,
4352,113343485,the,272,ἄλλων,,
4353,113343486,died,272,ἀποθανόντων,,
4354,113343488,saved,272,ἐσώθημεν,,
4355,113343490,Having buried,273,θάψαντες,,
4356,113343493,companions,273,ἑταίρους,,
4357,113343491,and,273,δὲ,,
4358,113343498,having built,273,δειμάμενοι,,
4359,113343495,a temple,273,ναὸν,,
4360,113343497,for Poseidon,273,Ποσειδῶνι,,
4361,113343502,we live,273,ζῶμεν,,
4362,113343500,this,273,τὸν,,
4363,113343501,life,273,βίον,,
4364,113343506,cultivating,273,κηπεύοντες,,
4365,113343504,vegetables,273,λάχανα,,
4366,113343509,and,273,δὲ,,
4367,113343508,fish,273,ἰχθῦς,,
4368,113343510,eating,273,σιτούμενοι,,
4369,113343512,fruit,273,ἀκρόδρυα,,
4370,113343515,But,274,δέ,,
4371,113343517,as,274,ὡς,,
4372,113343518,you see,274,ὁρᾶτε,,
4373,113343520,there is,274,ἡ,,
4374,113343521,material,274,ὕλη,,
4375,113343514,much,274,πολλὴ,,
4376,113343523,and,274,καὶ,,
4377,113343524,indeed,274,μὴν,,
4378,113343525,it,274,καὶ,,
4379,113343526,vines,274,ἀμπέλους,,
4380,113343527,has,274,ἔχει,,
4381,113343528,many,274,πολλάς,,
4382,113343530,from,274,ἀφ’,,
4383,113343531,which,274,ὧν,,
4384,113343532,sweetest,274,ἡδύτατος,,
4385,113343533,wine,274,οἶνος,,
4386,113343534,is produced,274,γεννᾶται,,
4387,113343536,And,275,καὶ,,
4388,113343540,perhaps,275,ἴσως,,
4389,113343541,have seen,275,εἴδετε,,
4390,113343537,the,275,τὴν,,
4391,113343538,spring,275,πηγὴν,,
4392,113343542,most beautiful,275,καλλίστου,,
4393,113343543,and,275,καὶ,,
4394,113343544,coldest,275,ψυχροτάτου,,
4395,113343545,water,275,ὕδατος,,
4396,113343547,bed,276,εὐνὴν,,
4397,113343548,and,276,δὲ,,
4398,113343549,from,276,ἀπὸ,,
4399,113343550,leaves,276,τῶν,,
4400,113343551,leaves,276,φύλλων,,
4401,113343552,make,276,ποιούμεθα,,
4402,113343554,and,276,καὶ,,
4403,113343555,fire,276,πῦρ,,
4404,113343556,abundant,276,ἄφθονον,,
4405,113343557,burn,276,καίομεν,,
4406,113343559,and,276,καὶ,,
4407,113343560,birds,276,ὄρνεα,,
4408,113343561,that,276,δὲ,,
4409,113343562,hunt,276,θηρεύομεν,,
4410,113343563,the,276,τὰ,,
4411,113343564,follow,276,εἰσπετόμενα,,
4412,113343566,and,276,καὶ,,
4413,113343567,live,276,ζῶντας,,
4414,113343568,fish,276,ἰχθῦς,,
4415,113343569,catch,276,ἀγρεύομεν,,
4416,113343570,going,276,ἐξιόντες,,
4417,113343571,to,276,ἐπὶ,,
4418,113343572,the,276,τὰ,,
4419,113343573,gills,276,βραγχία,,
4420,113343574,of,276,τοῦ,,
4421,113343575,beast,276,θηρίου,,
4422,113343577,where,276,ἔνθα,,
4423,113343578,we,276,καὶ,,
4424,113343579,bathe,276,λουόμεθα,,
4425,113343581,whenever,276,ὁπόταν,,
4426,113343582,wish,276,ἐπιθυμήσωμεν,,
4427,,,277,,"[{'greek_id': '113343585', 'english_word': 'Indeed'}, {'greek_id': '113343584', 'english_word': 'also'}, {'greek_id': '113343586', 'english_word': 'there'}, {'greek_id': '113343587', 'english_word': 'is'}, {'greek_id': '113343588', 'english_word': 'a'}, {'greek_id': '113343589', 'english_word': 'lake'}, {'greek_id': '113343590', 'english_word': 'not'}, {'greek_id': '113343591', 'english_word': 'far'}, {'greek_id': '113343592', 'english_word': 'off'}, {'greek_id': '113343593', 'english_word': 'twenty'}, {'greek_id': '113343594', 'english_word': 'stadia'}, {'greek_id': '113343595', 'english_word': 'in'}, {'greek_id': '113343596', 'english_word': 'circumference'}, {'greek_id': '113343597', 'english_word': 'having'}, {'greek_id': '113343598', 'english_word': 'fish'}, {'greek_id': '113343599', 'english_word': 'of'}, {'greek_id': '113343600', 'english_word': 'all'}, {'greek_id': '113343601', 'english_word': 'kinds'}, {'greek_id': '113343602', 'english_word': 'in'}, {'greek_id': '113343603', 'english_word': 'which'}, {'greek_id': '113343604', 'english_word': 'we'}, {'greek_id': '113343605', 'english_word': 'swim'}, {'greek_id': '113343606', 'english_word': 'and'}, {'greek_id': '113343607', 'english_word': 'sail'}, {'greek_id': '113343608', 'english_word': 'on'}, {'greek_id': '113343609', 'english_word': 'small'}, {'greek_id': '113343610', 'english_word': 'skiffs'}, {'greek_id': '113343611', 'english_word': 'which'}, {'greek_id': '113343612', 'english_word': 'I'}, {'greek_id': '113343613', 'english_word': 'built'}, {'greek_id': '113343614', 'english_word': 'myself'}]",
4428,,,277,,"[{'greek_id': '113343585', 'english_word': 'Indeed'}, {'greek_id': '113343586', 'english_word': 'also'}, {'greek_id': '113343590', 'english_word': 'is'}, {'greek_id': '113343587', 'english_word': 'lake'}, {'greek_id': '113343588', 'english_word': 'not'}, {'greek_id': '113343589', 'english_word': 'far'}, {'greek_id': '113343592', 'english_word': 'twenty'}, {'greek_id': '113343591', 'english_word': 'stadia'}, {'greek_id': '113343594', 'english_word': 'circumference'}, {'greek_id': '113343597', 'english_word': 'having'}, {'greek_id': '113343598', 'english_word': 'fish'}, {'greek_id': '113343599', 'english_word': 'kinds'}, {'greek_id': '113343602', 'english_word': 'in'}, {'greek_id': '113343603', 'english_word': 'which'}, {'greek_id': '113343605', 'english_word': 'swim'}, {'greek_id': '113343606', 'english_word': 'and'}, {'greek_id': '113343607', 'english_word': 'sail'}, {'greek_id': '113343608', 'english_word': 'on'}, {'greek_id': '113343609', 'english_word': 'skiffs'}, {'greek_id': '113343610', 'english_word': 'small'}, {'greek_id': '113343611', 'english_word': 'which'}, {'greek_id': '113343612', 'english_word': 'I'}, {'greek_id': '113343613', 'english_word': 'built'}]",
4429,113343600,,277,ἐν,,in
4430,113343614,years,278,ἔτη,,
4431,113343615,are,278,δέ,,
4432,113343616,are,278,ἐστιν,,
4433,113343617,our,278,ἡμῖν,,
4434,113343618,swallowing,278,τῆς,,
4435,113343619,swallowing,278,καταπόσεως,,
4436,113343620,These,278,ταῦτα,,
4437,113343621,twenty-seven,278,ἑπτὰ,,
4438,113343622,twenty-seven,278,καὶ,,
4439,113343623,twenty-seven,278,εἴκοσι,,
4440,113343626,the,279,τὰ,,
4441,113343628,things,279,ἄλλα,,
4442,113343629,perhaps,279,ἴσως,,
4443,113343630,endure,279,φέρειν,,
4444,113343631,can,279,δυνάμεθα,,
4445,113343633,our,279,οἱ,,
4446,113343635,neighbors,279,γείτονες,,
4447,113343638,aliens,279,πάροικοι,,
4448,113343639,extremely,279,σφόδρα,,
4449,113343640,harsh,279,χαλεποὶ,,
4450,113343642,burdensome,279,βαρεῖς,,
4451,113343645,unapproachable,279,ἄμικτοί,,
4452,113343647,being,279,ὄντες,,
4453,113343649,savage,279,ἄγριοι,,
4454,113343653,oh,280,ἦ,,
4455,113343654,For,280,γάρ,,
4456,113343657,I said,280,ἔφην,,
4457,113343658,I,280,ἐγώ,,
4458,113343661,also,280,καὶ,,
4459,113343662,others,280,ἄλλοι,,
4460,113343663,some,280,τινὲς,,
4461,113343664,are,280,εἰσιν,,
4462,113343665,inside,280,ἐν,,
4463,113343666,the,280,τῷ,,
4464,113343667,whale,280,κήτει,,
4465,113343671,Many,281,πολλοὶ,,
4466,113343672,indeed,281,μὲν,,
4467,113343676,he said,281,ἔφη,,
4468,113343679,are,281,καὶ,,
4469,113343680,unfamiliar,281,ἄξενοι,,
4470,113343681,and,281,καὶ,,
4471,113343682,their,281,τὰς,,
4472,113343683,forms,281,μορφὰς,,
4473,113343684,strange,281,ἀλλόκοτοι,,
4474,113343688,For,282,γὰρ,,
4475,113343689,western,282,ἑσπέρια,,
4476,113343693,borders,282,οὐραῖα,,
4477,113343690,of,282,τῆς,,
4478,113343691,forest,282,ὕλης,,
4479,113343694,Tarichaeans,282,Ταριχᾶνες,,
4480,113343695,dwell,282,οἰκοῦσιν,,
4481,113343697,nation,282,ἔθνος,,
4482,113343698,fish-eating,282,ἐγχελυωπὸν,,
4483,113343700,crab-faced,282,καραβοπρόσωπον,,
4484,113343702,warlike,282,μάχιμον,,
4485,113343704,bold,282,θρασὺ,,
4486,113343706,man-eating,282,ὠμοφάγον,,
4487,113343710,side,283,τῆς,,
4488,113343711,other,283,ἑτέρας,,
4489,113343713,along,283,κατὰ,,
4490,113343714,the,283,τὸν,,
4491,113343715,right,283,δεξιὸν,,
4492,113343716,wall,283,τοῖχον,,
4493,113343717,Triton-men,283,Τριτωνομένδητες,,
4494,113343721,upper,283,ἄνω,,
4495,113343722,men,283,ἀνθρώποις,,
4496,113343723,look,283,ἐοικότες,,
4497,113343727,lower,283,κάτω,,
4498,113343729,lizards,283,γαλεώταις,,
4499,113343733,unjust,283,ἄδικοὶ,,
4500,113343734,are,283,εἰσιν,,
4501,113343735,than,283,τῶν,,
4502,113343736,others,283,ἄλλων,,
4503,113343709,yet,283,δὲ,,
4504,113343732,yet,283,μέντοι,,
4505,113343731,less,283,ἧττον,,
4506,113343738,The,284,τὰ,,
4507,113343739,left-handed,284,λαιὰ,,
4508,113343741,ones,284,Καρκινόχειρες,,
4509,113343742,the,284,καὶ,,
4510,113343743,Crab-Handed,284,Θυννοκέφαλοι,,
4511,113343744,and,284,συμμαχίαν,,
4512,113343745,the,284,τε,,
4513,113343746,Tunny-Headed,284,καὶ,,
4514,113343747,having,284,φιλίαν,,
4515,113343748,made,284,πρὸς,,
4516,113343749,an,284,ἑαυτοὺς,,
4517,113343750,alliance,284,πεποιημένοι,,
4518,113343751,and,284,.,,
4519,113343752,friendship,284,,,
4520,113343753,for,284,,,
4521,113343754,themselves,284,,,
4522,113343752,The,285,τὴν,,
4523,113343754,mainland,285,μεσόγαιαν,,
4524,113343755,inhabit,285,νέμονται,,
4525,113343756,Paguridai,285,Παγουρίδαι,,
4526,113343757,and,285,καὶ,,
4527,113343758,Psittopodes,285,Ψηττόποδες,,
4528,113343760,race,285,γένος,,
4529,113343761,warlike,285,μάχιμον,,
4530,113343762,and,285,καὶ,,
4531,113343763,very swift,285,δρομικώτατον,,
4532,113343765,The,286,τὰ,,
4533,113343766,things,286,ἑῷα,,
4534,113343767,that,286,δέ,,
4535,113343769,those,286,τὰ,,
4536,113343770,near,286,πρὸς,,
4537,113343771,his,286,αὐτῷ,,
4538,113343772,own,286,τῷ,,
4539,113343773,mouth,286,στόματι,,
4540,113343775,mostly,286,τὰ,,
4541,113343776,deserted,286,πολλὰ,,
4542,113343777,are,286,μὲν,,
4543,113343778,deserted,286,ἔρημά,,
4544,113343779,are,286,ἐστι,,
4545,113343781,lapped,286,προσκλυζόμενα,,
4546,113343782,the,286,τῇ,,
4547,113343783,sea,286,θαλάττῃ,,
4548,113343785,However,287,ὅμως,,
4549,113343786,However,287,δὲ,,
4550,113343787,I,287,ἐγὼ,,
4551,113343788,this,287,ταῦτα,,
4552,113343789,pay,287,ἔχω,,
4553,113343790,tribute,287,φόρον,,
4554,113343791,the,287,τοῖς,,
4555,113343792,Pseudo-pods,287,Ψηττόποσιν,,
4556,113343793,pay,287,ὑποτελῶν,,
4557,113343794,every,287,ἑκάστου,,
4558,113343795,year,287,ἔτους,,
4559,113343796,oysters,287,ὄστρεια,,
4560,113343797,three hundred,287,πεντακόσια,,
4561,113343799,Such,288,τοιαύτη,,
4562,113343801,the,288,ἡ,,
4563,113343802,country,288,χώρα,,
4564,113343803,is,288,ἐστὶν,,
4565,113343806,But,289,δὲ,,
4566,113343805,you,289,ὑμᾶς,,
4567,113343807,must,289,χρὴ,,
4568,113343808,consider,289,ὁρᾶν,,
4569,113343809,how,289,ὅπως,,
4570,113343810,we,289,δυνησόμεθα,,
4571,113343810,shall,289,δυνησόμεθα,,
4572,113343810,be,289,δυνησόμεθα,,
4573,113343810,able,289,δυνησόμεθα,,
4574,113343813,fight,289,μάχεσθαι,,
4575,113343811,so,289,τοσούτοις,,
4576,113343811,many,289,τοσούτοις,,
4577,113343812,nations,289,ἔθνεσι,,
4578,113343814,and,289,καὶ,,
4579,113343815,how,289,ὅπως,,
4580,113343816,we,289,βιοτεύσομεν,,
4581,113343816,shall,289,βιοτεύσομεν,,
4582,113343816,live,289,βιοτεύσομεν,,
4583,113343816,our,289,βιοτεύσομεν,,
4584,113343816,lives,289,βιοτεύσομεν,,
4585,113343820,How,290,πόσοι,,
4586,113343820,many,290,πόσοι,,
4587,113343824,I,290,ἔφην,,
4588,113343824,said,290,ἔφην,,
4589,113343825,I,290,ἐγώ,,
4590,113343828,all,290,πάντες,,
4591,113343829,these,290,οὗτοὶ,,
4592,113343830,are,290,εἰσιν,,
4593,113343834,More,291,πλείους,,
4594,113343837,he said,291,ἔφη,,
4595,113343840,than,291,τῶν,,
4596,113343841,a thousand,291,χιλίων,,
4597,113343845,weapons,292,ὅπλα,,
4598,113343846,there,292,δὲ,,
4599,113343847,some,292,τίνα,,
4600,113343848,are,292,ἐστὶν,,
4601,113343849,them,292,αὐτοῖς,,
4602,113343853,Nothing,293,οὐδέν,,
4603,113343856,he said,293,ἔφη,,
4604,113343859,except,293,πλὴν,,
4605,113343860,the,293,τὰ,,
4606,113343861,bones,293,ὀστᾶ,,
4607,113343862,of the,293,τῶν,,
4608,113343863,fish,293,ἰχθύων,,
4609,113343867,Therefore,294,οὐκοῦν,,
4610,113343870,I,294,ἔφην,,
4611,113343871,said,294,ἐγώ,,
4612,113343874,best,294,ἄριστα,,
4613,113343875,would,294,ἂν,,
4614,113343876,be,294,ἔχοι,,
4615,113343877,for,294,διὰ,,
4616,113343878,them,294,μάχης,,
4617,113343879,to,294,ἐλθεῖν,,
4618,113343880,come,294,αὐτοῖς,,
4619,113343882,since,294,ἅτε,,
4620,113343883,they,294,οὖσιν,,
4621,113343884,are,294,ἀνόπλοις,,
4622,113343885,armed,294,αὐτούς,,
4623,113343886,while,294,ὡπλισμένους,,
4624,113343887,unarmed,294,.,,
4625,113343889,For,295,γὰρ,,
4626,113343888,if,295,εἰ,,
4627,113343890,shall conquer,295,κρατήσομεν,,
4628,113343891,them,295,αὐτῶν,,
4629,113343893,without fear,295,ἀδεῶς,,
4630,113343897,shall live,295,οἰκήσομεν,,
4631,113343894,the,295,τὸν,,
4632,113343895,rest,295,λοιπὸν,,
4633,113343896,of our lives,295,βίον,,
4634,113343900,seemed,296,ἔδοξε,,
4635,113343901,This,296,ταῦτα,,
4636,113343903,and,296,καὶ,,
4637,113343904,having gone,296,ἀπελθόντες,,
4638,113343905,to,296,ἐπὶ,,
4639,113343906,the ship,296,ναῦν,,
4640,113343907,we made preparations,296,παρεσκευαζόμεθα,,
4641,113343909,cause,297,αἰτία,,
4642,113343910,was,297,δὲ,,
4643,113343911,of,297,τοῦ,,
4644,113343912,war,297,πολέμου,,
4645,113343913,to be,297,ἔμελλεν,,
4646,113343914,to be,297,ἔσεσθαι,,
4647,113343915,of,297,τοῦ,,
4648,113343916,tribute,297,φόρου,,
4649,113343917,payment,297,ἡ,,
4650,113343918,non-payment,297,οὐκ,,
4651,113343921,already,297,ἤδη,,
4652,113343922,deadline,297,τῆς,,
4653,113343923,deadline,297,προθεσμίας,,
4654,113343924,having arrived,297,ἐνεστώσης,,
4655,113343926,So,298,καὶ,,
4656,113343927,indeed,298,δὴ,,
4657,113343928,some,298,οἱ,,
4658,113343930,were sending,298,ἔπεμπον,,
4659,113343931,demanding,298,ἀπαιτοῦντες,,
4660,113343932,the,298,τὸν,,
4661,113343933,tribute,298,δασμὸν,,
4662,113343935,he,299,ὁ,,
4663,113343936,But,299,δὲ,,
4664,113343937,superciliously,299,ὑπεροπτικῶς,,
4665,113343938,answering,299,ἀποκρινάμενος,,
4666,113343939,drove,299,ἀπεδίωξε,,
4667,113343940,the,299,τοὺς,,
4668,113343941,messengers,299,ἀγγέλους,,
4669,113343943,First,300,πρῶτοι,,
4670,113343944,then,300,οὖν,,
4671,113343945,the,300,οἱ,,
4672,113343946,Psittopodes,300,Ψηττόποδες,,
4673,113343947,and,300,καὶ,,
4674,113343948,the,300,οἱ,,
4675,113343949,Paguridai,300,Παγουρίδαι,,
4676,113343950,making things difficult,300,χαλεπαίνοντες,,
4677,113343951,for,300,τῷ,,
4678,113343952,Scintharos,300,Σκινθάρῳ,,
4679,113343954,this,300,τοῦτο,,
4680,113343955,for,300,γὰρ,,
4681,113343956,was called,300,ἐκαλεῖτο,,
4682,113343958,with,300,μετὰ,,
4683,113343959,great,300,πολλοῦ,,
4684,113343960,tumult,300,θορύβου,,
4685,113343961,approached,300,ἐπῄεσαν,,
4686,113343964,But,301,δὲ,,
4687,113343963,we,301,ἡμεῖς,,
4688,113343967,suspecting,301,ὑποπτεύοντες,,
4689,113343965,the,301,τὴν,,
4690,113343966,attack,301,ἔφοδον,,
4691,113343968,having armed ourselves,301,ἐξοπλισάμενοι,,
4692,113343969,waited,301,ἀνεμένομεν,,
4693,113343973,having placed,301,προτάξαντες,,
4694,113343971,ahead,301,λόχον,,
4695,113343972,a,301,τινὰ,,
4696,113343974,company,301,ἀνδρῶν,,
4697,113343975,of,301,πέντε,,
4698,113343977,twenty-five,301,εἴκοσι,,
4699,113343976,men,301,καὶ,,
4700,113343979,ordered,302,προείρητο,,
4701,113343980,to,302,δὲ,,
4702,113343981,those,302,τοῖς,,
4703,113343982,in,302,ἐν,,
4704,113343983,the,302,τῇ,,
4705,113343984,ambush,302,ἐνέδρᾳ,,
4706,113343986,when,302,ἐπειδὰν,,
4707,113343987,they,302,ἴδωσι,,
4708,113343987,see,302,ἴδωσι,,
4709,113343988,passing,302,παρεληλυθότας,,
4710,113343989,the,302,τοὺς,,
4711,113343990,enemies,302,πολεμίους,,
4712,113343992,rise,302,ἐπανίστασθαι,,
4713,113343992,up,302,ἐπανίστασθαι,,
4714,113343994,And,303,καὶ,,
4715,113343995,so,303,οὕτως,,
4716,113343996,did,303,ἐποίησαν,,
4717,113343998,turned,304,ἐπαναστάντες,,
4718,113343999,For,304,γὰρ,,
4719,113344000,behind,304,κατόπιν,,
4720,113344001,struck,304,ἔκοπτον,,
4721,113344002,us,304,αὐτούς,,
4722,113344004,and,304,καὶ,,
4723,113344005,we,304,ἡμεῖς,,
4724,113344006,we,304,δὲ,,
4725,113344007,we,304,αὐτοὶ,,
4726,113344008,twenty-five,304,πέντε,,
4727,113344009,twenty-five,304,καὶ,,
4728,113344010,twenty-five,304,εἴκοσι,,
4729,113344011,numbering,304,τὸν,,
4730,113344012,numbering,304,ἀριθμὸν,,
4731,113344013,numbering,304,ὄντες,,
4732,113344015,for,304,καὶ,,
4733,113344016,for,304,γὰρ,,
4734,113344017,Skintharos,304,ὁ,,
4735,113344018,Skintharos,304,Σκίνθαρος,,
4736,113344019,and,304,καὶ,,
4737,113344020,his,304,ὁ,,
4738,113344021,boy,304,παῖς,,
4739,113344022,his,304,αὐτοῦ,,
4740,113344023,serving,304,συνεστρατεύοντο,,
4741,113344025,stood,304,ὑπηντιάζομεν,,
4742,113344027,and,304,καὶ,,
4743,113344028,mixing,304,συμμίξαντες,,
4744,113344029,anger,304,θυμῷ,,
4745,113344030,and,304,καὶ,,
4746,113344031,strength,304,ῥώμῃ,,
4747,113344032,risked,304,διεκινδυνεύομεν,,
4748,113344034,Finally,305,τέλος,,
4749,113344035,Finally,305,δὲ,,
4750,113344036,turn,305,τροπὴν,,
4751,113344037,them,305,αὐτῶν,,
4752,113344038,making,305,ποιησάμενοι,,
4753,113344039,pursued,305,κατεδιώξαμεν,,
4754,113344040,as far as,305,ἄχρι,,
4755,113344041,as far as,305,πρὸς,,
4756,113344042,their,305,τοὺς,,
4757,113344043,lairs,305,φωλεούς,,
4758,113344047,enemies,306,τῶν,,
4759,113344048,only,306,μὲν,,
4760,113344049,enemies,306,πολεμίων,,
4761,113344050,Seventy,306,ἑβδομήκοντα,,
4762,113344051,-,306,καὶ,,
4763,113344052,one,306,ἑκατόν,,
4764,113344045,died,306,ἀπέθανον,,
4765,113344046,but,306,δὲ,,
4766,113344054,of us,306,ἡμῶν,,
4767,113344055,but,306,δὲ,,
4768,113344056,one,306,εἷς,,
4769,113344058,the,306,ὁ,,
4770,113344059,pilot,306,κυβερνήτης,,
4771,113344061,trireme,306,τρίγλης,,
4772,113344062,side,306,πλευρᾷ,,
4773,113344063,pierced,306,διαπαρεὶς,,
4774,113344064,the,306,τὸ,,
4775,113344065,back,306,μετάφρενον,,
4776,113344069,So,307,οὖν,,
4777,113344067,that,307,ἐκείνην,,
4778,113344071,day,307,ἡμέραν,,
4779,113344072,and,307,καὶ,,
4780,113344074,night,307,νύκτα,,
4781,113344075,we encamped,307,ἐπηυλισάμεθα,,
4782,113344077,battle,307,μάχῃ,,
4783,113344078,and,307,καὶ,,
4784,113344080,set up,307,ἐστήσαμεν,,
4785,113344079,a trophy,307,τρόπαιον,,
4786,113344084,having raised,307,ἀναπήξαντες,,
4787,113344081,spine,307,ῥάχιν,,
4788,113344082,dry,307,ξηρὰν,,
4789,113344083,dolphin,307,δελφῖνος,,
4790,113344088,But,308,δὲ,,
4791,113344089,also,308,καὶ,,
4792,113344087,following,308,ὑστεραίᾳ,,
4793,113344086,day,308,τῇ,,
4794,113344090,the,308,οἱ,,
4795,113344091,others,308,ἄλλοι,,
4796,113344092,perceived,308,αἰσθόμενοι,,
4797,113344093,arrived,308,παρῆσαν,,
4798,113344096,indeed,308,μὲν,,
4799,113344097,right,308,δεξιὸν,,
4800,113344098,wing,308,κέρας,,
4801,113344099,holding,308,ἔχοντες,,
4802,113344100,the,308,οἱ,,
4803,113344101,Tarichonians,308,Ταριχᾶνες,,
4804,113344103,leading,308,ἡγεῖτο,,
4805,113344105,them,308,αὐτῶν,,
4806,113344106,Pelamos,308,Πήλαμος,,
4807,113344110,left,308,εὐώνυμον,,
4808,113344111,the,308,οἱ,,
4809,113344112,Thynnocephalans,308,Θυννοκέφαλοι,,
4810,113344115,center,308,μέσον,,
4811,113344117,the,308,οἱ,,
4812,113344118,Crustacean-Hands,308,Καρκινόχειρες,,
4813,113344121,For,309,γὰρ,,
4814,113344122,Triton-men,309,Τριτωνομένδητες,,
4815,113344120,who,309,οἱ,,
4816,113344124,kept,309,ἡσυχίαν,,
4817,113344125,the peace,309,ἦγον,,
4818,113344120,chose,309,οἱ,,
4819,113344127,to ally,309,συμμαχεῖν,,
4820,113344128,themselves,309,προαιρούμενοι,,
4821,113344126,neither side,309,οὐδετέροις,,
4822,113344130,We,310,ἡμεῖς,,
4823,113344131,"We,",310,δὲ,,
4824,113344132,having met,310,προαπαντήσαντες,,
4825,113344133,them,310,αὐτοῖς,,
4826,113344134,at,310,παρὰ,,
4827,113344135,the,310,τὸ,,
4828,113344136,shrine,310,Ποσειδώνιον,,
4829,113344137,mingled,310,συνεμίξαμεν,,
4830,113344138,much,310,πολλῇ,,
4831,113344139,assistance,310,βοῇ,,
4832,113344140,making use of,310,χρώμενοι,,
4833,113344143,and,310,δὲ,,
4834,113344144,the,310,τὸ,,
4835,113344145,vessel's,310,κύτος,,
4836,113344146,just like,310,ὥσπερ,,
4837,113344147,caves,310,τὰ,,
4838,113344150,Having turned,311,τρεψάμενοι,,
4839,113344151,as,311,δὲ,,
4840,113344152,they,311,αὐτούς,,
4841,113344154,were,311,ἅτε,,
4842,113344155,slingers,311,γυμνῆτας,,
4843,113344156,slingers,311,ὄντας,,
4844,113344158,and,311,καὶ,,
4845,113344159,pursued,311,καταδιώξαντες,,
4846,113344160,into,311,ἐς,,
4847,113344161,the,311,τὴν,,
4848,113344162,forest,311,ὕλην,,
4849,113344163,then,311,τὸ,,
4850,113344164,rest,311,λοιπὸν,,
4851,113344165,held,311,ἐπεκρατοῦμεν,,
4852,113344166,of the,311,τῆς,,
4853,113344167,land,311,γῆς,,
4854,113344169,And,312,καὶ,,
4855,113344170,after,312,μετ’,,
4856,113344171,not,312,οὐ,,
4857,113344172,long,312,πολὺ,,
4858,113344174,having,312,ἀποστείλαντες,,
4859,113344173,heralds,312,κήρυκας,,
4860,113344175,the,312,νεκρούς,,
4861,113344176,both,312,τε,,
4862,113344177,searched,312,ἀνῃροῦντο,,
4863,113344175,dead,312,νεκρούς,,
4864,113344178,and,312,καὶ,,
4865,113344181,discussed,312,διελέγοντο,,
4866,113344179,terms,312,περὶ,,
4867,113344180,of,312,φιλίας,,
4868,113344183,us,313,ἡμῖν,,
4869,113344184,but,313,δὲ,,
4870,113344185,not,313,οὐκ,,
4871,113344186,seemed,313,ἐδόκει,,
4872,113344187,sacrifice,313,σπένδεσθαι,,
4873,113344189,but,313,ἀλλὰ,,
4874,113344190,the,313,τῇ,,
4875,113344191,following,313,ὑστεραίᾳ,,
4876,113344192,having advanced,313,χωρήσαντες,,
4877,113344193,against,313,ἐπ’,,
4878,113344194,them,313,αὐτοὺς,,
4879,113344195,all,313,πάντας,,
4880,113344196,pieces,313,ἄρδην,,
4881,113344197,hacked,313,ἐξεκόψαμεν,,
4882,113344198,except,313,πλὴν,,
4883,113344199,for,313,τῶν,,
4884,113344200,Triton-men,313,Τριτωνομενδήτων,,
4885,113344202,they,314,οὗτοι,,
4886,113344203,But,314,δὲ,,
4887,113344204,when,314,ὡς,,
4888,113344205,saw,314,εἶδον,,
4889,113344206,what,314,τὰ,,
4890,113344207,was happening,314,γινόμενα,,
4891,113344209,rushed,314,διαδράντες,,
4892,113344210,out,314,ἐκ,,
4893,113344211,their,314,τῶν,,
4894,113344212,gills,314,βραγχίων,,
4895,113344213,let,314,ἀφῆκαν,,
4896,113344214,them,314,αὑτοὺς,,
4897,113344215,go,314,εἰς,,
4898,113344216,the,314,τὴν,,
4899,113344217,sea,314,θάλατταν,,
4900,113344219,We,315,ἡμεῖς,,
4901,113344220,We,315,δὲ,,
4902,113344223,having visited,315,ἐπελθόντες,,
4903,113344221,the,315,τὴν,,
4904,113344222,country,315,χώραν,,
4905,113344224,deserted,315,ἔρημον,,
4906,113344225,already,315,ἤδη,,
4907,113344226,being,315,οὖσαν,,
4908,113344227,by,315,τῶν,,
4909,113344228,the enemy,315,πολεμίων,,
4910,113344230,spent,315,λοιπὸν,,
4911,113344232,spent,315,κατῳκοῦμεν,,
4912,113344229,the,315,τὸ,,
4913,113344230,rest,315,λοιπὸν,,
4914,113344231,in peace,315,ἀδεῶς,,
4915,113344235,much,315,πολλὰ,,
4916,113344235,of our time,315,πολλὰ,,
4917,113344236,gymnasia,315,γυμνασίοις,,
4918,113344239,hunts,315,κυνηγεσίοις,,
4919,113344240,spending,315,χρώμενοι,,
4920,113344242,tending,315,ἀμπελουργοῦντες,,
4921,113344245,vines,315,καρπὸν,,
4922,113344246,gathering,315,συγκομιζόμενοι,,
4923,113344247,the,315,τὸν,,
4924,113344248,from,315,ἐκ,,
4925,113344249,the,315,τῶν,,
4926,113344250,trees,315,δένδρων,,
4927,113344253,generally,315,ὅλως,,
4928,113344254,appeared,315,ἐῴκειμεν,,
4929,113344255,like,315,τοῖς,,
4930,113344255,those,315,τοῖς,,
4931,113344256,in,315,ἐν,,
4932,113344257,prison,315,δεσμωτηρίῳ,,
4933,113344258,vast,315,μεγάλῳ,,
4934,113344260,inescapable,315,ἀφύκτῳ,,
4935,113344261,indulge,315,τρυφῶσι,,
4936,113344261,luxury,315,τρυφῶσι,,
4937,113344263,unbound,315,λελυμένοις,,
4938,113344265,year,316,ἐνιαυτὸν,,
4939,113344266,And,316,μὲν,,
4940,113344267,so,316,οὖν,,
4941,113344268,and,316,καὶ,,
4942,113344269,months,316,μῆνας,,
4943,113344270,eight,316,ὀκτὼ,,
4944,113344271,this,316,τοῦτον,,
4945,113344272,recounted,316,διήγομεν,,
4946,113344273,story,316,τὸν,,
4947,113344274,manner,316,τρόπον,,
4948,113344277,But,317,δ’,,
4949,113344276,the,317,τῷ,,
4950,113344278,ninth,317,ἐνάτῳ,,
4951,113344279,month,317,μηνὶ,,
4952,113344280,fifth,317,πέμπτῃ,,
4953,113344281,day,317,ἱσταμένου,,
4954,113344283,of,317,περὶ,,
4955,113344284,the,317,τὴν,,
4956,113344285,waning,317,δευτέραν,,
4957,113344286,of,317,τοῦ,,
4958,113344287,the,317,στόματος,,
4959,113344288,opening,317,ἄνοιξιν,,
4960,113344290,once,317,ἅπαξ,,
4961,113344291,since,317,γὰρ,,
4962,113344293,this,317,τοῦτο,,
4963,113344294,at,317,κατὰ,,
4964,113344295,each,317,τὴν,,
4965,113344296,hour,317,ὥραν,,
4966,113344297,each,317,ἑκάστην,,
4967,113344298,used to do,317,ἐποίει,,
4968,113344299,the,317,τὸ,,
4969,113344300,whale,317,κῆτος,,
4970,113344302,so that,317,ὥστε,,
4971,113344303,we,317,ἡμᾶς,,
4972,113344304,could infer,317,πρὸς,,
4973,113344305,the,317,τὰς,,
4974,113344306,openings,317,ἀνοίξεις,,
4975,113344307,from,317,τεκμαίρεσθαι,,
4976,113344308,the,317,τὰς,,
4977,113344309,hours,317,ὥρας,,
4978,113344312,therefore,317,οὖν,,
4979,113344313,the,317,τὴν,,
4980,113344314,second,317,δευτέραν,,
4981,113344316,as,317,ὥσπερ,,
4982,113344317,I said,317,ἔφην,,
4983,113344319,opening,317,ἄνοιξιν,,
4984,113344321,suddenly,317,ἄφνω,,
4985,113344322,cry,317,βοή,,
4986,113344323,and,317,τε,,
4987,113344324,great,317,πολλὴ,,
4988,113344325,and,317,καὶ,,
4989,113344326,tumult,317,θόρυβος,,
4990,113344327,was heard,317,ἠκούετο,,
4991,113344328,and,317,καὶ,,
4992,113344329,as if,317,ὥσπερ,,
4993,113344330,shouts,317,κελεύσματα,,
4994,113344331,and,317,καὶ,,
4995,113344332,commands,317,εἰρεσίαι,,
4996,113344334,thrown,318,ταραχθέντες,,
4997,113344335,So,318,οὖν,,
4998,113344336,scrambled,318,ἀνειρπύσαμεν,,
4999,113344337,up,318,ἐπ’,,
5000,113344338,very,318,αὐτὸ,,
5001,113344339,the,318,τὸ,,
5002,113344340,mouth,318,στόμα,,
5003,113344341,of,318,τοῦ,,
5004,113344342,beast,318,θηρίου,,
5005,113344343,and,318,καὶ,,
5006,113344344,standing,318,στάντες,,
5007,113344345,within,318,ἐνδοτέρω,,
5008,113344346,the,318,τῶν,,
5009,113344347,teeth,318,ὀδόντων,,
5010,113344348,observed,318,καθεωρῶμεν,,
5011,113344349,all,318,ἁπάντων,,
5012,113344350,that,318,ὧν,,
5013,113344351,I,318,ἐγὼ,,
5014,113344352,seen,318,εἶδον,,
5015,113344353,spectacle,318,θεαμάτων,,
5016,113344354,wonderful,318,παραδοξότατον,,
5017,113344356,men,318,ἄνδρας,,
5018,113344357,gigantic,318,μεγάλους,,
5019,113344359,about,318,ὅσον,,
5020,113344360,half,318,ἡμισταδιαίους,,
5021,113344361,the,318,τὰς,,
5022,113344362,height,318,ἡλικίας,,
5023,113344364,upon,318,ἐπὶ,,
5024,113344365,islands,318,νήσων,,
5025,113344366,large,318,μεγάλων,,
5026,113344367,sailing,318,προσπλέοντας,,
5027,113344368,as,318,ὥσπερ,,
5028,113344369,upon,318,ἐπὶ,,
5029,113344370,triremes,318,τριήρων,,
5030,113344372,know,319,οἶδα,,
5031,113344373,I,319,μὲν,,
5032,113344374,then,319,οὖν,,
5033,113344375,unbelievable,319,ἀπίστοις,,
5034,113344376,seem,319,ἐοικότα,,
5035,113344377,relate,319,ἱστορήσων,,
5036,113344379,speak,319,λέξω,,
5037,113344380,nevertheless,319,δὲ,,
5038,113344381,nevertheless,319,ὅμως,,
5039,113344383,islands,320,νῆσοι,,
5040,113344384,were,320,ἦσαν,,
5041,113344385,elongated,320,ἐπιμήκεις,,
5042,113344386,The,320,μέν,,
5043,113344388,not,320,οὐ,,
5044,113344389,very,320,πάνυ,,
5045,113344390,but,320,δὲ,,
5046,113344391,high,320,ὑψηλαί,,
5047,113344393,about,320,ὅσον,,
5048,113344394,one,320,ἑκατὸν,,
5049,113344395,hundred,320,σταδίων,,
5050,113344396,stadia,320,ἑκάστη,,
5051,113344397,each,320,τὸ,,
5052,113344398,in,320,περίμετρον,,
5053,113344400,on,321,ἐπὶ,,
5054,113344401,And,321,δὲ,,
5055,113344402,them,321,αὐτῶν,,
5056,113344403,sailed,321,ἔπλεον,,
5057,113344407,about,321,ἀμφὶ,,
5058,113344408,of,321,τοὺς,,
5059,113344409,twenty,321,εἴκοσι,,
5060,113344410,and,321,καὶ,,
5061,113344411,hundred,321,ἑκατὸν,,
5062,113344406,those,321,ἐκείνων,,
5063,113344413,Of,322,τούτων,,
5064,113344414,these,322,δὲ,,
5065,113344415,some,322,οἱ,,
5066,113344417,sitting,322,παρ’,,
5067,113344418,on,322,ἑκάτερα,,
5068,113344419,either,322,τῆς,,
5069,113344420,side,322,νήσου,,
5070,113344421,of,322,καθήμενοι,,
5071,113344422,the,322,ἐφεξῆς,,
5072,113344423,island,322,ἐκωπηλάτουν,,
5073,113344424,in,322,κυπαρίττοις,,
5074,113344425,a,322,μεγάλαις,,
5075,113344426,row,322,αὐτοκλάδοις,,
5076,113344427,were,322,καὶ,,
5077,113344428,rowing,322,αὐτοκόμοις,,
5078,113344429,with,322,ὥσπερ,,
5079,113344430,large,322,ἐρετμοῖς,,
5080,113344431,cypress,322,",",,
5081,113344432,oars,322,κατόπιν,,
5082,113344433,self-branched,322,δὲ,,
5083,113344434,and,322,ἐπὶ,,
5084,113344435,self-pruned,322,τῆς,,
5085,113344436,just,322,πρύμνης,,
5086,113344437,as,322,",",,
5087,113344438,if,322,ὡς,,
5088,113344439,they,322,ἐδόκει,,
5089,113344440,were,322,",",,
5090,113344441,oars,322,κυβερνήτης,,
5091,113344442,and,322,ἐπὶ,,
5092,113344443,behind,322,λόφου,,
5093,113344444,at,322,ὑψηλοῦ,,
5094,113344445,the,322,εἱστήκει,,
5095,113344446,stern,322,χάλκεον,,
5096,113344447,as,322,ἔχων,,
5097,113344448,it,322,πηδάλιον,,
5098,113344449,seemed,322,πεντασταδιαῖον,,
5099,113344450,a,322,τὸ,,
5100,113344451,helmsman,322,μῆκος,,
5101,113344452,stood,322,.,,
5102,113344453,on,322,,,
5103,113344454,a,322,,,
5104,113344455,high,322,,,
5105,113344456,mound,322,,,
5106,113344457,holding,322,,,
5107,113344458,a,322,,,
5108,113344459,bronze,322,,,
5109,113344460,rudder,322,,,
5110,113344461,five,322,,,
5111,113344462,stades,322,,,
5112,113344463,long,322,,,
5113,113344453,on,323,ἐπὶ,,
5114,113344454,And,323,δὲ,,
5115,113344455,the,323,τῆς,,
5116,113344456,bow,323,πρῴρας,,
5117,113344457,about,323,ὅσον,,
5118,113344458,forty,323,τετταράκοντα,,
5119,113344460,of them,323,αὐτῶν,,
5120,113344459,armed,323,ὡπλισμένοι,,
5121,113344461,were fighting,323,ἐμάχοντο,,
5122,113344464,looking,323,ἐοικότες,,
5123,113344465,like,323,ἀνθρώποις,,
5124,113344463,all,323,πάντα,,
5125,113344465,men,323,ἀνθρώποις,,
5126,113344466,except,323,πλὴν,,
5127,113344467,for,323,τῆς,,
5128,113344460,their,323,αὐτῶν,,
5129,113344468,hair,323,κόμης,,
5130,113344471,But,324,δὲ,,
5131,113344470,this,324,αὕτη,,
5132,113344473,was,324,ἦν,,
5133,113344472,fire,324,πῦρ,,
5134,113344474,and,324,καὶ,,
5135,113344475,burned,324,ἐκάετο,,
5136,113344477,so that,324,ὥστε,,
5137,113344481,lack,324,ἐδέοντο,,
5138,113344478,not,324,οὐ,,
5139,113344479,even,324,-δὲ,,
5140,113344480,helmets,324,κορύθων,,
5141,113344483,instead,325,ἀντὶ,,
5142,113344484,And,325,δὲ,,
5143,113344485,sails,325,ἱστίων,,
5144,113344486,the,325,ὁ,,
5145,113344487,wind,325,ἄνεμος,,
5146,113344488,falling,325,ἐμπίπτων,,
5147,113344489,the,325,τῇ,,
5148,113344490,wood,325,ὕλῃ,,
5149,113344492,abundant,325,πολλῇ,,
5150,113344493,was,325,οὔσῃ,,
5151,113344494,in,325,ἐν,,
5152,113344495,each,325,ἑκάστῃ,,
5153,113344497,filled,325,ἐκόλπου,,
5154,113344499,her,325,ταύτην,,
5155,113344501,carried,325,ἔφερε,,
5156,113344502,the,325,τὴν,,
5157,113344503,island,325,νῆσον,,
5158,113344504,wherever,325,ᾗ,,
5159,113344505,wished,325,ἐθέλοι,,
5160,113344506,the,325,ὁ,,
5161,113344507,pilot,325,κυβερνήτης,,
5162,113344509,boatswain,326,κελευστὴς,,
5163,113344510,but,326,δὲ,,
5164,113344511,was standing,326,ἐφειστήκει,,
5165,113344512,them,326,αὐτοῖς,,
5166,113344514,and,326,καὶ,,
5167,113344515,toward,326,πρὸς,,
5168,113344516,the,326,τὴν,,
5169,113344517,rowing,326,εἰρεσίαν,,
5170,113344518,quickly,326,ὀξέως,,
5171,113344519,moved,326,ἐκινοῦντο,,
5172,113344520,just like,326,ὥσπερ,,
5173,113344521,the,326,τὰ,,
5174,113344522,long,326,μακρὰ,,
5175,113344523,of the,326,τῶν,,
5176,113344524,oars,326,πλοίων,,
5177,113344529,first,327,πρῶτον,,
5178,113344528,then,327,οὖν,,
5179,113344533,saw,327,ἑωρῶμεν,,
5180,113344530,two,327,δύο,,
5181,113344531,or,327,ἢ,,
5182,113344532,three,327,τρεῖς,,
5183,113344535,later,327,ὕστερον,,
5184,113344538,about,327,ὅσον,,
5185,113344539,six hundred,327,ἑξακόσιοι,,
5186,113344537,appeared,327,ἐφάνησαν,,
5187,113344542,separated,327,διαστάντες,,
5188,113344543,fought,327,ἐπολέμουν,,
5189,113344545,sea,327,ἐναυμάχουν,,
5190,113344547,many,328,πολλαὶ,,
5191,113344548,many,328,μὲν,,
5192,113344549,then,328,οὖν,,
5193,113344550,head-on,328,ἀντίπρῳροι,,
5194,113344551,assembled,328,συνηράσσοντο,,
5195,113344552,with one another,328,ἀλλήλαις,,
5196,113344554,many,328,πολλαὶ,,
5197,113344555,however,328,δὲ,,
5198,113344556,having been rammed,328,καὶ,,
5199,113344557,having been rammed,328,ἐμβληθεῖσαι,,
5200,113344558,sank,328,κατεδύοντο,,
5201,113344560,those,328,αἱ,,
5202,113344561,while,328,δὲ,,
5203,113344562,interlocked,328,συμπλεκόμεναι,,
5204,113344563,fiercely,328,καρτερῶς,,
5205,113344564,fought it out,328,διηγωνίζοντο,,
5206,113344565,were,328,καὶ,,
5207,113344566,not,328,οὐ,,
5208,113344567,easily,328,ῥᾳδίως,,
5209,113344568,separated,328,ἀπελύοντο,,
5210,113344571,For,329,γὰρ,,
5211,113344570,those,329,οἱ,,
5212,113344572,at,329,ἐπὶ,,
5213,113344573,the,329,τῆς,,
5214,113344574,bow,329,πρῴρας,,
5215,113344575,stationed,329,τεταγμένοι,,
5216,113344577,displayed,329,ἐπεδείκνυντο,,
5217,113344576,every,329,πᾶσαν,,
5218,113344578,eagerness,329,προθυμίαν,,
5219,113344579,boarding,329,ἐπιβαίνοντες,,
5220,113344580,and,329,καὶ,,
5221,113344581,disembarking,329,ἀναιροῦντες,,
5222,113344583,captured,330,ἐζώγρει,,
5223,113344584,No,330,δὲ,,
5224,113344585,one,330,οὐδείς,,
5225,113344587,Instead,331,ἀντὶ,,
5226,113344588,of,331,δὲ,,
5227,113344589,iron,331,χειρῶν,,
5228,113344590,hands,331,σιδηρῶν,,
5229,113344591,octopuses,331,πολύποδας,,
5230,113344592,great,331,μεγάλους,,
5231,113344593,tied,331,ἐκδεδεμένους,,
5232,113344594,together,331,ἀλλήλοις,,
5233,113344595,threw,331,ἐπερρίπτουν,,
5234,113344597,those,331,οἱ,,
5235,113344598,who,331,δὲ,,
5236,113344599,entangling,331,περιπλεκόμενοι,,
5237,113344600,the,331,τῇ,,
5238,113344601,wood,331,ὕλῃ,,
5239,113344602,held,331,κατεῖχον,,
5240,113344603,fast,331,τὴν,,
5241,113344604,island,331,νῆσον,,
5242,113344606,striking,332,ἔβαλλον,,
5243,113344607,Nevertheless,332,μέντοι,,
5244,113344608,and,332,καὶ,,
5245,113344609,wounding,332,ἐτίτρωσκον,,
5246,113344610,oysters,332,ὀστρέοις,,
5247,113344611,and,332,τε,,
5248,113344612,cart-load,332,ἁμαξοπληθέσι,,
5249,113344613,and,332,καὶ,,
5250,113344614,sponges,332,σπόγγοις,,
5251,113344615,plethrum,332,πλεθριαίοις,,
5252,113344617,leading,333,ἡγεῖτο,,
5253,113344618,while,333,δὲ,,
5254,113344619,first,333,τῶν,,
5255,113344620,first,333,μὲν,,
5256,113344621,Aiolokentauros,333,Αἰολοκένταυρος,,
5257,113344624,while,333,δὲ,,
5258,113344625,Thalassopotes,333,Θαλασσοπότης,,
5259,113344627,And,334,καὶ,,
5260,113344628,battle,334,μάχη,,
5261,113344629,them,334,αὐτοῖς,,
5262,113344630,arose,334,ἐγεγένητο,,
5263,113344632,as,334,ὡς,,
5264,113344633,seemed,334,ἐδόκει,,
5265,113344635,loot,334,λείας,,
5266,113344636,for,334,ἕνεκα,,
5267,113344639,For,335,γὰρ,,
5268,113344640,the,335,ὁ,,
5269,113344641,Sea-Voyager,335,Θαλασσοπότης,,
5270,113344638,was said,335,ἐλέγετο,,
5271,113344647,to have driven,335,ἐληλακέναι,,
5272,113344642,many,335,πολλὰς,,
5273,113344643,herds,335,ἀγέλας,,
5274,113344644,of dolphins,335,δελφίνων,,
5275,113344645,from,335,τοῦ,,
5276,113344646,the Aeolocentaur,335,Αἰολοκενταύρου,,
5277,113344649,as,335,ὡς,,
5278,113344650,one could hear,335,ἦν,,
5279,113344651,one could hear,335,ἀκούειν,,
5280,113344652,calling,335,ἐπικαλούντων,,
5281,113344653,to one another,335,ἀλλήλοις,,
5282,113344654,and,335,καὶ,,
5283,113344655,the,335,τὰ,,
5284,113344656,names,335,ὀνόματα,,
5285,113344657,of the,335,τῶν,,
5286,113344658,kings,335,βασιλέων,,
5287,113344659,shouting,335,ἐπιβοωμένων,,
5288,113344661,Finally,336,τέλος,,
5289,113344662,",",336,δὲ,,
5290,113344664,the,336,οἱ,,
5291,113344665,Aiolokepturos,336,τοῦ,,
5292,113344666,Aiolokepturos,336,Αἰολοκενταύρου,,
5293,113344663,conquer,336,νικῶσιν,,
5294,113344667,and,336,καὶ,,
5295,113344671,dive,336,καταδύουσιν,,
5296,113344672,beneath,336,ἀμφὶ,,
5297,113344673,the,336,τὰς,,
5298,113344668,islands,336,νήσους,,
5299,113344669,of,336,τῶν,,
5300,113344670,the enemies,336,πολεμίων,,
5301,113344674,fifty,336,πεντήκοντα,,
5302,113344675,and,336,καὶ,,
5303,113344676,one hundred,336,ἑκατὸν,,
5304,113344678,And,337,καὶ,,
5305,113344679,other,337,ἄλλας,,
5306,113344680,three,337,τρεῖς,,
5307,113344681,take,337,λαμβάνουσιν,,
5308,113344682,themselves,337,αὐτοῖς,,
5309,113344683,men,337,ἀνδράσιν,,
5310,113344686,But,338,δὲ,,
5311,113344687,the rest,338,λοιπαὶ,,
5312,113344688,the stern,338,πρύμναν,,
5313,113344689,having struck,338,κρουσάμεναι,,
5314,113344690,fled,338,ἔφευγον,,
5315,113344692,Those,339,οἱ,,
5316,113344693,who,339,δὲ,,
5317,113344696,had pursued,339,διώξαντες,,
5318,113344694,as far as,339,μέχρι,,
5319,113344695,a certain,339,τινὸς,,
5320,113344698,since,339,ἐπειδὴ,,
5321,113344699,it was,339,ἑσπέρα,,
5322,113344700,evening,339,ἦν,,
5323,113344702,turning,339,τραπόμενοι,,
5324,113344703,toward,339,πρὸς,,
5325,113344704,the,339,τὰ,,
5326,113344705,shipwrecks,339,ναυάγια,,
5327,113344706,of the,339,τῶν,,
5328,113344707,majority,339,πλείστων,,
5329,113344708,seized,339,ἐπεκράτησαν,,
5330,113344709,and,339,καὶ,,
5331,113344710,their own,339,τὰ,,
5332,113344711,things,339,ἑαυτῶν,,
5333,113344712,took,339,ἀνείλοντο,,
5334,113344715,For,340,γὰρ,,
5335,113344714,also,340,καὶ,,
5336,113344716,those,340,ἐκείνων,,
5337,113344718,islands,340,νῆσοι,,
5338,113344717,sank down,340,κατέδυσαν,,
5339,113344719,no,340,οὐκ,,
5340,113344720,fewer,340,ἐλάττους,,
5341,113344721,than,340,τῶν,,
5342,113344722,eighty,340,ὀγδοήκοντα,,
5343,113344724,set,341,ἔστησαν,,
5344,113344724,up,341,ἔστησαν,,
5345,113344725,And,341,δὲ,,
5346,113344726,also,341,καὶ,,
5347,113344727,trophy,341,τρόπαιον,,
5348,113344728,of,341,τῆς,,
5349,113344729,sea-battle,341,νησομαχίας,,
5350,113344730,on,341,ἐπὶ,,
5351,113344731,the,341,τῇ,,
5352,113344732,head,341,κεφαλῇ,,
5353,113344733,of,341,τοῦ,,
5354,113344734,whale,341,κήτους,,
5355,113344735,one,341,μίαν,,
5356,113344736,enemy's,341,τῶν,,
5357,113344737,islands,341,πολεμίων,,
5358,113344738,islands,341,νήσων,,
5359,113344739,having,341,ἀνασταυρώσαντες,,
5360,113344739,crucified,341,ἀνασταυρώσαντες,,
5361,113344743,So,342,οὖν,,
5362,113344744,they,342,τὴν,,
5363,113344749,encamped,342,ηὐλίσαντο,,
5364,113344746,around,342,περὶ,,
5365,113344741,that,342,ἐκείνην,,
5366,113344748,beast,342,θηρίον,,
5367,113344745,that night,342,νύκτα,,
5368,113344750,having raised,342,ἐξάψαντες,,
5369,113344751,its,342,αὐτοῦ,,
5370,113344753,lights,342,ἀπόγεια,,
5371,113344758,having anchored,342,ὁρμισάμενοι,,
5372,113344757,nearby,342,πλησίον,,
5373,113344760,For,343,καὶ,,
5374,113344761,they,343,γὰρ,,
5375,113344762,anchors,343,ἀγκύραις,,
5376,113344763,used,343,ἐχρῶντο,,
5377,113344764,large,343,μεγάλαις,,
5378,113344765,glass,343,ὑαλίναις,,
5379,113344766,strong,343,καρτεραῖς,,
5380,113344769,day,344,ὑστεραίᾳ,,
5381,113344771,sacrificed,344,θύσαντες,,
5382,113344772,to,344,ἐπὶ,,
5383,113344774,whale,344,κήτους,,
5384,113344778,buried,344,θάψαντες,,
5385,113344777,relatives,344,οἰκείους,,
5386,113344779,on,344,ἐπ’,,
5387,113344780,it,344,αὐτοῦ,,
5388,113344781,sailed,344,ἀπέπλεον,,
5389,113344782,joy,344,ἡδόμενοι,,
5390,113344786,singing,344,ᾄδοντες,,
5391,113344784,as,344,ὥσπερ,,
5392,113344785,paean,344,παιᾶνας,,
5393,113344788,These,345,ταῦτα,,
5394,113344789,are,345,μὲν,,
5395,113344790,the,345,τὰ,,
5396,113344791,events,345,κατὰ,,
5397,113344792,that,345,τὴν,,
5398,113344793,occurred,345,νησομαχίαν,,
5399,113344794,during,345,γενόμενα,,
5400,113344795,the,345,.,,
5401,113344796,naval,345,,,
5402,113344797,battle,345,,,
