Unnamed: 0,translation,notes,sent_id
0,"Sing, Muses from Pieria, with your famous songs, tell me, Zeus, singing of your own father.","This sentence is a classic example of an invocation (paraklesis) common in Hesiodic poetry, where the poet calls upon the Muses to inspire his song. The phrase 'from Pieria' (Πιεριήθεν) refers to the region at the foot of Mount Olympus, the traditional birthplace of the Muses. The verb forms δεύτε and ἐννεπετε are both second person plural imperatives, creating a rhythmic call to action. The participle κλειούσαι (singing fame) and ὑμνεούσαι (singing hymns/praises) are present active participles that describe the manner in which the Muses are to sing. The syntax is somewhat complex, with the Muses being addressed directly as the subject of the imperatives, while Zeus is addressed as an interjection or object of the imperative ἐννεπετε, possibly indicating that the Muses are to sing of Zeus's father (Cronus) or perhaps addressing Zeus directly as the one who should speak through them. The repetition of the imperative structure and the participles creates a parallelism that emphasizes the dual nature of the request: to sing and to tell. The use of 'your own father' (σφετέρον πατέρα) is a striking phrase, as it implies a close familial connection between the Muses and Zeus, reinforcing the divine lineage and the authority of the song being requested.",0
1,"For as long as men are alike, both those who are unspeakable and those who are speakable, and those who are speakable and those who are unspeakable, by the will of great Zeus.","This sentence is notable for its complex use of asyndeton (the omission of conjunctions between clauses or phrases) and the repetitive use of the enclitic particle 'τε' (te), which functions here to create a sense of balance and enumeration. The phrase 'ὅντε διὰ βροτοὶ ἄνδρες ὁμῶς' introduces a temporal or conditional clause meaning 'while/as long as men are alike.' The core of the sentence presents a chiastic structure (ABBA) with the adjectives 'ἄφατοι' (unspeakable) and 'φατοι' (speakable) paired with 'ρητοι' (speakable) and 'ἄρρητοι' (unspeakable). This rhetorical device emphasizes the universality and inescapability of the condition, suggesting that regardless of one's speech or silence, all men are subject to the same fate under Zeus's will. The genitive 'Διοὺς μεγάλου' (of great Zeus) reinforces the divine authority overseeing human existence, a common theme in Hesiodic poetry. The use of 'ὁμῶς' (alike, equally) underscores the equality of all men before divine judgment.",1
2,"For he makes the small grow great, and he makes the great grow small; he makes the glorious one diminish and the unknown one grow; and Zeus, the high-thunderer, who dwells in the highest halls, straightens the crooked and breaks the arrogant.","This passage exemplifies Hesiod's characteristic use of antithesis (contrast) to illustrate the arbitrary and sovereign power of Zeus over human fortune. The sentence structure relies heavily on chiasmus and parallelism: the first clause contrasts 'small' (ῥέα) with 'great' (βριαόντα), while the second contrasts 'glorious' (ἀριζήλον) with 'unknown' (ἀδήλον). The repetition of the adverb 'ῥέα' (easily) at the beginning of each major clause creates a rhythmic anaphora that emphasizes the effortless nature of divine intervention. The verb 'καρφεῖ' (to break, crush, or shatter) is a potent agricultural metaphor, suggesting that Zeus breaks the proud like dry stalks of grain. The epithet 'υψιβρεμέτης' (high-thunderer) reinforces the cosmic authority of the subject, linking his physical residence in the 'highest halls' with his ability to elevate or humble mortals from above.",2
3,"Hear and see, and with justice straighten your laws.","The sentence employs a direct imperative address to the addressee (likely a king or judge), utilizing a tripartite structure of commands. The first two verbs, 'hear' (κλύθι) and 'see' (ἰδών), are coordinated with the enclitic particle 'τε' (and), creating a rhythmic pairing of auditory and visual perception that emphasizes the need for comprehensive awareness. The second clause begins with the adversative/connective 'δέ' and the adverbial accusative 'δίκη' (with justice/in justice), which functions here as a means or manner ('by means of justice'). The verb 'ἵθυνε' (straighten/direct) takes the accusative plural 'θέμιδας' (laws/customs/decisions) as its object. The phrase 'straighten your laws' is a powerful metaphorical image common in ancient Greek political thought, suggesting that justice is the standard by which human laws must be aligned; injustice is depicted as a crookedness or bending, while justice restores the proper, straight line. The syntax features a clear chiasmus-like balance between the sensory intake (hear/see) and the corrective action (straighten), mediated by the abstract concept of justice. The use of the second person singular pronoun 'σύ' (tyne) is explicit in the form 'τύν' (an archaic or dialectal form of σύ in the accusative, though here functioning as the subject of the imperative context, often interpreted as the agentive 'you' or simply the implied subject reinforced by the form). The sentence encapsulates the Hesiodic ideal that the ruler's primary duty is to ensure the straightness of judgment through the application of divine justice.",3
4,"But I, indeed, would speak true things to you, Perses.","The sentence features the optative mood of the verb μυθεῖσθαι (to speak) combined with the particle ἄν (here rendered as κε), forming a potential optative construction. This construction expresses a hypothetical or potential action, often translated as 'would speak' or 'might speak,' indicating the speaker's intention or willingness under certain conditions. The use of the vocative 'Perses' directly addresses the listener, emphasizing a personal and direct appeal. The adjective 'true things' (ἐτήτυμα) underscores the theme of truth and reliability, which is central to Hesiod's didactic purpose in Works and Days. The sentence structure is straightforward, with the subject 'I' (ἐγώ) and the indirect object 'to you' (implied by the context of the vocative) clearly delineating the speaker and the listener.",4
5,"It was not then only the race of Strife that existed, but two came upon the earth.","The sentence employs the correlative construction 'οὐκ ... ἀλλὰ' (not ... but) to establish a sharp contrast between the singular and the dual. The particle 'ἄρα' indicates a logical inference or a conclusion drawn from previous context, often translated as 'then' or 'so' to signal that the following statement is a necessary deduction. The verb 'ἦν' is imperfect indicative, while 'εἰσί' (from εἰμί) is present indicative; this shift in tense suggests a transition from a general past state to a specific, ongoing reality or a narrative present where the two entities are now active on earth. The noun 'γένος' (race/kind) with the genitive 'Ἐριδῶν' (of Strifes) refers to the personified entity of Strife (Eris), a central figure in Hesiod's cosmology. The use of the dual number in 'δύο' (two) is significant here, referring specifically to the two types of Strife: the destructive Strife and the healthy, competitive Strife, a key distinction in Hesiod's moral philosophy regarding human endeavor. The phrase 'ἐπὶ γαῖαν' (upon the earth) utilizes the accusative case to indicate motion towards a place, emphasizing the arrival or manifestation of these forces in the human realm.",5
6,"One might praise her after reflecting, but the other is worthy of blame.","This sentence employs a classic contrastive structure marked by the enclitic particle combination μεν...δέ ('on the one hand...on the other'), which divides the two types of Strife (Eris) described in the surrounding context. The first clause features the optative mood of ἐπαινεσσειε ('he/she might praise') accompanied by the potential particle κεν (ἀν), indicating a hypothetical or general possibility rather than a specific past event. This is modified by the aorist active participle νοήσας ('having reflected' or 'after understanding'), which functions adverbially to show the condition or manner of the praise. The second clause is an ellipsis of the verb 'to be' (ἔστιν), a common feature in Greek where the copula is omitted for brevity and rhythmic balance; thus, ἐπιμωμητός functions as a predicative adjective meaning 'blameworthy' or 'subject to blame.' The sentence demonstrates a concise, gnomic style typical of Hesiod, offering moral instruction through parallelism and antithesis without the need for explicit conjunctions beyond the core adversative marker.",6
7,But they hold a divided heart.,"The sentence employs the adverbial prefix δια- (indicating division or separation) combined with the adjective ἄνδιχα (divided, twofold, or inconsistent) to create a strong semantic emphasis on internal conflict. The particle δέ (δ') serves a connective function, contrasting this state with the previous description of the other group (the 'just' men) in the broader context of Hesiod's allegory of the Two Ages. The phrase θυμοὺς ἔχειν (to have a heart) is a common idiom in Archaic Greek literature, where 'heart' (θυμός) represents the seat of emotions, will, and moral character rather than the physical organ. The syntax features a simple Subject-Verb-Object structure, where the adverbial modifier ἄνδιχα intensifies the nature of the object θυμόν. The rhythm of the line, with the heavy consonant cluster in ἄνδιχα and the open vowel ending in θυμόν, creates a sense of instability that mirrors the meaning of the words themselves.",7
8,"For she increases evil war and strife, wretch.","The sentence features the vocative adjective σχετλίη (wretch, reckless one), addressing a person (likely a judge or the addressee, Perses) for their failure to uphold justice. The verb οἰφέλλει (increases, augments) is used transitively with a compound object: πόλεμον κακόν (evil war) and δῆριν (strife). The conjunction τε...καί (both...and) links these two negative concepts, emphasizing the totality of the discord caused by injustice. The particle μέν is used here in a correlative structure with an implied δέ in the following line (which is not provided here), creating a contrast between the destructive effects of injustice and the beneficial effects of justice. The adverb γάρ provides the causal reasoning for the preceding context, explaining why injustice is to be avoided. The use of κακόν (evil) as an attributive adjective to πόλεμον (war) highlights the moral degradation associated with this type of conflict in Hesiodic ethics, distinguishing it from a necessary or righteous war.",8
9,"No man truly loves her, but rather they honor burdensome Discord under the will of the immortals.","The sentence employs a strong antithesis between the human inclination ('no man loves her') and the human action ('they honor her'), mediated by the adversative conjunction 'ἀλλά' (but). The enclitic particle 'γε' attached to the article 'τὴν' adds emphasis, reinforcing the exclusivity of the negation regarding human affection. The verb 'τιμῶσι' (they honor) is used ironically here; the Erynes (Discord) is an object of fear and reverence born of necessity ('ὑπ' ἀνάγκης'), not genuine affection. The adjective 'βαρεῖαν' (burdensome, heavy) characterizes Discord as a crushing force. The syntax places the agentive phrase 'ὑπ' ἀνάγκης ἀθανάτων βουλήσιν' (under the necessity of the immortals' will) in a position that highlights the divine compulsion overriding human free will. The sentence structure reflects the Hesiodic theme that human behavior is often dictated by divine forces rather than personal desire.",9
10,"But she brought forth the other one, the elder, from dark Night; and the high-girdled son of Cronus placed her in the roots of the earth, where he dwells in the ether, and she is far better for men.","This sentence describes the creation of the second generation of women (the Bronze race) as opposed to the first (the Golden race), though the text here refers to the second generation's origin. The syntax employs a clear asyndetic structure in the final clause (omitting a conjunction before 'and she is far better'), creating a sharp contrast between the divine placement and the human benefit. The phrase 'υψιζυγος' (high-girdled) is a compound epithet typical of Hesiodic style, emphasizing Zeus's power and his position above the earth. The use of 'εν ριζησι' (in the roots) is a poetic metonymy for the deep earth or the underworld, contrasting with 'αιθερι ναιων' (dwelling in the ether), highlighting the vertical separation between the divine realm and the subterranean placement of this generation. The comparative 'αμεινω' (better) is used absolutely here, implying 'better for men' without an explicit comparative particle, a common feature in Greek where the context supplies the standard of comparison. The sentence structure juxtaposes the actions of Night (birth) and Zeus (placement) to establish the dual nature of this race: born from darkness but placed in the earth, yet ultimately beneficial to humanity.",10
11,"And yet, even though he was soft and tender, he nonetheless raised his hand to the work.","The sentence employs a concessive construction where the adverb περ ('even') strengthens the adjective ἀπάλαμον ('soft, tender, delicate'), contrasting the subject's physical fragility or inexperience with the determination to perform labor. The conjunction ἥτε (a variant of ἦτε) combined with the adverb ὁμῶς ('nevertheless') creates a clear adversative relationship. The phrase ἐπὶ ἔργον with the verb ἐγείρω ('to raise') is a specific idiomatic usage meaning to set one's hand to a task, signifying the commencement of labor. In the context of Hesiod's Works and Days, this likely alludes to the necessity of enduring toil despite one's natural disposition or lack of strength, a central theme of the poem.",11
12,"For if someone looks upon another's wealth and envies it, he is the one who hastens to gather it and to plant, and to establish a house well.","This sentence illustrates the agricultural wisdom central to Hesiod's didactic poetry, contrasting the destructive nature of envy with the constructive nature of hard work. The syntax features a conditional clause introduced by εἰς ἕτερον (towards another) which functions adverbially with the participle ἰδὼν (having seen). The main verb χατίζει (envies) takes the accusative plural πλούσιον (wealthy things/wealth) as its object, a common metonymic usage in Greek where the adjective stands for the noun it modifies. The relative clause οὗς (who) describes the envious man, yet ironically attributes to him the vigorous actions (σπεύδει: hastens) typically associated with the industrious farmer: gathering (ἁρμόμεναι), planting (φυτεύειν), and establishing a household (οἶκον τεθεῖναι). The sentence employs asyndeton in the list of infinitives (ἁρμόμεναι ἠδὲ φυτεύειν οἶκόν τε εὖ θεῖναι), connected by the enclitic particle τε after οἶκον and the coordinating conjunction ἠδέ (and), creating a rhythmic flow that emphasizes the manifold efforts of the character. The adverb εὖ (well) modifies the act of establishing the house, suggesting that true prosperity comes not from envy but from the proper, diligent ordering of one's own life.",12
13,And the neighbor envies the neighbor rushing to get wealth.,"This sentence features a striking chiasmus in the repetition of the word for 'neighbor' (γείτων), which emphasizes the competitive nature of the relationship between those living in close proximity. The particle combination δέ τε serves as a connective, often used in Hesiod to link clauses or emphasize the truth of the statement. The verb ζηλόω here carries the sense of 'to envy' or 'to be jealous of,' reflecting a common moral theme in Hesiodic poetry regarding the destructive nature of rivalry. The present participle σπεύδοντ' (rushing/striving) modifies the object γείτονα, indicating the action that provokes the envy. The preposition εἰς with the accusative ἄφενος (wealth/property) indicates direction or purpose ('rushing into wealth'). The sentence illustrates the ethical warning that proximity often breeds competition and resentment, particularly in the pursuit of material gain.",13
14,And this Strife is good for mortals.,"This sentence presents a pivotal paradox central to Hesiodic thought, redefining the concept of 'Eris' (Strife). While Greek culture typically viewed strife as purely negative, the poet distinguishes between two types: the harmful, destructive strife and this specific, beneficial 'Eris' that drives competition and industry. The demonstrative pronoun 'ἥδε' (this) is crucial, as it points specifically to the competitive urge that spurs a man to rival his neighbor in prosperity. The use of the dative plural 'βροτοῖσιν' (for mortals) indicates the indirect object of the adjective 'ἀγαθή' (good), emphasizing that this competitive spirit is a fundamental and necessary component of human existence and societal progress.",14
15,"And the potter is angry with the potter, and the carpenter with the carpenter, and the beggar with the beggar, and the bard with the bard.","This sentence employs a striking anaphoric structure, repeating the conjunction 'and' (καί) before each subject to create a rhythmic accumulation of examples. It utilizes chiasmus-like repetition within each clause, where the subject and object are identical nouns (potter-potter, carpenter-carpenter, etc.), emphasizing the universal nature of professional rivalry and envy. The syntax uses the dative case for the object of the verbs (ἐπὶ τινὶ or simply the dative of disadvantage), indicating the target of the emotion (anger/jealousy). The verb κοτέω (to be angry) and φθονέω (to envy) convey the competitive tension inherent in Hesiod's didactic advice on work and social relations, suggesting that one's peers are often the source of one's greatest friction.",15
16,"And you, Perses, lay up these things in your heart; and may ill-humored Strife not snatch your spirit from work, while you attend to the strife following the assembly.","The sentence employs a vocative address (Πέρση) to directly engage the addressee, establishing an intimate yet authoritative tone typical of Hesiodic didactic poetry. The verb ἐγκατατίθημι (lay up, deposit) with the dative of the heart (θυμῷ) signifies internalizing wisdom or instruction as a permanent possession. The second clause utilizes a negative optative (μὴ... ἐρυκῶι) expressing a wish or prayer that the personified figure of Strife (Ἔρις), qualified by the epithet κακοχάρτος (ill-humored or hateful of joy), not deprive the listener of their spirit/mind. The participle ὀπιπεύοντ (following, pursuing) describes Strife as actively chasing the assembly, while the participial phrase ἐπακούων ὄντα (being present/listening) depicts the addressee as an attentive observer of this conflict. The syntax creates a contrast between the internal stability of the heart and the external, disruptive presence of Strife. The phrase 'following the assembly' suggests the specific context of public disputes that arise in the civic sphere, warning against the distraction of such conflicts from one's labor (ἔργου).",16
17,"For the season of strife and of assemblies becomes short for him whose life is not laid up within, a well-ordered life, whom the earth bears, Demeter's shore.","The sentence employs a complex syntactic structure where the main clause ('the season... becomes short') is followed by a relative clause describing the person for whom this season is short. The phrase 'νηικέων τ' ἀγορέων τε' uses the enclitic conjunction 'τε' twice (in the pattern 'A τ' B τε') to create a balanced, rhythmic pairing of abstract concepts: 'strife' and 'assemblies' (public disputes or legal proceedings). The word 'επηετανός' (epētanós) is a rare, poetic adjective meaning 'well-ordered' or 'harmonious,' often associated with the orderly nature of a just life or household. The phrase 'Δημητέρος ἄκτην' (Demeter's shore) is a metonymic reference to the earth itself; in Hesiodic cosmology, the earth is the domain of Demeter, the goddess of agriculture, and the 'shore' metaphorically represents the boundary or extent of the earth that sustains human life. The syntax creates a chiasmic feel in the description of the person: the life is 'laid up within' (internal), yet the person is 'borne by the earth' (external), highlighting the tension between internal virtue and external existence.",17
18,"For he who, having been sated with quarrels and strife, increases his possessions on another's property.","This sentence illustrates the use of the perfect participle (κορεσσάμενος, 'having been sated') functioning as an adverbial modifier of time or cause, indicating the state of the subject prior to the main action. The construction ὀφέλλοις (future indicative of ὀφέλλω) with the particle κε (ἄν) suggests a gnomic or potential sense, often used in didactic poetry to describe a general truth or the inevitable consequence of a certain behavior. The phrase νείκεα καὶ δῆριν presents a hendiadys or close synonym pair, emphasizing the totality of conflict; νεῖκος often refers to verbal dispute or litigation, while δῆρις implies active contention or discord. The prepositional phrase ἐπ' ἀλλοτρίοις κτήμασ' ('on alien possessions') highlights the illicit nature of the action, contrasting the 'sated' state of the aggressor with the violation of others' property. Stylistically, the sentence employs asyndeton in the main clause structure to accelerate the narrative flow after the participial phrase, and the alliteration in κτήμασ' and ἀλλοτρίοις reinforces the connection between acquisition and foreignness.",18
19,"And for you, there will no longer be a second time to do things this way.","The sentence employs the future tense of the verb 'to be' (ἔσται) with an infinitive subject (ἐρδεῖν) to express a future possibility or state, a construction common in gnomic or prophetic statements. The adverb οὐκέτι (no longer) combined with the accusative neuter singular adjective δεύτερον (second) creates a strong negation of repetition. The phrase ὡδ' (in this way/thus) refers to a specific manner of action previously established in the context of the poem, likely alluding to the shift from the heroic age to the iron age or the consequences of injustice. The particle δὲ serves as a connective, linking this warning to the preceding advice. The syntax places emphasis on the irrevocability of the situation through the fronting of the dative pronoun σοί (to you) and the negation.",19
20,"But let us judge the strife here with straight judgments, those which are from Zeus and are the best.","The verb διακρινώμεθα is a present middle/passive imperative (or hortatory subjunctive, often functioning as a first-person plural imperative in Hesiod) meaning 'let us distinguish' or 'let us judge.' The phrase νεῖκος... δίκῃς creates a conceptual opposition between 'strife' (conflict) and 'judgment' (resolution). The adjective ἰθείῃσι (straight, just) modifies δίκῃς (judgments), emphasizing the moral rectitude required. The relative clause ἄ τ’ ἐκ Διός... describes these judgments as originating from Zeus, linking human justice to divine authority. The enclitic τε (τ’) after the relative pronoun ἄ connects the two predicates ἐκ Διός and ἄρισται, creating a balanced, emphatic structure that underscores the dual nature of these judgments as both divine in origin and superior in quality. The sentence reflects Hesiod's central theme of establishing justice (dike) as the antidote to strife (eris) through adherence to Zeus's will.",20
21,"For indeed we have already drawn our share, but by constantly seizing the many things and bringing them, you glorified the great, gift-devouring kings, who are unwilling to judge this justice.","The sentence employs a strong contrast between the honest labor of the speaker ('we have drawn our share') and the corrupt actions of the addressee ('you glorified... kings'). The participles αἱρπάζων (seizing) and κυδαίνων (glorifying) describe the manner in which the addressee acted, emphasizing the continuous and aggressive nature of their behavior. The term 'gift-devouring' (δωροφάγους) is a vivid compound adjective, a common feature in Hesiodic poetry to condemn rulers who accept bribes, literally meaning 'gift-eaters'. The relative clause οἳ τήνδε δίκην ἔθελουσι δικάσαι highlights the injustice of the situation: the kings who are praised for their greed are the very ones who refuse to dispense justice. The use of μέν... δέ (here implied by the contrast between the first clause and the second introduced by ἀλλά) structures the argument, contrasting the speaker's proper conduct with the addressee's corruption. The syntax uses a participle (αἱρπάζων) with an object (τὰ πολλά) to create a dynamic image of theft, while the main verb εἰσφέρεις (you bring) suggests the act of presenting these stolen goods to the kings as gifts.",21
22,"Fools, they do not know that half is more than the whole, nor how great a blessing it is to be in the soft mallow and the asphodel.","The sentence employs a direct address (νήπιοι, 'fools') to criticize the addressees' lack of wisdom regarding the value of a modest life. The phrase 'half is more than the whole' (ἡμίῦ παντός) is a paradoxical statement highlighting that a smaller, sufficient portion is superior to an unattainable or greedy entirety. The second clause contrasts the pursuit of material gain with the contentment found in simple, natural sustenance. The pairing of 'soft mallow' (μαλακὴ) and 'asphodel' (ἀσφοδέλω) refers to humble, wild plants, symbolizing a life of simplicity and self-sufficiency, which Hesiod elevates to the status of a 'great blessing' (μέγ' ὄνειαρ). The use of the enclitic particles -δ' (from δέ) creates a smooth connection between the two negative clauses, while the repetition of the comparative structure (οὐκ ἴσασι... οὐδέ) reinforces the comprehensive ignorance of the 'fools'. The sentence reflects Hesiod's didactic style, contrasting the foolish desire for excess with the virtuous acceptance of the 'half'.",22
23,"For having hidden it, the gods hold the life of men.","The sentence begins with a perfect active participle (κρυψαντες) agreeing with the subject θεοί, which provides the causal context for the main verb. The particle γάρ indicates that this statement explains a preceding idea, functioning as a causal connector. The verb ἔχουσι is in the present indicative, contrasting with the perfect participle to show a completed action (hiding) resulting in a current state (holding). The dative plural αὐτοῖς (αὐτοῖς) is used here as a dative of reference or advantage, indicating the life belongs to or is held on behalf of men. The structure employs a simple subject-verb-object order with the participle preceding the main clause for emphasis on the cause. There are no obvious literary devices such as chiasmus or asyndeton in this specific sentence, but the use of the participle creates a compact causal relationship typical of Hesiodic didactic poetry.",23
24,"For you could easily work even on a single day, so that you might keep a year of poverty and idleness.","The sentence illustrates Hesiod's didactic style, contrasting the ease of a single day's labor with the consequences of sustained idleness. The adverb ῥηιδίως (easily) is modified by καὶ (even), emphasizing that the work is minimal. The particle κεν (could) combined with the imperfect middle ἐργάσσαιο (you were working) creates a conditional sense, suggesting a hypothetical scenario. The result clause introduced by ὥστε (so that) with the infinitive ἔχειν (to have) and the participle ἐόντα (being) shows the outcome of the action. The phrase κα- κεἰς ἐνιαυτὸν (a year of poverty) uses the preposition ἐς (into) with the accusative to indicate the duration or extent of the state. The juxtaposition of ἐνιαυτὸν (year) and ἀεργὸν (idle) highlights the irony of a year spent without productive labor, a common theme in Hesiod's Works and Days, which emphasizes the importance of hard work and the dangers of laziness.",24
25,"Immediately you should place the rudder above the smoke, but let the works of the oxen and of the toil-worn mules perish.","The sentence employs a sharp chiasmus in its structure: the positive command to preserve the ship's rudder (πῆδαλιον) is contrasted with the negative wish for the loss of the land's agricultural implements and labor (ἔργα βοῶν... ημιόνων). This syntactic opposition mirrors the thematic contrast between seafaring and farming, two modes of livelihood Hesiod evaluates in the Works and Days. The particle 'μέν'... 'δέ' sets up this contrastive relationship. The adjective 'ταλαεργῶν' (toil-worn) is a compound epithet characteristic of Hesiodic diction, emphasizing the harshness of agricultural labor. The optative mood in 'καταθείηο' and 'ἀπόλοιτο' indicates a potential or recommended action within the context of a conditional or general instruction. The phrase 'above the smoke' is a vivid metaphor for storing the rudder high up, likely in a dry place, away from the damp and smoke of a hearth or workshop, signifying the abandonment of the ship.",25
26,"But Zeus, having been angry in his mind, hid them, because Prometheus the crooked-minded had deceived him.","The sentence employs a participial phrase (χολωσάμενος φρεσιὶν ἑαυτῷ) to provide the psychological motivation for the main action (ἔκρυψε). The use of the dative plural φρεσίν with the adjective ἑαυτῷ (here implied by context or understood as 'his own') refers to the seat of thought and emotion, a common Homeric and Hesiodic conception of the psyche. The relative clause introduced by οὗτι (here οὗτι) explains the cause of Zeus's anger. The epithet ἀγκυλομήτης ('crooked-minded' or 'cunning') is a characteristic compound adjective for Prometheus, highlighting his trickery and the specific nature of his deception. The sentence structure contrasts the divine authority of Zeus with the cunning of Prometheus, a central theme in Hesiod's etiology of human suffering.",26
27,"Therefore, for this reason, he devised grievous sorrows for men.","The sentence opens with the emphatic particle combination τοῦνεκα (from τὸ ἐνεκα), often translated as 'therefore' or 'on this account,' which links the statement to a preceding context, typically the myth of Pandora. The enclitic particle ἄρ' (from ἄρα) adds a sense of logical conclusion or narrative continuity, frequently found in Hesiodic hexameter to propel the story forward. The verb μηδόμᾰτο is in the imperfect indicative middle voice, third person singular, referring to Zeus; the middle voice here suggests he devised these sorrows for his own purposes or in his own capacity. The dative plural ἀνθρώποισιν (for men) indicates the indirect object, while κήδεα λυγρά (grievous sorrows) serves as the direct object. The adjective λυγρά is placed in enclitic position (λυγρά rather than λυγρά) to fit the metrical requirements of the dactylic hexameter, specifically creating a spondee in the final foot. This phrasing encapsulates the Hesiodic theme of human suffering as a divine punishment or a consequence of the loss of the Golden Age.",27
28,And he concealed the fire.,"The verb κρύψω (aorist imperative or indicative active) functions here as a narrative action, likely part of a sequence describing Prometheus's theft and concealment of fire. The enclitic particle δὲ (de) serves a connective function, linking this action to a preceding event, often translated as 'and' or 'but' depending on context. The noun πῦρ (fire) is neuter and appears in the accusative case as the direct object of the verb. The sentence structure is straightforward, with the verb preceding the object, a common word order in Ancient Greek for emphasis on the action. The use of the aorist tense indicates a completed action, fitting the mythological narrative of the hidden fire.",28
29,"But again, the son of noble Iapetus stole it back for men from Zeus of counsels, having hidden it in a hollow stalk, to escape Zeus the delight-bringer of thunder.","This sentence describes the myth of Prometheus stealing fire. The particle μεν (men) introduces a contrast with a following clause (usually τὸ δὲ), here implying 'on the one hand' or 'but'. The verb ἐκλεψ' (ekleps') is a contracted aorist form of κλέπτω, meaning 'to steal'. The phrase 'son of Iapetus' (παῖς Ἰαπετοῖο) is a standard epithet for Prometheus. The epithet μητιοέντος (metioentos) for Zeus, meaning 'of counsel' or 'crafty', highlights his wisdom and power, which Prometheus attempts to outwit. The verb λαθών (lathōn) is an aorist active participle of λανθάνω, meaning 'to escape notice' or 'to go unperceived'; it functions as a causal or circumstantial modifier explaining how the theft was accomplished. The term νάρθηκι (narthēki) refers to a fennel stalk, which was the specific vessel used to carry the stolen fire in Hesiodic tradition. The epithet τερπικέραυνον (terpikeranun), meaning 'delighting in thunder' or 'who delights with thunder', is a unique compound adjective applied to Zeus here, emphasizing his control over the sky's violent phenomena. The syntax uses a participle (λαθών) to subordinate the act of hiding to the main verb of stealing, creating a tight narrative flow.",29
30,"But Zeus, the cloud-gatherer, spoke to him in anger.","The sentence utilizes the epithet νεφεληγερέτα (nephēlegereta), a traditional Homeric and Hesiodic honorific for Zeus meaning 'cloud-gatherer' or 'cloud-collector,' which evokes the god's control over the weather and his capacity to summon storms as a manifestation of divine wrath. The participle χολωσαμένος (cholōsamenos), aorist middle/passive participle of χολόω (to be angry), is in the masculine nominative singular, agreeing with Zeus, and functions adverbially to describe the manner of his speech. The postpositive conjunction δέ (de) introduces a contrast or continuation of the narrative sequence, linking this utterance to the preceding context. The structure places the verb προσέφη (prosephē, 'he spoke to') at the end of the clause, a common feature in epic Greek that emphasizes the action while allowing the subject and its epithet to be fully established beforehand.",30
31,"Son of Iapetus, knowing all counsels, you rejoice in having stolen fire and having deceived my mind, both for yourself a great calamity and for men to be.","The sentence addresses Prometheus directly using the vocative 'Ιαπετιονιδη' (son of Iapetus). The participle 'ειδως' (knowing) agrees with the vocative and functions as an attribute, emphasizing Prometheus's wisdom. The verb 'χαιρεις' (you rejoice) is ironic, as it describes his pride in an act that ultimately brings him suffering. The sentence uses two aorist participles, 'κλεψας' (having stolen) and 'ηπεροπευσας' (having deceived), coordinated by 'και' to describe the actions leading to his joy. The final clause 'σοι τε αυτω μεγα πημα και ανδρασιν εσσομενοισιν' highlights the dual consequence of his actions: a great calamity for himself and for future generations of men. The use of 'εσσομενοισιν' (to be) suggests the enduring impact of his deed on humanity.",31
32,"To these, I will give evil in exchange for grain, so that all, while devouring this evil, may delight according to their own heart.","The sentence features a striking juxtaposition of 'grain' (πυρός), a staple of life and sustenance, with 'evil' (κακόν), creating a paradoxical exchange where the speaker offers destruction in return for sustenance. The verb ἀμφαγαπῶντες (devouring) is used in a metaphorical sense, describing the consumption of the 'evil' not merely as physical eating but as an act of internalizing destruction. The phrase 'κατὰ θυμὸν ἐόν' (according to their own heart) emphasizes the subjective and self-serving nature of the delight, suggesting that the wicked find satisfaction in their own ruin. The structure employs a relative clause introduced by ὅς (ὅν, though the form here is ὅς with a dative function in the context of the clause) to explain the purpose or result of the action. The use of the future tense (δώσω) contrasts with the present participle (ἀμφαγαπῶντες), highlighting the ongoing nature of the evil being consumed. The sentence reflects Hesiod's moral framework, where the consequences of injustice are portrayed as self-inflicted and paradoxically enjoyable to the wicked.",32
33,Thus he spoke.,"The adverb ὡς (hōs) functions here as a discourse marker meaning 'thus,' 'so,' or 'in this manner,' often used to introduce or conclude a speech in epic poetry. The verb ἔφατ' is the imperfect third-person singular of φημί (to say, speak), and the elided final epsilon indicates the form before the enclitic or pause. This phrase is a standard epic formula used to signal the end of a speech or a speaker's turn, emphasizing the completion of the utterance. The syntax is simple, with ὡς acting as an adverbial modifier to the predicate ἔφατ'. No explicit subject is stated, as it is inferred from the context of the preceding lines.",33
34,And from it the father of men and gods laughed.,"The sentence features the connective particle δὲ (δ') indicating a transition or continuation of the narrative. The verb γελάω (to laugh) is in the imperfect indicative, suggesting a continuous or habitual action in the past, though in narrative contexts it often denotes a single completed act of laughter. The subject πατήρ (father) is a common epithet for Zeus in Hesiodic and epic tradition, explicitly defined here by the genitive phrase ἀνδρῶν τε θεῶν τε (of men and of gods). The use of the enclitic τε...τε... construction creates a balanced pairing, emphasizing the universal scope of Zeus's dominion over both mortals and immortals. The preposition ἐκ (from) likely refers to a preceding context involving a vessel, a specific location, or a metaphorical source (such as a thought or a previous action), indicating the origin of the laughter.",34
35,"And he commanded the famous Hephaestus to sow the earth with water as quickly as possible, and to place in it the voice and strength of men, and to put into the eyes of an immortal goddess the lovely, charming appearance of a maiden.","This sentence describes the divine instructions given to Hephaestus for the creation of Pandora, the first woman, from earth and water. The syntax features a series of three infinitive phrases (φύρειν, θέμεν, ἐίσκειν) coordinated as the direct objects of κέλευσε (he commanded), creating a cumulative effect that emphasizes the sequential steps of the creation process. The phrase ὅττι τάχιστα ('as quickly as possible') modifies the first action, highlighting the urgency of the divine command. The sentence employs a chiastic structure in the second and third clauses: the placement of human attributes (voice and strength) into the earth contrasts with the placement of divine beauty into the eyes of a goddess. The epithet περικλυτὸν ('famous-renowned') applied to Hephaestus reflects his status as the divine craftsman. The term ἐπήρατον ('charming' or 'alluring') is particularly significant in the context of Pandora, suggesting the deceptive or seductive nature of her beauty, which serves as a trap for mankind in the myth. The use of παρθενικῆς ('maiden') as a substantive noun to describe the goddess highlights the paradox of her eternal virginity despite her creation as a wife for man.",35
36,"But Athena to teach the works, to weave the intricate web.","The sentence begins with the transitional particle ἀτάρ (here written as αὐτὰρ due to dialectal or manuscript variation), which signals a shift in topic or introduces a new element in the narrative sequence, common in Hesiodic poetry. The infinitive διδασκῆσαι (to teach) functions as the main verbal idea, governed by an implied context of divine instruction. The object of teaching is the neuter plural ἔργα (works), referring here specifically to the arts or crafts of weaving. The second infinitive ὑφαίνειν (to weave) is in apposition to ἔργα, elaborating on the specific nature of the 'works' being taught; this is a case of appositive infinitive construction. The adjective πολυδαίδαλον (intricate, manifold, cunningly wrought) modifies ἱστὸν (the web, loom, or warp), a term often used metaphorically in Greek literature for complex human endeavors. The phrase 'intricate web' carries cultural resonance with the image of fate (Moirai) and the skillful craftsmanship associated with Athena as patron of artisans and domestic arts. The structure exhibits a paratactic flow typical of archaic didactic poetry, relying on juxtaposition rather than subordination to link ideas.",36
37,"And may you wrap around your head the golden Aphrodite, and painful desire, and limb-devouring cares.","This sentence employs a series of three direct objects governed by the optative verb αμφιχεῖαι ('may you wrap'), creating a rhythmic accumulation of abstract and divine forces. The syntax relies on asyndeton (the omission of conjunctions) within the final pair only, though the first two items are connected by και ('and'), creating a slight variation in rhythm. The first object, 'golden Aphrodite,' personifies the goddess as a tangible garment or wreath to be worn, reflecting the Greek cultural practice of crowning oneself with flowers or gold during festivals. The second object, 'painful desire' (πόθον ἀργαλέον), uses a compound adjective to emphasize the suffering associated with longing. The third object, 'limb-devouring cares' (γυιοβόρους μελεδώνας), is a striking poetic compound (γυιοβόρος) that metaphorically describes anxieties that consume the body itself. The sequence moves from a divine figure to an emotional state, and finally to a physical affliction, illustrating a progression of burdens. The optative mood (αμφιχεῖαι) here functions as a prayer or wish, typical of Hesiod's didactic and religious tone.",37
38,"And he ordered Hermes to set a dog-like mind and a thieving character, Argus-slayer.","This sentence features the aorist imperative of the verb αἴνω (to urge, command), appearing here in the form ἤνωγε (often analyzed as an epic or poetic variant of ἤνωγε from αἴνω or related to αἴρω in certain dialectal contexts, though here likely representing the aorist of αἴνω). The phrase 'dog-like mind' (κύνεον νοῦν) is a striking metaphor, equating the mental state of cunning with the perceived traits of a dog, likely alluding to the animal's reputation for slyness or persistence in this specific mythological context. The epithet 'Argus-slayer' (Ἀργειφόντην) is a common periphrastic apposition for Hermes, referencing his mythological feat of killing Argus Panoptes. The sentence employs asyndeton in the appositional phrase, where the epithet follows the name without a conjunction, emphasizing the identity. The use of τε...καί connects the two abstract nouns, νοῦν and ἦθος, highlighting the dual nature of the cunning character being instilled.",38
39,So he spoke.,"This is a standard formulaic phrase found frequently in Ancient Greek epic and didactic poetry (e.g., Homer, Hesiod) used to conclude a speech or statement. The adverb ὡς (hōs) here functions as a connective adverb meaning 'thus,' 'so,' or 'in this manner,' referring back to the content of the preceding speech. The verb ἔφαθ' (ephath') is the third-person singular aorist indicative active of φημί (phēmi), meaning 'to say' or 'to speak.' The aorist tense marks the action as a completed event. The elision of the final alpha in ἔφη (ephē) to ἔφαθ' occurs before the initial consonant of the following word or at the end of the clause for metrical or phonetic reasons, though here it stands alone. This concise structure exemplifies the repetitive, rhythmic style characteristic of oral tradition, serving as a clear marker of narrative transition.",39
40,"And they obeyed Zeus, the son of Cronus, the lord.","The verb ἐπίθοντο is a middle voice aorist indicative form of πείθω (to persuade, to obey). In the middle voice with this specific verb and a dative object, it conveys the meaning 'to obey' or 'to be persuaded by' rather than the active 'to persuade.' The sentence utilizes a triple apposition structure in the dative case to characterize Zeus: the name (Διὶ), the patronymic epithet (Κρονίωνι, 'son of Cronus'), and the royal title (ἄνακτι, 'lord' or 'ruler'). This accumulation of epithets is a hallmark of the Hesiodic style, reinforcing the deity's authority and lineage. The particle δ' (δέ) serves as a connective, often translating as 'but' or 'and,' linking this action to the preceding context of the poem.",40
41,"Immediately, the renowned Amphigyeus fashioned from the earth a maiden, worthy of reverence, resembling the counsel of Cronus' son.","The verb πλασσεν (from πλασσω) implies a potter's action, evoking the image of a craftsman shaping clay, which is a central metaphor for the creation of Pandora in this myth. The epithet κλυτος (renowned/famous) is a standard Homeric and Hesiodic honorific for Zeus, here referred to by his alternative name Amphigyeus (one who hears all). The phrase αιδοιη παρθενω (a maiden worthy of reverence/awe) uses a specific adjective that denotes a deep, religious respect rather than simple modesty. The construction 'resembling the counsel of Cronus' son' (ικελον... δια βουλας) is a striking synecdoche; the maiden is compared not to a person, but to the divine plan or will (βουλη) itself, suggesting that her very nature embodies the divine intention. The sentence employs a chiasmus-like balance in the modifiers surrounding the object, and the use of 'immediately' (αυτικα) emphasizes the swift execution of the divine will.",41
42,"And she girded her, and adorned her, the goddess gray-eyed Athena.","This sentence features a paratactic structure linked by the copulative conjunction 'καί' (and), which creates a rhythmic, cumulative effect typical of Hesiodic narrative. The syntax employs a specific word order where the subject (Ἀθηνῆ) and its epithets (θεὰ γλαυκῶπις) are delayed until after the two verbs (ζώσας and κόσμησε). This placement emphasizes the actions of girding and adorning, which are central to the ritual preparation of the goddess before she appears. The epithet 'γλαυκῶπις' (gray-eyed) is a fixed Homeric and Hesiodic formula associated with Athena, highlighting her distinctive, piercing gaze and wisdom. The use of 'ζώννυμι' (to gird) often implies the preparation for action or battle, while 'κοσμέω' (to adorn) suggests the bestowal of beauty and order, together portraying Athena's dual role as a protector and a figure of divine splendor.",42
43,"And around them the Charites, goddesses, and Lady Persuasion set golden necklaces upon the skin.","The sentence employs a specific syntactic construction where the preposition 'ἀμφί' (around) governs the dative plural 'οἱ' (them, referring to humans previously mentioned), while the dative singular 'χροι' (skin) functions as the indirect object or locative target of the action 'ἔθεσαν' (they set/placed). The phrase 'Χάριτες τε θεαί' utilizes a tmesis-like coordination with 'τε' and 'και' to link the two subject groups: the Charites (Graces) and Persuasion (Peitho). 'Πειθώ' is personified here as a deity, indicated by the title 'πότνια' (Lady/Mistress), a common honorific for female deities in epic and didactic poetry. The imagery of golden necklaces ('ὄρμους χρυσεῖους') placed upon the skin is a characteristic Hesiodic motif describing the divine beautification of humans, often associated with the enchantment of speech or social grace. The syntax creates a balanced, rhythmic flow typical of hexameter verse, emphasizing the collaborative action of the divine figures in adorning humanity.",43
44,And around her the beautiful-haired Seasons crown her with spring flowers.,"The sentence features the adverbial preposition 'ἀμφί' (around) governing the accusative object 'τὴν' (her), which refers to the personified figure of Spring or the earth itself, though the antecedent is contextually understood from the preceding lines. The verb 'στεφάν' (they crown) is in the present indicative active, third person plural, agreeing with the subject 'Ὥραι' (Seasons). The epithet 'καλλίκομοι' (beautiful-haired) is a characteristic Homeric and Hesiodic formula used to describe divine or personified figures, emphasizing their divine beauty and vitality. The dative plural 'ἀνθέσιν' (with flowers) functions as an instrumental or means dative, indicating the material used for the crowning. The adjective 'εἰαρινοῖσιν' (spring) agrees with the flowers, specifying the season. The particle 'δὲ' serves a connective function, linking this action to the previous context, while 'γε' adds a slight emphasis to the accusative pronoun. The syntax is straightforward, with the prepositional phrase 'ἀμφὶ δὲ τὴν γε' placed at the beginning for emphasis, followed by the subject and verb.",44
45,She applied order to all her skin.,"The verb ἐφήρμοσε (aorist indicative active, third person singular) derives from ἐφάρμοζω, meaning to fit, apply, or adjust. In this context, it conveys the act of arranging or adorning. The noun χρὡς (skin) is used in the dative singular, functioning as the indirect object of the verb, a construction that emphasizes the body as the recipient of the action. The phrase πάντα ... κόσμον (all order/adornment) uses the accusative of the direct object, with πάντα agreeing in case, number, and gender with κόσμον, creating a sense of totality in the act of beautification. Παλλἁς Ἀθἡνη (Pallas Athena) is a standard epithet for the goddess, highlighting her martial and wise attributes. The sentence reflects a cultural motif of divine craftsmanship, where the gods bestow physical perfection or order upon mortals, often associated with the concept of cosmology extending to the human form. The use of the dative with χρὡς is notable, as it suggests a close, personal application of order to the body, rather than a distant or abstract arrangement.",45
46,"And in his breasts, the Slayer of Argus fashioned lies and deceitful words and a treacherous character, according to the will of deep-thundering Zeus.","The sentence describes the creation of Pandora, though the name is not explicitly stated here. The epithet 'διακτόρος Ἀργείφοντης' (Slayer of Argus) refers to Hermes, who is the agent of this action. The verb 'τεύχε' (fashioned/made) is used in the context of divine craftsmanship. The object of the verb is a triple asyndetic-like structure (though connected by 'τε... τε... και') listing the components of Pandora's deceptive nature: 'ψεύδεα' (lies), 'αιμυλίους λόγους' (deceitful/flattering words), and 'ἐπίκλοπον ἦθος' (a treacherous character). The phrase 'βαρυκτύπου Διὸς βουλήσι' (according to the will of deep-thundering Zeus) uses the dative of means or reference to indicate the divine source of the action. The use of 'ἐν δ' ἄρα οἱ' introduces the narrative with a slight emphasis on the location ('in his breasts') and the agent's connection to the action. The word 'αιμυλίων' suggests words that are smooth, flattering, or deceitful, often used to describe seductive or manipulative speech. The epithet 'βαρυκτύπου' (deep-thundering) is a common Homeric and Hesiodic attribute of Zeus, emphasizing his power and authority.",46
47,"And the herald of the gods gave her a voice; he named this woman Pandora, because all those who hold the Olympian houses gave her gifts, a calamity to men who eat bread.","This passage employs the epithet 'men who eat bread' (ἀλφηστῆσιν) for humanity, a characteristic Hesiodic metonymy that emphasizes the agricultural basis of human life and distinguishes mortals from gods. The sentence structure utilizes a causal clause (introduced by ὅτι) to explain the significance of the name 'Pandora' (all-gifts); the irony lies in the fact that while the gods gave her gifts, the collective result is a 'calamity' (πῆμα) for mankind. The syntax creates a sharp contrast between the positive connotation of 'gifts' (δῶρον) and the negative outcome (πῆμα), a common feature in Hesiodic theodicy where divine benevolence often masks a hidden punitive purpose for mortals.",47
48,"But when he had accomplished the cruel, unmanageable trick, the father sent forth to Epimetheus glorious Argiphontes, bearing a gift, the swift messenger of the gods.","The sentence employs the transitional particle 'αὐτὰρ' (but/however) to mark a sharp shift in narrative focus from the completion of the deception to the subsequent divine action. The adjective 'αἰπύν' (cruel/sharp) and 'ἀμήχανον' (unmanageable/helpless) form a hendiadys-like intensification, characterizing the deception as both violent and inescapable. The epithet 'κλυτὸν' (glorious/famous) applied to Hermes (Argiphontes) highlights his divine status despite his role in a deceitful scheme. The phrase 'θεῶν ταχὺν ἄγγελον' (swift messenger of the gods) serves as an appositional description, emphasizing Hermes' speed and function. The syntax features a main clause ('the father sent...') embedded within a temporal clause ('when he had accomplished...'), utilizing the aorist indicative to denote completed action. The participle 'ἄγοντα' (bearing) indicates the manner of the sending. The narrative reflects Hesiodic themes of divine cunning ('δόλος') and the inevitability of fate, where Zeus's plan is executed through Hermes, the divine herald.",48
49,"But Epimetheus did not heed the warning that Prometheus had given him: never to accept a gift from Olympian Zeus, but rather to send it away; lest some evil should befall the mortals.","The sentence employs a direct discourse structure embedded within indirect discourse, marked by the conjunction ὡς (hōs) introducing the content of the warning. The verb ἐφράσαθ' (ephra-sath') is a middle form of φράζω, meaning 'to warn' or 'to heed' (in the negative context, 'to pay no heed'), reflecting the middle voice's nuance of personal involvement or interest. The construction αὐτὸν δὲ οὐκ ἐφράσατο (he did not heed him) is a common idiom in Hesiodic narrative to denote the failure to follow divine or prophetic counsel. The infinitive δεῖξασθαι (to receive) and the infinitive ἀποπέμπειν (to send away) are coordinated by ἀλλά (but), creating a clear antithesis between acceptance and rejection. The phrase 'lest some evil should befall the mortals' (μὴ που τι κακὸν θνητοῖσι γένηται) uses the subjunctive γένηται with μή to express a feared consequence, a typical feature of cautionary advice in archaic Greek poetry. The use of 'gift' (δῶρον) in this context carries significant cultural weight, as it alludes to the broader mythological theme of the dangers of accepting divine gifts, particularly those that may lead to human suffering. The sentence structure is marked by asyndeton in the final clause, where the comma before μὴ που introduces the purpose clause without an explicit conjunction, emphasizing the immediacy and urgency of the warning.",49
50,"But he, having received it when he indeed held evil, perceived it.","The sentence employs the connective particle αὐτάρ (but/however) to mark a sharp transition in the narrative sequence, a common feature in Hesiod's didactic poetry to shift focus to a new action or realization. The verb δέξας (receiving/taking) is a aorist participle in the masculine nominative singular, functioning adverbially to indicate the circumstance under which the main action occurred. The clause introduced by ὅτε (when) contains the emphatic particle δή, which strengthens the assertion that the subject was actively 'holding' or possessing evil at that moment. The main verb ἐνόησεν (he perceived/perceived) is aorist indicative of νοέω, suggesting a sudden or completed act of mental realization. The structure juxtaposes the physical act of receiving with the internal cognitive realization, highlighting the moment of awareness regarding the nature of the 'evil' (κακόν) that has been acquired.",50
51,"For before this, the tribes of men lived on the earth, apart from evil and apart from grievous toil and from grievous diseases, which they bestowed upon men.","This passage describes the Golden Age of mankind, a period of innocence and ease before the introduction of suffering. The syntax employs a strong anaphora with the repetition of 'ἀπτερ' (apart from) to emphasize the complete absence of negative elements (evil, toil, disease). The relative clause ('αἵ τ᾽...') functions as an appositive to the diseases, personifying them as active agents ('Kēras', often translated as 'Fates' or 'Deaths') that were later given to humanity. The use of the imperfect 'ζώεσκον' (lived) highlights the continuous, habitual nature of this past existence, while the genitive absolute construction implied by the relative clause adds a layer of causality or description regarding the origin of human suffering.",51
52,For in wretchedness mortals age quickly.,"The sentence employs the adverb αἶψα (quickly, suddenly) to emphasize the rapidity of human decline, a recurring theme in Hesiod's didactic poetry concerning the hardships of the present age. The preposition ἐν with the dative κακοτῆτι (wretchedness/misery) creates a circumstantial phrase indicating the sphere or condition in which this aging occurs. The term βροτοί (mortals) is used here in a generic sense to refer to humanity, highlighting their vulnerability compared to the gods. The particle γάρ (for) indicates that this statement provides a causal explanation or justification for a preceding argument, likely regarding the nature of the current age or the difficulty of life. The syntax places the adverbial elements at the beginning for emphasis, drawing immediate attention to the speed and the miserable context of human aging.",52
53,"But, woman, obey your husband; remove the great lid and scatter [the grain].","The sentence employs a vocative address ('woman') to directly command the female addressee, a common rhetorical device in didactic poetry to establish an authoritative tone. The syntax relies on a main imperative verb ('obey') followed by a sequence of participial and imperative actions. The participle 'ἀφελοῦσα' (removing) is aorist active, indicating an action that must precede the main verb 'ἐσκέδασ'' (scatter). The phrase 'μεγα πωμ'' (great lid) refers to the heavy stone or clay cover of a storage jar, a standard household object. The imperative 'ἐσκέδασ'' (scatter) likely refers to the distribution of grain for sowing or meal preparation, contexts central to the agricultural instructions found in Hesiod's Works and Days. The sentence structure is characterized by asyndeton (the lack of conjunctions) between the participial clause and the final imperative, creating a rapid, urgent rhythm appropriate for a command.",53
54,And he devised grievous sorrows for men.,"The sentence employs the middle voice of the verb μήδομαι (to plan, devise, contrive), which here implies acting for oneself or with specific intent, often carrying a nuance of cunning or strategic planning. The dative plural ἀνθρώποισι serves as an indirect object, indicating the recipients of the action. The adjectival phrase κήδεα λυγρά (grievous sorrows/pains) uses the accusative plural to mark the direct object, with λυγρός intensifying the negative emotional weight of the κήδεα. The particle δέ functions as a connective, often translated as 'and' or 'but,' linking this clause to the preceding narrative context regarding the creation of Pandora and the release of evils into the world. The syntax reflects the typical Hesiodic style of concise, direct statements about the origins of human suffering.",54
55,"But Hope alone remained inside the unbreakable houses, beneath the lip of the jar, for she did not fly out the door.","This passage describes the aftermath of Pandora opening the jar (often mistranslated as a 'box'), from which all evils escaped. The syntax employs a clear contrast between Hope's static presence (μιμνε, imperfect indicative) and the dynamic action of the other evils (εξεπτη, aorist indicative). The phrase 'unbreakable houses' (ἀρρήκτοισι δόμοισιν) is a striking metonymy, where the jar itself is personified or described as a dwelling. The prepositional phrase 'under the lip of the jar' (ὑπο χείλεσιν πίθου) uses the genitive to denote the specific boundary of containment. The sentence structure utilizes asyndeton in the second clause ('...the jar, not from the door did she fly out'), omitting a conjunction to emphasize the suddenness and finality of Hope's exclusion from the evils that fled. The word order places the negative particle 'οὐ' in a prominent position before the verb, reinforcing the exception.",55
56,"For before, the lid of the goat-taming jar was seized by the counsels of Zeus, the cloud-gatherer.","The sentence employs the epithet 'goat-taming' (αιγιόχου) for the jar, a characteristic feature of Hesiodic style that grounds divine or mythological concepts in the concrete realities of rural life, linking the vessel directly to the herding economy. The phrase 'counsels of Zeus' (βουλησὶ Διός) is rendered with a plural dative, suggesting the active agency or will of the god as the force that sealed the jar. The epithet 'cloud-gatherer' (νεφεληγερέταο) is a standard Homeric and Hesiodic honorific for Zeus, emphasizing his role as a weather deity. Syntactically, the verb εἰπλάμβανε (from ἐπιλαμβάνω) here implies a seizing or taking hold of, often with the nuance of preventing something from being opened or accessed. The sentence structure uses a causal γάρ to link this action to a preceding context, likely explaining the origin of the evils trapped within the jar.",56
57,But countless evils wander among men.,"The sentence employs the neuter plural adjective λυγρὰ (evils) as a substantive subject, governed by the middle/passive verb αλάληται (wanders/goes about), which suggests a pervasive, uncontrolled movement rather than a directed journey. The preposition κατά with the accusative (κατ' ἀνθρώπους) indicates distribution or motion through a group, here meaning 'among' or 'throughout' humanity. The adjective μυρία (countless/myriad) emphasizes the overwhelming quantity of suffering. Stylistically, the use of αλλὰ (but) at the beginning creates a sharp adversative transition, likely contrasting with a preceding statement about blessings or divine order, a common feature in Hesiod's didactic poetry to highlight the precariousness of human life. The asyndeton (lack of conjunctions between phrases) contributes to the rapid, relentless rhythm of the enumeration of evils.",57
58,"For the land is full of evils, and the sea is full.","The sentence employs a parallel structure (isocolon) contrasting the land (γαῖα) with the sea (θάλασσα), both described as being filled with evils (κακῶν). The correlative particles μέν and δέ create a balanced opposition between the two subjects. The adjective πολύς (here in the feminine nominative singular πλείη, a poetic variant of πλεῖα) functions predicatively, meaning 'full' or 'abounding in.' The genitive plural κακῶν ('of evils') depends on the implied notion of fullness. The particle γάρ provides a causal explanation, indicating that this statement serves as a reason for a preceding assertion. The asyndeton between the two clauses (omission of a conjunction between the two independent clauses beyond the δέ) contributes to the rhythmic emphasis of the enumeration of dangers. The repetition of πλείη reinforces the totality of the threat present in both realms of the natural world.",58
59,"Diseases walk beside men by day, but others, silent and unseen, wander by night, bringing harm to mortals, since the crafty Zeus took away their voice.","This passage contrasts the nature of human suffering during the day versus the night, a common motif in Hesiodic cosmology regarding the unpredictability of evil. The sentence employs a clear asyndeton (the omission of a conjunction between the two main clauses) to juxtapose the visible, vocal nature of daytime plagues against the stealthy, silent nature of nocturnal evils. The term 'auto-matoi' (αὐτόματοι) is significant here; while often translated as 'spontaneous' or 'unbidden,' in this context it emphasizes the unpredictable, unannounced arrival of these nocturnal ills, which strike without warning or voice. The final clause provides a mythological etiology for this silence: Zeus, described with the epithet 'metieta' (crafty/planning), removed the voice (phōnēn) of these specific diseases. This creates a striking chiasmus-like effect in the semantic structure: the removal of the 'voice' explains the 'silence' (sigē) in which the diseases operate. The use of the dative plural 'anthropoisin' and 'thnētois' emphasizes the universal vulnerability of humanity to these forces.",59
60,"Thus, in no way is it possible to escape the mind of Zeus.","The sentence employs the adverbial phrase οὕτως οὐτί πη (thus in no way/nowhere) to emphasize the absolute impossibility of the action. The construction οὐτί πη is a reinforced negative idiom meaning 'not at all' or 'in no way.' The verb εἶναι (to be) functions as a copula linking the impersonal subject (the infinitive phrase) to the predicate. The infinitive ἐξαλέασθαι (to escape, wipe out, or erase) takes the accusative noun νόον (mind, thought, or plan) as its direct object. The genitive Διός (of Zeus) functions as an attribute modifying 'mind,' indicating possession. The syntax presents a gnomic statement—a general truth—characteristic of Hesiod's didactic poetry, asserting the inescapable nature of divine will. There is no specific literary device like chiasmus or asyndeton present in this short clause, but the word order places the emphatic negative adverbial phrase at the very beginning for rhetorical weight.",60
61,"But if you wish, I will crown another tale for you, well and with knowledge.","The sentence features the verb ἐκκορυφόω (ekkoruphóō), literally 'to crown at the top,' used metaphorically to mean 'to complete' or 'to crown' a narrative, evoking the image of placing a final, finishing touch upon a work. The dative pronoun τοι (toi) serves as an indirect object, indicating the recipient of the speaker's action. The adverbs εὖ (eu) and ἐπιστάμενως (epistaménōs) are coordinated by the particle καί (kai), emphasizing both the quality of the delivery (well) and the competence of the speaker (with knowledge). The structure creates a balanced assertion of the speaker's intent to provide a reliable and polished account, characteristic of Hesiod's didactic style where the poet asserts his authority as a truthful messenger of wisdom.",61
62,But place these things in your own mind.,"The sentence employs the middle voice imperative (βάλλεο), which here carries a reflexive or self-directed nuance, emphasizing the internalization of the thought by the subject. The preposition ἐνι (often written as ἔνι) governs the dative plural φρεσί, literally meaning 'in the breasts' or 'in the heart,' a standard Homeric and Hesiodic idiom for the seat of thought and intellect. The adjective σῆσιν (your own) agrees with φρεσί in case, number, and gender, and the enclitic particle δὲ introduces a contrast or a transition from preceding advice, urging the listener to actively internalize the specific counsel just offered. The phrase 'place in the mind' is a metaphorical construction where 'throwing' or 'casting' (βάλλω) an object into the inner self suggests making a concept one's own through deep reflection.",62
63,"Thus, from the same source the gods and mortal men were born.","The sentence employs the conjunction τε ('and') enclitically attached to the first of two coordinated subjects (θεοί and ἄνθρωποι), a standard feature of Ancient Greek syntax known as 'postpositive conjunction.' The phrase ὁμοῦθεν ('from the same source') is significant in Hesiodic cosmology, suggesting a shared origin for divine and human realms, which contrasts with later traditions that strictly separate the two. The verb γίγνομαι is used in the perfect active indicative (γεγάασι), denoting a completed action with enduring results: they were born and now exist as distinct beings from that origin. The sentence structure creates a juxtaposition between the eternal gods and mortal men, unified by their common genesis, a theme central to the genealogical and moral framework of the Works and Days.",63
64,"First, the immortal gods who dwell in Olympian homes made a golden race of mortal men.","This sentence describes the first of Hesiod's Five Ages of Man. The adjective 'χρυσέον' (golden) functions attributively with 'γένος' (race/generation), emphasizing the precious and superior quality of this first age. The particle 'μέν' (men) is used here to mark the first item in a sequence, anticipating a contrasting clause (often introduced by 'δέ') that will describe the subsequent, declining ages. The participle 'ἔχοντες' (having/dwelling) agrees with 'ἀθάνατοι' (immortals) and serves to identify the gods by their residence on Mount Olympus, a standard epithet in epic poetry. The term 'μερόπων ἀνθρώπων' (of mortal men) uses the genitive plural to denote the race or species, while 'μερόπων' itself is an archaic and poetic epithet for humans, literally meaning 'of the ox-eyed' or 'of the mortals,' often contrasting with the divine. The sentence structure employs a hypotactic relationship where the participle 'ἔχοντες' modifies the subject of the main verb 'ποίησαν' (they made). The word order places the adjective 'χρυσέον' at the very beginning for emphasis, highlighting the material nature of this age.",64
65,"These were the people who were under Cronus, when he was king in the sky.","The sentence utilizes the conjunction μεν to set up a contrast with a following clause (typically introduced by δε), a common feature in Hesiod's narrative structure to distinguish between the different races of men. The phrase ἐπὶ Κρόνου employs the preposition ἐπί with the genitive case to denote 'under the rule of' or 'in the time of,' a standard idiom for describing the reign of a deity or king. The verb ἐμβασιλεύω (to reign) is a compound of ἐν and βασιλεύω, literally meaning 'to reign in,' here specifying the celestial realm (οὐρανῷ, dative of place where) as the seat of his authority. The sentence describes the Golden Age, where humanity lived in harmony under the direct sovereignty of the Titan Cronus before his overthrow by Zeus.",65
66,"So the gods live free of care, apart from toils and grief.","The sentence describes the idyllic existence of the gods, characterized by a complete absence of suffering. The phrase 'ἀκηδέα θυμόν' (carefree of heart/mind) is a common poetic epithet in Greek literature denoting divine tranquility. The syntax employs a chiasmus-like structure in the final clause: 'νόσφιν ἄτερ τε πόνων καὶ οἴζυος' (apart from and without toils and grief), where the preposition 'νόσφιν' (apart/separate) and the adverbial 'ἄτερ' (without) frame the coordinated nouns 'πόνων' (toils) and 'οἴζυος' (grief/sorrow). This parallelism emphasizes the total exclusion of human suffering from the divine realm. The use of the conjunction 'τε...καί' (both...and) reinforces the pairing of labor and sorrow as the defining hardships of mortal life, from which the gods are entirely exempt. The particle 'ὥστε' functions as a concluding marker, summarizing the state of affairs described in the preceding context.",66
67,"Nor is old age shameful when, always, feet and hands alike delight in the banquets, outside of all evils.","This passage presents a contrast to the common Greek trope of old age as a time of infirmity and shame. The syntax employs a conditional clause introduced by εἴπην (here functioning as a temporal/conditional particle 'when' or 'if'), negated by οὐδὲ (nor/either) to create a strong affirmative statement about the possibility of a dignified old age. The phrase 'feet and hands alike' (ποδας και χειρας ομοιοι) uses asyndeton (the omission of conjunctions between coordinate elements, though 'kai' is present here, the tight coupling creates a similar effect of unity) to emphasize that the physical faculties remain functional and coordinated. The prepositional phrase 'outside of all evils' (κακῶν ἔκτοσθεν ἁπάντων) utilizes hyperbaton, separating the preposition from its genitive object to place emphasis on the total absence of suffering. The term 'thaliēsi' (banquets) evokes the cultural ideal of the symposium or communal feast, representing social integration and vitality. The sentence structure balances the negative assessment of old age in the first clause with the positive image of continued physical and social enjoyment in the second, utilizing chiasmus-like balance between the internal state of the body and the external environment of 'all evils'.",67
68,"And they died, having been tamed by sleep.","The sentence employs a participle of result or attendant circumstance (δεδμημένοι, a perfect middle/passive participle) to describe the state of the subject at the moment of death. The use of the perfect participle of δαμάζω (to tame, subdue, or master) with the dative of instrument υπνω (sleep) creates a striking personification of sleep as a powerful force that conquers mortals. This imagery aligns with the broader context of Hesiod's Works and Days, where the decline of the races of men is often depicted through metaphors of fading strength or subjugation. The enclitic particle δ' connects this clause to the preceding narrative of the Fourth Race (the Heroic Age) or the transition to the Iron Age, emphasizing the inevitability of their demise. The syntax places the participle after the conjunction and adverbial particle ὥστε (here appearing as ὥσθ' due to elision), which can sometimes introduce a result clause, but in this specific poetic construction, it functions more as an intensifier or a marker of the manner in which the dying occurred, effectively meaning 'just as they were being subdued by sleep' or 'having been subdued by sleep.' The rhythm and word order reflect the hexameter style, prioritizing the dramatic image of sleep's dominion over the human body.",68
69,But all good things were yours.,"The sentence features the enclitic particle δέ (dé), which functions here as a postpositive conjunction indicating a contrast or transition to the preceding context, often translated as 'but' or 'however.' The adjective ἔσθλα (esthla), meaning 'good things' or 'benefits,' agrees in case, number, and gender with the neuter plural subject. The verb ἦν (ēn) is the imperfect indicative of εἰμί (to be), placing the state of possession in past time. The dative plural pronoun τοῖσιν (toîsin), derived from the definite article οἱ/αἱ/τὰ but functioning here as a dative of possession, indicates that the 'good things' belonged to the addressee. This construction reflects the archaic or poetic usage where the dative case expresses possession rather than a genitive. The syntax is straightforward, with the subject preceding the verb, a common feature in Hesiodic verse for emphasis.",69
70,"And the life-giving earth, working of its own accord, bore much and abundant fruit.","The sentence features the compound adjective ζειδωρος (zeidōros), meaning 'life-giving' or 'watering the crops,' a term frequently used in Hesiod to describe the fertility of the earth during the Golden Age. The phrase αυτοματη (automatē) functions adverbially here to modify the subject (the earth), signifying that the earth produces without human labor or intervention. This concept is central to the Hesiodic vision of the Golden Age, where nature provides abundantly without toil. The sentence employs the connective particle τε...και (te...kai) to link the adjectives πολλον (polon, 'much') and αφθονον (aphthonon, 'abundant' or 'not failing'), creating a sense of overwhelming plenty. The word order places the subject and its modifiers before the verb, emphasizing the agency of the earth itself.",70
71,But the willing and quiet ones possessed their works alongside many good men.,"The sentence features a clear contrast between the subject group (willing and quiet) and the implied alternative of those who are unwilling or restless, a central theme in Hesiod's didactic poetry regarding the proper conduct of life. The adjectives ἐθελημοι (willing/voluntary) and ἥσυχοι (quiet/calm) function adverbially to describe the manner in which the action is performed, emphasizing the internal disposition required for a productive life. The verb νέμω, here in the middle voice (νέμοντο), carries the specific sense of 'to possess' or 'to hold as one's own' rather than the more common 'to distribute' or 'to apportion.' The preposition σύν (with) introduces the company of 'many good men' (πολεέσσιν ἐσθλοῖσιν), where the adjective ἐσθλός (good/excellent) is used in its ethical sense of 'virtuous' or 'noble.' The construction highlights the social nature of virtue: prosperity and possession of one's works are achieved not in isolation, but in harmonious association with the virtuous community.",71
72,"Rich in flocks, dear to the blessed gods.","This sentence is a classic example of a nominal predicate construction where the subject (likely 'a man' or 'a city' implied from context) is described by two adjective-noun phrases in the nominative case. The first phrase, 'ἀφνειοι μηλοισι' (rich in flocks), uses the dative of possession or specification to denote the source of wealth, a key economic indicator in Hesiod's agrarian worldview. The second phrase, 'φιλοι μακαρεσσι θεοισιν' (dear to the blessed gods), employs the dative of the agent or reference with the adjective 'φιλος' to express divine favor. The sentence exhibits asyndeton (the lack of a conjunction between the two coordinate phrases) and a parallel structure that emphasizes the ideal state of the virtuous farmer: material prosperity grounded in the favor of the divine. The epithet 'μακαρεσσι' (blessed/happy) is a standard Homeric and Hesiodic attribute for the gods, highlighting their eternal well-being and the contrast with mortal suffering.",72
73,"But when this race was hidden beneath the earth—these they call the holy spirits who dwell on earth, the good, the defenders of evils, guardians of mortal men, who keep watch over judgments and violent deeds, clad in mist, roaming everywhere over the earth, givers of wealth.","This passage describes the transition from the Silver to the Iron Age (or the end of the Golden Age) where the previous generation of humans becomes the 'daimones agnoi' (holy spirits). The syntax employs a series of appositives (ἁγνοί, ἀλεξικάκοι, φύλακες, πλουτοδῶται) following the relative clause introduced by οἵ, creating a rhythmic accumulation of epithets that defines the nature of these spirits. The phrase 'ἀλεξικάκοι' (defenders of evils) is a striking oxymoron or ironic epithet; they ward off evils for men, but are often seen as the source of them, or they 'ward off' the evil of being judged. The relative clause uses a present participle (φρουροῦσι) alongside a perfect participle (ἐσσανέμενοι) and a present participle (φοιτῶντες) to describe their continuous, active presence. The use of 'πλουτοδῶται' (givers of wealth) highlights the dual nature of these spirits: they can bring prosperity if honored, but also withhold it if men act unjustly. The sentence structure moves from a narrative past tense (κατέκλυψε) to a present descriptive state (καλοῦνται, φυλάσσουσι), emphasizing the eternal, ongoing role of these spirits in the human world.",73
74,"And they held this royal privilege as well—then the gods, who dwell in Olympian houses, made a second, much worse race, the silver one, to follow. They had no nature like the golden race, nor any mind.","This passage describes Hesiod's myth of the Five Ages of Man, specifically the transition from the Golden Age to the Silver Age. The sentence employs asyndeton (the omission of conjunctions) between the description of the Silver race and the gods who made them, creating a rapid, almost breathless narrative flow. The phrase 'royal privilege' (γεράς βασιλήιον) refers to the honor or portion of the gods, highlighting the shift from the self-sufficient Golden race to the dependent Silver race. The use of the comparative 'much worse' (πολυ χειρότερον) emphasizes the moral and qualitative decline. The final clause uses a chiasmus-like structure in its negation ('no nature... nor any mind'), contrasting the physical 'nature' (φυή) with the intellectual 'mind' (νόημα), both of which are denied to the Silver race. The enclitic -τε (te) appears twice in a correlative construction (οὐ... οὐδέ... τε) to negate both attributes, a common poetic device in Hesiod to emphasize total deficiency.",74
75,"But a son was reared by his mother, the cherished one, for a hundred years, a great child, in his own house.","The sentence features the adverbial particle μέν, which often sets up a contrast with a subsequent clause (introduced by δέ), here implying that this period of care was a specific, perhaps foundational, phase before the subject's departure or a shift in circumstances. The adjective κεδνή (kednē) is a rare and elevated term meaning 'beloved,' 'dear,' or 'sacred,' often used in religious or highly affectionate contexts to denote someone held in high esteem. The phrase μέγα νήπιος (mega nēpios) creates a striking oxymoron or intensification; while νήπιος means 'infant' or 'childish,' μέγα ('great') can refer to physical size or, more likely here, the significance of the child's status, though it also emphasizes the duration of his immaturity. The relative pronoun ὅς (hōs) is used attributively with οἴκῳ (oikō) to specify 'in the house belonging to him,' highlighting the domestic sphere. The syntax is characterized by a heavy use of participial and adjectival appositions (ατάλλων, μέγα νήπιος) that delay the final locative phrase, creating a sense of lingering on the state of the child within the home.",75
76,"But when they have reached the age of youth and have attained the measure of youth, they live for a short time, suffering the pains of folly.","The sentence features the particle 'ἀλλά' (but) to introduce a contrast, likely following a previous description of the Golden or Silver Age. The construction 'ἡβήσαι τε καὶ ἥβης μέτρον ἵκοιτο' utilizes a temporal clause with the aorist infinitive 'ἡβήσαι' (to become a youth) and the aorist optative 'ἵκοιτο' (might reach), creating a sequence where the subject enters youth and then reaches its full extent. The phrase 'μέτρον ἵκοιτο' (reached the measure) is a metaphorical expression for reaching the peak or limit of a stage of life. The main verb 'ζώεσκον' is an imperfect indicative, indicating a continuous or habitual action in the past. The participle 'ἔχοντες' (having/holding) introduces a circumstantial clause explaining the condition of their lives, linked to 'ἄλγε' (pains/sufferings). The genitive 'ἀφραδίῃς' (of folly/carelessness) specifies the source of these pains, highlighting a cultural theme where the loss of youthful innocence leads to suffering due to human error or lack of foresight. The adjective 'παυρίδιον' (short/brief) emphasizes the brevity of this particular phase of existence.",76
77,"For they were not able to hold back their reckless hubris from one another, nor did they wish to serve the immortals, nor did they wish to perform rites upon the sacred altars of the blessed ones, which is the right for men according to their customs.","This sentence exhibits a clear tricolon structure in the middle clause, utilizing anaphora of the negative conjunction 'oude' (nor) to emphasize the comprehensive moral failure of the men described. The verb 'dynamai' (to be able) is followed by a complementary infinitive 'apechein' (to hold back), while 'ethelon' (they wished) is followed by two coordinated infinitives 'therapeuein' (to serve) and 'erdein' (to perform/offer). The term 'hubris' here is qualified by 'atasthalos' (reckless/lawless), a specific collocation in Hesiodic poetry denoting arrogant violence against divine or human order. The final clause employs a relative construction where 'heta' (which) functions as a demonstrative relative pronoun referring to the entire preceding situation, defining it as 'themis' (divine law/custom). The phrase 'kata etha' (according to customs/habits) highlights the normative aspect of religious practice that has been abandoned.",77
78,"Then, in his anger, Zeus, the son of Cronus, hid them, because they did not give honor to the blessed gods, who hold Olympus.","The sentence employs a participial phrase (χολούμενος) placed immediately after the subject to express the emotional state accompanying the main action, a common Homeric and Hesiodic feature that conveys the intensity of divine wrath. The relative clause (οἵ... ἔχουσιν) is introduced after a pause (indicated by the comma) and functions to define the gods by their possession of the sacred mountain, Olympus, which in Greek cosmology represents the dwelling place of the deities. The term μακαρέσσι (blessed/happy ones) is a standard epithet for the gods in epic poetry, emphasizing their divine status and immortality. The use of τιμάς (honor/gifts) refers specifically to the sacrifices and cultic honors offered by humans, the withholding of which is the cause of the gods' anger. The syntax moves from the specific action of hiding (the punishment) to the causal explanation (the offense), creating a clear logical progression typical of mythological narrative.",78
79,"But when this race too was covered by the earth—these are called blessed spirits beneath the earth, second in rank, yet honor attends them still—then Zeus the father made a third race of mortal men, the race of bronze, not at all like the silver, but born from ash, terrible and terrible.","This passage describes the transition from the Silver Age to the Bronze Age in Hesiod's myth of the Five Ages. The sentence structure employs a parenthetical insertion (marked by dashes in the source) to provide an etiological explanation for the Silver race, identifying them as the 'blessed spirits' (μακάρες) who dwell beneath the earth and receive honor (τιμή) from mortals. This reflects the ancient Greek belief that the spirits of the dead or the virtuous dead became daimones (spirits) who protected and blessed humanity. Stylistically, the text uses asyndeton in the final phrase 'born from ash, terrible and terrible' (or 'terrible and mighty'), where the copula is omitted to create a rapid, emphatic list of attributes. The repetition of the concept of 'fear/terror' via the adjectives δεινόν (terrible, powerful, awe-inspiring) and ὀβρίμον (mighty, violent, rough) creates a hendiadys effect, emphasizing the brutal and warlike nature of the Bronze race. The phrase 'not at all like the silver' (οὐκ ἀργυρέῳ οὐδὲν ὅμοιον) serves as a direct contrastive marker, highlighting the moral and material degradation of the ages as they progress from Silver to Bronze.",79
80,To whom the loud-sighing works of Ares and insolences were a care.,"The sentence employs the dative plural relative pronoun οἷσιν (to whom) as the indirect object of the impersonal verb ἐμέλεν (it was a care/it concerned), a construction common in Hesiod to denote what weighs upon or troubles a person. The adjective στονοῦεντα (loud-sighing, groaning) is an epithet modifying ἔργα (works), personifying the deeds of war as inherently mournful and lamentable, a stylistic choice that emphasizes the tragic nature of conflict. The noun ὕβριες (insolences, acts of arrogance) is conjoined with ἔργα via the coordinating conjunction καί, creating a thematic pairing of violent action and moral transgression. The entire phrase reflects Hesiodic themes where war and hubris are inextricably linked as sources of suffering and divine displeasure. The syntax places the relative clause before the main predicate, a structure that creates a sense of foreboding by first identifying the recipients of the care before stating the nature of that care.",80
81,"They ate no bread, but held a heart of adamant, unshaped.","The sentence employs a sharp antithesis between the physical sustenance of the 'bread' (σῖτον) and the metaphorical, unyielding nature of the 'adamant' heart (ἀδάμαντος... θυμόν). The adjective 'adamant' (ἀδάμας) refers to the hardest known substance, symbolizing the iron Age's invincibility and lack of malleability compared to the previous Golden or Silver Ages. The phrase 'unshaped' (ἀπλάστοι) is a striking hapax legomenon or rare usage in this context, functioning as a predicate adjective that likely describes the subjects' nature as uncultivated, unformed, or perhaps 'unmolded' by the arts of civilization. The syntax relies on a compound predicate where the subjects are described by both the verb 'held' and the adjective 'unshaped,' creating a portrait of a race defined by hardness and a lack of refinement.",81
82,Great might and hands unaccustomed have grown from the shoulders upon sturdy limbs.,"The sentence utilizes a striking personification of abstract force (βίη, 'might') as a physical subject alongside 'hands' (χεῖρες), linked by the copulative particle δέ. The adjective ἄαπτοι ('unaccustomed' or 'unused') modifies 'hands' to imply that this strength is innate or natural rather than the result of labor or training. The verb ἐπέφυκον (from φύω, 'to grow') is in the perfect tense with a present sense, indicating a state of being that has grown or developed naturally. The prepositional phrases εἰς ὠμῶν ('from the shoulders') and ἐπὶ στεβαροῖσι μέλεσσιν ('upon sturdy limbs') create a spatial image of physical power originating from the upper body. The phrase 'sturdy limbs' (στεβαροῖσι μέλεσσιν) likely refers to the arms or the entire upper body structure, emphasizing robustness. The syntax presents a compound subject ('might and hands') governing a single verbal predicate, suggesting an inseparable bond between abstract strength and physical capability in this context.",82
83,"And of these, the weapons were of bronze, and the houses were of bronze, and they worked in bronze.","This sentence describes the material composition of the Heroic Age (the Bronze Age) in Hesiod's mythological chronology. The syntax employs a clear chiasmus in the first two clauses: the adjective χαλκεα (bronze) precedes the noun τευχεα (weapons) in the first clause, while the noun οἰκοι (houses) follows the adjective χαλκεοι (bronze) in the second clause (A-B-A-B structure relative to the modifier and head noun, though strictly speaking, the first is Adj-Noun and the second is Adj-Noun with a different word order relative to the sentence flow, creating a rhythmic balance). More prominently, the sentence utilizes asyndeton (the omission of conjunctions between clauses) in the first two parts, relying on the enclitic particles μεν...δε to create a tight, balanced contrast or correlation. The repetition of the root χαλκ- (bronze) three times (χαλκεα, χαλκεοι, χαλκω) creates an anaphoric effect that emphasizes the total dominance of bronze in every aspect of life, from weaponry to domestic architecture to labor. The use of the dative of material (χαλκω) with the verb ἐργαζοντο (they worked) is a standard construction indicating the medium or substance used in the action. The sentence ends with a period, marking the completion of the description of this specific age.",83
84,Black iron did not exist.,"The adjective μέλας (black) modifies σίδηρος (iron), a collocation that appears frequently in Hesiod's Works and Days to describe the iron of the current, degenerate age. The verb ἔσκε is the imperfect indicative of εἰμί, here used in a gnomic or existential sense to denote a state of non-existence in the past (the age of heroes or the Golden Age). The particle δέ serves as a connective, linking this clause to the preceding description of the preceding ages. Stylistically, the sentence employs a simple negative existential construction (οὐκ ἔσκε) typical of Hesiod's didactic tone, emphasizing the absence of a material that defines the speaker's own harsh era.",84
85,"And these, conquered by their own hands, went to the damp, chilly house of unnamed Hades.","The sentence utilizes the adverbial conjunction 'καί' (and) to link this clause to a preceding narrative, likely describing the fate of those who lived unjustly or were struck by plague. The construction 'χειρὶ σφετέρῃσι' (by their own hands) is significant; while 'χείρ' (hand) often denotes physical action, here combined with 'δαμέντες' (conquered/subdued), it suggests a metaphorical or perhaps literal self-destruction, a theme common in Hesiodic warnings about the consequences of 'hybris' or moral decay. The phrase 'νώνυμνοι' (unnamed) is a striking epithet for Hades, emphasizing the loss of identity and social memory that accompanies death. The alliteration in 'κρυεροὐ Ἅδαο' (chilly Hades) and the assonance in 'εὐρώεντα δόμον' (damp house) create a somber, atmospheric tone appropriate for the underworld. The genitive 'Ἅδαο' functions as a possessive modifier for 'δόμον' (house), a common poetic periphrasis for the realm of the dead.",85
86,"But black Death took them even though they were terrible, and left the brilliant light of the sun.","This sentence employs a sharp contrast (antithesis) between the destructive power of Death and the enduring brilliance of the sun. The adjective 'εκπαγλους' (terrible, fearsome, or dreadful) modifies the participle 'εοντας' (being), emphasizing that even the most formidable or awe-inspiring beings were not spared by Death. The use of the particle 'περ' after 'εκπαγλους' adds a concessive force ('even though'), highlighting the inevitability of Death's reach. The sentence structure juxtaposes the dark, consuming nature of 'θανατος μελας' (black Death) with the 'λαμπρον φαος' (brilliant light), creating a vivid visual and thematic opposition. The genitive 'ηελιοιο' (of the sun) specifies the source of the light that Death left behind, suggesting a world where the sun continues to shine, but life and its splendor have been removed.",86
87,"But when this race too was hidden beneath the earth, again Zeus son of Cronos made a fourth race upon the much-grazing earth, more just and more valiant, a divine race of men and hero-gods, whom they call demigods, the former generation across the boundless earth.","This passage describes the transition from the Silver Age to the Bronze Age (often identified as the Heroic Age) in Hesiod's myth of the Five Ages of Man. The sentence structure employs asyndeton (the omission of conjunctions) in the initial clause 'αὐτὰρ ἐπεὶ' followed by the main clause, creating a swift narrative rhythm. The phrase 'πολυβοτείρη' (much-grazing) is a characteristic Hesiodic epithet for the earth, emphasizing its fertility and capacity to sustain life. The text exhibits a clear chiasmus-like quality in the description of the new race: it is defined by two positive adjectives ('more just and more valiant') and then a noun phrase ('divine race of men and hero-gods'), before being clarified by a relative clause ('whom they call demigods'). The term 'ἡμιθέοι' (demigods) refers specifically to the heroes of mythic lore (like Heracles or the Argonauts) who were believed to have existed between the mortal and divine realms. The use of 'προτέρη' (former) in the final phrase contrasts this generation with the subsequent Iron Age, which Hesiod describes as the current, degenerate age. The repetition of 'γένος' (race) and 'γῆ/χθών' (earth) reinforces the cyclical nature of creation and destruction in this cosmogony.",87
88,"And some of them war, a bad thing, and the terrible fight destroyed under the seven-gated Thebe, the Cadmean land, while they were fighting for the sake of the flocks of Oedipus; and some of them, while leading them over the great gulf of the sea in ships, to Troy, for the sake of fair-haired Helen.","This sentence presents a famous parallel structure contrasting the two great destructive forces of the Greek heroic age: the Seven Against Thebes and the Trojan War. The syntax relies heavily on the correlating particles μεν... δε (men... de) to distinguish between the two groups of warriors (τοὺς... τοὺς). The phrase 'πολέμος τε κακὸς καὶ φύλοπις αἰνή' employs a hendiadys-like effect, using two nouns joined by τε... καί to emphasize the dual nature of warfare as both a state of war and the immediate violence of battle. The epithet 'εὔκομος' (fair-haired) applied to Helen is a recurring Homeric formula, highlighting her beauty as the catalyst for the conflict. The sentence structure creates a chiasmus-like balance between the two events: the first clause details the destruction at Thebe over the flocks of Oedipus, while the second details the journey to Troy over the sea for the sake of Helen. The use of the participle 'ἀγών' (leading) in the second clause connects the action of the ships to the destination, while the first clause uses the participle 'μαρναμένους' (fighting) to describe the state of the men at Thebe. The preposition 'ὑπ' (under) with 'ἐπταπύλω' (seven-gated) indicates the location of the destruction, while 'ὑπὲρ' (over) indicates the path taken by the ships. The sentence concludes with the ellipsis of the verb 'destroyed' in the second clause, which is understood from the first, a common feature in Greek narrative to maintain flow and avoid redundancy.",88
89,"There, indeed, death's end covered those; but Zeus, son of Cronus, the father, scattered the others apart from men, giving them distinct lives and customs to the ends of the earth.","The sentence exhibits a clear chiastic structure in its coordination: the first clause describes the fate of one group (covered by death), while the second describes the fate of the other (scattered apart). The particle ἤτοι (hereafter ἤτοι) introduces the first alternative in a 'either... or' construction, which is continued by δέ in the second clause, a common pattern in Hesiod for contrasting destinies. The phrase διχ' ἀνθρώπων (apart from men) functions as a prepositional adverbial phrase indicating separation. The participle ὀπάσσας (scattering/distributing) is aorist active, modifying the main verb κατένασσε, and takes the accusative objects βίον (life) and ἤθεα (customs/manners), which are coordinated by καί. The epithets Κρονίδης (son of Cronus) and πατήρ (father) for Zeus serve to emphasize his authority and paternal role in distributing human fates. The phrase εἰς πείρατα γαίης (to the ends of the earth) marks the geographical extent of this scattering, a motif often found in ancient Greek cosmology to denote the furthest reaches of the known world.",89
90,"For these men indeed dwell with carefree hearts on the Blessed Isles beside the deep-swirling Ocean, the blessed heroes, for whom the life-giving earth bears honey-sweet fruit, flourishing three times a year.","This passage describes the Golden Age and the afterlife of the First Race of men, who were transformed into daimones (spirits) and granted a life of ease. The syntax employs a chiasmic structure in the final clause: the subject (earth) and the direct object (fruit) are separated by the participial phrase 'flourishing three times a year,' creating a rhythmic balance that emphasizes the abundance of the land. The epithet 'deep-swirling' (βαθυδίην) applied to Ocean is a Homeric and Hesiodic formula that personifies the river encircling the world as a powerful, dynamic force. The term 'honey-sweet' (μελιήδεα) is a compound adjective that poetically elevates the natural produce, suggesting a supernatural quality of sweetness and abundance that defines this utopian existence. The use of 'three times a year' (τρὶς ἔτεος) highlights a cyclical, super-abundant harvest that contrasts with the harsher agricultural realities of the poet's own time.",90
91,far from the immortals.,"This fragment consists of an adverbial phrase (τηλού) followed by a prepositional phrase (ἀπ' ἀθανάτων). The preposition ἀπό takes the genitive case (ἀθανάτων), indicating separation or distance. The phrase functions adverbially, likely modifying a verb that is either implied by context or omitted in this excerpt. Stylistically, the use of the genitive with ἀπό emphasizes a complete separation or remoteness. In the context of Hesiod's Works and Days, this often describes the location of the Iron Race, who live in a state of moral and physical degradation, distant from the divine or the heroic age. The phrase highlights a thematic contrast between the human condition and the divine realm.",91
92,"To these, Kronos rules as king.","The verb εμβασιλεύει (embasileuō) is a compound of the preposition εἰς (into/toward) and the noun βασιλεύς (king), meaning 'to reign as king' or 'to rule over.' This specific compound usage is rare and often found in Hesiod, emphasizing the legitimacy and sovereignty of the ruler over a specific group. The pronoun τοῖσιν (toisīn) is dative plural, functioning here as the indirect object (the recipients of the rule). The sentence structure places the object first (τοῖσιν), followed by the subject (Κρόνος), and finally the verb, creating a slight emphasis on the group being ruled before revealing who rules them. This word order is common in archaic poetry to maintain metrical rhythm or to create a specific narrative focus.",92
93,For the Father of men and gods loosened the bond.,"This sentence features the epithet 'πατὴρ ἀνδρῶν τε θεῶν τε' (Father of men and gods), a standard Homeric and Hesiodic appellation for Zeus. The construction uses the enclitic particle 'τε' twice in an 'X τε Y τε' pattern to coordinate 'men' and 'gods,' emphasizing the universal scope of the subject's authority. The verb 'ἔλυσε' (loosened/unbound) is in the aorist indicative, denoting a completed, decisive action. The article 'τοῦ' functions as a genitive of definition or possession modifying 'δεσμόν' (bond), referring specifically to the chains of fate or the bonds of necessity that were previously restraining the world or a specific figure (often interpreted in this context as the chains of Prometheus or the bonds of cosmic order). The sentence begins with 'γάρ', indicating that this clause provides the causal explanation for a preceding statement.",93
94,"And to these, the youngest, honor and glory follow alike.","The verb ὀπαδεῖ (from ὀπαδέω) is a rare poetic form meaning 'to follow' or 'to be a follower,' often implying a close, attendant relationship. Here, it personifies abstract concepts (honor and glory) as active followers of the 'youngest' (νεατοῖς), likely referring to those who are newly initiated or at the beginning of their virtuous path. The sentence employs asyndeton in the subject phrase 'τιμὴ καὶ κῦδος' (honor and glory), where the conjunction καί connects two abstract nouns that act as a compound subject for the verb. The adverb ὁμοῦς (alike, equally) modifies the verb, suggesting that both honor and glory are bestowed in equal measure upon this group. The dative plural τοῖσι (to these) serves as the indirect object, indicating the recipients of these virtues. The use of the superlative adjective νεατοῖς (youngest) highlights a specific social or generational group, possibly those who are fresh into the community or new to the struggle for excellence. The sentence structure emphasizes the inevitability and equality of the rewards for the virtuous young.",94
95,"Again, far-seeing Zeus set down a fifth generation of men, those who live on the earth, the much-fruitful one.","The sentence describes the fifth and final age of mankind in Hesiod's myth of the races. The epithet 'εὐρυόπα' (far-seeing) is a common Homeric and Hesiodic attribute of Zeus, emphasizing his omniscience. The relative clause 'οἳ γεγάασιν ἐπὶ χθονὶ πολυβοτείρῃ' (those who live on the much-fruitful earth) functions to define the specific generation of men. The phrase 'πολυβοτείρῃ' (much-fruitful or much-grazing) is an epithet for the earth (χθονί), highlighting its role as a provider of sustenance. The use of the aorist active indicative 'θήκ' (he set down/established) for θεῖναι indicates a decisive, completed action by Zeus in establishing this generation. The sentence employs asyndeton between the main clause and the relative clause, creating a flowing narrative structure typical of epic poetry. The word order emphasizes Zeus's action and the nature of the generation, reflecting the poet's focus on divine agency in human history.",95
96,"I would have wished no longer to live among men of the fifth generation, but rather to have died before, or to have been born later.","This sentence features a powerful expression of despair using the optative of wish (ὀφελλον) with a negative adverb (μηκέτι), indicating a strong desire for non-existence or a different temporal placement in the cosmic order. The phrase 'men of the fifth generation' refers to the Iron Age, which Hesiod describes as the current, wretched era, contrasting it with the earlier, happier ages of gold, silver, bronze, and heroes. The structure employs a chiastic-like temporal contrast between 'before' (πρόσθε) and 'later' (ἔπειτα) within the optative clauses (θανεῖν ... γενέσθαι), emphasizing the speaker's rejection of their current existence in time. The use of asyndeton is not present, but the coordination with ἀλλ' (but rather) sharply pivots the wish from non-existence in the present to a hypothetical death or birth at a more favorable time.",96
97,"For now, indeed, the race is iron.","This sentence marks the beginning of the description of the Iron Age in Hesiod's myth of the five ages of mankind. The particle γάρ (for) provides the causal or explanatory link to the preceding context, while δὲ γε (indeed/now) serves as an emphatic adverbial cluster, often used to signal a sharp transition in time or tone. The construction relies on the copula εἰμί (is) with a nominative subject (γένος) and a predicative adjective (σιδηρέον), where the adjective agrees in gender, number, and case. The term σιδηρέον (iron) is not merely a material descriptor but a metaphor for the hardness, cruelty, and toil that characterize this era, contrasting sharply with the earlier Golden and Silver ages. The syntax is simple and direct, reflecting the solemnity of the prophecy.",97
98,"Nor will the day ever cease from labor and suffering, nor will they be destroyed at night.","The sentence features a strong parallel structure (isocolon) between the two main clauses, each introduced by the negative particle combination οὐδέ ('nor/neither'). The first clause uses the present middle/passive indicative παύονται ('they cease') with an adverbial accusative of time (ἡμᾶρ) and a genitive of separation (καμάτου καὶ οἴζυος) to describe the cessation of toil. The second clause shifts to a present passive participle φθειρόμενοι ('being destroyed') functioning as a predicate, with the temporal adverb νυκτωρ ('by night') and the indefinite pronoun τι (used here for emphasis or generalization) modifying the state of being. The juxtaposition of 'day' and 'night' creates a temporal chiasmus, emphasizing the unceasing nature of the hardship: if the day does not end in labor, the night does not bring relief through destruction. The use of the present tense in both clauses suggests a timeless, perpetual condition rather than a specific future event, a common stylistic device in didactic poetry to describe the human condition.",98
99,And the gods will give hard cares.,"The sentence employs a straightforward subject-verb-object structure characteristic of didactic poetry. The conjunction 'δέ' (de) functions as a connective particle, often used in Hesiod to link clauses sequentially or to mark a transition in the narrative flow, here bridging a previous thought to this declaration of divine will. The adjective 'χαλεπάς' (chalepas, 'hard' or 'difficult') modifies 'μερίμνας' (merimnas, 'cares' or 'anxieties'), creating a hendiadys-like effect where the difficulty of the cares is intrinsic to their nature as divine gifts. This reflects the Hesiodic worldview where human suffering and anxiety are not merely random occurrences but are actively dispensed by the gods as part of the human condition. The future tense 'δώσουσι' (dōsousi, 'they will give') emphasizes the inevitability of this fate. Stylistically, the line lacks complex rhetorical devices like chiasmus or asyndeton, relying instead on the directness of the statement to convey the weight of the message.",99
100,"But even so, good things will be mixed with bad ones for them.","The sentence employs a clear antithesis between ἐσθλα (good things) and κακοῖσιν (bad things), a central theme in Hesiod's moralizing poetry regarding the coexistence of virtue and vice in human life. The verb μεμείξεται is in the future middle/passive indicative; in this context, it functions passively to describe the blending of opposites. The adverb ἔμπης (even so/still) acknowledges a preceding difficulty or contrast, asserting that the mixture of good and bad is inevitable despite human efforts to distinguish them. The dative plural τοῖσι (for them) indicates the beneficiaries or recipients of this mixture, likely referring to humanity in general. The conjunction καὶ here serves to emphasize the inclusion of both elements, reinforcing the totality of the mixture.",100
101,"But Zeus will destroy this race of mortal men, once the gray-browed men come to be.","This sentence describes the transition from the Silver Age to the Iron Age in Hesiod's myth of the five ages. The phrase 'gray-browed' (πολιοκροτάφοι) is a distinctive poetic epithet referring to the graying of the temples or brows, symbolizing the onset of old age or a specific characteristic of the Silver generation, though in this context it often denotes the general human condition of the age in question. The verb 'come to be' (γινόμενοι τελέθωσιν) is in the aorist subjunctive within a temporal clause introduced by 'when' (εὖτ' ... ἄν), indicating a future condition that triggers the divine punishment. The use of the participle 'coming to be' (γινόμενοι) alongside the subjunctive 'they come to be' (τελέθωσιν) emphasizes the process of their generation and the inevitable fulfillment of their nature. The sentence structure employs a chiasmus-like balance between the destructive action of Zeus and the generative action of the humans, highlighting the cyclical nature of human decline.",101
102,"Nor is a father like his children, nor are children like their father; nor is a stranger like the host, nor a companion like a companion, nor will a brother be a friend, as it was before.","This sentence employs a powerful rhetorical structure characterized by the repetition of the negative particle 'oude' (nor/neither) at the beginning of four distinct clauses, creating a cumulative effect of social breakdown. The syntax follows a consistent pattern: [Subject] + [Predicate Adjective/Noun] + [Dative of Comparison]. The use of the dative case for the object of comparison (e.g., 'paisessin' for 'children', 'xeinodokei' for 'host') is standard for indicating the entity to which the subject is compared. The final clause shifts from the present tense to the future tense ('essetai', 'will be'), emphasizing that this breakdown of kinship and social bonds is a prophetic or inevitable reality in the current age. The sentence concludes with the phrase 'hos to paras per' (as it was before), which serves as a poignant allusion to the Golden Age, where such harmonious relationships were the norm, contrasting sharply with the moral decay of the Iron Age described in the surrounding context of the poem. The repetition of the same word for subject and object of comparison in the second and third clauses (e.g., 'xenos xeinodoko' and 'etairos etairoi') creates a sense of isolation and the collapse of reciprocal social duties, a central theme in Hesiod's critique of his contemporaries.",102
103,They will dishonor their aging parents.,"The sentence features a future indicative verb (ἀτιμήσουσι) indicating a prophetic or predictive tone, characteristic of Hesiod's didactic poetry where the poet warns of future social decay. The participle γηράσκοντας (aging) is in the present tense, functioning as an adverbial modifier of time or manner, suggesting the dishonor occurs specifically during the parents' advanced age. The use of the particle δέ connects this clause to previous context, likely contrasting this behavior with the virtues of the previous age. The object τοκεύς (parents) is in the accusative plural, a common metonymic usage in Greek literature to denote the entire parental generation. The sentence structure is straightforward SVO (Subject implied 'they', Verb, Object), but the emotional weight lies in the juxtaposition of the future action of dishonor against the natural state of aging, highlighting a breach of familial piety (philia) and the breakdown of traditional social order.",103
104,"And surely they will blame those who, in their recklessness, heap harsh words upon them, not knowing the vengeance of the gods.","The sentence employs a participial construction (βαζοντες and ειδοντες) to provide the causal and circumstantial background for the main verb (mempsontai). The use of the future passive indicative μεμψονται conveys a prophetic certainty, reinforced by the particle ἄρα. The adjective σχετλίοι (reckless, shameless, impious) is a key ethical term in Hesiod, describing those who act without respect for divine order. The phrase χαλεποῖς ἐπέσσι (harsh/rough words) highlights the destructive nature of their speech. The participle εἰδότες (knowing) is negated by οὐ, emphasizing the moral blindness of the offenders: their ignorance of the gods' οἶψιν (vengeance/retribution) is what makes their actions reckless. The sentence structure creates a stark contrast between the human action of speaking harshly and the divine consequence of retribution, a central theme in Hesiodic didactic poetry.",104
105,But surely he would not give the upbringing gifts to his aged parents with his own hands.,"The sentence employs the potential optative construction (δοῖεν with κεν/ἄν), indicating a hypothetical action that the speaker deems unlikely or morally unacceptable. The particle γε serves to emphasize the subject (οἵ), highlighting the specific agent in this moral scenario. The phrase θρεπτήρια (nourishing or upbringing gifts) refers to the specific economic and social obligations of children to support their parents in old age, a central theme in Hesiod's didactic poetry regarding the duties of the just man. The adjective χειροδίκαι (with one's own hands) functions as a possessive dative of advantage or source, stressing the personal effort and direct agency required to fulfill this duty; the negation implies that failing to do so is a mark of injustice and ingratitude.",105
106,And one city will plunder another.,"The verb ἐξαλαπάξει (future indicative active, 3rd person singular) is a compound of ἀλαπάζω, meaning 'to plunder' or 'to despoil,' often implying the taking of livestock and goods. The sentence exhibits a chiasmus in the relationship between the subject and object: ἕτερος (one, nominative) ... ἑτέρου (another, genitive). This construction, where the genitive noun (ἑτέρου) is governed by the adjective (ἕτερος) in the nominative, creates a tight syntactic bond emphasizing the reciprocal nature of the conflict. The particle δέ (δ') serves as a connective, linking this statement to the preceding context of rising strife. The future tense indicates a prediction of inevitable social breakdown, a central theme in Hesiod's description of the decline of the Heroic Age into the Iron Age.",106
107,"Nor will there be any favor for the one who is a perjured witness or for the just and good man; rather, men will praise the evildoer and his hubris.","The sentence presents a stark moral inversion characteristic of Hesiod's critique of the 'Days of Judgment' or the decline of justice. The syntax utilizes a negative correlation structure (οὐδέ... οὐδέ...), which is expanded into a contrastive clause introduced by the adversative conjunction 'δέ' (rather/but) following the particle 'μᾶλλον' (more/even). This creates a chiastic movement in thought: the first clause negates the reward for virtue (both the perjurer's false oath and the good man's integrity are ignored), while the second clause affirms the social reward for vice. The term 'εὐόρκου' (perjured) is a specific legal and social term referring to someone who breaks an oath, a grave offense in Ancient Greek culture that undermines the social fabric. 'Χάρις' here denotes divine or social favor/recognition. The verb 'αἰνήσουσι' (they will praise) is used ironically; the 'men' (ἀνέρες) are not praised for virtue but are actively commending 'κακῶν ρήκτορα' (the breaker of evil/law) and 'ὕβριν' (hubris/arrogant violence), highlighting the complete collapse of ethical norms. The asyndeton between the two main clauses is avoided by the use of 'δέ', yet the contrast is sharp enough to function as a rhetorical antithesis.",107
108,"Justice will be in their hands, and awe will not exist.","This sentence employs a sharp contrast between two abstract concepts: δίκη (justice/right) and αἰδώς (awe/shame/modesty/respect). The phrase 'in their hands' (ἐν χερσί) is a powerful metaphor suggesting that justice is no longer an external, divine force governing human affairs, but has been reduced to a mere physical tool or burden held by corrupt men. The construction uses a parallelism where the first clause is affirmative and the second is negative, creating a tragic juxtaposition: while justice is physically present, the moral restraint (αἰδώς) that should accompany it has vanished. The particle δέ serves to contrast this statement with the preceding context, emphasizing the current state of affairs. The absence of αἰδώς signifies a complete breakdown of social and ethical order, a central theme in Hesiod's warning against injustice.",108
109,"The bad man will harm the better man with crooked words, speaking falsely, and he will swear an oath.","The sentence presents a sharp moral contrast between the 'bad man' (κακός) and the 'better man' (ἀρείων), a recurring theme in Hesiodic ethics where the distinction between the just and the unjust is paramount. The adjective ἀρείων, meaning 'better' or 'superior' in quality, is often used in the context of moral worth rather than mere physical strength. The phrase 'crooked words' (μύθοισιν σκολιοῖς) employs a metaphor of physical deformity to describe dishonesty; just as a crooked stick is twisted, so too are these lies. The participle ἐνεπών (speaking) is in the aorist tense, indicating the specific act of uttering these lies that constitutes the harm. The verb βλάψει (will harm) is future indicative, suggesting a prophetic or general truth about the consequences of such actions. The final clause, 'and he will swear an oath' (ἐπὶ δ' ὅρκον ὀμνύει), describes the mechanism by which the bad man attempts to legitimize his falsehoods; he combines perjury with slander to deceive the superior man. The structure utilizes asyndeton in the first clause (between the main verb and the participle) to tightly bind the act of harming with the manner in which it is done, while the second clause is coordinated with δέ to add a cumulative detail of the villain's behavior.",109
110,"And jealousy will be a companion to all wretched men, [a companion] of hard-footed, ill-glad, and hateful-of-look.","The sentence features a striking accumulation of epithets describing the personified 'jealousy' (ζηλος) as it attaches itself to humanity. The syntax employs a genitive absolute-like construction where the adjectives (δυσκελάδος, κακοχάρτος, στυγερώπης) modify the implied 'companion' (ὁμαρτήσει is a future active indicative of ὁμαρτάω, meaning 'to be a companion' or 'to join'), though the tree analysis suggests they are coordinated attributive modifiers to the subject or the predicate noun concept. The use of asyndeton (the lack of conjunctions between the three adjectives: 'hard-footed', 'ill-glad', and 'hateful-of-look') creates a rhythmic, oppressive list that mirrors the relentless nature of the jealousy itself. The compound adjective 'δυσκελάδος' (hard-footed) metaphorically suggests a relentless pursuer or one who brings trouble, while 'κακοχάρτος' (ill-glad) indicates a disposition that finds no joy. The term 'στυγερώπης' (hateful-of-look) personifies the emotion as having a repulsive appearance, reinforcing the idea that this jealousy is a visible, tangible evil that haunts the 'wretched' (οἰζυροῖσιν) men. The particle 'δέ' marks a continuation of the poet's didactic narrative, shifting focus to a new affliction.",110
111,"Then, indeed, going forth from the broad-bosomed earth to Olympus, veiling their beautiful skin with white veils, Justice and Retribution left behind the race of men.","The sentence employs a participle construction (καλυψαμένα, 'veiling') that modifies the subject of the main verb (ἴτον, 'they went'), describing the manner of their departure. The phrase 'broad-bosomed earth' (εὐρυοδείης χθονός) is a traditional Homeric and Hesiodic epithet emphasizing the earth's fertility and maternal capacity. The act of covering one's face or skin with white veils (λευκοῖσι φάρεσσι) is a significant cultural and ritual gesture in ancient Greece, symbolizing the transition from the mortal realm to the divine, or the withdrawal of a deity from human sight due to the moral decay of humanity. The sentence utilizes asyndeton in the list of deities (Aidōs and Nemesis) connected by 'and' (καί), which serves to emphasize the finality of their departure. The personification of abstract concepts like 'Shame/Modesty' (Aidōs) and 'Retribution/Indignation' (Nemesis) reflects the Greek belief in these forces as active, divine agents who maintain cosmic and social order. The use of the aorist participle προλιπόντ' (having left behind) alongside the main verb indicates a completed action that coincides with the journey, marking a definitive break between the divine and human spheres.",111
112,But grievous sorrows will remain for mortal men.,"The sentence employs the particle 'δέ' (de) to mark a sharp contrast with the preceding context (the disappearance of the Age of Gold and Silver), a common feature in Hesiodic narrative transitions. The verb 'λείψεται' (leipsetai) is a future middle indicative, here used with a passive sense ('will remain'), a usage typical in archaic poetry to denote a state of endurance or persistence. The adjective 'λυγρὰ' (lugra), meaning 'grievous' or 'wretched,' modifies 'ἄλγεα' (algēa, 'sorrows' or 'pains'), creating a strong emotional emphasis. The dative plural 'θνητο͂ς ἀνθρώποισι' ('for mortal men') functions as an indirect object or dative of advantage/disadvantage, highlighting the human condition as the recipient of these enduring miseries. The use of the dual or plural form for 'men' underscores the collective human experience rather than individual suffering.",112
113,But there will be no defense against evil.,"The sentence utilizes the future middle indicative form of εἰμί (ἐσται), which here functions as a copula with a predicative sense of existence or occurrence ('there will be'). The negative οὐκ is placed before the verb to deny the existence of the subject. The noun ἀλκή (strength, defense, aid) is in the nominative case, serving as the grammatical subject of the verb. It is modified by the adjective κακοῦ (of evil), which is in the genitive singular masculine/neuter, indicating the source or sphere of the evil against which the defense is lacking. The particle δέ (represented as δ') is a postpositive conjunction connecting this sentence to the preceding context, marking a contrast or continuation. The phrase encapsulates a recurring theme in Hesiodic wisdom literature: the inevitability of certain misfortunes once they arrive, emphasizing human powerlessness against the forces of evil (κακόν) without divine intervention. The structure is concise and absolute, lacking any conditional clauses, which heightens the fatalistic tone.",113
114,Now I shall utter praise to kings who think alike with themselves.,"The sentence employs the future indicative form ἐρεῶ (from λέγω) to announce the poet's immediate intention, a common feature in Hesiodic didactic poetry where the narrator addresses the audience directly. The dative plural βασιλεῦσιν functions as the indirect object of 'speaking/praising.' The participle φρονέουσι modifies βασιλεῦσιν, describing the kings as those who 'have understanding' or 'think well,' and is strengthened by the reflexive pronoun αὐτοῖς, which emphasizes that their thoughts are internally consistent or in agreement with their own nature. The particle δὲ marks a transition in the narrative flow, shifting from a previous topic to this new declaration. The syntax is straightforward, lacking complex rhetorical devices like chiasmus, but relies on the solemn tone typical of the Works and Days to establish the poet's authority.",114
115,"Thus the hawk spoke to the nightingale, the one with the variegated neck, carrying it high in the clouds, holding it fast with its claws.","This sentence exemplifies the use of the aorist participle φέρον (here φέρον) combined with a perfect active participle μεμαρπώς to depict simultaneous action and state. The phrase ποικιλοδέιρον (variegated-necked) is a characteristic Homeric-style epithet applied to the nightingale, emphasizing its physical beauty in contrast to its vulnerability. The syntax features a main verb προσέειπεν (spoke) governed by the adverbial participle φέρον (carrying), which is modified by the prepositional phrase ἐν νεφέεσσι (in the clouds) and the adverbial υψί (high). The perfect participle μεμαρπώς (having seized/grasped) describes the manner in which the hawk carries the nightingale, emphasizing the firmness of its grip with the instrumental dative οὐχέσσι (with claws). The sentence structure reflects the dramatic tension of the fable, where the hawk's dominance is conveyed through the physical imagery of height, clouds, and claws.",115
116,"And she, anointed with sharp-pointed claws, lamented.","The verb μύρετο is a middle voice imperfect, indicating a reflexive or self-directed action of anointing or perfuming oneself. In this specific context from Hesiod, the subject (likely a bird or creature, given the 'claws') is anointed not with pleasant oils, but with its own sharp claws, creating a striking image of self-inflicted pain or a grotesque transformation. The participle πεπαρμένη (perfected passive participle of πείρω, 'to pierce') agrees with the subject in gender, number, and case. The adjective γναμπτοῖσι ('bent' or 'sharp-pointed', often used for curved or hooked implements) modifies ὀνύχεσσι ('claws'), emphasizing the dangerous nature of the anointing agent. The sentence structure employs a participial phrase set off by commas to describe the manner or state of the subject at the moment of the main action (lamenting). The particle δ' serves a connective function, linking this event to the preceding narrative. The imagery evokes the physical sensation of being scratched or pierced by one's own appendages while mourning.",116
117,And she spoke to him this word of command.,"The particle 'ὅγ' (a variant of ὅ γε) functions as an emphatic nominative subject, often used in epic poetry to maintain metrical continuity or to add weight to the subject 'she' (Zeus's daughter, Persuasion, implied from context). The adjective 'ἐπικρατεῶς' is in the adverbial genitive, modifying the verb 'said' to indicate the manner or content of the speech—specifically, words that carry authority or command. The preposition 'πρός' with the accusative 'μῦθον' denotes the direction of the speech ('toward him'). The sentence exemplifies the formulaic style of Hesiod, where specific epithets and adverbs characterize divine or semi-divine actions. The syntax is straightforward, with the verb 'εἶπεν' governing both the direct object 'μῦθον' and the adverbial phrase, creating a concise expression of authoritative communication.",117
118,"You silent, fool, why have you ceased?","The adjective δαιμονίη (feminine vocative singular) is used here as a term of address, functioning as an epithet for a person; in this context, it conveys a sense of 'foolish' or 'mad' rather than the literal 'divine.' The verb λέληκας is the second-person singular perfect active indicative of λαλέω (to speak), indicating a state of having ceased speaking. The particle τί introduces an interrogative clause expressing surprise or indignation. The sentence employs direct address (vocative) and rhetorical questioning to emphasize the speaker's frustration at the addressee's sudden silence. The syntax reflects a common feature of archaic Greek poetry, where emotional intensity is conveyed through concise, fragmented exclamations and direct questions.",118
119,It has you as a much better man.,"This sentence exhibits a striking instance of personification where the abstract concept of 'Areion' (the better man or superior nature) is treated as an active agent ('it has') possessing the addressee. The particle 'ny' (νυ) is an enclitic particle of affirmation or emphasis, often used in poetry to connect the clause to the preceding context or to add a tone of certainty. The adjective 'polyon' (πολλόν) functions adverbially to modify the comparative 'areiōn' (ἀρείων), intensifying the degree of superiority ('much better'). The syntactic structure is notably concise, relying on the verb 'echō' (to have) with a subject complement rather than a copula, a common feature in Greek where possession or state is implied directly. The phrase encapsulates a moral imperative common in Hesiodic poetry: the recognition that one's own better nature is an internal possession that one must actively maintain or acknowledge.",119
120,"But this one is you whom I lead, even though you are a bard.","The sentence features a striking juxtaposition of the verb 'lead' (ἄγω) with the noun 'bard' (αἰδοῦς). The particle ἄν with the present indicative (ἄγω) here creates a sense of habitual or characteristic action, while the enclitic περ adds emphasis to the first-person subject, highlighting the speaker's agency. The relative clause structure 'whom I lead' (ὅν ἄγω) is elliptical, with the relative pronoun omitted but understood from the context of the syntax. The participle οὖσαν (being) functions as a predicative attribute, characterizing the addressee's identity as a singer or poet. The sentence reflects Hesiod's self-assertion of authority over the Muse or poetic tradition, asserting that even a bard is subject to his guidance.",120
121,"But I shall make a dinner, if I wish, or I shall let it pass.","The sentence presents a clear binary choice between two future actions: actively preparing a meal (ποιήσομαι) or abstaining from doing so (μεθήσω). The verb μεθήσω, derived from μεθίημι, here carries the idiomatic sense of 'to let go' or 'to let pass,' indicating the decision to forego the meal entirely. The conditional clause αἳ κ᾽ ἑλῶ (if I wish) is introduced by the particle αἴ ('if') combined with the optative of possibility κ᾽ (a contraction of ἄν) and the present indicative ἑλῶ (though the input glosses it as ἐθέλω, which is the standard form for 'I wish' in this context, often appearing as ἑλῶ in some manuscripts or dialectal variations, but here clearly functioning as the condition for the action). The use of the future tense for both main verbs highlights the speaker's agency in making a deliberate choice. The sentence is characterized by asyndeton in the main clause (though the conjunction ἢ is present, the structure is tight), and the rhythm suggests a proverbial tone, typical of Hesiod's didactic poetry where practical decisions regarding daily life are weighed. The punctuation in the source includes commas around the conditional clause, which is preserved in the translation to reflect the pause and the conditional nature of the statement.",121
122,"But a fool, whoever should wish to contend against those stronger, [will perish].","This sentence presents a gnomic statement typical of Hesiodic didactic poetry, offering general moral advice regarding social hierarchy and self-preservation. The term 'ἀφρών' (fool) is used not merely to denote a lack of intelligence, but specifically an inability to recognize one's place in the cosmic or social order; in the context of 'Works and Days,' this often implies a failure to heed the warnings of the poet or the gods. The relative clause 'ὃς κ᾽' (whoever) introduces a conditional generalization, where the particle 'κ᾽' (a crasis of 'ἄν') combined with the present subjunctive 'ἐθέλῃ' indicates a recurring or potential action rather than a specific past event. The verb 'ἀντιφρίζειν' (to contend against) suggests a direct, perhaps physical or legal, opposition. The prepositional phrase 'πρὸς κρείσσονας' (against the stronger/more powerful) highlights the central theme of the poem: the danger of challenging those with greater strength or status, a recurring motif in archaic Greek thought where hubris against the powerful leads to ruin. The sentence structure relies on a paratactic flow common in early Greek hexameter, where the subject ('ἀφρών') is immediately followed by its defining relative clause, creating a tight logical link between the identity of the fool and their specific destructive action.",122
123,"Victory is deprived of her strength, and toward shame she suffers pains.","The sentence exhibits a chiastic structure where the two predicates (στερέεται and πάσχει) are coordinated by the enclitic τε...τε (rendered here as τε...τ'), linking the loss of victory with the experience of suffering. The verb στερόμαι (to be deprived of) governs the genitive case (νίκης), indicating the thing from which the subject is deprived. The preposition πρός with the accusative (αἰσχέσιν, though the form is likely a textual variant or specific dialectal rendering of αἰσχύναν/αἰσχος in the accusative, here parsed as accusative plural neuter or a specific usage of αἰσχέσιν as accusative plural of αἰσχος) indicates direction or tendency ('toward shame'). The pairing of 'victory' and 'shame' (νίκη and αἰσχος) represents a fundamental moral dichotomy in Hesiodic poetry, contrasting the positive outcome of justice and hard work with the negative consequences of injustice and idleness. The phrase 'suffers pains' (ἄλγεα πάσχει) emphasizes the active suffering of the individual or the community as a direct result of this moral inversion.",123
124,"Thus spoke the swift-winged hawk, the long-winged bird.","The sentence employs a descriptive appositive structure where 'the long-winged bird' (τανυσιπτερος ορνις) clarifies and expands upon 'the swift-winged hawk' (ωκυπετης ιηρξ). The adjective 'ωκυπετης' (swift-winged) and 'τανυσιπτερος' (long-winged/extended-winged) both modify the bird, creating a layered epithet typical of archaic Greek epic poetry. The use of 'ως' (thus) at the beginning serves as a narrative connector, indicating the manner of speaking or concluding a previous action. The syntax features a subject-verb inversion with the subject appearing after the verb, a common feature in Homeric and Hesiodic verse for metrical reasons or to emphasize the manner of the speech act.",124
125,"Hearken, Perses, and listen to justice, but do not foster violence.","This sentence employs an apostrophe, directly addressing the addressee 'Perses' (the brother of the speaker) with the vocative case. The verb 'ακουε' (listen/hearken) is in the imperative mood, issuing a direct command. The noun 'δίκης' (of justice) is in the genitive case, functioning as the object of the verb of hearing, a construction common in Homeric and Hesiodic poetry where one 'listens to' abstract concepts or laws. The second clause introduces a negative command ('μὴ... ὀφέλλε') using the present imperative, which is typical for prohibitions against habitual or ongoing actions in Ancient Greek. The verb 'ὀφέλλω' literally means 'to heap up' or 'to increase,' here used metaphorically to mean 'to foster,' 'to encourage,' or 'to increase' hubris. 'ὕβριν' (hubris/violence/insolence) is the direct object. The sentence structure utilizes asyndeton (the omission of a conjunction between the two main clauses) to create a swift, forceful rhythm, though the particle 'δέ' appears attached to the negative particle 'μή' (forming 'μηδέ') to link the clauses logically. The tone is didactic, characteristic of Hesiod's instructional poetry, contrasting the positive value of 'díkē' (justice/order) with the destructive nature of 'hýbris' (arrogant violence).",125
126,For pride is a bad thing for cowardly men.,"The sentence employs the particle combination γάρ τε, where γάρ provides a causal or explanatory link to a preceding thought, and τε adds a connective force, often emphasizing the universality or truth of the statement. The noun ὕβρις (hubris/pride) is the subject, linked to the predicate adjective κακή (bad/evil) by an implied copula. The phrase δειλοῖσι βροτοῖσι uses the dative case to indicate the beneficiary or target of the condition (dative of reference or advantage/disadvantage). The adjective δειλοῖσι (cowardly) agrees with βροτοῖσι (men), creating a specific characterization of the type of humans for whom hubris is particularly detrimental. The line reflects Hesiod's moral didacticism, contrasting the destructive nature of excessive pride with the expected behavior of the community.",126
127,"But a good man cannot easily bear this, for he is crushed beneath it by the ruinous folly.","This sentence employs a chiastic structure in its logical flow, contrasting the capability of the 'good man' (ἐσθλός) with the crushing weight of 'ruin' (ἄτη). The particle combination μεν... δέ (here split by the negative οὐδέ) sets up a contrastive clause, while the addition of τε (θ') after the second conjunction βαρυθεί creates a cumulative effect emphasizing the force of the action. The verb ἄτη (ruin, folly, or delusion) is personified as an active force that strikes the individual; the participle ἐγκύρσας (having struck or hit upon) suggests a sudden, violent impact, akin to a ship striking a rock, which metaphorically aligns with the nautical imagery often found in Hesiod. The adjective βαρύθω (to be crushed or weighed down) is used passively here to describe the psychological and physical burden imposed by the divine or cosmic force of ἄτη. The adverb ῥαδίως (easily) negated by οὐ (not) highlights the inherent difficulty of maintaining virtue in the face of such overwhelming adversity.",127
128,But it is better to go by another road to justice.,"The sentence employs a comparative adjective (κρείσσων, 'better') with an infinitive (παρελθεῖν, 'to go by/pass') as the subject, a construction common in gnomic or proverbial statements. The word οὐδός (road/path) is in the nominative, functioning as the subject of the comparative, while the infinitive serves as the predicate nominative in this elliptical construction (literally: 'A road is better to go by another to the just things'). The phrase εἰς τὰ δίκαια ('to the just things') refers to the sphere of justice or right conduct. The particle δέ marks a contrast with the preceding context in the Works and Days, where Hesiod advises against the 'hard road' of strife and violence, suggesting instead the 'easy road' of justice. The use of 'another road' (ἑτέρῃ) highlights the dichotomy between the two paths available to humanity. The sentence structure is direct and imperative in tone, characteristic of Hesiod's didactic style, urging the listener to choose the path of justice over the path of force.",128
129,"Justice, having emerged to the very end, holds sway over Hubris.","This sentence personifies abstract concepts: Δίκη (Justice) and Ὕβρις (Hubris/Arrogance). In Greek thought, Ὕβρις represents excessive pride or violence that disrupts the cosmic order, while Δίκη represents the restoring force of law and balance. The participle ἐξελθοῦσα (having gone out/emerged) modifies Δίκη, describing her as an active agent who has fully revealed herself or completed a process of manifestation before asserting dominance. The preposition ὑπέρ (over) combined with the verb ἔσχει (holds/has) creates a sense of total subjugation. The phrase ἐς τέλος (to the end/utterly) emphasizes the completeness of Justice's triumph. The sentence structure employs a clear subject-verb-object order with a modifying participle, typical of Hesiod's didactic style which aims to present moral truths as inevitable cosmic laws.",129
130,"But even the foolish man, having suffered, came to know.","The sentence employs a participle construction (παθών, 'having suffered') functioning adverbially to indicate the cause or temporal circumstance of the main verb (ἔγνω, 'came to know'). The subject, νήπιος ('foolish' or 'childish'), is an adjective used substantively. The particle combination δέ τε creates a compound connective, often used in Homeric and Hesiodic poetry to link clauses while adding a slight emphatic or continuative tone; here, δέ provides the adversative or connective transition, while τε adds a collective or emphatic force. The syntax reflects a common gnomic pattern in Hesiod: experience (suffering) leads to wisdom, even for those naturally lacking in understanding. The word order places the participle first for emphasis on the prior action, a stylistic feature typical of archaic Greek poetry to highlight the causal relationship.",130
131,For immediately the Oath runs along with crooked judgments.,"This sentence personifies the Oath (Ὄρκος) as a swift, pursuing entity, a common motif in archaic Greek literature where abstract concepts are treated as active divine forces. The adverb αὐτίκα (immediately) combined with the verb τρέχει (runs) emphasizes the swiftness of retribution. The phrase σκολίῃσιν δίκῃσιν (with crooked judgments) is a striking oxymoron; 'crooked' (σκολιός) typically describes physical curvature or moral deviation, here characterizing unjust legal proceedings. The use of the dative plural with ἅμα (along with) indicates accompaniment, suggesting that the Oath moves in step with these unjust decisions, implying that injustice inevitably summons divine punishment. The particle γάρ provides a causal link to the preceding context, explaining why the speaker warns against such behavior.",131
132,"When Justice is dragged along, and men who eat bribes judge crooked judgments.","The sentence employs a temporal clause introduced by the participle ἐλκομένης (dragged/pulled), which is personified as Justice (Δίκης). The main clause describes the actions of 'bribe-eating men' (δωροφάγοι), a compound adjective vividly depicting corrupt judges who consume the gifts offered to them. The syntax contrasts the passive suffering of Justice with the active, corrupt agency of the judges. The phrase 'crooked judgments' (σκολιῆς δίκης) uses the adjective σκολιός (crooked, twisted) to metaphorically describe perverted justice, creating a strong antithesis with the expected straightness of law. The structure relies on a participial construction to set the scene for the corruption, emphasizing the causal link between the dragging of Justice and the perversion of legal proceedings.",132
133,"But she follows, weeping, the city and the customs of the people, having put on the air, bringing evil to men, who have driven her out and have not assigned her her due portion.","This sentence personifies the spirit of Justice (Dike) as a female figure following the city. The syntax employs a series of present participles (κλαιούσα 'weeping', εἰσαμένη 'having put on', φέρουσα 'bringing') to describe her actions and state simultaneously with the main verb (ἔπεται 'follows'). The phrase εἰσαμένη αἰθέρα (literally 'having put on the air') is a striking metaphorical expression, often interpreted as her clothing herself with the atmosphere or the divine air she inhabits, emphasizing her ethereal nature. The relative clause introduced by οἵ τε... καὶ... (who... and...) contrasts the men's rejection of Justice with their failure to give her her 'due portion' (ἰθείαν ἔνειμαν), a reference to the traditional concept of divine allotment or fair share (μοῖρα). The use of the dative plural αὐτοῖς (implied in the context of 'men') and the verb νέμω (to assign/allot) highlights the social and religious breach caused by injustice.",133
134,"But they give straight judgments to strangers and to fellow-citizens, and do not in any way transgress what is just; for that city flourishes, and the people flower within it.","This sentence illustrates the central Hesiodic theme of the causal relationship between justice (díkē) and civic prosperity. The verb θάλλω (to flourish, to bloom) and its cognate participle ἀνθεύω (to flower) create a deliberate botanical metaphor, suggesting that a just city grows and thrives like a healthy plant, whereas injustice leads to withering. The syntax employs a clear causal connection: the flourishing of the city (τοῖσι τεθήλε πόλις) is the direct result of the judges' adherence to straight justice (εὐθείας δίκας). Stylistically, the sentence features a balanced structure where the actions of the judges (giving straight judgments and not transgressing) are paralleled by the positive outcome for the polis. The phrase 'within it' (ἐν αὐτῇ) emphasizes the internal, organic nature of this prosperity, confined to the community itself. The use of the dative plural for 'strangers' (ξένοισι) and 'fellow-citizens' (ἐνδημοῖσι) highlights the universal scope of justice required, extending protection even to those outside the immediate kinship group.",134
135,"Peace, who nurtures the young, shall go throughout the land, and broad-eyed Zeus will not for them ever devise grievous war.","This sentence employs a striking contrast between the personification of Peace (Εἰρήνη) and the active agency of Zeus. The epithet 'κουροτρόφος' (nurser of youths) is particularly significant in Hesiodic theology, as it links the abstract concept of peace directly to the continuity of human life and the next generation. The verb 'τεκμαίρεται' (to conjecture, devise, or determine) suggests that war is not an inevitable natural force but a specific decision made by Zeus, which he chooses to withhold in this context. The phrase 'εὐρυόπα Ζεύς' (broad-eyed Zeus) uses a standard Homeric/Hesiodic epithet emphasizing divine omniscience, reinforcing the idea that the cessation of war is a deliberate, all-seeing divine act. Stylistically, the sentence features a clear asyndeton between the two main clauses, joined only by the enclitic particle 'δέ', creating a rhythmic juxtaposition of the gentle presence of Peace and the restrained power of Zeus.",135
136,"Nor will famine ever pursue righteous men along with men, nor will ruin, but the works of those concerned with feasts are allotted.","This sentence presents a sharp contrast between two modes of existence using a parallel negative-positive structure. The first clause employs a double negative construction (οὐ -δε... οὐ -δε) to emphatically deny the presence of 'famine' (λιμὸς) and 'ruin' (ἄτη) among the righteous. The verb ὀπηδεῖ (to pursue or follow) personifies famine as a relentless follower. The second clause introduces a shift with the particle δε (but), contrasting the fate of the just with that of the feasting crowd. The phrase θαλίῃς... μεμηλότα ἔργα (the works of those concerned with feasts) utilizes a genitive of reference or quality to describe the specific activities of the wicked, implying that their labor is exclusively directed toward gluttony and excess rather than productive sustenance. The syntax relies on asyndeton between the two main clauses, enhancing the rhythmic contrast between the blessed state of the righteous and the doomed state of the feasters. The use of the dative plural ἀνδράσι with μετ’ suggests accompaniment, indicating that famine does not follow them even when they are in company.",136
137,To them the earth bears much livelihood; but the oak in the mountains bears acorns at its top and bees in its midst.,"This sentence employs a clear chiastic structure in the description of the oak: the top (ἄκρη) is associated with acorns (βαλάνους), while the midst (μέσση) is associated with bees (μελίσσας). The particle combination μέν...τε (men...te) in the second clause reinforces the contrast introduced by μέν...δέ (men...de) between the earth and the mountains. The term βίον (livelihood/subsistence) in the first clause contrasts with the specific products of the oak, highlighting the diverse resources provided by nature. The use of the dative plural οὐρέσι (mountains) as an adverbial modifier indicates the location of the oak, emphasizing the verticality of the landscape.",137
138,But the wool-shearing sheep are weighed down by their fleece.,"The sentence employs a striking paradoxical image characteristic of Hesiod's agricultural realism: the sheep are described as 'wool-shearing' (ειροποκοι), yet they are currently burdened (καταβεβριθασιν) by the very fleece that is the source of their utility. The verb καταβριθω (to weigh down heavily), here in the perfect tense, emphasizes the resulting state of heaviness rather than the action of weighing. The adjective ειροποκοι functions attributively, modifying the subject οιες (sheep). The particle δε serves as a connective, linking this description to the preceding context of the seasonal cycle, likely contrasting the sheep's current heavy state with the labor of shearing or the subsequent lightness after cutting. The phrase highlights the physical reality of the animal's condition prior to the harvest of wool.",138
139,But women bear children resembling their parents.,"This sentence illustrates the use of the present indicative active (τίκτουσιν) to express a general truth or habitual action, a common feature in didactic poetry like Hesiod's Works and Days. The adverbial particle 'δέ' (but/and) serves a connective function here, linking this statement to preceding context regarding the nature of human reproduction or the succession of generations. The participle 'εἰκότα' (resembling), derived from 'ἔοικα', functions as an attributive modifier agreeing with 'τέκνα' (children) in gender, number, and case, emphasizing the hereditary likeness between offspring and their progenitors. The dative plural 'γονεῦσιν' (parents) acts as the object of comparison for the participle, a construction where the dative denotes the standard of resemblance. The sentence structure is straightforward, relying on the semantic relationship between the verb of birth and the participle of likeness to convey the concept of familial inheritance without the need for a relative clause.",139
140,and they flourish perpetually for the good.,"The verb θαλλουσιν (they flourish/bloom) is in the present indicative active, third person plural, describing the ongoing state of prosperity. The enclitic particle δε (transliterated here as 'and' or 'but' depending on context, here functioning as a connective) links this clause to the preceding context regarding the fate of different generations. The adjective ἀγαθοῖσι is in the dative plural, functioning as a dative of advantage (or dative of interest), indicating for whom the flourishing occurs ('for the good men'). The adverb διαμπερες means 'continuously,' 'throughout,' or 'perpetually,' emphasizing the unbroken nature of this flourishing. The sentence exhibits a concise, gnomic style typical of Hesiodic wisdom poetry, contrasting the fleeting nature of the bad with the enduring nature of the good.",140
141,"But on ships they do not dwell, but the life-giving earth brings forth fruit.","This sentence presents a sharp contrast between the instability of seafaring life and the fertility of the land, a central theme in Hesiod's didactic poetry. The construction relies on the coordinating conjunction δε (but) to juxtapose two clauses: the first negates the idea of dwelling (νίσσονται) on ships (νηῶν), while the second affirms the productive capacity of the earth (ἄρουρα). The epithet ζείδωρος (life-giving or moisture-bearing) is a significant poetic compound often applied to the earth or rain, emphasizing the earth's role as the source of sustenance. The syntax features a clear asyndeton between the two main clauses (separated only by the comma and the conjunction δε), creating a rhythmic balance. The verb νίσσονται is a present middle/passive form meaning 'to dwell' or 'to settle,' here emphasizing the habitual nature of the sailors' transient lifestyle versus the permanent, generative nature of the agricultural cycle.",141
142,"To those whom pride and shameful deeds are a concern, to those the son of Kronos, Zeus of the broad eyes, judges justice.","The sentence employs a clear antithetical structure, contrasting the fate of the unjust with the divine judgment of Zeus. The relative clause begins with 'οἷς' (to whom), setting up a parallel with 'τοῖς' (to those) in the main clause, creating a chiasmus-like balance between the subjects of the two clauses. The term 'ὕβρις' (hubris) is central to Hesiodic ethics, representing not just arrogance but the overstepping of natural and social boundaries. 'Σχετλία' (shameful/insolent) modifies 'ἔργα' (deeds), emphasizing the moral corruption associated with such actions. The epithet 'εὐρυόπα' (broad-eyed) is a traditional Homeric and Hesiodic attribute of Zeus, highlighting his all-seeing nature, which reinforces his role as the ultimate arbiter of justice ('δίκην'). The verb 'τεκμαίρεται' (judges/determines) suggests a process of discernment or proof, indicating that Zeus actively evaluates and renders judgment based on the deeds mentioned.",142
143,Often and the entire city suffers evil from a man who devises lawless deeds and transgressions.,"The sentence employs a collective subject ('the entire city') to illustrate the communal consequences of individual moral failure, a central theme in Hesiodic didactic poetry. The relative clause introduced by 'ὅς' (who) defines the specific type of man responsible: one who 'devises' (μηχανάαται) actions that are both 'lawless' (ἀλιτραίνω, literally 'doing unlawful things') and 'transgressive' (ἀτάσθαλος, implying hubris or shameless arrogance). The use of the future/dynamic sense in the relative clause (with the particle κεν) suggests a general truth or habitual action rather than a specific past event. The juxtaposition of the city's suffering with the active devising of evil highlights the causal link between individual hubris and communal ruin. The adverb 'often' (πολλακί) sets the frequency of this social phenomenon, reinforcing the idea that such moral corruption is a recurring threat to the polis.",143
144,"To these, from the heavens, the son of Cronus brought great trouble, famine and plague together.","The sentence employs a chiasmic structure in its word order, placing the subject (Κρονίωνα) after the verb (επηγάγε) and before the direct object (πῆμα), while the adverbial phrase (οὐρανόθεν) precedes the verb. The use of the dative plural τοῖσιν refers back to the generation of men mentioned previously in the text, specifically the Iron Race. The term πῆμα (trouble/misfortune) acts as a hyperbolic umbrella term encompassing the specific disasters of λιμός (famine) and λοιμός (plague), which are joined by the coordinating conjunction καί. The adverb ὁμοῦ emphasizes the simultaneous and collective nature of these calamities, a common motif in Hesiodic descriptions of divine retribution. The epithet Κρονίων (son of Cronus) is a standard periphrastic reference to Zeus, highlighting his role as the supreme arbiter of justice who sends these punishments from the celestial realm.",144
145,And the people wither away.,"The verb ἀποφθινύθω (apophthnuthō) is a compound of ἀπό (apó, 'away') and φθινύθω (phthinýthō, 'to waste away' or 'to perish'), conveying a sense of gradual decay or decline, often used in agricultural or ecological contexts regarding the fading of life or vegetation. The subject λαοί (laoi, 'peoples' or 'multitudes') is in the nominative plural, indicating a collective group subject. The particle δέ (de) functions as a connective, linking this clause to preceding context, often translated as 'but,' 'and,' or 'now,' and signals a continuation or slight shift in the narrative flow. The sentence exemplifies Hesiod's characteristic use of vivid, natural imagery to describe human or societal conditions, here metaphorically linking the decline of the populace to the withering of crops or nature, a recurring theme in Works and Days when discussing the effects of justice or injustice.",145
146,"No, women do not bear [such children]; but in the houses of Zeus of Olympus they diminish with the mind of Zeus.","This sentence presents a striking syntactic and semantic contrast. The initial negative particle οὐ (ou) is enclitic to the first word, emphasizing the negation of the previous statement (that women are the source of good). The sentence employs asyndeton in the second clause, where the conjunction δέ (de) is repeated for emphasis and rhythm (anaphora of the particle), creating a balanced, antithetical structure between the negation of women's generative power and the affirmation of the decline of the 'race' or 'household' through divine agency. The verb μινύθω (minuthō) is used here in its intransitive sense of 'to diminish' or 'wither,' referring to the decline of the human race or the household's prosperity. The phrase 'with the mind of Zeus' (Ζηνὸς φραδμοσύνῃσιν) uses an instrumental dative to indicate the means by which this diminution occurs, attributing the cause directly to the will or intellect of the Olympian god. The repetition of Zeus's epithet 'Olympian' (Ὀλυμπίου) reinforces his supreme authority over this process.",146
147,"But sometimes he lost their broad army, or the one lost the wall, or Zeus, son of Cronus, rids them of ships in the sea.","This sentence presents a striking syntactic and semantic disjunction characteristic of Hesiodic gnomic poetry. The initial clause ('he lost their broad army') and the second clause ('the one lost the wall') appear to be elliptical or corrupted in transmission, as the subjects and verbs do not align logically with the third clause ('Zeus... rids them'). The particle ἄλλοτε... αὖτε ('sometimes... again') sets up a contrast of time or occurrence, while the repeated ἤ ('or') introduces a series of alternatives that seem to break down into separate, unconnected events. The phrase εὐρὺν στρατόν ('broad army') is a common epic epithet, while τεῖχος ('wall') likely refers to fortifications or a city's defenses. The final clause shifts to a clear subject (Κρονίδης, Zeus) and a middle voice verb (ἀποαίνυται), suggesting a divine intervention that removes ships from the sea, perhaps alluding to storm destruction or divine punishment. The sentence may exhibit asyndeton in the middle clauses, though the presence of ἤ suggests coordination rather than pure asyndeton. The abrupt shift from human agency ('he lost', 'the one lost') to divine action ('Zeus rids') highlights the unpredictability of fate and the power of the gods in Hesiod's worldview.",147
148,"O kings, you yourselves must carefully observe this judgment.","The vocative plural 'βασιλεῖς' (kings) addresses the addressees directly, invoking their authority and responsibility. The verb 'καταφράζεσθε' (observe carefully, consider deeply) is in the present middle/passive imperative form, conveying a strong, ongoing command rather than a one-time action; it implies a duty to scrutinize or judge with care. The enclitic particle 'δέ' introduces a contrast or transition, emphasizing that the kings are the specific agents who must act. The intensifier 'αὐτοί' (yourselves) reinforces the personal responsibility of the addressees, excluding any delegation of this duty. The demonstrative 'τήνδε' (this) combined with 'δίκην' (judgment/law/right) points to a specific, immediate legal or moral principle being discussed in the surrounding context of the Works and Days. The sentence exhibits a direct, authoritative tone characteristic of Hesiod's didactic poetry, where the poet assumes the role of a moral instructor addressing the ruling class.",148
149,"For close to men, dwelling among them, the immortals are perceived, who, rubbing one another on crooked judgments, do not gather the vengeance of the gods.","This sentence features a complex participial construction where the main verb, φράζονται ('are perceived/observed'), is in the passive voice, indicating that the actions of humans reveal the presence of the gods. The phrase 'rubbing one another' (τριβουσι αλληλους) is a vivid metaphor for the act of litigating or causing strife in a legal context, while 'crooked judgments' (σκολιαῖσι δίκῃσι) serves as a strong moral indictment of judicial corruption. The poet employs a chiasmus-like structure in the moral logic: the gods are near, yet humans, by ignoring divine vengeance (οὔπιν), act with impunity. The participle 'not gathering' (ἀλέγοντες) functions as an adverbial modifier of manner or attendant circumstance to the act of litigating crookedly. The use of the dative plural 'among men' (ἄνθρωποισιν) emphasizes the immanence of the divine in human affairs. The sentence illustrates Hesiod's recurring theme that justice is a cosmic force that cannot be escaped.",149
150,"For three times ten thousand are the immortal guardians of mortals, upon the earth that bears much grain.","This sentence describes the function of the spirits (daimones) who serve as guardians of justice and human conduct. The number 'three times ten thousand' (tri̓s murioi) is a conventional hyperbolic figure in archaic Greek poetry used to denote a vast, uncountable multitude, rather than a literal count. The epithet 'polybotera' (πολυβοτείρη), meaning 'rich in grain' or 'much-plowed,' is a traditional Homeric and Hesiodic formula for the earth, highlighting its role as the provider of sustenance. The syntax places the adverbial phrase 'epi chthoni' (upon the earth) immediately after the verb, while the genitive phrase 'thnētōn anthrōpōn' (of mortals) is separated from the head noun 'phyłakes' (guardians) by the possessive genitive 'Zēnos' (of Zeus), creating a slight delay that emphasizes the divine authority of these guardians before revealing their human subjects.",150
151,"For they, having put on the air as a garment, keep judgments and wicked deeds, going everywhere upon the earth.","The sentence describes the nature of the Dikai (Goddesses of Justice) or the Daimones (spirits) who act as guardians of justice in Hesiod's cosmology. The phrase 'having put on the air as a garment' (ἠέρα ἐσσάμενοι) utilizes the verb ἐννύμι, which typically means 'to clothe' or 'to put on,' here metaphorically describing their ethereal, atmospheric nature. The conjunction τε...καί (te...kai) creates a balanced coordination between 'judgments' (δικας) and 'wicked deeds' (σχέτλια ἔργα), highlighting their omniscient role in observing both righteous and unjust actions. The adverbial participle φοιτῶντες (going about/wandering) combined with the adverb πᾶντη (everywhere) and the prepositional phrase ἐπ’ αἴαν (upon the earth) emphasizes their ubiquitous presence across the entire world, a common motif in ancient Greek thought regarding divine or semi-divine observers.",151
152,"And Justice is a maiden, born of Zeus, glorious and revered, whom the gods who hold Olympus respect.","The sentence personifies Justice (Dikē) as a virgin maiden (parthenos), a common motif in archaic Greek thought where abstract concepts are depicted as divine female figures. The epithet 'glorious and revered' (kydretē te aidōiē te) utilizes asyndeton (the omission of a conjunction between the two adjectives) to create a rhythmic pause, emphasizing the dual nature of her status: both powerful (glorious) and morally constrained (revered). The use of the particle 'te' in 'te...te' (implied in the second 'te' attached to 'aidōiē' via 't'') often links coordinate elements, though here it is split. The relative clause 'whom the gods who hold Olympus respect' employs a chiasmus-like structure in the relationship between the subject (gods) and the object (Justice) through the participial phrase 'holding Olympus' modifying the gods. The term 'aidōiē' (revered/shamed) carries a specific cultural weight, referring to the sense of shame or respect that regulates social behavior in ancient Greek ethics. The sentence ends with a period, marking the conclusion of this descriptive clause.",152
153,"And whenever anyone harms her crookedly, calling her names, immediately she sits beside her father, Zeus the Father, and reports to Cronion the unjust mind of men, so that the people may pay the penalty for the lawlessness of kings, who, thinking evil thoughts against one another, twist justice crookedly when they speak.","This passage vividly personifies Dike (Justice) as a figure who flees to Olympus to report human corruption to Zeus. The syntax employs a series of participial phrases (ονοτάζων, καθεζομένη, νοεύντες, ἐνέποντες) to create a dense, flowing narrative that mirrors the complexity of the corruption being described. A striking feature is the repetition of the adverb σκολίως (crookedly/askew) at the beginning of the clause describing the harm to Dike and at the very end describing the perverting of justice by kings; this framing device emphasizes the perversion of the natural order. The phrase 'calling her names' (ονοτάζων) is often interpreted not just as verbal abuse but as a specific act of misnaming or slandering Justice, treating her as a victim. The use of the future subjunctive ἀποτίση (may pay) within the purpose clause (ὀφρα) highlights the theological expectation of retribution, where the collective community (δῆμος) suffers for the specific crimes of the ruling class (βασιλεῖς). The description of the kings thinking 'evil things' (λυγρα) against one another (ἀλλήλῃ) suggests a breakdown of social cohesion among the elite, a central theme in Hesiod's didactic poetry.",153
154,"Keeping these things in mind, O kings, render straight judgments, you who are gift-devouring, and entirely forget crooked judgments.","This sentence employs a strong apostrophe ('O kings') to directly address the addressees, emphasizing the gravity of the instruction. The participle 'φυλασσομένοι' (keeping/watching) functions adverbially, setting the condition for the main imperative verbs. The poet uses a sharp, stinging epithet 'δωροφάγοι' (gift-devouring) to criticize the kings for their corruption, implying they consume bribes rather than justice. This is followed by a contrast between 'straight' (ἰθύς) and 'crooked' (σκολιός) judgments, a common moral binary in archaic Greek literature. The construction 'ἐπι πανυ λάθεσθε' (entirely forget) uses a strong adverb to emphasize total neglect of justice, reinforcing the warning. The syntax flows from a conditional participle to a dual imperative structure, creating a rhythmic and authoritative tone typical of didactic poetry.",154
155,"For each man, the same evil is the craft of another who is crafting evil; but the bad counsel is worst for the one who counsels it.","This sentence employs a sophisticated chiasmus (crossing structure) in the first clause, where the subject 'evil' (κακά) and the participle 'crafting evil' (κακά τεύχων) mirror each other around the verbs and nouns, emphasizing the reciprocal nature of malicious action. The verb τεύχω, meaning 'to make' or 'to craft,' is used metaphorically here to describe the active production of harm or evil deeds. The second clause introduces a comparative superlative (κακίστη) to assert that bad advice is not merely bad, but the worst possible outcome for the advisor, highlighting the self-destructive nature of poor judgment in ancient Greek ethical thought. The use of the dative case for the person who acts or counsels (τῷ βουλευσαντι) underscores the personal responsibility for one's own thoughts and actions. The particle γάρ (here contracted to γ') indicates that this statement provides a reason or explanation for a preceding argument, likely concerning the consequences of envy or strife.",155
156,"For the eye of Zeus, having seen all things and having understood all things, and even these, if he should wish, he looks upon them; nor is anything hidden from him, how great a crime a city is committing within itself.","This sentence exhibits a sophisticated use of participial phrases to emphasize the omniscience of Zeus. The verbs 'seeing' (ιδών) and 'understanding' (νοήσας) are aorist participles that function adverbially, describing the manner in which Zeus observes; they are coordinated by 'and' (καί), creating a sense of completeness in his perception. The phrase 'even these' (καί τάδ') serves to include specific, perhaps contemporary, injustices within the scope of his all-seeing gaze. The conditional clause 'if he should wish' (αἴ κ᾽ ἐθέλησ᾽) introduces a subjunctive mood with the particle 'κ᾽' (an elision of ἄν), suggesting a hypothetical or potential action, though the context implies this action is inevitable. The sentence concludes with a relative clause introduced by 'how great' (οἵην), which functions as an exclamatory statement regarding the nature of the injustice. The word 'city' (πόλις) is the subject of the verb 'commits' (ἐργεῖ), and the adverb 'within' (ἐντός) highlights the internal corruption of the polis, a common theme in Hesiod's didactic poetry where civic justice is paramount. The syntax is complex, with multiple layers of subordination and coordination, reflecting the elevated style of Hesiodic verse.",156
157,"Now, may I myself be just among men, and may my son be just.","The sentence employs the optative mood of εἰμί (εἴην) to express a prayer or wish, a common feature in Hesiod's didactic poetry where the speaker invokes divine favor or moral ideals. The structure is balanced, using the conjunction τε...τε ('both...and') to link two parallel subjects: 'I myself' (ἐγὼ αὐτός) and 'my son' (ἐμὸς υἱός). The reflexive intensive αὐτός emphasizes the speaker's personal commitment to justice. The phrase ἐν ἀνθρώποισι uses the dative plural of ἄνθρωπος, indicating the sphere in which the justice is to be maintained. The use of the optative here reflects a desire for a future state of righteousness, characteristic of the ethical exhortations found in Works and Days.",157
158,"For it is bad for a man to be just, if the unjust man will have a greater penalty.","This sentence presents a gnomic statement regarding the apparent injustice of the world, a common theme in Hesiodic didactic poetry where the speaker observes that virtue does not always yield immediate reward. The syntax relies on a causal clause introduced by ἐπεί (for/because) followed by an infinitival construction (κακόν εἶναι) where the subject of the infinitive (ἄνδρα) is in the accusative case, a standard feature of Ancient Greek infinitival clauses. The adjective κακόν functions as a predicate nominative to the infinitive. The second part of the sentence is a conditional clause introduced by εἰ (if), featuring a comparative adjective (μείζω) modifying the object (δίκην, meaning 'penalty' or 'punishment' in this context, rather than 'justice'). The particle γε is used with the comparative to emphasize the degree ('greater indeed'). The sentence structure creates a sharp contrast between the state of the just man (who suffers) and the unjust man (who gains), utilizing a chiastic relationship between the moral states (just/unjust) and their respective outcomes (bad/greater penalty).",158
159,But I do not yet think I will accomplish these things for cunning-minded Zeus.,"The sentence features the adverbial particle γ' (ge), which adds emphasis or limitation to the preceding element τα (accusative neuter plural of 'these/those things'), creating a contrastive tone often translated as 'even' or 'at least,' though here it reinforces the negative expectation. The phrase μητιοέοντα (mētioeonta) is an epithet for Zeus, literally 'cunning-minded' or 'planning,' a common Homeric and Hesiodic attribute highlighting divine wisdom and foresight. The use of the future infinitive τελεῖν (telein, 'to accomplish') with the verb ἐλπίζω (elpizō, 'to hope/think') reflects a future expectation denied by the negative οὐπω (oupō, 'not yet'). The syntax is straightforward, with Zeus as the implied beneficiary of the action, though the dative is not explicitly marked; the accusative τα serves as the direct object of the infinitive. The sentence structure emphasizes the speaker's uncertainty about fulfilling obligations to the divine, a recurring theme in Hesiod's didactic poetry where human effort and divine will intersect.",159
160,"O Perses, cast these things into your own mind, and indeed listen to Justice, but forget violence completely.","This sentence features a series of three imperative verbs directed at the addressee, Perses. The first verb, βαλλεο, is a middle imperative (2nd person singular), while the second and third, επακουε and επιληθεο, are active imperatives, though the latter is also middle in form in this specific context (or active with a middle sense depending on the specific textual tradition, here parsed as middle active). The construction 'ταυτα μετα φρεσι βαλλεο' (cast these things into the mind) is a vivid metaphorical idiom for internalizing advice or moral instruction. The phrase 'σησι' (your own) emphasizes personal ownership of the thought. The sentence employs a strong antithesis between 'dikēs' (Justice) and 'biēs' (violence/force), a central thematic dichotomy in Hesiod's Works and Days. The adverb 'pāmpān' (completely) at the end of the sentence creates a sense of finality and absolute rejection of violence. The particle 'de' connects the clauses, and 'nyn' (indeed) adds emphasis to the command to listen to Justice.",160
161,"For to men Kronion established this law: that fish and beasts and winged birds should eat one another, since there is no justice among them.","The sentence employs a triadic enumeration (fish, beasts, winged birds) which is typical of Hesiod's didactic style to establish a comprehensive natural order. The phrase 'winged birds' (πετεηνοῖς) acts as an appositive clarification to 'birds' (οἰωνοῖς), a stylistic device known as hendiadys or pleonasm used for emphasis. The use of the dative plural 'to men' (ἀνθρώποισι) alongside the accusative plural 'one another' (ἀλλήλους) highlights the contrast between the human condition and the animal kingdom. The central theological concept is 'Dike' (justice), which is explicitly stated as absent in the animal world; this absence is the rationale for the predatory nature of animals, distinguishing them from humans who are bound by Dike. The sentence structure uses an indirect statement introduced by the substantive participle 'eating' (ἔσθμεν) as the content of the 'law' (νόμον), a common syntactic construction in archaic Greek to express divine decrees.",161
162,"And he gave justice to men, which becomes the very best thing.","The sentence employs a relative clause introduced by the feminine singular relative pronoun ἥ (ἥ), which agrees in gender and number with the feminine accusative noun δίκην (justice) it modifies, though the antecedent is the entire preceding clause conceptually. The verb γίγνεται (becomes) is in the present middle/passive indicative, functioning as a gnomic present to state a timeless truth or general principle. The superlative adjective ἄριστη (best), derived from ἀγαθός, is modified by the adverbial accusative πολλόν, emphasizing the supreme quality of justice. The particle δέ connects this statement to the previous context, likely contrasting the gift of justice with the punishment of evil deeds or the fate of the wicked mentioned earlier. The syntax highlights the divine origin of justice (given by Zeus, though the subject is implied from context) and its enduring value to humanity.",162
163,"For if anyone wishes to speak of the just things, knowing them, wide-eyed Zeus will give him prosperity.","This sentence illustrates Hesiod's didactic emphasis on the relationship between human knowledge/justice (dikaiosyne) and divine reward. The phrase 'τα δίκαι' (the just things) refers to laws, customs, or principles of justice. The participle 'γιγνωσκων' (knowing) functions as an adverbial modifier indicating that the subject must possess prior knowledge or understanding of justice to successfully advocate for it. The use of 'ευρυοπα Ζευς' (broad-skyed Zeus) is a traditional Homeric epithet highlighting Zeus's supreme authority over the cosmos. The sentence structure employs a conditional clause introduced by 'ει' (if) with the particle 'κε' indicating potentiality, followed by the main clause where Zeus is the subject who 'gives' (διδωι) 'prosperity' (ολβον) to the individual. The particles 'μεν' and 'τε' (μέν τε) serve to connect the clauses smoothly, a common feature in archaic Greek poetry to maintain rhythm and cohesion.",163
164,"Whoever, giving false testimony, swears a perjury willingly, will lie, and having harmed a just judgment without remedy, the race of that man is left behind more obscure from then on.","This sentence presents a conditional warning against perjury and the corruption of justice. The syntax relies on a relative clause introduced by 'ὅς' (whoever) followed by a future indicative verb 'ψεύσεται' (will lie), a common structure in gnomic or prescriptive literature to describe general truths. The phrase 'ἐκὼν ἐπίορκον ὁμόσσας' (having sworn a perjury willingly) uses a perfect active participle to emphasize the voluntary nature of the oath-breaking, contrasting with the involuntary nature of being tricked. The middle voice 'ἄσση' (will suffer harm) combined with the adjective 'νήκεστον' (unhealed, incurable) suggests that the damage done to the legal process is irreversible. The final clause employs a comparative adjective 'αὐτοτερέρη' (more obscure/dim) to describe the fate of the perjurer's lineage ('γενεή'), indicating a hereditary shame or diminution of status that persists 'μετόπισθε' (from then on/afterwards). The sentence utilizes asyndeton in the main clauses, omitting conjunctions between the conditional result and the subsequent punishment, which heightens the rhythmic and solemn tone of the warning.",164
165,The generation of a man who is a good oath-taker is better from here on.,"The adjective εὐόρκος (euorkos) literally means 'good at swearing oaths' or 'swearing oaths correctly.' In the context of Hesiod's didactic poetry, this refers to the man who keeps his oaths and lives justly, as opposed to the violent and lawless men of the Iron Age. The sentence employs a comparative structure (αμείνων, 'better') which is central to Hesiod's argument about the degradation of human generations. The phrase μετόπισθεν ('from behind' or 'from here on') implies a temporal progression, suggesting that while the past generations (Silver, Bronze) had their flaws, this specific generation of the just man represents a superior moral standard, or perhaps that the future will be even worse, making the current just man a beacon of what remains. The syntax features a genitive of quality (αἰνδρός... εὐόρκου) modifying the subject 'generation' (γενεή).",165
166,"For you, I shall speak of good things, considering them, O great, foolish Perses.","The sentence features a vocative address (μεγά νηπιε Περση) that combines an intensifier (μεγα) with a pejorative adjective (νηπιε, 'foolish' or 'childish') to create a harsh, admonishing tone typical of Hesiodic didactic poetry. The participle νοεων ('considering' or 'thinking') is in the genitive absolute construction, though here it functions more closely as an adverbial participle modifying the main verb, indicating the mental state of the speaker as he speaks. The structure employs a chiasmus-like balance in the vocative, placing the adjective before the noun and the epithet 'great' modifying the 'foolish' one. The use of the first person singular future indicative (ερεω) contrasts with the second person dative (σοι), emphasizing the speaker's authority and the recipient's need for instruction. The term 'εσθλα' ('good things') refers to the moral and practical benefits of justice and hard work, central themes in Works and Days. The sentence serves as an introduction to the poet's advice, setting a tone of stern but benevolent correction.",166
167,"For this badness, you can indeed appease it easily.","The sentence features the enclitic particle 'τοι' (toi) which adds a personal, direct address to the listener, common in didactic poetry to engage the audience. The particle 'μέν' (men) sets up a contrast with a subsequent clause (typically 'δέ' or 'δέ') found later in the text, though here it stands alone to emphasize the possibility of the action. The verb 'ἑλέσθαι' (helhesthai) is the aorist infinitive of 'αἱρέω' (hairesō), meaning 'to take' or 'to choose,' but in this specific context with 'ἱλαδόν' (hiladōn, 'in a conciliatory manner'), it carries the sense of 'to appease' or 'to win over.' The adverb 'ῥηιδίως' (rēidōs) means 'easily' or 'readily,' highlighting the accessibility of the action. Stylistically, the sentence employs a balanced structure where the abstract noun 'κακότητα' (kakotēta, 'badness' or 'mischief') is immediately modified by the adjective 'ἱλαδόν' (hiladōn, 'appeasing'), creating a semantic link between the problem and its solution.",167
168,"The road is rough, yet she dwells very close.","This sentence illustrates a striking chiasmus in both meaning and syntax: the first clause describes the difficulty of the journey (the road being rough), while the second clause describes the accessibility of the destination (Dike, Justice, who is the implied subject of the verb 'dwells'). The particle 'μέν...δέ...' sets up a contrast between the arduous path and the proximity of the goal. The adjective 'λείη' (rough, dry, barren) is a hapax legomenon in Hesiod's extant works, chosen for its specific evocative quality of a path that is not merely difficult but arid and unyielding. The adverb 'μάλα' (very) intensifies 'ἐγγύθι' (near), creating a paradox: while the path is harsh, the destination is intimately close. This juxtaposition emphasizes the central theme of the Works and Days that Justice (Dike) is not far away for those who pursue her, despite the hardships of the moral and agricultural life.",168
169,For the immortals have placed sweat before virtue.,"The sentence presents a gnomic statement regarding the nature of human effort. The genitive τῆς ἀρετῆς ('of virtue') is governed by the adverb προπαρόθεν ('before'), creating a spatial metaphor where the gods have set the 'sweat' as a barrier or prerequisite that must be traversed to reach 'virtue' (excellence or moral worth). The construction τιθέναι τι προπαρόθεν ('to set something before') implies placing an obstacle in the way. The use of the dual or plural 'gods' (θεοὶ... ἀθάνατοι) emphasizes divine authority over the human condition. The word order places the direct object (ἱδρῶτα) before the verb and the prepositional phrase, a common feature in archaic poetry for emphasis, highlighting the toil required. The particle δέ serves as a connective, linking this maxim to the preceding context of the struggle between the two Strifes (Eris) described in the wider passage.",169
170,"And the path to it is long and straight, but rough at first.","The sentence employs a chiastic structure in its description of the journey's nature: the path is characterized as 'long and straight' (macrok kai orthios) before being contrasted with 'rough' (truchys). The use of the copulative particle 'de' (δέ) at the beginning connects this description to the preceding context of the labor required. The adjective 'orthios' (straight/upright) is significant in Hesiodic agriculture, often contrasting with the winding, difficult paths of the unproductive life or the path of Justice (Dike) versus the path of Force/Bias (Hybris). The phrase 'to prōton' (at first) functions adverbially, highlighting the initial difficulty of the virtuous or laborious path, a common motif in didactic poetry where the beginning of a good life or work is arduous but leads to ease later.",170
171,"When it reaches its peak, then it becomes easy, even though it was difficult.","The sentence employs a chiastic structure in its conceptual progression: the initial difficulty (χαλεπή) is contrasted with the final ease (ῥηιδίη), linked by the temporal marker 'when' (ἐπήν) and the consequential 'then' (δέ). The participle οὔσα (being) functions as a concessive clause, emphasizing that the current state of ease exists despite the past or inherent nature of difficulty. The particle περ adds emphasis to the adjective χαλεπή, highlighting the contrast. This aphoristic style is characteristic of Hesiod's didactic poetry, where agricultural or labor-related tasks are often described as arduous at the outset but rewarding and manageable once the effort has been sustained or the peak reached. The syntax uses a present indicative (πέλει) to describe the resulting state, while the participle (οὔσα) with the imperfect sense of 'was' or 'being' provides the concessive backdrop.",171
172,"This man is the best, who, having first thought out everything himself, sees that afterward these things are even better when brought to completion.","The sentence presents a gnomic statement contrasting the proactive planner with the passive observer. The phrase 'having first thought out everything himself' (νοήσας... αὐτὸς πάντα) highlights the virtue of foresight and independent reasoning, a central theme in Hesiodic didactic poetry. The syntax employs a participial clause (φρασάμενος) dependent on the relative clause, emphasizing the sequence of mental action followed by the realization of value. The use of the future indicative (ἔσται) combined with the particle ἄν (here contracted in the text as κ') in the relative clause indicates a general truth or recurring condition: the things that are carefully planned and then executed to their end are invariably superior. The adjective ἀμείνων (better) is in the comparative degree, suggesting an improvement over the initial state or over things that are not planned. The structure reflects a common Hesiodic motif: the superiority of the man who plans his actions (the 'wise man') over the one who acts without forethought.",172
173,"Good too is he, and that one, who listens to the one who speaks well.","This sentence employs a gnomic present indicative (πίθηται), a standard feature of Hesiodic didactic poetry used to express universal truths or general moral principles. The structure features a chiasmus-like balance in the relative clause: the agent of speaking (εἰπόντι, dative of the active participle) is the object of the action of listening (πίθηται), while the listener (ὅς, nominative relative pronoun) is the subject. The phrase 'εἰπόντι' functions as a dative of advantage or reference, indicating the person to whom one should give heed. The repetition of 'καί' (here split as 'κα- ... καί') serves to emphasize the inclusion of the listener among the 'good' (ἐσθλός), suggesting that wisdom and virtue are not merely inherent but are demonstrated through the act of heeding wise counsel. The sentence illustrates the Hesiodic ideal that social harmony and personal success depend on the ability to recognize and follow the advice of the wise.",173
174,"But he who neither thinks for himself nor, while listening to another, casts [a thought] into his heart—such a man is utterly useless.","This sentence illustrates a classic Hesiodic warning against intellectual passivity. The conditional clause employs a double negative construction (μηδέ... μηδέ...), reinforced by the particle τε (-τ') which creates a balanced, chiasmic rhythm between the two modes of failure: internal reflection (νοεῖν) and external reception (ἀκούειν). The verb βάλλω (to cast/throw) is used metaphorically here with ἐν θυμῷ (in the heart/mind), a common Homeric and Hesiodic collocation meaning to internalize or contemplate an idea. The main clause uses a demonstrative relative structure where the pronoun ὅ (ὁ) refers back to the entire conditional scenario, followed by the emphatic adverb αὖτε (again/also/in turn) to mark the consequence. The term ἀχρεῖος (useless/harmless) is a strong moral judgment in the context of Works and Days, where self-reliance and the ability to judge are paramount virtues for a farmer and a citizen. The syntax features a clear asyndeton in the main clause, where the subject and predicate are linked without a copula, a typical feature of gnomic statements in archaic poetry.",174
175,"But you, ever mindful of our command, work, Perses, divine race, so that hunger may not plague you, but may the revered Demeter, with the fair crown, love you and fill your fine house with food.","This passage exemplifies Hesiod's didactic style, employing direct address ('Perses') to warn against idleness and encourage labor. The syntax features a main imperative clause ('work') followed by a final clause introduced by 'ὥφρα' (so that), which contains a contrastive pair of subjunctive verbs ('may not plague' vs. 'may love'). The text uses asyndeton (the omission of conjunctions) in the final clause to create a rhythmic, emphatic balance between the negative consequence of hunger and the positive reward of Demeter. The epithets 'divine race' (διόγενες) and 'revered' (αἰδοίη) for Demeter, along with 'fair-crowned' (εὐστέφανος), are typical of the religious and honorific vocabulary used in archaic Greek poetry to elevate the status of the addressee and the deity. The phrase 'fill your fine house' (πιμπλησιν καλὴν) uses 'καλὴν' (beautiful/fine) not just for physical appearance but to denote a well-provisioned, prosperous household, a central theme in the Works and Days.",175
176,For hunger is altogether an ill-omened companion for a man.,"The sentence employs the causal particle γάρ to introduce a general truth or proverbial wisdom, a common feature in Hesiodic didactic poetry where the poet justifies his advice on hard work. The adjective σύμφορος is used here in the sense of 'conducive to' or 'fitting,' but in a negative context (often translated as 'ill-omened' or 'unfortunate'), indicating that hunger brings misfortune. The adverb πάμπαν ('altogether' or 'completely') intensifies the adjective, emphasizing the total incompatibility of idleness with survival. The construction places the abstract concept of 'hunger' (λιμὸς) as the subject and 'man' (ἀνήρ) as the indirect object of the predicative adjective, highlighting the universal vulnerability of the human condition to the consequences of laziness. The rhythm of the hexameter is preserved, with the caesura falling after γάρ.",176
177,"For the gods and men will be angry with him who lives idly, just as they are with drones, who, being idle, consume the labor of the bees.","This passage employs a vivid similitude (comparison) to illustrate the moral condemnation of idleness. The sentence structure is complex, utilizing a relative clause introduced by 'ὅς' (who) to define the subject of the main clause, followed by a participial construction ('ἐσθόντες') that describes the manner of the drones' action. The text relies heavily on the semantic field of labor versus idleness: 'καμάτων' (toil/labor) stands in direct opposition to 'ἀεργοὶ' (idle). The metaphor equates the human idler to a drone (κηφήν), a figure in Greek culture that was universally despised for consuming the fruits of others' work without contributing to the hive. The phrase 'ὀργὴν' (anger) functions as a cognate accusative or object of feeling, indicating the emotional response of the gods and men toward the idler. Stylistically, the sentence uses asyndeton (the omission of conjunctions between clauses) in the final section to accelerate the rhythm and emphasize the direct, parasitic nature of the drones' existence. The repetition of 'ἀεργοί' (idle) in both the main relative clause and the final participial phrase creates a chiasmus-like effect, reinforcing the central theme of uselessness.",177
178,"But let your work be dear and moderate to adorn, so that the beautiful nests of your life may increase.","This sentence exemplifies Hesiod's didactic style, using agricultural imagery to convey moral and practical wisdom. The phrase 'dear and moderate' (φιλ' ... μετρία) employs a chiasmus-like conceptual pairing of value and measure, a recurring theme in the Works and Days where moderation (metria) is the antidote to excess and strife. The verb κοσμεῖν (to adorn/order) is used transitively with 'work' as the object, suggesting that labor itself, when kept moderate, brings order and beauty to one's existence. The clause introduced by ὡς (so that) with the future indicative πληθώσονται (here in the form πληθώσι, likely a textual variant or dialectal form of πληθώσονται) creates a conditional promise: the 'beautiful nests' (καλιαὶ) is a metaphor for the fruits of labor and the prosperity of the household. The genitive βιοῦ (of life) modifies 'nests' to indicate the domain in which this growth occurs. The use of the enclitic δ' (but) after σοί marks a contrast with previous advice or the general state of the world, emphasizing personal responsibility.",178
179,"From works, indeed, men become rich and wealthy.","This sentence illustrates the central Hesiodic theme that labor (ἔργα) is the primary source of wealth and social standing. The adjective πολυμήλοιο (poly-mēlos), literally 'much-fleeced' or 'abounding in sheep,' is a poetic periphrasis for 'wealthy' or 'rich,' relying on the pastoral economy where livestock constituted the primary measure of affluence in Archaic Greece. The sentence employs asyndeton (the omission of a conjunction between clauses or phrases) at the beginning, creating a direct, proverbial tone. The use of τε... τε ('both... and') with the enclitic -τε on ἄνδρες (men) and αὐτοῖς (themselves) emphasizes the comprehensive nature of the wealth described. The particle δέ serves as a connective, linking this statement to the preceding context of toil, while τε acts as an emphatic particle here, reinforcing the assertion that wealth is an inevitable result of labor. The syntax highlights the causal relationship: the prepositional phrase 'from works' governs the subject 'men' and their resulting state of being 'rich and wealthy,' underscoring the moral imperative of work in Hesiod's didactic framework.",179
180,"And working, you will be much dearer to the immortals.","The sentence utilizes a present active participle (ἐργαζόμενοι) functioning as an adverbial modifier, indicating the condition or means by which the main predicate is achieved. The comparative adjective φίλτεροι ('dearer, more beloved') is modified by the adverb πολύ ('much'), emphasizing the degree of favor gained. The dative plural αθανάτοισιν ('to the immortals') serves as the indirect object or target of the affection. This construction reflects Hesiod's didactic style, linking moral or practical action (labor) directly to divine favor, a recurring theme in the Works and Days where toil is presented as the path to prosperity and divine approval.",180
181,"Work is no disgrace, but laziness is a disgrace.","This sentence employs a clear chiasmus in its structure, contrasting 'work' (ἔργον) with 'disgrace' (ὀνειδος) in the first clause, and then reversing the order in the second clause with 'laziness' (ἀεργίη) and 'disgrace' (ὀνειδος). The use of the negative particle οὐδέν emphasizes the absolute nature of the statement regarding work. The conjunction τε (τ') following ἀεργίη adds a slight emphatic tone, linking the two ideas closely. The sentence reflects the moral and social values of ancient Greek culture, where labor was highly regarded and idleness was considered shameful. The repetition of ὀνειδος reinforces the central theme of the passage.",181
182,"If you work, the idle man will soon envy you while you are becoming rich.","This sentence illustrates the typical Hesiodic admonition regarding the value of labor (erga) versus idleness (aergos). The conditional clause (εἰ + future indicative with ἄν/κε) establishes a general truth rather than a specific future event. The main verb ζηλώσει (will envy) is in the future indicative, indicating the inevitable consequence. The subject of the main clause, αἰργός (the idle man), is placed in a position of emphasis, contrasting sharply with the active worker. The participle πλουτεύοντα (becoming rich/being rich) is in the present tense, suggesting a continuous process of gaining wealth through labor, which is the specific trigger for the envy of the lazy. The adverb ταχέως (soon) heightens the immediacy of the reaction. Stylistically, the sentence uses a clear antithesis between the active worker and the idle man to reinforce the moral lesson that hard work inevitably attracts the attention and resentment of those who do nothing.",182
183,And wealth follows virtue and glory.,"This sentence employs a chiasmus in its semantic structure, where the abstract qualities of 'virtue' (ἀρετή) and 'glory' (κύδος) are presented as the driving force that 'follows' (ὀπαδεῖ) the resulting state of 'wealth' (πλοῦτος), though syntactically wealth is the direct object of the verb. The verb ὀπαδεῖ (from ὀπαδέω) literally means 'to follow as a servant' or 'to attend upon,' implying that wealth is not an independent entity but a dependent attendant that trails behind moral excellence and honor. The enclitic particle δέ (δ') connects this thought to a preceding context, likely contrasting this path with the path of vice or idleness described in the surrounding lines. The use of the present tense indicates a general, timeless truth rather than a specific historical event. Stylistically, the sentence reflects the didactic nature of the genre, presenting moral causality in a concise, aphoristic form typical of Hesiodic wisdom.",183
184,"But you are alone, having a deity; it is better to work, if you should turn your thoughtless spirit from another's possessions into work, practicing the care of life, as I command you.","The sentence employs the dative δαιμόνι (daimoni) to denote a divine power or fate that governs the individual, a common Hesiodic concept where human success is linked to the favor of a personal daimon. The construction uses a gnomic aorist participle (τρεψας - trepsas) within a conditional clause introduced by εἰ κεν (ei ken), indicating a hypothetical action that leads to a general truth. The phrase αἰσιφρόνα θυμόν (aisiphrona thumon) is an oxymoron or ironic descriptor; 'aisiphron' literally means 'mindful of fate' or 'wise,' but here it is used in the negative sense of 'thoughtless' or 'foolish' regarding one's own labor, contrasting with the 'work' (ergon) that brings order. The text uses the verb μελετάω (meletaō) with the genitive βίου (bio), meaning 'to practice' or 'care for' one's life, highlighting the ethical imperative of self-sufficiency. The sentence structure is a mix of direct address and imperative advice, typical of didactic poetry, where the poet acts as a moral guide. The use of asyndeton (lack of conjunctions) between the main clauses contributes to the rhythmic urgency of the instruction.",184
185,"Shame does not bring a man who has used it to good; shame, which both greatly benefits men and is beneficial.","The sentence presents a gnomic statement on the virtue of 'aidōs' (shame/reverence/modesty). The syntax features a relative clause (ἥ ... σίνεται ... ἠδ' ὀνίνησιν) that appositively defines the subject 'aidōs' and elaborates on its dual function. The relative clause employs asyndeton (the omission of a conjunction between 'μεγά' and 'συνάγει' is not present, but the structure relies on the particle 'τε' and 'ἠδέ' to coordinate the two predicates). The phrase 'μεγά σίνεται' uses the adverb 'μεγά' (greatly) to intensify the verb 'συνάγει' (to gather/benefit). The repetition of 'aidōs' serves as an anaphoric emphasis, reinforcing the subject. The verb 'κομίζει' (brings, provides) is used in a moral context, suggesting the acquisition of a positive state or reward. The construction 'κεχρημένον' (having used) is a perfect middle participle, indicating a man who has actively employed or possessed this virtue. The sentence highlights the reciprocal relationship between possessing the virtue of shame and receiving benefits from it.",185
186,"Shame is towards the wretched, but confidence is towards the prosperous.","This sentence employs a precise chiasmus in its structure, pairing the abstract nouns 'shame' (aídos) and 'confidence' (thársos) with the contrasting states of 'wretchedness' (anolbiē) and 'prosperity' (olbos). The preposition 'pros' (towards/toward) is repeated to create a parallelism that emphasizes the moral order Hesiod is describing: social behavior is dictated by one's economic status. The enclitic 'toi' serves as a dative of interest, addressing the listener directly (likely Hesiod's brother Perses), implying a personal admonition. The conjunction 'de' marks the adversative relationship between the two clauses, reinforcing the dichotomy between the two social conditions.",186
187,"But possessions gained by force are bad, whereas those given by the gods are far better.","This sentence presents a gnomic statement contrasting two types of wealth: illicitly acquired property (ἁρπακτά, literally 'plunderable' or 'seizable') and divinely granted gifts (θεοσδότα). The use of the enclitic particle δέ (δ') creates a contrastive link between the two clauses. The adjective ἁρπακτά is a verbal adjective derived from ἁρπάζω (to seize), carrying a strong negative connotation of violence or theft. In contrast, θεοσδότα is a compound adjective meaning 'god-given,' highlighting the Hesiodic theme that legitimate wealth comes from divine favor rather than human aggression. The comparative adjective ἀμείνω (better) is modified by the adverb πολλόν (much/far), emphasizing the moral superiority of the second type of wealth. The syntax juxtaposes two nominal predicates (ἁρπακτά and ἀμείνω) linked by a comma, functioning as a concise moral maxim typical of didactic poetry.",187
188,"For if someone seizes great wealth with his hands and violence, he will surely lose it from his tongue, as many things happen, when profit deceives the mind of men, and shamelessness tramples upon shame.","This passage presents a moral maxim on the dangers of acquiring wealth through force and deceit. The sentence is structured as a complex conditional argument. The main clause 'if someone seizes... he will lose it' is expanded by a parenthetical observation ('as many things happen') and a subordinate temporal clause ('when profit deceives...'). Stylistically, the text employs chiasmus in the final two clauses: 'profit deceives the mind' (κερδος ... νοον) followed by 'shamelessness tramples shame' (αναιδειη ... αιδω). This inversion highlights the causal relationship between the loss of internal moral restraint (shamelessness) and the external act of deception. The phrase 'from his tongue' (απο γλωσσης) likely refers to the loss of reputation or the inability to justify one's gains, or perhaps the realization of the loss through speech. The use of 'βιη' (violence/force) paired with 'χειρσι' (hands) emphasizes physical aggression as the means of acquisition. The personification of 'shamelessness' (αναιδεια) as an active agent that 'tramples' (κατοπαζη) 'shame' (αιδω) creates a vivid image of moral degradation.",188
189,"The black gods make him dark, and they shrink the house for that man; and for a short time only does wealth follow.","This sentence presents a tripartite structure illustrating the cyclical nature of human fortune through divine will. The first two clauses utilize a chiasmus-like arrangement where the subject (the gods) acts upon the object (the man/house), shifting from the physical appearance of the man (darkened) to the condition of his dwelling (diminished). The verb μαυροῦσι (make black/dark) and μινύθουσι (make small/shrink) are causative in sense, indicating a divine reduction of the man's status. The third clause introduces a temporal limitation with παῦρον δὲ τ᾽ ἐπὶ χρόνον (for a short time only), emphasizing the transience of οἷβος (wealth/fortune). The syntax of the final clause features a verb-final structure (ὀπηδεῖ) which creates a sense of abrupt cessation or fleeting nature. The use of the enclitic τε (τ᾽) with δέ creates a rhythmic pause, typical of Hesiodic didactic poetry, marking the conclusion of the thought. The imagery of 'darkness' and 'shrinking' serves as a metaphor for poverty and misfortune, contrasting sharply with the 'following' nature of wealth, which is depicted as a fleeting companion rather than a permanent resident.",189
190,"Equal is the evil that the man who harms a suppliant or a guest does, and the man who enters his brother's bed, committing adultery with his wife, doing things out of season, and the man who through his own folly wanders with orphaned children, and the man who disputes with his aged father at the door of old age, grasping him with harsh words.","This sentence exemplifies Hesiod's characteristic use of a long, cumulative list of relative clauses to enumerate specific transgressions against the divine order (themis). The syntax is built around a single predicate adjective, 'equal' (ἴσον), which governs the entire list, suggesting that these distinct social crimes are morally equivalent in their severity. The sentence employs anaphora through the repeated use of the relative pronoun 'who' (ὅς) at the beginning of each clause, creating a rhythmic, incantatory effect that emphasizes the gravity of each offense. The use of the enclitic particle 'τε' (te) connects these relative clauses in a chain, a feature known as asyndeton when the conjunctions are omitted, though here they are present, creating a 'te...te...' structure that binds the examples together. The imagery is visceral and domestic, focusing on violations of xenia (guest-friendship), kinship, and filial piety. The phrase 'threshold of old age' (γηράος οὐδῷ) is a powerful metaphor, suggesting that the father is at the very edge of life, making the violence of the son's words even more egregious. The participle 'grasping' (καθαπτόμενος) implies a physical confrontation, intensifying the verbal abuse. The term 'out of season' (παράκαιρια) in the context of adultery suggests a violation of natural order and proper timing.",190
191,"For him Zeus himself takes delight, and he has set a harsh reward in place of unjust deeds, at the end of works.","The sentence employs a chiastic structure in the second clause regarding the substitution of rewards: 'at the end of works' (ἐς τελευτὴν ἔργων) contrasts with 'in place of unjust deeds' (ἀντ’ ἀδίκων), emphasizing the totality of the cosmic order. The verb ἀγαίεται (from ἀγαίομαι) is a rare poetic form meaning 'to take delight' or 'to rejoice,' often used to describe divine satisfaction. The emphatic use of αὐτὸς with Ζεὺς highlights Zeus's personal agency and direct involvement in the moral economy of the universe. The phrase 'harsh reward' (χαλεπὴν ἀμοιβήν) functions as a paradox, where 'reward' (ἀμοιβή) typically implies something positive, but here it is qualified as 'harsh' to denote the severe retribution for injustice. The preposition ἐς with τελευτὴν suggests a culmination or finality, indicating that this divine retribution is the inevitable conclusion of human actions.",191
192,"But you, completely work with a mind devoid of sense.","The sentence begins with the adversative particle ἄλλα (alla), which functions as a strong transition, often signaling a shift from general advice to a direct, imperative address. The verb ἐργέ (from ἐργάζομαι) is in the second person singular present imperative, commanding the addressee to 'work' or 'labor.' The adverb πᾶν (here compounded as παμπαν, meaning 'wholly' or 'completely') intensifies the command, urging total exertion. The phrase αἰσιφρόνα θυμόν describes the 'mind' or 'spirit' (θυμός) as 'senseless' or 'foolish' (αἰσί-φρων, literally 'not thinking wisely'). The use of μεν (men) here sets up a contrast with a subsequent clause (likely introduced by δέ in the original context, though not present in this fragment), a common rhetorical device in Hesiodic poetry to juxtapose the behavior of the wise and the wicked. The sentence employs a direct, urgent tone characteristic of Hesiod's didactic style, where the poet frequently addresses his brother Perses to correct his laziness.",192
193,"And one should perform holy things for the immortal gods according to one's ability, ignorantly and purely, and on top of that burn beautiful thigh-bones.","This sentence presents a series of imperative-like infinitives used as gnomic or prescriptive statements, a common feature in didactic poetry where the poet instructs the audience on proper conduct. The phrase 'κατὰ δύναμιν' (according to one's power/ability) acts as an adverbial modifier of manner, emphasizing that piety is measured by one's capacity rather than an absolute standard. The adverbs 'ἀγνοῶς' (ignorantly/without forethought) and 'καθαρῶς' (purely/cleanly) are coordinated to describe the manner of performing rituals; notably, 'ignorantly' here likely refers to a lack of ulterior motive or calculated self-interest rather than a lack of knowledge, contrasting with the purity of the act. The syntax features a clear asyndeton between the main clauses, joined only by the connective particle 'δέ' (and) in the second half, which creates a rhythmic pause. The term 'μηρία' (thigh-bones) specifically refers to the portion of the sacrificial animal reserved for the gods, distinguished from the meat consumed by humans, reflecting the ancient Greek sacrificial practice of burning the bones and fat as an offering to the deity while the meat was shared by the worshippers.",193
194,"But at other times you must appease with libations and sacrifices, both when you go to bed and when sacred light comes, so that they may hold your heart and spirit kindly, in order that you may gain the share of others, but let no one else gain yours.","This passage presents a conditional sequence of ritual actions tied to daily rhythms. The adverb αλλοτε ('at other times') contrasts with the implied routine of the previous context, signaling a shift in the type of piety required. The verb ιλασκεσθαι ('to appease') takes two dative instrumental nouns, σπονδησι ('libations') and θυεσσι ('sacrifices'), linked by τε ('and'), which creates a balanced, formulaic pair typical of Hesiodic instruction on ritual propriety. The temporal clauses introduced by οτε ('when') are coordinated with και ('and'), forming a parallel structure that emphasizes the necessity of piety at the transition points of the day: entering the bed (ευναζω) and the arrival of sacred light (φαος ιερον). The purpose clause introduced by ως κε ('so that') contains the optative εχωσιν, indicating the desired outcome of the ritual: that the gods hold the supplicant's καρδιην ('heart') and θυμον ('spirit') in a favorable disposition (ιλαον). The final clause, introduced by οφρα ('in order that'), expresses the ultimate goal: the preservation of one's inheritance (κληρον) against the greed of others. The sentence employs a chiastic structure in its final portion: 'gain the share of others' (αλλων ωνη κληρον) is contrasted with 'let no one else gain yours' (μη τον τεον αλλος), highlighting the tension between communal reciprocity and the protection of private property. The omission of the verb in the final clause (αλλος) is an example of ellipsis, relying on the reader to supply the implied meaning 'gain yours,' which adds to the aphoristic quality of the advice.",194
195,"Call the one who loves to feast, but let the enemy go.","This sentence employs a striking chiasmus in its structure and meaning, contrasting social intimacy with hostility through the parallel construction of 'the one whom...' and 'the one whom...'. The phrase 'φιλεῦντ' ἐπὶ δαῖτα' uses the present active participle 'φιλέοντα' (loving/being fond of) in a substantive sense, referring to a person who enjoys the banquet. The preposition 'ἐπί' with the accusative 'δαῖτα' (banquet/meal) indicates the object of affection or the context in which the love is directed. The verb 'καλεῖν' (to call) is an infinitive used imperatively, a common feature in gnomic or didactic poetry for issuing general advice. The contrast is sharpened by the use of 'ἔχθρον' (enemy) and the verb 'ἐάσαι' (to let go/leave), suggesting a deliberate exclusion. The sentence reflects the archaic Greek social code of xenia (guest-friendship), where inviting those who share in the meal was a sign of alliance, while excluding enemies was a mark of separation and hostility.",195
196,"Call him especially, whoever lives near you.","The sentence employs an infinitive construction (καλεῖν) governed by an implied imperative or hortatory sense, common in didactic poetry for giving direct advice. The adverb μαλιστα (especially/most) is placed prominently before the infinitive to emphasize the priority of the action. The relative clause (ὃς τις σεθεν ἐγγύθι ναίει) functions as an appositive or defining restriction on the masculine singular object τοῦν. The phrase ἐγγύθι ναιεῖν (to dwell near) is a standard collocation in ancient Greek literature describing proximity and community. The use of τις with the relative pronoun ὃς creates a generalized indefinite relative clause, meaning 'whoever,' which universalizes the advice to apply to any person in the vicinity rather than a specific individual.",196
197,"For if another local possession comes to be for you, neighbors go by unchallenged, and kinsmen bind you.","This sentence illustrates a conditional structure common in didactic poetry, warning of the social consequences of acquiring wealth. The particle γάρ (for) provides the causal logic for the preceding context, likely referring to the dangers of poverty or the necessity of hard work. The phrase χρημάτων ἐγχώριον ἄλλο (another local possession) suggests wealth acquired within one's own community rather than through trade abroad. The term ἀζώστοι (unchallenged/unprovoked) is a rare poetic compound meaning 'without a girdle,' metaphorically implying that the neighbors will not be stirred to action or confrontation; they will walk past indifferently or without the martial preparation implied by the 'girdle.' The verb ζωσάντο is the aorist middle of ζωννύμι, literally 'they girded themselves,' but here used idiomatically to mean 'they bound' or 'they entangled' (often with the sense of binding someone to a debt or obligation). The sentence employs asyndeton (the omission of conjunctions between clauses) in the main clause, creating a rapid, rhythmic listing of consequences: first the neighbors' indifference, then the kinsmen's binding action. The shift from the passive sense of the neighbors' inaction to the active, binding action of the kinsmen highlights the specific threat of familial obligation or debt enforcement.",197
198,"A bad neighbor is a calamity; a good neighbor, a great blessing.","This sentence employs a striking chiasmus in its structure, contrasting 'bad' (κακός) with 'good' (ἀγαθός) and 'calamity' (πῆμα) with 'blessing' (ὄνειαρ). The first clause is a complete nominal sentence with an explicit subject and predicate nominative. The second clause utilizes ellipsis, omitting the verb 'is' (ἐστίν) and the subject 'neighbor' (γείτων), which are understood from the context of the first clause. This rhetorical device creates a balanced, memorable aphorism typical of didactic poetry, emphasizing the sharp dichotomy between the social benefits and harms of one's immediate neighbors. The enclitic τε (τ') connects the two contrasting ideas, functioning here to link the parallel clauses rather than to add a simple copulative sense.",198
199,"You have your share of honor, and you have your share of a noble neighbor.","The sentence employs a distinct chiasmus in its structure: the verb 'have your share' (ἐμμορε) is repeated, sandwiching the objects 'honor' (τιμῆς) and 'noble neighbor' (γείτονος ἐσθλοῦ). This parallelism emphasizes the equivalence between receiving social honor and possessing a virtuous neighbor as essential components of a successful life. The verb μεῖρομαι with the genitive case denotes 'to receive one's portion' or 'to have a share.' The particle τε (rendered here as τ') connects the two clauses in a copulative sense, typical of gnomic statements in Hesiodic poetry. The phrase 'noble neighbor' (γείτονος ἐσθλοῦ) is culturally significant in the agrarian context of Works and Days, where the character and proximity of one's neighbor directly impact one's prosperity and safety. The sentence functions as a piece of practical wisdom, suggesting that social standing and good relationships are both inherited or allotted portions of a good life.",199
200,"For an ox would perish, if a bad neighbor were not [present].","This sentence illustrates a classic gnomic or proverbial structure common in didactic poetry, expressing a universal truth about interdependence. The syntax employs a potential optative (ἀπολοίτ') in the main clause, marked by the particle ἄν, indicating a hypothetical outcome that is generally true or expected under certain conditions. The protasis (if-clause) uses the imperfect subjunctive εἴη to set up a counter-factual or conditional scenario in a timeless sense. The phrase κακὸς γείτων (bad neighbor) is a significant cultural reference; in the agrarian society of Archaic Greece, the relationship with a neighbor was vital for mutual aid, protection of property, and social stability. A 'bad' neighbor could cause ruin through theft, slander, or failure to assist, hence the hyperbolic claim that an ox would die without a good neighbor's intervention. The use of the enclitic particle δὲ (here attached to the negative οὐ) serves a connective function, linking this maxim to the preceding context of social conduct.",200
201,"It is good to borrow from a neighbor, and it is good to repay, to that very same measure, and it is better, if you are able, to find what is sufficient both now and for the future.","This sentence illustrates Hesiod's practical wisdom regarding economic reciprocity and prudence. The structure employs a clear parallelism (asyndetic coordination of infinitival phrases) beginning with 'good' (εὖ) twice, establishing a baseline of moral and practical correctness in borrowing and repaying. The construction uses the comparative adjective 'better' (λῷον) to introduce a superior course of action: ensuring one's own self-sufficiency. The phrase 'to that very same measure' (αὐτῷ τῷ μέτρῳ) emphasizes the strict requirement of exact repayment, reflecting the importance of maintaining trust in a small-scale agrarian society. The use of the future active subjunctive (εὑρήσῃς) with the particle ἄν (αὐ) in the relative clause (ὡς ἄν) indicates a potential or conditional result. The phrase 'what is sufficient' (ἄρκιον) functions as a substantive adjective, highlighting the goal of having enough resources to avoid future want. The sentence concludes with a temporal scope covering both the present ('χρηίζων', needing) and the future ('εἰς ὕστερον'), advocating for foresight in financial management.",201
202,Do not seek evil gains.,"This sentence is a gnomic imperative expressing a general moral truth. The negative particle μή (mē) is used with the present infinitive κερδαινεῖν (kerdainēn, 'to seek profit/gain') to form a prohibition against the action in a timeless sense, rather than a specific command to a single listener. The adjective κακά (kaká, 'evil/bad') is neuter plural accusative, functioning as the direct object of the infinitive, while the verb itself is in the present active infinitive. The construction emphasizes a rejection of unjust or harmful profit, a common theme in Hesiodic didactic poetry which advocates for justice (dikē) over dishonest gain. The brevity and directness of the sentence, lacking a subject, contribute to its aphoristic quality, making the prohibition universal.",202
203,Evil gains equal to destruction.,"The sentence utilizes a striking chiasmus in its conceptual structure, pairing 'evil' (κακὰ) with 'destruction' (ἀάτῃσιν) and 'gains' (κέρδεα) with 'equal' (ἶσ’), emphasizing the direct equivalence between wrongful profit and its inevitable consequence. The adjective κακὰ (evil) modifies κέρδεα (gains/profits), establishing a moral judgment on the nature of the acquisition. The construction employs the predicative adjective ἶσ’ (equal) with the dative of relation ἀάτῃσιν (to destruction/ruin), a common syntactic pattern in didactic poetry to express equivalence of state or outcome. The phrase reflects the Hesiodic theme that unjust enrichment inevitably leads to ruin, a central tenet in the ethical framework of Works and Days. The brevity and asyndetic structure heighten the aphoristic quality of the statement.",203
204,"To the one who loves, to love; and to the one who approaches, to approach.","This sentence employs a sophisticated rhetorical structure known as chiasmus, where the grammatical cases and verbal roots are mirrored: the accusative object (τοὺν φιλέοντα) corresponds to the infinitive (φιλεῖν), and the dative object (τῷ προσόντι) corresponds to the infinitive (προσειναι). This creates a balanced, reciprocal rhythm that emphasizes the principle of reciprocity. The sentence utilizes the present active participles (φιλέοντα, προσόντι) to describe the character of the individuals, paired with the present active infinitives (φιλεῖν, προσειναι) to describe the required action. The use of the article (τοὺν, τῷ) nominalizes the participles, effectively turning 'the loving one' and 'the approaching one' into distinct entities. The syntax reflects a gnomic statement, offering a general truth about social conduct rather than a specific event. The repetition of the verbal root (φιλε- and προσε-) reinforces the thematic connection between the subject's state and the corresponding action.",204
205,"Let us give to the one who gives, and let us not give to the one who does not give.","This sentence exhibits a striking chiasmus in its structure: the first clause pairs the verb 'give' (δομεν) with the participle 'gives' (δωῃ), while the second clause reverses this order by pairing the negative 'not give' (μη δομεν) with the negative participle 'does not give' (μη δωῃ). The construction οὗς κεν (ὅς + ἄν) introduces a generic relative clause with a future sense, meaning 'whoever' or 'anyone who'. The use of the aorist subjunctive (δομεν, δωῃ) in both main and subordinate clauses emphasizes a timeless, gnomic truth rather than a specific future event. The imperative force is softened by the optative-like mood often associated with gnomic statements in Hesiod, functioning here as a moral injunction. The symmetry of the sentence reinforces the ethical principle of reciprocity, a central theme in Hesiodic wisdom literature.",205
206,"For a giver, someone has given; but for a non-giver, no one has given.","This sentence employs a strict chiasmus (A-B-C-D // D'-C'-B'-A') in its structure: the subject 'someone' (τις) corresponds to the object 'giver' (δωτῇ), while the negative subject 'no one' (οὐτίς) corresponds to the negative object 'non-giver' (ἀδωτῇ). The use of the enclitic particles μέν and δὲ creates a balanced contrast between the two clauses. The dative case (δωτῇ, ἀδωτῇ) indicates the recipient or the person to whom the giving is directed, emphasizing the conditional nature of social reciprocity: gifts are only bestowed upon those who are already disposed to give. The sentence highlights the asymmetrical nature of generosity in the ancient Greek worldview, where one's ability to receive is contingent upon one's willingness to give.",206
207,"Give a good gift, but give a bad one to the thief, the giver of death.","This sentence employs a sharp chiasmus in its moral logic: the first clause advocates for generosity toward the virtuous, while the second prescribes hostility toward the wicked. The syntax uses a coordinating conjunction (δέ) to contrast the two imperatives, creating a balanced antithesis. The epithet 'giver of death' (θανάτοιο δοτεῖρα) applied to the thief is a striking personification, elevating the thief's action to a cosmic scale where theft is equated with murder or the theft of life. The use of the genitive case for 'death' (θανάτοιο) modifies 'giver' (δοτεῖρα) to indicate origin or agency. The sentence also features asyndeton between the two main clauses if the comma is read as a pause rather than a conjunction, though the presence of δέ makes it a standard coordination. The tone is didactic, typical of Hesiod's instruction on social ethics and the dangers of hubris and greed.",207
208,"For if a man willingly gives a great gift, he rejoices in the gift and finds pleasure according to his heart.","This sentence illustrates the Hesiodic theme of the reciprocal relationship between the giver and the receiver, emphasizing the psychological satisfaction of generosity. The construction uses a conditional clause introduced by the particle combination 'κεν' (ancient form of ἄν) with the aorist subjunctive 'δοίη' (from διδωμι), indicating a general or potential condition ('if ever' or 'if a man should'). The adverb 'ἐθέλων' (willingly) modifies the action of giving, highlighting the moral quality of the intent rather than mere compulsion. The sentence employs asyndeton (the omission of a conjunction between the main clauses 'χαίρει' and 'τέρπεται') which creates a rapid, rhythmic flow, though the coordinating conjunction 'καί' is present to link the final verb. The phrase 'κατὰ θυμόν' (according to his heart/mind) is a common Homeric and Hesiodic idiom denoting deep, internal satisfaction or alignment with one's true desires. The use of 'μέγα' (great) with 'δῶρον' (gift) suggests not just material value but the magnitude of the moral act. The sentence structure balances the action of giving with the resulting emotional state, using two synonymous verbs of joy ('χαίρει' and 'τέρπεται') to reinforce the completeness of the giver's satisfaction.",208
209,"He whom, having yielded to shamelessness, shall choose himself, even though he be small, that one will he make heavy-hearted.","This sentence illustrates the use of the future passive optative (ἐλῆται) combined with the particle κεν (an alternative form of ἄν), a construction common in Hesiod's gnomic (generalizing) style to express potentiality or general truth. The participle πειθήσας (having yielded) governs the dative αἰσθησίῃ (shamelessness), indicating the cause of the action. The phrase καὶ τε σμικρὸν ὄν (even though he be small) functions as a concessive clause, emphasizing that the person's physical insignificance does not prevent the consequence. The verb παχνοῦσεν (will make heavy/thick) is a metaphorical usage where physical density describes a burdened or heavy heart (φίλον ἦτορ). The structure employs asyndeton between the main clauses, creating a rapid, authoritative rhythm typical of didactic poetry. The use of γε (γ') with the demonstrative το (το) reinforces the definiteness of the subject, highlighting the inevitability of the outcome.",209
210,"But he who carries [gifts] to the one who has [something], he will ward off the burning famine.","The sentence employs a clear chiastic structure between the two clauses, contrasting the active giver (ὃς... φέρει) with the defensive receiver (ὁ... ἀλέξεται). The particle δέ is used twice (as enclitic -δ') to mark the contrastive subjects of the two independent clauses. The verb φέρει is used transitively with an implied object (typically understood as gifts or offerings in the context of reciprocal exchange in Hesiod), while the preposition ἐπί with the dative εὐντί (present participle of εἰμί) denotes direction toward the possessor. The adjective αἰθόπα (burning, glowing) is a vivid epithet for λιμόν (famine), personifying hunger as a consuming fire, a common metaphorical device in archaic Greek poetry to convey the severity of scarcity. The syntax highlights the moral and practical economy of reciprocity: active generosity is the means to avert disaster.",210
211,"For if even a small thing you were to add to a small thing, and were to do this with wonder, quickly it would become great.","This sentence illustrates the Hesiodic theme of accumulation and the growth of wealth through diligence. The syntax features a conditional clause introduced by εἰ γάρ (for if), utilizing the optative mood (καταθείο, ἐρδοίς) combined with the particle κεν (if it were the case) to express a potential or general condition. A key stylistic feature is the use of chiasmus and repetition: the adjective μικρόν (small) appears in the accusative and dative forms (σμικρόν... σμικρῷ) to create a tight parallel structure, emphasizing the incremental nature of the action. The adverb θαμά (frequently/wonderfully) modifies the verb ἐρδοίς, suggesting that consistent, perhaps diligent, effort is required. The sentence concludes with a contrast between the initial smallness (σμικρόν/σμικρῷ) and the eventual greatness (μέγα), highlighting the moral that small, repeated efforts yield significant results.",211
212,"No, a man lying down in the house does not grieve.","The sentence begins with the negative particle οὐ combined with the enclitic δέ (οὐδέ), creating a strong adversative negation that typically introduces a contrast to a preceding clause. The particle γε (γ') is attached to the article τὸ, forming τὸ γέ, which serves to emphasize the subject phrase 'the man lying down.' The construction uses the perfect passive participle κατακείμενον ('having been laid down' or 'lying down') to describe the state of the man, functioning as a subject of the verb κηδεῖ ('he grieves' or 'it is a grief'). The verb κηδεῖ is in the third person singular present active indicative; in this context, it is often used impersonally or with a personal subject to denote the emotional state of sorrow. The phrase 'in the house' (ἐν οἴκῳ) uses the dative case to indicate location. The sentence reflects a common theme in Hesiod's didactic poetry regarding the contrast between the diligence required for labor and the idleness or passivity that leads to misfortune or lack of concern. The syntax highlights the subject 'a man' with the article τὸ before the participle, a common feature in Greek to nominalize the phrase.",212
213,"It is better to be at home, since it is harmful for those at the door.","The sentence employs an impersonal construction with the comparative adjective βέλτερον (better) functioning as a predicative nominative, implying a general truth or proverbial wisdom rather than a specific subject. The phrase οἴκοι (at home) acts as an adverbial modifier of place. The clause introduced by ἐπεὶ (since) provides the causal reasoning for the advice. The noun θυράφιν (for those at the door/threshold) is in the dative case, indicating the group for whom the condition is harmful. In the context of Hesiod's agricultural and ethical didacticism, this reflects the idealization of domestic life and the dangers or social awkwardness associated with loitering outside one's home, particularly for a farmer or household head. The structure emphasizes the superiority of the private, domestic sphere over the public or liminal space of the threshold.",213
214,"It is good to choose the good that is present, but it is a calamity to need the bad that is absent; this I command you to consider.","The sentence exhibits a clear chiastic structure (AB-BA) in its two main clauses: 'good' (ἔσθλον) corresponds to 'calamity' (πῆμα), and 'present' (παρόντος) corresponds to 'absent' (ἀπόντος). The first clause uses the neuter singular adjective ἔσθλον as a substantive noun functioning as a predicate nominative, with the infinitive αἱρεῖσθαι ('to choose') as the subject. The second clause mirrors this with πῆμα ('calamity') as the predicate nominative and χρῄζειν ('to need') as the subject. The dative θύμῳ ('to the heart/mind') modifies the verbal idea of necessity, suggesting an internal state of distress or lack. The final clause uses the perfect active indicative αἴνωγα ('I have commanded' or 'I command') with the present infinitive φράζεσθαι ('to consider/think'), emphasizing the enduring nature of the instruction. The demonstrative pronoun ὅ ('which/this') refers back to the entire preceding maxim. This passage encapsulates a central theme of Hesiodic wisdom: the importance of seizing immediate opportunity and the danger of longing for what is out of reach.",214
215,"When the jar begins and when it ends, one should be satisfied; in the middle, one should exercise restraint.","This sentence presents a gnomic maxim regarding moderation in the consumption of wine, a central theme in Hesiod's didactic poetry. The syntax relies on two aorist infinitives of purpose or command (κορεσασθαι 'to be satisfied' and φείδεσθαι 'to spare/restrain') governed by the temporal adverbial phrases. The first phrase, 'αρχομένου δε πιθου', uses the genitive absolute construction (participle αρχομένου agreeing with the genitive noun πιθου) to set the temporal context 'when the jar is beginning,' while the second phrase, 'ληγοντος', mirrors this structure. The use of the particle δε here is connective, linking the temporal clauses to the main imperatives. The sentence exhibits a chiastic balance between the beginning and the end of the drinking process, emphasizing the middle ground (μεσσοθι) as the locus of virtue (phedesthai). The word πιθου refers specifically to a large earthenware jar used for storing wine, and the advice reflects the Greek cultural ideal of sophrosyne (moderation), warning against the excesses of both the first and last cups.",215
216,"But at the bottom, there is Poverty.","The sentence employs a striking personification of 'Poverty' (φειδώ), treating an abstract concept as a concrete entity residing in a specific location. The preposition ἐνι (eni) with the dative case πυθμενί (pythmeni) establishes a vivid spatial metaphor, suggesting that hardship is deeply embedded or foundational to the human condition. The particle δέ (de) functions as a connective, contrasting this grim reality with the preceding description of the easier path of Wealth, which Hesiod describes as having a lofty and smooth approach. This juxtaposition highlights a core thematic tension in the Works and Days: the accessibility of vice versus the arduous ascent required for virtue.",216
217,"And let the wage be sufficient for a beloved man, when it has been assigned.","The sentence employs the third-person imperative (future) form 'ἔστω' (let it be), a standard feature of gnomic or prescriptive poetry used to state general rules or moral maxims. The participle 'εἰρημένος' (having been told/assigned) functions as a passive perfect participle, implying that the wage is only valid once it has been explicitly agreed upon or promised, reflecting the agricultural and social context of contractual agreements in Hesiod's didactic poetry. The adjective 'ἀρκίος' (sufficient) is crucial, emphasizing the theme of fair compensation rather than mere existence of payment. The phrase 'ἀνδρὶ φίλῳ' (for a beloved man) uses the dative of advantage, suggesting that the wage is intended for the benefit of the worker, while 'φίλῳ' may imply a relationship of trust or kinship, or simply a 'friend' in the sense of a trusted associate, contrasting with the often harsh realities of labor described elsewhere in the Works and Days. The sentence structure is straightforward, with the participle modifying the subject 'μισθός' and the adjective 'ἀρκίος' serving as the predicate nominative.",217
218,"And smiling at your brother, to set him as a witness.","The sentence features an aorist active participle (γελάσας) functioning adverbially to modify the main infinitive (θέσθαι), indicating the manner in which the action of 'setting' is performed. The conjunction καί τε introduces a coordinated action, often implying a sequence or a specific rhetorical emphasis in Hesiodic poetry. The phrase 'to set as a witness' (μάρτυρα θέσθαι) reflects the legal and social customs of the archaic Greek world, where sworn testimony was a critical mechanism for resolving disputes, particularly within familial or community contexts. The use of the dative case for 'brother' (κασιγνήτῳ) highlights the relational aspect of the action. This construction is typical of Hesiod's didactic style, where moral or practical advice is often framed through vivid, action-oriented imagery.",218
219,For trust and distrust alike have destroyed men.,"The sentence employs a balanced antithesis between πιστεῖς (fidelity/trust) and ἀπιστίαι (distrust/breach of faith), which function as a compound subject joined by the coordinating conjunction καί. The adverb ὁμοῦ (here appearing in its variant form ὁμῶς) modifies the conjunction to emphasize that both opposing forces, though conceptually opposite, act with equal destructive power. The verb ὤλεσαν is aorist active indicative, indicating a completed action in the past. The use of the dative singular τοι (an enclitic particle) serves as a dative of interest, addressing the addressee (likely Perses) and creating a direct, personal tone of warning. The sentence exemplifies Hesiod's didactic style, using abstract nouns personified as agents of ruin to illustrate the moral dangers inherent in human relationships.",219
220,"And let not a woman with a wagging tail deceive your mind by her wanton winking, flashing her beautiful nest.","This sentence employs vivid, animalistic imagery to describe female behavior, specifically using the compound adjective πυγοστολος ('tail-wagging' or 'rump-wagging') to characterize the woman. The participle αιμυλος ('wanton' or 'wanton') modifies the action of κωτιλλουσα ('winking' or 'nodding'), creating a sense of seductive deception. The phrase διφωσα καλην ('flashing her beautiful nest') utilizes the noun διφω ('nest') as a metaphor, likely referring to the female genitalia, a common euphemism in archaic Greek poetry for sexual access or reproduction. The syntax uses a present imperative negative (μη... ἐξαπατατω) to issue a strong warning against being misled. The construction features two present participles (κωτιλλουσα and διφωσα) coordinated to describe the manner of the deception, adding a dynamic, continuous aspect to the warning. The overall tone is cautionary and metaphorical, reflecting Hesiod's didactic style in advising his brother Perses on how to avoid the dangers of marriage and women's influence.",220
221,"But he who trusts in a woman, in the very men who are his creditors does he trust.","This line employs a striking chiasmus (A-B-C-C'-B'-A' structure) through the repetition of the verb form 'πεποίθε' (trusts) and the contrast between 'γυναικί' (woman) and 'φηλητήσιν' (creditors). The syntax creates a parallelism where the object of trust in the first clause (a woman) is juxtaposed with the object of trust in the second clause (creditors), suggesting a moral equivalence or a warning about misplaced confidence. The particle 'δέ' (but) introduces a contrastive clause, while 'γε' emphasizes the subject 'ὅ' (he), highlighting the specific type of man being described. The phrase 'φηλητήσιν' refers to those to whom one owes money, implying that a man who relies on a woman is no better off than one who relies on his debtors, both being positions of vulnerability and lack of self-sufficiency. The use of the perfect active indicative 'πεποίθε' emphasizes the state of having placed trust, suggesting a persistent condition rather than a single act.",221
222,Let there be a single-born son to maintain the ancestral home; for wealth grows in the halls.,"The sentence opens with an optative verb (εἴη), expressing a wish or exhortation common in didactic poetry. The adjective μονογενής (single-born) functions as an attribute to παῖς (son), emphasizing the ideal of a sole heir to prevent the fragmentation of the family estate (οἶκος). The phrase πατρῷον οἶκον refers specifically to the paternal household and its associated property, a central concept in Hesiodic ethics regarding inheritance and family continuity. The verb φέρβω, here used in the present infinitive, carries the specific sense of 'to maintain,' 'nourish,' or 'keep in good condition' rather than simply 'to feed,' highlighting the active duty of the heir. The causal conjunction γὰρ introduces the rationale for this wish: the belief that wealth (πλοῦτος) flourishes (αὔξεται) specifically within the context of the great hall (μεγάρῳσι), which represents the center of economic and social life. The use of the dative plural μέγαροισιν evokes the grandeur of the aristocratic dwelling. The sentence structure relies on a clear cause-and-effect relationship, typical of Hesiod's gnomic style, where moral or practical advice is grounded in observable natural or social laws.",222
223,"Let an old man die, leaving another child behind.","This sentence employs a gnomic aorist in the optative mood (θάνοις) to express a general truth or proverbial wisdom, a common feature in Hesiod's didactic poetry. The construction uses a present active participle (ἐγκαταλείπων) to denote an attendant circumstance occurring simultaneously with the main verb. The phrase γηραιοὺς (here appearing as γηραιὸς due to the text's specific formatting or dialectal variation, though standard Attic/Ionic would expect the nominative γηραιοῦς or the vocative γηραιοῦ) functions adverbially, modifying the action of dying to emphasize the natural end of life. The sentence reflects the cyclical nature of human generations, a central theme in the Works and Days, where the succession of offspring is presented as an inevitable and orderly process. The use of the enclitic δέ connects this maxim to the preceding context of generational decline and renewal.",223
224,For Zeus would grant wealth without limit to the more numerous ones.,"The sentence features a conditional protasis implied by the particle 'κεν' (ancient form of 'ἄν') combined with the aorist subjunctive 'πόροι', indicating a potential or hypothetical action. The adjective 'πλεόνεσσι' (dative plural) modifies an implied group of people, contrasting with Hesiod's broader theme of justice and the struggle between the two types of Strife (Eris). The phrase 'ἄσπετον ὄλβον' uses an adjective to emphasize the boundless nature of the wealth Zeus grants, a common hyperbolic device in didactic poetry to underscore divine favor. The dative case of 'πλεόνεσσι' indicates the indirect object (to whom the wealth is granted), while the accusative 'ὄλβον' is the direct object. The sentence structure is straightforward, with Zeus as the subject, 'πόροι' as the predicate, and the modifiers arranged to highlight the quantity and nature of the gift.",224
225,"Greater is the practice of more, but greater still the deposit.","This sentence exhibits a striking chiasmus in its structure and semantics, contrasting the comparative forms of 'much' (πολύς) and 'great' (μέγας) across two clauses linked by the correlative particles μέν and δέ. The first clause uses the neuter comparative adjective πλειών (more) modifying μελέτη (practice/cultivation), while the second clause elevates the stakes with μειζών (greater) modifying ἐπιθήκη (deposit/stake). The syntax relies on elliptical copular verbs, a common feature in gnomic or proverbial Greek where the verb 'to be' is implied rather than stated. Culturally, the 'practice' refers to the diligent labor required in agriculture (the central theme of Works and Days), while the 'deposit' likely alludes to the rewards or capital accumulated through such labor, or perhaps the 'deposit' of seeds in the earth which yields a greater return. The sentence emphasizes the exponential nature of effort and reward in Hesiod's moral economy.",225
226,"For you, a desire for wealth grows in your mind, such as to do these things, and to labor work upon work.","The sentence illustrates the concept of 'thumos' (θυμός) and 'phrenes' (φρένες) as the seat of desire and thought, respectively, which are central to archaic Greek anthropology. The phrase 'εργον ἐπ' ἐργῳ' (work upon work) is a notable example of epizeuxis (repetition of a word) or simple accumulation, emphasizing the relentless, continuous, and repetitive nature of labor required for wealth. The construction 'ὡδ' ἔρδειν' (such as to do) introduces a specific content for the desire mentioned earlier. The sentence structure flows from the internal desire to the external action, connected by the coordinating conjunction 'καί' (and). The use of the middle voice 'ἐργάζεσθαι' (to labor/work for oneself) highlights the personal effort involved in the accumulation of wealth.",226
227,"When the Pleiades, daughters of Atlas, are rising, begin your harvest; but when they are setting, begin your plowing.","This sentence is a classic example of gnomic wisdom embedded in agricultural instruction. It employs a conditional structure using the present participle ἐπιτελλομένων (rising) and the perfect participle δυσομένων (setting) to denote the cyclical nature of the seasons. The sentence features a chiasmus in the second clause's logic: the rising of the stars (good for harvest) contrasts with their setting (time for plowing), mirroring the agricultural tasks. The term 'daughters of Atlas' (Ἀτλαγενέων) is a common epithet for the Pleiades, grounding the astronomical observation in mythological tradition. The use of the aorist imperative ἄρχεσθαι (to begin) emphasizes the urgency and timeliness of the action required by the celestial events. The sentence also demonstrates the use of the genitive absolute (ἡλιαδῶν... ἐπιτελλομένων), which sets the temporal frame for the main verb without requiring a finite verb in the subordinate clause.",227
228,"For forty nights and days are hidden from you; but when the year completes its circuit, the first signs of the iron that is being forged become visible.","The sentence employs the particle combination 'αἴτε...καί' (here realized as 'αἴ...τε...καί') to emphasize the exhaustive duration of the period, meaning 'both...and' or simply 'for'. The verb 'κεκρύφαται' is in the perfect middle/passive, indicating a state resulting from a past action: the time has passed and is now concealed. The phrase 'περιπλομένου ἔνιαυτοῦ' uses a present middle participle with the genitive of the subject ('ἔνιαυτοῦ'), a construction common in Hesiod to denote the cyclical nature of time and the seasons. The use of 'πρῶτα' (first) modifying 'χαρασσομένου' (of the forging) highlights the initial, subtle signs of the Iron Age, contrasting with the previous hidden state. The imagery of 'iron being forged' ('χαρασσομένου σιδήρου') serves as a metaphor for the harsh, difficult, and violent nature of the current age, a central theme in Hesiod's myth of the Five Ages. The sentence structure creates a temporal contrast between the hidden, stagnant period of the first age and the visible, active, and laborious beginning of the Iron Age.",228
229,"For this is the custom of the lowlands: those who dwell near the sea, and those in the dense, dark glens, far from the heaving sea, inhabit a fertile land.","The sentence employs a chiastic structure (A-B-B'-A') in its geographical descriptions: 'near the sea' (θαλάσσης ἐγγύθι) contrasts with 'far from the sea' (πόντου κυμαίνοντος ἀπόπροθι), while the dwellers of the lowlands (πέδίων) are juxtaposed with those of the deep glens (ἄγκεα). The use of the relative pronouns οἵ τε... οἵ τ' creates a parallel enumeration that emphasizes the universality of this custom across different terrains. The adjective βησσηέντα ('dense' or 'dark') is a poetic epithet often used for glens or thickets, evoking the shadowed, secluded nature of these habitats. The participle κυμαίνοντος ('heaving' or 'rolling') personifies the sea, adding dynamic movement to the static description of distance. The phrase πιόνα χωρὸν ('fertile land') serves as the central object of habitation, highlighting the contrast between the harshness of the sea and the abundance of the inland. The sentence structure reflects Hesiod's didactic style, categorizing human existence based on geography and its relationship to the sea.",229
230,"To sow naked, and to plow naked, and to reap naked, if you wish to gather all the proper works of Demeter.","The sentence employs a powerful tripartite anaphora, repeating the adjective γυμνόν (naked) at the beginning of each infinitival phrase to emphasize the total physical vulnerability and austerity required of the farmer. This repetition creates a rhythmic, incantatory quality typical of didactic poetry. The syntactic structure consists of three coordinated infinitives (σπειρεῖν, βοωτεῖν, ἀμαεῖν) modified by the adverbial accusative γυμνόν, followed by a conditional clause introduced by εἴ (if) with the particle ἄν (χ') indicating potentiality. The verb κομιζεσθαι (to gather/collect) is used in the middle voice, suggesting a personal gain or benefit derived from the labor. The phrase ὅρια πάντα refers to the specific, seasonally appropriate tasks that must be performed at the right time (horai), highlighting the importance of agricultural timing in Greek thought. The mention of Demeter grounds the advice in the divine order of nature, implying that adherence to this rigorous, unadorned labor is a religious duty as much as an economic one.",230
231,"Thus, let each thing be accomplished at the proper time, lest, by meddling, you ruin another man's house or accomplish nothing at all.","This sentence presents a gnomic imperative (expressed via the aorist subjunctive ἀέξηται) offering general advice on prudence and timing. The phrase 'at the proper time' (ὥρι' < ὥριος) emphasizes the Hesiodic theme of *kairos* or the right moment for action. The warning against 'meddling' (χατιζών) uses a present active participle to indicate the manner in which one might ruin a neighbor's house (ἀλλοτρίους οἴκους), a metaphor for social disorder and the violation of *themis* (divine law). The sentence employs a negative purpose clause introduced by μή πως ('lest somehow') containing two coordinated subjunctive verbs (πτώσσης, ἄνυσσης) connected by καί, creating a balanced antithesis between the active harm of interference and the passive failure of doing nothing. The structure reinforces the moral dichotomy between productive labor and destructive idleness or intrusion.",231
232,So even now you have come to me.,"The sentence begins with ὡς (hōs), functioning as a conjunction meaning 'so' or 'thus,' which frequently connects a preceding narrative or situation to the current statement. The adverb νῦν (nun, 'now') is intensified by the particle καί (kai), which here adds an emphatic sense of 'even' or 'also,' creating the nuance 'even now.' The preposition ἐπ’ (epi, 'to' or 'upon') governs the accusative pronoun ἔμ’ (em, 'me'), forming the phrase 'to me.' The verb ἦλθες (ēlthes) is the aorist indicative active of ἔρχομαι (erchomai), meaning 'you came' or 'you have come'; the aorist tense here marks the completion of the action of arrival. The word order places the conjunction and adverbial elements at the front for emphasis, a common feature in Hesiodic didactic poetry to underscore the immediacy of the speaker's address. The sentence is an example of direct address, likely part of a dialogue or monologue where the speaker acknowledges the arrival of a person or entity.",232
233,"But I will not give it to you, nor will I count it out.","This sentence features a strong asyndetic structure where the negative particles (οὐκ and οὐ) are separated from their verbs by the connective particle δέ, creating a rhythmic emphasis on the speaker's refusal. The use of the dative pronoun τοι ('to you') highlights the direct address and the personal nature of the refusal. The verbs ἐπιδώσω (future of ἐπιδίδωμι) and ἐπιμετρήσω (future of ἐπιμετρέω) are closely related in meaning, both involving the act of giving or measuring out, and their juxtaposition reinforces the totality of the speaker's denial. The sentence is an example of Hesiod's didactic style, where he establishes his authority and sets boundaries for the listener.",233
234,"Work, foolish Perses, work, which the gods established as laws for men, so that you may not, while grieving with your children and your wife, seek your livelihood from your neighbors, who will neglect you.","The sentence opens with an emphatic anaphora, repeating the imperative 'work' (ἔργαζευ, ἔργα) to stress the urgency of labor. The vocative 'foolish Perses' (νηπίε Πέρση) serves as a direct, moralizing address to the addressee. The relative clause 'which the gods established' (τὰ τ' ἀνθρώποισι θεοὶ διετεκμήραντο) utilizes a divine aorist middle to describe the gods as the ultimate arbiters of human justice and the proper order of labor. The negative purpose clause introduced by 'so that you may not' (μή ποτε... ζητεύῃς) is governed by an optative verb (ζητεύῃς) following a present imperative, a standard construction for expressing negative purpose in Attic and Hesiodic Greek. The participle 'grieving' (ἀχέων) describes the emotional state of the protagonist who resorts to unjust means. The phrase 'seek your livelihood from your neighbors' (βίον κατα γείτονας ζητεύῃς) implies a dependence on others that leads to social friction. The final clause 'who will neglect you' (οἱ δ' ἀμελήσουσιν) employs a future indicative (or present with future force, depending on the dialectal reading of the manuscript tradition, though the provided lemma suggests a present subjunctive or indicative form in context) to warn of the inevitable consequence of such behavior: the withdrawal of support from the community. The sentence structure moves from a command to a definition of divine law, then to a warning against a specific negative course of action and its social repercussions.",234
235,"For twice, and even thrice, you will soon obtain it.","The sentence employs the adverbial pair δις (twice) and τρις (thrice) connected by the emphatic conjunction και (even/as well as), creating a progressive numerical sequence common in didactic poetry to emphasize repeated opportunity. The particle μεν (here functioning as a discourse marker often paired with de, though the de is absent here, leaving μεν to carry a sense of 'indeed' or 'certainly') and γαρ (for) provide causal and assertive weight to the prediction. ταχα (soon) modifies the future tense verb τυγχανεω (to obtain/happen to find), indicating immediate or swift realization. The structure highlights the theme of persistence and the likelihood of success through repeated effort, a core motif in Hesiod's agricultural and ethical instructions.",235
236,"But if you still feel sorrow, you will not deal with money, but you will speak many things at the festivals.","The sentence employs a clear antithetical structure (chiasmus-like) contrasting the speaker's inaction regarding material gain (πρηξεις χρηματα) with their excessive verbal output (αγορευσεις πολλ' ετωσια). The particle μεν... δέ creates a standard contrast between the two clauses: 'on the one hand... but on the other hand.' The phrase ετωσια πολλα is an idiom meaning 'many festival speeches' or 'much talking at public gatherings,' highlighting a common ancient Greek trope where the idle or grieving are characterized by loquaciousness rather than productive labor. The conditional clause ην... λυπη (if... you feel sorrow) uses the subjunctive mood (πραξεις, αγορευσεις) indicating a future more vivid condition, suggesting that the state of sorrow leads inevitably to this specific type of unproductive behavior.",236
237,And a worthless custom of words will be.,"The adjective ἀχρεῖος (worthless, useless) modifies νομός (custom, usage, law) and is placed in the predicate nominative position with the future verb ἐσται, creating a strong emphatic statement about the decline of social norms. The genitive plural ἐπέων (of words) functions as an attributive modifier to νομός, specifying that this 'custom' pertains specifically to speech or discourse. This sentence encapsulates Hesiod's moral concern regarding the deterioration of verbal ethics and social order; a 'custom of words' refers to the accepted norms of speech, such as truth-telling, oaths, and proper discourse, which are foundational to justice in Greek thought. The use of the future tense ἐσται predicts a state of affairs that is coming to pass or is inevitable, reflecting the didactic tone of the Works and Days. The sentence stands as a concise, gnomic warning about the consequences of a society that abandons truth in speech.",237
238,But I command you to observe the release of need and the gathering against hunger.,"This sentence features the particle αλλα (alla) used as a strong adversative connective, shifting the discourse to a new imperative instruction. The verb ανωγα (anōga) is the perfect tense of ἀννάω (annáō), meaning 'I have commanded' or 'I have ordered,' which carries a sense of established authority and finality, often used in didactic poetry to introduce crucial precepts. The infinitive φράζεσθαι (phrázesthai) is the middle voice of φράζω, here functioning as the complement of the command, meaning 'to take thought' or 'to observe carefully.' The syntax employs a chiastic structure in the object phrases: χρειῶν (genitive plural) modifies λύσιν (accusative singular), while λιμοῦ (genitive singular) modifies ἀλεωρῆν (accusative singular), creating a balanced pairing of 'release of needs' and 'gathering against hunger.' The enclitic τε (te) and the elided form τ' (te) function as a copulative conjunction, linking the two abstract nouns in a parallel construction that emphasizes the dual nature of survival strategies. The vocabulary reflects the practical, agrarian concerns central to the Works and Days, where 'gathering' (ἀλεωρή) refers to the collection of provisions to ensure survival during lean times.",238
239,"First, get a house, a woman, and an ox, the plowman's property, not a wife who would follow the oxen; and make all your possessions secure within the house. Do not be the one to ask another, while he denies, and you do not get; but if the season passes and the work is short.","This passage presents a series of imperative and gnomic instructions regarding household management (oikonomia). The syntax employs a strong asyndetic opening in the first clause (omitting a main verb like 'get' or 'take' for the initial nouns), creating a rapid, list-like rhythm that emphasizes the essential components of a farm: housing, labor (the woman), and capital (the ox). The phrase 'not a wife who would follow the oxen' (οὐ γαμετήν, ἥτις καὶ βουσὶν ἐποίτο) uses a relative clause to define the type of woman to avoid; she is depicted not as a domestic partner but as a laborer in the fields, which contrasts with the ideal Greek household where the woman manages the interior (οἶκος). The sentence utilizes a chiastic-like structure in the second half regarding social interaction: 'you ask, he denies' versus 'you do not get,' highlighting the futility of begging when the timing is wrong. The final clause relies on the aorist subjunctive (μινύθη) to express a conditional result dependent on the passing of the 'season' (ὥρα), a key concept in Hesiod's agricultural calendar. The use of μέν and δέ creates a balanced contrast between the ideal state (secure possessions) and the warning against begging (asking and being denied). The phrase 'make all possessions secure' (χρήματα δ' ἐν οἴκῳ πάντ' ἁρμένα ποιήσασθαι) uses the perfect participle ἁρμένα (arranged, fitted, secured) to emphasize the completed state of order within the home.",239
240,And do not postpone things until tomorrow or until the day after.,"This sentence employs a strong negative imperative (μη + infinitive) to issue a prohibition against procrastination, a central theme in Hesiod's didactic poetry. The construction uses the infinitive ἀναβάλλεσθαι (to postpone) governed by the negative particle μή. The sentence features a parallel structure linked by the enclitic conjunction τε...τε (...and... and), creating a rhythmic emphasis on the two future timeframes: ἔς τ' αὔριον (until tomorrow) and ἔς τε ἔνηφιν (until the day after). The term ἔνηφιν is the dative of ἔνος, meaning 'the day after tomorrow' or 'the following day,' often used in agricultural contexts to stress the urgency of seizing the right moment for labor. The use of the enclitic -δ' (from δέ) at the beginning connects this command to previous advice, maintaining the flow of instruction. Stylistically, the repetition of the preposition ἔς (into/until) before each time reference reinforces the futility of delaying action further.",240
241,"For a man who works in the season of the swallows does not fill a fair nest, nor does he delay.","The sentence relies on a specific agricultural metaphor central to Hesiod's didactic poetry. The term 'swallows' (implied by the compound adjective 'swallow-working') signals the arrival of spring and the appropriate time for sowing; a farmer who waits until the swallows are working (or conversely, one who acts outside this specific season) fails to produce. The syntax presents a sharp contrast between the diligent laborer and the procrastinator. The negative particle 'ou' (οὐ) negates the verb 'fills' (πλησί), while the negative 'ou' (οὐ) followed by the enclitic conjunction 'de' (δέ) creates a double negative construction in the second clause, emphasizing that the procrastinator ('one who delays') achieves nothing. The phrase 'fair nest' (καλίην οὐδ᾽) is a metonymy for a successful harvest or a well-provisioned household, a common theme in the 'Works and Days' where the 'nest' represents the fruit of seasonal labor. The sentence structure employs asyndeton in the second clause (omitting the verb 'fills' or 'does' in the second part for brevity), forcing the reader to understand the delay as the direct cause of the failure to fill the nest.",241
242,"Practice, however, improves the work.","The sentence features a straightforward Subject-Object-Verb (SOV) word order, with the subject 'μελετη' (practice, habit, or diligence) appearing first for emphasis. The particle 'δε' (however/but) serves as a connective, likely contrasting this maxim with a preceding thought about the necessity of labor or the consequences of idleness. The verb 'οφελλει' (improves, increases, benefits) takes a direct object 'το εργον' (the work). The phrase 'μελετη εργου' is a common Hesiodic collocation referring to the beneficial effect of constant attention or industry on one's tasks. Stylistically, the sentence employs asyndeton in its brevity and directness, characteristic of gnomic wisdom intended to be easily memorized and applied to daily life.",242
243,For ever the man who works the soil grows old in ruin.,"This sentence presents a gnomic statement, a type of proverbial wisdom common in Hesiod's didactic poetry, using the adverb 'αἰεί' (ever/always) to establish a timeless truth. The phrase 'ἀμβολιεργός' is a compound adjective meaning 'who works with the hoe,' referring specifically to the farmer or tiller of the soil. The syntax features a subject ('ἀνήρ') modified by a descriptive compound adjective, with the verb 'παλαιεῖ' (grows old) taking 'ἄτη' (ruin, delusion, or disaster) as a direct object. This usage is significant because 'ἄτη' typically denotes a state of blindness or folly leading to destruction; here, it is personified as the very medium in which the farmer's life decays, suggesting that the relentless toil of agriculture inevitably leads to physical decline and potential moral or economic downfall. The sentence structure is straightforward, lacking complex subordination, which emphasizes the directness and inevitability of the proverb.",243
244,"When the strength of the sharp heat of the sun, the heat of the ash-tree, has ceased, after the autumn rain of Zeus of mighty strength has fallen, then the skin of mortals turns much lighter.","This sentence employs a clear temporal structure marked by ἥμος (when) introducing a clause of time, followed by the main clause introduced by δὲ (then/and). The phrase καύματος ἰδαλίμου ('heat of the ash-tree') is a notable poetic periphrasis; the ash tree (ἰδαλίμη) is associated with the intense heat of late summer, evoking the specific ecological context of the Greek countryside. The description of Zeus as ἐρισθενεῖος ('mighty-strength') is a standard epic epithet, reinforcing the divine agency behind the seasonal shift. Syntactically, the participle ὀμβρήσαντος ('having rained') governs μετοπωρινόν ('autumnal') as an object, functioning adverbially to modify the main verb λήγει ('ceases'). The main verb τρέπεται ('turns/becomes') is middle voice, indicating a change of state in the subject (χρῶς, 'skin'), while the comparative adjective ελαφρότερος ('lighter') is qualified by the adverb πολύ ('much'). The sentence illustrates Hesiod's didactic style, using precise natural phenomena to mark the transition from summer to autumn, which is crucial for agricultural timing.",244
245,"For at that time the dog-star Sirius comes burning over the heads of men who tend their flocks, by day; but it rests more at night.","This sentence describes the heliacal rising of Sirius (the Dog Star) in the context of the hot, dry summer season, a period of agricultural hardship. The phrase 'κηριτρεφέων ἀνθρώπων' (men who tend their flocks) is a distinctive Hesiodic formula, highlighting the pastoral and agricultural focus of the poem. The verb 'ἔρχεται' (comes) is used with the adverbial adjective 'βαιόν' (burning/scorching), a poetic epithet emphasizing the heat associated with the star's appearance. The sentence structure employs a clear contrast between day and night ('ἡματίος' vs. 'νυκτός') and the actions of the star ('comes' vs. 'rests'). The particle combination 'δέ τε' in the second clause serves to coordinate and emphasize the contrast. The use of the genitive 'κεφαλῆς' after 'ὑπέρ' (over) is standard for expressing position, while 'πλέον' functions as an adverbial accusative of degree modifying 'ἐπαυρεῖ' (rests).",245
246,"At that time the wood, cut with iron, becomes most bitter; and it sheds its leaves to the ground, and the branch ceases.","The sentence describes the harshness of the Winter season (the Iron Age of winter), personifying the tree's suffering. The adjective 'ἀδηκτοτάτη' (most bitter/hardest) is a superlative describing the wood, likely referring to the biting cold or the harshness of the season itself, rather than the taste of the wood. The verb 'χέει' (sheds/pours) is used metaphorically for leaves falling, a common poetic device in agricultural poetry to describe the shedding of foliage. The phrase 'φύλλα δ' ἔραζε χέει' employs anastrophe or a specific word order for emphasis, placing the adverb 'ἔραζε' (to the ground) between the object and the verb. The sentence structure uses a series of coordinated predicates ('πέλεται', 'χέει', 'λήγει') linked by 'δ' (but/and) and 'τε' (and), creating a rhythmic enumeration of the tree's decline. The use of 'σιδήρῳ' (with iron) as an instrumental dative highlights the human intervention in nature, a key theme in Hesiod's Works and Days regarding the progression of the Ages and the degradation of the natural world.",246
247,"At that time, remembering the proper seasons, cut wood.","The sentence employs an aorist imperative infinitive construction (ὑλοτομεῖν) governed by the participle μεμνημένος ('remembering'), which functions as a periphrastic imperative or a strong advisory clause common in didactic poetry. The adverb τῆμος ('at that time') establishes a specific temporal context, likely referring to the autumn season mentioned in the preceding lines of the poem. The phrase ὥρια ἔργα ('seasonal works' or 'proper times for work') is a key technical term in Hesiodic agricultural instruction, emphasizing the importance of observing the natural calendar for labor. The enclitic particle ἄρ' adds a slight sense of immediacy or confirmation to the command. The syntax relies on the participle to bridge the temporal marker and the action, creating a cohesive instruction on timing and memory.",247
248,"He shall cut the plowbeam three feet long, the yoke four, and the axle seven.","This sentence employs a strict tripartite structure using the particles μεν (men), δε (de), and δ' (d') to list three distinct measurements for parts of a plow, creating a rhythmic, instructional cadence typical of didactic poetry. The syntax features a single finite verb (ταμνεῖν, 'to cut') governing three coordinated accusative objects (ὄλμον, ὕπερον, ἄξονα), each modified by a specific adjective of length (τριπόδην, τριπήχυν, ἑπταπόδην). The term ὕπερος refers to the yoke that rests upon the necks of the oxen, while ὄλμος is the beam connecting the yoke to the plowshare, and ἄξων is the axle. The progression of measurements (three, four, seven) reflects practical agricultural knowledge regarding the proportions necessary for a functional plow. The ellipsis of the repeated adjective forms (implied 'feet long' or 'cubits' depending on the specific measure intended by the poet) after the first term creates a concise, parallel style often found in technical instructions.",248
249,For very much indeed it is fitting for you to do so.,"This sentence features the emphatic combination of the adverbs μαλα (very/most) and νυ (indeed/forsooth), which together strengthen the assertion of appropriateness. The particle γαρ provides a causal or explanatory link to the preceding context, indicating that the action being described is justified by what was just said. The dative τοι serves as a dative of advantage or interest, often implying a personal relationship or direct address between the speaker and the listener. The construction ἀρμενον (from ἀραρίσκω, meaning 'to fit' or 'to be fitting') is used predicatively with the implied subject 'it' (neuter singular), creating a standard expression of moral or practical propriety. The sentence structure is concise and direct, typical of Hesiod's didactic style, which aims to provide clear, authoritative advice on conduct and labor.",249
250,"And if you should cut him with an eight-footed [tool], from the ankle and the heel.","This sentence contains a vivid, albeit fragmentary, image of butchery or sacrifice, likely referring to the dismemberment of an animal. The verb τάμοιο is a future optative of τέμνω (to cut), marked by the particle ἄν (here appearing as κεν and κε due to dialectal or textual variation in the transmission) to indicate a potential or hypothetical action within a conditional clause introduced by εἰ. The phrase ὀκταπόδην (eight-footed) is a striking metonymy or metaphor; in this context, it almost certainly refers to a saw or a large cutting implement, as an eight-footed creature would be illogical as a tool. The preposition ἀπὸ indicates separation (cutting *from* the ankle and heel). The sentence employs asyndeton (the omission of a conjunction between the two nouns σφῦραν 'heel' and the implied preceding noun 'ankle', though καὶ connects them here, the tight packing of the body parts creates a rhythmic effect). The syntax relies on the optative mood to express a conditional possibility, typical of Hesiod's didactic advice on practical matters.",250
251,Cut the yoke-pin three fingers thick with a ten-horse team.,"This sentence presents a specific agricultural instruction regarding the construction of a yoke. The adjective τρισπιθαμον (trispiθamon) is a compound adjective meaning 'three fingers wide/thick,' utilizing the ancient unit of measurement based on the breadth of a finger, which serves as a precise technical specification for the woodworker or farmer. The verb τάμνειν (to cut) is in the present infinitive, functioning as a directive or imperative mood, common in didactic poetry where the poet instructs the addressee on practical tasks. The phrase δεκαδώρωι ἀμάξη (dekadōrōi amaxēi) uses the dative of means or instrument to indicate the draft animals required for the task; δεκαδώρωι literally means 'ten-horse,' implying a team of ten oxen or horses, which highlights the labor intensity required. The sentence structure is concise and direct, typical of Hesiod's style in Works and Days, where practical wisdom is conveyed through clear, imperative-like instructions without superfluous elaboration.",251
252,Many twisted paths.,"The sentence is a nominal fragment consisting of a neuter plural accusative object (καλά, 'things' or 'paths') modified by two attributive adjectives: πολύς (πολλά, 'many') and ἐπικαμπύλος (ἐπικαμπύλα, 'twisted' or 'bent'). The adjective ἐπικαμπύλος is a hapax legomenon in Hesiod, literally meaning 'bent upon' or 'curved,' often used metaphorically to describe difficult, deceptive, or crooked roads. The brevity of the sentence creates a striking image of complexity and difficulty, a common motif in the Works and Days where the poet contrasts the easy path to vice with the long, arduous, and 'twisted' path to virtue (often described with similar imagery of steepness and length). The use of the accusative without an explicit verb suggests an elliptical construction, possibly functioning as an exclamation or a summary of the obstacles ahead.",252
253,"And bring the field, whenever you find it, to the house, searching either over the mountain or over the plain, the ploughed field.","The sentence utilizes the aorist subjunctive 'εὔρησ' (you find) within an 'ὅτ' ἄν' (whenever) clause, a construction denoting indefinite or general conditions. The participle 'διζημένος' (searching) is in the present middle/passive form, functioning as an adverbial modifier of manner that emphasizes the continuous effort of the farmer. The syntax employs a balanced structure with the conjunction 'ἢ' (or) connecting two prepositional phrases: 'κατ' ὄρος' (over the mountain) and 'κατ' ἀρούραν' (over the plain). This juxtaposition creates a comprehensive scope, covering both rugged and flat terrain. The adjective 'πρίνινον' (ploughed, belonging to the plow) is placed at the very end of the sentence as a hendiadys or post-positive attribute, creating a strong emphasis on the specific type of land being transported and reinforcing the agricultural theme of the Works and Days. The use of 'δε' (and/but) serves as a connective particle linking this instruction to previous agricultural advice.",253
254,"For the strongest plowing is done with oxen when, once the servant of Athena has driven a stake into the ground and, with bolts, has fastened the wheel to the loom.","This sentence illustrates a specific agricultural metaphor common in Hesiodic wisdom literature, comparing the necessity of proper tools and timing in farming to the precision required in other crafts. The syntax employs a relative clause (οὗς γάρ) introducing a general truth, followed by a temporal clause marked by εὖτ' ἄν (whenever/when) introducing a subjunctive-like condition expressed through the aorist participles πηξάς and πελάσας. These participles denote actions that must be completed prior to the main verb's state. The vocabulary reflects the technical language of the period: 'ἔλυμα' refers to the wooden block or base where the stake is driven, and 'ἱστοβεύς' is a rare term for the beam or frame of a loom, here used metaphorically for the plow's frame or axle. The sentence highlights the cultural significance of Athena (Αθηναίης) as the patron of crafts and agriculture, suggesting that human labor (the 'servant') must align with divine order to be effective. The structure emphasizes the sequential nature of the task: driving the stake, securing the wheel, and then the resulting state of the plow being ready for use.",254
255,"And you should set up two plows, having toiled over the house, one made of iron and one of wood, for thus it is far better.","This sentence presents a practical agricultural injunction typical of Hesiod's didactic style. The construction 'δοιαὶ ... αὐτόγυον καὶ πηκτόν' (two ... iron and wooden) demonstrates a specific syntactic pattern where the numeral 'δοιαὶ' (two) governs the accusative plural 'αὐτογυον καὶ πηκτόν' (iron and wooden), which are adjectives agreeing with the implied neuter plural noun 'αὐτογυον' (iron) and 'πηκτόν' (wooden/plough-shares), though the text here treats them as substantivized adjectives modifying 'ἀρότρα' (plows). The participle 'πονησάμενος' (having toiled) is in the aorist middle, indicating a completed action that precedes the main verb 'θεῖναι' (to set/establish). The phrase 'κατὰ οἶκον' (over the house) suggests labor spent on the domestic sphere or the management of the household. The final clause 'εἰπεὶ πολύ λώιον οὕτω' (for thus it is far better) uses the comparative adjective 'λώιον' (better/more profitable) modified by 'πολύ' (much/far) to emphasize the pragmatic wisdom of the advice. The sentence structure reflects the oral tradition of Hesiod, utilizing paratactic connections and direct imperatives to convey moral and practical instruction.",255
256,"If you should lead another one, you should put another one upon the oxen.","This sentence employs a parallel conditional structure using the optative mood with the particle 'an' (represented here as 'χ' and 'κ') to express a hypothetical or potential action. The repetition of 'eteron' (another/one) at the beginning of both clauses creates an anaphora that emphasizes the idea of replacement or substitution. The verb 'axais' (lead) and 'baloi' (put) are connected through this structure, suggesting a sequence of actions: leading one ox and then placing another on the yoke. The phrase 'epi busi' (upon the oxen) refers to the agricultural practice of yoking oxen for plowing, a common activity in Hesiod's didactic poetry. The use of the dual or plural form 'busi' indicates the standard practice of using pairs of oxen for farming. The sentence reflects the practical wisdom and agricultural instructions characteristic of Hesiod's 'Works and Days'.",256
257,"And the laurel and the elm are the most useless for making looms; the oak is for planks, the field-holm for planks.","This sentence employs a tripartite structure listing three types of wood and their specific utilitarian or non-utilitarian applications in ancient craftsmanship. The adjective 'ἀκιώτατοι' (most useless) is a superlative, emphasizing the inferiority of the laurel and elm for the specific purpose of making looms (ἱστοβοεῖς, literally 'loom-makers' or 'those who work with looms'). The text contrasts these with the oak (δρυός), which is valued for planks (ἔλυμα), and the field-holm (γύης πρίνου), also used for planks. The sentence exhibits asyndeton in the final clause (omission of conjunctions), creating a rapid, list-like rhythm typical of didactic poetry. The phrase 'ἱστοβοεῖς' is a technical term referring to the specific craft of weaving or the tools used in it. The genitive constructions (λαύρης δαφνής, δρυός, γύης πρίνου) function as attributive modifiers indicating the material source for the planks or looms.",257
258,"Buy an ox that is nine years old and male; for the strength of these is not trivial, having the measure of their youth.","This sentence illustrates Hesiod's practical agricultural advice, emphasizing the importance of selecting livestock at a specific developmental stage. The participle 'ἔχοντε' (having) agrees with the implied subject of the relative clause or the oxen themselves, functioning as an attributive participle that modifies 'βοῦς' (ox). The phrase 'μέτρον ἔχοντε' (having the measure) is a poetic idiom indicating that the oxen have reached the fullness of their prime or the proper limit of their youthful strength, suggesting they are now at their peak utility for plowing or labor. The adjective 'ἀλαπαδνόν' (trivial, light, or insignificant) negated by 'οὐκ' underscores the substantial value of the animal's power. The syntax uses a main imperative clause followed by a causal clause introduced by 'γάρ' (for), which provides the rationale for the advice. The use of the perfect infinitive 'κεκτησθαι' (to have acquired) implies a state of possession resulting from the action of buying.",258
259,"To him, the best work.","This sentence is an elliptical imperative or gnomic statement characteristic of Hesiodic wisdom literature, where the verb 'to be' (ἐστί) is omitted. The structure relies heavily on the dative of reference (τὼ, 'to him' or 'for him') and the predicative adjective (ἀρίστῳ, 'best') modifying the verbal noun (ἐργάζεσθαι, 'to work'). The adjective ἀρίστῳ is in the dative case to agree with the dative subject τὼ, functioning as a predicative complement. The syntax emphasizes the superiority of labor for the specific individual addressed, reflecting the poem's broader theme that diligent work is the highest virtue and the only path to a good life. The brevity and lack of conjunctions (asyndeton) contribute to the aphoristic, authoritative tone typical of didactic poetry.",259
260,"For if they were to contend, they would not drag the plow through the furrow, leaving the necessary work behind there.","This sentence employs a conditional construction typical of Hesiod's didactic poetry, using the optative mood (ἔρισαντε, ἄξειαν, λιποῖεν) to describe a hypothetical scenario in the present or future. The negative particle οὐκ combined with the modal particle ἄν creates a standard negative conditional clause. The sentence is structured around a chiastic contrast (μεν...δέ) between the physical action of dragging the plow (ἄροτρον ἄξειαν) and the neglect of the labor itself (τὸ δὲ ἔργον λιποῖεν). The term ἐτωσίον (necessary/fitting) emphasizes the moral or practical imperative of the work, a central theme in Works and Days regarding the virtue of labor. The verb ἄγειν (to drag) is used here with the plow, a common agricultural metaphor for the toil required to sustain life. The phrase ἐν αὔλακι refers specifically to the furrow, highlighting the precision and setting of the agricultural task.",260
261,"To these, a forty-year-old man, having dined, would make a four-year-old bread, an eight-year-old bread, who, while attending to work, would drive straight furrows, no longer looking after his peers, but holding his spirit to the work.","The sentence employs a vivid contrast between the diligent farmer and his peers through the juxtaposition of 'no longer looking after his peers' (μηκέτι παπταινῶν μεθ' ὁμήλικας) and 'holding his spirit to the work' (ἐπὶ ἔργῳ θυμὸν ἔχων). The term 'ὁμήλικας' refers to men of the same age or generation, highlighting the social isolation required for the farmer's success. The adjectives 'τετρατρυφον' (four-year-old) and 'οκταβλωμον' (eight-year-old) modifying 'bread' (ἄρτον) are likely hyperbolic or metaphorical, possibly indicating the quality or duration of the bread's preservation, or perhaps the time it takes to produce it, emphasizing the abundance and longevity resulting from the farmer's diligence. The use of the optative mood (ἐλαυνοί) suggests a habitual or potential action, fitting the didactic nature of the text. The sentence also features asyndeton, where conjunctions are omitted between clauses (e.g., between the participial phrases), creating a swift, continuous flow that mirrors the unceasing nature of the farmer's labor.",261
262,"For him, no other is better to scatter the seeds and to gather the after-sown crops.","The sentence utilizes a comparative construction where the comparative adjective αμείνων (better) functions predicatively with an implied subject 'he' (referring to the person who works the land at the right time), governed by the dative pronoun τῷ (τοῦ). The genitive δέ (δ') serves a connective function, linking this statement to the preceding context regarding the timing of agricultural labor. The infinitive phrases σπέρματα δάσασθαι (to scatter seeds) and ἐπισπορίην ἀλέασθαι (to gather the after-sown crops) are coordinated by the enclitic καί, which emphasizes the completeness of the agricultural cycle. The term ἐπισπορίην refers specifically to the second sowing or the crops that grow from seeds sown after the initial harvest, a concept central to Hesiod's didactic instruction on the seasonal rhythm of farming. The syntax reflects the imperative yet descriptive tone of the Works and Days, where the ideal farmer is defined by his ability to execute these specific tasks efficiently.",262
263,For a younger man makes his way with his peers.,"The sentence features the adverbial particle γάρ (for), which provides a causal explanation, likely following a previous statement about the benefits of working with equals. The comparative adjective κουρότερος (younger) modifies αὐτήρ (man), establishing a contrast with an implied older counterpart. The verb ἐποιήται is a perfect middle/passive indicative of ποιέω (to make/do), functioning here as a deponent with the meaning 'to make one's way' or 'to conduct oneself.' The preposition μετά (with) takes the accusative plural ὁμηλίκας (peers/equals), derived from ὁμηλίκος, emphasizing the social importance of associating with those of the same age or status. This reflects the Hesiodic theme of communal labor and the social dynamics of the agrarian community, where cooperation among peers is presented as a virtue.",263
264,Take note when you hear the annual cry of a crane from the clouds above.,"This sentence employs a gnomic aorist in the dependent clause (ἐπακούσῃς with ἂν), a common feature in didactic poetry used to express general truths or recurring natural phenomena rather than a specific past event. The verb φράζεσθαι (middle/passive imperative) functions as an instruction to the reader or listener to 'pay attention' or 'mark this.' The participle κεκληγυίης (perfect passive participle of κλάζω) modifies γεράνου (crane), emphasizing the completed state of the cry; the perfect tense here suggests a characteristic, recurring sound associated with the bird's migration. The adjective ἐνιαύσια (annual) reinforces the cyclical nature of this natural sign. Stylistically, the phrase ὑψόθεν ἐκ νεφέων (from above out of clouds) creates a vivid spatial image, placing the observer on the ground looking up. The sentence structure relies on the conjunction ἐντ' (when) to link the sensory observation (hearing the cry) directly to the required action (taking note), a typical feature of Hesiodic advice on agricultural timing.",264
265,And when the plow bears its sign and points out the season of the stormy winter.,"This sentence describes the agricultural calendar, marking the specific time when the plow is put away (signaled by the 'sign' of the plow) as winter approaches. The construction uses a temporal clause introduced by ὅτε (here appearing as ὅτ' due to elision before the following vowel), which governs two coordinated present indicative verbs: φέρει (bears) and δεικνύει (points out). The phrase σἡμα φέρει is an idiom meaning 'to bear a sign' or 'to show a sign,' often used in agricultural contexts to denote the readiness of a tool for a specific season. The adjective ὀμβρίου (stormy/rainy) qualifies χεἱματος (winter), emphasizing the harsh conditions that necessitate the cessation of plowing. The sentence exhibits a parallel structure in its verbal predicates, creating a rhythmic balance typical of didactic poetry.",265
266,He bit the heart of a foolish man.,"The verb δακνύω (to bite) is used metaphorically here to describe the physical sensation of intense emotional pain or distress, a common poetic device in archaic Greek literature to depict grief, anxiety, or regret as a visceral, biting force. The adjective ἀβουτέω (foolish, lacking counsel) modifies 'man' and implies a lack of foresight or prudence, suggesting that the suffering described is a consequence of poor judgment. The enclitic particle δέ serves a connective function, linking this action to a preceding context of emotional turmoil or a sequence of events. The syntax places the direct object (heart) immediately before the verb, emphasizing the target of the action.",266
267,For then they must feed the curly-horned oxen while they are inside.,"The particle δή (here written as δή) combined with τότε emphasizes the temporal immediacy and necessity of the action, often translating to 'for then' or 'indeed then' to mark a specific moment in the agricultural cycle. The verb χορταζειν is an infinitive of necessity (or periphrastic necessity), indicating that the action is required or inevitable. The adjective ἑλίκας (curly/spiral) describes the horns of the oxen, a detail reflecting the physical characteristics of cattle familiar to the Greek agrarian world. The participle ὄντας (from εἰμί, here functioning as a present participle in the accusative plural to agree with βόας) creates an adverbial clause of time or circumstance ('while they are inside'), specifying the location constraint. The sentence structure relies on the accumulation of adjectives and participles to create a dense, descriptive image of the farmstead routine, typical of Hesiod's didactic style which prioritizes practical, concrete details over abstract elaboration.",267
268,For it is easy to speak a word.,"This sentence exemplifies the use of the neuter adjective ράδιος (easy) functioning predicatively with the copula implied by the context, a common construction in archaic didactic poetry. The infinitive εἰπεῖν (to speak) acts as the subject of the sentence, while the direct object is the neuter noun ἔπος (word/statement). The particle γάρ (for) indicates that this statement provides a reason or explanation for a preceding clause, which in the context of the Works and Days discusses the relative ease of quarreling compared to reconciliation. Stylistically, the brevity of the sentence and the placement of the infinitive at the end create a concise, proverbial tone typical of Hesiod's gnomic utterances.",268
269,Give an ox and a wagon.,"This imperative sentence employs asyndeton, the omission of conjunctions between clauses or phrases, though here the coordinating conjunction 'καί' (and) is explicitly present between the two objects, creating a balanced, paratactic structure typical of Hesiod's didactic and proverbial style. The verb 'δός' is a second-person singular aorist imperative of 'δίδωμι', indicating a direct command. The objects 'βοῦν' (accusative of 'βοῦς') and 'ἅμαξαν' (accusative of 'ἅμαξα') are both concrete, animate and inanimate respectively, representing essential agricultural assets in ancient Greek society. The sentence reflects the material values of the agrarian world, where livestock and transport vehicles were crucial for economic survival and social status. The syntax is straightforward, with the verb governing two coordinated accusative objects, emphasizing the immediacy and necessity of the request.",269
270,It is easy to forget everything.,"The sentence employs a neuter singular adjective (ῥᾴδιον) functioning as a predicate adjective with an implied impersonal subject (it), a common construction in didactic poetry to express general truths or proverbs. The verb ἀπαναινόμην (aorist infinitive) is used in the sense of 'to forget' or 'to be unaware,' though it can also carry the nuance of 'to deny' or 'to repudiate'; here, the context of the Works and Days suggests the ease with which one forgets moral instruction or the consequences of labor. The enclitic particle δέ serves to connect this thought to the preceding context, contrasting the difficulty of certain actions with the ease of forgetting. The sentence exhibits a concise, aphoristic style typical of Hesiod's instructional verse, emphasizing the human tendency toward negligence without the need for elaborate syntax.",270
271,There are works for the oxen.,"The verb παράειμι (here parsed as παρά + εἰμι) literally means 'to be present' or 'to be at hand,' often implying availability or necessity. The construction places the subject (ἔργα, 'works' or 'labors') before the prepositional phrase (παρά + dative βόεσσι, 'for the oxen'), a word order that emphasizes the existence of the tasks themselves. The dative case with παρά here indicates the beneficiary or the entity for whom the works exist. The sentence reflects the agricultural context of Hesiod's didactic poetry, where labor is organized according to the needs of the farming cycle and the animals required to perform it. The phrase serves as a stark reminder of the relentless nature of agricultural toil, where even the beasts of burden have their allotted tasks.",271
272,"And the man says that a rich man should fix his wits to a wagon, foolish man, for he does not know this.","This sentence employs a sharp ironic contrast between the literal and figurative meanings of the verb πηγνύω (to fix or fasten). The phrase 'fix his wits to a wagon' is a metaphorical idiom suggesting that the rich man's mind is attached to material wealth (the wagon) rather than to wisdom or moral virtue. The vocative adjective νήπιος (foolish/ignorant) serves as a direct address to the subject, intensifying the critic's tone by highlighting the absurdity of prioritizing wealth over intellect. The syntax features a coordinate structure where the main verb φησί (says) is followed by an infinitival clause (πηξασθαι), which is then contrasted with a second finite verb clause (οὐκ οἶδεν) introduced by the coordinating particle -δε. The word order places the insult νήπιος between the two main clauses, creating a parenthetical emphasis that isolates the folly of the rich man before delivering the final judgment of his ignorance.",272
273,"One hundred spears of a wagon, of which one must take care to set up first the household items.","This sentence presents a syntactic challenge typical of Hesiodic didactic poetry, where the subject of the main clause ('one hundred spears') is separated from its governing verb by a parenthetical infinitival construction. The word δοῦρατ' (spears) functions as the subject, while ἔχειν (to have/take) serves as a periphrastic or catenative verb requiring the infinitive θέσθαι (to set/place) to complete its meaning. The phrase οἰκεῖα (household items) acts as the object of θέσθαι. The preposition πρόσθεν (before/first) modifies θέσθαι, emphasizing the priority of establishing domestic order. The use of the dative of advantage (implied in the construction 'of which') and the specific enumeration of 'a hundred spears' alongside a 'wagon' likely reflects the material requirements for a warrior or the equipment necessary for a specific agricultural or military task, highlighting the practical, hands-on nature of Hesiod's advice. The syntax forces the reader to hold the initial subject in mind while processing the dependent infinitive clause, a structure that demands careful attention to resolve the semantic relationship between the spears and the action of setting up the household.",273
274,"Whenever the first plowing appears to mortals, then you must make a dash, you and your servant, and plow the dry land and the moist land in the season of plowing, hastening very early, so that your fields may increase.","This sentence illustrates Hesiod's didactic style, emphasizing the critical importance of timing in agricultural labor. The structure employs a clear temporal framework ('whenever... then...') marked by the particles 'εὖτ' ἄν' (eût' an) and 'δή τότε' (dē tote), which creates a cause-and-effect relationship between the appearance of the season and the necessary action. The verb 'ἐφορμηθῆναι' (to make a dash or rush) conveys a sense of urgent, decisive action required to seize the fleeting opportunity of the plowing season. The text uses an inclusive 'you' (singular 'αὐτός' alongside the plural 'δμῶες') to address the farmer directly, implying that even the master must work alongside his servants. The phrase 'dry and moist land' (διερὴν ... αὐτὴν) highlights the thoroughness required, suggesting the need to plow all available terrain, regardless of its condition. The use of the participle 'σπεύδων' (hastening) modified by 'πρωῒ μάλᾳ' (very early) underscores the cultural value placed on rising before dawn to maximize labor hours. Finally, the purpose clause introduced by 'ἵνα' (so that) with the subjunctive 'πλήθωσιν' (may increase) reveals the ultimate goal: not just the act of plowing, but the multiplication of the harvest and the prosperity of the household.",274
275,To plow in the spring.,"The infinitive 'πολεῖν' (to plow) functions as the predicate of an implied imperative or infinitive of purpose, a common structure in didactic poetry for giving instructions. The dative noun 'ἥρι' (springtime) is used with the adverbial function of 'time' (Adv), indicating the specific season for the agricultural activity. The sentence exemplifies the paratactic style of Hesiod's agricultural calendar, where instructions are often presented as concise fragments rather than full, complex sentences. This brevity reflects the oral tradition and the practical, proverbial nature of the text, where the context of 'doing' is often left implicit.",275
276,And a new moon will not deceive you in summer.,"The sentence employs the future indicative active of the verb ἀπατάω (to deceive, to mislead), negated by οὐ. The subject is the feminine singular aorist passive participle νεωμένη (from νεάω, to become new), functioning as a substantive referring to the 'new moon' or the 'new month.' The temporal adverbial θερέος (genitive of time) specifies the season. The particle δέ serves as a connective, likely continuing a sequence of advice regarding agricultural or navigational timing. The phrase reflects Hesiodic didactic poetry, where celestial phenomena are treated as reliable indicators for human activity; the assertion that the new moon in summer does not deceive implies a period of stability or predictability in the agricultural calendar, contrasting with other seasons where omens might be ambiguous. The syntax places the temporal phrase before the negation and subject, a common feature in Greek for emphasis on the specific time frame being discussed.",276
277,Yet sow the land while it is still fallow.,"The sentence begins with the enclitic particle δε (de), which here functions as a connective particle often used to introduce a new instruction or to contrast with a preceding thought, though it is translated here as 'yet' or simply retained as a connective in the flow of advice. The verb σπείρειν (speirein) is a present active infinitive, which in the context of Hesiod's didactic poetry typically functions as an imperative or a recommendation ('sow!'), a common feature in gnomic or prescriptive texts. The adjective κουφίζουσαν (kouphizousan) is a present middle/passive participle agreeing with αρούραν (arouran, 'land/field'). While the participle can mean 'being light' or 'being easy,' in agricultural contexts, it specifically describes land that is light, loose, or uncultivated (fallow), as opposed to hard, compacted, or already worked soil. The adverb ἐτι (eti) emphasizes the temporal immediacy, urging the farmer to act 'still' or 'yet' while the condition holds true. The syntax places the adjective and participle before the noun they modify, creating a tight, rhythmic phrase typical of the hexameter. The advice reflects the practical agricultural wisdom of the Greek world, where timing the sowing of a new field before the soil becomes hard or overgrown is crucial for a successful harvest.",277
278,"Fallow land, the averter of harm, the prayerful one of children.","This sentence is a vocative address to the land, personified through a series of epithets. The first epithet, 'ἀλεξιάρη' (alexiarē), literally means 'harm-averter' or 'remover of evil,' functioning as a title of protection. The second, 'εὐκηλητείρα' (eukēlēteira), is a rare compound noun derived from 'εὐκήλη' (good prayer/wish), meaning 'she who prays well' or 'blessed one,' here specifically linked to the 'children' (παίδων) who depend on the land's fertility. The syntax employs asyndeton (the omission of conjunctions) between the two predicate nominatives, creating a rhythmic, accumulative effect typical of Hesiodic gnomic or invocatory poetry. The genitive 'παίδων' is an appositional or possessive genitive, indicating that the 'prayerful one' belongs to or acts on behalf of the children. The phrase 'νεῖος' (neios) in the vocative case addresses the fallow or uncultivated earth directly, highlighting its dormant but potential state.",278
279,"And you must pray to Zeus Chthonius and to holy Demeter, to perform the sacred ploughing of Demeter, beginning with the first furrow, when, taking the sharp end of the ploughshare in your hand, you bring the ploughed furrow to the back of the oxen that are pulling the plough.","This passage outlines the specific agricultural ritual required to honor Demeter at the beginning of the ploughing season. The phrase 'Zeus Chthonius' (Zeus of the earth/underworld) combined with 'holy Demeter' reflects the chthonic (earth-related) nature of the first furrow, which was often sacrificed or offered to the deities to ensure fertility. The term 'sacred ploughing' (ἱερὸν ἀκτήν) indicates that the first furrow was not merely agricultural but a religious act. The syntax uses a participle construction ('taking' / λαβών) to describe the physical action of gripping the ploughshare (ἔχετλη) before the main verb ('you bring' / ἵκηαι). The description of the plough's position ('to the back of the oxen') and the use of the genitive plural 'pulling' (ἐλκόντων) with 'middle' (μέσαβων) likely refers to the yoke or the specific part of the plough where the oxen are harnessed, though the exact mechanics of ancient ploughing are often debated. The sentence employs a temporal clause introduced by 'when' (ὅτ'), linking the ritual prayer directly to the physical act of ploughing, emphasizing that the correct performance of the ritual is integral to the farming process itself.",279
280,"But the small servant, holding a sickle, placing labor for the birds, hiding the seed.","The sentence employs a series of present active participles (ἔχων, τιθείη, κατακρύπτων) to describe the actions of the subject (δμωός). The verb τιθείη is in the optative mood, likely expressing a potential or hypothetical action, or potentially a subjunctive form in a dialectal or textual variant context, though the parsing indicates optative. The term τυτθός (small/young) modifies the servant, suggesting a young or inexperienced laborer. The imagery of the servant holding a sickle (μακέλη) and burying seed, only to have it consumed by birds, alludes to the theme of wasted labor found in Hesiod's Works and Days, emphasizing the futility of toil without proper protection or timing. The sentence structure uses asyndeton (lack of conjunctions) between the participial phrases, creating a rapid, sequential depiction of the servant's actions.",280
281,"For fair-mindedness is best for mortal men, but bad-mindedness is worst.","The sentence employs a clear chiasmus in its structure, contrasting 'fair-mindedness' (εὐθημοσύνη) with 'bad-mindedness' (κακοθημοσύνη) and 'best' (ἀρίστη) with 'worst' (κακίστη). The compound nouns here are significant; they derive from 'thymos' (spirit, mind, or disposition), indicating an internal state of character rather than just external actions. The use of the comparative superlatives ἀρίστη and κακίστη emphasizes the absolute moral dichotomy presented. The sentence uses asyndeton in the second clause (omitting a conjunction before 'κακίστη' beyond the coordinating 'δέ'), which adds to the rhythmic balance and contrast. The dative plural 'θνητοῖς ἀνθρώποις' specifies the beneficiaries of these dispositions, highlighting the societal and personal impact of one's mental state.",281
282,"Thus the ears of grain would bow low to the earth, if Zeus himself from Olympus should grant a good harvest, and you should sweep away the cobwebs from the vessels.","This sentence illustrates the use of the optative mood (νεύοιεν, οπαζοι, ελασειας) combined with the particle κεν (an) to express a potential or future condition in a general or timeless sense, typical of Hesiod's gnomic or proverbial style. The structure relies on a conditional clause introduced by εἰ (if), where the apodosis (the main clause) is also in the optative, suggesting a hypothetical scenario dependent on divine favor. The phrase 'ears of grain bowing low to the earth' is a vivid personification of a bountiful harvest, while the command to sweep cobwebs from vessels (αγγεων) serves as a metaphor for clearing away dust and neglect to welcome prosperity. The sentence employs asyndeton in the final clause ('and you should sweep...'), omitting a conjunction before the verb to create a sense of urgency or immediate action required after the condition is met. The term 'Olympian' (Ολυμπιος) refers to Zeus, highlighting the divine agency necessary for agricultural success in the ancient Greek worldview.",282
283,"And I thought you would rejoice, seeking sustenance while it is present within the house.","The sentence features a periphrastic construction with the main verb 'I thought' (ἔλπα) taking a future infinitive (γηθήσειν) as its object, expressing a mental state regarding a future action. The participle 'seeking' (αιρεύμενον) is in the present middle/passive form but carries an active sense here, describing the manner in which the subject is expected to rejoice. The phrase 'while it is present within the house' (ἔνδον ὄντος) uses a genitive absolute construction with the verb 'to be' (ὄντος), emphasizing the imminence and accessibility of the sustenance. The use of the middle voice in 'seeking' (αιρεύμενον) suggests a personal, perhaps self-interested engagement with the act of seeking, which is typical of Hesiod's didactic tone. The sentence structure is straightforward, yet the interplay between the participle and the genitive absolute creates a nuanced depiction of the conditions under which joy is expected to arise.",283
284,"You will reach the spring of the well-clothed earth, and you will not shine forth to others.","This sentence presents a gnomic or prophetic statement using the future indicative (ἵξεαι, αὐγάσεαι) to describe an inevitable outcome. The adjective πολιὸν (grey/grey-haired) modifying ἔαρ (spring) is a striking personification, evoking the image of the earth as an elderly woman whose 'hair' is the grey of frost or the muted colors of early spring before full bloom. The phrase ἐύοχθέων (of the well-clothed ones) is a periphrastic reference to the earth or the seasons, suggesting fertility and abundance. The second clause utilizes a negative construction (οὐ... αὐγάσεαι) where the verb αὐγάζω (to shine, gleam, or appear brightly) implies social visibility or prominence; the negation suggests a state of obscurity or withdrawal from the public eye. The sentence structure employs asyndeton in the first clause (implied connection to the preceding context) but uses the coordinating particle δέ (δ') to link the two main predicates, creating a contrast between arriving at a specific time and failing to achieve visibility among others. The use of the dual sense of 'spring' (the season and the source of water) may also be subtly present in the agricultural context of the Works and Days.",284
285,"And another man, having made use of you, will come to be.","The sentence features a periphrastic future construction using the perfect middle participle (κεχρημένος) combined with the future form of the verb 'to be' (ἔσται), emphasizing the state of having already utilized the addressee. The enclitic particle δέ (δ') serves a connective function, often translating as 'and' or 'but' to link this thought to the preceding context. The adjective ἄλλος modifies ἄνηρ, highlighting the replacement of the current individual by a successor. The syntax reflects a common Hesiodic theme regarding the transience of personal relationships and the inevitability of succession in the moral and social order.",285
286,"If, when the sun turns, you gather the dry earth, sitting you will winnow a little of the work around the hand, binding the winnowing-fan while dusty, not at all rejoicing, and you will carry it into the basket.","This sentence illustrates the agricultural instructions of Hesiod, specifically focusing on the labor-intensive process of winnowing grain. The syntax relies heavily on a series of present participles (ἡμένος, δεσμεύων, κεκονιμένος, χαίρων) that modify the main future indicative verbs (ἀμήσεις, οἴσεις), creating a vivid, simultaneous picture of the worker's actions and state of being. The phrase 'a little of the work around the hand' (ὀλίγον περιὶ χειρὸς ἔργων) is a technical description of the manual motion required to separate chaff from grain. The adverb 'not at all' (οὐ μάλα) combined with the participle 'rejoicing' (χαίρων) emphasizes the hardship and lack of pleasure in this specific task. The use of the aorist infinitive αἱρέω (here as αἱρέως in the text provided, though the lemma is αἱρέω) in the conditional clause refers to the gathering of the threshed grain. The text preserves the dialectal form 'φορμῷ' (dative of φορμός) for 'basket'. The sentence structure effectively conveys the repetitive, physically demanding nature of the work through the accumulation of descriptive participles.",286
287,"Few, however, will wonder at you.","The verb θεάομαι (theaomai) typically means 'to look at' or 'to gaze upon,' but in this context, combined with the accusative object 'you' (σε), it carries the sense of 'to be amazed by' or 'to wonder at.' The adjective παῦροι (pauroi), meaning 'few,' functions as the subject of the future passive verb, emphasizing the scarcity of those who will react with awe. The particle δέ (de) serves as a connective, likely contrasting this statement with a preceding context where many might be expected to react differently. The sentence employs a concise, prophetic tone characteristic of Hesiodic didactic poetry, where the poet often warns of the rarity of wisdom or the limited number of those who truly understand divine truths.",287
288,"Sometimes the mind of Zeus, the aegis-bearer, is different, and it is hard for mortal men to comprehend it.","The sentence employs the adverbial pair 'ἄλλοτε δ᾽ ἄλλοιός' (sometimes... different/other), a common Hesiodic formula indicating variability or unpredictability. The epithet 'αἰγιόχοιο' (aegis-bearer) for Zeus is a standard Homeric and Hesiodic honorific referring to the god's protection and authority. The adjective 'ἀργαλέος' (hard, grievous, laborious) describes the difficulty of the action, here the cognitive act of 'νοῆσαι' (to think, perceive, or comprehend). The use of the dative plural 'ἀνδράσσι καταθνητοῖσι' (to mortal men) emphasizes the gap between divine cognition and human understanding. The sentence structure highlights the inscrutability of divine will, a central theme in Works and Days where Zeus's plans are often beyond human foresight.",288
289,"But if you should gather it late, this will be a remedy for you.","This sentence illustrates a classic conditional construction (protasis and apodosis) common in didactic poetry. The protasis 'εἰ δέ κεν ὀψ᾽ ἀροίης' employs the future less vivid form (aorist subjunctive with the particle ἄν, represented here as κεν), indicating a hypothetical but possible future action. The adverb ὀψέ (late) is elided before the vowel of the verb ἀροίης (you gather/harvest), a feature of poetic meter. The apodosis 'τοῦτο κεν τοι φάρμακον εἴη' uses the present optative εἴη to express potentiality, mirroring the mood of the condition. The particle τοι is the dative of address, indicating the advice is directed personally to the addressee (the brother, Perses). The term φάρμακον (remedy/drug) is used metaphorically here; in the context of Hesiod's Works and Days, it refers to the labor required to fix the consequences of a belated harvest, suggesting that the 'cure' for a bad situation is hard work. The sentence structure emphasizes the causal link between timing and the necessity of labor.",289
290,"When the cuckoo first sings in the leaves of the oak, it delights mortals on the boundless earth; at that time Zeus rains on the third day, lest he go beyond [the limit], nor should he surpass the ox's hoof nor leave it behind.","This passage describes the agricultural calendar, using the cuckoo's first call as a phenological indicator for the start of the rainy season. The sentence employs a chiastic structure in the final clause: 'lest he go beyond' (ἀπολήγοι), 'nor surpass' (ὑπερβάλλων), 'nor leave behind' (ἀπολείπων). The phrase 'surpass the ox's hoof' (ὑπερβάλλων βοὸς ὀπλῆν) is a vivid metaphor for excessive rainfall, suggesting that rain should not be so heavy that it drowns the ox or exceeds the depth of its hoof. The use of the aorist optative with μή (ἀπολήγοι) and the present participles (ὑπερβάλλων, ἀπολείπων) creates a conditional warning about the divine balance of weather. The term 'boundless earth' (ἀπείρονα γαῖαν) emphasizes the universal impact of the seasonal change on humanity.",290
291,Thus the fisherman would equal the early-riser.,"The sentence employs the imperfect optative with the particle ἄν (here contracted as κ') to express a potential or hypothetical action in the present or future, fitting the context of a general maxim or proverb. The verb ἰσοφαρίζω literally means 'to balance' or 'to make equal,' often used in the sense of 'to match' or 'to be the equal of.' The subject ὀψαροτής (fisherman) and the object πρωήροτης (early-riser, or one who rises early) are both nouns in the masculine gender, the latter being a hapax legomenon in Hesiod that emphasizes the virtue of early labor. This construction highlights a contrast between the late-working fisherman and the diligent early worker, a common theme in Hesiodic didactic poetry regarding the value of industry. The sentence may also exhibit a form of chiasmus in the underlying conceptual structure, contrasting the late activity of the fisherman with the early activity of the other, reinforcing the moral lesson on the importance of timely work.",291
292,But in your heart guard everything well.,"This imperative sentence uses the middle voice of the verb φυλάσσω (to guard/keep), which in the second person singular imperative (φυλάσσεο) carries a reflexive nuance, implying guarding something for oneself or with personal care. The preposition ἐν with the dative case (θυμῷ) denotes the internal locus of the action, emphasizing that vigilance must originate from within one's own mind or spirit rather than merely external observation. The adverb εὖ modifies the verb to indicate the manner of guarding ('well' or 'properly'), while πάντα serves as a neuter plural accusative object meaning 'all things' or 'everything.' The particle δέ functions as a connective, often indicating a transition or continuation of thought, linking this advice to preceding instructions. The phrase exemplifies Hesiod's didactic style, focusing on internal moral discipline as a prerequisite for righteous living.",292
293,"Let not the grey spring being born, nor the timely rain, escape your notice.","This sentence employs a double negative construction (μή + μήδε) combined with the present optative of λανθάνω (to escape notice), creating a strong gnomic imperative or warning. The structure is marked by asyndeton (the omission of a conjunction between the two subject clauses 'spring' and 'rain') and chiasmus in the negative particles (μή -δέ... μή -τε... μή -θ'). The participle γιγνόμενον (being born/coming into being) is in the present tense, emphasizing the continuous or ongoing nature of the seasons' arrival. The adjective πολύος (grey) applied to spring is a poetic periphrasis referring to the greyish or overcast sky associated with early spring rains, while ὥριος (timely/seasonal) describes the rain as occurring at the proper agricultural moment. The syntax uses a coordinated subject (ἔαρ... ὀμβρός) connected by τε... τε (rendered here as -τ' and -θ' for the enclitic conjunctions) governed by the optative verb, typical of Hesiod's didactic style which blends agricultural advice with divine warning.",293
294,"Go alongside the bronze seat and the raised bench in the winter season, when the cold holds the man back from work, where a man without labor might increase his great house; lest the helplessness of the evil winter seize you together with poverty, and the thin foot press the thick foot.","This passage presents a vivid example of Hesiod's practical agricultural advice, emphasizing the necessity of seeking shelter and conserving energy during the harsh winter months. The syntax employs a series of imperatives and conditional clauses to structure the advice: first, the directive to move indoors (παρ δ' ἴθι), followed by the temporal condition (ὅποτε) defining when this is necessary, and finally the negative imperative (μὴ σε...) warning against the consequences of staying out. A notable literary feature is the contrast between the 'thin foot' (λεπτήν) and the 'thick foot' (παχύν), likely a metaphor for the deterioration of the body (or perhaps a reference to the thinness of clothing versus the bulk of a boot or the physical toll of cold) and the crushing nature of poverty. The phrase 'increase his great house' (μέγα οἶκον ὀφέλλοι) uses the subjunctive with 'if ever' (κ') to describe a hypothetical scenario of accumulating wealth through idleness in winter, contrasting with the active labor required in other seasons. The use of the dative of means or accompaniment (σὺν πένεη) links the abstract concepts of helplessness and poverty as a unified force that 'seizes' the individual.",294
295,"Many a lazy man, waiting upon an empty hope, needing livelihood, spoke evil things to his spirit.","The sentence features a subject ('man') modified by three distinct participial phrases that create a vivid character portrait: 'waiting upon an empty hope' (κενεήν ἐπὶ ἐλπίδα μιμνών), 'needing livelihood' (χρηίζων βιοτοῖο), and the main verb 'spoke evil things' (κακὰ προσελέξατο). The genitive βιοτοῖο (of livelihood/life) is a common construction with verbs of needing or lacking. The phrase 'spoke evil things to his spirit' utilizes the dative θυμῷ to indicate the indirect object or the internal locus of the speech, a frequent usage in archaic poetry where the 'thymos' (spirit/heart) is the seat of thought and emotion. The structure relies on asyndeton (the omission of conjunctions) between the participial phrases, creating a rhythmic accumulation of the man's flaws. The adjective 'empty' (κενεήν) modifying 'hope' serves as a key thematic element, highlighting the futility of the man's inaction and reliance on false expectations.",295
296,"For a man who has been used to it, hope is not good; he remains in the gathering-place, wishing that his livelihood might be sufficient.","This sentence presents a gnomic observation on the nature of hope (elpis) and idleness. The term 'λεσχη' (lesche) refers to a public gathering place, often associated with the market or the town square where men would sit and converse; in this context, it implies laziness or loafing rather than productive work. The participle 'κεχρημένον' (kechremenon) is a perfect passive participle of 'chraomai', here meaning 'having been accustomed' or 'used to' (a specific state of affairs), which modifies 'andra' (man). The clause 'τω μη βιος αρκιος ειη' is a purpose or result clause expressing the man's internal desire or wish for his sustenance to be enough, contrasting with the active labor Hesiod elsewhere advocates. The syntax juxtaposes the negative value of hope for the idle man against his passive state of waiting for sufficiency.",296
297,Show the slaves that summer is still in its midst.,"The sentence employs the present imperative form of δεικνύω (δείκνυε) to issue a direct command. The verb governs a dative object of the person affected (δμώεσσι, 'to the slaves/servants'), a construction common in instructions where the recipient is the beneficiary or target of the action. The phrase ἔτι μέσσου ἐόντος is a genitive absolute construction functioning adverbially to modify the main verb, literally translating to 'while summer is still in the middle.' The adjective μέσσου (genitive of μέσος) agrees with θέρευς (summer), emphasizing the peak or central period of the season. This reflects the agricultural context of Hesiod's Works and Days, where precise timing for labor relative to the seasons is critical. The use of ἔτι ('still') adds a sense of urgency, implying that the action must be taken before the season passes its midpoint.",297
298,Summer will not always be; make hives (instead).,"This sentence employs a gnomic aorist or future indicative (ἐσσεῖται) to state a universal truth about the transience of seasons, contrasting the fleeting nature of 'summer' (θέρος) with the enduring necessity of preparation. The phrase 'make hives' (ποιεῖσθε καλάς) is an agricultural imperative advising the listener to prepare storage for the winter, as summer inevitably ends. The syntax presents a causal or consequential relationship: because summer is temporary, one must act to secure resources. The term καλάς (kalias) refers specifically to beehives or baskets for storing honey and grain, reflecting the pastoral and agricultural context of the Works and Days. The structure emphasizes the cyclical nature of time and the human responsibility to adapt to it.",298
299,"Avoid the month of Lenaia, those bad days, all ox-tending days, and the springs which, when the North Wind has breathed upon the earth, bring forth their noxious effects, the one who, having breathed through Thrace, the horse-nurturing, into the wide sea, set the season.","The sentence is an imperative warning advising the farmer to avoid specific times of year. The phrase 'κακά ἡμέτα, βουδόρα πάντα' (bad days, all ox-tending days) uses asyndeton (the omission of conjunctions) to create a rapid, emphatic list of unfavorable periods. The term 'βουδόρα' (ox-tending) is a hapax legomenon in Hesiod, referring to the difficult winter period when cattle require special care and grazing is impossible. The relative clause describing the springs (πηγάδας) employs a participial construction ('πνεύσαντος') to link the action of the wind to the resulting bad conditions, illustrating the causal relationship between the North Wind (Boreas) and the unhealthiness of the water. The epithet 'ἱπποτρόφου' (horse-nurturing) for Thrace is a standard Homeric and Hesiodic formula highlighting the region's suitability for breeding horses. The syntax shifts from the general warning to a specific description of the wind's path (through Thrace to the Pontus/Euxine Sea) and its seasonal impact, using a participial phrase ('ἐμπνεύσας') to denote the agent's action that brings about the season ('ὥρινε'). The term 'δυσηλεγεές' (noxious, ill-speaking) is a compound adjective used to describe the harmful nature of the springs during this time.",299
300,The earth and the forest have lowed.,"The verb μεμύκε (memyke) is the perfect active indicative, third person singular of μυκαόμαι (mykaoomai), meaning 'to low' or 'to moo' as a cow or bull does. The use of the perfect tense here implies a state resulting from a past action: the earth and the forest are now in a state of having lowed, or are currently emitting this sound. This personification is a striking feature of Hesiodic poetry, attributing animalistic vocalization to inanimate nature (earth and forest) to express a profound, resonant, or perhaps ominous reaction to a divine or cosmic event. The sentence employs asyndeton (the omission of a conjunction between clauses) if this were part of a larger sequence, but here it is a simple coordination with και (and). The phrase evokes the idea of nature itself crying out, a motif often associated with omens or the voice of the gods in early Greek literature. The alliteration of the 'm' and 'k' sounds in μεμύκε adds a sonic quality that mimics the sound being described.",300
301,"He fills with many tall oaks and thick firs the deep glens of the mountain on the rich-soiled earth, and then all the wood makes a noise at that time.","The sentence describes the growth of a forest in the mythical Golden Age. The syntax features a participle construction (ἐμπιπτόντος) that functions adverbially to describe the manner or circumstance of the main verb (πλημνᾷ, though the lemma is given as πιλνᾷ which is a variant of πλήμνῃ/πλημνᾷ, meaning 'to fill' or 'to crowd'). The phrase 'πολλαὶ δὲ δρυῦς ὑψηκόμους ἐλάτας τε παχείας' uses asyndeton (the omission of a conjunction) between 'oaks' and 'firs' (connected only by the enclitic τε), creating a rapid, cumulative effect. The adjective 'πολυβοτείρη' (rich in pasture/vegetation) is a compound epithet typical of Hesiodic diction, emphasizing the fertility of the earth. The second clause introduces a shift to auditory imagery ('βοάω'), personifying the forest ('νηρίτος ὕλη') as making a sound, likely referring to the rustling of leaves or the creaking of trees in the wind, a common motif in ancient descriptions of nature. The use of 'τοτε' (at that time) reinforces the temporal setting of this idyllic era.",301
302,"The wild beasts shiver, and they place their tails beneath their breasts; from these [parts] is the hairy, dark hide.","The sentence employs asyndeton (the omission of conjunctions) between the first clause and the second, creating a rapid, rhythmic listing of actions typical of Hesiodic description. The verb φρίσσω (to shiver) vividly conveys the physical sensation of cold or fear in the beasts. The phrase 'place their tails beneath their breasts' (οὐρᾶς δ' ὑπὸ μέζε' ἔθεντο) describes a specific posture of self-protection against the elements, a common motif in ancient descriptions of animals enduring harsh weather. The third clause shifts to a descriptive state, using the neuter plural participle/attribute κατασκιον (shaded, dark, or shadowy) to characterize the resulting hide, which is formed from the hair (λάχνη) of those specific body parts. The use of the relative pronoun τῶν (of which/those) links the origin of the hide directly to the mentioned anatomy, emphasizing the material composition of the animal's coat.",302
303,"But even though these men are rough-chested, cold still seizes them.","The sentence employs a concessive construction using the participle ὄντων (from εἰμί, 'to be') combined with the particle περ, which emphasizes the concession ('even though' or 'although'). The adjective δασυστέρνων ('rough-chested' or 'hairy-chested') is a compound adjective often used in epic poetry to describe warriors or robust men, highlighting their physical strength or masculinity. In contrast, the subject ψυχρός ('cold') personifies the weather or a chilling force that overcomes these strong men, illustrating the harshness of the winter season. The particle νύ adds a tone of affirmation or continuity, while αἱ (here αὖ or αἰ, depending on dialectal variation in the text, but here functioning as αἰ) serves as a connective particle to introduce the contrasting thought. The syntax reflects Hesiod's didactic style, using concrete imagery to convey the inevitability of natural forces despite human strength.",303
304,"And it comes through the hide of an ox, nor does it hold it back.","The sentence describes the phenomenon of wind or air passing through the leather of an ox-hide. The phrase 'through the hide of an ox' (δια ρινοῦ βοός) utilizes a genitive of material (ὁ ρινός, the hide) modified by the specific animal, illustrating the texture or material of the object. The verb ἔρχεται is in the middle voice, which in this context implies motion or passage rather than a reflexive action. The sentence employs a strong adversative conjunction (οὐδέ) to negate the second verb ἔσχει (from ἔχω), creating a contrast between the ease of the wind's entry and its inability to be restrained. The use of the enclitic -τε (τε) with the conjunction καί emphasizes the additive nature of the action, while the asyndeton is not present here, but rather a clear coordination with δε. The pronoun μιν is an enclitic form of αὐτόν, referring back to the wind or the force implied in the context. The stylistic feature of the sentence is its concise depiction of a natural force overcoming a physical barrier, typical of Hesiod's didactic and observational style.",304
305,And it blows through the long-haired goat.,"The particle combination καί τε (kai te) serves to connect this clause to the preceding context while adding a sense of continuity or emphasis, often found in Hesiod's descriptive passages. The verb αἴησι (aēsi) is the third person singular present indicative active of αἵω (aieō), meaning 'to blow' (typically of wind), which creates a vivid personification of the wind's action. The adjective τανύτριχα (tanūtricha), agreeing with αἴγα (aiga, 'goat'), literally means 'long-haired' or 'long-maned,' a descriptive epithet that may evoke the image of a goat with shaggy fur or a ram's wool, highlighting the texture of the animal in the breeze. The phrase captures a moment of natural observation, characteristic of Hesiod's didactic poetry, where the environment is rendered with sensory detail.",305
306,"Sell the sheep, for their hair has no strength to withstand the blast of the North wind.","This sentence illustrates Hesiod's practical agricultural advice regarding livestock management in winter. The syntax relies on the conjunction οὕνεκα ('for/because') to introduce a causal clause explaining the imperative command to sell. The phrase 'their hair' (τριχες αυτων) refers to the wool of the sheep, which is personified as possessing a physical strength (ις) capable of resisting the elements; its absence signifies the animals' vulnerability to the cold. The specific mention of Boreas (the North wind) is culturally significant, as this wind was notorious in Greek mythology and daily life for bringing harsh, destructive winter weather to Greece. The sentence employs a concise causal structure typical of didactic poetry, moving from a direct command to a naturalistic justification.",306
307,He places the old man in a wheelbarrow.,"The adjective τροχαλόν (trochalón) is a hapax legomenon in Hesiod, derived from τροχός (wheel). Here it functions as an object complement (OCOMP) to the verb τίθησιν (he places), describing the state or position of the old man (γέροντα). The phrase depicts the physical burden and humiliation of the elderly, a recurring theme in the Works and Days where the poet warns that the old will suffer neglect and hardship. The particle δέ (de) serves as a connective, linking this image to the preceding context of social decay and the reversal of traditional family duties.",307
308,"For the girl with the tender skin does not know the marriage of a maiden, nor has she yet learned the works of golden Aphrodite while living in her dear mother's house.","This sentence describes the transitional state of a young girl before puberty and marriage. The phrase 'διαπαρθενικῆς ἀπαλοχρόος οὐ διαίησιν' is a negative statement regarding the lack of knowledge about marriage (διαίησις). The term 'ἀπαλοχρόος' (tender-skinned) is a characteristic epithet for young women in this age group. The clause 'ἥτε δομῶν ἔντοσθε φίλη παρα μητρί μίμνει' explains the reason for this ignorance: she remains in the safety and familiarity of her mother's home. The genitive 'πολυχρύσου Ἀφροδίτης' (of golden Aphrodite) is a poetic periphrasis for the goddess herself, highlighting her association with beauty and love. The syntax uses a relative clause introduced by 'ἥτε' (or 'ὅτε') to provide context for the subject's current state. The use of 'οὐ πώ' (not yet) emphasizes the temporal nature of this phase. The sentence structure is relatively straightforward, focusing on the contrast between the girl's current innocence and the future experiences of marriage and womanhood.",308
309,"Having washed her tender skin and anointed it with olive oil, she lies down indoors in her house on a winter day, when the boneless foot aches in the hearthless house and in the cruel conditions.","This sentence employs a series of participial phrases (λογεσσαμένη, χρισμένη) to describe the preparatory actions of the subject before the main verb (καταλέξεται, 'she lies down'). The adjective τερένα ('tender' or 'soft') is a characteristic Hesiodic descriptor for human skin, emphasizing vulnerability to the cold. The phrase 'boneless foot' (ἀνόστεος πόδα) is a vivid, albeit somewhat paradoxical, metaphor for the foot, likely highlighting the pain of the joints or the lack of protective bone in the context of cold-induced inflammation. The syntax juxtaposes the comfort of the indoor setting with the harshness of the 'hearthless house' (ἀπύρω οἴκω) and 'cruel conditions' (ἠθεσι λευγαλεοῖσιν), creating a stark contrast between the physical act of warming oneself and the surrounding misery. The use of the temporal clause introduced by ὅτ' ('when') situates the specific action within the broader context of the hardships of winter, a central theme in the Works and Days.",309
310,And the sun does not show the path to set out.,"This sentence employs the negative particle οὐδέ (οὐ + τε), which combines simple negation with a connective 'and' or 'but,' often used to introduce a contrasting or cumulative thought in a sequence. The verb δεικνύει (present indicative active) means 'shows' or 'points out,' governing the accusative object νομόν (path, custom, or boundary) and the accusative subject of the infinitive construction ορμηθῆναι (to set out, to start). The syntax here uses an accusative and infinitive construction where νομόν functions as the object of 'show' and also the logical subject of the infinitive 'to set out.' The term νομός carries a dual meaning in Hesiod: it can refer to a literal path or pasture, but also to a customary law or divine order, reflecting the poem's thematic concern with the proper ordering of human life. The sentence likely appears in a context where Hesiod is describing the natural order or the futility of certain actions without divine guidance, emphasizing that even the sun, a powerful celestial body, does not indicate the correct path for departure or action.",310
311,"But he circles the people and city of the dark-eyed men, and reveals himself slowly to the Panhellenes.","The sentence employs the connective particle 'te...te' to link 'dēmon' (people) and 'pōlin' (city), a common pair in Greek political vocabulary representing the community and its urban center. The adjective 'kyaneōn' (dark-eyed) is an epithet for 'andrōn' (men), functioning as a synecdoche where a physical characteristic represents the entire group, a frequent poetic device in Hesiod. The verb 'strophatai' (circles/turns around) in the middle voice suggests a movement of inspection or surveillance over the community. The final clause utilizes asyndeton (the omission of a conjunction between clauses) in the broader context of the passage, though here linked by 'de' (and), to contrast the immediate, local action with the gradual, universal revelation. The term 'Panhellenes' refers to all Greeks collectively, marking a shift from a specific local community to the broader Greek world. The adverb 'bradion' (slowly) modifies 'phainei' (reveals), emphasizing the gradual nature of divine or moral clarity becoming apparent to the wider community.",311
312,"And then indeed the winged ones and the wingless fly away, making a lamenting sound as they ascend over the deep, echoing path.","This sentence employs a precise binary opposition (ἀντίθεσις) between 'κεραοί' (winged ones, likely referring to birds or insects) and 'νηκέροι' (wingless ones, likely referring to terrestrial insects or creatures), a common Hesiodic technique to encompass the entirety of a group. The adjective 'λυγρόν' (lamenting/mournful) is used adverbially to modify the present participle 'μυλιοῦντες' (making a buzzing or humming sound), personifying the insects' noise as a collective dirge, which reflects the agricultural anxiety prevalent in the Works and Days regarding the departure of beneficial insects or the arrival of pests. The phrase 'ἀνὰ δρία βησσηέντα' creates a vivid auditory and visual image; 'βησσηέντα' (echoing/resounding) is an epithet that enhances the description of the 'δρία' (deep/path), suggesting a hollow or resonant terrain. The syntax uses the present participle 'μυλιοῦντες' to indicate simultaneous action, emphasizing that the noise accompanies the flight itself.",312
313,"And this is a concern in the minds of all: that, seeking, they may hold the dense hiding places and the hollows of the rock.","The sentence employs the verb μέλω in the perfect tense (μέμηλεν), which functions idiomatically here to denote a persistent state of concern or preoccupation rather than a simple action. The dative phrase ἐνί φρεσί (in the minds/hearts) is a standard Homeric and Hesiodic construction for locating mental activity or emotion. The clause introduced by ὡς functions as an explanatory content clause defining 'this' (τοῦτο). Within this clause, the participle μαιόμενοι (seeking) is a present middle/passive participle modifying the subject of the subordinate verb ἔχωσι (they may hold), indicating the manner in which they seek to possess these places. The vocabulary reflects the agrarian and pastoral reality of the Hesiodic world: κευθμῶνες refers to hidden places, often caves or dense thickets where animals hide, while γλαφυρά πετρήεντα refers to the hollowed-out rock formations. The juxtaposition of 'dense hiding places' and 'hollows of the rock' creates a comprehensive image of the rugged landscape the listener must navigate to secure their livelihood.",313
314,"Then, when men are equal, he places [the tripod] upon their backs, and the head is seen toward the earth; they approach, alike, shielding themselves from the white snow.","This sentence describes a scene of divine judgment or retribution, likely involving the gods or personified Justice (Dikē), where a tripod is used as a test of worthiness. The syntax features a sequence of clauses linked by the particle δέ (δ'), creating a rhythmic, enumerative flow. The phrase 'equal men' (βροτοῖς ἴσοι) alludes to the ideal of social or moral equality, a recurring theme in Hesiod's didactic poetry contrasting with the injustice of the present age. The imagery of the tripod being placed on backs and the head bowed to the earth suggests submission, shame, or perhaps a ritual act of burden-bearing. The participle αἰλεόμενοι (shielding/protecting) with the accusative νίφα λευκὴν (white snow) creates a vivid visual contrast between the purity of the snow and the grim reality of the scene. The repetition of the concept of equality (ἴσοι) and likeness (ἴκελοι) reinforces the theme of uniformity in judgment or fate. The sentence employs a form of chiasmus in the structure of the clauses, balancing the actions of the divine figure with the reactions of the mortals.",314
315,"And then be sure to put on armor for your skin, as I command you: a soft cloak and a tunic with a border.","The sentence employs the imperative infinitive construction (ἔσσασθαι with κελεύω) to convey a strong command or exhortation, a common feature in didactic poetry where the speaker instructs the addressee on proper conduct. The verb ἔννυμι (to put on) is used metaphorically with the object ἐρύματα (armor/guards), suggesting that clothing serves as a protective barrier against the elements, much like a shield or rampart. This metaphor aligns with the agricultural and survivalist themes of Hesiod's work. The phrase 'soft cloak' (μαλακὴν χλαῖναν) contrasts with the harsh reality of the winter conditions described in the surrounding context, emphasizing the need for comfort and warmth. The tunic is described as τερμιόεντα (bordered/trimmed), a detail that may signify social status or practical design, as borders often reinforced the edges of garments. The sentence structure uses asyndeton (the omission of a conjunction before the second item in a list) between the cloak and the tunic, though the particle τε (te) is present to link them, creating a balanced rhythm typical of hexameter poetry. The overall tone is authoritative yet caring, reflecting the paternalistic relationship between the poet and the addressee.",315
316,and to work the warp with much wool.,"This sentence fragment describes the specific tasks assigned to women in the domestic sphere, a central theme in Hesiod's didactic poetry regarding the ideal life of a farmer. The verb μηρύσασθαι (to work, spin, or card wool) is a deponent infinitive functioning as a complement, likely to an omitted verb of command or necessity from the preceding context. The syntax employs a clear contrast between the 'warp' (στήμονι), which is the fixed foundation of the loom, and the 'woof' (κρόκα), the material being manipulated. The adjective παύρω (little) modifying the warp contrasts sharply with πολλην (much) modifying the wool, highlighting the labor-intensive process where a small amount of structural thread requires a large volume of raw material. The particle δ' (de) connects this action to a previous clause, maintaining the flow of the instructional narrative. The use of the dative of instrument (στημόνι) with the preposition ἐν is a specific technical usage indicating the means or medium of the action.",316
317,"She should wrap her around, so that your hairs may not tremble, nor when raised stand upright and shudder over your body.","This passage describes the visceral physical reaction of fear or awe (shuddering, hair standing on end) triggered by a terrifying vision, likely the appearance of a deity or a monstrous entity. The verb περιέσσασθαι (to wrap around) implies the action of draping a veil or garment over someone to shield them from a sight that would cause a physical convulsion. The syntax employs a negative purpose clause introduced by ἵνα (so that... not) which is immediately coordinated with a second negative clause introduced by μηδέ (nor), creating a parallel structure that emphasizes the totality of the physical reaction being avoided. The phrase ὀρθαὶ φρίσσωσιν (stand upright and shudder) utilizes a participle ἀειρόμεναι (being raised) to depict the hair standing on end, a common Homeric and Hesiodic motif for terror. The preposition κατὰ with the accusative σῶμα indicates the hair shuddering 'down over' the body. The use of the future indicative in the purpose clauses (ἀτρεμέωσι, φρίσσωσιν) is standard for expressing anticipated outcomes in this context. The sentence captures a moment of intense psychological and somatic response to the sublime or the horrific.",317
318,"And around the feet, to bind the sandals made from the hide of a slaughtered ox, having thickened them with wool felt on the inside.","This passage describes the specific construction of ancient Greek footwear. The phrase 'made from the hide of a slaughtered ox' (βοὸς ἰφὶ κταμένοιο) uses the dative of the agent ἰφί (or instrumental dative) with the perfect passive participle, a construction common in epic poetry to denote material origin. The verb δήσασθαι (to bind/tie) is an aorist middle infinitive, functioning as the complement of an implied instruction or general statement. The participle πυκάσσας (having thickened/packed) is an aorist active participle modifying the implied subject of the main verb, describing the method of reinforcement. The noun πίλοις (wool felt) is in the dative case, indicating the material used for thickening. The syntax employs a participial phrase (πυκάσσας) to add detail to the action of binding, creating a compact description of the shoe-making process. The use of the dative case for ποσσι (feet) with the preposition ἀμφί (around) highlights the physical application of the object. The term 'wool felt' (πίλος) refers to a specific type of compressed wool used as a lining or sole in ancient footwear, indicating a practical adaptation to the elements.",318
319,"And when the sharp winter chill comes, stitch the skins of the first-born kids with ox tendons, so that it may be thrown over the back to ward off the rain.","This passage offers practical agricultural advice from Hesiod's didactic poetry, focusing on the preparation of winter clothing. The phrase 'first-born kids' (πρωτογόνων ερίφων) highlights a specific choice of material, likely referring to the finest or most durable wool available from the first offspring of the year. The instruction to use 'ox tendons' (νεύρω βοός) for stitching reflects the technological reality of the time, where sinew was a common and strong adhesive-free thread. The sentence employs a clear conditional structure marked by the temporal conjunction 'whenever' (ὁπότε) combined with the particle 'if' (ἄν) and the subjunctive verb 'come' (ἔλθῃ), establishing a recurring seasonal necessity. The purpose clause introduced by 'so that' (ὥφρα) explains the function of the garment: to protect the wearer's back (νωτῷ) from the 'rain' (ὑετόν). The text uses the noun 'coldness' (κρύος) with the epithet 'seasonal/sharp' (ὥριον) to personify the winter chill as an active force. The verb 'to throw over' (ἀμφιβάλη) implies the action of draping a cloak or mantle. The syntax flows from the temporal condition to the imperative action, and finally to the final purpose, creating a logical chain of cause, action, and result typical of instructional poetry.",319
320,"But hold the drinking-cup above your head, unsoiled, so that your ears may not be wet.","This sentence contains a specific imperative instruction regarding proper conduct at a symposium (drinking party). The phrase 'above your head' (ὑπέρθεν κεφαλῆφι) indicates a posture where the cup is held high, preventing liquid from spilling onto the drinker's face or ears. The adjective ἀσκητόν (unsoiled, clean) describes the cup, emphasizing the importance of ritual purity or at least the maintenance of one's dignity and clothing during the drinking ritual. The purpose clause introduced by ἵνα with the subjunctive verb καταδεύῃ (may wet) followed by the negative μή (not) provides the reason for this specific posture: to avoid soaking one's ears. The use of the dative of reference κεφαλῆφι (for the head) is a standard construction in Greek for indicating the part of the body affected or referenced. The particle δέ (but) serves to connect this instruction to previous advice, likely continuing a sequence of behavioral guidelines.",320
321,"For the morning grows cold when Boreas has fallen, and the fiery air, which is borne from the starry heaven, spreads upon the earth and the works of the blessed.","This sentence employs a vivid contrast between the 'cold' (ψυχρή) dawn and the 'fire-bearing' (πυροφορός) air. The syntax features a genitive absolute construction (Βορέαο πεσοῦντος), a common device in epic poetry to set a temporal or causal condition for the main verb. The adjective πυροφορός ('fire-bearing' or 'fire-forging') is a striking epithet here, likely referring to the warm, dry air that follows the north wind's passage, or metaphorically to the sun's heat that the wind clears away. The phrase 'works of the blessed' (μακάρων ἔργοις) is a periphrastic reference to the gods or the divine order, using the dative case after the preposition ἐπί to indicate the sphere over which the air extends. The sentence structure moves from the specific (the cold dawn) to the cosmic (the air spreading from the starry heaven to the earth), reflecting the Hesiodic worldview where meteorological events are directly tied to divine activity.",321
322,"When you have gathered from the eternal rivers, raised up above the earth by a gust of wind, at one time it rains toward the west, and at another it blows, shaking the thick clouds of the Thracian Boreas.","The sentence employs a participial construction (ἀρυσάμενος, ἀρθεὶς) to describe the state of the observer or the subject of the subsequent clauses, though the subject shifts to the weather phenomena. The phrase 'from the eternal rivers' (ποταμῶν ... αἰεναόντων) utilizes the epithet 'eternal' to characterize the perennial nature of water sources. The syntax features a clear chiasmus-like structure in the contrast between the two main actions: 'at one time... rains' (ὕει) and 'at another... blows' (ἄησι), marked by the correlatives ἄλλοτε... μέν... and ἄλλοτ' (ἄλλοτε). The use of the genitive absolute-like participle 'shaking' (κλονέοντος) to describe the action of the North Wind (Boreas) on the clouds adds dynamic imagery. The specific reference to the 'Thracian Boreas' highlights the personification of the wind, a common feature in Greek cosmology where winds are associated with specific geographic origins. The sentence illustrates the cyclical and variable nature of weather, a central theme in Hesiod's didactic poetry regarding the seasons and agricultural timing.",322
323,"Having been ruined and having accomplished the work, return home, lest a dark cloud from the sky ever cover you, or wet the skin, or make the garments damp.","This sentence employs a sequence of aorist participles (φθαμένος, τελέσας) functioning as temporal or causal modifiers to the main infinitive imperative νεέσθαι ('to return'), establishing a condition of completion prior to the journey. The core warning utilizes a negative purpose clause introduced by μή, followed by three parallel aorist subjunctive verbs (ἀμφικαλύψῃ, θῇ, δεύσῃ) linked by enclitic particles (τε and δέ) to create a rhythmic enumeration of potential misfortunes. Stylistically, the text features a chiastic-like balance between the successful completion of labor ('work accomplished') and the potential for ruin ('cloud covering'), emphasizing the fragility of human prosperity. The vocabulary is notably specific to the agricultural and domestic sphere: 'wet skin' (χρώτα... μυδαλέον) and 'damp garments' (ἱμάτια δεύση) reflect the practical dangers of sudden weather changes for a laborer traveling outdoors. The use of σκοτοέν ('dark') for the cloud underscores the ominous nature of the threat in the Hesiodic worldview.",323
324,But to avoid [this] work.,"The sentence begins with the enclitic conjunction ἀλλ’ (a contraction of ἀλλά), which serves as a strong adversative marker, often used to introduce a command, a correction, or a shift in the poet's train of thought. The verb ὑπαλεύασθαι is the present middle infinitive of ὑπαλεύομαι, meaning 'to avoid' or 'to shun.' In the context of Hesiod's didactic poetry, this form typically functions as an imperative infinitive (or 'prohibitive infinitive' depending on the surrounding context), effectively issuing a command to 'avoid doing this.' The construction is elliptical, omitting the subject (you, the addressee) which is understood from the imperative context of the surrounding lines. The sentiment reflects Hesiod's recurring theme of advising his brother Perses to shun idleness and strife in favor of hard work and justice.",324
325,"For this month is the most difficult, wintery, difficult for sheep, and difficult for men.","The sentence employs a striking anaphora of the adjective χαλεπός (difficult/harsh), appearing first in the superlative form χαλεπωτάτος and then repeated twice in the positive degree. This repetition emphasizes the universal severity of the season. The structure is further enriched by the asyndeton (lack of conjunction) between the initial descriptors 'wintery' and the first instance of 'difficult,' creating a rapid, breathless listing of hardships that mimics the abrupt arrival of winter. The use of the dative case (προβάτοις, ἀνθρώποις) with χαλεπός indicates the sphere in which the difficulty is experienced ('difficult for...'). The particle γάρ provides the causal link, explaining a preceding statement about the timing of agricultural or pastoral activities. The juxtaposition of 'sheep' and 'men' highlights that the harshness of the season affects both the livestock essential for the economy and the humans who manage them, underscoring the totalizing nature of the winter hardship.",325
326,"Then let there be half a yoke of oxen, but let there be more than that for the man.","This sentence presents a contrast between agricultural labor and the human laborer, utilizing the particle 'δέ' (but/and) to juxtapose the two clauses. The phrase 'ἡμίσυ βουῖν' (half an ox-team/yoke of oxen) uses the genitive plural 'βουῖν' to indicate the measure or part of the whole. The comparative adjective 'πλέον' (more) stands in the nominative neuter singular, serving as the subject of the optative verb 'εἴη' (let it be). The noun 'ἁρμαλίης' is a feminine singular noun in the genitive case, functioning as an attribute to 'πλέον', literally meaning 'of a yoke' or 'of a team,' though here it implies 'more than half a yoke' or 'more than that amount.' The use of the optative mood 'εἴη' suggests a wish or a hypothetical condition, typical of Hesiod's didactic poetry where he advises on the proper balance of resources and labor. The sentence also employs a form of chiasmus in its structure, contrasting the half-yoke of oxen with the greater portion for the man, emphasizing the value of human effort over mere animal labor.",326
327,"For the long, creeping nights are cheerful.","This sentence personifies the night as a female entity ('euphrónai', from the noun 'euphrónē' meaning 'cheerful' or 'pleasant'), attributing to it the quality of being 'long' (makrai) and 'creeping' (epirrhotoi). The term 'epirrhotoi' literally means 'pushing forward' or 'creeping along,' evoking the slow, silent, and pervasive nature of nightfall. The use of the particle 'gar' indicates that this statement serves as an explanation or justification for a preceding idea, likely contrasting the discomfort of long summer days with the relative comfort or pleasantness of the longer nights in a specific context (such as the winter season or the labor of the farmer). The adjective 'euphrónai' is particularly notable as it suggests a psychological or emotional state ('cheerful') being ascribed to a natural phenomenon, a common feature in archaic Greek poetry where nature is imbued with human-like qualities. The sentence structure is a simple subject-predicate construction with the subject being a compound of two adjectives modifying the noun 'nights'.",327
328,"Keeping these things in mind, let the year bring equal nights and days, since once again the mother of all things, Earth, will bring forth a mixed harvest.","The sentence employs the adverbial participle 'φυλασσομενος' (keeping in mind/watching over) to introduce a condition for the desired outcome. The phrase 'ισωσθαι νύκτας τε και ἡματα' (to make nights and days equal) refers to the equinox, a pivotal moment in the agricultural calendar marking the end of winter and the beginning of the productive season. The construction 'τε... και' (both... and) links 'nights' and 'days' in a balanced pair. The clause introduced by 'εισοκεν' (since/because) personifies the Earth as 'μητηρ παντων' (mother of all), a common Hesiodic epithet for Gaia, emphasizing her role as the source of fertility. The adjective 'συμμικτον' (mixed) describes the harvest as a blend of various crops or a combination of goods, reflecting the diversity of the season's yield. The syntax flows from the human imperative (to observe) to the cosmic result (the Earth's bounty), illustrating the interdependence of human observance of natural cycles and divine agricultural provision.",328
329,"When Zeus has completed sixty days after the winter solstice of the sun, then the star Arcturus, leaving behind the sacred stream of Oceanus, first shines forth at the very top, the crest of the clouds.","This passage describes a specific astronomical and agricultural marker in the ancient Greek calendar, signaling the end of the harsh winter and the approach of spring. The phrase 'sixty days after the winter solstice' (ἑξηκόντα μετα τροπὰς χειμερίας) is a precise chronological indicator used for farming and sailing advice. The sentence employs a vivid personification of the sun (ἡλίου) and Oceanus (Ωκεανοῖο), reflecting the mythological geography where the sun and stars were believed to rise from and set into the great river Oceanus that encircled the world. Stylistically, the participle προλιπών (leaving behind) creates a dynamic image of the star ascending from the horizon. The term αἰθέρ (often associated with the upper air) is implied by the context of 'top of the clouds' (ἄκροκνεφάιος), emphasizing the star's emergence into the visible heavens. The sentence structure uses a temporal clause (εὔτ' ἄν... ἐκτελέση) followed by the main clause (τότ'... ἐπιτέλλεται), a common correlative construction in Ancient Greek to denote precise timing. The word order places the subject 'Arcturus' after the temporal markers, creating a dramatic reveal of the star's appearance.",329
330,"And after dawn, the Pandionid swallow rose to light for humans, with spring newly arising.","The sentence employs the epithet 'Pandionid' (Πανδιονίς) to refer to the swallow, linking the bird to the mythological figure Pandion, king of Athens, whose daughters were transformed into swallows. The phrase 'to light' (εἰς φάος) is a common poetic expression for emerging into the daylight, contrasting with the darkness of winter. The genitive absolute construction 'with spring newly arising' (ἔαρος νέον ἱσταμένου) provides a temporal and causal backdrop, personifying the season of spring as actively 'setting up' or 'establishing' itself. The use of the aorist middle (ὤρτο) emphasizes the sudden, decisive action of the bird's arrival, marking the beginning of the agricultural cycle described in the Works and Days. The syntax highlights the swallow as the agent of the season's arrival, serving as a natural omen for the start of spring farming activities.",330
331,"Having been destroyed, cut the wine-jars.","The sentence employs an aorist passive participle (φθάμενος) agreeing in gender, number, and case with the implied subject of the main imperative verb (περταμνέμεν). In this context, the participle functions as an adverbial modifier indicating the condition or cause of the action: 'having been ruined' or 'once destroyed.' The verb περιτέμνω (peritemnō) literally means 'to cut around' or 'to cut off,' but in the context of wine-jars (οἴναι), it refers to the act of breaking or smashing them, likely to drain the contents or render them unusable. The syntax presents a direct command following a participial clause, a structure common in instructional or prophetic texts where the speaker outlines a sequence of events or necessary actions. The use of the feminine singular participle with the plural noun οἴναι (wine-jars) is grammatically consistent, as the participle agrees with the subject of the imperative, not the object.",331
332,For it is better.,"The sentence employs the comparative adjective ἀμείνων (here in the neuter singular nominative/accusative form ἀμείνον) functioning as a predicate adjective, meaning 'better' or 'more advantageous.' In Hesiod's didactic poetry, this comparative often carries a moral or practical weight, contrasting a superior course of action with an inferior one. The particle γάρ provides a causal or explanatory link to the preceding context, indicating that the statement offers a reason for a previously mentioned command or observation. The sentence is syntactically elliptical, omitting the subject (typically a neuter pronoun or abstract concept implied by the context), which is common in gnomic statements where the 'better' thing is understood from the immediate situation. The brevity and directness of the statement serve to emphasize the self-evident nature of the wisdom being imparted.",332
333,"But when the Pleiades, fleeing from the earth, go forth with the plants, then the ship no longer carries wine.","This sentence describes the seasonal shift marking the end of the safe sailing season in the ancient Mediterranean, triggered by the heliacal setting of the Pleiades constellation. The syntax employs a clear correlative structure ('when... then...' / 'ὁπότ’... τότε...'), a common feature in didactic poetry to establish cause and effect. The verb 'φεύγων' (fleeing) is a present participle modifying 'Πληιάδας', personifying the constellation as retreating from the earth's horizon as the sun moves into the constellation of the Bull. The phrase 'ἀπὸ χθονὸς ἂμ φυτὰ' (from the earth with the plants) uses the preposition 'ἂμ' (with) to suggest the plants are rising or sprouting as the stars set, marking the onset of winter storms. The term 'σκάφος' (ship) is used in the sense of a vessel or boat, and the line warns that navigation becomes too dangerous to transport wine, a staple commodity, during the stormy winter months.",333
334,But sharpen your sickles and rouse your slaves.,"This imperative sentence uses the aorist infinitive in a gnomic or hortatory sense, functioning as a command to perform specific agricultural tasks. The conjunction 'τε' (te) combined with 'και' (kai) creates a tight, rhythmic coordination between the two infinitives, emphasizing the dual necessity of the actions. The pairing of 'sharpening sickles' (charassemenai) and 'rousing slaves' (egeirein) reflects the practical urgency of the harvest season, where both tool maintenance and labor management are critical. The use of the accusative plural for both 'sickles' (árpas) and 'slaves' (dmōas) as objects of the infinitives highlights the direct, forceful nature of the instruction. The sentence structure is concise and parallel, typical of Hesiod's didactic style, which often uses simple, direct commands to convey moral or practical wisdom.",334
335,"But flee the shady seats and the bed at dawn, in the unharvested season, when the sun scorches the skin.","This sentence employs a vivid agricultural metaphor characteristic of Hesiodic didactic poetry, advising laborers to avoid the midday heat. The verb φεύγειν (to flee) is an infinitive used in a gnomic or prescriptive sense, a common feature in instructions for the farmer. The phrase σκιεροὺς θώκους (shady seats) refers to resting places in the shade, while κοῖτον (bed) here likely refers to a temporary resting spot rather than a permanent bed. The adjective ἀμήτου (unharvested) in the genitive ὥρῃ defines the specific time of year—likely late summer or early autumn when the harvest is not yet complete, and the heat is most oppressive. The verb κάρφει (he scorches/burns) is a strong, physical verb applied to the sun's effect on the skin (χρώα), creating a sensory image of discomfort. The clause introduced by ὅτε (when) provides the causal justification for the preceding imperative advice. The sentence structure moves from a general command to a specific temporal condition, utilizing asyndeton (the lack of a conjunction before the final clause) to create a sense of immediacy in the warning.",335
336,"Therefore, make haste and bring the harvest home, rising at dawn, so that your livelihood may be sufficient.","The sentence employs a gnomic imperative tone, typical of Hesiod's didactic poetry, advising the farmer on the necessity of diligence. The construction uses two coordinated infinitives (σπεύδειν and ἀγίνειν) governed by an implied imperative, linked by the conjunction καί, which emphasizes the urgency and unity of the actions. The phrase ὄρθρου ἀνιστάμενος is a temporal genitive absolute construction (or more precisely, a genitive of time with a participle), indicating the specific time for action; the genitive ὄρθρου (dawn) modifies the participle ἀνιστάμενος (rising). The final clause introduced by ἵνα expresses purpose and utilizes the optative mood (εἴη) to denote potentiality or a desired outcome, a common feature in purpose clauses following main verbs of motion or urging in classical Greek. The word βίος (livelihood/life) paired with ἀρκίος (sufficient/adequate) encapsulates the core ethical and economic value of the passage: that hard work leads to self-sufficiency. The sentence structure moves from command to method to purpose, creating a logical flow that reinforces the didactic message.",336
337,"For when Dawn has drawn the third portion of work, she brings the path, and she brings work, Dawn, when she appears, she urges many men along the road and places them on the yoke with many oxen.","The sentence employs a distinct anaphoric structure, repeating the subject 'Dawn' (ἠώς) and the verb 'brings' (προφέρει) to emphasize her dual role in initiating both the journey and the labor. The use of the particle 'μέν' (men) in 'προφέρει μεν' followed by 'δέ' (de) in 'προφέρει δέ' creates a balanced antithesis between the 'path' (ὁδόν) and 'work' (ἔργου), highlighting the inseparable nature of travel and toil in the agricultural cycle. The verb 'ἀπομεῖρεται' (apomeiretai) is particularly significant, referring to the distribution or allotment of shares, here metaphorically applied to the 'third portion' of the day dedicated to labor. The phrase 'ἐπὶ ζυγὰ βουσὶ τίθησιν' (places upon the yokes with oxen) vividly depicts the physical act of yoking animals for plowing, a central image in Hesiod's didactic poetry regarding the necessity of hard work. The syntax moves from the abstract concept of time (dawn) to the concrete actions of humans and animals, reinforcing the theme that human industry is synchronized with natural cycles.",337
338,"When the thistle blooms and the hollow-winged cicada, sitting on a tree, pours forth its clear song from beneath its dense wings, in the season of summer's toil, then the goats are fattest and the wine is best, the women are most wanton, and the men are most weak, because Sirius scorches their head and knees, and their skin is scorched by the heat.","This passage is a quintessential example of Hesiodic agricultural and social calendar poetry, where natural phenomena dictate human and animal conditions. The sentence employs a distinct temporal structure: the adverbial clause introduced by ἥμος (when) describes the sensory details of summer (the thistle, the cicada's song), while the main clause (τἠμος, then) lists the resulting social and physical states. The description of the cicada (ἥχετα τέττιξ) uses the epithet 'hollow-winged' or 'hollow-sounding' to emphasize the source of its loud noise. The verb καταχεύει (pours forth) creates a vivid auditory image, likening the song to a liquid overflow. The passage features a sharp, somewhat cynical juxtaposition of abundance (fattest goats, best wine) with human vulnerability (wanton women, weak men). The causality is explicitly stated with εἴπερ (because), linking the physical suffering of men (scorched head and knees) to the rising of the star Sirius (Σείριος), known as the 'Dog Star,' which heralds the 'dog days' of summer. The term μαχλόταται (most wanton/lax) for women reflects ancient Greek anxieties about the effects of heat on female chastity and physical vigor. The sentence structure uses asyndeton (the omission of conjunctions between the clauses describing the conditions of goats, wine, women, and men) to create a rapid, cumulative effect, listing the various consequences of the heat.",338
339,"But at that time, there should be the shade of rock and vine-wine, and barley-cake and milk of goats being milked, and the meat of an ox eating wood, which has not yet borne its first offspring, and of first-born kids.","This sentence illustrates a specific Hesiodic prescription for the 'Golden Age' or an idealized past, characterized by an abundance of natural, unprocessed food. The syntax relies heavily on a series of genitive constructions modifying the implied subjects of the optative verb εἴη ('there should be'). The phrase 'βίβλινος οἶνος' (vine-wine) uses an adjective derived from the vine itself, while 'ἄμολγαιη' (milked/being milked) is a rare, descriptive adjective forming a participle-like quality with the genitive 'αἰγῶν' (of goats). The phrase 'βοὸς ὑλοφάγοιο' (wood-eating ox) is a striking example of Hesiodic imagery, suggesting a primitive state where animals fed on foliage or perhaps where the ox is so robust it consumes the wood of the forest, though some scholars interpret 'wood-eating' as a metaphor for the ox's strength or its role in clearing land. The restriction 'μὴ πω τετοκυίας' (which has not yet borne) applies to the ox, implying the consumption of meat only from animals that have not yet reproduced, a detail often interpreted as a prohibition against killing breeding stock or a sign of extreme scarcity or purity in that idealized era. The sentence employs asyndeton (the omission of conjunctions between some items in the list, though τε and και are present) to create a rapid, rhythmic accumulation of sustenance, emphasizing the sheer variety and availability of food.",339
340,"And pour black wine to drink, sitting in the shade, with heart sated by food, having turned your face toward the peak of the West Wind, from a spring that is ever-flowing and undried up, not without destruction, pour water three times, but the fourth, pour wine.","This passage outlines a specific ritual protocol for libations, likely to the gods or spirits of the dead, following a meal. The syntax employs a series of present participles (ἐζόμενον, κεκορημένον, τρέψαντα) to describe the state and actions of the subject simultaneously with the main imperative verbs (πινέμεν, προχεῖν, ἴεμεν), creating a dense, descriptive rhythm typical of Hesiodic didactic poetry. The phrase 'black wine' (αἰθόπα οἶνον) is a standard Homeric and Hesiodic epithet for wine, emphasizing its dark, rich color. The instruction to turn one's face (πρόσωπα) toward the 'peak' (ἀκραέος) of the Zephyrus (West Wind) reflects the ancient belief in the directional nature of winds and the importance of orientation in ritual. The description of the spring as 'ever-flowing and undried up' (αἰεναοῦ καὶ ἀπορρύτου) highlights the purity and abundance required for the offering. The numerical progression is strictly defined: three libations of water followed by one of wine. This 3:1 ratio is a distinctive feature of certain sacrificial rites in Greek antiquity. The phrase 'not without destruction' (ἥτ' ἀθώλωτος) is syntactically complex; it likely functions as a parenthetical remark or a negative comparison (as if to say 'not even to be destroyed' or 'unscathed'), though some editors interpret it as a corruption or a specific reference to the undying nature of the offering. The use of asyndeton (the omission of conjunctions between the participial phrases) adds to the rapid, imperative flow of the instructions.",340
341,"And the servants should thresh the sacred threshing floor of Demeter when the strength of Orion first appears, in a land of good winds and a well-wheeled threshing floor.","This sentence provides agricultural instructions for the timing of the harvest. The verb ἐποτρύνειν (to thresh) is used with an infinitive of purpose or content, indicating the action the servants are to perform. The temporal clause introduced by ἐῦτ’ (εὖτε) with the particle ἂν and the aorist subjunctive φανῇ (from φανέω) marks the precise astronomical moment for the task: the heliacal rising of the constellation Orion, whose 'strength' (σθένος) is personified as the visible star cluster. The phrase 'sacred threshing floor of Demeter' reflects the goddess's role as the patron of grain and the sanctity of the harvest. The final prepositional phrases, ἐν χώρῳ εὐαεῖ ('in a wind-favored place') and ἐν εὐτροχάλῳ ἀλωῇ ('in a well-wheeled threshing floor'), employ alliteration (the repeated 'eu-' sounds in εὐαεῖ and εὐτροχάλῳ) to emphasize the favorable conditions required for threshing: dry air to prevent spoilage and a hard, flat surface suitable for the rolling of the threshing sled. The term 'well-wheeled' (εὐτροχάλῳ) likely refers to the smooth, well-maintained surface of the threshing floor, or metaphorically to the smooth operation of the threshing sled's wheels.",341
342,But gather with measure in vessels.,"The sentence functions as a gnomic imperative, offering practical agricultural advice regarding the storage of grain or wine. The adverb μέτρω (with measure) modifies the infinitive κομίσασθαι (to gather/store), emphasizing the virtue of moderation and the avoidance of waste or gluttony, a central theme in Hesiod's didactic poetry. The use of the dative plural ἄγγεσιν (vessels) with the preposition ἐν indicates the location of the action. The particle δ’ (but/and) serves a connective function, linking this instruction to previous advice. The syntax employs a straightforward imperative structure where the infinitive is used in a gnomic sense to express a general truth or duty. The phrase highlights the practical wisdom of the era, where proper storage in clay vessels was essential for preserving harvests against spoilage.",342
343,"But when you have stored all your food securely inside your house, then I order you to hire a houseless laborer and to seek a childless weaver.","This sentence illustrates Hesiod's practical agricultural advice within the didactic tradition of the Works and Days. The syntax employs a clear temporal clause introduced by ἐπὴν (when) followed by the main imperative clause. The main verb κέλομαι (I order/command) governs two infinitive objects in the present tense: ποιεῖσθαι (to hire/make) and δίζησθαι (to seek), connected by the coordinating conjunction τε...καί (both...and), which creates a balanced, parallel structure emphasizing the two necessary actions. The adjective ἄοικον (houseless) modifies θῆτά (laborer), while ἄτεκνον (childless) modifies ἔριθον (weaver), highlighting specific qualities of the workers Hesiod deems appropriate for his proposed agricultural strategy. The participle ἐπάρμενον (stored up/securely placed) functions adverbially to describe the manner in which the food (βίον) is stored, suggesting the importance of security and preparation before expanding the workforce. The use of ἀτάρ (but) at the beginning serves as a connective particle, marking a transition in the speaker's instructions.",343
344,And the work of the weaver is hard.,"The sentence employs a standard subject-predicate structure common in didactic poetry, emphasizing the difficulty of specific manual labor. The adjective χαλεπή (hard, difficult) is predicative, linked to the subject through the copula implied by the predicate nominative relationship. The term ὑπόπορτις is a hapax legomenon (a word occurring only once in the extant corpus), literally meaning 'under-spindle' or 'under-weaving,' which here functions as a metonymy for the entire craft of weaving. The enclitic particle δέ (rendered as 'and' or left untranslatable in English for flow) provides a connective transition from the preceding list of labors, maintaining the rhythmic enumeration typical of Hesiod's cataloging of occupations. The syntax is straightforward, with the adjective agreeing in case, number, and gender with the feminine noun ἔριθος (weaver's work). The use of the definite article is absent, which is characteristic of Greek abstract nouns denoting general activities in this context.",344
345,"Keep the sharp-jawed dog, do not spare food, lest a house-dwelling man ever steal your property.","This sentence employs a three-part imperative structure (imperative, negative imperative, and negative purpose clause) to deliver practical advice. The first clause uses the infinitive κομεῖν (to keep/feed) coordinated with the second imperative φείδεο (do not spare), creating a rhythmic balance between the action of maintaining the dog and the provision of sustenance. The adjective καρχαρόδοντα (sharp-jawed) vividly describes the dog's utility as a guard animal. The final clause introduces a negative purpose (μή ποτε, lest ever) using the aorist subjunctive εἴληται (may he take/steal), warning against the consequences of negligence. The phrase ἡμερόκοιτος ἀνήρ (house-dwelling man) is a compound adjective functioning as a noun phrase, referring to a neighbor or acquaintance who might take advantage of an unguarded home, reflecting the agrarian social context where domestic security was paramount. The syntax moves from a positive command to a negative prohibition, culminating in a conditional warning, a common rhetorical structure in didactic poetry to emphasize the importance of vigilance.",345
346,"And gather fodder and rubbish, so that it may be suitable for the oxen and the mules.","The sentence employs an imperative infinitive construction (ἐσκομίσαι) introduced by the particle δέ, a common feature in Hesiod's didactic poetry for issuing practical instructions. The verb ἐσκομίζω (to gather in, collect) is used transitively with two accusative objects: χόρτον (fodder/hay) and συρφετόν (rubbish/trash). The inclusion of 'rubbish' alongside fodder suggests a context of agricultural management where useful and waste materials are collected together for processing or disposal, or perhaps the collection of all available plant matter. The clause introduced by ὄφρα (so that) expresses purpose and takes the present optative εἴη (may be), indicating a desired state or potentiality. The adjective ἐπηετανόν (suitable, fitting) functions as a predicate nominative agreeing with the implied neuter singular subject of the clause. The structure features a simple coordination of animals (βουσἰ and ἠμιόνος) in the dative case, highlighting the dual utility of the collected material for both draft animals (oxen) and pack animals (mules). The syntax is straightforward, prioritizing clarity of instruction typical of the Works and Days.",346
347,"But afterwards, refresh the knees of the slaves with food, and loose the oxen.","The sentence begins with αὐτάρ (here written αὐτὰρ), a postpositive conjunction that marks a sharp transition in narrative or instruction, often translated as 'but' or 'however,' signaling a shift to the next task in the agricultural calendar. The verb ἀναψύξαι (to refresh or revive) is used metaphorically here to mean 'to feed' or 'give sustenance to,' a common usage in pastoral and agricultural contexts where animals and laborers are 'refreshed' with provisions. The phrase 'knees of the slaves' (δμῶας... γούνατα) is a striking example of synecdoche; the knees, being the part of the body that gives way under labor, represent the workers' exhaustion, and 'refreshing the knees' implies providing rest and food to those who have been working hard. The instruction follows a parallel structure (asyndeton is absent, but coordination is used with καί) between caring for human laborers (slaves) and livestock (oxen), reflecting the interconnectedness of the household economy in Hesiodic thought. The use of the aorist infinitive ἀναψύξαι and λύσαι indicates a sequence of actions to be undertaken immediately after the preceding activity mentioned in the text.",347
348,"And when Orion and Sirius come into the middle of the sky, and rosy-fingered Dawn sees the Bear, then, O Perses, all the grapes must be cut off and brought home.","This sentence employs a classic agricultural calendar structure common in Hesiodic didactic poetry, marking the precise moment for the harvest. The syntax relies on a temporal clause introduced by 'εὖτ' ἄν' ... ἐλθῇ' (when ... comes) paired with a parallel 'δέ' construction for the second celestial event, creating a balanced condition for the main imperative action. The vocative 'ὦ Πέρση' (O Perses) directly addresses the addressee, a rhetorical device used by Hesiod to personalize his advice and emphasize its urgency. The epithet 'ῥοδοδάκτυλος' (rosy-fingered) is a fixed Homeric and Hesiodic formula for Dawn, evoking the visual beauty of the sunrise while signaling the start of the day's labor. The phrase 'εἰς μέσον οὐρανόν' (into the middle of the sky) refers to the meridian transit of the stars, a specific astronomical marker for the time of year. The verb 'ἀποδρέπεν' is a present infinitive used with the modal particle 'ἄν' (implied in the conditional structure or understood from context as a general rule), indicating a recurring necessity or obligation rather than a single past action. The movement 'οἴκαδε' (homeward) suggests the gathering of the harvest to the threshing floor or storage, completing the agricultural cycle described. The sentence utilizes asyndeton in the final clause to accelerate the rhythm, emphasizing the immediate action required once the celestial signs are observed.",348
349,"Show the sun ten days and ten nights, but shade five; and on the twelfth, pour into vessels the gifts of Dionysus, the most joyful.","This passage outlines the agricultural calendar for the vintage, marking a progression from labor to celebration. The syntax employs a series of aorist infinitives (δεῖξαι, συσκιάσαι, ἀφύσσαι) linked by coordinating particles (δέ, τε, καί), creating a rhythmic, imperative sequence that mimics the passage of time and the sequential nature of the tasks. The phrase 'δῶρα Διωνύσου πολυγηθέος' (gifts of Dionysus, the most joyful) uses an epithet (πολυγηθεος) that is characteristic of Hesiod's personification of the god as a bringer of joy through wine. The structure contrasts the laborious days of waiting (ten days and nights) with the specific act of shading the vines (five days) before the final act of pouring the wine (on the twelfth day). The use of 'ἕκτῳ' (on the twelfth) as an adverbial modifier for the final action emphasizes the precise timing required for this ritual.",349
350,"But when the Pleiads, the Hyades, and the strength of Orion set, then remember to begin the season for plowing.","This sentence exemplifies the agricultural didacticism central to Hesiod's *Works and Days*, linking celestial events to practical farming tasks. The syntax employs a classic temporal conditional structure: the particle 'ἐπὲν' (when) introduces the protasis (the condition), marked by the present subjunctive 'δύνωσιν' (may they set/descend), while the apodosis (the consequence) is introduced by 'τότ' (then) and 'εἶτα' (afterwards), creating a precise 'when X, then Y' framework. Stylistically, the text uses asyndeton (the omission of conjunctions between the first two subjects, 'Pleiads' and 'Hyades') contrasted with the polysyndeton of the third item ('and the strength of Orion'), creating a rhythmic enumeration that mimics the sequential nature of the setting stars. The phrase 'strength of Orion' (σθένος Ὠριώνος) is a metonymy referring to the constellation itself, a common poetic device in archaic Greek. The adjective 'ωραίου' (seasonal/fitting) modifies 'plowing' (ἀροτό), emphasizing that agricultural labor must be timed according to the natural cycles of the cosmos. The imperative sense is conveyed through the present participle 'μεμνημένος' (remembering) combined with the infinitive 'εἶναι' (to be/to begin), functioning as a gnomic instruction.",350
351,And more are those who have gone down to the earth.,"The sentence utilizes the comparative adjective πλειῶν (pleiōn, 'more') as a substantive, functioning as the subject of the copular verb εἰσίν ('they are'). The verb is from the reduplicated aorist of ἔρχομαι, specifically the participle ἀρμένος (formed from αἱρέομαι/ἀρρίσκω in this specific poetic form, though often analyzed as a variant of ἀπέρχομαι or simply 'gone down'), which agrees in case, number, and gender with the subject. The preposition κατά with the genitive χθονός ('of the earth/land') is a common poetic periphrasis for death or descent into the underworld. The particle δέ serves as a connective, linking this thought to the preceding context regarding the fate of men. Stylistically, the phrasing reflects the Hesiodic theme of the inevitable and increasing number of souls departing for the underworld, contrasting with the brevity of mortal life.",351
352,"And if the desire for treacherous seafaring takes hold of you, just as the Pleiades, fleeing the mighty strength of Orion, fall into the misty sea, then at that time the gusts of all kinds of winds will rage.","This sentence exemplifies Hesiod's didactic style, using a vivid astronomical phenomenon to mark a specific, dangerous period for maritime activity. The phrase 'dyspempelos nautilias' (treacherous seafaring) is a characteristic compound adjective that encapsulates the poet's cautionary advice regarding the perils of the sea. The syntax relies on a temporal clause introduced by 'eute' (just as/when), which sets the condition for the main clause's warning. The imagery of the Pleiades fleeing the 'mighty strength' (sthenos obrimon) of Orion draws on the Greek mythological narrative where the Pleiades (daughters of Atlas) are pursued by the hunter Orion, a celestial metaphor for the onset of winter storms. The sentence employs asyndeton in the final clause ('then at that time... the gusts of all kinds of winds will rage'), omitting a conjunction to create a sense of immediate, overwhelming force as the winds 'thuiousin' (rage/gush forth). The use of 'aeroeidea ponton' (misty/black sea) is a Homeric-style epithet, adding a poetic color to the description of the ocean. The structure creates a chiasmus-like effect in the temporal logic: the celestial event (falling) triggers the terrestrial consequence (winds raging).",352
353,"And then no longer have ships in the wine-dark sea, remembering to work the land, as I command you.","The phrase 'wine-dark sea' (οἴνοπι πόντῳ) is a distinctive Homeric and Hesiodic epithet for the sea, likely referring to the dark, wine-like color of the water or the dangerous, stormy nature of the waves. The sentence employs a strong imperative construction where the main verb (ἔχειν) is in the present active infinitive, functioning as a directive. The participle μεμνημένος (remembering) serves as an adverbial modifier indicating the manner or condition of the action, linking the cessation of seafaring to the active engagement with agriculture. The final clause introduced by ὡς (as) explicitly grounds the instruction in the speaker's authority, emphasizing the didactic nature of the text where the poet acts as a moral and practical guide. The syntactic flow moves from the temporal setting ('then') to the prohibition of maritime activity, the positive command of farming, and finally the source of the command, creating a structured argument for the superiority of agricultural labor over seafaring in this context.",353
354,"But drag the ship onto the mainland and caulk it with stones from every side, so that it may hold back the force of the wet winds blowing, a winter flood, in order that the rain of Zeus may not be known.","This sentence provides practical agricultural and nautical advice within the context of the sailing season, emphasizing the necessity of securing vessels on land during winter. The syntax employs a series of infinitival imperatives (ἐρύσαι, πυκάσαι) followed by purpose clauses introduced by ὄφρα and ἵνα, creating a logical chain of action and consequence. The phrase χείμαρον ἐξερύσας (literally 'having dragged out a winter flood') functions as an apposition to the preceding clause, vividly characterizing the destructive force of the winter storm that the ship must be prepared to withstand. The use of ἀνέμων... ἀέντων (of winds... blowing) as an attribute to μένος (force) creates a vivid image of the storm's power. The final clause, ἵνα μή... Διὸς ὄμβρος, personifies the rain as a divine agent ('the rain of Zeus'), reflecting the ancient Greek worldview where natural phenomena were directly attributed to the will of the gods. The instruction to caulk the ship with stones (λίθοισι) rather than traditional pitch or tar highlights the desperate measures required to prevent the ship from being washed away by the rising winter waters.",354
355,"And place all the weapons ready at hand in your own house, having adorned the wings of the sea-faring ship in good order.","The sentence employs a temporal participle (στολίσας) to indicate the manner or preceding action to the main imperative verb (ἐγκάτθεο). The phrase 'ready at hand' (ἐπάρμενα) is an adjectival participle modifying 'weapons' (ὅπλα), suggesting items that are prepared for immediate use. The expression 'wings of the ship' (νηὸς πτερὰ) is a poetic metaphor, likening the ship's sails or oars to wings to emphasize speed and the capacity to traverse the sea (πολυπόροιο, 'sea-faring'). The adverb 'in good order' (εὐκόσμως) qualifies the action of adorning, implying a sense of proper arrangement or discipline. The sentence structure juxtaposes the domestic sphere (house) with the maritime sphere (ship), reflecting the dual concerns of Hesiod's didactic poetry: the management of household wealth and the conduct of seafaring ventures.",355
356,But to hang up a well-working rudder above the smoke.,"This sentence contains a vivid metaphor advising the farmer to prepare for the sea voyage (symbolized by the 'rudder') before the 'smoke' of the harvest or the domestic hearth fades. The adjective 'εὐεργές' (well-working/beneficial) applied to the rudder is a striking example of synecdoche or metonymy, where the functional quality of the tool stands in for the successful outcome of the journey. The syntax employs an infinitive construction (κρεμάσασθαι) functioning as an imperative or hortatory command, a common feature in Hesiod's gnomic poetry where abstract advice is given in the form of practical instructions. The particle 'δέ' (δ') serves a connective function, likely contrasting this maritime advice with previous instructions regarding the harvest or the seasons. The preposition 'ὑπέρ' (above) with the genitive 'καπνοῦ' (of smoke) creates a spatial image of the rudder being stored or displayed high up, perhaps in the attic, signifying that the time for sailing is approaching or that one should be ready even while the fire of the harvest is still burning.",356
357,"But remain yourself for the favorable season of sailing, if it should come.","The adverbial use of αὐτός (αὐτὸς) with the predicate verb emphasizes the subject's own agency or state, functioning here as 'yourself' or 'by yourself' to contrast with acting on impulse or external pressure. The noun πλοῦον (accusative of πλοῦος) refers specifically to a voyage or sailing trip, a critical concept in the agrarian and maritime context of Hesiod's advice. The phrase ὠραῖον πλοῦον ('favorable sailing') alludes to the specific seasonal window when weather conditions permit safe travel, a recurring theme in ancient maritime practical knowledge. The conditional clause introduced by εἴσοκεν (a compound of εἴπερ, 'if indeed') uses the present active subjunctive ἔλθῃ, indicating a future contingency that is possible but not certain. The sentence employs asyndeton (the omission of a conjunction between clauses) in the main structure, creating a direct, imperative tone characteristic of gnomic wisdom literature. The punctuation (comma) separates the main imperative clause from the conditional clause, enhancing the rhythmic pause typical of hexameter poetry.",357
358,"Then also haul the swift ship ashore, and load the cargo that has been secured, so that you may gain profit to go home, just as both my father and yours, great fool Perses, used to sail in ships, making use of a good livelihood.","This sentence exemplifies Hesiod's didactic style, blending imperative instruction with proverbial wisdom. The phrase 'great fool Perses' (μέγα νήπιε Πέρση) uses the vocative adjective μέγα to intensify the insult, a common rhetorical device in archaic poetry to emphasize the addressee's lack of understanding. The construction 'just as' (ὡς περ) introduces a simile that functions as an argument from precedent, grounding the advice in ancestral tradition. The verb αἱρέω in the subjunctive (ἄρηαι) within the ινα-clause expresses purpose. The participle κεχρημένος (perfect middle/passive of χράω) with the genitive βίου (life) indicates the means or manner of the action, literally 'having used a good life,' which implies living by a righteous or profitable standard. The syntax flows from specific commands (hauling, loading) to the purpose (profit) and finally to the illustrative example (ancestral practice), creating a logical progression typical of agricultural advice.",358
359,"who once came to this very place, having traversed a vast sea, leaving behind Aeolian Cyme in a black ship.","The sentence features a relative clause (οὗς) referring to a previously mentioned figure, likely Odysseus, functioning as the subject of the main verb ἦλθε (he came). The syntax relies heavily on two aorist participles, ἀνύσσας (having traversed/completed) and προλιπών (having left behind), which modify the main verb and provide the circumstantial background of the journey. The preposition διά with the accusative (διὰ πόλντον) emphasizes the extent or thoroughness of the crossing. The phrase ἐν νηΐ μελαίνῃ uses the instrumental dative to indicate the means of transport, a common Homeric and Hesiodic construction. The adjective μελαίνη (black) is a traditional epithet for ships in Greek epic, likely referring to the dark, polished wood or the color of the hull, symbolizing the deep, mysterious nature of the sea. The placement of the modifier Αἰολίδα after the place name Κύμην creates a slight enjambment in rhythm, emphasizing the specific origin point of the traveler.",359
360,"Not fleeing from wealth, nor from wealth and prosperity, but from wretched poverty, which Zeus gives to men.","This sentence employs a strong antithesis (contrast) between the positive concepts of wealth (πλοῦτον) and prosperity (ὀλβόν) and the negative concept of 'wretched poverty' (κακὴν πένιην). The structure is built on the repeated negative particle οὐκ followed by οὐδέ ('nor'), creating a double negative emphasis that heightens the rejection of material gain in favor of the divine punishment of poverty. The adjective κακὴν ('wretched' or 'evil') is crucial, as it personifies poverty not merely as a lack of resources but as a malicious force actively distributed by Zeus. The relative clause (την... διδωσιν) serves to explain the origin of this poverty, attributing it directly to the will of Zeus, thereby framing human suffering as a divine decree rather than mere misfortune. The use of the dative plural αἰνδρεσσι ('to men') generalizes the recipient of this divine gift, applying the fate of poverty to humanity as a whole.",360
361,"He settled in a wretched village near Helicon, Ascra, bad in winter, grievous in summer, and never good.","The sentence employs a striking antithetical structure (antithesis) contrasting the harshness of the seasons with the lack of goodness, emphasizing the desolation of the location. The phrase 'χειμᾶ κακή, θέρεα ἄργαλη' creates a rhythmic balance by pairing the two seasons with adjectives of similar negative force. The use of the negative particle 'οὐ' with the temporal adverb 'ποτέ' (never) serves as a strong concluding emphasis on the village's perpetual unfavorability. The syntax relies on the elliptical repetition of the verb 'was' (implied by the participial or adjectival phrases modifying 'Ascra') to create a rapid, accumulating list of grievances, a technique often used in didactic poetry to reinforce the severity of the warning being given.",361
362,"But you, O Perses, must be mindful of all the proper seasons, especially of seafaring.","The vocative address 'O Perses' (ὦ Πέρση) directly engages the addressee, a common didactic technique in archaic poetry used to personalize moral or practical instruction. The phrase 'mindful of all the proper seasons' (ἐργῶν μεμνημένος εἶναι ὠραίων πάντων) utilizes a genitive absolute construction where 'of works' (ἐργῶν) modifies 'seasons' (ὠραίων), implying 'the seasons of all works.' The adjective 'proper' (ὠραίων) carries the dual sense of 'seasonal' and 'timely,' emphasizing that actions must be performed at the correct moment to be successful. The sentence concludes with a specific emphasis on 'seafaring' (ναυτιλίας), highlighted by the adverb 'especially' (μάλιστα), which follows the preposition 'concerning' (περί). The use of the particle 'de' (δέ) at the beginning of the clause provides a connective contrast, shifting the focus from previous advice to this specific directive.",362
363,"It is better to praise a small ship, but to place a great cargo in it.","This sentence employs a clear chiasmus in its conceptual structure, contrasting the size of the vessel (small) with the size of the load (great) to illustrate a principle of moderation. The syntax features a suppressed subject in the first clause ('It is better'), where the infinitive 'to praise' functions as the subject of an implied comparative statement, a common feature in gnomic or didactic poetry. The conjunction δέ (but) introduces the second infinitival phrase, creating a balanced antithesis between 'praising' (a rhetorical act) and 'placing' (a practical action). The preposition ἐνί (in) with the dative φορτία (cargo) emphasizes the capacity of the ship to hold substantial goods despite its modest description. This reflects the Hesiodic emphasis on practical wisdom and the dangers of greed versus the value of prudent management.",363
364,"The cargo is heavier, but a greater profit will be the gain if the winds only drive away the harmful breezes.","This sentence employs a chiasmus-like structure through the repetition of the root κε- in 'κερδεί' (gain/profit) and 'κέρδος' (profit), creating a rhetorical emphasis on the relationship between risk and reward. The particle μεν...δέ constructs a clear contrast between the immediate burden (the heavy cargo) and the potential future benefit (greater profit). The verb ἀπέχωσιν (they keep off/drive away) with the preposition ἐπι (upon) suggests the winds actively removing obstacles. The use of κακάς (harmful/bad) to modify ἀήτας (breezes/winds) personifies the weather as an adversary, a common motif in Hesiod's agricultural didacticism where nature is viewed as both a provider and a threat. The conditional clause (εἴ...κ'...ἀπέχωσιν) reflects the uncertainty of seafaring, a central theme in the Works and Days, where the poet advises caution and favorable timing for maritime ventures.",364
365,"Whenever, turning your mind to commerce, you should wish to escape debts and the unpleasant famine, I will show you the measures of the much-roaring sea—not having gained any skill in seafaring, nor in ships.","The sentence employs the conditional structure 'εὖτ' ἄν' (εὖτε + ἄν) with the optative 'βούληαι' to express a potential or future condition, a common feature in didactic poetry for offering hypothetical advice. The phrase 'πολυφλοίσβοιο θαλάσσης' is a vivid example of Homeric-style epithet usage, where 'much-roaring' (πολυφλοίσβος) personifies the sea, emphasizing its dangerous and powerful nature. Stylistically, the sentence uses asyndeton in the final clause ('οὐ... οὐ...') by omitting the verb to be repeated, creating a concise contrast between the speaker's lack of practical nautical expertise and the theoretical knowledge they are about to impart. The word 'αἰσιφρόνα' (of good counsel) modifies 'θυμόν' (mind/spirit), highlighting the psychological preparation required before engaging in risky trade. The contrast between the speaker's ability to teach 'measures' (navigation rules) and their admission of lacking 'skill' (σοφισμένος) in actual sailing adds a layer of humble authority to the advice, typical of Hesiod's persona as a wise farmer rather than a seasoned merchant.",365
366,"For I have never yet sailed the broad sea, except to Euboea from Aulis, where, when the Achaeans had waited through a long winter, they gathered the people from holy Hellas to beautiful-tressed Troy.","The sentence features a complex narrative structure where the speaker (a seer) explains his limited maritime experience by contrasting it with the massive mobilization of the Greek forces. The phrase 'καλλιγύνακα' (beautiful-tressed) is an epithet applied to Troy (or the land of Troy), a common poetic convention in epic and didactic poetry that personifies the destination or uses a characteristic feature to stand metonymically for the place. The syntax employs a participial phrase 'μεινάντες' (having waited) to set the temporal context for the gathering ('ἤγειραν'), creating a causal link between the winter delay and the assembly. The use of 'οὐ γὰρ πω' (for not yet) establishes a strong negation of the speaker's own history while introducing the historical exception. The sentence also exhibits a chiastic movement in the prepositional phrases: 'εἰς Εὔβοιαν' (to Euboea) ... 'ἐξ Αὐλίδος' (from Aulis) ... 'ἐξ Ἑλλάδος' (from Hellas) ... 'εἰς Τροίην' (to Troy), framing the specific personal journey against the grand, collective expedition.",366
367,"There, I sailed to the prizes of the shrewd Amphidamas and to Euboea.","The verb περάω (peráō) here means 'to cross' or 'to sail across,' often implying a sea voyage. The preposition εἰς (eis) with the accusative (Χαλκίδα) indicates motion towards a destination. The phrase 'prizes of the shrewd Amphidamas' refers to the funeral games held in honor of Amphidamas of Chalcis, which Hesiod describes as the occasion where he won first prize. The epithet δαιφρονος (daiphronos), meaning 'shrewd' or 'clever,' is an example of a traditional Homeric-style epithet applied to a local hero. The sentence utilizes asyndeton (the omission of conjunctions) between the two prepositional phrases ('to the prizes... and to Chalcis'), though the enclitic τε (te) is present to link the final noun, creating a tight, rhythmic connection typical of hexameter poetry. The initial εἴνθα (einthá) functions as a locative adverb, setting the scene for the narrative action.",367
368,But the sons of the great-hearted [man] have established many prizes that were foretold beforehand.,"The sentence features a prominent use of the perfect passive participle προπεφραδμένα (from προφράζω), meaning 'foretold' or 'announced beforehand,' which emphasizes the divine or prophetic origin of the prizes being awarded. The genitive phrase μεγαλητόρος (of the great-hearted) is a standard epic epithet, likely referring to Zeus or a heroic ancestor, functioning here as a possessive modifier for the sons. The structure relies on the adverbial particle δέ to introduce a contrast or continuation from a preceding context, while the word order places the heavy participial phrase before the verb, creating a sense of anticipation for the action of 'establishing' (ἔθεσαν). The term αἴθλα refers to prizes or contests, central to the competitive ethos of Greek culture described in this work.",368
369,"There I say that having won, I shall carry a three-footed cauldron of bronze.","The sentence features the adverb 'ἔνθα' (there), which often functions as a marker of transition or emphasis on a specific location or moment in Hesiod's didactic poetry. The verb 'φημι' (I say) introduces a direct assertion, while the infinitive 'φέρειν' (to carry) serves as the object of this declaration. The participle 'νικησαντα' (having won) is in the aorist tense, indicating a completed action that precedes the main verb, and it is in the accusative case, agreeing with the subject 'με' (me). The noun 'τριπόδ' (tripod) is a significant cultural reference, as tripods were often awarded as prizes in athletic or poetic contests, symbolizing honor and victory. The adjective 'ὠτοεντα' (bronze-colored) describes the tripod, highlighting its material and value. The sentence structure reflects the formal and elevated style typical of Hesiod's works, emphasizing the poet's self-assertion and the rewards of his artistic endeavors.",369
370,"This one I have dedicated to the Heliconian Muses, where they first spoke to me of the clear-voiced song.","The sentence employs the verb ἀνατίθημι (to dedicate), a term frequently used in religious contexts for offering gifts to deities, here marking the poet's initiation into the art of poetry. The phrase 'clear-voiced song' (λιγυρῆς ἀοιδῆς) is a defining characteristic of the Muses in Greek tradition, emphasizing the sonic quality of divine inspiration. The construction 'where they first spoke to me' (ἐνθα με τὸ πρῶτον ἐπέβησαν) utilizes the aorist tense of ἐπιβαίνω (literally 'to step upon'), which in this poetic context functions metaphorically as 'to address' or 'to speak to,' signifying the moment of divine encounter. The pronoun μεν (men) creates a contrastive focus, implying that while this dedication belongs to the Muses, other matters or dedications may follow or exist elsewhere. The syntax places the object 'this one' (τόν) at the very beginning for emphasis, drawing attention to the specific offering being made.",370
371,So many ships with many nails have I tested.,"The verb πειράομαι (peiraomai) is used in the perfect tense with a present sense, meaning 'I have experienced' or 'I am experienced in,' which is characteristic of Hesiod's narrative voice reflecting on past hardships. The adjective πολύγομφος (polygomphos), literally 'many-nailed,' is a distinctive compound adjective used to describe the sturdy construction of ancient warships or merchant vessels, emphasizing their durability against the sea. The enclitic particle γε (ge) following νηῶν (ships) adds an emphatic or restrictive force, highlighting the specific category of 'ships' amidst other trials. The sentence exhibits a clear word order where the quantity (τόσσον) modifies the object (νηῶν) but is placed at the beginning for emphasis, creating a focus on the magnitude of the experience. This structure underscores the poet's extensive and arduous maritime journey, a central theme in the Works and Days regarding the dangers of the sea versus the land.",371
372,"Nevertheless, I shall speak the mind of Zeus, the goat-shaker.","The sentence opens with the adversative conjunction ἀλλα (alla), here functioning with the nuance of 'nevertheless' or 'however,' marking a transition in the poet's discourse. The particle και (kai) following ἀλλα serves to strengthen the transition, creating a common Homeric and Hesiodic formulaic phrase ἀλλα και (alla kai). The verb ἐρέω (erēō) is the future active indicative of λέγω (legō), meaning 'I will say' or 'I will speak'; in this context, it implies the authoritative declaration of divine will. The object νόον (noon), the accusative of νοῦς (nous), refers to the 'mind,' 'purpose,' or 'intention' of Zeus, suggesting the poet is about to reveal the underlying divine order or specific plan. The genitive Ζηνοὺς (Zeus) is modified by the epithet αἰγιοχόιο (aigiochoio), a dative/genitive singular form of αἰγιόχος (aigíochos), literally meaning 'goat-shaker.' This epithet is a traditional Homeric and Hesiodic designation for Zeus, likely alluding to the shaking of the earth (aigis) or a reference to the goat associated with the god's cult or the storm clouds he shakes. The syntax features a direct object (νοῦν) followed by a possessive genitive (Ζηνός) and an attributive epithet (αἰγιοχόιο) that modifies the genitive noun, a structure typical of epic poetry for emphasizing the majesty and specific attributes of the deity.",372
373,For the Muses taught me to sing the unutterable hymn.,"The sentence employs the causal particle γάρ, which typically appears as the second word in its clause (Wackernagel's Law), indicating that this statement provides a reason for a preceding context. The verb διδάσκω (to teach) takes a dual object construction here: a direct object (μ', 'me') and an infinitive clause (ἀείδειν, 'to sing'), which itself governs a direct object (ὕμνον, 'hymn'). The adjective ἀθέσφατον ('unutterable' or 'inexpressible') modifies hymn, a key theological concept in Hesiodic poetry suggesting that the subject matter (often the genealogy of the gods or divine laws) exceeds ordinary human language and requires divine inspiration to be articulated. The use of the aorist tense (ἐδίδαξαν) implies a specific, completed act of instruction, likely referring to the poet's initiation on Mount Helicon. The sentence structure is straightforward, yet the juxtaposition of the divine agents (Muses) with the ineffable nature of the song highlights the poet's humility and the sacred origin of his art.",373
374,"Fifty days after the sun's solstices, when the summer season of toil has reached its end, the sea becomes safe for mortals.","This sentence encapsulates a crucial maritime and agricultural calendar in ancient Greece. The phrase 'fifty days after the solstices' (literally 'after the turnings of the sun') refers to the summer solstice, marking the end of the dangerous sailing season. The Greek term 'καματωδεος' (kamatōdeos) meaning 'toil-filled' or 'laborious' is a compound adjective highlighting the harsh conditions of the summer heat and the labor required in the fields, contrasting with the subsequent safety of the sea. The sentence employs a clear temporal structure: an initial adverbial phrase of time ('fifty days after...'), followed by a participial clause ('when... has reached its end') that contextualizes the main verb ('becomes'). The word order places the subject 'πλοος' (voyage/sea-crossing) at the very end, creating a sense of finality and emphasis on the action itself. The use of 'ωραιος' (fair/safe) as a predicate adjective linked to the sea suggests not just physical calmness but also divine favor or auspicious timing, a common theme in Hesiod's didactic poetry regarding the proper times for human activity.",374
375,"They will not break your ship, nor will the sea destroy the men, unless the earth-shaker Poseidon or the king of the immortals Zeus willingly wishes to destroy them.","This sentence employs a classic negative correlation structure using the correlative conjunctions οὐ...τε... (ou...te...) and οὐ...τε... (ou...te...), meaning 'neither... nor...'. The first clause uses the aorist subjunctive (καταγάγνυαις) with the particle κε (an alternative form of ἄν), and the second uses the aorist subjunctive (ἀποφθιήσειε) with ἄν, indicating a future potential condition. The verb καταγάγνυμι (to break) is used metaphorically for the destruction of a ship by storm or force. The epithet ἐνοσίχθων (enosichthon), meaning 'earth-shaker', is a traditional attribute of Poseidon, highlighting his power over both the sea and the earth. The phrase 'willingly' (πρόφρων) emphasizes the divine volition required for the disaster to occur, contrasting with the inevitability of the sea's power if the gods do not intervene. The sentence structure creates a balanced rhythm, typical of Hesiodic didactic poetry, where the fate of the sailors is contingent upon the will of the highest gods.",375
376,For the end of both good things and bad things is alike.,"This sentence illustrates the Greek preposition ἐν (en) used with the dative case (τοῖς) to denote a sphere or condition, literally 'in these' or 'in this respect.' The adverb ὁμοῦς (homōs), meaning 'alike' or 'equally,' functions as the predicate of the copula εἰσίν (esti), emphasizing the inevitability of the outcome regardless of moral quality. The phrase ἀγαθῶν τε κακῶν τε employs the correlative particle τε...τε ('both...and') to coordinate the genitive plural adjectives ἀγαθῶν and κακῶν, which modify the implied noun 'things' or 'matters' governed by the context of the preceding verse. The sentence structure reflects a gnomic statement common in didactic poetry, asserting a universal truth about the finality of fate. The use of the dative plural τοῖς (referring to 'these matters' or 'this situation' mentioned previously) creates a cohesive link to the preceding context, while the placement of γὰρ at the beginning of the clause provides the causal explanation for the preceding advice.",376
377,"At that time, the breezes are clear and the sea is calm.","This sentence describes the specific meteorological conditions favorable for sailing, a central theme in Hesiod's didactic poetry regarding agricultural and maritime timing. The adverb τῆμος (at that time) serves as a temporal marker, likely referring to the period after the winter storms have passed and before the summer heat. The adjective εὐκρινέες (clear, distinct) applied to the winds (ἀὐραι) suggests not merely the absence of wind, but a quality of clarity and predictability, essential for safe navigation. The phrase πόντος ἀπήμων (the sea without waves) uses the privative adjective ἀπήμων (waveless, calm) to depict the ideal state of the ocean. The structure relies on a simple coordination of two subject-predicate pairs (breezes clear; sea calm) joined by καὶ, creating a balanced image of serenity. The enclitic τε and the particle δὲ connect this clause to the preceding context, maintaining the flow of the poet's instructions.",377
378,"Then, having persuaded the swift ship to the winds, drag it into the sea and load it with all cargo, and hasten to return home as quickly as possible.","The sentence employs a series of imperatives (expressed as infinitives in this context of general instruction or gnomic statement) typical of Hesiod's didactic poetry. The verb πειθήσας (aorist participle of πείθω) introduces a concessive or temporal nuance, indicating the action of 'persuading' the winds (personified as entities to be appeased) before the physical act of launching. The phrase 'swift ship' (νη̃α θοήν) uses a standard epithet for vessels in the epic tradition. The use of τε... δ' creates a balanced coordination between the preparatory actions (launching and loading) and the subsequent imperative to return home. The adverbial phrase οὔτι τάχιστα (here οὔττι, a variant of ὅτι) functions to emphasize the urgency of the return, a crucial element in the context of maritime safety and the timing of the sailing season. The word παλίν (back again) paired with οἴκονδε (homeward) reinforces the directional focus of the instruction.",378
379,"Do not wait for new wine, nor for the autumn rain, nor for winter coming, nor for the fearsome blasts of the South Wind, which, having joined Zeus's autumnal storm, turned the sea into a perilous expanse.","This sentence employs a strong asyndetic structure (in the main clause's initial list, though technically connected by 'and' in the Greek text, the rhythm mimics asyndeton) of four parallel objects (wine, rain, winter, winds) to create a cumulative effect of impending danger and the futility of waiting. The syntax features a participial clause (ὁμαρτήσας... ὀπωρινῷ) that modifies the action of the South Wind, explaining the cause of the sea's treacherous state. The phrase 'winter coming' (χειμῶν' ἐπιόντα) uses a participle to personify the season as an approaching force. The use of 'de' (δέ) in the final clause ('χαλεποὺς δέ τε πόντον') serves to shift the focus from the waiting to the resulting reality of the sea's danger. The vocabulary reflects the agricultural and nautical concerns central to Hesiod's didactic poetry, where specific weather patterns dictate the timing of labor and travel.",379
380,But for men there is another sea voyage in spring.,"This sentence illustrates Hesiod's didactic style, providing specific agricultural and nautical advice based on the seasons. The verb πελέται (from πέλω) functions here as a copula meaning 'comes to be' or 'exists,' indicating the arrival of a specific time. The adjective ἐαρινος (spring) modifies πλοος (voyage), specifying the season when the sea becomes navigable again after the winter storms. The dative plural ἀνθρωπόισιν (to/for men) serves as a dative of advantage or reference, identifying the beneficiaries of this seasonal opportunity. The particle δέ (here as -δ') provides a connective transition, contrasting this spring voyage with the winter period or the previous context of the text. The meter of the line is dactylic hexameter, typical of epic poetry, though the phrasing is direct and instructional.",380
381,"When, at the very first moment, the crow has made its step upon the tree, just as much a leaflet should appear in the highest branch of the man, then the sea is unfordable.","This sentence illustrates a classic 'correlative' construction using οὕτως... τοσοῦτος ('just as... so much') to link a natural omen with a practical maritime warning. The syntax relies on a temporal clause introduced by ἥμος ('when') followed by a main clause describing the omen (the appearance of a leaf on the branch) and a final apodosis stating the consequence (the sea is impassable). The phrase ἄκροτατη κραδή ('highest branch') is a specific nautical and agricultural term referring to the topmost part of the tree, often used in augury. The construction employs asyndeton (the omission of conjunctions between clauses) to create a rapid, rhythmic progression from the omen to the warning. The use of the aorist participle ἐπιβαῦσα ('having stepped on') for the crow emphasizes the completion of the action that triggers the observation. The term ἄβατος ('unfordable') here specifically denotes that the sea is too rough or dangerous to cross, a crucial piece of advice for the timing of sailing seasons in Hesiod's agricultural calendar.",381
382,This is a voyage suitable for springtime.,"The sentence employs the verb γίγνομαι (here as πελεται, a Doric form of γίγνεται) meaning 'to become' or 'to be,' which functions as a copula linking the subject 'this' (οὗτος) to the predicate nominative 'voyage' (πλοός). The adjective εἰαρινός ('spring-like' or 'suitable for spring') agrees with πλοός in gender, number, and case. This line appears in Hesiod's didactic poem 'Works and Days' as part of a section advising on the appropriate times for sailing. Hesiod contrasts the dangers of summer and winter navigation with the relative safety of the spring sailing season. The use of the demonstrative οὗτος ('this') points to the specific period or type of voyage being discussed in the immediate context. The sentence structure is a straightforward nominal clause with a copula, typical of instructional or advisory poetry where clarity is paramount.",382
383,"I, at least, do not praise him.","The sentence employs the emphatic particle -γε attached to the first-person pronoun (ἐγώγε), which serves to assert the speaker's personal stance or contrast it with others who may hold different views. The negative particle οὐ is placed at the very beginning of the clause for emphasis (hyperbaton), separating it from the verb and drawing immediate attention to the denial. The enclitic pronoun μιν (him) functions as the direct object of the verb αἰνέω (to praise). The verb is in the first person singular present indicative active. The structure highlights a deliberate refusal to offer praise, a common rhetorical device in didactic poetry to establish the speaker's authority and moral distinction.",383
384,For he is not pleasing to my heart.,"The sentence employs a periphrastic construction combining the perfect passive participle κεχαρισμένος (from χαρίζω, 'to please' or 'to do a favor') with the verb εἰμί ('to be'). In this context, the participle functions as an adjective meaning 'pleasing' or 'grateful.' The dative noun θυμῷ ('heart,' 'spirit,' or 'mind') serves as the indirect object of the participle, a construction indicating the recipient of the feeling or action. The negation οὐ γάρ places a causal or explanatory emphasis at the beginning of the clause, typical of Hesiodic didactic poetry where the poet justifies his actions or judgments. Stylistically, the phrase highlights the internal emotional state of the speaker, a recurring theme in the Works and Days where the poet frequently appeals to his own feelings and moral convictions to validate his advice to his brother Perses.",384
385,A rapacious one.,"This fragment is a single adjective in the masculine nominative singular form, functioning as a predicate nominative (PNOM). The lemma ἁρπακτός (harpaktós) derives from the verb ἁρπάζω (harpázō), meaning 'to seize' or 'to snatch.' In the context of Hesiod's Works and Days, this term is used to describe the 'seizure' or 'rapacious' nature of the Second Age (the Age of Heroes) or, more commonly, to characterize the unjust men of the Iron Age who operate without shame or fear of the gods, taking by force what belongs to others. The use of the adjective as a standalone noun phrase (a substantive) emphasizes the defining characteristic of the subject—here, the quality of being predatory. The period indicates the end of a thought or a distinct label. The term carries strong connotations of violence and illegitimacy in Greek ethical discourse, contrasting sharply with the ideal of dikē (justice).",385
386,You would escape evil with difficulty.,"This sentence features the optative mood (φυγῴης) combined with the particle ἄν (written as κε here), which typically expresses a potential or hypothetical action in the present or future. The adverb χαλεπῶς (with difficulty) modifies the verb, emphasizing the arduous nature of avoiding misfortune. The adjective κακόν (evil/harm) is in the accusative case, functioning as the direct object of the verb. The sentence structure is concise, typical of Hesiod's gnomic style, offering practical wisdom regarding the inevitability and difficulty of avoiding trouble.",386
387,But even men do these things with the mindless thoughts of their mind.,"The sentence features the particle combination 'ἄλλα νυ' (alla nu), which serves as a strong adversative transition, often meaning 'but still' or 'yet even,' signaling a shift in the narrative or argument. The use of 'καί' (kai) here functions as an intensifier ('even'), emphasizing the universality of the action. The verb 'ῥέζουσιν' (rhézousin) is a present indicative active form meaning 'they do' or 'they perform,' governing the neuter plural accusative object 'τά' (ta, 'these things'), which is anaphoric, referring to the specific actions or evils previously discussed in the context of the poem. The phrase 'ἀιδρείῃσι νοοῖο' (aidreēisi nooio) is a striking example of poetic diction: 'ἀιδρείῃσι' is a dative plural adjective meaning 'with foolishness' or 'with lack of insight,' modifying the implied manner of the action, while 'νοοῖο' (genitive singular of 'νοῦς') specifies the seat of this foolishness. The genitive 'νοοῖο' creates a subtle internal reference, suggesting that the folly arises from the very faculty of thought itself. The syntax reflects the oral-formulaic nature of Hesiodic poetry, where abstract concepts like 'mind' are personified or qualified to emphasize moral failing.",387
388,For wealth becomes a soul for cowardly men.,"This sentence employs the dative case (δειλοῖσι βροτοῖσι) to express the dative of reference or advantage, indicating for whom wealth assumes the role of a 'soul' (ψυχή). The verb πελέται (from πελώ) is a middle/passive form meaning 'becomes' or 'comes to be,' linking the subject 'wealth' (χρήματα) to the predicate nominative 'soul.' The particle γάρ provides a causal or explanatory link to the preceding context, justifying a previous statement. The phrase δειλοῖσι βροτοῖσι (cowardly men) carries a strong ethical and cultural connotation in Hesiod's didactic poetry, contrasting the values of the industrious and brave with those who rely on ill-gotten gain or lack moral courage. The sentence reflects Hesiod's recurring theme that material wealth cannot substitute for the spiritual or moral integrity of the soul, particularly in the context of human frailty and ethical decay.",388
389,It is terrible to die amidst the waves.,"The sentence employs the neuter adjective δεινόν (terrible, fearful, mighty) as a predicative nominative with the impersonal verb εἰσί (it is), a common construction in gnomic or proverbial literature to express general truths or strong moral judgments. The infinitive θανεῖν (to die) functions as the subject of the impersonal construction. The preposition μετά (after, among, amidst) governs the dative plural κύμασιν (waves), indicating the location or circumstances of the death. The particle δέ (but, and) serves as a connective, likely linking this thought to a preceding statement about the hardships of life or the sea, though its specific connective force depends on the immediate context of the surrounding lines. The phrase captures the ancient Greek cultural anxiety regarding the loss of proper burial rites; to die at sea without a tomb or proper funeral rites was considered a particularly pitiable and 'terrible' fate, as the soul could not find rest. The brevity and directness of the statement, devoid of a conjunction between the main clause and the infinitive phrase (asyndeton), heightens the emotional impact of the warning.",389
390,"But I command you to ponder all these things in your mind, as I speak them.","The sentence opens with 'αλλά' (but), a common adversative particle used by Hesiod to introduce a shift from narrative or general statement to direct instruction. The verb 'ἄνωγα' is the perfect active indicative of 'ἀνώγω', functioning as a present tense meaning 'I command' or 'I enjoin,' a frequent feature in archaic didactic poetry where the perfect form conveys a present, authoritative state. The infinitive 'φράζεσθαι' (to ponder/consider) takes a double object: the accusative pronoun 'σ' (you) and the accusative phrase 'τάδε πάντα' (all these things). The prepositional phrase 'μετὰ φρεσίν' (in the mind/hearts) uses the dative plural of 'φρήν', a term that in archaic Greek refers to the seat of thought and emotion, often translated as 'mind,' 'thoughts,' or 'heart.' The clause 'ὠς ἀγορεύω' (as I speak) is an adverbial clause of manner. The syntax reflects the oral-formulaic style of Hesiod, emphasizing the direct transmission of wisdom from the poet to the listener. The sentence structure places the command first, followed by the content and the manner of delivery, reinforcing the poet's authority.",390
391,And do not entrust your entire livelihood to hollow ships.,"The sentence employs a negative imperative (μη + infinitive) to issue a warning or prohibition, a common feature in didactic poetry where the poet instructs the addressee on practical and moral conduct. The use of the infinitive τιθεσθαι (to place/trust) with the preposition εν (in) and the dative plural νηυσίν (ships) creates a construction meaning 'to entrust something to something.' The adjective ἀπαντα (all/entire) modifies βιον (livelihood), emphasizing the totality of one's existence, while κοϊλησι (hollow) describes the ships, highlighting their inherent instability and danger for storing one's entire life. This imagery reflects the ancient Greek understanding of the sea as a perilous element, contrasting the security of land-based agriculture with the risks of maritime trade. The sentence is part of Hesiod's advice to his brother Perses, urging him to rely on honest labor rather than risky ventures.",391
392,"But leave the greater amount, and load the lesser.","This sentence presents a concise piece of practical advice regarding the loading of a vessel or a wagon, likely in the context of a journey or trade. The syntax relies on the coordination of two infinitives, λείπειν (to leave) and φορτίζεσθαι (to load), which function as imperatives in this gnomic or hortatory context. The sentence exhibits a clear chiasmus in its logical structure: the first clause advises leaving the 'greater' (πλέω) while the second advises loading the 'lesser' (μείονα), creating a balanced antithesis between abundance and scarcity. The use of the neuter accusative forms πλέω and μείονα as direct objects is standard for comparing quantities. The particle ἀλλά serves to introduce a corrective or contrasting instruction, shifting the focus from a previous suggestion to a more prudent course of action.",392
393,For it is terrible to meet calamity amidst the waves of the sea.,"The sentence employs the neuter singular adjective δεινόν (terrible, fearful) as a predicate nominative, a construction common in gnomic statements to express a general truth. The verb κυρσαί is an aorist active infinitive of κυρέω, meaning 'to meet' or 'to encounter,' which here functions as the subject of the impersonal construction. The preposition μετά with the dative plural (μετὰ κύμασι) indicates accompaniment or location 'amidst' the waves. The genitive πόντου (of the sea) modifies the waves, specifying the domain of the danger. The conjunction γάρ provides a causal explanation, suggesting this statement follows a preceding assertion about the perils of the sea. The phrase 'meet calamity' (πημάτι κυρσαί) uses the dative case for πῆμα (calamity/misfortune) as a direct object of the verb, a usage where the dative can denote the thing encountered or suffered.",393
394,"It is a terrible thing, if, having lifted an excessive load upon a wagon, you drive the axle.","This sentence presents a conditional warning using the adjective δεινόν (terrible, dangerous, ominous) as a predicate nominative. The conditional clause begins with εἰ (if) followed by the particle ἄν (marked here as κ'), which typically indicates a potential or future more vivid condition, though in this specific gnomic context it emphasizes the gravity of the action. The participle αἴρας (having lifted) functions adverbially, setting the temporal circumstance for the main verb ἄξονα (you will drive/lead). The phrase αἴρας... ἄξονα creates a vivid image of the physical act of overloading a cart, where the excessive weight (ὑπέρβιον ἄχθος) threatens to snap the axle (ἄξονα). The syntax relies on the ellipsis of the main verb in the apodosis (the 'then' clause), which is implied by the initial δεινόν, a common feature in gnomic or proverbial Greek where the consequence is understood as self-evident. The use of the wagon and axle imagery serves as a metaphor for the limits of human endurance and the folly of greed or overexertion, a recurring theme in Hesiod's didactic poetry.",394
395,Break the ships and blacken the cargo.,"The sentence employs an asyndetic imperative structure (though connected here by 'καὶ' which links two distinct commands) commanding the destruction of a fleet and the deliberate staining of its goods. The verb καταγνύμι (katagnymi), 'to break' or 'shatter,' is a strong, violent action often used in the context of destroying ships or breaking oaths. The verb μαυρόω (mauroō), 'to blacken' or 'darken,' in this context likely refers to the ritualistic or practical act of smearing the cargo with pitch or soot, perhaps to signify its condemnation, to make it unattractive to thieves, or as part of a specific nautical or sacrificial rite. The juxtaposition of destroying the vessel while simultaneously treating the cargo suggests a total abandonment or a deliberate act of rendering the expedition futile.",395
396,Keep watch over the measures.,"The sentence employs the present infinitive φυλάσσεσθαι ('to keep watch/guard') functioning as a second-person singular imperative, a common feature in gnomic or didactic poetry where general truths or instructions are addressed directly to the addressee (often the brother Perses in this context). The noun μέτρα ('measures') is in the accusative case as the direct object of the infinitive, referring here to the proper standards of justice, fair dealings, and the correct amounts of goods to be exchanged, rather than mere physical dimensions. The verb φυλάσσω, in this context, carries the sense of vigilance or careful observance of rules. The brevity and directness of the clause reflect the aphoristic style typical of Hesiod's didactic instruction, emphasizing the moral necessity of adhering to established norms of fairness (dike).",396
397,But the right moment is best for all things.,"The sentence features the enclitic conjunction 'δέ' (δ') following the subject 'καιρός', a common placement in Greek that adds a slight connective or contrastive force, often translated as 'but' or 'however' depending on context. The preposition 'ἐπί' (epi) with the dative case 'πᾶσιν' (pâsin) indicates scope or applicability ('for all things' or 'in all matters'). The adjective 'ἄριστος' (áristos), meaning 'best' or 'most excellent', functions as a predicative nominative agreeing with 'καιρός'. This is a famous gnomic statement (a general truth) emphasizing the importance of 'kairos'—the opportune or critical moment—over mere chronological time ('chronos'). The structure is a simple copular sentence where the verb 'to be' is understood. The sentiment reflects the Hesiodic emphasis on timely action in agriculture and daily life, where success depends on seizing the correct moment.",397
398,"It is fitting to bring your wife to your house, neither leaving her far behind the age of thirty years, nor placing her far above [that age].","The sentence employs the neuter adjective ὠραῖος ('fitting', 'seasonable', 'proper') as an adverbial modifier of the infinitive αἱρεῖσθαι (here αἱρεῖσθαι in the sense of 'to bring'), a common construction in didactic poetry to introduce moral or practical advice. The text presents a chiasmus-like structure in the negative prohibitions: the first clause (μητε... τριηκόντων) negates the woman being too young (left behind), while the second (μητε... ἐπιθείς) negates her being too old (placed over). The phrase 'far behind' (πολλ' ἀπολείπων) and 'far above' (πολλὰ ἐπιθείς) uses the accusative of respect or extent with the adverb πολλὰ, emphasizing the degree of deviation from the ideal age range. The term ὠραῖος carries cultural weight in Hesiodic thought, linking marriage to the natural order and the proper 'season' (ὥρα) for life events, reflecting the agricultural and cosmic rhythms central to Works and Days. The construction avoids asyndeton in the main clause but uses τε... τε ('neither... nor') to create a balanced, rhythmic prohibition typical of gnomic or prescriptive poetry.",398
399,This is a timely marriage for you.,"The sentence employs the dative of advantage (τοι, 'for you') to indicate the beneficiary of the action or state. The adjective ὄριος ('timely', 'seasonable', or 'at the right time') is crucial here, reflecting the Hesiodic concern with observing the correct agricultural and social seasons; marriage, like farming, must occur at the proper time to ensure prosperity. The demonstrative pronoun οὗτος ('this') serves as the subject, emphasizing the immediate relevance of this specific match. Stylistically, the sentence is concise and aphoristic, typical of the didactic tone of the Works and Days, where advice is often delivered in direct, proverbial statements.",399
400,"Let the woman be four years into her youth, and let her be married in the fifth.","This sentence prescribes the appropriate age for a girl's marriage in Hesiod's agricultural and domestic code. The first clause uses the verb ἡβᾷω (to be in the bloom of youth) in the present optative (ἡβώοι) to express a recommendation or wish, which is typical of Hesiodic gnomic or prescriptive literature. The second clause employs the aorist passive optative (γαμείτο) with the same prescriptive force, indicating the specific timing for the marriage ceremony. The structure presents a clear numerical progression: 'four' (τέσσαρες) followed by 'fifth' (πέμπτος), emphasizing the sequential nature of the advice. The particle δέ is used in both clauses to connect the coordinated predicates, creating a balanced rhythm. The text reflects the ancient Greek social norm that marriage should occur shortly after a girl reaches physical maturity (ἡβή), specifically around the age of fourteen, which was considered the optimal time for bearing children.",400
401,"To marry a maiden, so that you may learn the sacred customs.","The sentence employs a future infinitive construction (γαμεῖν) dependent on an implied main verb (likely 'it is better' or 'one should' from the preceding context) to express a recommended action. The particle δέ functions as a connective, linking this instruction to previous advice regarding the timing of marriage. The clause introduced by ὡς (so that) combined with the aorist subjunctive διδάξῃς (you may teach/learn) and the modal particle κ' (ἄν) forms a final clause indicating purpose or result. The adjective κεδνά (sacred, revered) modifying ἔθεα (customs, practices) highlights the religious and traditional weight of marital rites in Archaic Greek society; these were not merely social conventions but divinely sanctioned norms. The syntax reflects the didactic tone characteristic of Hesiodic poetry, where practical life advice is framed as moral instruction.",401
402,"Of these, you should marry the one most of all who lives nearby, after scrutinizing her thoroughly, lest you marry a woman who brings grief to your neighbors.","This sentence encapsulates Hesiod's practical advice on marriage, emphasizing the importance of proximity and thorough investigation ('scrutinizing thoroughly') before committing to a union. The phrase 'after scrutinizing her thoroughly' (πἀντα μἀλ' ἀμφιιδὠν) uses an aorist participle to indicate an action that must precede the main verb, highlighting the caution required. The warning 'lest you marry a woman who brings grief to your neighbors' (μἡ γεἰτοσι χἀρματα γἠμἠς) employs a negative purpose clause with the aorist subjunctive, underscoring the social consequences of a poor choice. The term 'grief' (χἀρματα) is used ironically here, as it literally means 'joy' or 'pleasure,' but in this context, it implies the opposite, a common literary device to convey the negative outcome. The sentence structure is balanced, with the advice on selection followed by a cautionary note, reflecting the didactic nature of Hesiod's work.",402
403,"For a man does not take a wife better than a good one, nor is there anything easier than a bad one, a dinner-hostess.","This sentence presents a gnomic maxim contrasting the value of a virtuous wife against a vicious one. The syntax relies heavily on the correlative pair 'μέν...δέ' (men...de) to structure the antithesis between the two clauses. The first clause uses the comparative 'ἄμεινον' (better) with the genitive 'γυναικός' (of a woman) to establish a standard of excellence. The second clause employs a negative comparative construction 'οὐ ριγίον ἄλλο' (no other thing is easier/more pleasant), where 'ῥιγίον' functions as a comparative adjective derived from 'ῥίγος' (cold/shivering), here metaphorically suggesting something less burdensome or more pleasant to endure. The phrase 'δειπνολόχης' (dinner-hostess) is an epithet applied specifically to the 'bad' wife; it is likely ironic or pejorative, implying that while a bad wife is not 'easier' in a positive sense, she is perhaps more readily available for banquets or socializing in a manner that contrasts with the domestic virtue of the good wife. The sentence exemplifies Hesiod's didactic style, using parallelism and contrast to impart practical wisdom regarding household management and marriage.",403
404,"Sometimes, even when a man is strong, he gives him an evil end without a torch and with raw old age.","This sentence illustrates a specific Hesiodic motif regarding the inevitability of a difficult death for the virtuous, contrasting with the 'good death' often associated with a torch (symbolizing a life lived in the light of knowledge or community). The phrase 'without a torch' (ἀτερ δαλοῖο) is a striking metonymy; the torch (δαλός) was often carried in funerals or used in rituals to guide the soul, so its absence suggests a lack of proper rites or a life lived in darkness/obscurity. The juxtaposition of 'strong' (ἰφθιμόν) with 'raw old age' (ὠμῷ γήρᾳ) creates a sharp contrast between physical vitality and the brutal, unrefined nature of the final state. The use of the dative of quality ('raw old age') emphasizes the manner of the end. The sentence structure employs a concessive clause ('even when...') followed by a main clause, highlighting the futility of human strength against the harsh reality of a premature or undignified end.",404
405,But be careful to keep the vengeance of the blessed immortals.,"The sentence employs a gnomic imperative style, common in didactic poetry like Hesiod's, offering timeless moral or practical advice. The verb πεφυλαγμένος (perfect passive participle of φυλάσσω) is used predicatively with the infinitive εἶναι to form a periphrastic construction meaning 'to be careful' or 'to take heed.' The noun ὄπιν (accusative of ὄπις) refers specifically to divine retribution or vengeance, a central theme in the Works and Days, where Hesiod warns against hubris and injustice. The phrase αθανάτων μακάρων (of the blessed immortals) uses two adjectives in the genitive plural to describe the gods, emphasizing their eternal and happy nature. The particle δέ (but) serves as a connective, contrasting this instruction with previous advice or actions. The sentence structure is straightforward, focusing on the imperative tone of the advice rather than complex syntactic devices like chiasmus or anaphora.",405
406,Do not make your companion equal to your brother.,"This sentence employs the negative imperative form 'μὴ' combined with the enclitic particle 'δέ' (here written as '-δέ'), creating a strong prohibitive tone often found in gnomic or didactic poetry. The syntax uses the infinitive 'ποιεῖσθαι' (to make/treat) as the complement of the imperative verb, a common construction in Greek instructions. The adjective 'ἴσον' (equal) functions as an object complement, specifying the degree to which the companion is to be treated relative to the brother. Culturally, this reflects the ancient Greek emphasis on the primacy of blood kinship; while friendship ('ἑταῖρος') was highly valued, the bond of the brother ('κασιγνήτος') was considered the supreme social tie, and equating the two was seen as a disruption of the proper social and moral hierarchy. The sentence is an example of antithesis, contrasting the companion with the brother to highlight the latter's superior status.",406
407,"But if you do this, do not be the first to harm him.","This sentence presents a conditional warning typical of Hesiodic gnomic wisdom. The construction 'εἰ ... κε' (if ... then) introduces a conditional clause where the verb 'ποιήσῃς' is in the aorist subjunctive, indicating a future condition. The main clause contains a negative imperative 'μὴ ... ἕρξῃς' (do not do), also in the aorist subjunctive, which functions as a prohibition. The adverb 'πρότερος' (first) modifies the verb, emphasizing the timing of the action. The phrase 'κακὸν ἕρξῃς' (do harm) is a common idiom in Greek literature for causing injury or injustice. The use of 'μιν' as the accusative object refers to a specific person previously mentioned in the context. The sentence structure is straightforward, with no complex rhetorical devices like chiasmus or asyndeton, but it effectively conveys a moral instruction through a clear conditional framework.",407
408,Do not lie for the sake of the tongue.,"This sentence is a gnomic imperative, a general truth or moral instruction characteristic of Hesiodic didactic poetry. The construction uses the negative particle μὴ with the aorist middle infinitive ψευδέσθαι (from ψεύδω) to form a prohibitive command. The phrase γλώσσης χάριν ('for the sake of the tongue' or 'for the sake of speech') functions as an adverbial genitive of purpose. This specific idiom warns against lying merely to please one's own speech, to gratify one's own tongue, or to deceive through cleverness, emphasizing the moral danger of verbal deceit. The syntax relies on the infinitive governed by the negative particle to express a prohibition, a common feature in Ancient Greek moral exhortations.",408
409,"But if you should begin with a word or deed that is not pleasing to the gods, remember that you must pay back double.","The sentence employs a conditional structure introduced by 'εἰ' (if) followed by the particle 'δέ' (but/however), creating a contrastive tone often found in didactic poetry. The phrase 'ἄρχη' (begin) governs the aorist participles 'εἰπὼν' (having spoken) and 'ἐρξάς' (having done), which are coordinated by 'ἤ' (or). The adjective 'ἀπόθυμιον' (not pleasing to the gods, literally 'god-forsaken' or 'lacking divine favor') modifies both 'ἔπος' (word) and the implied action of the participle 'ἐρξάς'. The verb 'τίνυσθαι' (to pay back/atonement) is in the middle voice, indicating that the subject acts upon themselves or receives the consequence. The adverb 'δίς' (twice) combined with the neuter plural accusative 'τόσα' (so much) forms a quantitative expression meaning 'double the amount'. The final participle 'μνημόσυνος' (remembering) is used with the infinitive to issue a strong imperative reminder, a common feature in Hesiod's moral exhortations. The syntax reflects the oral tradition's rhythmic flow, balancing the condition of a single misstep with the severe consequence of doubled retribution.",409
410,"But if he leads you back to friendship again, and he is willing to offer justice, receive him.","This sentence illustrates a conditional structure where the apodosis (main clause) is an imperative ('δεξασθαι', 'receive him'), while the protasis (condition) consists of two coordinated clauses linked by the enclitic conjunction 'δέ' (δ'), which here functions as a connective particle rather than a simple 'and'. The first verb, 'ηγήσεται' (future of 'ἡγέομαι'), is used with 'εἰς' + accusative ('εἰς φιλότητα') to denote leading someone into a state of friendship or reconciliation. The noun 'φιλότης' refers specifically to the sentiment of affection, kindness, or amity between individuals, a key concept in Hesiodic ethics regarding the restoration of social bonds. The second clause uses the periphrastic future-like construction with the aorist infinitive 'παρασχεῖν' (to offer/provide) dependent on the future indicative 'ἐθέλησι' (he may be willing), emphasizing the voluntary nature of offering 'δίκη' (justice/righteousness). The sentence employs a chiastic-like moral logic: the return to social harmony (friendship) is contingent upon the active offering of justice, and the appropriate human response is acceptance ('δεξασθαι'). The particle 'γε' attached to 'σέ' adds a slight emphatic force, highlighting the addressee ('you') in the hypothetical scenario.",410
411,"A cowardly man makes a friend someone else on another occasion, but let not appearance refute your mind in any way.","The sentence employs a stark contrast between moral character and physical appearance, a recurring theme in Hesiodic didactic poetry. The first clause features a complex construction with the verb ποιέω ('to make') taking a double accusative: αὐτὸν (implied in the subject αὐτὸν... ἄλλον, though here the structure is 'makes a friend [someone else]'), where φιλον (accusative of respect) and ἄλλον (accusative of the person made) function as object complements. The adverbial phrase ἄλλοτε ἄλλον ('at one time someone else') suggests the fickleness and unreliability of such a man who changes allegiances or friendships capriciously. The second clause introduces a warning using the present middle imperative κατελεγχέτω ('let it refute' or 'let it convict'), negated by μή τι ('in no way' or 'not at all'). The subject of this warning is εἶδος ('appearance' or 'beauty'), which is personified as an active force that could undermine the listener's judgment (νοῦν). The use of the dative τοι ('to you') in the first clause connects the general statement about the cowardly man directly to the listener, while the second clause shifts to a direct address using the accusative σε ('you'). The sentence structure juxtaposes the external, changing nature of social relationships with the internal, steadfast nature of the mind, warning against allowing superficial qualities to dictate one's reasoning.",411
412,"Do not call the much-hospitable man inhospitable, nor call the bad man a friend, nor call the good man a quarrelsome one.","This sentence is a series of negative imperatives using the present infinitive of καλέω (to call) with a double negative construction (μὴ... καλεῖσθαι) to form a prohibition. The syntax relies heavily on asyndeton (the omission of conjunctions between clauses) to create a rapid, emphatic rhythm, punctuated only by the connective particle -δέ (and/but) attached to the negation μὴ. Stylistically, the sentence employs chiasmus in the second clause ('bad' + 'friend' vs. 'good' + 'quarrelsome'), contrasting moral qualities with social roles. The terms πολύξεινος (much-hospitable) and ἄξεινος (inhospitable) are compounds where the prefix indicates quantity or degree, reflecting the cultural importance of xenia (guest-friendship) in ancient Greece. The pairing of κακός (bad) with ἕταρος (companion/friend) and ἐσθλός (good) with νεικεστήρ (quarrelsome) highlights the inversion of expected social norms, urging the listener to judge character by its true nature rather than by appearance or rumor.",412
413,"Never endure to reproach a man with ruinous, soul-destroying poverty, which is always a gift of the blessed ones.","This sentence presents a striking paradox characteristic of Hesiodic wisdom: poverty, typically viewed as a misfortune, is redefined here as a 'gift' (δóσιν) from the gods (μακάρων). The adjective οὐλομένην (ruinous/destructive) is intensified by the compound θυμοφθόρον (soul-destroying), creating a powerful alliterative and semantic emphasis on the destructive nature of the condition being avoided. The syntax employs a gnomic imperative (implied in the negative infinitive construction following τλάω, 'to endure'), advising a general truth rather than a specific command. The phrase 'always a gift of the blessed ones' (αἰὲν ἐόντων) uses a present participle to denote the eternal, unchanging nature of the gods, contrasting with the transient suffering of the poor. The sentence structure juxtaposes the human experience of suffering with the divine attribution of that suffering, challenging the reader to accept the inevitability of poverty as part of the cosmic order rather than a cause for blame.",413
414,"For a man, the treasure of the tongue is best when it is sparing; but the greatest favor is that which goes according to measure.","The sentence presents a gnomic statement on the ethics of speech, contrasting two virtues: restraint (φειδωλής) and moderation (κατὰ μέτρον). The first clause uses the genitive 'of the tongue' (γλώσσης) with the adjective 'best' (ἄριστος) to define the ideal quality of speech as frugality or caution in speaking. The second clause, introduced by the coordinating conjunction 'but' (δέ), elevates the concept of 'favor' or 'grace' (χάρις), asserting that the highest form of social grace is speech that adheres to 'measure.' The phrase 'according to measure' (κατὰ μέτρον) invokes the central Archaic Greek ethical concept of μέτρον (metron), which implies that excess in any virtue becomes a vice; here, it suggests that even gracious speech must be bounded by propriety and not become excessive flattery or verbosity. Syntactically, the sentence employs a chiastic balance between the two halves: the first emphasizes the quality of the speaker's restraint, while the second emphasizes the quality of the recipient's reception, both governed by the principle of limit.",414
415,"But if you were to speak an evil word, quickly you yourself would hear a greater one.","The sentence utilizes the future more vivid conditional structure (εἰ + imperfect subjunctive in the protasis, ἄν + imperfect subjunctive in the apodosis), a common feature in Archaic and Classical Greek for expressing potential actions in the future. The particle κ' (a crasis of ἄν) is standard in this construction. The phrase κακόν εἴποις refers to uttering an insult or a harmful speech act, reflecting the cultural importance of verbal propriety and the belief that words possess inherent power. The apodosis employs a striking contrast: the speaker of the evil word (subject of εἴποις) will be the victim of a greater evil word (object of ἀκούσαις). This creates a poetic justice or a warning against initiating verbal conflict. The sentence exhibits a form of antithesis through the contrast between 'speak' (εἴποις) and 'hear' (ἀκούσαις), and 'evil' (κακόν) versus 'greater evil' (μείζον). The adverb ταχά (quickly) emphasizes the immediacy of the retribution. The use of αὐτός in the apodosis functions as an intensive pronoun, emphasizing that the offender will personally suffer the consequence, reinforcing the personal nature of the retribution.",415
416,"Do not be a grudging guest at a banquet of many guests, sharing from a common source.","This sentence contains a rare and vivid compound adjective, δυσπέμφελος (dyspempelos), literally meaning 'ill-disposed' or 'grudging' in the context of sharing, specifically regarding the distribution of food or hospitality. The term πολυξένου (polyxenou) is a poetic compound meaning 'of many guests' or 'guest-frequenting,' emphasizing the scale of the communal meal. The phrase ἐκ κοινῶ (ek koinou) refers to the social and religious ideal of the 'common meal,' a central theme in Hesiod's advice on maintaining social harmony and avoiding the stinginess that disrupts community bonds. The syntax employs a negative imperative (μὴ... εἶναι) with an adverbial phrase modifying the state of being, creating a direct moral exhortation against selfishness in communal settings.",416
417,The greatest grace is when the expenditure is the least.,"This sentence employs a striking chiasmus in its conceptual structure, contrasting the maximum of one value (grace/favor) with the minimum of another (expenditure/cost). The use of the superlative adjectives πλείστη (greatest) and ὀλγίστη (least/smallest) creates a balanced antithesis that is characteristic of gnomic wisdom literature, aiming to convey a universal truth about thrift and social reciprocity. The particle δέ functions as a connective, while τε (appearing as τ' before the vowel) links the two nominal subjects in a coordinate relationship, effectively equating the state of minimal spending with the presence of maximal favor. Culturally, this reflects the Hesiodic emphasis on economic prudence and the idea that true generosity or 'grace' in the eyes of the gods and men is achieved not through lavish spending, but through careful management and lack of waste.",417
418,"Do not pour the black wine from the dawn of Zeus with unwashed hands, nor [pour it] to other immortals.","This sentence is a negative imperative command (μη + present infinitive used in prohibitions) typical of Hesiodic didactic poetry, establishing ritual purity laws. The phrase 'from the dawn of Zeus' (ἐξ ἡοῦς Διός) is a specific temporal and theological marker indicating the time of morning sacrifice, where the sun (associated with Zeus or his light) rises. The adjective 'black' (αἴθοπα) describing the wine is a common Homeric and Hesiodic epithet, likely referring to the dark color of undiluted wine or its viscous quality. The instruction to use 'unwashed hands' (χερσὶν ἀνίπτοισιν) is a crucial cultural detail; in ancient Greek ritual, pouring libations with unwashed hands was a sign of extreme impiety or mourning, and here it serves as a prohibition against offering wine to the gods at this specific time or in this manner. The sentence exhibits asyndeton (the omission of a conjunction between 'nor' and 'other immortals' is implied by the -δε particle attached to the negative), creating a rhythmic, emphatic list of prohibitions. The structure parallels the prohibition against Zeus with a broader prohibition against other gods, emphasizing the exclusivity or specific conditions of proper worship.",418
419,"For they do not hear these things, but they spurn curses.","The sentence employs a clear antithesis between the verbs κλύουσιν (they hear) and ἀποπτύουσι (they spit/spurn), emphasizing the moral blindness of the addressees. The particle γάρ (for) indicates that this statement provides the reason or explanation for a preceding assertion. The enclitic τε (t') following the second verb creates a tight coordination with the preceding clause, often translated as 'and' or 'but' depending on context, here reinforcing the contrast. The use of the aorist or present tense here reflects a gnomic or habitual action, describing the typical behavior of those who ignore justice. The word αἰράς (curses) in the accusative plural refers to the consequences of injustice or the spoken imprecations against wrongdoers, a recurring theme in Hesiod's didactic poetry where he warns against hubris and the neglect of Dike (Justice). The sentence structure highlights the active rejection of divine warnings through the physical act of spitting, a gesture of contempt in ancient Greek culture.",419
420,And do not turn your back to the sun and work while it is high noon.,"The sentence begins with a negative imperative (μη) followed by the enclitic connective particle -δ' (δέ), creating a direct command that links this instruction to previous advice. The verb ὀμιχε͂ν (to work or toil) is in the present infinitive, dependent on an implied imperative sense of the main clause, a common construction in didactic poetry for issuing general rules. The phrase ἄντ' ἠελίου (facing the sun) uses the accusative of ἄντα (against/opposite) to denote direction or position. The participle τετραμμένος (having been turned) is a middle/passive aorist participle from τρέπω, agreeing with the implied subject of the infinitive. The adjective ὀρθὸς (straight/upright/vertical) functions adverbially to modify the state of being, referring specifically to the sun being at its zenith (midday). Culturally, this reflects the agrarian rhythm of ancient Greece, where labor was strictly avoided during the peak heat of the day to prevent exhaustion and heatstroke, adhering to the principle of working while the sun is lower in the sky. The syntax emphasizes the prohibition of a specific, dangerous posture relative to the celestial body.",420
421,"But when the sun has set, remembering, go up to the hill.","The sentence opens with αὐτάρ, a postpositive conjunction used to mark a sharp transition to a new temporal sequence or action, a common feature in Hesiodic didactic poetry. The verb δυῇ is in the aorist subjunctive, triggered by the temporal particle ἐπεὶ and the future-in-the-past marker κεν (here written as κε), creating a conditional-temporal clause meaning 'when the sun has set.' The participle μεμνημένος is in the present middle/passive (specifically, aorist active in sense but present in form here, though the lemma μιμνήσκω often appears with aorist forms; in this context, it functions as a present participle meaning 'remembering' or 'being mindful,' serving as a temporal or attendant circumstance to the main imperative action implied in the elliptical structure. The main verb is ellipted but understood as 'go' or 'proceed,' directed by the preposition εἰς ('into' or 'toward') and the accusative participle ἀνιόντα ('going up'), which acts as a participle of motion. The particle τε (τ') is enclitic and coordinated here, likely linking this instruction to a preceding clause about setting the sun, a common syntactic device in oral-formulaic poetry. The phrase 'remembering' may allude to the cultural imperative of observing natural signs and remembering one's duties or the proper time for agricultural or domestic tasks, a central theme in Works and Days.",421
422,"Do not urinate on the road, nor off the road, nor standing, nor stripped naked.","This sentence is a series of imperative prohibitions using the negative particle 'μή' combined with the enclitic 'τε' (forming 'μήτε... μήτε...') and 'δέ' to create a rhythmic, emphatic listing of forbidden actions. The syntax employs asyndeton in the final clause ('nor stripped naked'), where the conjunction is omitted for brevity and force. The verb 'οὐρήσεις' is in the future indicative, which in prohibitions functions as a strong command against future action. The adverb 'προβαδὴν' (standing) modifies the act of urination, while 'ἀπογυμνωθεὶς' is a perfect passive participle in the nominative masculine singular, agreeing with the implied subject ('you'), describing the state of being naked. The repetition of 'μή' and the parallel structure ('on the road... off the road') create a chiastic balance in the first two clauses, emphasizing the universality of the prohibition regardless of location.",422
423,The nights are blessed ones for you.,"The adjective 'μακάρων' (blessed, happy) functions as a predicate nominative agreeing with the subject 'νύκτες' (nights), suggesting that the nights themselves possess a divine or fortunate quality rather than merely being associated with blessed people. The dative pronoun 'τοι' serves as an indirect object or ethical dative, indicating that this state of blessedness is directed specifically toward the addressee. This sentence utilizes a striking personification where abstract temporal entities (nights) are endowed with the status of the 'blessed' (μακάρες), a term typically reserved for gods or heroes. The brevity and directness of the statement, lacking any conjunctions (asyndeton) to connect it to surrounding context, emphasizes the solemnity of the observation. In the cultural context of Hesiod, this likely alludes to the specific agricultural or religious significance of the night, perhaps contrasting it with the toil of the day, or referring to the favorable conditions for sleep and rest under divine favor.",423
424,"Sitting down, that divine man, knowing prudent things, or having approached the wall of the well-fenced courtyard.","The sentence presents a syntactic ambiguity characteristic of Homeric and Hesiodic poetry, where the conjunction 'ἠ' (or) connects two participial phrases ('ἐζόμενος' and 'πελάσας') that both modify the subject 'ἀνήρ' (man). The first phrase describes a state of sitting, while the second describes the action of approaching. The participle 'εἰδώς' (knowing) is a perfect active participle of 'οἶδα' functioning adjectivally to describe the man's wisdom or knowledge. The adjective 'θειος' (divine) elevates the status of the 'ἀνήρ' (man), a common epithet in epic poetry for figures of high standing or those under divine protection. The phrase 'εὐερκέος αὐλῆς' (of the well-fenced courtyard) utilizes a compound adjective 'εὐερκής' (well-fenced) to emphasize the security and order of the domestic space, reflecting the agricultural and pastoral values central to Hesiod's didactic work. The syntax suggests a choice or a sequence of actions, though the exact relationship between sitting and approaching remains open to interpretation, potentially indicating a moment of decision or a shift in setting within the narrative.",424
425,"And do not, having been struck in the genitals by a parent, appear before the hearth from within the house with a limp, but rather go forth to gather.","This passage presents a specific cultural and medical prohibition regarding bodily shame and ritual purity within the ancient Greek household. The phrase 'having been struck in the genitals' (πεπαλαγμένος αἰδοῖα) likely refers to a castration or severe injury to the reproductive organs, an event that would traditionally result in the individual being excluded from the domestic sphere due to the stigma of mutilation. The prohibition against appearing 'before the hearth' (ἑστία) is significant, as the hearth was the sacred center of the oikos (household) where family rituals and offerings took place; appearing there in a state of physical mutilation or shame would be ritually polluting. The adverb 'with a limp' (ἐμπελδόν) describes the physical manner of walking resulting from the injury. The sentence employs a clear antithetical structure (chiasmus in concept, though not strictly in word order) contrasting the forbidden action (appearing inside) with the commanded action (going out to gather/forage), linked by the adversative particle ἀλλά. The syntax uses a perfect passive participle (πεπαλαγμένος) to indicate a completed state of being with ongoing consequences, modifying the subject of the main infinitive construction.",425
426,"Do not, after returning from a shameful grave, sow a lineage, but [return] from the feast of the immortals.","This sentence presents a stark contrast between two types of death and the resulting social consequences, utilizing a negative-positive command structure (μη... ἀλλά) to prescribe proper behavior. The phrase 'shameful grave' (δυσφημίοιο τάφου) refers to a burial without proper rites or one resulting from disgrace, implying a failure to produce offspring; conversely, the 'feast of the immortals' (ἀθανάτων δαίτος) alludes to the idealized symposium or the divine banquet, symbolizing life, community, and continuity. The syntax relies on the aorist participle ἀπονοστήσαντα ('having returned') modifying the implied subject of the infinitive σπερμαίνειν ('to sow'), creating a temporal sequence where the act of procreation is contingent upon a specific kind of return. The ellipsis in the second clause, where the verb 'return' is omitted but understood from the first, creates a tight chiasmus-like balance between the two prepositional phrases: 'from the shameful grave' vs. 'from the feast of the immortals.' The use of γενεήν ('lineage') in the accusative as the object of σπερμαίνειν emphasizes the agricultural metaphor of 'sowing' life, a central theme in Hesiodic didactic poetry.",426
427,"Do not, ever, cross the ever-flowing streams with your feet before you have prayed, having seen the fair streams, having washed your hands in the much-praised white water.","This passage illustrates a sequence of ritual purification actions required before approaching a stream, reflecting the Ancient Greek concern with ritual purity (miasma) before engaging in religious acts. The syntax employs a series of participial phrases (ἰδὼν 'seeing/having seen' and νιψάμενος 'having washed') that depend on the main verb of prayer (εὐξάμενος), creating a logical chain of events: first seeing the streams, then washing, then praying. The use of the negative imperative μή with the particle ποτέ emphasizes the prohibition against crossing the water prematurely. Stylistically, the text features a chiasmus-like arrangement in the description of the water: 'fair streams' (καλὰ ῥέεθρα) and 'much-praised white water' (πολυηράτωι ὑδάτι λευκῶι), which elevates the natural elements to a sacred status. The phrase 'much-praised' (πολυηράτωι) is a compound adjective often used in poetic contexts to denote something worthy of reverence or prayer, reinforcing the sanctity of the water source.",427
428,"For whoever crosses the river and sees evil with unwashed hands, to him the gods will exact vengeance and grant grief afterwards.","This sentence employs a relative clause (ὅς) to establish a general moral condition applicable to any individual. The phrase 'with unwashed hands' (χειρᾶς ἄνιπτος) is a vivid synecdoche representing ritual impurity; in ancient Greek culture, washing hands was a prerequisite for approaching altars or engaging in sacred acts, so doing so while committing a wrong (seeing evil, or perhaps acting upon it) signifies a state of pollution that invites divine retribution. The verb νέμωσι (from νέμω, to deal out or mete) carries the specific connotation of apportioning a just portion, here in the sense of dispensing punishment or vengeance. The structure moves from the human transgression (crossing the river in a state of impurity) to the divine response, illustrating the Hesiodic theme that moral disorder invites cosmic disorder. The adverb ὀπίσσω (afterwards/later) emphasizes the inevitability and delayed nature of the consequences.",428
429,And do not cut your own food from the feast of the five-year-old gods with green iron from the flaming iron.,"The sentence contains a double negative construction (μη -δ' ... τάμνειν) functioning as a prohibitive command. The phrase 'five-year-old gods' (πεντοζοιο θεῶν) is a specific Hesiodic reference to the first five years of the Golden Age, a period where humans and gods dined together in harmony, before the introduction of death and labor. The adjective 'flaming' (αἴθωνι) modifying 'iron' is a poetic epithet often associated with the destructive or fiery nature of the metal, contrasting with the 'green' (χλωροῦ) iron which likely refers to untempered or newly forged iron, or perhaps iron still in its raw, verdant state before use. The syntax features a chiasmus-like structure in the prepositional phrases (απο... from... with... from...), emphasizing the separation of the sacred banquet from the profane act of cutting with iron. The use of the infinitive ταμνεῖν (to cut) governed by the prohibitive particle creates a strong imperative tone, warning against the introduction of violence (cutting meat) into a divine, vegetarian feast.",429
430,Never place the ladle over the mixing-bowl while they are drinking.,"This sentence contains a negative imperative construction using the particle μή combined with the enclitic connective particle δέ (here written as -δέ for phonetic connection) and the adverb ποτέ (contracted to ποτ’), forming a strong prohibition: 'never.' The verb τίθημι is in the present active infinitive, which, in this specific context of gnomic or hortatory instruction, functions as a subjunctive-like prohibition, a common feature in didactic poetry. The preposition ὑπέρθε (written as ὑπέρθε in the text) governs the genitive case κρατήρος, indicating spatial position 'over' or 'above' the mixing bowl. The participle πινόντων (genitive plural present active) agrees with an implied subject (the drinkers, likely the symposiasts or guests) and provides a temporal context: 'while they are drinking.' The sentence reflects the strict etiquette of the symposium, where the proper handling of the mixing bowl (krater) and ladle (oinochoē) was crucial for maintaining order and respect during the drinking party. The instruction emphasizes that the ladle should not obstruct the bowl or be placed precariously above it during the act of drinking, ensuring smooth service and avoiding spillage or disrespect.",430
431,For a ruinous destiny has been woven for me.,"The sentence utilizes the perfect middle/passive indicative form τέτυκται from the verb τεύχω (to make, prepare, or weave), which carries a strong metaphorical sense of 'weaving' or 'fashioning' a fate. This usage aligns with the common Ancient Greek poetic conceit of Moira (Destiny) as a weaver. The adjective ὀλοὴ (ruinous, destructive) modifies μοῖρα (destiny/portion), emphasizing the catastrophic nature of the speaker's fate. The particle γὰρ provides a causal explanation, indicating that this statement serves as the reason for a preceding context or thought. The preposition ἐπ’ (upon) with the dative pronoun αὐτῷ (him/itself, referring to the speaker in the third person or a generic 'one') establishes the recipient of this fate. The syntax reflects a passive construction where the destiny is the subject that has been acted upon by an implied agent (often the gods or the Fates).",431
432,"Do not leave a house unfinished, lest the crow perch upon the roof and caw.","This sentence employs a negative imperative (μη + infinitive) to issue a prohibition, followed by a purpose clause introduced by the particle 'μή' with the aorist subjunctive (κρώξη). The construction expresses fear of a negative consequence: leaving a house incomplete invites the crow to settle there. The imagery of the crow (κρώνη) is culturally significant in ancient Greek literature, often associated with omens, decay, or desolation; a crow perching on a roof suggests neglect and abandonment. The sentence also features assonance and alliteration through the repetition of the 'κρ' sound in κρώξη and κορώνη, enhancing the auditory quality of the warning. The adjective ἀνεπίξεστον (unfinished) emphasizes the structural incompleteness, which is the root cause of the feared outcome.",432
433,"And do not take food from blameless pot-bellies, nor wash yourself.","This sentence illustrates a gnomic imperative, a common feature in Hesiod's didactic poetry where the poet issues general rules of conduct. The syntax employs asyndeton (the omission of conjunctions between clauses), specifically through the repetition of the negative particle 'μη' (me) followed by the enclitic connective '-δε' (-de, 'and'), creating a rhythmic, parallel structure: 'μη... μη...'. The adjective 'ἀνεπιρρέκτων' (aneppirrektōn), meaning 'blameless' or 'irreproachable,' is a compound adjective where 'ἀ-' (a-) denotes negation and 'ἐπιρρεκτός' refers to something that can be faulted; here it ironically or euphemistically modifies 'χυτροπόδων' (chutropodōn, 'pot-bellies' or 'pot-bellied people'), likely referring to the hosts or the bowls themselves depending on textual interpretation, though in this context it suggests the source of the food is unimpeachable. The verb 'ἀνελόντα' (anelonta) is an aorist active participle in the accusative case, functioning adverbially to indicate the manner or circumstance of the action ('taking'). The verb 'λόεσθαι' (loesthai) is a present middle infinitive, meaning 'to wash oneself,' which in this context refers to the ritual purification or washing of the hands before eating, a significant cultural practice in ancient Greece. The prohibition against eating from such sources and washing suggests a context of ritual purity or social etiquette where certain interactions are forbidden, possibly alluding to the dangers of accepting hospitality from those who are not properly purified or are associated with impure rites, though the specific identity of 'pot-bellies' is debated. The sentence is a compact example of Hesiod's concise, imperative style, using parallelism to reinforce the dual prohibition.",433
434,For even to them punishment is present.,"The sentence employs the dative of the personal pronoun (τοις) combined with the preposition εν (here appearing as the enclitic form ενι) to express the concept of 'being present to' or 'being at hand for' someone. The conjunction επει (for/since) introduces a causal or explanatory clause, while the particle και (even) emphasizes the universality of the statement, suggesting that no one, not even the powerful or privileged, is exempt from retribution. The syntax is elliptical, omitting the copula 'is' (εστι), which is common in Ancient Greek when the verb 'to be' functions as a copula with a predicate noun or adjective. The word ποινη (punishment/retribution) is the subject of the clause, appearing in the nominative singular feminine form.",434
435,"Do not sit upon the motionless ones, for it is not better, child of twelve years, when a man begets a man without manliness; nor do [it] at twelve months.","This sentence presents Hesiod's agricultural and moral advice regarding the timing of childbirth and child-rearing. The imperative 'μη... καθιζεμεν' (do not sit) is metaphorical, advising against remaining stationary or inactive during the wrong season, or perhaps more literally, against sitting down (ceasing work) at the wrong time. The phrase 'ακινητοισι' (motionless ones) likely refers to the earth when it is barren or the winter season itself, implying that one should not rest when the land is unproductive. The clause 'οτ' ανερ' aninora poiei' (when a man begets a man without manliness) utilizes a striking anaphora with 'anēr' (man) and the adjective 'aninōra' (manless/without manliness), creating a contrast that emphasizes the lack of virtue in offspring born at the wrong time. The text warns against procreating or raising children at the age of twelve months (infancy) or twelve years, suggesting these are not the optimal times for the child's development or the father's ability to support them. The use of 'dodekaimēnon' (twelve months) parallels 'dodekataion' (twelve years), showing a parallel structure that reinforces the timing constraints. The tone is didactic, typical of Hesiod's Works and Days, where practical advice is intertwined with moral and religious instruction.",435
436,This too has been fashioned equally.,"The sentence employs the perfect middle/passive indicative of τεύχω (to fashion, make, or prepare), emphasizing a completed state resulting from the action. The predicate nominative ἴσον (equal) agrees with the neuter singular subject τοῦτο, creating a balanced structure where the quality of the object is highlighted. The adverbial particle καί (here meaning 'also' or 'even') connects this statement to a preceding context, likely asserting that the current subject shares the same nature or fate as previously mentioned entities. The syntax is straightforward, with the adverbial element placed between the subject and the verb for emphasis, a common feature in didactic poetry to reinforce moral or cosmological principles regarding the uniformity of human experience or divine order.",436
437,Let no man brighten his skin with women's bathwater.,"The sentence employs a negative imperative construction using the particle μή (mē) combined with the enclitic -δέ (-de), which functions here to add emphasis or continuity to the prohibition. The verb φαιδρύνεσθαι (phaidrunesthai) is a present middle infinitive, governed by the implied 'let' or negative command, meaning 'to make bright' or 'to shine.' The noun χρώα (chrōa) is the accusative object of the verb, referring to the 'skin' or 'complexion.' The phrase γυναικείωι λουτρῷ (gynaikēioi loutrōi) uses a dative of means or instrument, specifying the substance used for the action: 'with women's bathwater.' This construction highlights a cultural distinction between male and female spheres of hygiene and grooming in ancient Greek society, where the use of bathwater associated with women is presented as inappropriate or polluting for a man. The sentence reflects Hesiod's didactic style, offering practical and moral advice on proper conduct and gender roles.",437
438,For evil is present for a time and even for punishment.,"This sentence employs a rare and emphatic construction using the preposition 'epi' (ἐπί) twice with the verb 'esti' (ἐστίν, 'is'), creating a parallel structure that emphasizes the duration and scope of the subject's state. The first 'epi' governs the accusative 'chronon' (time), indicating duration ('for a time'), while the second 'epi' governs the dative 'to' (the), likely functioning as a shortened form or a specific dialectal usage connected to 'ponē' (punishment), suggesting a state of being 'in' or 'under' punishment. The adjective 'leugaleē' (evil/mischievous) is in the feminine nominative singular, agreeing with 'ponē' (punishment), which serves as the subject. The particle 'gar' (for) introduces a causal explanation, typical of Hesiod's didactic style where he often justifies his moral exhortations. The phrase 'even for punishment' (epi kai tō ponē) suggests an intensification, implying that the evil extends not just to a temporary duration but also to the realm of retribution itself. The use of 'kai' (and/even) here adds a layer of emphasis, highlighting the severity of the situation.",438
439,And do not find fault with the things that are manifest upon the blazing altars.,"The sentence employs the negative particle μή (mē) combined with the enclitic δέ (dé, rendered here as -δ') to issue a solemn prohibition, a common feature in Hesiodic didactic poetry where the poet acts as a moral authority. The participle κυρήσας (kūrēsas, 'having found' or 'having come upon') governs the prepositional phrase ἐπ' αἰθομένοισιν ἱεροῖσιν ('upon the blazing sacred things'), referring to the altar fires or sacrificial offerings. The adjective αἰδήλα (aidēla, 'manifest' or 'evident') functions as a substantive accusative plural object of μωμεῦειν ('to find fault with'). Stylistically, the phrase highlights the tension between human ritual action and divine will; the 'blazing' nature of the altars signifies the active presence of the gods, making any criticism of these visible signs of piety particularly egregious. The syntax links the act of finding fault directly to the visible sacrificial context, emphasizing that one should not question what is openly presented by the divine.",439
440,For a god even punishes the wrongdoers.,"The sentence features the enclitic particle νυ (nu), which adds emphasis or explanatory force, often translated as 'indeed' or 'for,' linking this statement to a preceding context regarding divine retribution. The indefinite pronoun τι (ti) functions adverbially here, meaning 'even' or 'at least,' intensifying the subject's action. The verb νεμεσσαῖ (nemessaî) is a third-person singular present indicative active form of νεμεσαόω, a verb meaning 'to punish' or 'to exact retribution,' specifically associated with divine justice. The use of the definite article τα (ta) with the implied noun (those who do wrong) creates a generalized reference to 'the wrongdoers' or 'the guilty.' Stylistically, the sentence is concise and authoritative, reflecting the didactic tone typical of Hesiod's Works and Days, where divine punishment is a recurring theme to enforce moral order.",440
441,"Do not ever pour salt into the flowing mouths of rivers, nor onto mountain springs, but rather wash it away completely.","This sentence employs a clear chiasmic structure in its negative commands, balancing the prohibition against rivers (ποταμῶν) with the prohibition against springs (κρηναῶν). The syntax features two distinct prepositional phrases governed by the negated prohibitions: εἰς προχοὰς ποταμῶν (into the mouths of rivers) and ἐπὶ κρηναῶν οὐρείων (upon the mountain springs). The verb προρεόντων (flowing) acts as a present active participle in the genitive plural, attributively modifying 'rivers' and emphasizing the perpetual motion of the water. The imperative force is conveyed through the aorist infinitive εἰσαλέασθαι (to wash away) in the final clause, introduced by the coordinating conjunction δέ and intensified by the adverb μάλα (very/much). The text reflects Hesiodic didactic poetry's concern with ritual purity and the proper treatment of natural elements, specifically the prohibition of polluting flowing water with salt, a practice likely associated with specific cultic taboos or hygiene laws in the ancient Greek world. The use of 'mouths' (προχοάς) for river sources is a vivid metonymy common in Greek poetic diction.",441
442,Do not breathe your last.,"This fragment is an imperative negative construction where the particle μή (mē) governs the present infinitive εναποψύχειν (enapopsychēn), literally meaning 'to breathe out within' or 'to expire.' The use of the infinitive after μή in a prohibitive context functions as a strong command, common in gnomic or advisory literature. The verb εναποψύχω is a compound of ἐν (en, 'in') and ἀποψύχω (apopsychō, 'to breathe out'), specifically denoting the final act of dying or the moment of death. The enclitic δέ (de) attached to μή serves a connective function, likely linking this prohibition to a preceding thought in the original context, though here it appears isolated. The phrasing is vivid and direct, emphasizing the immediacy of the command to avoid death, fitting the didactic tone of Hesiod's Works and Days.",442
443,For this is not better for you.,"The sentence begins with the postpositive particle γάρ ('for'), which indicates that this clause provides an explanation or justification for a preceding statement, a common feature in Hesiod's didactic poetry where he offers reasoning for his moral or practical advice. The verb εστί ('is') functions as a copula linking the neuter singular subject τό ('this') to the predicative adjective λώιον ('better'), the comparative form of ἀγαθός ('good') or ἀμείνων ('better'). The negative particle οὐ ('not') explicitly negates the comparison, asserting that the current situation or alternative is inferior. The dative pronoun τοι ('for you') is an enclitic form of σύ ('you'), addressing the addressee (often interpreted as Hesiod's brother Perses) directly, creating a personal and admonishing tone. Stylistically, the sentence employs asyndeton (the absence of conjunctions between clauses) in its broader context, contributing to the direct and urgent rhythm typical of gnomic or proverbial statements in Ancient Greek literature. The use of the comparative λώιον rather than the superlative emphasizes a relative judgment, suggesting a choice between two paths rather than an absolute standard.",443
444,Do these things.,"The sentence employs the adverb ὧδε (ōde), meaning 'thus' or 'in this way,' which functions here as a demonstrative pointer to the specific instructions or examples provided in the preceding lines of the text. The verb ἔρδειν (erdein) is the present active infinitive of ἔρδω, but in this context, it functions as a hortatory subjunctive (or an imperative force within an infinitival construction common in didactic poetry) translating to 'do' or 'perform.' The sentence is a concise, imperative command characteristic of Hesiod's didactic style, offering direct moral or practical advice without the use of a finite verb form. The structure is asyndetic, lacking any conjunctions, which lends the command a sense of immediacy and authority.",444
445,Keep away the terrible rumor of mortals.,"The sentence employs the middle voice imperative (ὑπαλεύεο), which carries a reflexive nuance, suggesting the addressee should actively shield themselves from or distance themselves from the rumor. The adjective δεινήν (terrible, dread, fearful) modifies φήμην (rumor, report) to emphasize the destructive potential of gossip or bad news in the moral framework of Hesiod's didactic poetry. The genitive βροτῶν (of mortals) specifies the source or nature of the rumor, distinguishing human hearsay from divine revelation. Stylistically, the word order places the adjective before the noun it modifies (δεινὴν ... φήμην), a common feature in archaic poetry that creates a strong emphatic link between the quality of the rumor and the noun itself. The particle δέ functions as a connective, linking this command to the preceding context, likely urging the listener to maintain social and moral boundaries.",445
446,"For rumor, though easily lifted, is a bad thing; it is very light to raise, but hard to carry and hard to put down.","This sentence exemplifies the Hesiodic didactic style through its use of antithesis (contrast) and balanced parallelism. The structure moves from the abstract quality of 'rumor' (φημή) to its physical metaphor of weight. The sentence employs a chiastic-like progression in the final clauses: the adjective 'light' (κουφή) contrasts with 'hard' (ἀργαλέη/χαλεπή), and the verbs 'to lift' (αἱρεῖν), 'to carry' (φέρειν), and 'to put down' (ἀποθέσθαι) create a sequence of escalating difficulty. The particle combination μέν... δέ structures the contrast between the ease of origin and the burden of maintenance. The phrase 'very light to raise' (ῥεῖα μάλ' αἱρεῖν) uses the adverbial intensive 'very' (μάλα) to emphasize the trivial effort required to spread gossip, while the difficulty of bearing it reflects the social and psychological burden of false accusations or slander. The use of the dative of reference or manner with the adjectives (implied 'to [someone]') is standard for describing the difficulty of an action. The sentence serves as a moral warning about the disproportionate consequences of speaking ill of others.",446
447,"And no rumor is ever completely destroyed, which some many people have spread.","The sentence employs a relative clause (introduced by ἥν, 'which') to define the subject φήμη ('rumor'). The verb φημιζωσι is in the perfect active subjunctive (or potentially a present subjunctive form depending on the specific morphological parsing of the reduplicated stem, though the context suggests a general truth about ongoing or repeated action), indicating the continuous or habitual nature of the rumor's propagation. The phrase πολλοὶ λαοί ('many peoples') emphasizes the collective and widespread nature of the gossip, contrasting with the singular subject of the main clause. The adverb παμπαν ('completely') modifies the passive verb ἀπόλλυται, highlighting the resilience of public opinion; once a rumor is established by the multitude, it cannot be fully erased. The use of the particle δέ ('and/but') serves to connect this thought to the preceding context, often marking a transition or a general maxim within the didactic poem.",447
448,For some god is also this one.,"The particle νυ (nu) introduces a clause of inference or emphasis, often translated as 'for' or 'indeed,' linking this statement to a preceding context regarding the nature of daily life or labor. The indefinite pronoun τις (tis) combined with θεός (theos) suggests an unspecified deity, a common feature in archaic poetry to denote divine intervention without specifying the actor. The adverb αὐτή (autē), derived from αὐτός, functions here as an emphatic pronoun referring to the current situation or the 'thing' just mentioned (likely the hardship of winter or the necessity of work), effectively meaning 'this very one' or 'this matter itself.' The sentence structure utilizes a copular construction (ἐστὶ) with a predicate nominative, asserting the existence or presence of a divine force behind the immediate circumstance.",448
449,"And on days, having been warned from Zeus, I shall tell the servants well according to destiny.","The sentence employs a passive perfect participle (πεφυλαγμένος, 'having been warned' or 'having been guarded') which functions adverbially to modify the main future active verb (πεφραδέμεν, 'I shall tell' or 'I shall make known'). The phrase 'from Zeus' (ἐκ Διόθεν) indicates divine authority behind the instruction, a common motif in Hesiod where poetic inspiration and moral law are presented as originating from the king of gods. The adverbial phrase 'well according to destiny' (εὖ κατα μοῖραν) combines a positive adverb with a prepositional phrase indicating proportionality or fate; 'κατά' here suggests 'in accordance with' or 'in proportion to.' The dative plural 'to the servants' (δμωέσσι) serves as the indirect object of the main verb. The particle 'δέ' marks a continuation of thought, typical of the didactic style. The use of the future active infinitive (πεφραδέμεν) with the auxiliary implication of 'shall' reflects the performative nature of the poet's speech, asserting his role as a messenger of divine will.",449
450,"On the thirtieth day of the month, it is best to inspect the works and to feed the mares.","This line prescribes a specific agricultural and domestic routine tied to the lunar calendar. The adjective αριστην (best) is used predicatively with the infinitive construction, a common feature in didactic poetry to express optimal timing for labor. The sentence employs asyndeton (the omission of a conjunction between the two infinitives εποπτευειν and δατεασθαι, though τε is present before the first verb, the overall structure feels paratactic and rhythmic). The verb εποπτευειν (to inspect or oversee) suggests a vigilant management of ongoing tasks, while δατεασθαι (to feed or allot food) specifically targets the care of livestock, highlighting the importance of animal husbandry in the Hesiodic worldview. The term αρμαλιην refers to mares or female horses, indicating the value placed on these animals for transport or plowing. The use of the specific day (the thirtieth, marking the end of the lunar month) reflects the precision required in ancient agricultural almanacs.",450
451,"For these are the days of Zeus the all-wise, whenever men, judging fairly, lead them on.","The sentence employs a conditional temporal clause introduced by 'ευτε αν' (whenever), a common construction in didactic poetry to establish recurring patterns of behavior. The participle 'κρινοντες' (judging) functions as a circumstantial modifier indicating the manner in which the people act, emphasizing the necessity of judicial integrity for the proper passage of time. The epithet 'μητιοεντος' (of cunning counsel/all-wise) applied to Zeus is a standard Homeric and Hesiodic formula highlighting his role as the guarantor of justice and cosmic order. The syntax links the abstract concept of 'days' directly to divine authority and human ethical conduct, suggesting that the quality of human judgment dictates the nature of time itself. The use of 'αληθειην' (truth/fairness) as the object of judgment underscores the Hesiodic theme that justice is not merely a social convention but a divine imperative.",451
452,"First, the fourth and the seventh are a sacred day.","This sentence presents a numerical paradox characteristic of Hesiod's didactic poetry, where the 'fourth' and 'seventh' are likely referenced as specific days within a cycle (possibly the lunar month or a ritual calendar) rather than a simple sum. The syntax employs a predicate nominative construction where the compound subject ('the fourth and the seventh') is equated to the singular 'sacred day,' suggesting a collective or specific designation rather than two separate days. The use of the coordinating conjunction τε...καί (here appearing as τε before the second element and καί connecting the two nouns) creates a rhythmic pairing often found in enumerations. The adjective ἱερὸν (sacred) elevates these specific days to a religious status, implying they are days of particular ritual importance or prohibition. The word order places the adverb πρῶτον (first) at the very beginning to mark the start of a sequence or instruction, a common feature in prescriptive texts. The sentence structure is concise, lacking a finite verb (an example of elliptical style common in gnomic or instructional Greek), relying on the implied copula 'is'.",452
453,For Leto gave birth to golden-sworded Apollo.,"The sentence begins with the particle γάρ (for), which functions as a causal or explanatory connective, often linking the clause to a preceding statement regarding lineage or divine genealogy. The verb γείνατο is the third-person singular aorist middle indicative of γίγνομαι; in the middle voice, it specifically denotes 'to give birth to' or 'to be the mother of,' distinguishing the maternal role of the subject. The adjective χρυσαόρα (golden-sworded or golden-hilted) is a compound epithet describing Apollo. While 'golden-sworded' is the literal rendering, in Homeric and Hesiodic contexts, this epithet often highlights the god's martial aspect or his role as a protector, though it is sometimes interpreted more broadly as 'golden-armed.' The syntax places the object (Apollo) before the verb, with the subject (Leto) appearing at the end, a common feature in Greek poetry for metrical reasons or to emphasize the maternal action. The definite article τη̂ is used here adverbially with the particle γάρ to reinforce the causal connection, though it can also be seen as part of the phrase τη̂ γάρ, a common metrical unit in hexameter verse.",453
454,"And the eighth and the ninth, indeed two days beyond the six days of the growing month, are the days on which one must cease from mortal labors.","The sentence features a striking use of the enclitic particle γε with the numeral δυώ ('indeed two'), which serves to emphasize the specific count of days against the preceding month count. The construction αὐξομένου ('growing') is a present middle participle modifying 'month,' a common Hesiodic formula describing the lunar month as it waxes. The verb πενέσθαι (from πενομαι) is a deponent infinitive meaning 'to cease' or 'to rest from,' used here with a genitive sense implied by the context of stopping labor. Stylistically, the sentence employs asyndeton in the enumeration of the days (ογδοατη τε ενατη τε) and utilizes a chiasmic-like balance between the specific count of days (δυω γε μεν ηματα) and the duration of the month (μηνος εξοχ' αεξομενοιο). The term βροτησια εργα ('mortal labors') distinguishes human toil from divine activity, a central theme in Hesiod's didactic poetry. The punctuation in the source text (comma after 'εννατη') suggests a slight pause before the explanatory clause, though in English translation, this is often rendered as a single flowing sentence for clarity.",454
455,The eleventh and the twelfth are both good days: for those to whom it is good to shear [the sheep] and to gather the joyful fruit together.,"This sentence presents a gnomic statement regarding the auspiciousness of specific days in the agricultural calendar. The syntax relies heavily on a correlative structure marked by the particles μέν and δέ (implied in the contrast between the statement of quality and the explanation), creating a balanced rhythm. The word ἀμφώ (both) modifies the subject, emphasizing the dual nature of the days. The phrase οἷς πείκειν (for those to whom it is good to shear) uses a dative of reference (οἷς) with an infinitive (πείκειν) to denote the condition or purpose for which the days are favorable. The verb αμάσθαι, meaning to gather or reap, is paired with καρπὸν (fruit) to describe the harvest. The adjective εὐφρόνα (joyful) personifies the harvest, a common poetic device in Hesiod to reflect the satisfaction derived from a bountiful yield. The sentence exemplifies the didactic style of the Works and Days, offering practical advice wrapped in poetic meter and formulaic expressions.",455
456,But the twelfth is greatly better than the eleventh.,"This sentence employs the comparative adjective αμείνων (amēnōn), which functions as a predicative adjective with the implied verb 'is' (e.g., 'is better'). The particle δέ (de) serves as a connective, marking a transition or contrast with the preceding context. The adverb μέγα (megal) is shortened to μέγ' (meg') before the vowel-initial adjective αμείνων, a common feature of Greek elision that aids the meter. The phrase τηῆς ἑνδεκάτης (tēs hendekates) uses the genitive case to indicate the standard of comparison, meaning 'than the eleventh.' The numerical ordinals (twelfth and eleventh) refer to the days of the month, reflecting Hesiod's agricultural and calendar advice, where specific days are deemed more auspicious or labor-efficient than others. The sentence structure is straightforward, utilizing a subject-predicate-adverbial construction typical of didactic poetry.",456
457,"For you weave the threads of the dust-eating spider from a greater day, when the skillful one gathers a pile.","The sentence employs the verb νέω (to weave), which is used here metaphorically to describe the spider's activity. The compound adjective ἀερσιπότητος (dust-eating) is a vivid epithet characterizing the spider's habitat or nature. The syntax features a main clause followed by a temporal clause introduced by ὅτε (when), which specifies the timing of the action. The phrase ἐκ πλειίου ἡμάτος (from a greater day) likely refers to a longer or more abundant period of time, perhaps indicating the spider's industriousness over an extended duration. The contrast between the passive weaving of the spider's threads and the active gathering of the pile (σωρόν) by the 'skillful one' (ἴδρις) highlights the spider's role as both creator and collector. The use of the dative τοι (to you) addresses the reader directly, a common feature in didactic poetry like Hesiod's Works and Days, where the author imparts wisdom or moral lessons.",457
458,But let a woman set up the loom and prepare the work.,"The sentence employs the third-person optative mood (στήσαιτο, προβάλοιτο), which here functions as a jussive or hortatory expression, conveying a general instruction or customary duty rather than a specific wish for a particular moment. This is typical of Hesiod's didactic poetry, where the poet outlines the proper division of labor and social roles. The sentence utilizes the enclitic particle τε (te) to coordinate the two verbs, creating a tight syntactic bond between the actions of setting up the loom and preparing the work. The word order places the object (ἱστον) before the verb, a common feature in Greek poetry that emphasizes the instrument of the woman's labor. Culturally, this line defines the traditional domestic sphere assigned to women in Archaic Greece, contrasting with the agricultural and seafaring tasks assigned to men elsewhere in the Works and Days. The juxtaposition of the physical loom (ἱστός) and the abstract concept of 'work' or 'task' (ἔργον) highlights the tangible nature of female domestic production.",458
459,"When the moon stands, on the thirteenth day, it is time to gather and to begin sowing.","The sentence employs a temporal clause using a genitive absolute construction (μηνοῦς ἱσταμένου), where the participle agrees with the noun in case, number, and gender. The verb ἵστημι here is used intransitively in the middle voice (ἱσταμένου), indicating the moon 'standing' or 'remaining' in a specific position, a common astronomical reference in agricultural poetry. The adjective τρισκαιδεκάτην (thirteenth) functions as a substantive accusative of time, specifying the precise day for the agricultural activities. The sentence utilizes a hendiadys-like structure with two infinitives (ἀλέασθαι and ἀρχάσθαι) coordinated to describe the sequential actions of gathering the seed and commencing the sowing process. This reflects the practical, didactic nature of Hesiod's advice, emphasizing the importance of timing in farming cycles. The use of the particle δέ connects this instruction to previous advice, maintaining the flow of the poem's instructional narrative.",459
460,And the best thing to plant is plants.,"The sentence features a neuter plural accusative noun (φυτά, 'plants') functioning as the direct object of the middle/passive infinitive (ἐνθρεψάσθαι, 'to plant' or 'to tend'), yet the predicate adjective (ἀρίστη, 'best') is feminine singular. This construction relies on an understood neuter singular noun like 'matter' or 'task' (ἔργον) implied by the context of the preceding verse, or it represents a common Hesiodic pattern where the neuter plural object is treated as a singular abstract concept of 'planting' or 'agriculture' in contrast to the specific plants themselves. The particle δέ (δ') serves as a connective, linking this line to the previous advice. The sentence employs a chiasmus-like structure where the subject matter ('plants') is mirrored in the action ('to plant'), emphasizing the fundamental nature of agriculture as the primary duty. The use of the infinitive ἐνθρεψάσθαι with the article implied in the context suggests a gnomic statement of general truth regarding the most virtuous agricultural activity.",460
461,"The sixth day is especially unfavorable for planting, but the seventh is beneficial.","This sentence exemplifies Hesiod's didactic style, offering precise agricultural advice through the lens of Greek superstition and ritual timing. The syntax employs a sharp contrast (antithesis) between the two halves of the sentence, linked by the coordinating particle 'δέ' (but/however). The first clause uses the dative plural 'φυτοῖσιν' (for plants) as a dative of reference or advantage, specifying for whom the day is unfavorable. The adjective 'ἄσυμφορος' (unfavorable, unsuitable) carries a strong negative connotation regarding utility. In the second clause, the adjective 'ἀνδρογόνος' (male-bearing, productive of men/males) is used as a substantive predicate, implying that the seventh day is auspicious for procreation or male labor, reflecting the ancient Greek association of certain days with specific genders or types of activity. The sentence structure is balanced, highlighting the dichotomy between the sixth (unlucky for sowing) and the seventh (lucky) days.",461
462,"A maiden is not fortunate for her, neither to be born first nor to meet marriage.","This sentence employs a chiastic structure in its negative clauses (οὐτε... οὐτε...), a common feature in Hesiodic gnomic poetry used to emphasize the totality of the negative assertion. The word σύμφορος (symphoros) literally means 'fitting together' or 'conducive,' but here it is used in the sense of 'fortunate' or 'advantageous,' a usage typical of didactic poetry where abstract concepts of fate and fortune are personified or discussed. The verb ἀντιβολῆσαι (antibolēsai) is a compound of ὁράω (to see) and βόλος (a throw/aim), meaning literally 'to meet' or 'to encounter,' but in the context of marriage, it specifically denotes the act of approaching or wooing a bride. The use of the future infinitive γενέσθαι (to be born) alongside the aorist infinitive ἀντιβολῆσαι (to meet) creates a temporal contrast between the moment of birth and the moment of marriage, both of which are deemed unfavorable for a woman in this specific context. The particle δέ (de) serves to connect this statement to the preceding context, likely contrasting the fate of women with that of men or the general state of the world. The phrase πρώτερος (first) suggests that even being born early does not confer advantage, reinforcing the pessimistic tone regarding the condition of women in the Hesiodic worldview.",462
463,"Not indeed was it for me to be the first of the six daughters to become a shepherd, but to shear the kids and the sheep of the flock and to enclose the gentle day within the sheepfold.","The sentence employs a strong contrastive structure using the particles οὐδέ (not even/not indeed) and μέν... ἀλλὰ' (on the one hand... but on the other), where the μέν clause is often implied or omitted in the second part, creating a sharp dichotomy between destiny and duty. The phrase 'first of the six daughters' alludes to Hesiod's specific genealogical context, distinguishing his own lot from that of his sisters. The syntax features a series of three infinitives (γενέσθαι, ταμνεῖν, ἀμφιβαλεῖν) governed by the subject 'I' (implied in the context of the narrative, though grammatically the subject of the infinitives is the same as the main clause). The verb ἀμφιβαλεῖν (to throw around/enclose) with ἤπιον ἡ̓μαρ (the gentle day) is a striking poetic personification, suggesting the act of securing the day or the flock within the pen as a metaphor for the daily cycle of pastoral life. The adjective ποιμνήιον (pastoral/sheep-related) modifies σηκόν (pen/fold), emphasizing the domestic and protective nature of the enclosure. The asyndeton (lack of conjunction) between the first infinitive and the subsequent list, or the use of τε (and) in τ' ἀμφιβαλεῖν, creates a rhythmic flow typical of didactic poetry, emphasizing the continuous nature of the shepherd's labor.",463
464,But good for men.,"The sentence consists of a neuter plural predicate adjective, ἐσθλά (contracted from ἐσθληὰ), functioning as a nominal phrase meaning 'good things' or 'advantages,' linked to an implied subject of 'things' or 'deeds.' The particle δέ (δ') provides a connective contrast, often translating as 'but' or 'and,' which here likely introduces a shift in the poet's argument or a specific example within a broader enumeration. The adjective ἀνδρογόνος (man-bearing or pertaining to men) modifies the implied context, specifying that these 'good things' are beneficial specifically to men. The syntax is elliptical, omitting the verb 'to be' (ἔστιν), which is common in gnomic statements or proverbial wisdom found in didactic poetry. The brevity and asyndetic structure (lack of conjunctions beyond the initial δέ) emphasize the aphoristic nature of the statement, typical of Hesiod's style in conveying moral or practical instructions.",464
465,"For that man, it is dear to practice mocking, to tell lies, to weave smooth words, and to craft hidden whispers.","The sentence employs a series of infinitives (βάζειν, ψεύδεά, λόγους, ὀαρισμούς) functioning as the object of the impersonal construction implied by the dative of interest (φιλέοι) and the neuter subject (ὅ γε). The use of τε... τε... τ' creates a polysyndetic structure, linking the negative actions with repetitive conjunctions to emphasize the accumulation of deceitful behaviors. The adjective κερτόμιος (mocking) modifies ψεύδεα (lies), suggesting that the lies are told with a spirit of mockery. The phrase αἱμυλίους λόγους (smooth words) refers to deceptive or flattering speech, often associated with sophistry or flattery in archaic Greek poetry. The term ὀαρισμοί (whispers) denotes secret or clandestine conversations, highlighting the theme of hidden malice. The sentence reflects the moral dichotomy often found in Hesiod's Works and Days, contrasting justice and deceit.",465
466,"On the eighth day of the month, cut the boar and the ox that bellow loudly; on the twelfth day, the laborious mules.","This sentence exemplifies the genre of agricultural instruction (gnomic poetry), offering precise calendrical advice for the farming year. The text employs an elliptical construction in the second clause: the verb 'cut' (ταμνεμεν) is implied rather than repeated before 'mules' (ουρηας), a common feature in Ancient Greek to avoid redundancy while maintaining rhythmic flow. The adjective 'loud-bellowing' (εριμυκον) is a compound epithet typical of Hesiodic diction, vividly characterizing the oxen by their sound. Similarly, 'laborious' (ταλαεργους) attributes the specific quality of endurance to the mules. The sentence structure contrasts the eighth and twelfth days (ογδοατη and δωδεκατη) using the particle 'de' (δέ) for both coordination and contrast, creating a balanced, parallel syntax that emphasizes the ritual or practical significance of these specific lunar days in the agricultural cycle.",466
467,"On the twentieth day of the great month, it is better to bring forth a man of experience.","The sentence presents a gnomic imperative or advisory statement regarding auspicious timing for childbirth, a common theme in Hesiod's didactic poetry which blends agricultural advice with domestic and moral wisdom. The phrase 'great month' (μεγάλῃ) refers to the month of Gamelion (roughly January-February), which was considered the most auspicious month for marriage and conception in the Greek calendar. The construction 'it is better to bring forth' (πλέω... γεινᾶσθαι) uses the comparative adjective πλέω (more/better) in the neuter singular nominative, functioning predicatively with the infinitive to express a general preference or necessity. The term 'man of experience' (ἱστορὰ φωτᾶ) is a hendiadys where ἱστορ (witness/knower) modifies φωτ (man), emphasizing the value of wisdom and knowledge over mere birth. The use of the dative of time 'on the twentieth' (εἰκάδι) without a preposition is standard for specific days of the month. The sentence employs a rhythmic structure typical of hexameter poetry, though here presented in prose format, and reflects the ancient Greek belief in the influence of celestial and temporal cycles on human fate.",467
468,For one who has closely pondered the mind is indeed.,"The sentence features the adverb 'μαλα' (very/much) modifying the participle 'πεπυκασμενος' (having been closely packed/thought out), emphasizing the intensity of mental activity. The particle 'γαρ' provides a causal connection, explaining why the mind is in this state. The enclitic 'τε' adds emphasis and continuity. The participle 'πεπυκασμενος' (from πυκαζω) is particularly notable for its agricultural metaphor of 'packing' or 'pressing,' here applied to the mind's capacity for deep thought. The construction uses a perfect passive participle with 'εστιν' to create a state of being, suggesting that the quality of one's mind depends on the thoroughness of one's contemplation. This reflects Hesiod's recurring theme of the importance of careful reflection and the consequences of negligence.",468
469,"The tenth part is a gift for men, but the fourth part in the middle is for the maiden.","This sentence presents a concise agricultural and social maxim regarding the distribution of harvests, likely referring to the tithe (a tenth) given to the community or a patron and a specific portion reserved for a young woman. The syntax relies on two elliptical nominal clauses linked by the adversative particle δέ and the copulative τε, creating a balanced, parallel structure. The phrase κούρῃ δέ τε τετρὰς μέσση employs a specific word order where the adjective μέσση (middle) modifies τετρὰς (fourth), indicating the 'middle fourth' or the fourth part of a sequence, often interpreted in agricultural contexts as a specific seasonal offering or share. The term ἀνδρογόνος (man-bearing or pertaining to men) is a compound adjective emphasizing the human or male beneficiary of the tithe, contrasting with the feminine beneficiary, the κόρη (maiden/girl). The sentence utilizes asyndeton in the sense of the tight juxtaposition of the two clauses without additional connective verbs, relying on the particles to carry the logical weight. The rhythm is characteristic of didactic poetry, offering clear, memorable instructions through parallelism.",469
470,"But to tame the sheep, the round-footed, curled-horned oxen, and the harsh-barking dog, and the patient mules, you must put your hand to the work.","The sentence employs a series of asyndetic-like coordination (though actually using 'kai' repeatedly for emphasis) to list the various beasts of burden and farm animals that require taming. The adjective 'karcharodontonta' (harsh-barking or sharp-toothed) is a compound epithet often used for dogs, highlighting their utility in guarding. The phrase 'putting your hand upon' (epi cheira tithēs) is a vivid idiom meaning to apply oneself diligently to a task or to take up work. The participle 'tithēs' (putting) is in the present tense, functioning as a temporal or conditional clause to the infinitive 'pranuein' (to tame/soften), implying that the act of taming is achieved through the application of manual labor and care. The use of 'de' and 'te' creates a connective flow, linking this instruction to previous or subsequent advice regarding labor.",470
471,But guard your heart: to avoid the four labors and the pain of the waning and the standing day; for that day is fully accomplished.,"This sentence presents a gnomic imperative (πεφυλάξο, aorist middle imperative) addressing the reader's 'heart' (θυμῷ), a common metonymy in archaic Greek poetry for one's inner resolve or spirit. The verb αλεόμαι (to avoid/escape) governs two genitive participles, φθίνοντος (waning/fading) and ἱσταμένου (standing/stationary), which function as attributive modifiers describing the 'day' (ἡμέρα). These participles likely allude to the cyclical passage of time or the specific seasons of the year, a central theme in Hesiod's didactic instruction. The phrase 'four labors' (τετράδ'...) refers to the specific hardships of the farmer's life, particularly the difficult winter and summer months. The syntax employs asyndeton (the omission of conjunctions) between the participles to create a rhythmic, condensed listing of adversities. The final clause, introduced by γάρ (for), provides the causal justification for the warning: the day (or the specific time being described) has reached its completion or fulfillment (τετελεσμένον), implying a deadline or a point of no return where the opportunity to act has passed.",471
472,"But in the fourth month, let one bring the wife to the house, after choosing the omens, which are best for this work.","This sentence contains an imperative infinitive construction (ἀγεσθαι) used for general advice or instruction, typical of didactic poetry. The verb κρινάς (you choose/judge) is a second person singular aorist active indicative, functioning as a temporal or causal participle implied by context, governing the accusative plural οἰωνούς (omens). The relative clause introduced by οἵ begins with a relative pronoun in the nominative plural masculine, which agrees with the implied subject of the relative clause (the omens), and uses the predicate adjective ἄριστοι (best) with the dative of reference ἐπ' ἐργμάτι τούτῳ (for this work). The phrase οἰκον αἰκοιτιν (wife to the house) reflects the social custom of bringing a bride into the husband's home. The sentence structure is straightforward, but the use of ἄριστοι to describe omens highlights the Greek cultural belief in divine signs determining the success of human endeavors. The adverbial phrase ἐν τεταρτῃ μηνός (in the fourth month) refers to the fourth month of the agricultural year, likely corresponding to a specific season for marriage rituals.",472
473,"Count them by fives to avoid them, for they are difficult and evil.","This sentence presents a gnomic imperative advising caution regarding the number five, likely in the context of the days of the month where certain numbers were considered unlucky. The verb ἐξαλέασθαι (to avoid or escape) takes a direct object in the accusative plural (πέμπτας, 'fives'), indicating the specific items to be shunned. The sentence employs a clear causal structure introduced by ἐπεὶ ('for'), explaining the necessity of the action. Stylistically, the clause utilizes asyndeton in the main clause's imperative form, while the causal clause features the enclitic particle τε...καί ('both...and'), which creates a balanced, rhythmic coordination between the two adjectives χαλεπαί ('difficult') and αἰναί ('evil' or 'harsh'). The use of αἰναί, derived from αἰνός (terrible, fearful), adds a moral or supernatural weight to the warning, suggesting that these specific days are not merely inconvenient but inherently dangerous or ill-omened. The syntax reflects the didactic tone typical of agricultural and moral instruction in archaic Greek poetry.",473
474,"For they say that on the fifth day the Erinyes attend upon Oath, who was born of Strife, a calamity for perjurers.","The sentence employs a participial clause (γεινομένου) to provide the genealogy of Oath (Ορκον), linking him directly to Strife (Ερις), a figure of chaos and discord. The syntax uses an infinitive of indirect statement (αμφιπολεῦειν) governed by the verb 'they say' (φασιν), a common impersonal construction in didactic poetry to present established lore. The specific mention of the fifth day (πέμπτη) refers to a belief that Oaths are particularly potent or active on this day, often associated with the worship of the Erinyes (Furies), who were the divine enforcers of oaths. The term πῆμα (calamity/misery) is used as an appositive to describe the nature of the oath's origin and effect, emphasizing the severe consequences for those who break their oaths (ἐπιορκοῖς). The sentence structure is a single complex sentence with a relative clause embedded within the infinitive phrase, creating a dense theological statement about the nature of oaths and their divine guardians.",474
475,"And in the middle, on the seventh day, let us cast [the seed] onto the sacred shore of Demeter, very well prepared and with good wheels, in the vineyard, and let us cut the timber for the chamber and many ship-wood pieces, those things which are fitted for ships.","This passage describes agricultural and maritime preparations, reflecting the dual economic life of the ancient Greek farmer-seaman. The phrase 'very well prepared and with good wheels' (εὖ μάλ' ὀπιπεύοντα εὐτρόχαλω) is a striking example of alliteration and assonance, emphasizing the quality and readiness of the threshing floor or the ship's readiness for the sea. The use of 'sacred shore' (ἱερὸν ἀκτήν) for Demeter's domain highlights the religious sanctity of the agricultural cycle. The sentence employs a series of coordinated infinitives (βαλλέμεν, ταμεῖν) connected by 'and' (τε), creating a rhythmic list of tasks. The final clause (τά τ' ἄρμενα νηυσὶ πέλονται) uses a relative pronoun (τά) with a enclitic particle (τε) to summarize the purpose of the timber, illustrating a common syntactic structure for defining the utility of materials. The term 'chamber' (θαλήμια) refers to the hull or interior of the ship, while 'ship-wood' (νηῒα ξύλα) denotes timber specifically selected for shipbuilding, indicating a specialized knowledge of materials.",475
476,And begin in the fourth month to build swift ships.,"The sentence employs a dative of time (τετράδι, 'in the fourth') to specify the precise agricultural and nautical season for maritime activity, reflecting the practical, didactic nature of Hesiod's advice. The construction uses two infinitives, ἄρχεσθαι ('to begin') and πήγνυσθαι ('to build'), where the second is the object of the first, indicating the specific action to be initiated. The adjective ἀραιάς ('swift' or 'light') describes the ships, highlighting the importance of speed and seaworthiness for vessels intended for trade or travel. The enclitic particle δ' (δέ) serves a connective function, linking this instruction to the preceding advice regarding the agricultural calendar. The syntax is characteristic of gnomic or prescriptive poetry, using the present infinitive to state a general rule or recurring seasonal duty.",476
477,"And the ninth day is the mid-day of a fierce day, and the ninth day is the very first day free from all pain for men.","The sentence employs a clear chiasmus in its structure: the subject 'the ninth day' (εἰνάς) is repeated in both clauses, while the predicates 'mid-day of a fierce day' and 'first day free from all pain' create a balanced contrast. The adjective πανάπημων (panapēmōn), meaning 'free from all pain' or 'without any suffering,' is a compound word often used in poetic contexts to denote an ideal state of well-being. The phrase 'mid-day of a fierce day' (μέσση ἐπὶ δείελα) likely refers to the peak of a day marked by hardship or danger, possibly alluding to the mythological or agricultural significance of the ninth day in Hesiod's calendar. The dative plural ἄνθρωποις (anthropoīsin) indicates the beneficiary of the condition described, emphasizing the human experience of pain or relief. The use of δέ (de) as a connective particle helps to link the two contrasting ideas smoothly, a common feature in Hesiod's didactic poetry to guide the reader through moral or practical advice.",477
478,For it is better for a man and for a woman to be born and to be planted.,"This sentence employs a chiasmus in the pairing of verbs and nouns: the infinitives φυτευεμέν ('to be planted') and γενέσθαι ('to be born') correspond to the dative nouns ἀνέρι ('for a man') and γυναικί ('for a woman'), creating a balanced structure that emphasizes the universal applicability of the statement. The verb φυτεύω, literally 'to plant,' is used metaphorically here to mean 'to be brought into being' or 'to be established,' reflecting Hesiod's agricultural worldview where human life is likened to crops. The use of the dative case with the infinitives indicates the persons for whom the action is beneficial. The particle μέν...δέ (implied by the context of contrast elsewhere in the Works and Days) is not fully realized here but the μέν serves to set up a contrast with a following clause, typical of Hesiod's didactic style. The sentence reflects the cultural importance of both men and women in the household (oikos) economy, suggesting that both are equally valuable in the agricultural and social order.",478
479,and never [may there be] a thoroughly evil day.,"The sentence begins with the coordinating conjunction 'καί' (and), which here likely introduces a wish or a curse within a larger context of exhortation or prayer, typical of Hesiod's didactic style. The adverb 'οὐποτε' (never) modifies the implied verb of existence or occurrence, creating a strong negation of the noun phrase 'πανκάκον ἡμᾶρ' (a thoroughly evil day). The adjective 'πανκάκον' (all-bad, thoroughly evil) is an intensive compound formed from 'πᾶς' (all) and 'κακός' (bad), emphasizing the totality of the day's misfortune. The noun 'ἡμᾶρ' (day) is in the nominative case, functioning as the subject of an implied verb (such as 'ἔστω' - let it be, or 'γένηται' - may it become), a common elliptical construction in Greek wishes and curses. The syntax relies on asyndeton within the wish itself, relying on the initial 'καί' to connect it to the preceding thought. This phrase encapsulates the Hesiodic theme of avoiding the 'evil day' associated with folly, laziness, or divine displeasure, contrasting it with the 'good day' earned through hard work and justice.",479
480,"Few indeed are the days of the third month which are best for starting the wine-jar and laying the yoke on the neck of oxen and mules and swift-footed horses, or for drawing a well-benched swift ship into the wine-dark sea.","This sentence exemplifies Hesiod's didactic style, providing specific agricultural and nautical advice based on the solar calendar. The phrase 'few indeed' (παύροι δ' αὖτε) serves as a pragmatic warning against the dangers of sailing during this specific season, which is characterized by unpredictable weather. The enumeration of the beasts of burden—oxen (βουσί), mules (ἡμίονοι), and swift-footed horses (ἵπποις ωκυπόδεσσι)—uses asyndeton (the omission of conjunctions between the first two items) before the final conjunction, a technique that creates a rhythmic, cumulative effect typical of oral poetry. The adjective 'swift-footed' (ωκυπόδεσσι) is a traditional Homeric epithet preserved here, highlighting the horse's speed, which was crucial for both land transport and naval warfare. The phrase 'wine-dark sea' (οἶνοπα πόντον) is a stock poetic epithet for the sea, evoking its deep, dark color, possibly resembling the color of wine or the dark waters of the deep. The syntax links the abstract concept of 'best days' to three distinct activities: opening the wine-jar (signifying the end of harvest and storage), yoking animals (signifying the end of plowing and preparation for winter), and launching a ship (signifying the end of the sailing season). The use of the aorist infinitive 'to start' (ἄρξασθαι) and 'to lay' (θεῖναι) alongside the present infinitive 'to draw' (εἰρύμεναι) suggests a sequence of actions or a comprehensive view of the tasks appropriate for this time. The term 'well-benched' (πολυκλείδα) refers to a ship with many benches of oars, emphasizing its capacity for speed and utility.",480
481,"Few, however, call them true things.","The sentence features the enclitic particle τε ('and') attached to the preceding conjunction δε ('but/however'), forming the compound δετέ, which is often used to connect clauses or add emphasis. The adjective παῦροι ('few') is in the nominative plural masculine, serving as the subject of the verb κικλήσκουσιν ('they call'). The word αληθέα ('true things') is in the accusative plural neuter, functioning as the object complement (OCOMP) of the verb. The construction implies a contrast with a previously mentioned group (likely 'many' in the preceding line), highlighting the rarity of those who recognize or speak the truth. The use of the present tense suggests a general truth or habitual action. The sentence is part of a larger moral discourse on justice and truth, where Hesiod contrasts the behavior of the just and the unjust. The brevity and directness of the sentence contribute to its rhetorical impact, emphasizing the scarcity of truth-tellers.",481
482,"But on the fourth day, empty the jar.","The adverbial dative singular 'τετράδι' (from 'τετρας') specifies the temporal point of the action, functioning here as a fixed expression for the fourth day of a month or cycle. The particle 'δέ' (d') serves as a postpositive connective, adding a slight adversative or continuative force ('but' or 'and then'), which is typical in Hesiodic didactic poetry to mark a transition to a new instruction. The verb 'οἴγε' (oige) is the aorist imperative active, second person singular of 'οἴγω', meaning 'to empty' or 'to make hollow'; in this agricultural context, it refers to the ritual or practical act of emptying a storage jar, likely after a period of fermentation or consumption. The direct object 'πίθον' (pithon) is a large earthenware jar used for storing wine, oil, or grain. The syntax is concise, typical of the imperative mood in didactic lists, where the subject (you) is implied. The sentence reflects the practical, cyclical nature of rural life and the precise timing required for agricultural tasks in Hesiod's worldview.",482
483,"Among all things, the sacred midday is the best.","This sentence employs a specific word order (hyperbaton) where the adjective 'ἱερὸν' (sacred) is placed before the noun 'ἡμέραν' (day), emphasizing the sanctity of this specific time. The phrase 'περὶ πάντων' (among all things) functions as a superlative construction, establishing a hierarchy where the midday surpasses all other times or endeavors. The use of 'ἱερὸν' (sacred) attributes a divine or ritualistic quality to the midday, suggesting it is a time of rest and reverence, distinct from the labor of morning or evening. The sentence structure is aphoristic, presenting a general truth or maxim characteristic of Hesiod's didactic poetry. The grammatical subject is 'ἡμέρα' (day), modified by 'μέσση' (midday) and 'ἱερὸν', with the predicate being implied or understood as 'best' (ἀρίστη) from the context of 'περὶ πάντων'.",483
484,But few are the best days that come after the twentieth of the month.,"The sentence employs the adjective 'παῦροι' (few) in a predicate position, emphasizing scarcity or rarity. The temporal phrase 'μετ᾽ εἴκαδα μηνός' (after the twentieth of the month) refers to the latter part of the lunar month, a period often associated with diminishing light and unfavorable conditions in ancient agrarian life. The participle 'γινομένης' (coming into being/occurring) is in the feminine genitive singular, agreeing with 'ἡῶς' (morning/daylight), and functions adverbially to indicate the time of the event. The use of 'δ᾽' (but) introduces a contrast, likely following a previous statement about favorable conditions or days. The phrase 'ἀρίστην' (best) modifies 'ἡῶς' implicitly, highlighting the value of these few days. This sentence reflects Hesiod's practical advice on timing agricultural and other activities according to the lunar calendar, underscoring the importance of recognizing auspicious moments in daily life.",484
485,"But after that, it is worse.","The sentence employs the postpositive particle δέ (δ') to mark a transition or continuation from a preceding context, a common feature in Hesiodic didactic poetry to shift the narrative or advice. The adverbial phrase ἐπὶ δειέα (literally 'after the night' or 'after the evil') functions here to denote a temporal sequence, implying that a specific difficult or dark period has passed. The comparative adjective χερείων (worse) is used predicatively with the copula ἐστί, emphasizing a decline in fortune or condition. The brevity of the sentence, lacking an explicit subject or object, relies on the reader to infer the context from the surrounding lines, a stylistic trait of Hesiod's compressed, aphoristic style. The phrase may allude to the cyclical nature of hardship and the inevitability of worsening conditions if proper diligence is not maintained, a recurring theme in Works and Days.",485
486,"These are the days that are a great blessing for mortals, but the others are backward, unproductive, bringing no good.","This sentence exhibits a clear chiasmus in its structural opposition: the first clause identifies the days as a 'great blessing' (μέγ' ὄνειαρ), while the second clause describes the alternative days as 'backward' (μετάδουποι) and 'bringing nothing' (οὐ τι φέρουσαι). The phrase 'μέγ' ὄνειαρ' is a significant cultural reference; while ὄνειρ often means 'dream,' in Hesiod's context it frequently signifies a 'blessing' or 'favorable omen' from the gods, contrasting sharply with the misfortune associated with the 'backward' days. The use of μεν...δε (μέν...δέ) creates a strong antithetical conjunction, a common feature in didactic poetry to distinguish between auspicious and inauspicious times. The adjective μετάδουπος is rare and compound, literally meaning 'backward-sounding' or 'retrograde,' here metaphorically indicating days that are ill-omened or contrary to natural order. The phrase οὐ τι φέρουσαι (not bringing anything) uses the indefinite pronoun τι with a negative to emphasize the total absence of benefit, a stylistic device common in Greek to denote nothingness or nullity. The sentence also employs asyndeton (the omission of conjunctions) in the final clause 'μετάδουποι, ἀκήριοι, οὐ τι φέρουσαι,' where the adjectives are stacked without connectives, creating a rapid, emphatic rhythm that underscores the cumulative negativity of these days.",486
487,"One man praises another's way, but few know it.","The sentence employs a clear chiasmus in its structure: the subject 'one' (ἄλλος) and the object 'another's' (ἄλλην) create a reciprocal relationship that mirrors the contrast between the many who praise and the few who truly understand. The use of the enclitic particle δέ (here appearing as 'δ'' and 'δέ') serves to coordinate the two clauses, emphasizing the contrast between popular opinion (praise) and true knowledge (wisdom). The verb αἰνεῖ (praises) is in the present indicative, suggesting a habitual action, while οἶδα (know) is also present indicative but semantically implies a state of perfect knowledge or insight. The adjective ἄλλην (another's/another way) is in the accusative feminine singular, agreeing with an implied 'way' or 'path' (ὁδόν or similar), reflecting the context of moral or practical conduct. This aphoristic style is characteristic of Hesiod's didactic poetry, where general truths about human nature and society are presented with conciseness and rhythmic balance.",487
488,"One day the stepmother is like a mother, another day the mother is like a stepmother.","This sentence illustrates the instability of domestic relationships in the poet's worldview, where roles and affections shift unpredictably. The structure employs chiasmus and parallelism: the first clause places 'stepmother' as the subject and 'day' as the predicate nominative (in a sense of 'being like'), while the second clause reverses this order. The repetition of 'ἄλλοτε' (on one day / another day) creates an asyndetic rhythm that emphasizes the erratic nature of the situation. The metaphorical use of 'stepmother' (μητρυιά) versus 'mother' (μήτηρ) serves as a cultural shorthand for the tension between biological kinship and the social reality of blended families in ancient Greek society, highlighting the anxiety surrounding inheritance and family loyalty.",488
489,"Of these, he is blessed and happy who, knowing all these deeds, works them without blame from the immortals, judging the birds and avoiding the transgressions of the birds.","This sentence employs a relative clause (ὃς) to define the specific type of person being described as blessed (εὐδαίμων) and happy (ὀλβίος). The phrase 'of these' (τάων) is a genitive of reference, likely referring to the types of work or ways of life mentioned in the preceding context. The verb οἶδα (to know) appears here in the perfect participle εἰδώς, which in Greek often carries a present sense of 'having knowledge' or 'being wise,' implying a state of understanding rather than a past action. The term αἰτιος means 'guilty' or 'blameworthy'; the prefix ἀ- negates it to mean 'blameless' or 'innocent.' The syntax features two present participles (κρίνων and αὐλεῖν, though the text reads αὐλεῖν as αὐλεῖν in some editions, here it is αὐλεῖν/αὐλεῖν) that function as adverbial modifiers to the main verb, describing the manner in which the person works. The phrase 'judging the birds' refers to the practice of augury (bird-watching), a common method of divination in ancient Greece. 'Transgressions of the birds' (ὑπερβασιὰς αἰλεῖνων) likely refers to omens that are unfavorable or 'overstepping' the natural order, which the wise person avoids. The sentence structure uses asyndeton in the listing of qualities (blessed and happy) and coordination in the participial phrases, creating a rhythm that emphasizes the comprehensive nature of the wise person's life.",489
