,greek_id,english_word,sent_id,greek_word,alignments,is,100243694,And,"Nuktos de aut' Aither..."" usually means ""But of Night, Aether..."". The translation ""And from Night"" implies the ""from"" is added for English. ""aut"" is often ""and"" or ""also"". In this context (Hesiod), it's ""And from Night..."". The ""from"" is likely implied by the genitive ""Nuktos"". The ""And"" is ""de"". The ""aut"" might be aligned with ""from"" loosely or ignored if it's an enclitic particle. However, the translation has ""from"". Let's look at the structure. ""Nuktos"" (Gen) ""de","Aither"". ""But from Night, Aether..."". The translation ""And from Night"" suggests ""de"" = ""And"", ""Nuktos"" = ""Night"", ""aut"" might be part of the ""from"" or just ""and"". Actually, ""aut"" here is likely ""and"" (kai aut). The translation ""And from Night",and,born,100243704,bore,after being,mixed,with Erebos,in love,"from"" -> (Implicit in genitive, or maybe 100243696 'aut' is being stretched? No, 'aut' is 'and' or 'itself'. The translation ""from"" is a preposition added for English. Usually, we align the Greek word to the English word it corresponds to. If there is no Greek word for ""from"", we might skip it or align the genitive to ""Night"" and the ""from"" is unaligned. However, the prompt says ""align the Greek to the English translation"". If a Greek word doesn't have a direct English equivalent (like a preposition), we align the case to the noun. But here, the translation has ""from",exegegonto,"And"" -> δ' (100243695)
- ""from Night"" -> Νυκτὸς (100243694). The ""from"" is not in Greek.
- ""were born"" -> ἐξεγένοντο (100243701)
- ""Aether"" -> Αἰθήρ (100243697)
- ""and"" -> τε (100243698) and καὶ (100243699). The translation has ""and"" once. We can align both to ""and"" or just one. The prompt says ""align multiple Greek words to a single English word if necessary"". So τε and καὶ -> ""and"".
- ""Day","whom"" -> οὓς (100243703)
- ""she bore"" -> τέκε (100243704) (""she"" is implied in the verb ending).
- ""after being mixed"" -> κυσαμένη (100243705) + μιγεῖσα (100243708). ""conceiving"" and ""having mingled"". The translation says ""after being mixed"". ""kyasameni"" is ""conceiving"" (active), ""migeisa"" is ""having mingled"" (active). The translation ""after being mixed"" combines these ideas.
- ""with Erebos"" -> Ἐρέβει (100243706)
- ""in love","from"" -> (No direct Greek word, but often ""Nuktos"" is aligned to ""Night"". If we must align ""from"", maybe it's not possible. But the instruction says ""align the Greek to the English"". If an English word has no Greek source, it might be left out, or we align the closest semantic match. However, usually, we align Greek words to English words. If the English has a word the Greek doesn't (like ""from""), we don't create a Greek ID for it. But if the Greek has a word the English doesn't (like the enclitic ""aut""), we might align it to a nearby word or leave it unaligned if strict 1-to-1 is required. But the prompt allows multiple Greek to one English.
Let's look at ""from"". In Greek, ""from Night"" is just ""of Night"" (genitive). The translation adds ""from"". We can align 100243694 to ""Night"". The ""from"" is unaligned? Or maybe 100243696 ""aut"" is being used to mean ""from""? No, ""aut"" is ""and"" or ""self"".
Wait, the translation is ""And from Night were born...","de"" = ""And"". ""aut"" = ""from""? No.
Perhaps the translation ""from"" corresponds to the genitive case of ""Nuktos"". So we align 100243694 to ""Night"". The word ""from"" in English is a preposition added for fluency. We should not force an alignment for ""from"" if there is no Greek word.
However, looking at the previous attempt, I aligned ""aut"" to ""from"". That was incorrect. ""aut"" is ""and"" or ""also"".
Let's re-evaluate ""aut"". In Hesiod, ""Nuktos de aut' Aither..."" -> ""But from Night, Aether..."". The ""de"" is ""but/and"". The ""aut"" is ""also"" or ""and"".
Actually, the standard translation of this line (Theogony 123-124) is ""And from Night came forth Aether and Day"".
The ""from","Night"" -> 100243694 (Νυκτὸς)
- ""Aether"" -> 100243697 (Αἰθήρ)
- ""and"" -> 100243698 (τε) and 100243699 (καὶ)
- ""Day"" -> 100243700 (Ἡμέρη)
- ""were born"" -> 100243701 (ἐξεγένοντο)
- ""whom"" -> 100243703 (οὓς)
- ""bore"" -> 100243704 (τέκε)
- ""being"" -> 100243705 (κυσαμένη) - ""conceiving"" -> ""being"" (part of the phrase)
- ""mixed"" -> 100243708 (μιγεῖσα)
- ""with"" -> (Preposition added for ""Erebus""? No, ""Erebus"" is Dative. ""with"" is implied. ""Erebos"" -> 100243706)
- ""Erebos"" -> 100243706 (Ἐρέβει)
- ""in love"" -> 100243707 (φιλότητι)

Wait, the translation has ""after being mixed"".
""kyasameni"" (conceiving) + ""migeisa","kyasameni"" and ""migeisa"" both align to ""mixed"" or ""being mixed"".
And ""Erebos"" aligns to ""Erebos"".
""philoteeti"" aligns to ""in love","And""
100243697 (Αἰθήρ) -> ""Aether""
100243698 (τε) -> ""and""
100243699 (καὶ) -> ""and"" (or combine with 100243698 to ""and"")
100243700 (Ἡμέρη) -> ""Day""
100243701 (ἐξεγένοντο) -> ""were born""
100243703 (οὓς) -> ""whom""
100243704 (τέκε) -> ""bore""
100243705 (κυσαμένη) -> ""being"" (or ""mixed""?)
100243706 (Ἐρέβει) -> ""Erebos""
100243707 (φιλότητι) -> ""love""
100243708 (μιγεῖσα) -> ""mixed""

Let's refine the ""from"" and ""after being"".
The English word ""from"" is not in Greek. We cannot align a Greek ID to ""from"" unless we stretch ""aut"". But ""aut"" is ""and/also"".
The English word ""after"" is not in Greek.
The English word ""being"" is not in Greek (part of the participle).
The English word ""with"" is not in Greek (Dative case).
The English word ""in","Night"" -> 100243694
- ""Aether"" -> 100243697
- ""and"" -> 100243698, 100243699
- ""Day"" -> 100243700
- ""were born"" -> 100243701
- ""whom"" -> 100243703
- ""bore"" -> 100243704
- ""being"" -> 100243705 (conceiving -> being)
- ""mixed"" -> 100243708 (having mingled -> mixed)
- ""Erebos"" -> 100243706
- ""love"" -> 100243707

Wait, the translation says ""after being mixed"".
""kyasameni"" = conceiving. ""migeisa"" = having mingled.
Maybe ""being"" aligns to ""kyasameni"" and ""mixed"" aligns to ""migeisa"".
Or ""being mixed"" aligns to both.
Given the instruction ""align the Greek to the English"", we should map the Greek words to the English words that carry their meaning.
""kyasameni"" -> ""being"" (as in ""conceiving"" -> ""being"")? Or ""mixed""?
""migeisa"" -> ""mixed"".
""philoteeti"" -> ""love"".
""Erebus"" -> ""Erebos"".

Let's try to be as precise as possible.
""And"" -> 100243695
""Night"" -> 100243694
""Aether"" -> 100243697
""and"" -> 100243698, 100243699
""Day"" -> 100243700
""were born"" -> 100243701
""whom"" -> 100243703
""bore"" -> 100243704
""being"" -> 100243705 (conceiving)
""mixed"" -> 100243708 (mingled)
""Erebos"" -> 100243706
""love"" -> 100243707

What about ""from"", ""after"", ""with"", ""in""? These are prepositions/auxiliaries added in English. They don't have Greek IDs. We skip them.
What about ""aut"" (100243696)? ""aut"" is ""and"" or ""also"". It is often translated as ""and"" in this context. ""And from Night..."".
If ""de"" is ""And"", ""aut"" is ""and"". The translation only has one ""And"".
Maybe ""de"" -> ""And"". ""aut"" -> (untranslated or merged).
But the translation says ""And from Night"".
If we align ""de"" to ""And"", and ""Nuktos"" to ""Night"", ""aut"" is left.
Maybe ""aut"" aligns to ""from""? No, that's wrong.
Maybe ""aut"" aligns to ""and",Day,Hemera...,"aut"" = and/also.
""te"" = and.
""kai"" = and.
There are four conjunctions in Greek, one in English.
We can align ""de"", ""aut"", ""te"", ""kai"" all to ""And"" or ""and"".
But ""de"" is at the start. ""And"" -> ""de"".
""aut"" -> ""and"" (internal)? No, ""aut"" is before Aether. ""Nuktos de aut' Aither"". ""But from Night, Aether..."".
Actually, ""aut"" here might be ""and","from"" (No, this is wrong).
Maybe 100243696 (αὖτ') -> ""and"" (as in ""and Aether"").
But the translation has ""Aether and Day"".
So ""te"" and ""kai"" align to ""and"".
What about ""aut""?
Maybe ""aut"" is aligned to ""from"" in a very loose sense? No.
Perhaps the translation ""And"" covers ""de"" and ""aut",Night,Aether,were born,whom,being,Erebos,"love""

This leaves ""aut"" (100243696) unaligned? Or maybe ""aut"" aligns to ""and"" (the second one)?
Actually, ""de aut'"" is a common phrase. ""de"" is the particle, ""aut"" is the enclitic.
In many translations, ""de"" is ""And"". ""aut"" is often ignored or merged.
Let's align ""aut"" to ""and"" as well? Or to ""from""? No.
Let's check the translation ""And from Night"".
Maybe ""de"" -> ""And"", ""aut"" -> ""from""? No.
Maybe ""Nuktos"" -> ""from Night"".
Let's just align the words that have clear equivalents.
100243695 (δ') -> ""And""
100243694 (Νυκτὸς) -> ""Night""
100243697 (Αἰθήρ) -> ""Aether""
100243698 (τε) -> ""and""
100243699 (καὶ) -> ""and""
100243700 (Ἡμέρη) -> ""Day""
100243701 (ἐξεγένοντο) -> ""were born""
100243703 (οὓς) -> ""whom""
100243704 (τέκε) -> ""bore""
100243705 (κυσαμένη) -> ""being""
100243708 (μιγεῖσα) -> ""mixed""
100243706 (Ἐρέβει) -> ""Erebos""
100243707 (φιλότητι) -> ""love""

What about 100243696 (αὖτ')?
In the context ""Nuktos de aut' Aither"", ""aut"" emphasizes ""Aither"". ""But from Night, *even* Aether..."" or ""And from Night, *also* Aether..."".
The translation ""And from Night were born Aether and Day"" doesn't have ""also"".
So ""aut"" might be aligned to ""and"" (the first one) or ignored.
But the prompt says ""align the Greek to the English"". If we have to align every Greek word, we might align ""aut"" to ""and","and"" (implied)
But the translation only has one ""And"".
Maybe ""de aut'"" -> ""And"".
Let's align 100243695 and 100243696 to ""And"".
And ""te"" and ""kai"" to ""and"".
This seems reasonable.

Final check on ""being"" and ""mixed"".
""kyasameni"" = conceiving. ""migeisa","being"" -> ""kyasameni"" (conceiving -> being)
""mixed"" -> ""migeisa"" (mingled -> mixed)
This works.

Final check on ""with"" and ""in"".
""with Erebos"" -> ""Erebei"" (Dative). No Greek word for ""with"".
""in love"" -> ""philoteeti"" (Dative). No Greek word for ""in"".
So we align ""Erebos"" to ""Erebos"" and ""love"" to ""love","de"" (100243695) to ""And"", and ""aut"" (100243696) to ""from""? No.
Maybe ""aut"" is aligned to ""and"" (the second one)? No, it's before Aether.
Let's assume ""de"" and ""aut"" together form the ""And"" at the start.
So 100243695 -> ""And"", 100243696 -> ""And"".
And ""te"" and ""kai"" -> ""and"".
This creates multiple ""and""s in the alignment list, which is fine.

Let's write the JSON.

```json
{
    ""alignments"
0,100242733,Let,1,ἀρχώμεθ’,,,,,,,,,,,,,,,,,,,,,,,,,,,,,,,,,,,,,,
1,100242733,us,1,ἀρχώμεθ’,,,,,,,,,,,,,,,,,,,,,,,,,,,,,,,,,,,,,,
2,100242733,begin,1,ἀρχώμεθ’,,,,,,,,,,,,,,,,,,,,,,,,,,,,,,,,,,,,,,
3,100242734,to,1,ἀείδειν,,,,,,,,,,,,,,,,,,,,,,,,,,,,,,,,,,,,,,
4,100242734,sing,1,ἀείδειν,,,,,,,,,,,,,,,,,,,,,,,,,,,,,,,,,,,,,,
5,100242731,of,1,Μουσάων,,,,,,,,,,,,,,,,,,,,,,,,,,,,,,,,,,,,,,
6,100242731,the,1,Μουσάων,,,,,,,,,,,,,,,,,,,,,,,,,,,,,,,,,,,,,,
7,100242731,Muses,1,Μουσάων,,,,,,,,,,,,,,,,,,,,,,,,,,,,,,,,,,,,,,
8,100242732,the,1,Ἑλικωνιάδων,,,,,,,,,,,,,,,,,,,,,,,,,,,,,,,,,,,,,,
9,100242732,Heliconian,1,Ἑλικωνιάδων,,,,,,,,,,,,,,,,,,,,,,,,,,,,,,,,,,,,,,
10,100242732,ones,1,Ἑλικωνιάδων,,,,,,,,,,,,,,,,,,,,,,,,,,,,,,,,,,,,,,
11,100242736,who,1,αἵθ’,,,,,,,,,,,,,,,,,,,,,,,,,,,,,,,,,,,,,,
12,100242737,dwell,1,Ἑλικῶνος,,,,,,,,,,,,,,,,,,,,,,,,,,,,,,,,,,,,,,
13,100242737,on,1,Ἑλικῶνος,,,,,,,,,,,,,,,,,,,,,,,,,,,,,,,,,,,,,,
14,100242740,great,1,μέγα,,,,,,,,,,,,,,,,,,,,,,,,,,,,,,,,,,,,,,
15,100242741,and,1,τε,,,,,,,,,,,,,,,,,,,,,,,,,,,,,,,,,,,,,,
16,100242742,holy,1,ζάθεόν,,,,,,,,,,,,,,,,,,,,,,,,,,,,,,,,,,,,,,
17,100242737,Helicon,1,Ἑλικῶνος,,,,,,,,,,,,,,,,,,,,,,,,,,,,,,,,,,,,,,
18,100242743,and,1,τε,,,,,,,,,,,,,,,,,,,,,,,,,,,,,,,,,,,,,,
19,100242751,dance,1,ὀρχεῦνται,,,,,,,,,,,,,,,,,,,,,,,,,,,,,,,,,,,,,,
20,100242746,around,1,περὶ,,,,,,,,,,,,,,,,,,,,,,,,,,,,,,,,,,,,,,
21,100242747,the,1,κρήνην,,,,,,,,,,,,,,,,,,,,,,,,,,,,,,,,,,,,,,
22,100242747,violet-spring,1,κρήνην,,,,,,,,,,,,,,,,,,,,,,,,,,,,,,,,,,,,,,
23,100242749,with,1,πόσσ’,,,,,,,,,,,,,,,,,,,,,,,,,,,,,,,,,,,,,,
24,100242749,their,1,πόσσ’,,,,,,,,,,,,,,,,,,,,,,,,,,,,,,,,,,,,,,
25,100242750,soft,1,ἁπαλοῖσιν,,,,,,,,,,,,,,,,,,,,,,,,,,,,,,,,,,,,,,
26,100242750,feet,1,ἁπαλοῖσιν,,,,,,,,,,,,,,,,,,,,,,,,,,,,,,,,,,,,,,
27,100242752,and,1,καὶ,,,,,,,,,,,,,,,,,,,,,,,,,,,,,,,,,,,,,,
28,100242752,around,1,καὶ,,,,,,,,,,,,,,,,,,,,,,,,,,,,,,,,,,,,,,
29,100242753,the,1,βωμὸν,,,,,,,,,,,,,,,,,,,,,,,,,,,,,,,,,,,,,,
30,100242753,altar,1,βωμὸν,,,,,,,,,,,,,,,,,,,,,,,,,,,,,,,,,,,,,,
31,100242754,of,1,ἐρισθενέος,,,,,,,,,,,,,,,,,,,,,,,,,,,,,,,,,,,,,,
32,100242754,mighty,1,ἐρισθενέος,,,,,,,,,,,,,,,,,,,,,,,,,,,,,,,,,,,,,,
33,100242755,Kronion,1,Κρονίωνος,,,,,,,,,,,,,,,,,,,,,,,,,,,,,,,,,,,,,,
34,100242757,And,2,καί,,,,,,,,,,,,,,,,,,,,,,,,,,,,,,,,,,,,,,
35,100242758,and,2,τε,,,,,,,,,,,,,,,,,,,,,,,,,,,,,,,,,,,,,,
36,100242759,after washing,2,λοεσσάμεναι,,,,,,,,,,,,,,,,,,,,,,,,,,,,,,,,,,,,,,
37,100242760,tender,2,τέρενα,,,,,,,,,,,,,,,,,,,,,,,,,,,,,,,,,,,,,,
38,100242761,flesh,2,χρόα,,,,,,,,,,,,,,,,,,,,,,,,,,,,,,,,,,,,,,
39,100242762,of Parnassus,2,Περμησσοῖο,,,,,,,,,,,,,,,,,,,,,,,,,,,,,,,,,,,,,,
40,100242763,the Hippocrene,2,ἢ,,,,,,,,,,,,,,,,,,,,,,,,,,,,,,,,,,,,,,
41,100242764,Hippocrene,2,Ἵππου,,,,,,,,,,,,,,,,,,,,,,,,,,,,,,,,,,,,,,
42,100242765,spring,2,κρήνης,,,,,,,,,,,,,,,,,,,,,,,,,,,,,,,,,,,,,,
43,100242766,and,2,ἢ,,,,,,,,,,,,,,,,,,,,,,,,,,,,,,,,,,,,,,
44,100242767,of Olmeus,2,Ὀλμειοῦ,,,,,,,,,,,,,,,,,,,,,,,,,,,,,,,,,,,,,,
45,100242768,holy,2,ζαθέοιο,,,,,,,,,,,,,,,,,,,,,,,,,,,,,,,,,,,,,,
46,100242769,highest,2,ἀκροτάτῳ,,,,,,,,,,,,,,,,,,,,,,,,,,,,,,,,,,,,,,
47,100242770,Helicon,2,Ἑλικῶνι,,,,,,,,,,,,,,,,,,,,,,,,,,,,,,,,,,,,,,
48,100242771,choruses,2,χοροὺς,,,,,,,,,,,,,,,,,,,,,,,,,,,,,,,,,,,,,,
49,100242772,formed,2,ἐνεποιήσαντο,,,,,,,,,,,,,,,,,,,,,,,,,,,,,,,,,,,,,,
50,100242773,beautiful,2,καλούς,,,,,,,,,,,,,,,,,,,,,,,,,,,,,,,,,,,,,,
51,100242775,enchanting,2,ἱμερόεντας,,,,,,,,,,,,,,,,,,,,,,,,,,,,,,,,,,,,,,
52,100242777,strengthened,3,ἐπερρώσαντο,,,,,,,,,,,,,,,,,,,,,,,,,,,,,,,,,,,,,,
53,100242778,And,3,δὲ,,,,,,,,,,,,,,,,,,,,,,,,,,,,,,,,,,,,,,
54,100242779,feet,3,ποσσίν,,,,,,,,,,,,,,,,,,,,,,,,,,,,,,,,,,,,,,
55,100242781,From,4,ἔνθεν,,,,,,,,,,,,,,,,,,,,,,,,,,,,,,,,,,,,,,
56,100242782,there,4,ἀπορνύμεναι,,,,,,,,,,,,,,,,,,,,,,,,,,,,,,,,,,,,,,
57,100242784,shrouded,4,κεκαλυμμέναι,,,,,,,,,,,,,,,,,,,,,,,,,,,,,,,,,,,,,,
58,100242785,in,4,ἠέρι,,,,,,,,,,,,,,,,,,,,,,,,,,,,,,,,,,,,,,
59,100242786,much,4,πολλῇ,,,,,,,,,,,,,,,,,,,,,,,,,,,,,,,,,,,,,,
60,100242788,by,4,ἐννύχιαι,,,,,,,,,,,,,,,,,,,,,,,,,,,,,,,,,,,,,,
61,100242789,went,4,στεῖχον,,,,,,,,,,,,,,,,,,,,,,,,,,,,,,,,,,,,,,
62,100242790,most,4,περικαλλέα,,,,,,,,,,,,,,,,,,,,,,,,,,,,,,,,,,,,,,
63,100242791,beautiful,4,ὄσσαν,,,,,,,,,,,,,,,,,,,,,,,,,,,,,,,,,,,,,,
64,100242792,voice,4,ἱεῖσαι,,,,,,,,,,,,,,,,,,,,,,,,,,,,,,,,,,,,,,
65,100242794,hymn,4,ὑμνεῦσαι,,,,,,,,,,,,,,,,,,,,,,,,,,,,,,,,,,,,,,
66,100242795,Zeus,4,Δία,,,,,,,,,,,,,,,,,,,,,,,,,,,,,,,,,,,,,,
67,100242797,aegis-bearer,4,αἰγίοχον,,,,,,,,,,,,,,,,,,,,,,,,,,,,,,,,,,,,,,
68,100242799,Lady,4,πότνιαν,,,,,,,,,,,,,,,,,,,,,,,,,,,,,,,,,,,,,,
69,100242800,Hera,4,Ἥρην,,,,,,,,,,,,,,,,,,,,,,,,,,,,,,,,,,,,,,
70,100242801,of,4,Ἀργεΐην,,,,,,,,,,,,,,,,,,,,,,,,,,,,,,,,,,,,,,
71,100242803,golden,4,χρυσέοισι,,,,,,,,,,,,,,,,,,,,,,,,,,,,,,,,,,,,,,
72,100242804,sandals,4,πεδίλοις,,,,,,,,,,,,,,,,,,,,,,,,,,,,,,,,,,,,,,
73,100242805,clad,4,ἐμβεβαυῖαν,,,,,,,,,,,,,,,,,,,,,,,,,,,,,,,,,,,,,,
74,100242807,daughter,4,κούρην,,,,,,,,,,,,,,,,,,,,,,,,,,,,,,,,,,,,,,
75,100242809,aegis-bearing,4,αἰγιόχοιο,,,,,,,,,,,,,,,,,,,,,,,,,,,,,,,,,,,,,,
76,100242810,Zeus,4,Διὸς,,,,,,,,,,,,,,,,,,,,,,,,,,,,,,,,,,,,,,
77,100242811,bright-eyed,4,γλαυκῶπιν,,,,,,,,,,,,,,,,,,,,,,,,,,,,,,,,,,,,,,
78,100242812,Athena,4,Ἀθήνην,,,,,,,,,,,,,,,,,,,,,,,,,,,,,,,,,,,,,,
79,100242813,Phoebus,4,Φοῖβόν,,,,,,,,,,,,,,,,,,,,,,,,,,,,,,,,,,,,,,
80,100242815,Apollo,4,Ἀπόλλωνα,,,,,,,,,,,,,,,,,,,,,,,,,,,,,,,,,,,,,,
81,100242817,Artemis,4,Ἄρτεμιν,,,,,,,,,,,,,,,,,,,,,,,,,,,,,,,,,,,,,,
82,100242818,archer,4,ἰοχέαιραν,,,,,,,,,,,,,,,,,,,,,,,,,,,,,,,,,,,,,,
83,100242820,Poseidon,4,Ποσειδάωνα,,,,,,,,,,,,,,,,,,,,,,,,,,,,,,,,,,,,,,
84,100242821,earth-shaker,4,γεήοχον,,,,,,,,,,,,,,,,,,,,,,,,,,,,,,,,,,,,,,
85,100242826,holy,4,Θέμιν,,,,,,,,,,,,,,,,,,,,,,,,,,,,,,,,,,,,,,
86,100242827,Themis,4,αἰδοίην,,,,,,,,,,,,,,,,,,,,,,,,,,,,,,,,,,,,,,
87,100242830,Aphrodite,4,Ἀφροδίτην,,,,,,,,,,,,,,,,,,,,,,,,,,,,,,,,,,,,,,
88,100242828,turning,4,ἑλικοβλέφαρόν,,,,,,,,,,,,,,,,,,,,,,,,,,,,,,,,,,,,,,
89,100242831,Hebe,4,Ἥβην,,,,,,,,,,,,,,,,,,,,,,,,,,,,,,,,,,,,,,
90,100242833,golden,4,χρυσοστέφανον,,,,,,,,,,,,,,,,,,,,,,,,,,,,,,,,,,,,,,
91,100242834,crown,4,καλήν,,,,,,,,,,,,,,,,,,,,,,,,,,,,,,,,,,,,,,
92,100242836,Dione,4,Διώνην,,,,,,,,,,,,,,,,,,,,,,,,,,,,,,,,,,,,,,
93,100242837,Leto,4,Λητώ,,,,,,,,,,,,,,,,,,,,,,,,,,,,,,,,,,,,,,
94,100242839,Iapetus,4,Ἰαπετόν,,,,,,,,,,,,,,,,,,,,,,,,,,,,,,,,,,,,,,
95,100242842,Cronus,4,Κρόνον,,,,,,,,,,,,,,,,,,,,,,,,,,,,,,,,,,,,,,
96,100242843,crooked-counselled,4,ἀγκυλομήτην,,,,,,,,,,,,,,,,,,,,,,,,,,,,,,,,,,,,,,
97,100242844,Dawn,4,Ἠῶ,,,,,,,,,,,,,,,,,,,,,,,,,,,,,,,,,,,,,,
98,100242846,Helios,4,Ἠέλιόν,,,,,,,,,,,,,,,,,,,,,,,,,,,,,,,,,,,,,,
99,100242848,great,4,μέγαν,,,,,,,,,,,,,,,,,,,,,,,,,,,,,,,,,,,,,,
100,100242849,bright,4,λαμπράν,,,,,,,,,,,,,,,,,,,,,,,,,,,,,,,,,,,,,,
101,100242851,Selene,4,Σελήνην,,,,,,,,,,,,,,,,,,,,,,,,,,,,,,,,,,,,,,
102,100242852,Gaia,4,Γαῖάν,,,,,,,,,,,,,,,,,,,,,,,,,,,,,,,,,,,,,,
103,100242854,Oceanus,4,Ὠκεανόν,,,,,,,,,,,,,,,,,,,,,,,,,,,,,,,,,,,,,,
104,100242856,great,4,μέγαν,,,,,,,,,,,,,,,,,,,,,,,,,,,,,,,,,,,,,,
105,100242858,Night,4,Νύκτα,,,,,,,,,,,,,,,,,,,,,,,,,,,,,,,,,,,,,,
106,100242859,dark,4,μέλαιναν,,,,,,,,,,,,,,,,,,,,,,,,,,,,,,,,,,,,,,
107,100242860,race,4,ἄλλων,,,,,,,,,,,,,,,,,,,,,,,,,,,,,,,,,,,,,,
108,100242863,sacred,4,ἱερὸν,,,,,,,,,,,,,,,,,,,,,,,,,,,,,,,,,,,,,,
109,100242864,all,4,γένος,,,,,,,,,,,,,,,,,,,,,,,,,,,,,,,,,,,,,,
110,100242862,immortals,4,ἀθανάτων,,,,,,,,,,,,,,,,,,,,,,,,,,,,,,,,,,,,,,
111,100242865,always,4,αἰὲν,,,,,,,,,,,,,,,,,,,,,,,,,,,,,,,,,,,,,,
112,100242866,been,4,ἐόντων,,,,,,,,,,,,,,,,,,,,,,,,,,,,,,,,,,,,,,
113,100242868,they,5,αἵ,,,,,,,,,,,,,,,,,,,,,,,,,,,,,,,,,,,,,,
114,100242869,truly,5,νύ,,,,,,,,,,,,,,,,,,,,,,,,,,,,,,,,,,,,,,
115,100242870,once,5,ποθ’,,,,,,,,,,,,,,,,,,,,,,,,,,,,,,,,,,,,,,
116,100242871,Hesiod,5,Ἡσίοδον,,,,,,,,,,,,,,,,,,,,,,,,,,,,,,,,,,,,,,
117,100242872,beautiful,5,καλὴν,,,,,,,,,,,,,,,,,,,,,,,,,,,,,,,,,,,,,,
118,100242873,taught,5,ἐδίδαξαν,,,,,,,,,,,,,,,,,,,,,,,,,,,,,,,,,,,,,,
119,100242874,song,5,ἀοιδήν,,,,,,,,,,,,,,,,,,,,,,,,,,,,,,,,,,,,,,
120,100242876,lambs,5,ἄρνας,,,,,,,,,,,,,,,,,,,,,,,,,,,,,,,,,,,,,,
121,100242877,tending,5,ποιμαίνονθ’,,,,,,,,,,,,,,,,,,,,,,,,,,,,,,,,,,,,,,
122,100242878,Helicon,5,Ἑλικῶνος,,,,,,,,,,,,,,,,,,,,,,,,,,,,,,,,,,,,,,
123,100242879,under,5,ὕπο,,,,,,,,,,,,,,,,,,,,,,,,,,,,,,,,,,,,,,
124,100242880,holy,5,ζαθέοιο,,,,,,,,,,,,,,,,,,,,,,,,,,,,,,,,,,,,,,
125,100242882,this,6,τόνδε,,,,,,,,,,,,,,,,,,,,,,,,,,,,,,,,,,,,,,
126,100242885,first,6,πρώτιστα,,,,,,,,,,,,,,,,,,,,,,,,,,,,,,,,,,,,,,
127,100242886,goddesses,6,θεαὶ,,,,,,,,,,,,,,,,,,,,,,,,,,,,,,,,,,,,,,
128,100242887,to,6,πρὸς,,,,,,,,,,,,,,,,,,,,,,,,,,,,,,,,,,,,,,
129,100242888,story,6,μῦθον,,,,,,,,,,,,,,,,,,,,,,,,,,,,,,,,,,,,,,
130,100242889,spoke,6,ἔειπον,,,,,,,,,,,,,,,,,,,,,,,,,,,,,,,,,,,,,,
131,100242884,me,6,με,,,,,,,,,,,,,,,,,,,,,,,,,,,,,,,,,,,,,,
132,100242891,Muses,6,Μοῦσαι,,,,,,,,,,,,,,,,,,,,,,,,,,,,,,,,,,,,,,
133,100242892,Olympus,6,Ὀλυμπιάδες,,,,,,,,,,,,,,,,,,,,,,,,,,,,,,,,,,,,,,
134,100242894,daughters,6,κοῦραι,,,,,,,,,,,,,,,,,,,,,,,,,,,,,,,,,,,,,,
135,100242895,Zeus,6,Διὸς,,,,,,,,,,,,,,,,,,,,,,,,,,,,,,,,,,,,,,
136,100242896,aegis-bearing,6,αἰγιόχοιο,,,,,,,,,,,,,,,,,,,,,,,,,,,,,,,,,,,,,,
137,100242898,Shepherds,7,ποιμένες,,,,,,,,,,,,,,,,,,,,,,,,,,,,,,,,,,,,,,
138,100242899,of the field,7,ἄγραυλοι,,,,,,,,,,,,,,,,,,,,,,,,,,,,,,,,,,,,,,
139,100242901,evil,7,κάκ’,,,,,,,,,,,,,,,,,,,,,,,,,,,,,,,,,,,,,,
140,100242902,rebukes,7,ἐλέγχεα,,,,,,,,,,,,,,,,,,,,,,,,,,,,,,,,,,,,,,
141,100242904,bellies,7,γαστέρες,,,,,,,,,,,,,,,,,,,,,,,,,,,,,,,,,,,,,,
142,100242905,only,7,οἶον,,,,,,,,,,,,,,,,,,,,,,,,,,,,,,,,,,,,,,
143,100242907,we know,7,ἴδμεν,,,,,,,,,,,,,,,,,,,,,,,,,,,,,,,,,,,,,,
144,100242908,false,7,ψεύδεα,,,,,,,,,,,,,,,,,,,,,,,,,,,,,,,,,,,,,,
145,100242909,many,7,πολλὰ,,,,,,,,,,,,,,,,,,,,,,,,,,,,,,,,,,,,,,
146,100242910,things,7,λέγειν,,,,,,,,,,,,,,,,,,,,,,,,,,,,,,,,,,,,,,
147,100242911,true,7,ἐτύμοισιν,,,,,,,,,,,,,,,,,,,,,,,,,,,,,,,,,,,,,,
148,100242912,things,7,ὁμοῖα,,,,,,,,,,,,,,,,,,,,,,,,,,,,,,,,,,,,,,
149,100242914,we know,7,ἴδμεν,,,,,,,,,,,,,,,,,,,,,,,,,,,,,,,,,,,,,,
150,100242917,whenever,7,εὖτ’,,,,,,,,,,,,,,,,,,,,,,,,,,,,,,,,,,,,,,
151,100242918,we wish,7,ἐθέλωμεν,,,,,,,,,,,,,,,,,,,,,,,,,,,,,,,,,,,,,,
152,100242920,true,7,ἀληθέα,,,,,,,,,,,,,,,,,,,,,,,,,,,,,,,,,,,,,,
153,100242921,things,7,γηρύσασθαι,,,,,,,,,,,,,,,,,,,,,,,,,,,,,,,,,,,,,,
154,100242923,Thus,8,ὣς,,,,,,,,,,,,,,,,,,,,,,,,,,,,,,,,,,,,,,
155,100242924,spoke,8,ἔφασαν,,,,,,,,,,,,,,,,,,,,,,,,,,,,,,,,,,,,,,
156,100242925,daughters,8,κοῦραι,,,,,,,,,,,,,,,,,,,,,,,,,,,,,,,,,,,,,,
157,100242926,great,8,μεγάλου,,,,,,,,,,,,,,,,,,,,,,,,,,,,,,,,,,,,,,
158,100242927,Zeus,8,Διὸς,,,,,,,,,,,,,,,,,,,,,,,,,,,,,,,,,,,,,,
159,100242928,ever-spoken-of,8,ἀρτιέπειαι,,,,,,,,,,,,,,,,,,,,,,,,,,,,,,,,,,,,,,
160,100242930,And,9,καί,,,,,,,,,,,,,,,,,,,,,,,,,,,,,,,,,,,,,,
161,100242931,me,9,μοι,,,,,,,,,,,,,,,,,,,,,,,,,,,,,,,,,,,,,,
162,100242932,staff,9,σκῆπτρον,,,,,,,,,,,,,,,,,,,,,,,,,,,,,,,,,,,,,,
163,100242933,give,9,ἔδον,,,,,,,,,,,,,,,,,,,,,,,,,,,,,,,,,,,,,,
164,100242934,laurel,9,δάφνης,,,,,,,,,,,,,,,,,,,,,,,,,,,,,,,,,,,,,,
165,100242935,fruit-laden,9,ἐριθηλέος,,,,,,,,,,,,,,,,,,,,,,,,,,,,,,,,,,,,,,
166,100242936,branch,9,ὄζον,,,,,,,,,,,,,,,,,,,,,,,,,,,,,,,,,,,,,,
167,100242937,plucked,9,δρέψασαι,,,,,,,,,,,,,,,,,,,,,,,,,,,,,,,,,,,,,,
168,100242939,marvel,9,θηητόν,,,,,,,,,,,,,,,,,,,,,,,,,,,,,,,,,,,,,,
169,100242941,breathed,10,ἐνέπνευσαν,,,,,,,,,,,,,,,,,,,,,,,,,,,,,,,,,,,,,,
170,100242942,And,10,δέ,,,,,,,,,,,,,,,,,,,,,,,,,,,,,,,,,,,,,,
171,100242943,into,10,μοι,,,,,,,,,,,,,,,,,,,,,,,,,,,,,,,,,,,,,,
172,100242944,speech,10,αὐδὴν,,,,,,,,,,,,,,,,,,,,,,,,,,,,,,,,,,,,,,
173,100242945,divine,10,θέσπιν,,,,,,,,,,,,,,,,,,,,,,,,,,,,,,,,,,,,,,
174,100242947,so,10,ἵνα,,,,,,,,,,,,,,,,,,,,,,,,,,,,,,,,,,,,,,
175,100242948,proclaim,10,κλείοιμι,,,,,,,,,,,,,,,,,,,,,,,,,,,,,,,,,,,,,,
176,100242949,the,10,τά,,,,,,,,,,,,,,,,,,,,,,,,,,,,,,,,,,,,,,
177,100242950,both,10,τ’,,,,,,,,,,,,,,,,,,,,,,,,,,,,,,,,,,,,,,
178,100242951,things,10,ἐσσόμενα,,,,,,,,,,,,,,,,,,,,,,,,,,,,,,,,,,,,,,
179,100242951,that,10,ἐσσόμενα,,,,,,,,,,,,,,,,,,,,,,,,,,,,,,,,,,,,,,
180,100242951,are,10,ἐσσόμενα,,,,,,,,,,,,,,,,,,,,,,,,,,,,,,,,,,,,,,
181,100242951,to,10,ἐσσόμενα,,,,,,,,,,,,,,,,,,,,,,,,,,,,,,,,,,,,,,
182,100242951,come,10,ἐσσόμενα,,,,,,,,,,,,,,,,,,,,,,,,,,,,,,,,,,,,,,
183,100242953,and,10,τ’,,,,,,,,,,,,,,,,,,,,,,,,,,,,,,,,,,,,,,
184,100242954,things,10,ἐόντα,,,,,,,,,,,,,,,,,,,,,,,,,,,,,,,,,,,,,,
185,100242954,that,10,ἐόντα,,,,,,,,,,,,,,,,,,,,,,,,,,,,,,,,,,,,,,
186,100242954,have,10,ἐόντα,,,,,,,,,,,,,,,,,,,,,,,,,,,,,,,,,,,,,,
187,100242954,been,10,ἐόντα,,,,,,,,,,,,,,,,,,,,,,,,,,,,,,,,,,,,,,
188,100242956,And,11,καί,,,,,,,,,,,,,,,,,,,,,,,,,,,,,,,,,,,,,,
189,100242957,me,11,μ’,,,,,,,,,,,,,,,,,,,,,,,,,,,,,,,,,,,,,,
190,100242958,commanded,11,ἐκέλονθ’,,,,,,,,,,,,,,,,,,,,,,,,,,,,,,,,,,,,,,
191,100242959,to sing,11,ὑμνεῖν,,,,,,,,,,,,,,,,,,,,,,,,,,,,,,,,,,,,,,
192,100242960,blessed,11,μακάρων,,,,,,,,,,,,,,,,,,,,,,,,,,,,,,,,,,,,,,
193,100242961,race,11,γένος,,,,,,,,,,,,,,,,,,,,,,,,,,,,,,,,,,,,,,
194,100242962,always,11,αἰὲν,,,,,,,,,,,,,,,,,,,,,,,,,,,,,,,,,,,,,,
195,100242963,existed,11,ἐόντων,,,,,,,,,,,,,,,,,,,,,,,,,,,,,,,,,,,,,,
196,100242965,them,11,σφᾶς,,,,,,,,,,,,,,,,,,,,,,,,,,,,,,,,,,,,,,
197,100242966,and,11,δ’,,,,,,,,,,,,,,,,,,,,,,,,,,,,,,,,,,,,,,
198,100242967,themselves,11,αὐτὰς,,,,,,,,,,,,,,,,,,,,,,,,,,,,,,,,,,,,,,
199,100242968,first,11,πρῶτόν,,,,,,,,,,,,,,,,,,,,,,,,,,,,,,,,,,,,,,
200,100242969,both,11,τε,,,,,,,,,,,,,,,,,,,,,,,,,,,,,,,,,,,,,,
201,100242970,and,11,καὶ,,,,,,,,,,,,,,,,,,,,,,,,,,,,,,,,,,,,,,
202,100242971,last,11,ὕστατον,,,,,,,,,,,,,,,,,,,,,,,,,,,,,,,,,,,,,,
203,100242972,forever,11,αἰὲν,,,,,,,,,,,,,,,,,,,,,,,,,,,,,,,,,,,,,,
204,100242973,sing,11,ἀείδειν,,,,,,,,,,,,,,,,,,,,,,,,,,,,,,,,,,,,,,
205,100242975,But,12,ἀλλὰ,,,,,,,,,,,,,,,,,,,,,,,,,,,,,,,,,,,,,,
206,100242976,is it true that,12,τί,,,,,,,,,,,,,,,,,,,,,,,,,,,,,,,,,,,,,,
207,100242977,true,12,ἦ,,,,,,,,,,,,,,,,,,,,,,,,,,,,,,,,,,,,,,
208,100242978,it,12,μοι,,,,,,,,,,,,,,,,,,,,,,,,,,,,,,,,,,,,,,
209,100242979,these,12,ταῦτα,,,,,,,,,,,,,,,,,,,,,,,,,,,,,,,,,,,,,,
210,100242980,are,12,περὶ,,,,,,,,,,,,,,,,,,,,,,,,,,,,,,,,,,,,,,
211,100242981,around,12,δρῦν,,,,,,,,,,,,,,,,,,,,,,,,,,,,,,,,,,,,,,
212,100242982,an,12,ἢ,,,,,,,,,,,,,,,,,,,,,,,,,,,,,,,,,,,,,,
213,100242983,oak,12,περὶ,,,,,,,,,,,,,,,,,,,,,,,,,,,,,,,,,,,,,,
214,100242984,or,12,πέτρην,,,,,,,,,,,,,,,,,,,,,,,,,,,,,,,,,,,,,,
215,100242985,around,12,;,,,,,,,,,,,,,,,,,,,,,,,,,,,,,,,,,,,,,,
216,100242986,a,12,,,,,,,,,,,,,,,,,,,,,,,,,,,,,,,,,,,,,,,
217,100242987,rock,12,,,,,,,,,,,,,,,,,,,,,,,,,,,,,,,,,,,,,,,
218,100242986,You,13,τύνη,,,,,,,,,,,,,,,,,,,,,,,,,,,,,,,,,,,,,,
219,100242988,from the Muses,13,Μουσάων,,,,,,,,,,,,,,,,,,,,,,,,,,,,,,,,,,,,,,
220,100242989,let us begin,13,ἀρχώμεθα,,,,,,,,,,,,,,,,,,,,,,,,,,,,,,,,,,,,,,
221,100242991,they,13,ταὶ,,,,,,,,,,,,,,,,,,,,,,,,,,,,,,,,,,,,,,
222,100242992,Zeus,13,Διὶ,,,,,,,,,,,,,,,,,,,,,,,,,,,,,,,,,,,,,,
223,100242993,the father,13,πατρὶ,,,,,,,,,,,,,,,,,,,,,,,,,,,,,,,,,,,,,,
224,100242994,to sing,13,ὑμνεῦσαι,,,,,,,,,,,,,,,,,,,,,,,,,,,,,,,,,,,,,,
225,100242995,delight,13,τέρπουσι,,,,,,,,,,,,,,,,,,,,,,,,,,,,,,,,,,,,,,
226,100242996,his great,13,μέγαν,,,,,,,,,,,,,,,,,,,,,,,,,,,,,,,,,,,,,,
227,100242997,mind,13,νόον,,,,,,,,,,,,,,,,,,,,,,,,,,,,,,,,,,,,,,
228,100242998,within,13,ἐντὸς,,,,,,,,,,,,,,,,,,,,,,,,,,,,,,,,,,,,,,
229,100242999,Olympus,13,Ὀλύμπου,,,,,,,,,,,,,,,,,,,,,,,,,,,,,,,,,,,,,,
230,100243001,to recount,13,εἰρεῦσαι,,,,,,,,,,,,,,,,,,,,,,,,,,,,,,,,,,,,,,
231,100243002,things,13,τά,,,,,,,,,,,,,,,,,,,,,,,,,,,,,,,,,,,,,,
232,100243003,both,13,τ’,,,,,,,,,,,,,,,,,,,,,,,,,,,,,,,,,,,,,,
233,100243004,that are,13,ἐόντα,,,,,,,,,,,,,,,,,,,,,,,,,,,,,,,,,,,,,,
234,100243005,things,13,τά,,,,,,,,,,,,,,,,,,,,,,,,,,,,,,,,,,,,,,
235,100243006,that will be,13,τ’,,,,,,,,,,,,,,,,,,,,,,,,,,,,,,,,,,,,,,
236,100243007,and,13,ἐσσόμενα,,,,,,,,,,,,,,,,,,,,,,,,,,,,,,,,,,,,,,
237,100243008,that were,13,πρό,,,,,,,,,,,,,,,,,,,,,,,,,,,,,,,,,,,,,,
238,100243009,before,13,τ’,,,,,,,,,,,,,,,,,,,,,,,,,,,,,,,,,,,,,,
239,100243010,things,13,ἐόντα,,,,,,,,,,,,,,,,,,,,,,,,,,,,,,,,,,,,,,
240,100243012,with a voice,13,φωνῇ,,,,,,,,,,,,,,,,,,,,,,,,,,,,,,,,,,,,,,
241,100243013,to harmonize,13,ὁμηρεῦσαι,,,,,,,,,,,,,,,,,,,,,,,,,,,,,,,,,,,,,,
242,100243015,Of,14,τῶν,,,,,,,,,,,,,,,,,,,,,,,,,,,,,,,,,,,,,,
243,100243016,them,14,δ’,,,,,,,,,,,,,,,,,,,,,,,,,,,,,,,,,,,,,,
244,100243017,ceaseless,14,ἀκάματος,,,,,,,,,,,,,,,,,,,,,,,,,,,,,,,,,,,,,,
245,100243018,flows,14,ῥέει,,,,,,,,,,,,,,,,,,,,,,,,,,,,,,,,,,,,,,
246,100243019,song,14,αὐδὴ,,,,,,,,,,,,,,,,,,,,,,,,,,,,,,,,,,,,,,
247,100243020,from,14,ἐκ,,,,,,,,,,,,,,,,,,,,,,,,,,,,,,,,,,,,,,
248,100243021,mouths,14,στομάτων,,,,,,,,,,,,,,,,,,,,,,,,,,,,,,,,,,,,,,
249,100243022,sweet,14,ἡδεῖα,,,,,,,,,,,,,,,,,,,,,,,,,,,,,,,,,,,,,,
250,100243025,And,15,δέ,,,,,,,,,,,,,,,,,,,,,,,,,,,,,,,,,,,,,,
251,100243024,scattered,15,γελᾷ,,,,,,,,,,,,,,,,,,,,,,,,,,,,,,,,,,,,,,
252,100243027,halls,15,δώματα,,,,,,,,,,,,,,,,,,,,,,,,,,,,,,,,,,,,,,
253,100243028,her,15,πατρὸς,,,,,,,,,,,,,,,,,,,,,,,,,,,,,,,,,,,,,,
254,100243028,father,15,πατρὸς,,,,,,,,,,,,,,,,,,,,,,,,,,,,,,,,,,,,,,
255,100243029,Zeus,15,Ζηνὸς,,,,,,,,,,,,,,,,,,,,,,,,,,,,,,,,,,,,,,
256,100243030,thunder-loud,15,ἐριγδούποιο,,,,,,,,,,,,,,,,,,,,,,,,,,,,,,,,,,,,,,
257,100243032,when,15,ὀπὶ,,,,,,,,,,,,,,,,,,,,,,,,,,,,,,,,,,,,,,
258,100243033,soft-voiced,15,λειριοέσσῃ,,,,,,,,,,,,,,,,,,,,,,,,,,,,,,,,,,,,,,
259,100243031,goddess,15,θεᾶν,,,,,,,,,,,,,,,,,,,,,,,,,,,,,,,,,,,,,,
260,100243036,sounds,16,ἠχεῖ,,,,,,,,,,,,,,,,,,,,,,,,,,,,,,,,,,,,,,
261,100243038,head,16,κάρη,,,,,,,,,,,,,,,,,,,,,,,,,,,,,,,,,,,,,,
262,100243039,snowy,16,νιφόεντος,,,,,,,,,,,,,,,,,,,,,,,,,,,,,,,,,,,,,,
263,100243040,Olympus,16,Ὀλύμπου,,,,,,,,,,,,,,,,,,,,,,,,,,,,,,,,,,,,,,
264,100243041,houses,16,δώματά,,,,,,,,,,,,,,,,,,,,,,,,,,,,,,,,,,,,,,
265,100243043,immortals,16,ἀθανάτων,,,,,,,,,,,,,,,,,,,,,,,,,,,,,,,,,,,,,,
266,100243045,First,17,αἳ,,,,,,,,,,,,,,,,,,,,,,,,,,,,,,,,,,,,,,
267,100243046,they,17,δ’,,,,,,,,,,,,,,,,,,,,,,,,,,,,,,,,,,,,,,
268,100243047,immortal,17,ἄμβροτον,,,,,,,,,,,,,,,,,,,,,,,,,,,,,,,,,,,,,,
269,100243048,race,17,ὄσσαν,,,,,,,,,,,,,,,,,,,,,,,,,,,,,,,,,,,,,,
270,100243049,sing,17,ἱεῖσαι,,,,,,,,,,,,,,,,,,,,,,,,,,,,,,,,,,,,,,
271,100243050,gods,17,θεῶν,,,,,,,,,,,,,,,,,,,,,,,,,,,,,,,,,,,,,,
272,100243051,race,17,γένος,,,,,,,,,,,,,,,,,,,,,,,,,,,,,,,,,,,,,,
273,100243052,venerable,17,αἰδοῖον,,,,,,,,,,,,,,,,,,,,,,,,,,,,,,,,,,,,,,
274,100243053,First,17,πρῶτον,,,,,,,,,,,,,,,,,,,,,,,,,,,,,,,,,,,,,,
275,100243054,sing,17,κλείουσιν,,,,,,,,,,,,,,,,,,,,,,,,,,,,,,,,,,,,,,
276,100243055,song,17,ἀοιδῇ,,,,,,,,,,,,,,,,,,,,,,,,,,,,,,,,,,,,,,
277,100243056,from,17,ἐξ,,,,,,,,,,,,,,,,,,,,,,,,,,,,,,,,,,,,,,
278,100243057,beginning,17,ἀρχῆς,,,,,,,,,,,,,,,,,,,,,,,,,,,,,,,,,,,,,,
279,100243059,whom,17,οὓς,,,,,,,,,,,,,,,,,,,,,,,,,,,,,,,,,,,,,,
280,100243060,Earth,17,Γαῖα,,,,,,,,,,,,,,,,,,,,,,,,,,,,,,,,,,,,,,
281,100243061,and,17,καὶ,,,,,,,,,,,,,,,,,,,,,,,,,,,,,,,,,,,,,,
282,100243062,Heaven,17,Οὐρανὸς,,,,,,,,,,,,,,,,,,,,,,,,,,,,,,,,,,,,,,
283,100243063,wide,17,εὐρὺς,,,,,,,,,,,,,,,,,,,,,,,,,,,,,,,,,,,,,,
284,100243064,bore,17,ἔτικτεν,,,,,,,,,,,,,,,,,,,,,,,,,,,,,,,,,,,,,,
285,100243066,who,17,οἵ,,,,,,,,,,,,,,,,,,,,,,,,,,,,,,,,,,,,,,
286,100243067,,17,τ’,,,,,,,,,,,,,,,,,,,,,,,,,,,,,,,,,,,,,,
287,100243068,from,17,ἐκ,,,,,,,,,,,,,,,,,,,,,,,,,,,,,,,,,,,,,,
288,100243069,them,17,τῶν,,,,,,,,,,,,,,,,,,,,,,,,,,,,,,,,,,,,,,
289,100243070,born,17,ἐγένοντο,,,,,,,,,,,,,,,,,,,,,,,,,,,,,,,,,,,,,,
290,100243071,gods,17,θεοί,,,,,,,,,,,,,,,,,,,,,,,,,,,,,,,,,,,,,,
291,100243073,givers,17,δωτῆρες,,,,,,,,,,,,,,,,,,,,,,,,,,,,,,,,,,,,,,
292,100243074,good,17,ἐάων,,,,,,,,,,,,,,,,,,,,,,,,,,,,,,,,,,,,,,
293,100243076,Secondly,18,δεύτερον,,,,,,,,,,,,,,,,,,,,,,,,,,,,,,,,,,,,,,
294,100243077,starting,18,αὖτε,,,,,,,,,,,,,,,,,,,,,,,,,,,,,,,,,,,,,,
295,100243078,Zeus,18,Ζῆνα,,,,,,,,,,,,,,,,,,,,,,,,,,,,,,,,,,,,,,
296,100243080,gods,18,θεῶν,,,,,,,,,,,,,,,,,,,,,,,,,,,,,,,,,,,,,,
297,100243081,father,18,πατέρ’,,,,,,,,,,,,,,,,,,,,,,,,,,,,,,,,,,,,,,
298,100243082,and,18,ἠδὲ,,,,,,,,,,,,,,,,,,,,,,,,,,,,,,,,,,,,,,
299,100243083,and,18,καὶ,,,,,,,,,,,,,,,,,,,,,,,,,,,,,,,,,,,,,,
300,100243084,men,18,ἀνδρῶν,,,,,,,,,,,,,,,,,,,,,,,,,,,,,,,,,,,,,,
301,100243086,starting,18,ἀρχόμεναί,,,,,,,,,,,,,,,,,,,,,,,,,,,,,,,,,,,,,,
302,100243088,sing,18,ὑμνεῦσι,,,,,,,,,,,,,,,,,,,,,,,,,,,,,,,,,,,,,,
303,100243089,and,18,καὶ,,,,,,,,,,,,,,,,,,,,,,,,,,,,,,,,,,,,,,
304,100243090,calling,18,ἐκλήγουσαι,,,,,,,,,,,,,,,,,,,,,,,,,,,,,,,,,,,,,,
305,100243091,song,18,ἀοιδῆς,,,,,,,,,,,,,,,,,,,,,,,,,,,,,,,,,,,,,,
306,100243093,as much as,18,ὅσσον,,,,,,,,,,,,,,,,,,,,,,,,,,,,,,,,,,,,,,
307,100243094,mightiest,18,φέρτατός,,,,,,,,,,,,,,,,,,,,,,,,,,,,,,,,,,,,,,
308,100243095,is,18,ἐστι,,,,,,,,,,,,,,,,,,,,,,,,,,,,,,,,,,,,,,
309,100243096,gods,18,θεῶν,,,,,,,,,,,,,,,,,,,,,,,,,,,,,,,,,,,,,,
310,100243097,power,18,κράτεί,,,,,,,,,,,,,,,,,,,,,,,,,,,,,,,,,,,,,,
311,100243098,and,18,τε,,,,,,,,,,,,,,,,,,,,,,,,,,,,,,,,,,,,,,
312,100243099,greatest,18,μέγιστος,,,,,,,,,,,,,,,,,,,,,,,,,,,,,,,,,,,,,,
313,100243101,Again,19,αὖτις,,,,,,,,,,,,,,,,,,,,,,,,,,,,,,,,,,,,,,
314,100243102,Again,19,δ’,,,,,,,,,,,,,,,,,,,,,,,,,,,,,,,,,,,,,,
315,100243115,Olympian,19,Μοῦσαι,,,,,,,,,,,,,,,,,,,,,,,,,,,,,,,,,,,,,,
316,100243116,Muses,19,Ὀλυμπιάδες,,,,,,,,,,,,,,,,,,,,,,,,,,,,,,,,,,,,,,
317,100243118,daughters,19,κοῦραι,,,,,,,,,,,,,,,,,,,,,,,,,,,,,,,,,,,,,,
318,100243119,Zeus,19,Διὸς,,,,,,,,,,,,,,,,,,,,,,,,,,,,,,,,,,,,,,
319,100243120,aegis-bearing,19,αἰγιόχοιο,,,,,,,,,,,,,,,,,,,,,,,,,,,,,,,,,,,,,,
320,100243110,delight,19,τέρπουσι,,,,,,,,,,,,,,,,,,,,,,,,,,,,,,,,,,,,,,
321,100243112,mind,19,νόον,,,,,,,,,,,,,,,,,,,,,,,,,,,,,,,,,,,,,,
322,100243111,Zeus,19,Διὸς,,,,,,,,,,,,,,,,,,,,,,,,,,,,,,,,,,,,,,
323,100243113,within,19,ἐντὸς,,,,,,,,,,,,,,,,,,,,,,,,,,,,,,,,,,,,,,
324,100243114,Olympus,19,Ὀλύμπου,,,,,,,,,,,,,,,,,,,,,,,,,,,,,,,,,,,,,,
325,100243109,sing,19,ὑμνεῦσαι,,,,,,,,,,,,,,,,,,,,,,,,,,,,,,,,,,,,,,
326,100243103,men,19,ἀνθρώπων,,,,,,,,,,,,,,,,,,,,,,,,,,,,,,,,,,,,,,
327,100243105,race,19,γένος,,,,,,,,,,,,,,,,,,,,,,,,,,,,,,,,,,,,,,
328,100243106,mighty,19,κρατερῶν,,,,,,,,,,,,,,,,,,,,,,,,,,,,,,,,,,,,,,
329,100243108,Giants,19,Γιγάντων,,,,,,,,,,,,,,,,,,,,,,,,,,,,,,,,,,,,,,
330,100243129,Memory,20,Μνημοσύνη,,,,,,,,,,,,,,,,,,,,,,,,,,,,,,,,,,,,,,
331,100243126,bore,20,τέκε,,,,,,,,,,,,,,,,,,,,,,,,,,,,,,,,,,,,,,
332,100243122,them,20,τὰς,,,,,,,,,,,,,,,,,,,,,,,,,,,,,,,,,,,,,,
333,100243123,in,20,ἐν,,,,,,,,,,,,,,,,,,,,,,,,,,,,,,,,,,,,,,
334,100243124,Parnassus,20,Πιερίῃ,,,,,,,,,,,,,,,,,,,,,,,,,,,,,,,,,,,,,,
335,100243128,mingling,20,μιγεῖσα,,,,,,,,,,,,,,,,,,,,,,,,,,,,,,,,,,,,,,
336,100243125,Cronus's,20,Κρονίδῃ,,,,,,,,,,,,,,,,,,,,,,,,,,,,,,,,,,,,,,
337,100243127,son,20,πατρὶ,,,,,,,,,,,,,,,,,,,,,,,,,,,,,,,,,,,,,,
338,100243133,ruling,20,μεδέουσα,,,,,,,,,,,,,,,,,,,,,,,,,,,,,,,,,,,,,,
339,100243131,places,20,γουνοῖσιν,,,,,,,,,,,,,,,,,,,,,,,,,,,,,,,,,,,,,,
340,100243132,Eleutherae,20,Ἐλευθῆρος,,,,,,,,,,,,,,,,,,,,,,,,,,,,,,,,,,,,,,
341,100243135,forgetfulness,20,λησμοσύνην,,,,,,,,,,,,,,,,,,,,,,,,,,,,,,,,,,,,,,
342,100243137,evils,20,κακῶν,,,,,,,,,,,,,,,,,,,,,,,,,,,,,,,,,,,,,,
343,100243138,respite,20,ἄμπαυμά,,,,,,,,,,,,,,,,,,,,,,,,,,,,,,,,,,,,,,
344,100243140,cares,20,μερμηράων,,,,,,,,,,,,,,,,,,,,,,,,,,,,,,,,,,,,,,
345,100243143,For,21,γάρ,,,,,,,,,,,,,,,,,,,,,,,,,,,,,,,,,,,,,,
346,100243142,nine,21,ἐννέα,,,,,,,,,,,,,,,,,,,,,,,,,,,,,,,,,,,,,,
347,100243145,nights,21,νυκτὸς,,,,,,,,,,,,,,,,,,,,,,,,,,,,,,,,,,,,,,
348,100243147,the counselor,21,μητίετα,,,,,,,,,,,,,,,,,,,,,,,,,,,,,,,,,,,,,,
349,100243148,Zeus,21,Ζεὺς,,,,,,,,,,,,,,,,,,,,,,,,,,,,,,,,,,,,,,
350,100243146,mingled,21,ἐμίσγετο,,,,,,,,,,,,,,,,,,,,,,,,,,,,,,,,,,,,,,
351,100243144,with her,21,οἱ,,,,,,,,,,,,,,,,,,,,,,,,,,,,,,,,,,,,,,
352,100243154,ascending,21,εἰσαναβαίνων,,,,,,,,,,,,,,,,,,,,,,,,,,,,,,,,,,,,,,
353,100243152,holy,21,ἱερὸν,,,,,,,,,,,,,,,,,,,,,,,,,,,,,,,,,,,,,,
354,100243153,bed,21,λέχος,,,,,,,,,,,,,,,,,,,,,,,,,,,,,,,,,,,,,,
355,100243149,apart,21,νόσφιν,,,,,,,,,,,,,,,,,,,,,,,,,,,,,,,,,,,,,,
356,100243150,from,21,ἀπ’,,,,,,,,,,,,,,,,,,,,,,,,,,,,,,,,,,,,,,
357,100243151,the immortals,21,ἀθανάτων,,,,,,,,,,,,,,,,,,,,,,,,,,,,,,,,,,,,,,
358,100243156,But,22,ἀλλ’,,,,,,,,,,,,,,,,,,,,,,,,,,,,,,,,,,,,,,
359,100243157,when,22,ὅτε,,,,,,,,,,,,,,,,,,,,,,,,,,,,,,,,,,,,,,
360,100243158,the,22,δή,,,,,,,,,,,,,,,,,,,,,,,,,,,,,,,,,,,,,,
361,100243159,the,22,ῥ’,,,,,,,,,,,,,,,,,,,,,,,,,,,,,,,,,,,,,,
362,100243160,year,22,ἐνιαυτὸς,,,,,,,,,,,,,,,,,,,,,,,,,,,,,,,,,,,,,,
363,100243161,had come,22,ἔην,,,,,,,,,,,,,,,,,,,,,,,,,,,,,,,,,,,,,,
364,100243164,and,22,δ’,,,,,,,,,,,,,,,,,,,,,,,,,,,,,,,,,,,,,,
365,100243163,about,22,περὶ,,,,,,,,,,,,,,,,,,,,,,,,,,,,,,,,,,,,,,
366,100243165,turned,22,ἔτραπον,,,,,,,,,,,,,,,,,,,,,,,,,,,,,,,,,,,,,,
367,100243166,seasons,22,ὧραι,,,,,,,,,,,,,,,,,,,,,,,,,,,,,,,,,,,,,,
368,100243167,of,22,μηνῶν,,,,,,,,,,,,,,,,,,,,,,,,,,,,,,,,,,,,,,
369,100243168,waning,22,φθινόντων,,,,,,,,,,,,,,,,,,,,,,,,,,,,,,,,,,,,,,
370,100243167,months,22,μηνῶν,,,,,,,,,,,,,,,,,,,,,,,,,,,,,,,,,,,,,,
371,100243171,and,22,δ’,,,,,,,,,,,,,,,,,,,,,,,,,,,,,,,,,,,,,,
372,100243173,many,22,πόλλ’,,,,,,,,,,,,,,,,,,,,,,,,,,,,,,,,,,,,,,
373,100243172,days,22,ἤματα,,,,,,,,,,,,,,,,,,,,,,,,,,,,,,,,,,,,,,
374,100243174,had been completed,22,ἐτελέσθη,,,,,,,,,,,,,,,,,,,,,,,,,,,,,,,,,,,,,,
375,100243176,she,22,ἣ,,,,,,,,,,,,,,,,,,,,,,,,,,,,,,,,,,,,,,
376,100243177,bore,22,δ’,,,,,,,,,,,,,,,,,,,,,,,,,,,,,,,,,,,,,,
377,100243178,bore,22,ἔτεκ’,,,,,,,,,,,,,,,,,,,,,,,,,,,,,,,,,,,,,,
378,100243179,nine,22,ἐννέα,,,,,,,,,,,,,,,,,,,,,,,,,,,,,,,,,,,,,,
379,100243180,daughters,22,κούρας,,,,,,,,,,,,,,,,,,,,,,,,,,,,,,,,,,,,,,
380,100243181,of one mind,22,ὁμόφρονας,,,,,,,,,,,,,,,,,,,,,,,,,,,,,,,,,,,,,,
381,100243183,whose,22,ᾗσιν,,,,,,,,,,,,,,,,,,,,,,,,,,,,,,,,,,,,,,
382,100243187,breasts,22,στήθεσσιν,,,,,,,,,,,,,,,,,,,,,,,,,,,,,,,,,,,,,,
383,100243184,song,22,ἀοιδὴ,,,,,,,,,,,,,,,,,,,,,,,,,,,,,,,,,,,,,,
384,100243185,is woven,22,μέμβλεται,,,,,,,,,,,,,,,,,,,,,,,,,,,,,,,,,,,,,,
385,100243191,holding,22,ἐχούσαις,,,,,,,,,,,,,,,,,,,,,,,,,,,,,,,,,,,,,,
386,100243190,hearts,22,θυμὸν,,,,,,,,,,,,,,,,,,,,,,,,,,,,,,,,,,,,,,
387,100243189,untroubled,22,ἀκηδέα,,,,,,,,,,,,,,,,,,,,,,,,,,,,,,,,,,,,,,
388,100243194,from,22,ἀπ’,,,,,,,,,,,,,,,,,,,,,,,,,,,,,,,,,,,,,,
389,100243195,very,22,ἀκροτάτης,,,,,,,,,,,,,,,,,,,,,,,,,,,,,,,,,,,,,,
390,100243196,peak,22,κορυφῆς,,,,,,,,,,,,,,,,,,,,,,,,,,,,,,,,,,,,,,
391,100243197,snowy,22,νιφόεντος,,,,,,,,,,,,,,,,,,,,,,,,,,,,,,,,,,,,,,
392,100243198,Olympus,22,Ὀλύμπου,,,,,,,,,,,,,,,,,,,,,,,,,,,,,,,,,,,,,,
393,100243200,There,23,ἔνθα,,,,,,,,,,,,,,,,,,,,,,,,,,,,,,,,,,,,,,
394,100243201,them,23,σφιν,,,,,,,,,,,,,,,,,,,,,,,,,,,,,,,,,,,,,,
395,100243202,gleaming,23,λιπαροί,,,,,,,,,,,,,,,,,,,,,,,,,,,,,,,,,,,,,,
396,100243203,and,23,τε,,,,,,,,,,,,,,,,,,,,,,,,,,,,,,,,,,,,,,
397,100243204,dances,23,χοροὶ,,,,,,,,,,,,,,,,,,,,,,,,,,,,,,,,,,,,,,
398,100243205,and,23,καὶ,,,,,,,,,,,,,,,,,,,,,,,,,,,,,,,,,,,,,,
399,100243206,houses,23,δώματα,,,,,,,,,,,,,,,,,,,,,,,,,,,,,,,,,,,,,,
400,100243207,beautiful,23,καλά,,,,,,,,,,,,,,,,,,,,,,,,,,,,,,,,,,,,,,
401,100243210,And,24,δ’,,,,,,,,,,,,,,,,,,,,,,,,,,,,,,,,,,,,,,
402,100243209,beside,24,πὰρ,,,,,,,,,,,,,,,,,,,,,,,,,,,,,,,,,,,,,,
403,100243211,her,24,αὐτῇς,,,,,,,,,,,,,,,,,,,,,,,,,,,,,,,,,,,,,,
404,100243212,the Graces,24,Χάριτές,,,,,,,,,,,,,,,,,,,,,,,,,,,,,,,,,,,,,,
405,100243213,and,24,τε,,,,,,,,,,,,,,,,,,,,,,,,,,,,,,,,,,,,,,
406,100243214,and,24,καὶ,,,,,,,,,,,,,,,,,,,,,,,,,,,,,,,,,,,,,,
407,100243215,Desire,24,Ἵμερος,,,,,,,,,,,,,,,,,,,,,,,,,,,,,,,,,,,,,,
408,100243216,homes,24,οἰκί’,,,,,,,,,,,,,,,,,,,,,,,,,,,,,,,,,,,,,,
409,100243217,have,24,ἔχουσιν,,,,,,,,,,,,,,,,,,,,,,,,,,,,,,,,,,,,,,
410,100243218,in,24,ἐν,,,,,,,,,,,,,,,,,,,,,,,,,,,,,,,,,,,,,,
411,100243219,banquets,24,θαλίῃς,,,,,,,,,,,,,,,,,,,,,,,,,,,,,,,,,,,,,,
412,100243221,dear,25,ἐρατὴν,,,,,,,,,,,,,,,,,,,,,,,,,,,,,,,,,,,,,,
413,100243223,through,25,διὰ,,,,,,,,,,,,,,,,,,,,,,,,,,,,,,,,,,,,,,
414,100243224,voice,25,στόμα,,,,,,,,,,,,,,,,,,,,,,,,,,,,,,,,,,,,,,
415,100243225,voice,25,ὄσσαν,,,,,,,,,,,,,,,,,,,,,,,,,,,,,,,,,,,,,,
416,100243226,utter,25,ἱεῖσαι,,,,,,,,,,,,,,,,,,,,,,,,,,,,,,,,,,,,,,
417,100243227,celebrating,25,μέλπονται,,,,,,,,,,,,,,,,,,,,,,,,,,,,,,,,,,,,,,
418,100243232,customs,25,ἤθεα,,,,,,,,,,,,,,,,,,,,,,,,,,,,,,,,,,,,,,
419,100243233,pious,25,κεδνὰ,,,,,,,,,,,,,,,,,,,,,,,,,,,,,,,,,,,,,,
420,100243234,immortals,25,ἀθανάτων,,,,,,,,,,,,,,,,,,,,,,,,,,,,,,,,,,,,,,
421,100243235,sing,25,κλείουσιν,,,,,,,,,,,,,,,,,,,,,,,,,,,,,,,,,,,,,,
422,100243237,pleasing,25,ἐπήρατον,,,,,,,,,,,,,,,,,,,,,,,,,,,,,,,,,,,,,,
423,100243238,voice,25,ὄσσαν,,,,,,,,,,,,,,,,,,,,,,,,,,,,,,,,,,,,,,
424,100243239,sing,25,ἱεῖσαι,,,,,,,,,,,,,,,,,,,,,,,,,,,,,,,,,,,,,,
425,100243241,Then,26,αἳ,,,,,,,,,,,,,,,,,,,,,,,,,,,,,,,,,,,,,,
426,100243242,Then,26,τότ’,,,,,,,,,,,,,,,,,,,,,,,,,,,,,,,,,,,,,,
427,100243243,went,26,ἴσαν,,,,,,,,,,,,,,,,,,,,,,,,,,,,,,,,,,,,,,
428,100243244,toward,26,πρὸς,,,,,,,,,,,,,,,,,,,,,,,,,,,,,,,,,,,,,,
429,100243245,Olympus,26,Ὄλυμπον,,,,,,,,,,,,,,,,,,,,,,,,,,,,,,,,,,,,,,
430,100243246,rejoicing,26,ἀγαλλόμεναι,,,,,,,,,,,,,,,,,,,,,,,,,,,,,,,,,,,,,,
431,100243247,voices,26,ὀπὶ,,,,,,,,,,,,,,,,,,,,,,,,,,,,,,,,,,,,,,
432,100243248,beautiful,26,καλῇ,,,,,,,,,,,,,,,,,,,,,,,,,,,,,,,,,,,,,,
433,100243250,ambrosial,26,ἀμβροσίῃ,,,,,,,,,,,,,,,,,,,,,,,,,,,,,,,,,,,,,,
434,100243251,song,26,μολπῇ,,,,,,,,,,,,,,,,,,,,,,,,,,,,,,,,,,,,,,
435,100243253,in,27,περὶ,,,,,,,,,,,,,,,,,,,,,,,,,,,,,,,,,,,,,,
436,100243254,And,27,δ’,,,,,,,,,,,,,,,,,,,,,,,,,,,,,,,,,,,,,,
437,100243255,shouted,27,ἴαχε,,,,,,,,,,,,,,,,,,,,,,,,,,,,,,,,,,,,,,
438,100243256,earth,27,γαῖα,,,,,,,,,,,,,,,,,,,,,,,,,,,,,,,,,,,,,,
439,100243257,dark,27,μέλαινα,,,,,,,,,,,,,,,,,,,,,,,,,,,,,,,,,,,,,,
440,100243258,praise,27,ὑμνεύσαις,,,,,,,,,,,,,,,,,,,,,,,,,,,,,,,,,,,,,,
441,100243260,lovely,27,ἐρατὸς,,,,,,,,,,,,,,,,,,,,,,,,,,,,,,,,,,,,,,
442,100243261,and,27,δὲ,,,,,,,,,,,,,,,,,,,,,,,,,,,,,,,,,,,,,,
443,100243262,feet,27,ποδῶν,,,,,,,,,,,,,,,,,,,,,,,,,,,,,,,,,,,,,,
444,100243263,of,27,ὕπο,,,,,,,,,,,,,,,,,,,,,,,,,,,,,,,,,,,,,,
445,100243264,roar,27,δοῦπος,,,,,,,,,,,,,,,,,,,,,,,,,,,,,,,,,,,,,,
446,100243265,rose,27,ὀρώρει,,,,,,,,,,,,,,,,,,,,,,,,,,,,,,,,,,,,,,
447,100243266,marching,27,νισσομένων,,,,,,,,,,,,,,,,,,,,,,,,,,,,,,,,,,,,,,
448,100243267,father,27,πατέρ’,,,,,,,,,,,,,,,,,,,,,,,,,,,,,,,,,,,,,,
449,100243268,to,27,εἰς,,,,,,,,,,,,,,,,,,,,,,,,,,,,,,,,,,,,,,
450,100243269,there,27,ὅν,,,,,,,,,,,,,,,,,,,,,,,,,,,,,,,,,,,,,,
451,100243271,he,28,ὃ,,,,,,,,,,,,,,,,,,,,,,,,,,,,,,,,,,,,,,
452,100243272,But,28,δ’,,,,,,,,,,,,,,,,,,,,,,,,,,,,,,,,,,,,,,
453,100243273,sky,28,οὐρανῷ,,,,,,,,,,,,,,,,,,,,,,,,,,,,,,,,,,,,,,
454,100243274,rules,28,ἐμβασιλεύει,,,,,,,,,,,,,,,,,,,,,,,,,,,,,,,,,,,,,,
455,100243276,himself,28,αὐτὸς,,,,,,,,,,,,,,,,,,,,,,,,,,,,,,,,,,,,,,
456,100243277,holding,28,ἔχων,,,,,,,,,,,,,,,,,,,,,,,,,,,,,,,,,,,,,,
457,100243278,thunder,28,βροντὴν,,,,,,,,,,,,,,,,,,,,,,,,,,,,,,,,,,,,,,
458,100243279,and,28,ἠδ’,,,,,,,,,,,,,,,,,,,,,,,,,,,,,,,,,,,,,,
459,100243280,blazing,28,αἰθαλόεντα,,,,,,,,,,,,,,,,,,,,,,,,,,,,,,,,,,,,,,
460,100243281,thunderbolt,28,κεραυνόν,,,,,,,,,,,,,,,,,,,,,,,,,,,,,,,,,,,,,,
461,100243283,in strength,28,κάρτει,,,,,,,,,,,,,,,,,,,,,,,,,,,,,,,,,,,,,,
462,100243284,having conquered,28,νικήσας,,,,,,,,,,,,,,,,,,,,,,,,,,,,,,,,,,,,,,
463,100243285,his father,28,πατέρα,,,,,,,,,,,,,,,,,,,,,,,,,,,,,,,,,,,,,,
464,100243286,Cronus,28,Κρόνον,,,,,,,,,,,,,,,,,,,,,,,,,,,,,,,,,,,,,,
465,100243288,alike,29,εὖ,,,,,,,,,,,,,,,,,,,,,,,,,,,,,,,,,,,,,,
466,100243289,And,29,δὲ,,,,,,,,,,,,,,,,,,,,,,,,,,,,,,,,,,,,,,
467,100243290,all things,29,ἕκαστα,,,,,,,,,,,,,,,,,,,,,,,,,,,,,,,,,,,,,,
468,100243291,to the immortals,29,ἀθανάτοις,,,,,,,,,,,,,,,,,,,,,,,,,,,,,,,,,,,,,,
469,100243292,assigned,29,διέταξεν,,,,,,,,,,,,,,,,,,,,,,,,,,,,,,,,,,,,,,
470,100243293,likewise,29,ὁμῶς,,,,,,,,,,,,,,,,,,,,,,,,,,,,,,,,,,,,,,
471,100243294,and,29,καὶ,,,,,,,,,,,,,,,,,,,,,,,,,,,,,,,,,,,,,,
472,100243295,declared,29,ἐπέφραδε,,,,,,,,,,,,,,,,,,,,,,,,,,,,,,,,,,,,,,
473,100243296,honors,29,τιμάς,,,,,,,,,,,,,,,,,,,,,,,,,,,,,,,,,,,,,,
474,100243298,Thus,30,ταῦτ’,,,,,,,,,,,,,,,,,,,,,,,,,,,,,,,,,,,,,,
475,100243299,the,30,ἄρα,,,,,,,,,,,,,,,,,,,,,,,,,,,,,,,,,,,,,,
476,100243300,Muses,30,Μοῦσαι,,,,,,,,,,,,,,,,,,,,,,,,,,,,,,,,,,,,,,
477,100243301,sang,30,ἄειδον,,,,,,,,,,,,,,,,,,,,,,,,,,,,,,,,,,,,,,
478,100243303,Olympian,30,Ὀλύμπια,,,,,,,,,,,,,,,,,,,,,,,,,,,,,,,,,,,,,,
479,100243304,dwellings,30,δώματ’,,,,,,,,,,,,,,,,,,,,,,,,,,,,,,,,,,,,,,
480,100243305,hold,30,ἔχουσαι,,,,,,,,,,,,,,,,,,,,,,,,,,,,,,,,,,,,,,
481,100243307,nine,30,ἐννέα,,,,,,,,,,,,,,,,,,,,,,,,,,,,,,,,,,,,,,
482,100243308,daughters,30,θυγατέρες,,,,,,,,,,,,,,,,,,,,,,,,,,,,,,,,,,,,,,
483,100243311,born,30,ἐκγεγαυῖαι,,,,,,,,,,,,,,,,,,,,,,,,,,,,,,,,,,,,,,
484,100243309,great,30,μεγάλου,,,,,,,,,,,,,,,,,,,,,,,,,,,,,,,,,,,,,,
485,100243310,Zeus,30,Διὸς,,,,,,,,,,,,,,,,,,,,,,,,,,,,,,,,,,,,,,
486,100243313,Clio,30,Κλειώ,,,,,,,,,,,,,,,,,,,,,,,,,,,,,,,,,,,,,,
487,100243314,and,30,τ’,,,,,,,,,,,,,,,,,,,,,,,,,,,,,,,,,,,,,,
488,100243315,Euterpe,30,Εὐτέρπη,,,,,,,,,,,,,,,,,,,,,,,,,,,,,,,,,,,,,,
489,100243316,and,30,τε,,,,,,,,,,,,,,,,,,,,,,,,,,,,,,,,,,,,,,
490,100243317,Thalia,30,Θάλειά,,,,,,,,,,,,,,,,,,,,,,,,,,,,,,,,,,,,,,
491,100243318,and,30,τε,,,,,,,,,,,,,,,,,,,,,,,,,,,,,,,,,,,,,,
492,100243319,Melpomene,30,Μελπομέενη,,,,,,,,,,,,,,,,,,,,,,,,,,,,,,,,,,,,,,
493,100243320,and,30,τε,,,,,,,,,,,,,,,,,,,,,,,,,,,,,,,,,,,,,,
494,100243321,Terpsichore,30,Τερψιχόρη,,,,,,,,,,,,,,,,,,,,,,,,,,,,,,,,,,,,,,
495,100243322,and,30,τ’,,,,,,,,,,,,,,,,,,,,,,,,,,,,,,,,,,,,,,
496,100243323,Erato,30,Ἐρατώ,,,,,,,,,,,,,,,,,,,,,,,,,,,,,,,,,,,,,,
497,100243324,and,30,τε,,,,,,,,,,,,,,,,,,,,,,,,,,,,,,,,,,,,,,
498,100243325,Polyhymnia,30,Πολύμνιά,,,,,,,,,,,,,,,,,,,,,,,,,,,,,,,,,,,,,,
499,100243326,and,30,τ’,,,,,,,,,,,,,,,,,,,,,,,,,,,,,,,,,,,,,,
500,100243327,Urania,30,Οὐρανίη,,,,,,,,,,,,,,,,,,,,,,,,,,,,,,,,,,,,,,
501,100243328,and,30,τε,,,,,,,,,,,,,,,,,,,,,,,,,,,,,,,,,,,,,,
502,100243329,Calliope,30,Καλλιόπη,,,,,,,,,,,,,,,,,,,,,,,,,,,,,,,,,,,,,,
503,100243333,But,31,δὲ,,,,,,,,,,,,,,,,,,,,,,,,,,,,,,,,,,,,,,
504,100243332,she,31,ἣ,,,,,,,,,,,,,,,,,,,,,,,,,,,,,,,,,,,,,,
505,100243335,is,31,ἐστὶν,,,,,,,,,,,,,,,,,,,,,,,,,,,,,,,,,,,,,,
506,100243334,honored,31,προφερεστάτη,,,,,,,,,,,,,,,,,,,,,,,,,,,,,,,,,,,,,,
507,100243336,of all,31,ἁπασέων,,,,,,,,,,,,,,,,,,,,,,,,,,,,,,,,,,,,,,
508,100243338,For,32,ἣ,,,,,,,,,,,,,,,,,,,,,,,,,,,,,,,,,,,,,,
509,100243339,For,32,γὰρ,,,,,,,,,,,,,,,,,,,,,,,,,,,,,,,,,,,,,,
510,100243340,even,32,καὶ,,,,,,,,,,,,,,,,,,,,,,,,,,,,,,,,,,,,,,
511,100243341,kings,32,βασιλεῦσιν,,,,,,,,,,,,,,,,,,,,,,,,,,,,,,,,,,,,,,
512,100243342,with,32,ἅμ’,,,,,,,,,,,,,,,,,,,,,,,,,,,,,,,,,,,,,,
513,100243343,reverence,32,αἰδοίοισιν,,,,,,,,,,,,,,,,,,,,,,,,,,,,,,,,,,,,,,
514,100243344,follow,32,ὀπηδεῖ,,,,,,,,,,,,,,,,,,,,,,,,,,,,,,,,,,,,,,
515,100243346,Whomever,33,ὅν,,,,,,,,,,,,,,,,,,,,,,,,,,,,,,,,,,,,,,
516,100243347,Whomever,33,τινα,,,,,,,,,,,,,,,,,,,,,,,,,,,,,,,,,,,,,,
517,100243348,honor,33,τιμήσωσι,,,,,,,,,,,,,,,,,,,,,,,,,,,,,,,,,,,,,,
518,100243349,Zeus,33,Διὸς,,,,,,,,,,,,,,,,,,,,,,,,,,,,,,,,,,,,,,
519,100243350,daughters,33,κοῦραι,,,,,,,,,,,,,,,,,,,,,,,,,,,,,,,,,,,,,,
520,100243351,great,33,μεγάλοιο,,,,,,,,,,,,,,,,,,,,,,,,,,,,,,,,,,,,,,
521,100243352,born,33,γεινόμενόν,,,,,,,,,,,,,,,,,,,,,,,,,,,,,,,,,,,,,,
522,100243354,see,33,ἴδωσι,,,,,,,,,,,,,,,,,,,,,,,,,,,,,,,,,,,,,,
523,100243355,reared,33,διοτρεφέων,,,,,,,,,,,,,,,,,,,,,,,,,,,,,,,,,,,,,,
524,100243355,by Zeus,33,διοτρεφέων,,,,,,,,,,,,,,,,,,,,,,,,,,,,,,,,,,,,,,
525,100243356,kings,33,βασιλήων,,,,,,,,,,,,,,,,,,,,,,,,,,,,,,,,,,,,,,
526,100243358,that one's,33,τῷ,,,,,,,,,,,,,,,,,,,,,,,,,,,,,,,,,,,,,,
527,100243360,upon,33,ἐπὶ,,,,,,,,,,,,,,,,,,,,,,,,,,,,,,,,,,,,,,
528,100243361,tongue,33,γλώσσῃ,,,,,,,,,,,,,,,,,,,,,,,,,,,,,,,,,,,,,,
529,100243362,sweet,33,γλυκερὴν,,,,,,,,,,,,,,,,,,,,,,,,,,,,,,,,,,,,,,
530,100243363,pour,33,χείουσιν,,,,,,,,,,,,,,,,,,,,,,,,,,,,,,,,,,,,,,
531,100243364,dew,33,ἐέρσην,,,,,,,,,,,,,,,,,,,,,,,,,,,,,,,,,,,,,,
532,100243366,that one's,33,τοῦ,,,,,,,,,,,,,,,,,,,,,,,,,,,,,,,,,,,,,,
533,100243368,words,33,ἔπε’,,,,,,,,,,,,,,,,,,,,,,,,,,,,,,,,,,,,,,
534,100243369,from,33,ἐκ,,,,,,,,,,,,,,,,,,,,,,,,,,,,,,,,,,,,,,
535,100243370,mouth,33,στόματος,,,,,,,,,,,,,,,,,,,,,,,,,,,,,,,,,,,,,,
536,100243371,flow,33,ῥεῖ,,,,,,,,,,,,,,,,,,,,,,,,,,,,,,,,,,,,,,
537,100243372,gentle,33,μείλιχα,,,,,,,,,,,,,,,,,,,,,,,,,,,,,,,,,,,,,,
538,100243375,And,34,δέ,,,,,,,,,,,,,,,,,,,,,,,,,,,,,,,,,,,,,,
539,100243377,people,34,λαοὶ,,,,,,,,,,,,,,,,,,,,,,,,,,,,,,,,,,,,,,
540,100243378,all,34,πάντες,,,,,,,,,,,,,,,,,,,,,,,,,,,,,,,,,,,,,,
541,100243374,the,34,οἱ,,,,,,,,,,,,,,,,,,,,,,,,,,,,,,,,,,,,,,
542,100243381,look,34,ὁρῶσι,,,,,,,,,,,,,,,,,,,,,,,,,,,,,,,,,,,,,,
543,100243379,toward,34,ἐς,,,,,,,,,,,,,,,,,,,,,,,,,,,,,,,,,,,,,,
544,100243380,him,34,αὐτὸν,,,,,,,,,,,,,,,,,,,,,,,,,,,,,,,,,,,,,,
545,100243382,distinguishing,34,διακρίνοντα,,,,,,,,,,,,,,,,,,,,,,,,,,,,,,,,,,,,,,
546,100243383,rights,34,θέμιστας,,,,,,,,,,,,,,,,,,,,,,,,,,,,,,,,,,,,,,
547,100243385,with,34,δίκῃσιν,,,,,,,,,,,,,,,,,,,,,,,,,,,,,,,,,,,,,,
548,100243384,straight,34,ἰθείῃσι,,,,,,,,,,,,,,,,,,,,,,,,,,,,,,,,,,,,,,
549,100243386,judgments,34,.,,,,,,,,,,,,,,,,,,,,,,,,,,,,,,,,,,,,,,
550,100243388,But,35,δ’,,,,,,,,,,,,,,,,,,,,,,,,,,,,,,,,,,,,,,
551,100243387,he,35,ὃ,,,,,,,,,,,,,,,,,,,,,,,,,,,,,,,,,,,,,,
552,100243390,speaking,35,ἀγορεύων,,,,,,,,,,,,,,,,,,,,,,,,,,,,,,,,,,,,,,
553,100243389,safely,35,ἀσφαλέως,,,,,,,,,,,,,,,,,,,,,,,,,,,,,,,,,,,,,,
554,100243392,would,35,κε,,,,,,,,,,,,,,,,,,,,,,,,,,,,,,,,,,,,,,
555,100243391,at once,35,αἶψά,,,,,,,,,,,,,,,,,,,,,,,,,,,,,,,,,,,,,,
556,100243396,with skill,35,ἐπισταμένως,,,,,,,,,,,,,,,,,,,,,,,,,,,,,,,,,,,,,,
557,100243393,even,35,καὶ,,,,,,,,,,,,,,,,,,,,,,,,,,,,,,,,,,,,,,
558,100243394,great,35,μέγα,,,,,,,,,,,,,,,,,,,,,,,,,,,,,,,,,,,,,,
559,100243395,strife,35,νεῖκος,,,,,,,,,,,,,,,,,,,,,,,,,,,,,,,,,,,,,,
560,100243397,have put an end to,35,κατέπαυσεν,,,,,,,,,,,,,,,,,,,,,,,,,,,,,,,,,,,,,,
561,100243399,this,36,το-,,,,,,,,,,,,,,,,,,,,,,,,,,,,,,,,,,,,,,
562,100243400,Therefore,36,τοὔνεκα,,,,,,,,,,,,,,,,,,,,,,,,,,,,,,,,,,,,,,
563,100243401,reason,36,γὰρ,,,,,,,,,,,,,,,,,,,,,,,,,,,,,,,,,,,,,,
564,100243402,kings,36,βασιλῆες,,,,,,,,,,,,,,,,,,,,,,,,,,,,,,,,,,,,,,
565,100243403,wise,36,ἐχέφρονες,,,,,,,,,,,,,,,,,,,,,,,,,,,,,,,,,,,,,,
566,100243405,since,36,οὕνεκα,,,,,,,,,,,,,,,,,,,,,,,,,,,,,,,,,,,,,,
567,100243406,the people,36,λαοῖς,,,,,,,,,,,,,,,,,,,,,,,,,,,,,,,,,,,,,,
568,100243407,harmed,36,βλαπτομένοις,,,,,,,,,,,,,,,,,,,,,,,,,,,,,,,,,,,,,,
569,100243408,people,36,ἀγορῆφι,,,,,,,,,,,,,,,,,,,,,,,,,,,,,,,,,,,,,,
570,100243409,conclusion,36,μετάτροπα,,,,,,,,,,,,,,,,,,,,,,,,,,,,,,,,,,,,,,
571,100243410,matters,36,ἔργα,,,,,,,,,,,,,,,,,,,,,,,,,,,,,,,,,,,,,,
572,100243411,bring,36,τελεῦσι,,,,,,,,,,,,,,,,,,,,,,,,,,,,,,,,,,,,,,
573,100243412,easily,36,ῥηιδίως,,,,,,,,,,,,,,,,,,,,,,,,,,,,,,,,,,,,,,
574,100243414,soft,36,μαλακοῖσι,,,,,,,,,,,,,,,,,,,,,,,,,,,,,,,,,,,,,,
575,100243415,persuading,36,παραιφάμενοι,,,,,,,,,,,,,,,,,,,,,,,,,,,,,,,,,,,,,,
576,100243416,words,36,ἐπέεσσιν,,,,,,,,,,,,,,,,,,,,,,,,,,,,,,,,,,,,,,
577,100243419,And,37,δ’,,,,,,,,,,,,,,,,,,,,,,,,,,,,,,,,,,,,,,
578,100243424,propitiate,37,ἱλάσκονται,,,,,,,,,,,,,,,,,,,,,,,,,,,,,,,,,,,,,,
579,100243422,gods,37,θεὸν,,,,,,,,,,,,,,,,,,,,,,,,,,,,,,,,,,,,,,
580,100243425,in,37,αἰδοῖ,,,,,,,,,,,,,,,,,,,,,,,,,,,,,,,,,,,,,,
581,100243425,awe,37,αἰδοῖ,,,,,,,,,,,,,,,,,,,,,,,,,,,,,,,,,,,,,,
582,100243426,and,37,μειλιχίῃ,,,,,,,,,,,,,,,,,,,,,,,,,,,,,,,,,,,,,,
583,100243426,with,37,μειλιχίῃ,,,,,,,,,,,,,,,,,,,,,,,,,,,,,,,,,,,,,,
584,100243426,gentleness,37,μειλιχίῃ,,,,,,,,,,,,,,,,,,,,,,,,,,,,,,,,,,,,,,
585,100243428,and,37,μετὰ,,,,,,,,,,,,,,,,,,,,,,,,,,,,,,,,,,,,,,
586,100243428,afterwards,37,μετὰ,,,,,,,,,,,,,,,,,,,,,,,,,,,,,,,,,,,,,,
587,100243430,is,37,πρέπει,,,,,,,,,,,,,,,,,,,,,,,,,,,,,,,,,,,,,,
588,100243431,gathered,37,ἀγρομένοισιν,,,,,,,,,,,,,,,,,,,,,,,,,,,,,,,,,,,,,,
589,100243431,those,37,ἀγρομένοισιν,,,,,,,,,,,,,,,,,,,,,,,,,,,,,,,,,,,,,,
590,100243431,among,37,ἀγρομένοισιν,,,,,,,,,,,,,,,,,,,,,,,,,,,,,,,,,,,,,,
591,100243421,assembly,37,ἀγῶνα,,,,,,,,,,,,,,,,,,,,,,,,,,,,,,,,,,,,,,
592,100243420,into,37,ἀν’,,,,,,,,,,,,,,,,,,,,,,,,,,,,,,,,,,,,,,
593,100243418,comes,37,ἐρχόμενον,,,,,,,,,,,,,,,,,,,,,,,,,,,,,,,,,,,,,,
594,100243423,when,37,ὣς,,,,,,,,,,,,,,,,,,,,,,,,,,,,,,,,,,,,,,
595,100243433,Such,38,τοίη,,,,,,,,,,,,,,,,,,,,,,,,,,,,,,,,,,,,,,
596,100243434,Muses,38,Μουσάων,,,,,,,,,,,,,,,,,,,,,,,,,,,,,,,,,,,,,,
597,100243435,sacred,38,ἱερὴ,,,,,,,,,,,,,,,,,,,,,,,,,,,,,,,,,,,,,,
598,100243436,gift,38,δόσις,,,,,,,,,,,,,,,,,,,,,,,,,,,,,,,,,,,,,,
599,100243437,men,38,ἀνθρώποισιν,,,,,,,,,,,,,,,,,,,,,,,,,,,,,,,,,,,,,,
600,100243440,For,39,γάρ,,,,,,,,,,,,,,,,,,,,,,,,,,,,,,,,,,,,,,
601,100243439,from,39,ἐκ,,,,,,,,,,,,,,,,,,,,,,,,,,,,,,,,,,,,,,
602,100243442,the Muses,39,Μουσέων,,,,,,,,,,,,,,,,,,,,,,,,,,,,,,,,,,,,,,
603,100243443,and,39,καὶ,,,,,,,,,,,,,,,,,,,,,,,,,,,,,,,,,,,,,,
604,100243444,of the far-shooting,39,ἑκηβόλου,,,,,,,,,,,,,,,,,,,,,,,,,,,,,,,,,,,,,,
605,100243445,Apollo,39,Ἀπόλλωνος,,,,,,,,,,,,,,,,,,,,,,,,,,,,,,,,,,,,,,
606,100243446,men,39,ἄνδρες,,,,,,,,,,,,,,,,,,,,,,,,,,,,,,,,,,,,,,
607,100243447,singers,39,ἀοιδοὶ,,,,,,,,,,,,,,,,,,,,,,,,,,,,,,,,,,,,,,
608,100243448,are,39,ἔασιν,,,,,,,,,,,,,,,,,,,,,,,,,,,,,,,,,,,,,,
609,100243449,upon,39,ἐπὶ,,,,,,,,,,,,,,,,,,,,,,,,,,,,,,,,,,,,,,
610,100243450,the earth,39,χθόνα,,,,,,,,,,,,,,,,,,,,,,,,,,,,,,,,,,,,,,
611,100243451,and,39,καὶ,,,,,,,,,,,,,,,,,,,,,,,,,,,,,,,,,,,,,,
612,100243452,cithara-players,39,κιθαρισταί,,,,,,,,,,,,,,,,,,,,,,,,,,,,,,,,,,,,,,
613,100243454,from,39,ἐκ,,,,,,,,,,,,,,,,,,,,,,,,,,,,,,,,,,,,,,
614,100243455,and,39,δὲ,,,,,,,,,,,,,,,,,,,,,,,,,,,,,,,,,,,,,,
615,100243456,Zeus,39,Διὸς,,,,,,,,,,,,,,,,,,,,,,,,,,,,,,,,,,,,,,
616,100243457,kings,39,βασιλῆες,,,,,,,,,,,,,,,,,,,,,,,,,,,,,,,,,,,,,,
617,100243460,But,40,δ’,,,,,,,,,,,,,,,,,,,,,,,,,,,,,,,,,,,,,,
618,100243459,he,40,ὃ,,,,,,,,,,,,,,,,,,,,,,,,,,,,,,,,,,,,,,
619,100243461,blessed,40,ὄλβιος,,,,,,,,,,,,,,,,,,,,,,,,,,,,,,,,,,,,,,
620,100243463,whom,40,ὅν,,,,,,,,,,,,,,,,,,,,,,,,,,,,,,,,,,,,,,
621,100243465,the,40,Μοῦσαι,,,,,,,,,,,,,,,,,,,,,,,,,,,,,,,,,,,,,,
622,100243466,Muses,40,φίλωνται,,,,,,,,,,,,,,,,,,,,,,,,,,,,,,,,,,,,,,
623,100243464,love,40,τινα,,,,,,,,,,,,,,,,,,,,,,,,,,,,,,,,,,,,,,
624,100243468,Sweet,41,γλυκερή,,,,,,,,,,,,,,,,,,,,,,,,,,,,,,,,,,,,,,
625,100243470,from,41,ἀπὸ,,,,,,,,,,,,,,,,,,,,,,,,,,,,,,,,,,,,,,
626,100243471,mouth,41,στόματος,,,,,,,,,,,,,,,,,,,,,,,,,,,,,,,,,,,,,,
627,100243472,flows,41,ῥέει,,,,,,,,,,,,,,,,,,,,,,,,,,,,,,,,,,,,,,
628,100243473,speech,41,αὐδή,,,,,,,,,,,,,,,,,,,,,,,,,,,,,,,,,,,,,,
629,100243469,her,41,οἱ,,,,,,,,,,,,,,,,,,,,,,,,,,,,,,,,,,,,,,
630,100243475,For,42,εἰ,,,,,,,,,,,,,,,,,,,,,,,,,,,,,,,,,,,,,,
631,100243476,even,42,γάρ,,,,,,,,,,,,,,,,,,,,,,,,,,,,,,,,,,,,,,
632,100243477,a man,42,τις,,,,,,,,,,,,,,,,,,,,,,,,,,,,,,,,,,,,,,
633,100243478,who,42,καὶ,,,,,,,,,,,,,,,,,,,,,,,,,,,,,,,,,,,,,,
634,100243479,holds,42,πένθος,,,,,,,,,,,,,,,,,,,,,,,,,,,,,,,,,,,,,,
635,100243480,grief,42,ἔχων,,,,,,,,,,,,,,,,,,,,,,,,,,,,,,,,,,,,,,
636,100243481,in,42,νεοκηδέι,,,,,,,,,,,,,,,,,,,,,,,,,,,,,,,,,,,,,,
637,100243482,his,42,θυμῷ,,,,,,,,,,,,,,,,,,,,,,,,,,,,,,,,,,,,,,
638,100243483,newly,42,ἄζηται,,,,,,,,,,,,,,,,,,,,,,,,,,,,,,,,,,,,,,
639,100243484,grieving,42,κραδίην,,,,,,,,,,,,,,,,,,,,,,,,,,,,,,,,,,,,,,
640,100243485,heart,42,ἀκαχήμενος,,,,,,,,,,,,,,,,,,,,,,,,,,,,,,,,,,,,,,
641,100243486,wanders,42,",",,,,,,,,,,,,,,,,,,,,,,,,,,,,,,,,,,,,,,
642,100243487,about,42,αὐτὰρ,,,,,,,,,,,,,,,,,,,,,,,,,,,,,,,,,,,,,,
643,100243488,his,42,ἀοιδὸς,,,,,,,,,,,,,,,,,,,,,,,,,,,,,,,,,,,,,,
644,100243489,heart,42,Μουσάων,,,,,,,,,,,,,,,,,,,,,,,,,,,,,,,,,,,,,,
645,100243490,pained,42,θεράπων,,,,,,,,,,,,,,,,,,,,,,,,,,,,,,,,,,,,,,
646,100243491,but,42,κλέεα,,,,,,,,,,,,,,,,,,,,,,,,,,,,,,,,,,,,,,
647,100243492,a,42,προτέρων,,,,,,,,,,,,,,,,,,,,,,,,,,,,,,,,,,,,,,
648,100243493,singer,42,ἀνθρώπων,,,,,,,,,,,,,,,,,,,,,,,,,,,,,,,,,,,,,,
649,100243494,servant,42,ὑμνήσῃ,,,,,,,,,,,,,,,,,,,,,,,,,,,,,,,,,,,,,,
650,100243495,of,42,μάκαράς,,,,,,,,,,,,,,,,,,,,,,,,,,,,,,,,,,,,,,
651,100243496,the,42,τε,,,,,,,,,,,,,,,,,,,,,,,,,,,,,,,,,,,,,,
652,100243497,Muses,42,θεούς,,,,,,,,,,,,,,,,,,,,,,,,,,,,,,,,,,,,,,
653,100243498,will,42,",",,,,,,,,,,,,,,,,,,,,,,,,,,,,,,,,,,,,,,
654,100243499,sing,42,οἳ,,,,,,,,,,,,,,,,,,,,,,,,,,,,,,,,,,,,,,
655,100243500,of,42,Ὄλυμπον,,,,,,,,,,,,,,,,,,,,,,,,,,,,,,,,,,,,,,
656,100243501,the,42,ἔχουσιν,,,,,,,,,,,,,,,,,,,,,,,,,,,,,,,,,,,,,,
657,100243502,glories,42,",",,,,,,,,,,,,,,,,,,,,,,,,,,,,,,,,,,,,,,
658,100243503,of,42,αἶψ’,,,,,,,,,,,,,,,,,,,,,,,,,,,,,,,,,,,,,,
659,100243504,former,42,ὅ,,,,,,,,,,,,,,,,,,,,,,,,,,,,,,,,,,,,,,
660,100243505,men,42,γε,,,,,,,,,,,,,,,,,,,,,,,,,,,,,,,,,,,,,,
661,100243506,and,42,δυσφροσυνέων,,,,,,,,,,,,,,,,,,,,,,,,,,,,,,,,,,,,,,
662,100243507,of,42,ἐπιλήθεται,,,,,,,,,,,,,,,,,,,,,,,,,,,,,,,,,,,,,,
663,100243508,the,42,οὐ,,,,,,,,,,,,,,,,,,,,,,,,,,,,,,,,,,,,,,
664,100243509,blessed,42,-δέ,,,,,,,,,,,,,,,,,,,,,,,,,,,,,,,,,,,,,,
665,100243510,gods,42,τι,,,,,,,,,,,,,,,,,,,,,,,,,,,,,,,,,,,,,,
666,100243511,who,42,κηδέων,,,,,,,,,,,,,,,,,,,,,,,,,,,,,,,,,,,,,,
667,100243512,hold,42,μέμνηται,,,,,,,,,,,,,,,,,,,,,,,,,,,,,,,,,,,,,,
668,100243513,Olympus,42,.,,,,,,,,,,,,,,,,,,,,,,,,,,,,,,,,,,,,,,
669,100243514,and,42,,,,,,,,,,,,,,,,,,,,,,,,,,,,,,,,,,,,,,,
670,100243515,straightaway,42,,,,,,,,,,,,,,,,,,,,,,,,,,,,,,,,,,,,,,,
671,100243516,he,42,,,,,,,,,,,,,,,,,,,,,,,,,,,,,,,,,,,,,,,
672,100243517,forgets,42,,,,,,,,,,,,,,,,,,,,,,,,,,,,,,,,,,,,,,,
673,100243518,his,42,,,,,,,,,,,,,,,,,,,,,,,,,,,,,,,,,,,,,,,
674,100243519,sorrows,42,,,,,,,,,,,,,,,,,,,,,,,,,,,,,,,,,,,,,,,
675,100243520,and,42,,,,,,,,,,,,,,,,,,,,,,,,,,,,,,,,,,,,,,,
676,100243521,remembers,42,,,,,,,,,,,,,,,,,,,,,,,,,,,,,,,,,,,,,,,
677,100243522,no,42,,,,,,,,,,,,,,,,,,,,,,,,,,,,,,,,,,,,,,,
678,100243523,longer,42,,,,,,,,,,,,,,,,,,,,,,,,,,,,,,,,,,,,,,,
679,100243524,any,42,,,,,,,,,,,,,,,,,,,,,,,,,,,,,,,,,,,,,,,
680,100243525,cares,42,,,,,,,,,,,,,,,,,,,,,,,,,,,,,,,,,,,,,,,
681,100243514,quickly,43,ταχέως,,,,,,,,,,,,,,,,,,,,,,,,,,,,,,,,,,,,,,
682,100243515,He,43,δὲ,,,,,,,,,,,,,,,,,,,,,,,,,,,,,,,,,,,,,,
683,100243516,turned aside,43,παρέτραπε,,,,,,,,,,,,,,,,,,,,,,,,,,,,,,,,,,,,,,
684,100243517,gifts,43,δῶρα,,,,,,,,,,,,,,,,,,,,,,,,,,,,,,,,,,,,,,
685,100243518,goddesses,43,θεάων,,,,,,,,,,,,,,,,,,,,,,,,,,,,,,,,,,,,,,
686,100243520,Rejoice,44,χαίρετε,,,,,,,,,,,,,,,,,,,,,,,,,,,,,,,,,,,,,,
687,100243522,children,44,τέκνα,,,,,,,,,,,,,,,,,,,,,,,,,,,,,,,,,,,,,,
688,100243523,Zeus,44,Διός,,,,,,,,,,,,,,,,,,,,,,,,,,,,,,,,,,,,,,
689,100243525,give,44,δότε,,,,,,,,,,,,,,,,,,,,,,,,,,,,,,,,,,,,,,
690,100243526,and,44,δ’,,,,,,,,,,,,,,,,,,,,,,,,,,,,,,,,,,,,,,
691,100243527,desire-inspiring,44,ἱμερόεσσαν,,,,,,,,,,,,,,,,,,,,,,,,,,,,,,,,,,,,,,
692,100243528,song,44,ἀοιδήν,,,,,,,,,,,,,,,,,,,,,,,,,,,,,,,,,,,,,,
693,100243530,Sing,45,κλείετε,,,,,,,,,,,,,,,,,,,,,,,,,,,,,,,,,,,,,,
694,100243531,therefore,45,δ’,,,,,,,,,,,,,,,,,,,,,,,,,,,,,,,,,,,,,,
695,100243532,immortals,45,ἀθανάτων,,,,,,,,,,,,,,,,,,,,,,,,,,,,,,,,,,,,,,
696,100243533,holy,45,ἱερὸν,,,,,,,,,,,,,,,,,,,,,,,,,,,,,,,,,,,,,,
697,100243534,race,45,γένος,,,,,,,,,,,,,,,,,,,,,,,,,,,,,,,,,,,,,,
698,100243535,always,45,αἰὲν,,,,,,,,,,,,,,,,,,,,,,,,,,,,,,,,,,,,,,
699,100243536,being born,45,ἐόντων,,,,,,,,,,,,,,,,,,,,,,,,,,,,,,,,,,,,,,
700,100243538,those,45,οἳ,,,,,,,,,,,,,,,,,,,,,,,,,,,,,,,,,,,,,,
701,100243539,Earth,45,Γῆς,,,,,,,,,,,,,,,,,,,,,,,,,,,,,,,,,,,,,,
702,100243540,and,45,τ’,,,,,,,,,,,,,,,,,,,,,,,,,,,,,,,,,,,,,,
703,100243541,were born,45,ἐξεγένοντο,,,,,,,,,,,,,,,,,,,,,,,,,,,,,,,,,,,,,,
704,100243542,and,45,καὶ,,,,,,,,,,,,,,,,,,,,,,,,,,,,,,,,,,,,,,
705,100243543,Heaven,45,Οὐρανοῦ,,,,,,,,,,,,,,,,,,,,,,,,,,,,,,,,,,,,,,
706,100243544,starry,45,ἀστερόεντος,,,,,,,,,,,,,,,,,,,,,,,,,,,,,,,,,,,,,,
707,100243546,Night,45,Νυκτός,,,,,,,,,,,,,,,,,,,,,,,,,,,,,,,,,,,,,,
708,100243547,and,45,τε,,,,,,,,,,,,,,,,,,,,,,,,,,,,,,,,,,,,,,
709,100243548,dark,45,δνοφερῆς,,,,,,,,,,,,,,,,,,,,,,,,,,,,,,,,,,,,,,
710,100243550,whom,45,οὕς,,,,,,,,,,,,,,,,,,,,,,,,,,,,,,,,,,,,,,
711,100243551,also,45,θ’,,,,,,,,,,,,,,,,,,,,,,,,,,,,,,,,,,,,,,
712,100243552,Sea,45,ἁλμυρὸς,,,,,,,,,,,,,,,,,,,,,,,,,,,,,,,,,,,,,,
713,100243553,nourished,45,ἔτρεφε,,,,,,,,,,,,,,,,,,,,,,,,,,,,,,,,,,,,,,
714,100243554,salt,45,Πόντος,,,,,,,,,,,,,,,,,,,,,,,,,,,,,,,,,,,,,,
715,100243556,Sing,46,εἴπατε,,,,,,,,,,,,,,,,,,,,,,,,,,,,,,,,,,,,,,
716,100243557,too,46,δ’,,,,,,,,,,,,,,,,,,,,,,,,,,,,,,,,,,,,,,
717,100243559,how,46,ὡς,,,,,,,,,,,,,,,,,,,,,,,,,,,,,,,,,,,,,,
718,100243560,the,46,τὰ,,,,,,,,,,,,,,,,,,,,,,,,,,,,,,,,,,,,,,
719,100243561,first,46,πρῶτα,,,,,,,,,,,,,,,,,,,,,,,,,,,,,,,,,,,,,,
720,100243562,gods,46,θεοὶ,,,,,,,,,,,,,,,,,,,,,,,,,,,,,,,,,,,,,,
721,100243563,and,46,καὶ,,,,,,,,,,,,,,,,,,,,,,,,,,,,,,,,,,,,,,
722,100243564,Earth,46,γαῖα,,,,,,,,,,,,,,,,,,,,,,,,,,,,,,,,,,,,,,
723,100243565,were born,46,γένοντο,,,,,,,,,,,,,,,,,,,,,,,,,,,,,,,,,,,,,,
724,100243566,and,46,καὶ,,,,,,,,,,,,,,,,,,,,,,,,,,,,,,,,,,,,,,
725,100243567,the rivers,46,ποταμοὶ,,,,,,,,,,,,,,,,,,,,,,,,,,,,,,,,,,,,,,
726,100243568,and,46,καὶ,,,,,,,,,,,,,,,,,,,,,,,,,,,,,,,,,,,,,,
727,100243569,the endless sea,46,πόντος,,,,,,,,,,,,,,,,,,,,,,,,,,,,,,,,,,,,,,
728,100243570,endless,46,ἀπείριτος,,,,,,,,,,,,,,,,,,,,,,,,,,,,,,,,,,,,,,
729,100243572,swelling,46,οἴδματι,,,,,,,,,,,,,,,,,,,,,,,,,,,,,,,,,,,,,,
730,100243573,surges,46,θυίων,,,,,,,,,,,,,,,,,,,,,,,,,,,,,,,,,,,,,,
731,100243575,shining stars,46,ἄστρα,,,,,,,,,,,,,,,,,,,,,,,,,,,,,,,,,,,,,,
732,100243577,shining,46,λαμπετόωντα,,,,,,,,,,,,,,,,,,,,,,,,,,,,,,,,,,,,,,
733,100243578,and,46,καὶ,,,,,,,,,,,,,,,,,,,,,,,,,,,,,,,,,,,,,,
734,100243579,heaven,46,οὐρανὸς,,,,,,,,,,,,,,,,,,,,,,,,,,,,,,,,,,,,,,
735,100243580,wide,46,εὐρὺς,,,,,,,,,,,,,,,,,,,,,,,,,,,,,,,,,,,,,,
736,100243581,above,46,ὕπερθεν,,,,,,,,,,,,,,,,,,,,,,,,,,,,,,,,,,,,,,
737,100243584,from,46,ἐκ,,,,,,,,,,,,,,,,,,,,,,,,,,,,,,,,,,,,,,
738,100243585,which,46,τῶν,,,,,,,,,,,,,,,,,,,,,,,,,,,,,,,,,,,,,,
739,100243586,were born,46,ἐγένοντο,,,,,,,,,,,,,,,,,,,,,,,,,,,,,,,,,,,,,,
740,100243587,gods,46,θεοί,,,,,,,,,,,,,,,,,,,,,,,,,,,,,,,,,,,,,,
741,100243589,givers,46,δωτῆρες,,,,,,,,,,,,,,,,,,,,,,,,,,,,,,,,,,,,,,
742,100243590,good things,46,ἐάων,,,,,,,,,,,,,,,,,,,,,,,,,,,,,,,,,,,,,,
743,100243591,how,46,ὥς,,,,,,,,,,,,,,,,,,,,,,,,,,,,,,,,,,,,,,
744,100243593,wealth,46,ἄφενος,,,,,,,,,,,,,,,,,,,,,,,,,,,,,,,,,,,,,,
745,100243594,divided,46,δάσσαντο,,,,,,,,,,,,,,,,,,,,,,,,,,,,,,,,,,,,,,
746,100243595,by lot,46,καὶ,,,,,,,,,,,,,,,,,,,,,,,,,,,,,,,,,,,,,,
747,100243596,and,46,ὡς,,,,,,,,,,,,,,,,,,,,,,,,,,,,,,,,,,,,,,
748,100243597,honors,46,τιμὰς,,,,,,,,,,,,,,,,,,,,,,,,,,,,,,,,,,,,,,
749,100243598,divided,46,διέλοντο,,,,,,,,,,,,,,,,,,,,,,,,,,,,,,,,,,,,,,
750,100243599,and,46,ἠδὲ,,,,,,,,,,,,,,,,,,,,,,,,,,,,,,,,,,,,,,
751,100243600,also,46,καὶ,,,,,,,,,,,,,,,,,,,,,,,,,,,,,,,,,,,,,,
752,100243601,how,46,ὡς,,,,,,,,,,,,,,,,,,,,,,,,,,,,,,,,,,,,,,
753,100243602,the,46,τὰ,,,,,,,,,,,,,,,,,,,,,,,,,,,,,,,,,,,,,,
754,100243603,first,46,πρῶτα,,,,,,,,,,,,,,,,,,,,,,,,,,,,,,,,,,,,,,
755,100243604,many-folding,46,πολύπτυχον,,,,,,,,,,,,,,,,,,,,,,,,,,,,,,,,,,,,,,
756,100243605,took hold of,46,ἔσχον,,,,,,,,,,,,,,,,,,,,,,,,,,,,,,,,,,,,,,
757,100243606,Olympus,46,Ὄλυμπον,,,,,,,,,,,,,,,,,,,,,,,,,,,,,,,,,,,,,,
758,100243608,these,47,ταῦτά,,,,,,,,,,,,,,,,,,,,,,,,,,,,,,,,,,,,,,
759,100243609,me,47,μοι,,,,,,,,,,,,,,,,,,,,,,,,,,,,,,,,,,,,,,
760,100243610,Tell,47,ἔσπετε,,,,,,,,,,,,,,,,,,,,,,,,,,,,,,,,,,,,,,
761,100243611,Muses,47,Μοῦσαι,,,,,,,,,,,,,,,,,,,,,,,,,,,,,,,,,,,,,,
762,100243613,Olympian,47,Ὀλύμπια,,,,,,,,,,,,,,,,,,,,,,,,,,,,,,,,,,,,,,
763,100243614,homes,47,δώματ’,,,,,,,,,,,,,,,,,,,,,,,,,,,,,,,,,,,,,,
764,100243615,dwell,47,ἔχουσαι,,,,,,,,,,,,,,,,,,,,,,,,,,,,,,,,,,,,,,
765,100243616,from,47,ἐξ,,,,,,,,,,,,,,,,,,,,,,,,,,,,,,,,,,,,,,
766,100243617,beginning,47,ἀρχῆς,,,,,,,,,,,,,,,,,,,,,,,,,,,,,,,,,,,,,,
767,100243619,and,47,καὶ,,,,,,,,,,,,,,,,,,,,,,,,,,,,,,,,,,,,,,
768,100243620,tell,47,εἴπαθ’,,,,,,,,,,,,,,,,,,,,,,,,,,,,,,,,,,,,,,
769,100243622,which,47,ὅ,,,,,,,,,,,,,,,,,,,,,,,,,,,,,,,,,,,,,,
770,100243623,was,47,τι,,,,,,,,,,,,,,,,,,,,,,,,,,,,,,,,,,,,,,
771,100243624,first,47,πρῶτον,,,,,,,,,,,,,,,,,,,,,,,,,,,,,,,,,,,,,,
772,100243625,born,47,γένετ’,,,,,,,,,,,,,,,,,,,,,,,,,,,,,,,,,,,,,,
773,100243626,of,47,αὐτῶν,,,,,,,,,,,,,,,,,,,,,,,,,,,,,,,,,,,,,,
774,100243631,First,48,πρώτιστα,,,,,,,,,,,,,,,,,,,,,,,,,,,,,,,,,,,,,,
775,100243640,of all,48,πάντων,,,,,,,,,,,,,,,,,,,,,,,,,,,,,,,,,,,,,,
776,100243632,Chaos,48,Χάος,,,,,,,,,,,,,,,,,,,,,,,,,,,,,,,,,,,,,,
777,100243633,came into being,48,γένετ’,,,,,,,,,,,,,,,,,,,,,,,,,,,,,,,,,,,,,,
778,100243635,but,48,αὐτὰρ,,,,,,,,,,,,,,,,,,,,,,,,,,,,,,,,,,,,,,
779,100243636,afterwards,48,ἔπειτα,,,,,,,,,,,,,,,,,,,,,,,,,,,,,,,,,,,,,,
780,100243638,broad-breasted,48,εὐρύστερνος,,,,,,,,,,,,,,,,,,,,,,,,,,,,,,,,,,,,,,
781,100243637,Earth,48,Γαῖ’,,,,,,,,,,,,,,,,,,,,,,,,,,,,,,,,,,,,,,
782,100243641,foundation,48,ἕδος,,,,,,,,,,,,,,,,,,,,,,,,,,,,,,,,,,,,,,
783,100243642,sure,48,ἀσφαλὲς,,,,,,,,,,,,,,,,,,,,,,,,,,,,,,,,,,,,,,
784,100243644,immortals,48,ἀθανάτων,,,,,,,,,,,,,,,,,,,,,,,,,,,,,,,,,,,,,,
785,100243646,who,48,οἳ,,,,,,,,,,,,,,,,,,,,,,,,,,,,,,,,,,,,,,
786,100243647,hold,48,ἔχουσι,,,,,,,,,,,,,,,,,,,,,,,,,,,,,,,,,,,,,,
787,100243648,head,48,κάρη,,,,,,,,,,,,,,,,,,,,,,,,,,,,,,,,,,,,,,
788,100243649,snowy,48,νιφόεντος,,,,,,,,,,,,,,,,,,,,,,,,,,,,,,,,,,,,,,
789,100243650,Olympus,48,Ὀλύμπου,,,,,,,,,,,,,,,,,,,,,,,,,,,,,,,,,,,,,,
790,100243653,and,48,τ’,,,,,,,,,,,,,,,,,,,,,,,,,,,,,,,,,,,,,,
791,100243652,Tartarus,48,Τάρταρά,,,,,,,,,,,,,,,,,,,,,,,,,,,,,,,,,,,,,,
792,100243654,dark,48,ἠερόεντα,,,,,,,,,,,,,,,,,,,,,,,,,,,,,,,,,,,,,,
793,100243655,deep,48,μυχῷ,,,,,,,,,,,,,,,,,,,,,,,,,,,,,,,,,,,,,,
794,100243656,recesses,48,χθονὸς,,,,,,,,,,,,,,,,,,,,,,,,,,,,,,,,,,,,,,
795,100243657,broad-pathed,48,εὐρυοδείης,,,,,,,,,,,,,,,,,,,,,,,,,,,,,,,,,,,,,,
796,100243659,and,48,ἠδ’,,,,,,,,,,,,,,,,,,,,,,,,,,,,,,,,,,,,,,
797,100243660,Love,48,Ἔρος,,,,,,,,,,,,,,,,,,,,,,,,,,,,,,,,,,,,,,
798,100243662,who,48,ὃς,,,,,,,,,,,,,,,,,,,,,,,,,,,,,,,,,,,,,,
799,100243663,most beautiful,48,κάλλιστος,,,,,,,,,,,,,,,,,,,,,,,,,,,,,,,,,,,,,,
800,100243664,among,48,ἐν,,,,,,,,,,,,,,,,,,,,,,,,,,,,,,,,,,,,,,
801,100243665,immortal,48,ἀθανάτοισι,,,,,,,,,,,,,,,,,,,,,,,,,,,,,,,,,,,,,,
802,100243666,gods,48,θεοῖσι,,,,,,,,,,,,,,,,,,,,,,,,,,,,,,,,,,,,,,
803,100243668,loosener-of-limbs,48,λυσιμελής,,,,,,,,,,,,,,,,,,,,,,,,,,,,,,,,,,,,,,
804,100243670,all,48,πάντων,,,,,,,,,,,,,,,,,,,,,,,,,,,,,,,,,,,,,,
805,100243673,all,48,πάντων,,,,,,,,,,,,,,,,,,,,,,,,,,,,,,,,,,,,,,
806,100243674,and,48,τ’,,,,,,,,,,,,,,,,,,,,,,,,,,,,,,,,,,,,,,
807,100243675,men,48,ἀνθρώπων,,,,,,,,,,,,,,,,,,,,,,,,,,,,,,,,,,,,,,
808,100243676,subdues,48,δάμναται,,,,,,,,,,,,,,,,,,,,,,,,,,,,,,,,,,,,,,
809,100243679,mind,48,νόον,,,,,,,,,,,,,,,,,,,,,,,,,,,,,,,,,,,,,,
810,100243680,and,48,καὶ,,,,,,,,,,,,,,,,,,,,,,,,,,,,,,,,,,,,,,
811,100243681,thoughtful,48,ἐπίφρονα,,,,,,,,,,,,,,,,,,,,,,,,,,,,,,,,,,,,,,
812,100243682,counsel,48,βουλήν,,,,,,,,,,,,,,,,,,,,,,,,,,,,,,,,,,,,,,
813,100243677,in,48,ἐν,,,,,,,,,,,,,,,,,,,,,,,,,,,,,,,,,,,,,,
814,100243678,breasts,48,στήθεσσι,,,,,,,,,,,,,,,,,,,,,,,,,,,,,,,,,,,,,,
815,100243672,gods,48,θεῶν,,,,,,,,,,,,,,,,,,,,,,,,,,,,,,,,,,,,,,
816,100243684,From,49,ἐκ,,,,,,,,,,,,,,,,,,,,,,,,,,,,,,,,,,,,,,
817,100243685,Chaos,49,Χάεος,,,,,,,,,,,,,,,,,,,,,,,,,,,,,,,,,,,,,,
818,100243687,Erebus,49,Ἔρεβός,,,,,,,,,,,,,,,,,,,,,,,,,,,,,,,,,,,,,,
819,100243689,Black,49,μέλαινά,,,,,,,,,,,,,,,,,,,,,,,,,,,,,,,,,,,,,,
820,100243691,Night,49,Νὺξ,,,,,,,,,,,,,,,,,,,,,,,,,,,,,,,,,,,,,,
821,100243692,came to be,49,ἐγένοντο,,,,,,,,,,,,,,,,,,,,,,,,,,,,,,,,,,,,,,
822,,,50,,"[{'greek_id': '100243694', 'english_word': 'Night'}, {'greek_id': '100243695', 'english_word': 'And'}, {'greek_id': '100243696', 'english_word': 'from'}, {'greek_id': '100243697', 'english_word': 'Aether'}, {'greek_id': '100243698', 'english_word': 'and'}, {'greek_id': '100243699', 'english_word': 'Day'}, {'greek_id': '100243700', 'english_word': 'were born'}, {'greek_id': '100243703', 'english_word': 'whom'}, {'greek_id': '100243704', 'english_word': 'bore'}, {'greek_id': '100243705', 'english_word': 'being'}, {'greek_id': '100243706', 'english_word': 'mixed'}, {'greek_id': '100243707', 'english_word': 'with'}, {'greek_id': '100243708', 'english_word': 'Erebos'}, {'greek_id': '100243709', 'english_word': 'in'}, {'greek_id': '100243710', 'english_word': 'love'}]",,,,,,,,,,,,,,,,,,,,,,,,,,,,,,,,,,,,,
823,100243709,,50,.,,,"Νυκτὸς (Night)
- 100243695: δ' (but/and) ->",aut,aut,"s a bit interpretive. Let's align the core words.)
- 100243697: Αἰθήρ (Aether)
- 100243698: τε (and)
- 100243699: καὶ (and) ->",Hemera,100243703.0,τέκε (gave birth to) ->,kyasameni,"part of the participle phrase)
- 100243708: μιγεῖσα (having mingled) ->",Erebei,100243707.0,et's refine the specific English words:,Let's look at the phrase:,Translation:,"Ἡμέρη (100243700)

Second clause:","φιλότητι (100243707)

Let's try to map the specific words in the translation to the Greek IDs:
1.",Greek:,"s added.
So:
-","having mingled).
Translation:","Let's construct the JSON.
Greek IDs to align:
100243694 (Νυκτὸς) ->","s not in Greek (Dative case).

So the alignment should be:
-","implied)?
Let's look at the translation again:",exegegonto,de,"kai).
Let's align:
100243695 (δ') ->",Let's assume the standard alignment:,Aither,te,ous,teke,migeisa,philoteeti,"the one at the start).
Let's try:","having mingled.
Translation:",One detail:,"[{'greek_id': '100243695', 'english_word': 'And'}, {'greek_id': '100243694', 'english_word': 'Night'}, {'greek_id': '100243697', 'english_word': 'Aether'}, {'greek_id': '100243698', 'english_word': 'and'}, {'greek_id': '100243699', 'english_word': 'and'}, {'greek_id': '100243700', 'english_word': 'Day'}, {'greek_id': '100243701', 'english_word': 'were born'}, {'greek_id': '100243703', 'english_word': 'whom'}, {'greek_id': '100243704', 'english_word': 'bore'}, {'greek_id': '100243705', 'english_word': 'being'}, {'greek_id': '100243708', 'english_word': 'mixed'}, {'greek_id': '100243706', 'english_word': 'Erebos'}, {'greek_id': '100243707', 'english_word': 'love'}]"
824,,,50,,"[{'greek_id': '100243695', 'english_word': 'And'}, {'greek_id': '100243696', 'english_word': 'And'}, {'greek_id': '100243694', 'english_word': 'Night'}, {'greek_id': '100243697', 'english_word': 'Aether'}, {'greek_id': '100243698', 'english_word': 'and'}, {'greek_id': '100243699', 'english_word': 'and'}, {'greek_id': '100243700', 'english_word': 'Day'}, {'greek_id': '100243701', 'english_word': 'were born'}, {'greek_id': '100243703', 'english_word': 'whom'}, {'greek_id': '100243704', 'english_word': 'bore'}, {'greek_id': '100243705', 'english_word': 'being'}, {'greek_id': '100243708', 'english_word': 'mixed'}, {'greek_id': '100243706', 'english_word': 'Erebos'}, {'greek_id': '100243707', 'english_word': 'love'}]",,,,,,,,,,,,,,,,,,,,,,,,,,,,,,,,,,,,,
825,100243710,Earth,51,Γαῖα,,,,,,,,,,,,,,,,,,,,,,,,,,,,,,,,,,,,,,
826,100243713,first,51,πρῶτον,,,,,,,,,,,,,,,,,,,,,,,,,,,,,,,,,,,,,,
827,100243715,bore,51,ἐγείνατο,,,,,,,,,,,,,,,,,,,,,,,,,,,,,,,,,,,,,,
828,100243716,equal,51,ἶσον,,,,,,,,,,,,,,,,,,,,,,,,,,,,,,,,,,,,,,
829,100243717,herself,51,ἑαυτῇ,,,,,,,,,,,,,,,,,,,,,,,,,,,,,,,,,,,,,,
830,100243718,Heaven,51,Οὐρανὸν,,,,,,,,,,,,,,,,,,,,,,,,,,,,,,,,,,,,,,
831,100243719,starry,51,ἀστερόενθ’,,,,,,,,,,,,,,,,,,,,,,,,,,,,,,,,,,,,,,
832,100243722,him,51,μιν,,,,,,,,,,,,,,,,,,,,,,,,,,,,,,,,,,,,,,
833,100243723,around,51,περὶ,,,,,,,,,,,,,,,,,,,,,,,,,,,,,,,,,,,,,,
834,100243724,all,51,πάντα,,,,,,,,,,,,,,,,,,,,,,,,,,,,,,,,,,,,,,
835,100243725,cover,51,καλύπτοι,,,,,,,,,,,,,,,,,,,,,,,,,,,,,,,,,,,,,,
836,100243728,might be,51,εἴη,,,,,,,,,,,,,,,,,,,,,,,,,,,,,,,,,,,,,,
837,100243731,seat,51,ἕδος,,,,,,,,,,,,,,,,,,,,,,,,,,,,,,,,,,,,,,
838,100243732,secure,51,ἀσφαλὲς,,,,,,,,,,,,,,,,,,,,,,,,,,,,,,,,,,,,,,
839,100243729,blessed,51,μακάρεσσι,,,,,,,,,,,,,,,,,,,,,,,,,,,,,,,,,,,,,,
840,100243730,gods,51,θεοῖς,,,,,,,,,,,,,,,,,,,,,,,,,,,,,,,,,,,,,,
841,100243733,forever,51,αἰεί,,,,,,,,,,,,,,,,,,,,,,,,,,,,,,,,,,,,,,
842,100243735,bore,52,γείνατο,,,,,,,,,,,,,,,,,,,,,,,,,,,,,,,,,,,,,,
843,100243736,She,52,δ’,,,,,,,,,,,,,,,,,,,,,,,,,,,,,,,,,,,,,,
844,100243737,mountains,52,Οὔρεα,,,,,,,,,,,,,,,,,,,,,,,,,,,,,,,,,,,,,,
845,100243738,long,52,μακρά,,,,,,,,,,,,,,,,,,,,,,,,,,,,,,,,,,,,,,
846,100243740,of,52,θεῶν,,,,,,,,,,,,,,,,,,,,,,,,,,,,,,,,,,,,,,
847,100243741,pleasant,52,χαρίεντας,,,,,,,,,,,,,,,,,,,,,,,,,,,,,,,,,,,,,,
848,100243742,flutes,52,ἐναύλους,,,,,,,,,,,,,,,,,,,,,,,,,,,,,,,,,,,,,,
849,100243744,Nymphs,52,Νυμφέων,,,,,,,,,,,,,,,,,,,,,,,,,,,,,,,,,,,,,,
850,100243746,who,52,αἳ,,,,,,,,,,,,,,,,,,,,,,,,,,,,,,,,,,,,,,
851,100243747,dwell,52,ναίουσιν,,,,,,,,,,,,,,,,,,,,,,,,,,,,,,,,,,,,,,
852,100243748,through,52,ἀν’,,,,,,,,,,,,,,,,,,,,,,,,,,,,,,,,,,,,,,
853,100243749,mountains,52,οὔρεα,,,,,,,,,,,,,,,,,,,,,,,,,,,,,,,,,,,,,,
854,100243750,echoing,52,βησσήεντα,,,,,,,,,,,,,,,,,,,,,,,,,,,,,,,,,,,,,,
855,100243752,also,53,ἣ,,,,,,,,,,,,,,,,,,,,,,,,,,,,,,,,,,,,,,
856,100243753,also,53,δὲ,,,,,,,,,,,,,,,,,,,,,,,,,,,,,,,,,,,,,,
857,100243754,also,53,καὶ,,,,,,,,,,,,,,,,,,,,,,,,,,,,,,,,,,,,,,
858,100243755,barren,53,ἀτρύγετον,,,,,,,,,,,,,,,,,,,,,,,,,,,,,,,,,,,,,,
859,100243756,sea,53,πέλαγος,,,,,,,,,,,,,,,,,,,,,,,,,,,,,,,,,,,,,,
860,100243757,bore,53,τέκεν,,,,,,,,,,,,,,,,,,,,,,,,,,,,,,,,,,,,,,
861,100243759,swollen,53,οἴδματι,,,,,,,,,,,,,,,,,,,,,,,,,,,,,,,,,,,,,,
862,100243760,surge,53,θυῖον,,,,,,,,,,,,,,,,,,,,,,,,,,,,,,,,,,,,,,
863,100243762,Pontus,53,Πόντον,,,,,,,,,,,,,,,,,,,,,,,,,,,,,,,,,,,,,,
864,100243764,apart,53,ἄτερ,,,,,,,,,,,,,,,,,,,,,,,,,,,,,,,,,,,,,,
865,100243765,longing,53,φιλότητος,,,,,,,,,,,,,,,,,,,,,,,,,,,,,,,,,,,,,,
866,100243766,desire,53,ἐφιμέρου,,,,,,,,,,,,,,,,,,,,,,,,,,,,,,,,,,,,,,
867,100243768,But,54,αὐτὰρ,,,,,,,,,,,,,,,,,,,,,,,,,,,,,,,,,,,,,,
868,100243769,afterwards,54,ἔπειτα,,,,,,,,,,,,,,,,,,,,,,,,,,,,,,,,,,,,,,
869,100243770,Ouranos,54,Οὐρανῷ,,,,,,,,,,,,,,,,,,,,,,,,,,,,,,,,,,,,,,
870,100243771,having lain,54,εὐνηθεῖσα,,,,,,,,,,,,,,,,,,,,,,,,,,,,,,,,,,,,,,
871,100243772,bore,54,τέκ’,,,,,,,,,,,,,,,,,,,,,,,,,,,,,,,,,,,,,,
872,100243773,Okeanos,54,Ὠκεανὸν,,,,,,,,,,,,,,,,,,,,,,,,,,,,,,,,,,,,,,
873,100243774,deep-swirling,54,βαθυδίνην,,,,,,,,,,,,,,,,,,,,,,,,,,,,,,,,,,,,,,
874,100243776,Koios,54,Κοῖόν,,,,,,,,,,,,,,,,,,,,,,,,,,,,,,,,,,,,,,
875,100243777,and,54,τε,,,,,,,,,,,,,,,,,,,,,,,,,,,,,,,,,,,,,,
876,100243778,Krios,54,Κρῖόν,,,,,,,,,,,,,,,,,,,,,,,,,,,,,,,,,,,,,,
877,100243779,and,54,θ’,,,,,,,,,,,,,,,,,,,,,,,,,,,,,,,,,,,,,,
878,100243780,Hyperion,54,Ὑπερίονά,,,,,,,,,,,,,,,,,,,,,,,,,,,,,,,,,,,,,,
879,100243781,and,54,τ’,,,,,,,,,,,,,,,,,,,,,,,,,,,,,,,,,,,,,,
880,100243782,Iapetos,54,Ἰαπετόν,,,,,,,,,,,,,,,,,,,,,,,,,,,,,,,,,,,,,,
881,100243783,and,54,τε,,,,,,,,,,,,,,,,,,,,,,,,,,,,,,,,,,,,,,
882,100243784,Theia,54,Θείαν,,,,,,,,,,,,,,,,,,,,,,,,,,,,,,,,,,,,,,
883,100243785,and,54,τε,,,,,,,,,,,,,,,,,,,,,,,,,,,,,,,,,,,,,,
884,100243786,Rhea,54,Ῥείαν,,,,,,,,,,,,,,,,,,,,,,,,,,,,,,,,,,,,,,
885,100243787,and,54,τε,,,,,,,,,,,,,,,,,,,,,,,,,,,,,,,,,,,,,,
886,100243788,Themis,54,Θέμιν,,,,,,,,,,,,,,,,,,,,,,,,,,,,,,,,,,,,,,
887,100243789,and,54,τε,,,,,,,,,,,,,,,,,,,,,,,,,,,,,,,,,,,,,,
888,100243790,Mnemosyne,54,Μνημοσύνην,,,,,,,,,,,,,,,,,,,,,,,,,,,,,,,,,,,,,,
889,100243791,and,54,τε,,,,,,,,,,,,,,,,,,,,,,,,,,,,,,,,,,,,,,
890,100243792,Phoibe,54,Φοίβην,,,,,,,,,,,,,,,,,,,,,,,,,,,,,,,,,,,,,,
891,100243793,and,54,τε,,,,,,,,,,,,,,,,,,,,,,,,,,,,,,,,,,,,,,
892,100243794,golden-crowned,54,χρυσοστέφανον,,,,,,,,,,,,,,,,,,,,,,,,,,,,,,,,,,,,,,
893,100243795,Tethys,54,Τηθύν,,,,,,,,,,,,,,,,,,,,,,,,,,,,,,,,,,,,,,
894,100243796,and,54,τ’,,,,,,,,,,,,,,,,,,,,,,,,,,,,,,,,,,,,,,
895,100243797,loving,54,ἐρατεινήν,,,,,,,,,,,,,,,,,,,,,,,,,,,,,,,,,,,,,,
896,100243800,And,55,δὲ,,,,,,,,,,,,,,,,,,,,,,,,,,,,,,,,,,,,,,
897,100243801,after,55,μέθ’,,,,,,,,,,,,,,,,,,,,,,,,,,,,,,,,,,,,,,
898,100243799,them,55,τοὺς,,,,,,,,,,,,,,,,,,,,,,,,,,,,,,,,,,,,,,
899,100243802,crafty,55,ὁπλότατος,,,,,,,,,,,,,,,,,,,,,,,,,,,,,,,,,,,,,,
900,100243804,Cronus,55,Κρόνος,,,,,,,,,,,,,,,,,,,,,,,,,,,,,,,,,,,,,,
901,100243805,crooked-counseled,55,ἀγκυλομήτης,,,,,,,,,,,,,,,,,,,,,,,,,,,,,,,,,,,,,,
902,100243803,born,55,γένετο,,,,,,,,,,,,,,,,,,,,,,,,,,,,,,,,,,,,,,
903,100243807,terrible,55,δεινότατος,,,,,,,,,,,,,,,,,,,,,,,,,,,,,,,,,,,,,,
904,100243808,sons,55,παίδων,,,,,,,,,,,,,,,,,,,,,,,,,,,,,,,,,,,,,,
905,100243811,And,56,δ’,,,,,,,,,,,,,,,,,,,,,,,,,,,,,,,,,,,,,,
906,100243812,he,56,ἤχθηρε,,,,,,,,,,,,,,,,,,,,,,,,,,,,,,,,,,,,,,
907,100243813,his,56,τοκῆα,,,,,,,,,,,,,,,,,,,,,,,,,,,,,,,,,,,,,,
908,100243810,fertile,56,θαλερὸν,,,,,,,,,,,,,,,,,,,,,,,,,,,,,,,,,,,,,,
909,100243813,parent,56,τοκῆα,,,,,,,,,,,,,,,,,,,,,,,,,,,,,,,,,,,,,,
910,100243815,bore,57,γείνατο,,,,,,,,,,,,,,,,,,,,,,,,,,,,,,,,,,,,,,
911,100243816,And,57,δ’,,,,,,,,,,,,,,,,,,,,,,,,,,,,,,,,,,,,,,
912,100243817,she,57,αὖ,,,,,,,,,,,,,,,,,,,,,,,,,,,,,,,,,,,,,,
913,100243818,Cyclopes,57,Κύκλωπας,,,,,,,,,,,,,,,,,,,,,,,,,,,,,,,,,,,,,,
914,100243821,having,57,ἔχοντας,,,,,,,,,,,,,,,,,,,,,,,,,,,,,,,,,,,,,,
915,100243819,transcendent,57,ὑπέρβιον,,,,,,,,,,,,,,,,,,,,,,,,,,,,,,,,,,,,,,
916,100243820,spirit,57,ἦτορ,,,,,,,,,,,,,,,,,,,,,,,,,,,,,,,,,,,,,,
917,100243823,Brontes,57,Βρόντην,,,,,,,,,,,,,,,,,,,,,,,,,,,,,,,,,,,,,,
918,100243824,and,57,τε,,,,,,,,,,,,,,,,,,,,,,,,,,,,,,,,,,,,,,
919,100243825,Steropes,57,Στερόπην,,,,,,,,,,,,,,,,,,,,,,,,,,,,,,,,,,,,,,
920,100243826,and,57,τε,,,,,,,,,,,,,,,,,,,,,,,,,,,,,,,,,,,,,,
921,100243827,and,57,καὶ,,,,,,,,,,,,,,,,,,,,,,,,,,,,,,,,,,,,,,
922,100243828,Argos,57,Ἄργην,,,,,,,,,,,,,,,,,,,,,,,,,,,,,,,,,,,,,,
923,100243829,fierce,57,ὀβριμόθυμον,,,,,,,,,,,,,,,,,,,,,,,,,,,,,,,,,,,,,,
924,100243831,who,57,οἳ,,,,,,,,,,,,,,,,,,,,,,,,,,,,,,,,,,,,,,
925,100243832,to,57,Ζηνὶ,,,,,,,,,,,,,,,,,,,,,,,,,,,,,,,,,,,,,,
926,100243833,Zeus,57,βροντήν,,,,,,,,,,,,,,,,,,,,,,,,,,,,,,,,,,,,,,
927,100243835,gave,57,δόσαν,,,,,,,,,,,,,,,,,,,,,,,,,,,,,,,,,,,,,,
928,100243834,thunder,57,τε,,,,,,,,,,,,,,,,,,,,,,,,,,,,,,,,,,,,,,
929,100243836,crafted,57,τεῦξάν,,,,,,,,,,,,,,,,,,,,,,,,,,,,,,,,,,,,,,
930,100243837,the,57,τε,,,,,,,,,,,,,,,,,,,,,,,,,,,,,,,,,,,,,,
931,100243838,thunderbolt,57,κεραυνόν,,,,,,,,,,,,,,,,,,,,,,,,,,,,,,,,,,,,,,
932,100243843,The,58,τὰ,,,,,,,,,,,,,,,,,,,,,,,,,,,,,,,,,,,,,,
933,100243845,other,58,ἄλλα,,,,,,,,,,,,,,,,,,,,,,,,,,,,,,,,,,,,,,
934,100243846,gods,58,θεοῖς,,,,,,,,,,,,,,,,,,,,,,,,,,,,,,,,,,,,,,
935,100243847,equal,58,ἐναλίγκιοι,,,,,,,,,,,,,,,,,,,,,,,,,,,,,,,,,,,,,,
936,100243848,were,58,ἦσαν,,,,,,,,,,,,,,,,,,,,,,,,,,,,,,,,,,,,,,
937,100243844,them,58,μὲν,,,,,,,,,,,,,,,,,,,,,,,,,,,,,,,,,,,,,,
938,100243851,but,58,δ’,,,,,,,,,,,,,,,,,,,,,,,,,,,,,,,,,,,,,,
939,100243850,single,58,μοῦνος,,,,,,,,,,,,,,,,,,,,,,,,,,,,,,,,,,,,,,
940,100243852,eye,58,ὀφθαλμὸς,,,,,,,,,,,,,,,,,,,,,,,,,,,,,,,,,,,,,,
941,100243854,lay,58,ἐνέκειτο,,,,,,,,,,,,,,,,,,,,,,,,,,,,,,,,,,,,,,
942,100243853,middle,58,μέσσῳ,,,,,,,,,,,,,,,,,,,,,,,,,,,,,,,,,,,,,,
943,100243855,brow,58,μετώπῳ,,,,,,,,,,,,,,,,,,,,,,,,,,,,,,,,,,,,,,
944,100243857,Cyclopes,59,Κύκλωπες,,,,,,,,,,,,,,,,,,,,,,,,,,,,,,,,,,,,,,
945,100243858,so,59,δ’,,,,,,,,,,,,,,,,,,,,,,,,,,,,,,,,,,,,,,
946,100243859,named,59,ὄνομ’,,,,,,,,,,,,,,,,,,,,,,,,,,,,,,,,,,,,,,
947,100243860,were,59,ἦσαν,,,,,,,,,,,,,,,,,,,,,,,,,,,,,,,,,,,,,,
948,100243861,so,59,ἐπώνυμον,,,,,,,,,,,,,,,,,,,,,,,,,,,,,,,,,,,,,,
949,100243863,because,59,οὕνεκ’,,,,,,,,,,,,,,,,,,,,,,,,,,,,,,,,,,,,,,
950,100243864,indeed,59,ἄρα,,,,,,,,,,,,,,,,,,,,,,,,,,,,,,,,,,,,,,
951,100243865,their,59,σφέων,,,,,,,,,,,,,,,,,,,,,,,,,,,,,,,,,,,,,,
952,100243866,circular,59,κυκλοτερὴς,,,,,,,,,,,,,,,,,,,,,,,,,,,,,,,,,,,,,,
953,100243867,eye,59,ὀφθαλμὸς,,,,,,,,,,,,,,,,,,,,,,,,,,,,,,,,,,,,,,
954,100243868,one,59,ἕεις,,,,,,,,,,,,,,,,,,,,,,,,,,,,,,,,,,,,,,
955,100243869,placed,59,ἐνέκειτο,,,,,,,,,,,,,,,,,,,,,,,,,,,,,,,,,,,,,,
956,100243870,brow,59,μετώπῳ,,,,,,,,,,,,,,,,,,,,,,,,,,,,,,,,,,,,,,
957,100243873,And,60,δ’,,,,,,,,,,,,,,,,,,,,,,,,,,,,,,,,,,,,,,
958,100243872,strength,60,ἰσχὺς,,,,,,,,,,,,,,,,,,,,,,,,,,,,,,,,,,,,,,
959,100243874,and,60,ἠδὲ,,,,,,,,,,,,,,,,,,,,,,,,,,,,,,,,,,,,,,
960,100243875,force,60,βίη,,,,,,,,,,,,,,,,,,,,,,,,,,,,,,,,,,,,,,
961,100243876,and,60,καὶ,,,,,,,,,,,,,,,,,,,,,,,,,,,,,,,,,,,,,,
962,100243877,plans,60,μηχαναὶ,,,,,,,,,,,,,,,,,,,,,,,,,,,,,,,,,,,,,,
963,100243878,were,60,ἦσαν,,,,,,,,,,,,,,,,,,,,,,,,,,,,,,,,,,,,,,
964,100243879,at,60,ἐπ’,,,,,,,,,,,,,,,,,,,,,,,,,,,,,,,,,,,,,,
965,100243880,hand,60,ἔργοις,,,,,,,,,,,,,,,,,,,,,,,,,,,,,,,,,,,,,,
966,100243879,for,60,ἐπ’,,,,,,,,,,,,,,,,,,,,,,,,,,,,,,,,,,,,,,
967,100243880,works,60,ἔργοις,,,,,,,,,,,,,,,,,,,,,,,,,,,,,,,,,,,,,,
968,100243882,others,61,ἄλλοι,,,,,,,,,,,,,,,,,,,,,,,,,,,,,,,,,,,,,,
969,100243883,But,61,δ’,,,,,,,,,,,,,,,,,,,,,,,,,,,,,,,,,,,,,,
970,100243884,were,61,αὖ,,,,,,,,,,,,,,,,,,,,,,,,,,,,,,,,,,,,,,
971,100243885,from,61,Γαίης,,,,,,,,,,,,,,,,,,,,,,,,,,,,,,,,,,,,,,
972,100243886,Earth,61,τε,,,,,,,,,,,,,,,,,,,,,,,,,,,,,,,,,,,,,,
973,100243887,and,61,καὶ,,,,,,,,,,,,,,,,,,,,,,,,,,,,,,,,,,,,,,
974,100243888,Sky,61,Οὐρανοῦ,,,,,,,,,,,,,,,,,,,,,,,,,,,,,,,,,,,,,,
975,100243889,born,61,ἐξεγένοντο,,,,,,,,,,,,,,,,,,,,,,,,,,,,,,,,,,,,,,
976,100243890,three,61,τρεῖς,,,,,,,,,,,,,,,,,,,,,,,,,,,,,,,,,,,,,,
977,100243891,children,61,παῖδες,,,,,,,,,,,,,,,,,,,,,,,,,,,,,,,,,,,,,,
978,100243892,great,61,μεγάλοι,,,,,,,,,,,,,,,,,,,,,,,,,,,,,,,,,,,,,,
979,100243893,and,61,τε,,,,,,,,,,,,,,,,,,,,,,,,,,,,,,,,,,,,,,
980,100243894,mighty,61,καὶ,,,,,,,,,,,,,,,,,,,,,,,,,,,,,,,,,,,,,,
981,100243895,mighty,61,ὄβριμοι,,,,,,,,,,,,,,,,,,,,,,,,,,,,,,,,,,,,,,
982,100243897,not,61,οὐκ,,,,,,,,,,,,,,,,,,,,,,,,,,,,,,,,,,,,,,
983,100243898,to be named,61,ὀνομαστοί,,,,,,,,,,,,,,,,,,,,,,,,,,,,,,,,,,,,,,
984,100243900,Cottus,61,Κόττος,,,,,,,,,,,,,,,,,,,,,,,,,,,,,,,,,,,,,,
985,100243901,",",61,τε,,,,,,,,,,,,,,,,,,,,,,,,,,,,,,,,,,,,,,
986,100243902,Briareos,61,Βριάρεώς,,,,,,,,,,,,,,,,,,,,,,,,,,,,,,,,,,,,,,
987,100243903,and,61,τε,,,,,,,,,,,,,,,,,,,,,,,,,,,,,,,,,,,,,,
988,100243904,Gyes,61,Γύης,,,,,,,,,,,,,,,,,,,,,,,,,,,,,,,,,,,,,,
989,100243905,",",61,θ’,,,,,,,,,,,,,,,,,,,,,,,,,,,,,,,,,,,,,,
990,100243907,proud,61,ὑπερήφανα,,,,,,,,,,,,,,,,,,,,,,,,,,,,,,,,,,,,,,
991,100243908,offspring,61,τέκνα,,,,,,,,,,,,,,,,,,,,,,,,,,,,,,,,,,,,,,
992,100243910,these,62,τῶν,,,,,,,,,,,,,,,,,,,,,,,,,,,,,,,,,,,,,,
993,100243911,one hundred,62,ἑκατὸν,,,,,,,,,,,,,,,,,,,,,,,,,,,,,,,,,,,,,,
994,100243913,hands,62,χεῖρες,,,,,,,,,,,,,,,,,,,,,,,,,,,,,,,,,,,,,,
995,100243914,forth,62,ἀπ’,,,,,,,,,,,,,,,,,,,,,,,,,,,,,,,,,,,,,,
996,100243915,shoulders,62,ὤμων,,,,,,,,,,,,,,,,,,,,,,,,,,,,,,,,,,,,,,
997,100243916,darted,62,ἀίσσοντο,,,,,,,,,,,,,,,,,,,,,,,,,,,,,,,,,,,,,,
998,100243918,unshaped,62,ἄπλαστοι,,,,,,,,,,,,,,,,,,,,,,,,,,,,,,,,,,,,,,
999,100243920,heads,62,κεφαλαὶ,,,,,,,,,,,,,,,,,,,,,,,,,,,,,,,,,,,,,,
1000,100243922,each,62,ἑκάστῳ,,,,,,,,,,,,,,,,,,,,,,,,,,,,,,,,,,,,,,
1001,100243923,fifty,62,πεντήκοντα,,,,,,,,,,,,,,,,,,,,,,,,,,,,,,,,,,,,,,
1002,100243924,grown,62,ἐξ,,,,,,,,,,,,,,,,,,,,,,,,,,,,,,,,,,,,,,
1003,100243925,shoulders,62,ὤμων,,,,,,,,,,,,,,,,,,,,,,,,,,,,,,,,,,,,,,
1004,100243927,upon,62,ἐπὶ,,,,,,,,,,,,,,,,,,,,,,,,,,,,,,,,,,,,,,
1005,100243928,sturdy,62,στιβαροῖσι,,,,,,,,,,,,,,,,,,,,,,,,,,,,,,,,,,,,,,
1006,100243929,limbs,62,μέλεσσιν,,,,,,,,,,,,,,,,,,,,,,,,,,,,,,,,,,,,,,
1007,100243931,strength,63,ἰσχὺς,,,,,,,,,,,,,,,,,,,,,,,,,,,,,,,,,,,,,,
1008,100243932,And,63,δ’,,,,,,,,,,,,,,,,,,,,,,,,,,,,,,,,,,,,,,
1009,100243933,unbounded,63,ἄπλητος,,,,,,,,,,,,,,,,,,,,,,,,,,,,,,,,,,,,,,
1010,100243934,mighty,63,κρατερὴ,,,,,,,,,,,,,,,,,,,,,,,,,,,,,,,,,,,,,,
1011,100243935,every,63,μεγάλῳ,,,,,,,,,,,,,,,,,,,,,,,,,,,,,,,,,,,,,,
1012,100243936,upon,63,ἐπὶ,,,,,,,,,,,,,,,,,,,,,,,,,,,,,,,,,,,,,,
1013,100243937,form,63,εἴδει,,,,,,,,,,,,,,,,,,,,,,,,,,,,,,,,,,,,,,
1014,100243940,For,64,γὰρ,,,,,,,,,,,,,,,,,,,,,,,,,,,,,,,,,,,,,,
1015,100243939,those,64,ὅσσοι,,,,,,,,,,,,,,,,,,,,,,,,,,,,,,,,,,,,,,
1016,100243945,were born,64,ἐξεγένοντο,,,,,,,,,,,,,,,,,,,,,,,,,,,,,,,,,,,,,,
1017,100243954,from,64,ἐξ,,,,,,,,,,,,,,,,,,,,,,,,,,,,,,,,,,,,,,
1018,100243941,Earth,64,Γαίης,,,,,,,,,,,,,,,,,,,,,,,,,,,,,,,,,,,,,,
1019,100243942,and,64,τε,,,,,,,,,,,,,,,,,,,,,,,,,,,,,,,,,,,,,,
1020,100243943,and,64,καὶ,,,,,,,,,,,,,,,,,,,,,,,,,,,,,,,,,,,,,,
1021,100243944,Sky,64,Οὐρανοῦ,,,,,,,,,,,,,,,,,,,,,,,,,,,,,,,,,,,,,,
1022,100243947,the most terrible,64,δεινότατοι,,,,,,,,,,,,,,,,,,,,,,,,,,,,,,,,,,,,,,
1023,100243948,of children,64,παίδων,,,,,,,,,,,,,,,,,,,,,,,,,,,,,,,,,,,,,,
1024,100243949,children,64,",",,,,,,,,,,,,,,,,,,,,,,,,,,,,,,,,,,,,,,
1025,100243952,were hated,64,ἤχθοντο,,,,,,,,,,,,,,,,,,,,,,,,,,,,,,,,,,,,,,
1026,100243950,their own,64,σφετέρῳ,,,,,,,,,,,,,,,,,,,,,,,,,,,,,,,,,,,,,,
1027,100243953,parent,64,τοκῆι,,,,,,,,,,,,,,,,,,,,,,,,,,,,,,,,,,,,,,
1028,100243954,from,64,ἐξ,,,,,,,,,,,,,,,,,,,,,,,,,,,,,,,,,,,,,,
1029,100243955,beginning,64,ἀρχῆς,,,,,,,,,,,,,,,,,,,,,,,,,,,,,,,,,,,,,,
1030,100243951,very,64,δ’,,,,,,,,,,,,,,,,,,,,,,,,,,,,,,,,,,,,,,
1031,100243957,And,65,καὶ,,,,,,,,,,,,,,,,,,,,,,,,,,,,,,,,,,,,,,
1032,100243958,of,65,τῶν,,,,,,,,,,,,,,,,,,,,,,,,,,,,,,,,,,,,,,
1033,100243958,these,65,τῶν,,,,,,,,,,,,,,,,,,,,,,,,,,,,,,,,,,,,,,
1034,100243959,however,65,μὲν,,,,,,,,,,,,,,,,,,,,,,,,,,,,,,,,,,,,,,
1035,100243960,one,65,ὅπως,,,,,,,,,,,,,,,,,,,,,,,,,,,,,,,,,,,,,,
1036,100243961,might,65,τις,,,,,,,,,,,,,,,,,,,,,,,,,,,,,,,,,,,,,,
1037,100243962,first,65,πρῶτα,,,,,,,,,,,,,,,,,,,,,,,,,,,,,,,,,,,,,,
1038,100243963,come,65,γένοιτο,,,,,,,,,,,,,,,,,,,,,,,,,,,,,,,,,,,,,,
1039,100243963,into,65,γένοιτο,,,,,,,,,,,,,,,,,,,,,,,,,,,,,,,,,,,,,,
1040,100243963,being,65,γένοιτο,,,,,,,,,,,,,,,,,,,,,,,,,,,,,,,,,,,,,,
1041,100243965,them,65,πάντας,,,,,,,,,,,,,,,,,,,,,,,,,,,,,,,,,,,,,,
1042,100243965,all,65,πάντας,,,,,,,,,,,,,,,,,,,,,,,,,,,,,,,,,,,,,,
1043,100243966,kept,65,ἀποκρύπτασκε,,,,,,,,,,,,,,,,,,,,,,,,,,,,,,,,,,,,,,
1044,100243966,hidden,65,ἀποκρύπτασκε,,,,,,,,,,,,,,,,,,,,,,,,,,,,,,,,,,,,,,
1045,100243968,and,65,καὶ,,,,,,,,,,,,,,,,,,,,,,,,,,,,,,,,,,,,,,
1046,100243969,let,65,ἐς,,,,,,,,,,,,,,,,,,,,,,,,,,,,,,,,,,,,,,
1047,100243970,come,65,φάος,,,,,,,,,,,,,,,,,,,,,,,,,,,,,,,,,,,,,,
1048,100243970,into,65,φάος,,,,,,,,,,,,,,,,,,,,,,,,,,,,,,,,,,,,,,
1049,100243970,the,65,φάος,,,,,,,,,,,,,,,,,,,,,,,,,,,,,,,,,,,,,,
1050,100243970,light,65,φάος,,,,,,,,,,,,,,,,,,,,,,,,,,,,,,,,,,,,,,
1051,100243971,not,65,οὐκ,,,,,,,,,,,,,,,,,,,,,,,,,,,,,,,,,,,,,,
1052,100243972,let,65,ἀνίεσκε,,,,,,,,,,,,,,,,,,,,,,,,,,,,,,,,,,,,,,
1053,100243972,them,65,ἀνίεσκε,,,,,,,,,,,,,,,,,,,,,,,,,,,,,,,,,,,,,,
1054,100243974,of,65,Γαίης,,,,,,,,,,,,,,,,,,,,,,,,,,,,,,,,,,,,,,
1055,100243974,Gaia,65,Γαίης,,,,,,,,,,,,,,,,,,,,,,,,,,,,,,,,,,,,,,
1056,100243975,in,65,ἐν,,,,,,,,,,,,,,,,,,,,,,,,,,,,,,,,,,,,,,
1057,100243976,the,65,κευθμῶνι,,,,,,,,,,,,,,,,,,,,,,,,,,,,,,,,,,,,,,
1058,100243976,secret,65,κευθμῶνι,,,,,,,,,,,,,,,,,,,,,,,,,,,,,,,,,,,,,,
1059,100243976,recesses,65,κευθμῶνι,,,,,,,,,,,,,,,,,,,,,,,,,,,,,,,,,,,,,,
1060,100243978,evil,65,κακῷ,,,,,,,,,,,,,,,,,,,,,,,,,,,,,,,,,,,,,,
1061,100243979,but,65,δ’,,,,,,,,,,,,,,,,,,,,,,,,,,,,,,,,,,,,,,
1062,100243980,took,65,ἐπετέρπετο,,,,,,,,,,,,,,,,,,,,,,,,,,,,,,,,,,,,,,
1063,100243980,pleasure,65,ἐπετέρπετο,,,,,,,,,,,,,,,,,,,,,,,,,,,,,,,,,,,,,,
1064,100243981,in,65,ἔργῳ,,,,,,,,,,,,,,,,,,,,,,,,,,,,,,,,,,,,,,
1065,100243981,his,65,ἔργῳ,,,,,,,,,,,,,,,,,,,,,,,,,,,,,,,,,,,,,,
1066,100243981,deed,65,ἔργῳ,,,,,,,,,,,,,,,,,,,,,,,,,,,,,,,,,,,,,,
1067,100243982,Uranus,65,Οὐρανός,,,,,,,,,,,,,,,,,,,,,,,,,,,,,,,,,,,,,,
1068,100243984,the,66,ἣ,,,,,,,,,,,,,,,,,,,,,,,,,,,,,,,,,,,,,,
1069,100243985,And,66,δ’,,,,,,,,,,,,,,,,,,,,,,,,,,,,,,,,,,,,,,
1070,100243986,inside,66,ἐντὸς,,,,,,,,,,,,,,,,,,,,,,,,,,,,,,,,,,,,,,
1071,100243987,groaned,66,στοναχίζετο,,,,,,,,,,,,,,,,,,,,,,,,,,,,,,,,,,,,,,
1072,100243988,Earth,66,Γαῖα,,,,,,,,,,,,,,,,,,,,,,,,,,,,,,,,,,,,,,
1073,100243989,great,66,πελώρη,,,,,,,,,,,,,,,,,,,,,,,,,,,,,,,,,,,,,,
1074,100243990,pressed,66,στεινομένη,,,,,,,,,,,,,,,,,,,,,,,,,,,,,,,,,,,,,,
1075,100243992,deceitful,67,δολίην,,,,,,,,,,,,,,,,,,,,,,,,,,,,,,,,,,,,,,
1076,100243993,and,67,δὲ,,,,,,,,,,,,,,,,,,,,,,,,,,,,,,,,,,,,,,
1077,100243994,evil,67,κακήν,,,,,,,,,,,,,,,,,,,,,,,,,,,,,,,,,,,,,,
1078,100243995,and,67,τ’,,,,,,,,,,,,,,,,,,,,,,,,,,,,,,,,,,,,,,
1079,100243996,devised,67,ἐφράσσατο,,,,,,,,,,,,,,,,,,,,,,,,,,,,,,,,,,,,,,
1080,100243997,craft,67,τέχνην,,,,,,,,,,,,,,,,,,,,,,,,,,,,,,,,,,,,,,
1081,100244013,Speak,69,εἶπε,,,,,,,,,,,,,,,,,,,,,,,,,,,,,,,,,,,,,,
1082,100244014,but,69,δὲ,,,,,,,,,,,,,,,,,,,,,,,,,,,,,,,,,,,,,,
1083,100244015,be afraid,69,θαρσύνουσα,,,,,,,,,,,,,,,,,,,,,,,,,,,,,,,,,,,,,,
1084,100244017,dear,69,φίλον,,,,,,,,,,,,,,,,,,,,,,,,,,,,,,,,,,,,,,
1085,100244018,have,69,τετιημένη,,,,,,,,,,,,,,,,,,,,,,,,,,,,,,,,,,,,,,
1086,100244019,heart,69,ἦτορ,,,,,,,,,,,,,,,,,,,,,,,,,,,,,,,,,,,,,,
1087,100244021,Children,70,παῖδες,,,,,,,,,,,,,,,,,,,,,,,,,,,,,,,,,,,,,,
1088,100244022,of me,70,ἐμοὶ,,,,,,,,,,,,,,,,,,,,,,,,,,,,,,,,,,,,,,
1089,100244023,and,70,καὶ,,,,,,,,,,,,,,,,,,,,,,,,,,,,,,,,,,,,,,
1090,100244024,of,70,πατρὸς,,,,,,,,,,,,,,,,,,,,,,,,,,,,,,,,,,,,,,
1091,100244025,reckless,70,ἀτασθάλου,,,,,,,,,,,,,,,,,,,,,,,,,,,,,,,,,,,,,,
1092,100244027,if,70,αἴ,,,,,,,,,,,,,,,,,,,,,,,,,,,,,,,,,,,,,,
1093,100244028,if,70,κ’,,,,,,,,,,,,,,,,,,,,,,,,,,,,,,,,,,,,,,
1094,100244029,willing,70,ἐθέλητε,,,,,,,,,,,,,,,,,,,,,,,,,,,,,,,,,,,,,,
1095,100244030,obey,70,πείθεσθαι,,,,,,,,,,,,,,,,,,,,,,,,,,,,,,,,,,,,,,
1096,100244032,father,70,πατρός,,,,,,,,,,,,,,,,,,,,,,,,,,,,,,,,,,,,,,
1097,100244033,would,70,κε,,,,,,,,,,,,,,,,,,,,,,,,,,,,,,,,,,,,,,
1098,100244034,foul,70,κακὴν,,,,,,,,,,,,,,,,,,,,,,,,,,,,,,,,,,,,,,
1099,100244035,avenge,70,τισαίμεθα,,,,,,,,,,,,,,,,,,,,,,,,,,,,,,,,,,,,,,
1100,100244036,outrage,70,λώβην,,,,,,,,,,,,,,,,,,,,,,,,,,,,,,,,,,,,,,
1101,100244037,our,70,ὑμετέρου,,,,,,,,,,,,,,,,,,,,,,,,,,,,,,,,,,,,,,
1102,100244039,first,71,πρότερος,,,,,,,,,,,,,,,,,,,,,,,,,,,,,,,,,,,,,,
1103,100244040,For,71,γὰρ,,,,,,,,,,,,,,,,,,,,,,,,,,,,,,,,,,,,,,
1104,100244041,shameful,71,ἀεικέα,,,,,,,,,,,,,,,,,,,,,,,,,,,,,,,,,,,,,,
1105,100244042,devised,71,μήσατο,,,,,,,,,,,,,,,,,,,,,,,,,,,,,,,,,,,,,,
1106,100244043,deeds,71,ἔργα,,,,,,,,,,,,,,,,,,,,,,,,,,,,,,,,,,,,,,
1107,100244045,So,72,ὣς,,,,,,,,,,,,,,,,,,,,,,,,,,,,,,,,,,,,,,
1108,100244046,spoke,72,φάτο,,,,,,,,,,,,,,,,,,,,,,,,,,,,,,,,,,,,,,
1109,100244050,Then,73,ἄρα,,,,,,,,,,,,,,,,,,,,,,,,,,,,,,,,,,,,,,
1110,100244053,fear,73,δέος,,,,,,,,,,,,,,,,,,,,,,,,,,,,,,,,,,,,,,
1111,100244052,seized,73,ἕλεν,,,,,,,,,,,,,,,,,,,,,,,,,,,,,,,,,,,,,,
1112,100244048,them,73,τοὺς,,,,,,,,,,,,,,,,,,,,,,,,,,,,,,,,,,,,,,
1113,100244051,all,73,πάντας,,,,,,,,,,,,,,,,,,,,,,,,,,,,,,,,,,,,,,
1114,100244049,and,73,δ’,,,,,,,,,,,,,,,,,,,,,,,,,,,,,,,,,,,,,,
1115,100244055,not,73,οὐ,,,,,,,,,,,,,,,,,,,,,,,,,,,,,,,,,,,,,,
1116,100244056,one,73,-δέ,,,,,,,,,,,,,,,,,,,,,,,,,,,,,,,,,,,,,,
1117,100244058,of them,73,αὐτῶν,,,,,,,,,,,,,,,,,,,,,,,,,,,,,,,,,,,,,,
1118,100244057,one,73,τις,,,,,,,,,,,,,,,,,,,,,,,,,,,,,,,,,,,,,,
1119,100244059,spoke,73,φθέγξατο,,,,,,,,,,,,,,,,,,,,,,,,,,,,,,,,,,,,,,
1120,100244061,Having,74,θαρσήσας,,,,,,,,,,,,,,,,,,,,,,,,,,,,,,,,,,,,,,
1121,100244062,and,74,δὲ,,,,,,,,,,,,,,,,,,,,,,,,,,,,,,,,,,,,,,
1122,100244063,great,74,μέγας,,,,,,,,,,,,,,,,,,,,,,,,,,,,,,,,,,,,,,
1123,100244064,Cronos,74,Κρόνος,,,,,,,,,,,,,,,,,,,,,,,,,,,,,,,,,,,,,,
1124,100244065,crooked,74,ἀγκυλομήτης,,,,,,,,,,,,,,,,,,,,,,,,,,,,,,,,,,,,,,
1125,100244066,again,74,ἂψ,,,,,,,,,,,,,,,,,,,,,,,,,,,,,,,,,,,,,,
1126,100244067,again,74,αὖτις,,,,,,,,,,,,,,,,,,,,,,,,,,,,,,,,,,,,,,
1127,100244068,spoke,74,μύθοισι,,,,,,,,,,,,,,,,,,,,,,,,,,,,,,,,,,,,,,
1128,100244069,spoke,74,προσηύδα,,,,,,,,,,,,,,,,,,,,,,,,,,,,,,,,,,,,,,
1129,100244070,mother,74,μητέρα,,,,,,,,,,,,,,,,,,,,,,,,,,,,,,,,,,,,,,
1130,100244071,holy,74,κεδνήν,,,,,,,,,,,,,,,,,,,,,,,,,,,,,,,,,,,,,,
1131,100244073,Mother,75,μῆτερ,,,,,,,,,,,,,,,,,,,,,,,,,,,,,,,,,,,,,,
1132,100244075,I,75,ἐγώ,,,,,,,,,,,,,,,,,,,,,,,,,,,,,,,,,,,,,,
1133,100244076,could,75,κεν,,,,,,,,,,,,,,,,,,,,,,,,,,,,,,,,,,,,,,
1134,100244077,this,75,τοῦτό,,,,,,,,,,,,,,,,,,,,,,,,,,,,,,,,,,,,,,
1135,100244078,very,75,γ’,,,,,,,,,,,,,,,,,,,,,,,,,,,,,,,,,,,,,,
1136,100244079,promising,75,ὑποσχόμενος,,,,,,,,,,,,,,,,,,,,,,,,,,,,,,,,,,,,,,
1137,100244080,accomplish,75,τελέσαιμι,,,,,,,,,,,,,,,,,,,,,,,,,,,,,,,,,,,,,,
1138,100244081,deed,75,ἔργον,,,,,,,,,,,,,,,,,,,,,,,,,,,,,,,,,,,,,,
1139,100244083,since,75,ἐπεὶ,,,,,,,,,,,,,,,,,,,,,,,,,,,,,,,,,,,,,,
1140,100244084,father,75,πατρός,,,,,,,,,,,,,,,,,,,,,,,,,,,,,,,,,,,,,,
1141,100244086,ill-famed,75,δυσωνύμου,,,,,,,,,,,,,,,,,,,,,,,,,,,,,,,,,,,,,,
1142,100244087,do not,75,οὐκ,,,,,,,,,,,,,,,,,,,,,,,,,,,,,,,,,,,,,,
1143,100244088,pay heed,75,ἀλεγίζω,,,,,,,,,,,,,,,,,,,,,,,,,,,,,,,,,,,,,,
1144,100244089,our,75,ἡμετέρου,,,,,,,,,,,,,,,,,,,,,,,,,,,,,,,,,,,,,,
1145,100244092,For,76,γὰρ,,,,,,,,,,,,,,,,,,,,,,,,,,,,,,,,,,,,,,
1146,100244091,earlier,76,πρότερος,,,,,,,,,,,,,,,,,,,,,,,,,,,,,,,,,,,,,,
1147,100244094,devised,76,μήσατο,,,,,,,,,,,,,,,,,,,,,,,,,,,,,,,,,,,,,,
1148,100244093,base,76,ἀεικέα,,,,,,,,,,,,,,,,,,,,,,,,,,,,,,,,,,,,,,
1149,100244095,deeds,76,ἔργα,,,,,,,,,,,,,,,,,,,,,,,,,,,,,,,,,,,,,,
1150,100244097,Thus,77,ὣς,,,,,,,,,,,,,,,,,,,,,,,,,,,,,,,,,,,,,,
1151,100244098,spoke,77,φάτο,,,,,,,,,,,,,,,,,,,,,,,,,,,,,,,,,,,,,,
1152,100244103,heart,78,φρεσὶ,,,,,,,,,,,,,,,,,,,,,,,,,,,,,,,,,,,,,,
1153,100244102,greatly,78,μέγα,,,,,,,,,,,,,,,,,,,,,,,,,,,,,,,,,,,,,,
1154,100244101,And,78,δὲ,,,,,,,,,,,,,,,,,,,,,,,,,,,,,,,,,,,,,,
1155,100244104,Gaia,78,Γαῖα,,,,,,,,,,,,,,,,,,,,,,,,,,,,,,,,,,,,,,
1156,100244105,monstrous,78,πελώρη,,,,,,,,,,,,,,,,,,,,,,,,,,,,,,,,,,,,,,
1157,100244104,Earth,78,Γαῖα,,,,,,,,,,,,,,,,,,,,,,,,,,,,,,,,,,,,,,
1158,100244100,rejoiced,78,γήθησεν,,,,,,,,,,,,,,,,,,,,,,,,,,,,,,,,,,,,,,
1159,100244103,her,78,φρεσὶ,,,,,,,,,,,,,,,,,,,,,,,,,,,,,,,,,,,,,,
1160,100244107,hid,79,εἷσε,,,,,,,,,,,,,,,,,,,,,,,,,,,,,,,,,,,,,,
1161,100244108,hid,79,δέ,,,,,,,,,,,,,,,,,,,,,,,,,,,,,,,,,,,,,,
1162,100244109,him,79,μιν,,,,,,,,,,,,,,,,,,,,,,,,,,,,,,,,,,,,,,
1163,100244110,hid,79,κρύψασα,,,,,,,,,,,,,,,,,,,,,,,,,,,,,,,,,,,,,,
1164,100244111,ambush,79,λόχῳ,,,,,,,,,,,,,,,,,,,,,,,,,,,,,,,,,,,,,,
1165,100244113,placed,80,ἐνέθηκε,,,,,,,,,,,,,,,,,,,,,,,,,,,,,,,,,,,,,,
1166,100244114,And,80,δὲ,,,,,,,,,,,,,,,,,,,,,,,,,,,,,,,,,,,,,,
1167,100244115,hands,80,χερσὶν,,,,,,,,,,,,,,,,,,,,,,,,,,,,,,,,,,,,,,
1168,100244116,sickle,80,ἅρπην,,,,,,,,,,,,,,,,,,,,,,,,,,,,,,,,,,,,,,
1169,100244117,sharp-toothed,80,καρχαρόδοντα,,,,,,,,,,,,,,,,,,,,,,,,,,,,,,,,,,,,,,
1170,100244119,trick,81,δόλον,,,,,,,,,,,,,,,,,,,,,,,,,,,,,,,,,,,,,,
1171,100244120,laid,81,δ’,,,,,,,,,,,,,,,,,,,,,,,,,,,,,,,,,,,,,,
1172,100244121,He,81,ὑπεθήκατο,,,,,,,,,,,,,,,,,,,,,,,,,,,,,,,,,,,,,,
1173,100244122,all,81,πάντα,,,,,,,,,,,,,,,,,,,,,,,,,,,,,,,,,,,,,,
1174,100244124,came,82,ἦλθε,,,,,,,,,,,,,,,,,,,,,,,,,,,,,,,,,,,,,,
1175,100244125,And,82,δὲ,,,,,,,,,,,,,,,,,,,,,,,,,,,,,,,,,,,,,,
1176,100244128,great,82,μέγας,,,,,,,,,,,,,,,,,,,,,,,,,,,,,,,,,,,,,,
1177,100244129,Uranus,82,Οὐρανός,,,,,,,,,,,,,,,,,,,,,,,,,,,,,,,,,,,,,,
1178,100244127,bringing,82,ἐπάγων,,,,,,,,,,,,,,,,,,,,,,,,,,,,,,,,,,,,,,
1179,100244126,night,82,νύκτ’,,,,,,,,,,,,,,,,,,,,,,,,,,,,,,,,,,,,,,
1180,100244132,and,82,δὲ,,,,,,,,,,,,,,,,,,,,,,,,,,,,,,,,,,,,,,
1181,100244131,around,82,ἀμφὶ,,,,,,,,,,,,,,,,,,,,,,,,,,,,,,,,,,,,,,
1182,100244133,Gaia,82,Γαίῃ,,,,,,,,,,,,,,,,,,,,,,,,,,,,,,,,,,,,,,
1183,100244134,longing,82,ἱμείρων,,,,,,,,,,,,,,,,,,,,,,,,,,,,,,,,,,,,,,
1184,100244135,desire,82,φιλότητος,,,,,,,,,,,,,,,,,,,,,,,,,,,,,,,,,,,,,,
1185,100244136,held fast,82,ἐπέσχετο,,,,,,,,,,,,,,,,,,,,,,,,,,,,,,,,,,,,,,
1186,100244137,and,82,καί,,,,,,,,,,,,,,,,,,,,,,,,,,,,,,,,,,,,,,
1187,100244138,then,82,ῥ’,,,,,,,,,,,,,,,,,,,,,,,,,,,,,,,,,,,,,,
1188,100244139,stretched out,82,ἐτανύσθη,,,,,,,,,,,,,,,,,,,,,,,,,,,,,,,,,,,,,,
1189,100244140,everywhere,82,πάντη,,,,,,,,,,,,,,,,,,,,,,,,,,,,,,,,,,,,,,
1190,100244173,These,84,τὰ,,,,,,,,,,,,,,,,,,,,,,,,,,,,,,,,,,,,,,
1191,100244174,to be sure,84,μὲν,,,,,,,,,,,,,,,,,,,,,,,,,,,,,,,,,,,,,,
1192,100244175,not,84,οὔ,,,,,,,,,,,,,,,,,,,,,,,,,,,,,,,,,,,,,,
1193,100244176,at all,84,τι,,,,,,,,,,,,,,,,,,,,,,,,,,,,,,,,,,,,,,
1194,100244177,escape,84,ἐτώσια,,,,,,,,,,,,,,,,,,,,,,,,,,,,,,,,,,,,,,
1195,100244178,escape,84,ἔκφυγε,,,,,,,,,,,,,,,,,,,,,,,,,,,,,,,,,,,,,,
1196,100244179,hand,84,χειρός,,,,,,,,,,,,,,,,,,,,,,,,,,,,,,,,,,,,,,
1197,100244182,For,85,γὰρ,,,,,,,,,,,,,,,,,,,,,,,,,,,,,,,,,,,,,,
1198,100244187,all,85,πάσας,,,,,,,,,,,,,,,,,,,,,,,,,,,,,,,,,,,,,,
1199,100244181,those,85,ὅσσαι,,,,,,,,,,,,,,,,,,,,,,,,,,,,,,,,,,,,,,
1200,100244185,blood-red,85,αἱματόεσσαι,,,,,,,,,,,,,,,,,,,,,,,,,,,,,,,,,,,,,,
1201,100244183,splinters,85,ῥαθάμιγγες,,,,,,,,,,,,,,,,,,,,,,,,,,,,,,,,,,,,,,
1202,100244184,scattered,85,ἀπέσσυθεν,,,,,,,,,,,,,,,,,,,,,,,,,,,,,,,,,,,,,,
1203,100244188,received,85,δέξατο,,,,,,,,,,,,,,,,,,,,,,,,,,,,,,,,,,,,,,
1204,100244189,Earth,85,Γαῖα,,,,,,,,,,,,,,,,,,,,,,,,,,,,,,,,,,,,,,
1205,100244187,all,85,πάσας,,,,,,,,,,,,,,,,,,,,,,,,,,,,,,,,,,,,,,
1206,100244191,went,86,περιπλομένων,,,,,,,,,,,,,,,,,,,,,,,,,,,,,,,,,,,,,,
1207,100244192,And,86,δ’,,,,,,,,,,,,,,,,,,,,,,,,,,,,,,,,,,,,,,
1208,100244193,years,86,ἐνιαυτῶν,,,,,,,,,,,,,,,,,,,,,,,,,,,,,,,,,,,,,,
1209,100244193,round,86,ἐνιαυτῶν,,,,,,,,,,,,,,,,,,,,,,,,,,,,,,,,,,,,,,
1210,100244194,bore,86,γείνατ’,,,,,,,,,,,,,,,,,,,,,,,,,,,,,,,,,,,,,,
1211,100244195,Erinyes,86,Ἐρινῦς,,,,,,,,,,,,,,,,,,,,,,,,,,,,,,,,,,,,,,
1212,100244196,and,86,τε,,,,,,,,,,,,,,,,,,,,,,,,,,,,,,,,,,,,,,
1213,100244197,fierce,86,κρατερὰς,,,,,,,,,,,,,,,,,,,,,,,,,,,,,,,,,,,,,,
1214,100244198,great,86,μεγάλους,,,,,,,,,,,,,,,,,,,,,,,,,,,,,,,,,,,,,,
1215,100244199,Giants,86,τε,,,,,,,,,,,,,,,,,,,,,,,,,,,,,,,,,,,,,,
1216,100244202,in,86,τεύχεσι,,,,,,,,,,,,,,,,,,,,,,,,,,,,,,,,,,,,,,
1217,100244203,gleaming,86,λαμπομένους,,,,,,,,,,,,,,,,,,,,,,,,,,,,,,,,,,,,,,
1218,100244203,their,86,λαμπομένους,,,,,,,,,,,,,,,,,,,,,,,,,,,,,,,,,,,,,,
1219,100244202,armor,86,τεύχεσι,,,,,,,,,,,,,,,,,,,,,,,,,,,,,,,,,,,,,,
1220,100244205,long,86,δολίχ’,,,,,,,,,,,,,,,,,,,,,,,,,,,,,,,,,,,,,,
1221,100244206,spears,86,ἔγχεα,,,,,,,,,,,,,,,,,,,,,,,,,,,,,,,,,,,,,,
1222,100244207,in,86,χερσὶν,,,,,,,,,,,,,,,,,,,,,,,,,,,,,,,,,,,,,,
1223,100244208,holding,86,ἔχοντας,,,,,,,,,,,,,,,,,,,,,,,,,,,,,,,,,,,,,,
1224,100244207,their,86,χερσὶν,,,,,,,,,,,,,,,,,,,,,,,,,,,,,,,,,,,,,,
1225,100244208,hands,86,ἔχοντας,,,,,,,,,,,,,,,,,,,,,,,,,,,,,,,,,,,,,,
1226,100244210,Nymphs,86,Νύμφας,,,,,,,,,,,,,,,,,,,,,,,,,,,,,,,,,,,,,,
1227,100244211,and,86,θ’,,,,,,,,,,,,,,,,,,,,,,,,,,,,,,,,,,,,,,
1228,100244212,whom,86,ἃς,,,,,,,,,,,,,,,,,,,,,,,,,,,,,,,,,,,,,,
1229,100244213,men,86,Μελίας,,,,,,,,,,,,,,,,,,,,,,,,,,,,,,,,,,,,,,
1230,100244214,call,86,καλέουσ’,,,,,,,,,,,,,,,,,,,,,,,,,,,,,,,,,,,,,,
1231,100244213,Meliai,86,Μελίας,,,,,,,,,,,,,,,,,,,,,,,,,,,,,,,,,,,,,,
1232,100244215,upon,86,ἐπ’,,,,,,,,,,,,,,,,,,,,,,,,,,,,,,,,,,,,,,
1233,100244216,boundless,86,ἀπείρονα,,,,,,,,,,,,,,,,,,,,,,,,,,,,,,,,,,,,,,
1234,100244217,earth,86,γαῖαν,,,,,,,,,,,,,,,,,,,,,,,,,,,,,,,,,,,,,,
1235,100244224,Cutting,87,ἀποτμήξας,,,,,,,,,,,,,,,,,,,,,,,,,,,,,,,,,,,,,,
1236,100244219,counsels,87,μήδεα,,,,,,,,,,,,,,,,,,,,,,,,,,,,,,,,,,,,,,
1237,100244225,adamantine,87,ἀδάμαντι,,,,,,,,,,,,,,,,,,,,,,,,,,,,,,,,,,,,,,
1238,100244226,cast,87,κάββαλ’,,,,,,,,,,,,,,,,,,,,,,,,,,,,,,,,,,,,,,
1239,100244227,from,87,ἀπ’,,,,,,,,,,,,,,,,,,,,,,,,,,,,,,,,,,,,,,
1240,100244228,mainland,87,ἠπείροιο,,,,,,,,,,,,,,,,,,,,,,,,,,,,,,,,,,,,,,
1241,100244230,into,87,ἐνὶ,,,,,,,,,,,,,,,,,,,,,,,,,,,,,,,,,,,,,,
1242,100244231,sea,87,πόντῳ,,,,,,,,,,,,,,,,,,,,,,,,,,,,,,,,,,,,,,
1243,100244229,much-revered,87,πολυκλύστῳ,,,,,,,,,,,,,,,,,,,,,,,,,,,,,,,,,,,,,,
1244,100244234,borne,87,φέρετ’,,,,,,,,,,,,,,,,,,,,,,,,,,,,,,,,,,,,,,
1245,100244236,sea,87,πέλαγος,,,,,,,,,,,,,,,,,,,,,,,,,,,,,,,,,,,,,,
1246,100244237,vast,87,πουλὺν,,,,,,,,,,,,,,,,,,,,,,,,,,,,,,,,,,,,,,
1247,100244238,long,87,χρόνον,,,,,,,,,,,,,,,,,,,,,,,,,,,,,,,,,,,,,,
1248,100244240,around,87,ἀμφὶ,,,,,,,,,,,,,,,,,,,,,,,,,,,,,,,,,,,,,,
1249,100244242,white,87,λευκὸς,,,,,,,,,,,,,,,,,,,,,,,,,,,,,,,,,,,,,,
1250,100244243,foam,87,ἀφρὸς,,,,,,,,,,,,,,,,,,,,,,,,,,,,,,,,,,,,,,
1251,100244244,from,87,ἀπ’,,,,,,,,,,,,,,,,,,,,,,,,,,,,,,,,,,,,,,
1252,100244245,immortal,87,ἀθανάτου,,,,,,,,,,,,,,,,,,,,,,,,,,,,,,,,,,,,,,
1253,100244246,flesh,87,χροὸς,,,,,,,,,,,,,,,,,,,,,,,,,,,,,,,,,,,,,,
1254,100244247,arose,87,ὤρνυτο,,,,,,,,,,,,,,,,,,,,,,,,,,,,,,,,,,,,,,
1255,100244249,with,88,τῷ,,,,,,,,,,,,,,,,,,,,,,,,,,,,,,,,,,,,,,
1256,100244250,And,88,δ’,,,,,,,,,,,,,,,,,,,,,,,,,,,,,,,,,,,,,,
1257,100244251,with,88,ἔνι,,,,,,,,,,,,,,,,,,,,,,,,,,,,,,,,,,,,,,
1258,100244252,maiden,88,κούρη,,,,,,,,,,,,,,,,,,,,,,,,,,,,,,,,,,,,,,
1259,100244253,was reared,88,ἐθρέφθη,,,,,,,,,,,,,,,,,,,,,,,,,,,,,,,,,,,,,,
1260,100244255,First,89,πρῶτον,,,,,,,,,,,,,,,,,,,,,,,,,,,,,,,,,,,,,,
1261,100244256,and,89,δὲ,,,,,,,,,,,,,,,,,,,,,,,,,,,,,,,,,,,,,,
1262,100244257,Cythera,89,Κυθήροισιν,,,,,,,,,,,,,,,,,,,,,,,,,,,,,,,,,,,,,,
1263,100244258,divine,89,ζαθέοισιν,,,,,,,,,,,,,,,,,,,,,,,,,,,,,,,,,,,,,,
1264,100244259,struck,89,ἔπλητ’,,,,,,,,,,,,,,,,,,,,,,,,,,,,,,,,,,,,,,
1265,100244261,from,89,ἔνθεν,,,,,,,,,,,,,,,,,,,,,,,,,,,,,,,,,,,,,,
1266,100244262,afterwards,89,ἔπειτα,,,,,,,,,,,,,,,,,,,,,,,,,,,,,,,,,,,,,,
1267,100244263,well-watered,89,περίρρυτον,,,,,,,,,,,,,,,,,,,,,,,,,,,,,,,,,,,,,,
1268,100244264,reached,89,ἵκετο,,,,,,,,,,,,,,,,,,,,,,,,,,,,,,,,,,,,,,
1269,100244265,Cyprus,89,Κύπρον,,,,,,,,,,,,,,,,,,,,,,,,,,,,,,,,,,,,,,
1270,100244267,from,90,ἐκ,,,,,,,,,,,,,,,,,,,,,,,,,,,,,,,,,,,,,,
1271,100244268,And,90,δ’,,,,,,,,,,,,,,,,,,,,,,,,,,,,,,,,,,,,,,
1272,100244269,came,90,ἔβη,,,,,,,,,,,,,,,,,,,,,,,,,,,,,,,,,,,,,,
1273,100244270,venerable,90,αἰδοίη,,,,,,,,,,,,,,,,,,,,,,,,,,,,,,,,,,,,,,
1274,100244271,goddess,90,καλὴ,,,,,,,,,,,,,,,,,,,,,,,,,,,,,,,,,,,,,,
1275,100244272,goddess,90,θεός,,,,,,,,,,,,,,,,,,,,,,,,,,,,,,,,,,,,,,
1276,100244274,around,90,ἀμφὶ,,,,,,,,,,,,,,,,,,,,,,,,,,,,,,,,,,,,,,
1277,100244275,her,90,δὲ,,,,,,,,,,,,,,,,,,,,,,,,,,,,,,,,,,,,,,
1278,100244276,feet,90,ποίη,,,,,,,,,,,,,,,,,,,,,,,,,,,,,,,,,,,,,,
1279,100244277,feet,90,ποσσὶν,,,,,,,,,,,,,,,,,,,,,,,,,,,,,,,,,,,,,,
1280,100244278,beneath,90,ὕπο,,,,,,,,,,,,,,,,,,,,,,,,,,,,,,,,,,,,,,
1281,100244279,nimble,90,ῥαδινοῖσιν,,,,,,,,,,,,,,,,,,,,,,,,,,,,,,,,,,,,,,
1282,100244280,soles,90,ἀέξετο,,,,,,,,,,,,,,,,,,,,,,,,,,,,,,,,,,,,,,
1283,100244280,grass,90,ἀέξετο,,,,,,,,,,,,,,,,,,,,,,,,,,,,,,,,,,,,,,
1284,100244280,grew,90,ἀέξετο,,,,,,,,,,,,,,,,,,,,,,,,,,,,,,,,,,,,,,
1285,100244282,her,91,τὴν,,,,,,,,,,,,,,,,,,,,,,,,,,,,,,,,,,,,,,
1286,100244283,and,91,δ’,,,,,,,,,,,,,,,,,,,,,,,,,,,,,,,,,,,,,,
1287,100244284,Aphrodite,91,Ἀφροδίτην,,,,,,,,,,,,,,,,,,,,,,,,,,,,,,,,,,,,,,
1288,100244285,born,91,ἀφρογενέα,,,,,,,,,,,,,,,,,,,,,,,,,,,,,,,,,,,,,,
1289,100244286,and,91,τε,,,,,,,,,,,,,,,,,,,,,,,,,,,,,,,,,,,,,,
1290,100244287,goddess,91,θεὰν,,,,,,,,,,,,,,,,,,,,,,,,,,,,,,,,,,,,,,
1291,100244288,and,91,καὶ,,,,,,,,,,,,,,,,,,,,,,,,,,,,,,,,,,,,,,
1292,100244289,fair-crowned,91,ἐυστέφανον,,,,,,,,,,,,,,,,,,,,,,,,,,,,,,,,,,,,,,
1293,100244290,Cytherean,91,Κυθέρειαν,,,,,,,,,,,,,,,,,,,,,,,,,,,,,,,,,,,,,,
1294,100244291,call,91,κικλῄσκουσι,,,,,,,,,,,,,,,,,,,,,,,,,,,,,,,,,,,,,,
1295,100244292,gods,91,θεοί,,,,,,,,,,,,,,,,,,,,,,,,,,,,,,,,,,,,,,
1296,100244293,both,91,τε,,,,,,,,,,,,,,,,,,,,,,,,,,,,,,,,,,,,,,
1297,100244294,and,91,καὶ,,,,,,,,,,,,,,,,,,,,,,,,,,,,,,,,,,,,,,
1298,100244295,men,91,ἀνέρες,,,,,,,,,,,,,,,,,,,,,,,,,,,,,,,,,,,,,,
1299,100244297,because,91,οὕνεκ’,,,,,,,,,,,,,,,,,,,,,,,,,,,,,,,,,,,,,,
1300,100244298,in,91,ἐν,,,,,,,,,,,,,,,,,,,,,,,,,,,,,,,,,,,,,,
1301,100244299,foam,91,ἀφρῷ,,,,,,,,,,,,,,,,,,,,,,,,,,,,,,,,,,,,,,
1302,100244300,nurtured,91,θρέφθη,,,,,,,,,,,,,,,,,,,,,,,,,,,,,,,,,,,,,,
1303,100244302,But,92,ἀτὰρ,,,,,,,,,,,,,,,,,,,,,,,,,,,,,,,,,,,,,,
1304,100244303,Cytherean,92,Κυθέρειαν,,,,,,,,,,,,,,,,,,,,,,,,,,,,,,,,,,,,,,
1305,100244305,since,92,ὅτι,,,,,,,,,,,,,,,,,,,,,,,,,,,,,,,,,,,,,,
1306,100244306,made landfall,92,προσέκυρσε,,,,,,,,,,,,,,,,,,,,,,,,,,,,,,,,,,,,,,
1307,100244307,Cythera,92,Κυθήροις,,,,,,,,,,,,,,,,,,,,,,,,,,,,,,,,,,,,,,
1308,100244318,And,94,ἠδὲ,,,,,,,,,,,,,,,,,,,,,,,,,,,,,,,,,,,,,,
1309,100244319,loved,94,φιλομμηδέα,,,,,,,,,,,,,,,,,,,,,,,,,,,,,,,,,,,,,,
1310,100244321,because,94,ὅτι,,,,,,,,,,,,,,,,,,,,,,,,,,,,,,,,,,,,,,
1311,100244322,plans,94,μηδέων,,,,,,,,,,,,,,,,,,,,,,,,,,,,,,,,,,,,,,
1312,100244323,were revealed,94,ἐξεφαάνθη,,,,,,,,,,,,,,,,,,,,,,,,,,,,,,,,,,,,,,
1313,100244325,her,95,τῇ,,,,,,,,,,,,,,,,,,,,,,,,,,,,,,,,,,,,,,
1314,100244326,But,95,δ’,,,,,,,,,,,,,,,,,,,,,,,,,,,,,,,,,,,,,,
1315,100244327,Eros,95,Ἔρος,,,,,,,,,,,,,,,,,,,,,,,,,,,,,,,,,,,,,,
1316,100244328,bound,95,ὡμάρτησε,,,,,,,,,,,,,,,,,,,,,,,,,,,,,,,,,,,,,,
1317,100244329,and,95,καὶ,,,,,,,,,,,,,,,,,,,,,,,,,,,,,,,,,,,,,,
1318,100244330,Desire,95,Ἵμερος,,,,,,,,,,,,,,,,,,,,,,,,,,,,,,,,,,,,,,
1319,100244331,followed,95,ἕσπετο,,,,,,,,,,,,,,,,,,,,,,,,,,,,,,,,,,,,,,
1320,100244332,beautiful,95,καλὸς,,,,,,,,,,,,,,,,,,,,,,,,,,,,,,,,,,,,,,
1321,100244333,as she was,95,γεινομένῃ,,,,,,,,,,,,,,,,,,,,,,,,,,,,,,,,,,,,,,
1322,100244334,first,95,τὰ,,,,,,,,,,,,,,,,,,,,,,,,,,,,,,,,,,,,,,
1323,100244335,to,95,πρῶτα,,,,,,,,,,,,,,,,,,,,,,,,,,,,,,,,,,,,,,
1324,100244336,race,95,θεῶν,,,,,,,,,,,,,,,,,,,,,,,,,,,,,,,,,,,,,,
1325,100244337,of,95,τ’,,,,,,,,,,,,,,,,,,,,,,,,,,,,,,,,,,,,,,
1326,100244338,the,95,ἐς,,,,,,,,,,,,,,,,,,,,,,,,,,,,,,,,,,,,,,
1327,100244339,gods,95,φῦλον,,,,,,,,,,,,,,,,,,,,,,,,,,,,,,,,,,,,,,
1328,100244340,going,95,ἰούσῃ,,,,,,,,,,,,,,,,,,,,,,,,,,,,,,,,,,,,,,
1329,100244342,This,96,ταύτην,,,,,,,,,,,,,,,,,,,,,,,,,,,,,,,,,,,,,,
1330,100244346,honor,96,τιμὴν,,,,,,,,,,,,,,,,,,,,,,,,,,,,,,,,,,,,,,
1331,100244347,holds,96,ἔχει,,,,,,,,,,,,,,,,,,,,,,,,,,,,,,,,,,,,,,
1332,100244344,from,96,ἐξ,,,,,,,,,,,,,,,,,,,,,,,,,,,,,,,,,,,,,,
1333,100244345,the,96,ἀρχῆς,,,,,,,,,,,,,,,,,,,,,,,,,,,,,,,,,,,,,,
1334,100244348,and,96,ἠδὲ,,,,,,,,,,,,,,,,,,,,,,,,,,,,,,,,,,,,,,
1335,100244349,received,96,λέλογχε,,,,,,,,,,,,,,,,,,,,,,,,,,,,,,,,,,,,,,
1336,100244350,her,96,μοῖραν,,,,,,,,,,,,,,,,,,,,,,,,,,,,,,,,,,,,,,
1337,100244351,among,96,ἐν,,,,,,,,,,,,,,,,,,,,,,,,,,,,,,,,,,,,,,
1338,100244352,men,96,ἀνθρώποισι,,,,,,,,,,,,,,,,,,,,,,,,,,,,,,,,,,,,,,
1339,100244353,and,96,καὶ,,,,,,,,,,,,,,,,,,,,,,,,,,,,,,,,,,,,,,
1340,100244354,immortal,96,ἀθανάτοισι,,,,,,,,,,,,,,,,,,,,,,,,,,,,,,,,,,,,,,
1341,100244355,gods,96,θεοῖσι,,,,,,,,,,,,,,,,,,,,,,,,,,,,,,,,,,,,,,
1342,100244357,maidenly,96,παρθενίους,,,,,,,,,,,,,,,,,,,,,,,,,,,,,,,,,,,,,,
1343,100244359,glances,96,ὀάρους,,,,,,,,,,,,,,,,,,,,,,,,,,,,,,,,,,,,,,
1344,100244360,smiles,96,μειδήματά,,,,,,,,,,,,,,,,,,,,,,,,,,,,,,,,,,,,,,
1345,100244362,deceptions,96,ἐξαπάτας,,,,,,,,,,,,,,,,,,,,,,,,,,,,,,,,,,,,,,
1346,100244364,and,96,τέρψιν,,,,,,,,,,,,,,,,,,,,,,,,,,,,,,,,,,,,,,
1347,100244366,sweet,96,γλυκερὴν,,,,,,,,,,,,,,,,,,,,,,,,,,,,,,,,,,,,,,
1348,100244364,delight,96,τέρψιν,,,,,,,,,,,,,,,,,,,,,,,,,,,,,,,,,,,,,,
1349,100244368,and,96,τε,,,,,,,,,,,,,,,,,,,,,,,,,,,,,,,,,,,,,,
1350,100244367,affection,96,φιλότητά,,,,,,,,,,,,,,,,,,,,,,,,,,,,,,,,,,,,,,
1351,100244370,and,96,τε,,,,,,,,,,,,,,,,,,,,,,,,,,,,,,,,,,,,,,
1352,100244369,gentle,96,μειλιχίην,,,,,,,,,,,,,,,,,,,,,,,,,,,,,,,,,,,,,,
1353,100244367,persuasion,96,φιλότητά,,,,,,,,,,,,,,,,,,,,,,,,,,,,,,,,,,,,,,
1354,100244373,But,97,δὲ,,,,,,,,,,,,,,,,,,,,,,,,,,,,,,,,,,,,,,
1355,100244374,father,97,πατὴρ,,,,,,,,,,,,,,,,,,,,,,,,,,,,,,,,,,,,,,
1356,100244380,great,97,μέγας,,,,,,,,,,,,,,,,,,,,,,,,,,,,,,,,,,,,,,
1357,100244381,Uranus,97,Οὐρανός,,,,,,,,,,,,,,,,,,,,,,,,,,,,,,,,,,,,,,
1358,100244377,used to call,97,καλέεσκε,,,,,,,,,,,,,,,,,,,,,,,,,,,,,,,,,,,,,,
1359,100244372,them,97,τοὺς,,,,,,,,,,,,,,,,,,,,,,,,,,,,,,,,,,,,,,
1360,100244375,Titans,97,Τιτῆνας,,,,,,,,,,,,,,,,,,,,,,,,,,,,,,,,,,,,,,
1361,100244376,by name,97,ἐπίκλησιν,,,,,,,,,,,,,,,,,,,,,,,,,,,,,,,,,,,,,,
1362,100244378,children,97,παῖδας,,,,,,,,,,,,,,,,,,,,,,,,,,,,,,,,,,,,,,
1363,100244383,whom,97,οὓς,,,,,,,,,,,,,,,,,,,,,,,,,,,,,,,,,,,,,,
1364,100244385,himself,97,αὐτός,,,,,,,,,,,,,,,,,,,,,,,,,,,,,,,,,,,,,,
1365,100244384,had begotten,97,τέκεν,,,,,,,,,,,,,,,,,,,,,,,,,,,,,,,,,,,,,,
1366,100244387,said,98,φάσκε,,,,,,,,,,,,,,,,,,,,,,,,,,,,,,,,,,,,,,
1367,100244388,but,98,δὲ,,,,,,,,,,,,,,,,,,,,,,,,,,,,,,,,,,,,,,
1368,100244389,acting,98,τιταίνοντας,,,,,,,,,,,,,,,,,,,,,,,,,,,,,,,,,,,,,,
1369,100244390,presumption,98,ἀτασθαλίῃ,,,,,,,,,,,,,,,,,,,,,,,,,,,,,,,,,,,,,,
1370,100244391,great,98,μέγα,,,,,,,,,,,,,,,,,,,,,,,,,,,,,,,,,,,,,,
1371,100244392,perform,98,ῥέξαι,,,,,,,,,,,,,,,,,,,,,,,,,,,,,,,,,,,,,,
1372,100244393,deed,98,ἔργον,,,,,,,,,,,,,,,,,,,,,,,,,,,,,,,,,,,,,,
1373,100244395,such,98,τοῖο,,,,,,,,,,,,,,,,,,,,,,,,,,,,,,,,,,,,,,
1374,100244396,that,98,δ’,,,,,,,,,,,,,,,,,,,,,,,,,,,,,,,,,,,,,,
1375,100244397,after,98,ἔπειτα,,,,,,,,,,,,,,,,,,,,,,,,,,,,,,,,,,,,,,
1376,100244398,vengeance,98,τίσιν,,,,,,,,,,,,,,,,,,,,,,,,,,,,,,,,,,,,,,
1377,100244399,from behind,98,μετόπισθεν,,,,,,,,,,,,,,,,,,,,,,,,,,,,,,,,,,,,,,
1378,100244400,come,98,ἔσεσθαι,,,,,,,,,,,,,,,,,,,,,,,,,,,,,,,,,,,,,,
1379,100244402,Night,99,νὺξ,,,,,,,,,,,,,,,,,,,,,,,,,,,,,,,,,,,,,,
1380,100244403,And,99,δ’,,,,,,,,,,,,,,,,,,,,,,,,,,,,,,,,,,,,,,
1381,100244404,bore,99,ἔτεκεν,,,,,,,,,,,,,,,,,,,,,,,,,,,,,,,,,,,,,,
1382,100244405,hateful,99,στυγερόν,,,,,,,,,,,,,,,,,,,,,,,,,,,,,,,,,,,,,,
1383,100244406,and,99,τε,,,,,,,,,,,,,,,,,,,,,,,,,,,,,,,,,,,,,,
1384,100244407,Moros,99,Μόρον,,,,,,,,,,,,,,,,,,,,,,,,,,,,,,,,,,,,,,
1385,100244408,and,99,καὶ,,,,,,,,,,,,,,,,,,,,,,,,,,,,,,,,,,,,,,
1386,100244409,Kēr,99,Κῆρα,,,,,,,,,,,,,,,,,,,,,,,,,,,,,,,,,,,,,,
1387,100244410,black,99,μέλαιναν,,,,,,,,,,,,,,,,,,,,,,,,,,,,,,,,,,,,,,
1388,100244411,and,99,καὶ,,,,,,,,,,,,,,,,,,,,,,,,,,,,,,,,,,,,,,
1389,100244412,Thanatos,99,Θάνατον,,,,,,,,,,,,,,,,,,,,,,,,,,,,,,,,,,,,,,
1390,100244414,she bore,99,τέκε,,,,,,,,,,,,,,,,,,,,,,,,,,,,,,,,,,,,,,
1391,100244415,and,99,δ’,,,,,,,,,,,,,,,,,,,,,,,,,,,,,,,,,,,,,,
1392,100244416,Hypnos,99,Ὕπνον,,,,,,,,,,,,,,,,,,,,,,,,,,,,,,,,,,,,,,
1393,100244418,she brought forth,99,ἔτικτε,,,,,,,,,,,,,,,,,,,,,,,,,,,,,,,,,,,,,,
1394,100244419,and,99,δὲ,,,,,,,,,,,,,,,,,,,,,,,,,,,,,,,,,,,,,,
1395,100244420,the race,99,φῦλον,,,,,,,,,,,,,,,,,,,,,,,,,,,,,,,,,,,,,,
1396,100244421,of Oneiroi,99,Ὀνείρων,,,,,,,,,,,,,,,,,,,,,,,,,,,,,,,,,,,,,,
1397,100244423,Secondly,100,δεύτερον,,,,,,,,,,,,,,,,,,,,,,,,,,,,,,,,,,,,,,
1398,100244424,and,100,αὖ,,,,,,,,,,,,,,,,,,,,,,,,,,,,,,,,,,,,,,
1399,100244425,Moimos,100,Μῶμον,,,,,,,,,,,,,,,,,,,,,,,,,,,,,,,,,,,,,,
1400,100244426,and,100,καὶ,,,,,,,,,,,,,,,,,,,,,,,,,,,,,,,,,,,,,,
1401,100244427,painful,100,Ὀιζὺν,,,,,,,,,,,,,,,,,,,,,,,,,,,,,,,,,,,,,,
1402,100244428,Oizys,100,ἀλγινόεσσαν,,,,,,,,,,,,,,,,,,,,,,,,,,,,,,,,,,,,,,
1403,100244429,no,100,οὔ,,,,,,,,,,,,,,,,,,,,,,,,,,,,,,,,,,,,,,
1404,100244430,one,100,τινι,,,,,,,,,,,,,,,,,,,,,,,,,,,,,,,,,,,,,,
1405,100244431,after lying,100,κοιμηθεῖσα,,,,,,,,,,,,,,,,,,,,,,,,,,,,,,,,,,,,,,
1406,100244434,Night,100,Νὺξ,,,,,,,,,,,,,,,,,,,,,,,,,,,,,,,,,,,,,,
1407,100244435,dark,100,ἐρεβεννή,,,,,,,,,,,,,,,,,,,,,,,,,,,,,,,,,,,,,,
1408,100244432,goddess,100,θεὰ,,,,,,,,,,,,,,,,,,,,,,,,,,,,,,,,,,,,,,
1409,100244433,bore,100,τέκε,,,,,,,,,,,,,,,,,,,,,,,,,,,,,,,,,,,,,,
1410,100244437,the Hesperides,100,Ἑσπερίδας,,,,,,,,,,,,,,,,,,,,,,,,,,,,,,,,,,,,,,
1411,100244440,whose,100,ᾗς,,,,,,,,,,,,,,,,,,,,,,,,,,,,,,,,,,,,,,
1412,100244445,golden,100,χρύσεα,,,,,,,,,,,,,,,,,,,,,,,,,,,,,,,,,,,,,,
1413,100244446,beautiful,100,καλὰ,,,,,,,,,,,,,,,,,,,,,,,,,,,,,,,,,,,,,,
1414,100244441,apples,100,μῆλα,,,,,,,,,,,,,,,,,,,,,,,,,,,,,,,,,,,,,,
1415,100244448,bearing,100,φέροντά,,,,,,,,,,,,,,,,,,,,,,,,,,,,,,,,,,,,,,
1416,100244451,fruit,100,καρπόν,,,,,,,,,,,,,,,,,,,,,,,,,,,,,,,,,,,,,,
1417,100244447,graze,100,μέλουσι,,,,,,,,,,,,,,,,,,,,,,,,,,,,,,,,,,,,,,
1418,100244442,beyond,100,πέρην,,,,,,,,,,,,,,,,,,,,,,,,,,,,,,,,,,,,,,
1419,100244443,famous,100,κλυτοῦ,,,,,,,,,,,,,,,,,,,,,,,,,,,,,,,,,,,,,,
1420,100244444,Ocean,100,Ὠκεανοῖο,,,,,,,,,,,,,,,,,,,,,,,,,,,,,,,,,,,,,,
1421,100244453,And,101,καὶ,,,,,,,,,,,,,,,,,,,,,,,,,,,,,,,,,,,,,,
1422,100244454,Moirai,101,Μοίρας,,,,,,,,,,,,,,,,,,,,,,,,,,,,,,,,,,,,,,
1423,100244455,and,101,καὶ,,,,,,,,,,,,,,,,,,,,,,,,,,,,,,,,,,,,,,
1424,100244456,merciless,101,Κῆρας,,,,,,,,,,,,,,,,,,,,,,,,,,,,,,,,,,,,,,
1425,100244457,bore,101,ἐγείνατο,,,,,,,,,,,,,,,,,,,,,,,,,,,,,,,,,,,,,,
1426,100244458,Keres,101,νηλεοποίνους,,,,,,,,,,,,,,,,,,,,,,,,,,,,,,,,,,,,,,
1427,100244460,Clotho,101,Κλωθώ,,,,,,,,,,,,,,,,,,,,,,,,,,,,,,,,,,,,,,
1428,100244461,",",101,τε,,,,,,,,,,,,,,,,,,,,,,,,,,,,,,,,,,,,,,
1429,100244462,Lachesis,101,Λάχεσίν,,,,,,,,,,,,,,,,,,,,,,,,,,,,,,,,,,,,,,
1430,100244463,",",101,τε,,,,,,,,,,,,,,,,,,,,,,,,,,,,,,,,,,,,,,
1431,100244464,and,101,καὶ,,,,,,,,,,,,,,,,,,,,,,,,,,,,,,,,,,,,,,
1432,100244465,Atropos,101,Ἄτροπον,,,,,,,,,,,,,,,,,,,,,,,,,,,,,,,,,,,,,,
1433,100244467,who,101,αἵτε,,,,,,,,,,,,,,,,,,,,,,,,,,,,,,,,,,,,,,
1434,100244468,mortals,101,βροτοῖσι,,,,,,,,,,,,,,,,,,,,,,,,,,,,,,,,,,,,,,
1435,100244469,as,101,γεινομένοισι,,,,,,,,,,,,,,,,,,,,,,,,,,,,,,,,,,,,,,
1436,100244470,they,101,διδοῦσιν,,,,,,,,,,,,,,,,,,,,,,,,,,,,,,,,,,,,,,
1437,100244471,hold,101,ἔχειν,,,,,,,,,,,,,,,,,,,,,,,,,,,,,,,,,,,,,,
1438,100244472,both,101,ἀγαθόν,,,,,,,,,,,,,,,,,,,,,,,,,,,,,,,,,,,,,,
1439,100244473,good,101,τε,,,,,,,,,,,,,,,,,,,,,,,,,,,,,,,,,,,,,,
1440,100244474,and,101,κακόν,,,,,,,,,,,,,,,,,,,,,,,,,,,,,,,,,,,,,,
1441,100244475,evil,101,τε,,,,,,,,,,,,,,,,,,,,,,,,,,,,,,,,,,,,,,
1442,100244477,who,101,αἵτ’,,,,,,,,,,,,,,,,,,,,,,,,,,,,,,,,,,,,,,
1443,100244478,transgressions,101,ἀνδρῶν,,,,,,,,,,,,,,,,,,,,,,,,,,,,,,,,,,,,,,
1444,100244479,of,101,τε,,,,,,,,,,,,,,,,,,,,,,,,,,,,,,,,,,,,,,
1445,100244480,both,101,θεῶν,,,,,,,,,,,,,,,,,,,,,,,,,,,,,,,,,,,,,,
1446,100244481,men,101,τε,,,,,,,,,,,,,,,,,,,,,,,,,,,,,,,,,,,,,,
1447,100244482,and,101,παραιβασίας,,,,,,,,,,,,,,,,,,,,,,,,,,,,,,,,,,,,,,
1448,100244483,gods,101,ἐφέπουσιν,,,,,,,,,,,,,,,,,,,,,,,,,,,,,,,,,,,,,,
1449,100244485,Nor,102,οὐ,,,,,,,,,,,,,,,,,,,,,,,,,,,,,,,,,,,,,,
1450,100244486,Nor,102,-δέ,,,,,,,,,,,,,,,,,,,,,,,,,,,,,,,,,,,,,,
1451,100244487,ever,102,ποτε,,,,,,,,,,,,,,,,,,,,,,,,,,,,,,,,,,,,,,
1452,100244488,cease,102,λήγουσι,,,,,,,,,,,,,,,,,,,,,,,,,,,,,,,,,,,,,,
1453,100244489,goddesses,102,θεαὶ,,,,,,,,,,,,,,,,,,,,,,,,,,,,,,,,,,,,,,
1454,100244490,terrible,102,δεινοῖο,,,,,,,,,,,,,,,,,,,,,,,,,,,,,,,,,,,,,,
1455,100244491,anger,102,χόλοιο,,,,,,,,,,,,,,,,,,,,,,,,,,,,,,,,,,,,,,
1456,100244493,before,102,πρίν,,,,,,,,,,,,,,,,,,,,,,,,,,,,,,,,,,,,,,
1457,100244494,will,102,γ’,,,,,,,,,,,,,,,,,,,,,,,,,,,,,,,,,,,,,,
1458,100244495,from,102,ἀπὸ,,,,,,,,,,,,,,,,,,,,,,,,,,,,,,,,,,,,,,
1459,100244496,that,102,τῷ,,,,,,,,,,,,,,,,,,,,,,,,,,,,,,,,,,,,,,
1460,100244497,grant,102,δώωσι,,,,,,,,,,,,,,,,,,,,,,,,,,,,,,,,,,,,,,
1461,100244498,malicious,102,κακὴν,,,,,,,,,,,,,,,,,,,,,,,,,,,,,,,,,,,,,,
1462,100244499,vengeance,102,ὄπιν,,,,,,,,,,,,,,,,,,,,,,,,,,,,,,,,,,,,,,
1463,100244501,for,102,ὅς,,,,,,,,,,,,,,,,,,,,,,,,,,,,,,,,,,,,,,
1464,100244502,man,102,τις,,,,,,,,,,,,,,,,,,,,,,,,,,,,,,,,,,,,,,
1465,100244503,sinned,102,ἁμάρτῃ,,,,,,,,,,,,,,,,,,,,,,,,,,,,,,,,,,,,,,
1466,100244505,bore,103,τίκτε,,,,,,,,,,,,,,,,,,,,,,,,,,,,,,,,,,,,,,
1467,100244506,And,103,δὲ,,,,,,,,,,,,,,,,,,,,,,,,,,,,,,,,,,,,,,
1468,100244507,And,103,καὶ,,,,,,,,,,,,,,,,,,,,,,,,,,,,,,,,,,,,,,
1469,100244508,Nemesis,103,Νέμεσιν,,,,,,,,,,,,,,,,,,,,,,,,,,,,,,,,,,,,,,
1470,100244510,calamity,103,πῆμα,,,,,,,,,,,,,,,,,,,,,,,,,,,,,,,,,,,,,,
1471,100244511,mortal,103,θνητοῖσι,,,,,,,,,,,,,,,,,,,,,,,,,,,,,,,,,,,,,,
1472,100244512,men,103,βροτοῖσι,,,,,,,,,,,,,,,,,,,,,,,,,,,,,,,,,,,,,,
1473,100244514,Night,103,Νὺξ,,,,,,,,,,,,,,,,,,,,,,,,,,,,,,,,,,,,,,
1474,100244515,destructive,103,ὀλοή,,,,,,,,,,,,,,,,,,,,,,,,,,,,,,,,,,,,,,
1475,100244517,After,104,μετὰ,,,,,,,,,,,,,,,,,,,,,,,,,,,,,,,,,,,,,,
1476,100244518,her,104,τὴν,,,,,,,,,,,,,,,,,,,,,,,,,,,,,,,,,,,,,,
1477,100244520,Deceit,104,Ἀπάτην,,,,,,,,,,,,,,,,,,,,,,,,,,,,,,,,,,,,,,
1478,100244521,bore,104,τέκε,,,,,,,,,,,,,,,,,,,,,,,,,,,,,,,,,,,,,,
1479,100244523,Friendship,104,Φιλότητα,,,,,,,,,,,,,,,,,,,,,,,,,,,,,,,,,,,,,,
1480,100244524,Ruin,104,Γῆράς,,,,,,,,,,,,,,,,,,,,,,,,,,,,,,,,,,,,,,
1481,100244526,destructive,104,οὐλόμενον,,,,,,,,,,,,,,,,,,,,,,,,,,,,,,,,,,,,,,
1482,100244529,Discord,104,Ἔριν,,,,,,,,,,,,,,,,,,,,,,,,,,,,,,,,,,,,,,
1483,100244530,bore,104,τέκε,,,,,,,,,,,,,,,,,,,,,,,,,,,,,,,,,,,,,,
1484,100244531,hard,104,καρτερόθυμον,,,,,,,,,,,,,,,,,,,,,,,,,,,,,,,,,,,,,,
1485,100244533,But,105,αὐτὰρ,,,,,,,,,,,,,,,,,,,,,,,,,,,,,,,,,,,,,,
1486,100244534,Strife,105,Ἔρις,,,,,,,,,,,,,,,,,,,,,,,,,,,,,,,,,,,,,,
1487,100244535,hateful,105,στυγερὴ,,,,,,,,,,,,,,,,,,,,,,,,,,,,,,,,,,,,,,
1488,100244536,bore,105,τέκε,,,,,,,,,,,,,,,,,,,,,,,,,,,,,,,,,,,,,,
1489,100244538,Pain,105,Πόνον,,,,,,,,,,,,,,,,,,,,,,,,,,,,,,,,,,,,,,
1490,100244539,grievous,105,ἀλγινόεντα,,,,,,,,,,,,,,,,,,,,,,,,,,,,,,,,,,,,,,
1491,100244540,Forgetfulness,105,Λήθην,,,,,,,,,,,,,,,,,,,,,,,,,,,,,,,,,,,,,,
1492,100244542,Famine,105,Λιμόν,,,,,,,,,,,,,,,,,,,,,,,,,,,,,,,,,,,,,,
1493,100244545,Tears-filled,105,Ἄλγεα,,,,,,,,,,,,,,,,,,,,,,,,,,,,,,,,,,,,,,
1494,100244546,Griefs,105,δακρυόεντα,,,,,,,,,,,,,,,,,,,,,,,,,,,,,,,,,,,,,,
1495,100244547,Quarrels,105,Ὑσμίνας,,,,,,,,,,,,,,,,,,,,,,,,,,,,,,,,,,,,,,
1496,100244549,Battles,105,Μάχας,,,,,,,,,,,,,,,,,,,,,,,,,,,,,,,,,,,,,,
1497,100244551,Murders,105,Φόνους,,,,,,,,,,,,,,,,,,,,,,,,,,,,,,,,,,,,,,
1498,100244553,Man-slayings,105,Ἀνδροκτασίας,,,,,,,,,,,,,,,,,,,,,,,,,,,,,,,,,,,,,,
1499,100244555,Strifes,105,Νείκεά,,,,,,,,,,,,,,,,,,,,,,,,,,,,,,,,,,,,,,
1500,100244557,False,105,ψευδέας,,,,,,,,,,,,,,,,,,,,,,,,,,,,,,,,,,,,,,
1501,100244559,Words,105,Λόγους,,,,,,,,,,,,,,,,,,,,,,,,,,,,,,,,,,,,,,
1502,100244560,Disputes,105,Ἀμφιλλογίας,,,,,,,,,,,,,,,,,,,,,,,,,,,,,,,,,,,,,,
1503,100244562,Bad,105,Δυσνομίην,,,,,,,,,,,,,,,,,,,,,,,,,,,,,,,,,,,,,,
1504,100244564,Ruin,105,Ἄτην,,,,,,,,,,,,,,,,,,,,,,,,,,,,,,,,,,,,,,
1505,100244570,Oath,105,Ὅρκον,,,,,,,,,,,,,,,,,,,,,,,,,,,,,,,,,,,,,,
1506,100244573,who,105,ὃς,,,,,,,,,,,,,,,,,,,,,,,,,,,,,,,,,,,,,,
1507,100244578,harms,105,πημαίνει,,,,,,,,,,,,,,,,,,,,,,,,,,,,,,,,,,,,,,
1508,100244577,mortals,105,ἀνθρώπους,,,,,,,,,,,,,,,,,,,,,,,,,,,,,,,,,,,,,,
1509,100244575,most,105,πλεῖστον,,,,,,,,,,,,,,,,,,,,,,,,,,,,,,,,,,,,,,
1510,100244580,when,105,ὅτε,,,,,,,,,,,,,,,,,,,,,,,,,,,,,,,,,,,,,,
1511,100244582,someone,105,τις,,,,,,,,,,,,,,,,,,,,,,,,,,,,,,,,,,,,,,
1512,100244583,voluntarily,105,ἑκὼν,,,,,,,,,,,,,,,,,,,,,,,,,,,,,,,,,,,,,,
1513,100244584,perjury,105,ἐπίορκον,,,,,,,,,,,,,,,,,,,,,,,,,,,,,,,,,,,,,,
1514,100244585,swears,105,ὀμόσσῃ,,,,,,,,,,,,,,,,,,,,,,,,,,,,,,,,,,,,,,
1515,100244588,And,106,δ’,,,,,,,,,,,,,,,,,,,,,,,,,,,,,,,,,,,,,,
1516,100244593,Pontos,106,Πόντος,,,,,,,,,,,,,,,,,,,,,,,,,,,,,,,,,,,,,,
1517,100244595,eldest,106,πρεσβύτατον,,,,,,,,,,,,,,,,,,,,,,,,,,,,,,,,,,,,,,
1518,100244596,children,106,παίδων,,,,,,,,,,,,,,,,,,,,,,,,,,,,,,,,,,,,,,
1519,100244592,begot,106,γείνατο,,,,,,,,,,,,,,,,,,,,,,,,,,,,,,,,,,,,,,
1520,100244587,Nereus,106,Νηρέα,,,,,,,,,,,,,,,,,,,,,,,,,,,,,,,,,,,,,,
1521,100244589,falseless,106,ἀψευδέα,,,,,,,,,,,,,,,,,,,,,,,,,,,,,,,,,,,,,,
1522,100244590,and,106,καὶ,,,,,,,,,,,,,,,,,,,,,,,,,,,,,,,,,,,,,,
1523,100244591,true,106,ἀληθέα,,,,,,,,,,,,,,,,,,,,,,,,,,,,,,,,,,,,,,
1524,100244598,But,107,αὐτὰρ,,,,,,,,,,,,,,,,,,,,,,,,,,,,,,,,,,,,,,
1525,100244599,call,107,καλέουσι,,,,,,,,,,,,,,,,,,,,,,,,,,,,,,,,,,,,,,
1526,100244600,him the old man,107,γέροντα,,,,,,,,,,,,,,,,,,,,,,,,,,,,,,,,,,,,,,
1527,100244602,because,107,οὕνεκα,,,,,,,,,,,,,,,,,,,,,,,,,,,,,,,,,,,,,,
1528,100244603,trustworthy,107,νημερτής,,,,,,,,,,,,,,,,,,,,,,,,,,,,,,,,,,,,,,
1529,100244604,and,107,τε,,,,,,,,,,,,,,,,,,,,,,,,,,,,,,,,,,,,,,
1530,100244605,and,107,καὶ,,,,,,,,,,,,,,,,,,,,,,,,,,,,,,,,,,,,,,
1531,100244606,gentle,107,ἤπιος,,,,,,,,,,,,,,,,,,,,,,,,,,,,,,,,,,,,,,
1532,100244608,does not,107,οὐ,,,,,,,,,,,,,,,,,,,,,,,,,,,,,,,,,,,,,,
1533,100244609,does,107,-δὲ,,,,,,,,,,,,,,,,,,,,,,,,,,,,,,,,,,,,,,
1534,100244610,the divine laws,107,θεμιστέων,,,,,,,,,,,,,,,,,,,,,,,,,,,,,,,,,,,,,,
1535,100244611,forget,107,λήθεται,,,,,,,,,,,,,,,,,,,,,,,,,,,,,,,,,,,,,,
1536,100244613,but,107,ἀλλὰ,,,,,,,,,,,,,,,,,,,,,,,,,,,,,,,,,,,,,,
1537,100244614,just,107,δίκαια,,,,,,,,,,,,,,,,,,,,,,,,,,,,,,,,,,,,,,
1538,100244615,and,107,καὶ,,,,,,,,,,,,,,,,,,,,,,,,,,,,,,,,,,,,,,
1539,100244616,gentle,107,ἤπια,,,,,,,,,,,,,,,,,,,,,,,,,,,,,,,,,,,,,,
1540,100244617,counsels,107,δήνεα,,,,,,,,,,,,,,,,,,,,,,,,,,,,,,,,,,,,,,
1541,100244618,knows,107,οἶδεν,,,,,,,,,,,,,,,,,,,,,,,,,,,,,,,,,,,,,,
1542,100244620,Again,108,αὖτις,,,,,,,,,,,,,,,,,,,,,,,,,,,,,,,,,,,,,,
1543,100244622,mixing,108,αὖ,,,,,,,,,,,,,,,,,,,,,,,,,,,,,,,,,,,,,,
1544,100244623,great,108,Θαύμαντα,,,,,,,,,,,,,,,,,,,,,,,,,,,,,,,,,,,,,,
1545,100244624,and,108,μέγαν,,,,,,,,,,,,,,,,,,,,,,,,,,,,,,,,,,,,,,
1546,100244625,noble,108,καὶ,,,,,,,,,,,,,,,,,,,,,,,,,,,,,,,,,,,,,,
1547,100244626,Thoas,108,ἀγήνορα,,,,,,,,,,,,,,,,,,,,,,,,,,,,,,,,,,,,,,
1548,100244627,and,108,Φόρκυν,,,,,,,,,,,,,,,,,,,,,,,,,,,,,,,,,,,,,,
1549,100244628,Forcus,108,Γαίῃ,,,,,,,,,,,,,,,,,,,,,,,,,,,,,,,,,,,,,,
1550,100244629,Earth,108,μισγόμενος,,,,,,,,,,,,,,,,,,,,,,,,,,,,,,,,,,,,,,
1551,100244631,with,108,Κητὼ,,,,,,,,,,,,,,,,,,,,,,,,,,,,,,,,,,,,,,
1552,100244632,Ceto,108,καλλιπάρῃον,,,,,,,,,,,,,,,,,,,,,,,,,,,,,,,,,,,,,,
1553,100244633,beautiful,108,Εὐρυβίην,,,,,,,,,,,,,,,,,,,,,,,,,,,,,,,,,,,,,,
1554,100244634,cheeks,108,τ’,,,,,,,,,,,,,,,,,,,,,,,,,,,,,,,,,,,,,,
1555,100244635,and,108,ἀδάμαντος,,,,,,,,,,,,,,,,,,,,,,,,,,,,,,,,,,,,,,
1556,100244636,Eurybia,108,ἐνὶ,,,,,,,,,,,,,,,,,,,,,,,,,,,,,,,,,,,,,,
1557,100244637,holds,108,φρεσὶ,,,,,,,,,,,,,,,,,,,,,,,,,,,,,,,,,,,,,,
1558,100244638,spirit,108,θυμὸν,,,,,,,,,,,,,,,,,,,,,,,,,,,,,,,,,,,,,,
1559,100244639,adamant,108,ἔχουσαν,,,,,,,,,,,,,,,,,,,,,,,,,,,,,,,,,,,,,,
1560,100244640,mind,108,.,,,,,,,,,,,,,,,,,,,,,,,,,,,,,,,,,,,,,,
1561,100244641,Nereus,109,Νηρῆος,,,,,,,,,,,,,,,,,,,,,,,,,,,,,,,,,,,,,,
1562,100244642,And,109,δ’,,,,,,,,,,,,,,,,,,,,,,,,,,,,,,,,,,,,,,
1563,100244643,were born,109,ἐγένοντο,,,,,,,,,,,,,,,,,,,,,,,,,,,,,,,,,,,,,,
1564,100244644,great,109,μεγήρατα,,,,,,,,,,,,,,,,,,,,,,,,,,,,,,,,,,,,,,
1565,100244645,children,109,τέκνα,,,,,,,,,,,,,,,,,,,,,,,,,,,,,,,,,,,,,,
1566,100244646,of the goddesses,109,θεάων,,,,,,,,,,,,,,,,,,,,,,,,,,,,,,,,,,,,,,
1567,100244647,sea,109,πόντῳ,,,,,,,,,,,,,,,,,,,,,,,,,,,,,,,,,,,,,,
1568,100244648,of the,109,ἐν,,,,,,,,,,,,,,,,,,,,,,,,,,,,,,,,,,,,,,
1569,100244649,unharvested,109,ἀτρυγέτῳ,,,,,,,,,,,,,,,,,,,,,,,,,,,,,,,,,,,,,,
1570,100244650,and,109,καὶ,,,,,,,,,,,,,,,,,,,,,,,,,,,,,,,,,,,,,,
1571,100244651,Doris,109,Δωρίδος,,,,,,,,,,,,,,,,,,,,,,,,,,,,,,,,,,,,,,
1572,100244652,fair-tressed,109,ἠυκόμοιο,,,,,,,,,,,,,,,,,,,,,,,,,,,,,,,,,,,,,,
1573,100244654,daughter,109,κούρης,,,,,,,,,,,,,,,,,,,,,,,,,,,,,,,,,,,,,,
1574,100244655,Oceanus,109,Ὠκεανοῖο,,,,,,,,,,,,,,,,,,,,,,,,,,,,,,,,,,,,,,
1575,100244657,end,109,τελήεντος,,,,,,,,,,,,,,,,,,,,,,,,,,,,,,,,,,,,,,
1576,100244658,river,109,ποταμοῖο,,,,,,,,,,,,,,,,,,,,,,,,,,,,,,,,,,,,,,
1577,100244658,that,109,ποταμοῖο,,,,,,,,,,,,,,,,,,,,,,,,,,,,,,,,,,,,,,
1578,100244658,flows,109,ποταμοῖο,,,,,,,,,,,,,,,,,,,,,,,,,,,,,,,,,,,,,,
1579,100244660,Ploeto,109,Πλωτώ,,,,,,,,,,,,,,,,,,,,,,,,,,,,,,,,,,,,,,
1580,100244661,and,109,τ’,,,,,,,,,,,,,,,,,,,,,,,,,,,,,,,,,,,,,,
1581,100244662,Eucrate,109,Εὐκράντη,,,,,,,,,,,,,,,,,,,,,,,,,,,,,,,,,,,,,,
1582,100244663,and,109,τε,,,,,,,,,,,,,,,,,,,,,,,,,,,,,,,,,,,,,,
1583,100244664,Saō,109,Σαώ,,,,,,,,,,,,,,,,,,,,,,,,,,,,,,,,,,,,,,
1584,100244665,and,109,τ’,,,,,,,,,,,,,,,,,,,,,,,,,,,,,,,,,,,,,,
1585,100244666,Amphitrite,109,Ἀμφιτρίτη,,,,,,,,,,,,,,,,,,,,,,,,,,,,,,,,,,,,,,
1586,100244667,and,109,τε,,,,,,,,,,,,,,,,,,,,,,,,,,,,,,,,,,,,,,
1587,100244668,Eudora,109,Εὐδώρη,,,,,,,,,,,,,,,,,,,,,,,,,,,,,,,,,,,,,,
1588,100244669,and,109,τε,,,,,,,,,,,,,,,,,,,,,,,,,,,,,,,,,,,,,,
1589,100244670,Thetis,109,Θέτις,,,,,,,,,,,,,,,,,,,,,,,,,,,,,,,,,,,,,,
1590,100244671,and,109,τε,,,,,,,,,,,,,,,,,,,,,,,,,,,,,,,,,,,,,,
1591,100244672,Galene,109,Γαλήνη,,,,,,,,,,,,,,,,,,,,,,,,,,,,,,,,,,,,,,
1592,100244673,and,109,τε,,,,,,,,,,,,,,,,,,,,,,,,,,,,,,,,,,,,,,
1593,100244674,Glauke,109,Γλαύκη,,,,,,,,,,,,,,,,,,,,,,,,,,,,,,,,,,,,,,
1594,100244675,and,109,τε,,,,,,,,,,,,,,,,,,,,,,,,,,,,,,,,,,,,,,
1595,100244676,Kymothoe,109,Κυμοθόη,,,,,,,,,,,,,,,,,,,,,,,,,,,,,,,,,,,,,,
1596,100244677,Speio,109,Σπειώ,,,,,,,,,,,,,,,,,,,,,,,,,,,,,,,,,,,,,,
1597,100244678,and,109,τε,,,,,,,,,,,,,,,,,,,,,,,,,,,,,,,,,,,,,,
1598,100244679,Thoē,109,Θόη,,,,,,,,,,,,,,,,,,,,,,,,,,,,,,,,,,,,,,
1599,100244680,and,109,θ’,,,,,,,,,,,,,,,,,,,,,,,,,,,,,,,,,,,,,,
1600,100244681,Alete,109,Ἀλίη,,,,,,,,,,,,,,,,,,,,,,,,,,,,,,,,,,,,,,
1601,100244683,eloquent,109,ἐρόεσσα,,,,,,,,,,,,,,,,,,,,,,,,,,,,,,,,,,,,,,
1602,100244684,Pasithea,109,Πασιθέη,,,,,,,,,,,,,,,,,,,,,,,,,,,,,,,,,,,,,,
1603,100244685,and,109,τ’,,,,,,,,,,,,,,,,,,,,,,,,,,,,,,,,,,,,,,
1604,100244686,Erate,109,Ἐρατώ,,,,,,,,,,,,,,,,,,,,,,,,,,,,,,,,,,,,,,
1605,100244687,and,109,τε,,,,,,,,,,,,,,,,,,,,,,,,,,,,,,,,,,,,,,
1606,100244688,and,109,καὶ,,,,,,,,,,,,,,,,,,,,,,,,,,,,,,,,,,,,,,
1607,100244689,Eunike,109,Εὐνίκη,,,,,,,,,,,,,,,,,,,,,,,,,,,,,,,,,,,,,,
1608,100244690,rosy-armed,109,ῥοδόπηχυς,,,,,,,,,,,,,,,,,,,,,,,,,,,,,,,,,,,,,,
1609,100244691,and,109,καὶ,,,,,,,,,,,,,,,,,,,,,,,,,,,,,,,,,,,,,,
1610,100244692,Melite,109,Μελίτη,,,,,,,,,,,,,,,,,,,,,,,,,,,,,,,,,,,,,,
1611,100244693,graceful,109,χαρίεσσα,,,,,,,,,,,,,,,,,,,,,,,,,,,,,,,,,,,,,,
1612,100244694,and,109,καὶ,,,,,,,,,,,,,,,,,,,,,,,,,,,,,,,,,,,,,,
1613,100244695,Eulimene,109,Εὐλιμένη,,,,,,,,,,,,,,,,,,,,,,,,,,,,,,,,,,,,,,
1614,100244696,and,109,καὶ,,,,,,,,,,,,,,,,,,,,,,,,,,,,,,,,,,,,,,
1615,100244697,Agave,109,Ἀγαυὴ,,,,,,,,,,,,,,,,,,,,,,,,,,,,,,,,,,,,,,
1616,100244698,Doto,109,Δωτώ,,,,,,,,,,,,,,,,,,,,,,,,,,,,,,,,,,,,,,
1617,100244699,and,109,τε,,,,,,,,,,,,,,,,,,,,,,,,,,,,,,,,,,,,,,
1618,100244700,Proto,109,Πρωτώ,,,,,,,,,,,,,,,,,,,,,,,,,,,,,,,,,,,,,,
1619,100244701,and,109,τε,,,,,,,,,,,,,,,,,,,,,,,,,,,,,,,,,,,,,,
1620,100244702,Phersa,109,Φέρουσά,,,,,,,,,,,,,,,,,,,,,,,,,,,,,,,,,,,,,,
1621,100244703,and,109,τε,,,,,,,,,,,,,,,,,,,,,,,,,,,,,,,,,,,,,,
1622,100244704,Dynamene,109,Δυναμένη,,,,,,,,,,,,,,,,,,,,,,,,,,,,,,,,,,,,,,
1623,100244705,and,109,τε,,,,,,,,,,,,,,,,,,,,,,,,,,,,,,,,,,,,,,
1624,100244706,Nesaia,109,Νησαίη,,,,,,,,,,,,,,,,,,,,,,,,,,,,,,,,,,,,,,
1625,100244707,and,109,τε,,,,,,,,,,,,,,,,,,,,,,,,,,,,,,,,,,,,,,
1626,100244708,and,109,καὶ,,,,,,,,,,,,,,,,,,,,,,,,,,,,,,,,,,,,,,
1627,100244709,Actaea,109,Ἀκταίη,,,,,,,,,,,,,,,,,,,,,,,,,,,,,,,,,,,,,,
1628,100244710,and,109,καὶ,,,,,,,,,,,,,,,,,,,,,,,,,,,,,,,,,,,,,,
1629,100244711,Protomedea,109,Πρωτομέδεια,,,,,,,,,,,,,,,,,,,,,,,,,,,,,,,,,,,,,,
1630,100244712,Doris,109,Δωρὶς,,,,,,,,,,,,,,,,,,,,,,,,,,,,,,,,,,,,,,
1631,100244713,and,109,καὶ,,,,,,,,,,,,,,,,,,,,,,,,,,,,,,,,,,,,,,
1632,100244714,Panopea,109,Πανόπεια,,,,,,,,,,,,,,,,,,,,,,,,,,,,,,,,,,,,,,
1633,100244715,and,109,καὶ,,,,,,,,,,,,,,,,,,,,,,,,,,,,,,,,,,,,,,
1634,100244716,beautiful,109,εὐειδὴς,,,,,,,,,,,,,,,,,,,,,,,,,,,,,,,,,,,,,,
1635,100244717,Galatea,109,Γαλάτεια,,,,,,,,,,,,,,,,,,,,,,,,,,,,,,,,,,,,,,
1636,100244718,Hippothoe,109,Ἱπποθόη,,,,,,,,,,,,,,,,,,,,,,,,,,,,,,,,,,,,,,
1637,100244719,and,109,τ’,,,,,,,,,,,,,,,,,,,,,,,,,,,,,,,,,,,,,,
1638,100244720,eloquent,109,ἐρόεσσα,,,,,,,,,,,,,,,,,,,,,,,,,,,,,,,,,,,,,,
1639,100244721,and,109,καὶ,,,,,,,,,,,,,,,,,,,,,,,,,,,,,,,,,,,,,,
1640,100244722,Hipponoe,109,Ἱππονόη,,,,,,,,,,,,,,,,,,,,,,,,,,,,,,,,,,,,,,
1641,100244723,rosy-armed,109,ῥοδόπηχυς,,,,,,,,,,,,,,,,,,,,,,,,,,,,,,,,,,,,,,
1642,100244724,Kymodoke,109,Κυμοδόκη,,,,,,,,,,,,,,,,,,,,,,,,,,,,,,,,,,,,,,
1643,100244725,and,109,θ’,,,,,,,,,,,,,,,,,,,,,,,,,,,,,,,,,,,,,,
1644,100244727,who,109,ἣ,,,,,,,,,,,,,,,,,,,,,,,,,,,,,,,,,,,,,,
1645,100244728,waves,109,κύματ’,,,,,,,,,,,,,,,,,,,,,,,,,,,,,,,,,,,,,,
1646,100244729,in,109,ἐν,,,,,,,,,,,,,,,,,,,,,,,,,,,,,,,,,,,,,,
1647,100244730,dark,109,ἠεροειδέι,,,,,,,,,,,,,,,,,,,,,,,,,,,,,,,,,,,,,,
1648,100244731,sea,109,πόντῳ,,,,,,,,,,,,,,,,,,,,,,,,,,,,,,,,,,,,,,
1649,100244732,gusts,109,πνοιάς,,,,,,,,,,,,,,,,,,,,,,,,,,,,,,,,,,,,,,
1650,100244733,and,109,τε,,,,,,,,,,,,,,,,,,,,,,,,,,,,,,,,,,,,,,
1651,100244734,fierce,109,ζαέων,,,,,,,,,,,,,,,,,,,,,,,,,,,,,,,,,,,,,,
1652,100244735,winds,109,ἀνέμων,,,,,,,,,,,,,,,,,,,,,,,,,,,,,,,,,,,,,,
1653,100244736,together,109,σὺν,,,,,,,,,,,,,,,,,,,,,,,,,,,,,,,,,,,,,,
1654,100244737,with,109,Κυματολήγῃ,,,,,,,,,,,,,,,,,,,,,,,,,,,,,,,,,,,,,,
1655,100244737,Kymatolege,109,Κυματολήγῃ,,,,,,,,,,,,,,,,,,,,,,,,,,,,,,,,,,,,,,
1656,100244738,smooths,109,ῥεῖα,,,,,,,,,,,,,,,,,,,,,,,,,,,,,,,,,,,,,,
1657,100244739,and,109,πρηΰνει,,,,,,,,,,,,,,,,,,,,,,,,,,,,,,,,,,,,,,
1658,100244741,well-girdled,109,ἐυσφύρῳ,,,,,,,,,,,,,,,,,,,,,,,,,,,,,,,,,,,,,,
1659,100244742,Amphitrite,109,Ἀμφιτρίτῃ,,,,,,,,,,,,,,,,,,,,,,,,,,,,,,,,,,,,,,
1660,100244744,Kymō,109,Κυμώ,,,,,,,,,,,,,,,,,,,,,,,,,,,,,,,,,,,,,,
1661,100244745,and,109,τ’,,,,,,,,,,,,,,,,,,,,,,,,,,,,,,,,,,,,,,
1662,100244746,Ioene,109,Ἠιόνη,,,,,,,,,,,,,,,,,,,,,,,,,,,,,,,,,,,,,,
1663,100244747,and,109,τε,,,,,,,,,,,,,,,,,,,,,,,,,,,,,,,,,,,,,,
1664,100244748,well-crowned,109,ἐυστέφανός,,,,,,,,,,,,,,,,,,,,,,,,,,,,,,,,,,,,,,
1665,100244750,Alimede,109,Ἁλιμήδη,,,,,,,,,,,,,,,,,,,,,,,,,,,,,,,,,,,,,,
1666,100244751,Glauconome,109,Γλαυκονόμη,,,,,,,,,,,,,,,,,,,,,,,,,,,,,,,,,,,,,,
1667,100244752,and,109,τε,,,,,,,,,,,,,,,,,,,,,,,,,,,,,,,,,,,,,,
1668,100244753,loves,109,φιλομμειδὴς,,,,,,,,,,,,,,,,,,,,,,,,,,,,,,,,,,,,,,
1669,100244754,and,109,καὶ,,,,,,,,,,,,,,,,,,,,,,,,,,,,,,,,,,,,,,
1670,100244755,Pontoporeia,109,Ποντοπόρεια,,,,,,,,,,,,,,,,,,,,,,,,,,,,,,,,,,,,,,
1671,100244756,Leagore,109,Ληαγόρη,,,,,,,,,,,,,,,,,,,,,,,,,,,,,,,,,,,,,,
1672,100244757,and,109,τε,,,,,,,,,,,,,,,,,,,,,,,,,,,,,,,,,,,,,,
1673,100244758,and,109,καὶ,,,,,,,,,,,,,,,,,,,,,,,,,,,,,,,,,,,,,,
1674,100244759,Eragore,109,Εὐαγόρη,,,,,,,,,,,,,,,,,,,,,,,,,,,,,,,,,,,,,,
1675,100244760,and,109,καὶ,,,,,,,,,,,,,,,,,,,,,,,,,,,,,,,,,,,,,,
1676,100244761,Laomedea,109,Λαομέδεια,,,,,,,,,,,,,,,,,,,,,,,,,,,,,,,,,,,,,,
1677,100244762,Polyneē,109,Πουλυνόη,,,,,,,,,,,,,,,,,,,,,,,,,,,,,,,,,,,,,,
1678,100244763,and,109,τε,,,,,,,,,,,,,,,,,,,,,,,,,,,,,,,,,,,,,,
1679,100244764,and,109,καὶ,,,,,,,,,,,,,,,,,,,,,,,,,,,,,,,,,,,,,,
1680,100244765,Autonoe,109,Αὐτονόη,,,,,,,,,,,,,,,,,,,,,,,,,,,,,,,,,,,,,,
1681,100244766,and,109,καὶ,,,,,,,,,,,,,,,,,,,,,,,,,,,,,,,,,,,,,,
1682,100244767,Lysianassa,109,Λυσιάνασσα,,,,,,,,,,,,,,,,,,,,,,,,,,,,,,,,,,,,,,
1683,100244768,Euarnē,109,Εὐάρνη,,,,,,,,,,,,,,,,,,,,,,,,,,,,,,,,,,,,,,
1684,100244769,and,109,τε,,,,,,,,,,,,,,,,,,,,,,,,,,,,,,,,,,,,,,
1685,100244770,Nature,109,φυήν,,,,,,,,,,,,,,,,,,,,,,,,,,,,,,,,,,,,,,
1686,100244771,herself,109,τ’,,,,,,,,,,,,,,,,,,,,,,,,,,,,,,,,,,,,,,
1687,100244772,lovely,109,ἐρατὴ,,,,,,,,,,,,,,,,,,,,,,,,,,,,,,,,,,,,,,
1688,100244773,and,109,καὶ,,,,,,,,,,,,,,,,,,,,,,,,,,,,,,,,,,,,,,
1689,100244774,Spotless,109,εἶδος,,,,,,,,,,,,,,,,,,,,,,,,,,,,,,,,,,,,,,
1690,100244775,Beauty,109,ἄμωμος,,,,,,,,,,,,,,,,,,,,,,,,,,,,,,,,,,,,,,
1691,100244776,and,109,καὶ,,,,,,,,,,,,,,,,,,,,,,,,,,,,,,,,,,,,,,
1692,100244777,Psamathe,109,Ψαμάθη,,,,,,,,,,,,,,,,,,,,,,,,,,,,,,,,,,,,,,
1693,100244778,graceful,109,χαρίεσσα,,,,,,,,,,,,,,,,,,,,,,,,,,,,,,,,,,,,,,
1694,100244779,body,109,δέμας,,,,,,,,,,,,,,,,,,,,,,,,,,,,,,,,,,,,,,
1695,100244780,divine,109,δίη,,,,,,,,,,,,,,,,,,,,,,,,,,,,,,,,,,,,,,
1696,100244781,and,109,τε,,,,,,,,,,,,,,,,,,,,,,,,,,,,,,,,,,,,,,
1697,100244782,Menippe,109,Μενίππη,,,,,,,,,,,,,,,,,,,,,,,,,,,,,,,,,,,,,,
1698,100244783,Neso,109,Νησώ,,,,,,,,,,,,,,,,,,,,,,,,,,,,,,,,,,,,,,
1699,100244784,and,109,τ’,,,,,,,,,,,,,,,,,,,,,,,,,,,,,,,,,,,,,,
1700,100244785,Eupompe,109,Εὐπόμπη,,,,,,,,,,,,,,,,,,,,,,,,,,,,,,,,,,,,,,
1701,100244786,and,109,τε,,,,,,,,,,,,,,,,,,,,,,,,,,,,,,,,,,,,,,
1702,100244787,Themisto,109,Θεμιστώ,,,,,,,,,,,,,,,,,,,,,,,,,,,,,,,,,,,,,,
1703,100244788,and,109,τε,,,,,,,,,,,,,,,,,,,,,,,,,,,,,,,,,,,,,,
1704,100244789,Pronoe,109,Προνόη,,,,,,,,,,,,,,,,,,,,,,,,,,,,,,,,,,,,,,
1705,100244790,and,109,τε,,,,,,,,,,,,,,,,,,,,,,,,,,,,,,,,,,,,,,
1706,100244791,Nemertes,109,Νημερτής,,,,,,,,,,,,,,,,,,,,,,,,,,,,,,,,,,,,,,
1707,100244792,and,109,θ’,,,,,,,,,,,,,,,,,,,,,,,,,,,,,,,,,,,,,,
1708,100244794,who,109,ἣ,,,,,,,,,,,,,,,,,,,,,,,,,,,,,,,,,,,,,,
1709,100244795,of,109,πατρὸς,,,,,,,,,,,,,,,,,,,,,,,,,,,,,,,,,,,,,,
1710,100244795,her,109,πατρὸς,,,,,,,,,,,,,,,,,,,,,,,,,,,,,,,,,,,,,,
1711,100244795,immortal,109,πατρὸς,,,,,,,,,,,,,,,,,,,,,,,,,,,,,,,,,,,,,,
1712,100244795,father,109,πατρὸς,,,,,,,,,,,,,,,,,,,,,,,,,,,,,,,,,,,,,,
1713,100244796,holds,109,ἔχει,,,,,,,,,,,,,,,,,,,,,,,,,,,,,,,,,,,,,,
1714,100244797,the,109,νόον,,,,,,,,,,,,,,,,,,,,,,,,,,,,,,,,,,,,,,
1715,100244797,mind,109,νόον,,,,,,,,,,,,,,,,,,,,,,,,,,,,,,,,,,,,,,
1716,100244800,These,110,αὗται,,,,,,,,,,,,,,,,,,,,,,,,,,,,,,,,,,,,,,
1717,100244801,daughters,110,μὲν,,,,,,,,,,,,,,,,,,,,,,,,,,,,,,,,,,,,,,
1718,100244802,Nereus,110,Νηρῆος,,,,,,,,,,,,,,,,,,,,,,,,,,,,,,,,,,,,,,
1719,100244803,blameless,110,ἀμύμονος,,,,,,,,,,,,,,,,,,,,,,,,,,,,,,,,,,,,,,
1720,100244804,born,110,ἐξεγένοντο,,,,,,,,,,,,,,,,,,,,,,,,,,,,,,,,,,,,,,
1721,100244805,daughters,110,κοῦραι,,,,,,,,,,,,,,,,,,,,,,,,,,,,,,,,,,,,,,
1722,100244806,fifty,110,πεντήκοντα,,,,,,,,,,,,,,,,,,,,,,,,,,,,,,,,,,,,,,
1723,100244808,blameless,110,ἀμύμονα,,,,,,,,,,,,,,,,,,,,,,,,,,,,,,,,,,,,,,
1724,100244809,deeds,110,ἔργα,,,,,,,,,,,,,,,,,,,,,,,,,,,,,,,,,,,,,,
1725,100244810,know,110,ἰδυῖαι,,,,,,,,,,,,,,,,,,,,,,,,,,,,,,,,,,,,,,
1726,100244812,Thaumus,111,Θαύμας,,,,,,,,,,,,,,,,,,,,,,,,,,,,,,,,,,,,,,
1727,100244813,And,111,δ’,,,,,,,,,,,,,,,,,,,,,,,,,,,,,,,,,,,,,,
1728,100244814,Oceanus,111,Ὠκεανοῖο,,,,,,,,,,,,,,,,,,,,,,,,,,,,,,,,,,,,,,
1729,100244815,deep-flowing,111,βαθυρρείταο,,,,,,,,,,,,,,,,,,,,,,,,,,,,,,,,,,,,,,
1730,100244816,daughter,111,θύγατρα,,,,,,,,,,,,,,,,,,,,,,,,,,,,,,,,,,,,,,
1731,100244817,took,111,ἠγάγετ’,,,,,,,,,,,,,,,,,,,,,,,,,,,,,,,,,,,,,,
1732,100244818,Electra,111,Ἠλέκτρην,,,,,,,,,,,,,,,,,,,,,,,,,,,,,,,,,,,,,,
1733,100244820,She,112,ἣ,,,,,,,,,,,,,,,,,,,,,,,,,,,,,,,,,,,,,,
1734,100244823,bore,112,τέκεν,,,,,,,,,,,,,,,,,,,,,,,,,,,,,,,,,,,,,,
1735,100244822,swift,112,ὠκεῖαν,,,,,,,,,,,,,,,,,,,,,,,,,,,,,,,,,,,,,,
1736,100244824,Iris,112,Ἶριν,,,,,,,,,,,,,,,,,,,,,,,,,,,,,,,,,,,,,,
1737,100244821,and,112,δ’,,,,,,,,,,,,,,,,,,,,,,,,,,,,,,,,,,,,,,
1738,100244825,fair-haired,112,ἠυκόμους,,,,,,,,,,,,,,,,,,,,,,,,,,,,,,,,,,,,,,
1739,100244827,Harpies,112,Ἁρπυίας,,,,,,,,,,,,,,,,,,,,,,,,,,,,,,,,,,,,,,
1740,100244828,Aello,112,Ἀελλώ,,,,,,,,,,,,,,,,,,,,,,,,,,,,,,,,,,,,,,
1741,100244829,and,112,τ’,,,,,,,,,,,,,,,,,,,,,,,,,,,,,,,,,,,,,,
1742,100244830,Ocypete,112,Ὠκυπέτην,,,,,,,,,,,,,,,,,,,,,,,,,,,,,,,,,,,,,,
1743,100244833,who,112,αἵ,,,,,,,,,,,,,,,,,,,,,,,,,,,,,,,,,,,,,,
1744,100244840,follow,112,ἕπονται,,,,,,,,,,,,,,,,,,,,,,,,,,,,,,,,,,,,,,
1745,100244835,blasts,112,ἀνέμων,,,,,,,,,,,,,,,,,,,,,,,,,,,,,,,,,,,,,,
1746,100244836,of the winds,112,πνοιῇσι,,,,,,,,,,,,,,,,,,,,,,,,,,,,,,,,,,,,,,
1747,100244837,and,112,καὶ,,,,,,,,,,,,,,,,,,,,,,,,,,,,,,,,,,,,,,
1748,100244838,birds,112,οἰωνοῖς,,,,,,,,,,,,,,,,,,,,,,,,,,,,,,,,,,,,,,
1749,100244841,their swift,112,ὠκείῃς,,,,,,,,,,,,,,,,,,,,,,,,,,,,,,,,,,,,,,
1750,100244842,wings,112,πτερύγεσσι,,,,,,,,,,,,,,,,,,,,,,,,,,,,,,,,,,,,,,
1751,100244845,For,113,γὰρ,,,,,,,,,,,,,,,,,,,,,,,,,,,,,,,,,,,,,,
1752,100244844,late,113,μεταχρόνιαι,,,,,,,,,,,,,,,,,,,,,,,,,,,,,,,,,,,,,,
1753,100244846,are,113,ἴαλλον,,,,,,,,,,,,,,,,,,,,,,,,,,,,,,,,,,,,,,
1754,100244848,Phorcys,114,Φόρκυϊ,,,,,,,,,,,,,,,,,,,,,,,,,,,,,,,,,,,,,,
1755,100244849,and,114,δ’,,,,,,,,,,,,,,,,,,,,,,,,,,,,,,,,,,,,,,
1756,100244850,and,114,αὖ,,,,,,,,,,,,,,,,,,,,,,,,,,,,,,,,,,,,,,
1757,100244851,Ceto,114,Κητὼ,,,,,,,,,,,,,,,,,,,,,,,,,,,,,,,,,,,,,,
1758,100244852,Graeae,114,Γραίας,,,,,,,,,,,,,,,,,,,,,,,,,,,,,,,,,,,,,,
1759,100244853,bore,114,τέκε,,,,,,,,,,,,,,,,,,,,,,,,,,,,,,,,,,,,,,
1760,100244854,beautiful-cheeked,114,καλλιπαρῄους,,,,,,,,,,,,,,,,,,,,,,,,,,,,,,,,,,,,,,
1761,100244855,from,114,ἐκ,,,,,,,,,,,,,,,,,,,,,,,,,,,,,,,,,,,,,,
1762,100244856,womb,114,γενετῆς,,,,,,,,,,,,,,,,,,,,,,,,,,,,,,,,,,,,,,
1763,100244857,grey,114,πολιάς,,,,,,,,,,,,,,,,,,,,,,,,,,,,,,,,,,,,,,
1764,100244859,these,114,τὰς,,,,,,,,,,,,,,,,,,,,,,,,,,,,,,,,,,,,,,
1765,100244861,Graeae,114,Γραίας,,,,,,,,,,,,,,,,,,,,,,,,,,,,,,,,,,,,,,
1766,100244863,immortals,114,ἀθάνατοί,,,,,,,,,,,,,,,,,,,,,,,,,,,,,,,,,,,,,,
1767,100244865,gods,114,θεοὶ,,,,,,,,,,,,,,,,,,,,,,,,,,,,,,,,,,,,,,
1768,100244862,call,114,καλέουσιν,,,,,,,,,,,,,,,,,,,,,,,,,,,,,,,,,,,,,,
1769,100244866,on the earth,114,χαμαὶ,,,,,,,,,,,,,,,,,,,,,,,,,,,,,,,,,,,,,,
1770,100244867,dwell,114,ἐρχόμενοί,,,,,,,,,,,,,,,,,,,,,,,,,,,,,,,,,,,,,,
1771,100244869,men,114,ἄνθρωποι,,,,,,,,,,,,,,,,,,,,,,,,,,,,,,,,,,,,,,
1772,100244871,Pemphredo,114,Πεμφρηδώ,,,,,,,,,,,,,,,,,,,,,,,,,,,,,,,,,,,,,,
1773,100244873,fair-robed,114,ἐύπεπλον,,,,,,,,,,,,,,,,,,,,,,,,,,,,,,,,,,,,,,
1774,100244874,Enyo,114,Ἐνυώ,,,,,,,,,,,,,,,,,,,,,,,,,,,,,,,,,,,,,,
1775,100244878,Gorgons,114,Γοργούς,,,,,,,,,,,,,,,,,,,,,,,,,,,,,,,,,,,,,,
1776,100244881,who,114,αἳ,,,,,,,,,,,,,,,,,,,,,,,,,,,,,,,,,,,,,,
1777,100244882,dwell,114,ναίουσι,,,,,,,,,,,,,,,,,,,,,,,,,,,,,,,,,,,,,,
1778,100244883,beyond,114,πέρην,,,,,,,,,,,,,,,,,,,,,,,,,,,,,,,,,,,,,,
1779,100244884,famous,114,κλυτοῦ,,,,,,,,,,,,,,,,,,,,,,,,,,,,,,,,,,,,,,
1780,100244885,Ocean,114,Ὠκεανοῖο,,,,,,,,,,,,,,,,,,,,,,,,,,,,,,,,,,,,,,
1781,100244886,border,114,ἐσχατιῇ,,,,,,,,,,,,,,,,,,,,,,,,,,,,,,,,,,,,,,
1782,100244887,towards,114,πρὸς,,,,,,,,,,,,,,,,,,,,,,,,,,,,,,,,,,,,,,
1783,100244888,Night,114,Νυκτός,,,,,,,,,,,,,,,,,,,,,,,,,,,,,,,,,,,,,,
1784,100244890,where,114,ἵν’,,,,,,,,,,,,,,,,,,,,,,,,,,,,,,,,,,,,,,
1785,100244891,Hesperides,114,Ἑσπερίδες,,,,,,,,,,,,,,,,,,,,,,,,,,,,,,,,,,,,,,
1786,100244892,shrill-voiced,114,λιγύφωνοι,,,,,,,,,,,,,,,,,,,,,,,,,,,,,,,,,,,,,,
1787,100244894,Sthenno,114,Σθεννώ,,,,,,,,,,,,,,,,,,,,,,,,,,,,,,,,,,,,,,
1788,100244896,Euryale,114,Εὐρυάλη,,,,,,,,,,,,,,,,,,,,,,,,,,,,,,,,,,,,,,
1789,100244898,Medusa,114,Μέδουσά,,,,,,,,,,,,,,,,,,,,,,,,,,,,,,,,,,,,,,
1790,100244900,grievous,114,λυγρὰ,,,,,,,,,,,,,,,,,,,,,,,,,,,,,,,,,,,,,,
1791,100244901,fate,114,παθοῦσα,,,,,,,,,,,,,,,,,,,,,,,,,,,,,,,,,,,,,,
1792,100244903,The one,115,ἣ,,,,,,,,,,,,,,,,,,,,,,,,,,,,,,,,,,,,,,
1793,100244905,was,115,ἔην,,,,,,,,,,,,,,,,,,,,,,,,,,,,,,,,,,,,,,
1794,100244906,mortal,115,θνητή,,,,,,,,,,,,,,,,,,,,,,,,,,,,,,,,,,,,,,
1795,100244908,the others,115,αἳ,,,,,,,,,,,,,,,,,,,,,,,,,,,,,,,,,,,,,,
1796,100244910,immortal,115,ἀθάνατοι,,,,,,,,,,,,,,,,,,,,,,,,,,,,,,,,,,,,,,
1797,100244912,ageless,115,ἀγήρῳ,,,,,,,,,,,,,,,,,,,,,,,,,,,,,,,,,,,,,,
1798,100244914,the two,115,αἱ,,,,,,,,,,,,,,,,,,,,,,,,,,,,,,,,,,,,,,
1799,100244918,And,116,δὲ,,,,,,,,,,,,,,,,,,,,,,,,,,,,,,,,,,,,,,
1800,100244921,Blue-Tressed,116,Κυανοχαίτης,,,,,,,,,,,,,,,,,,,,,,,,,,,,,,,,,,,,,,
1801,100244921,One,116,Κυανοχαίτης,,,,,,,,,,,,,,,,,,,,,,,,,,,,,,,,,,,,,,
1802,100244920,passed,116,παρελέξατο,,,,,,,,,,,,,,,,,,,,,,,,,,,,,,,,,,,,,,
1803,100244919,by,116,μιῇ,,,,,,,,,,,,,,,,,,,,,,,,,,,,,,,,,,,,,,
1804,100244917,her,116,τῇ,,,,,,,,,,,,,,,,,,,,,,,,,,,,,,,,,,,,,,
1805,100244922,in,116,ἐν,,,,,,,,,,,,,,,,,,,,,,,,,,,,,,,,,,,,,,
1806,100244923,soft,116,μαλακῷ,,,,,,,,,,,,,,,,,,,,,,,,,,,,,,,,,,,,,,
1807,100244924,meadow,116,λειμῶνι,,,,,,,,,,,,,,,,,,,,,,,,,,,,,,,,,,,,,,
1808,100244925,and,116,καὶ,,,,,,,,,,,,,,,,,,,,,,,,,,,,,,,,,,,,,,
1809,100244926,flowers,116,ἄνθεσιν,,,,,,,,,,,,,,,,,,,,,,,,,,,,,,,,,,,,,,
1810,100244927,spring,116,εἰαρινοῖσιν,,,,,,,,,,,,,,,,,,,,,,,,,,,,,,,,,,,,,,
1811,100244931,When,117,ὅτε,,,,,,,,,,,,,,,,,,,,,,,,,,,,,,,,,,,,,,
1812,100244932,now,117,δὴ,,,,,,,,,,,,,,,,,,,,,,,,,,,,,,,,,,,,,,
1813,100244933,Perseus,117,Περσεὺς,,,,,,,,,,,,,,,,,,,,,,,,,,,,,,,,,,,,,,
1814,100244934,head,117,κεφαλὴν,,,,,,,,,,,,,,,,,,,,,,,,,,,,,,,,,,,,,,
1815,100244935,severed,117,ἀπεδειροτόμησεν,,,,,,,,,,,,,,,,,,,,,,,,,,,,,,,,,,,,,,
1816,100244929,her,117,τῆς,,,,,,,,,,,,,,,,,,,,,,,,,,,,,,,,,,,,,,
1817,100244937,sprang forth,117,ἔκθορε,,,,,,,,,,,,,,,,,,,,,,,,,,,,,,,,,,,,,,
1818,100244938,Chrysaor,117,Χρυσάωρ,,,,,,,,,,,,,,,,,,,,,,,,,,,,,,,,,,,,,,
1819,100244940,great,117,μέγας,,,,,,,,,,,,,,,,,,,,,,,,,,,,,,,,,,,,,,
1820,100244942,Pegasus,117,Πήγασος,,,,,,,,,,,,,,,,,,,,,,,,,,,,,,,,,,,,,,
1821,100244943,horse,117,ἵππος,,,,,,,,,,,,,,,,,,,,,,,,,,,,,,,,,,,,,,
1822,100244945,him,118,τῷ,,,,,,,,,,,,,,,,,,,,,,,,,,,,,,,,,,,,,,
1823,100244946,was,118,μὲν,,,,,,,,,,,,,,,,,,,,,,,,,,,,,,,,,,,,,,
1824,100244947,name,118,ἐπώνυμον,,,,,,,,,,,,,,,,,,,,,,,,,,,,,,,,,,,,,,
1825,100244948,was,118,ἦεν,,,,,,,,,,,,,,,,,,,,,,,,,,,,,,,,,,,,,,
1826,100244950,when,118,ὅτ’,,,,,,,,,,,,,,,,,,,,,,,,,,,,,,,,,,,,,,
1827,100244951,Ocean,118,Ὠκεανοῦ,,,,,,,,,,,,,,,,,,,,,,,,,,,,,,,,,,,,,,
1828,100244952,around,118,περὶ,,,,,,,,,,,,,,,,,,,,,,,,,,,,,,,,,,,,,,
1829,100244953,springs,118,πηγὰς,,,,,,,,,,,,,,,,,,,,,,,,,,,,,,,,,,,,,,
1830,100244954,born,118,γένθ’,,,,,,,,,,,,,,,,,,,,,,,,,,,,,,,,,,,,,,
1831,100244956,he,118,ὃ,,,,,,,,,,,,,,,,,,,,,,,,,,,,,,,,,,,,,,
1832,100244957,he,118,δ’,,,,,,,,,,,,,,,,,,,,,,,,,,,,,,,,,,,,,,
1833,100244958,sword,118,ἄορ,,,,,,,,,,,,,,,,,,,,,,,,,,,,,,,,,,,,,,
1834,100244959,golden,118,χρύσειον,,,,,,,,,,,,,,,,,,,,,,,,,,,,,,,,,,,,,,
1835,100244960,held,118,ἔχων,,,,,,,,,,,,,,,,,,,,,,,,,,,,,,,,,,,,,,
1836,100244961,in,118,μετὰ,,,,,,,,,,,,,,,,,,,,,,,,,,,,,,,,,,,,,,
1837,100244962,hands,118,χερσὶ,,,,,,,,,,,,,,,,,,,,,,,,,,,,,,,,,,,,,,
1838,100244963,beloved,118,φίλῃσιν,,,,,,,,,,,,,,,,,,,,,,,,,,,,,,,,,,,,,,
1839,100244965,Having,119,κα-,,,,,,,,,,,,,,,,,,,,,,,,,,,,,,,,,,,,,,
1840,100244966,the,119,χὠ,,,,,,,,,,,,,,,,,,,,,,,,,,,,,,,,,,,,,,
1841,100244967,mother,119,μὲν,,,,,,,,,,,,,,,,,,,,,,,,,,,,,,,,,,,,,,
1842,100244968,flown,119,ἀποπτάμενος,,,,,,,,,,,,,,,,,,,,,,,,,,,,,,,,,,,,,,
1843,100244969,away,119,προλιπὼν,,,,,,,,,,,,,,,,,,,,,,,,,,,,,,,,,,,,,,
1844,100244970,from,119,χθόνα,,,,,,,,,,,,,,,,,,,,,,,,,,,,,,,,,,,,,,
1845,100244971,the,119,",",,,,,,,,,,,,,,,,,,,,,,,,,,,,,,,,,,,,,,
1846,100244972,land,119,μητέρα,,,,,,,,,,,,,,,,,,,,,,,,,,,,,,,,,,,,,,
1847,100244973,of,119,μήλων,,,,,,,,,,,,,,,,,,,,,,,,,,,,,,,,,,,,,,
1848,100244974,flocks,119,",",,,,,,,,,,,,,,,,,,,,,,,,,,,,,,,,,,,,,,
1849,100244975,come,119,ἵκετ’,,,,,,,,,,,,,,,,,,,,,,,,,,,,,,,,,,,,,,
1850,100244976,to,119,ἐς,,,,,,,,,,,,,,,,,,,,,,,,,,,,,,,,,,,,,,
1851,100244977,the,119,ἀθανάτους,,,,,,,,,,,,,,,,,,,,,,,,,,,,,,,,,,,,,,
1852,100244978,immortals,119,.,,,,,,,,,,,,,,,,,,,,,,,,,,,,,,,,,,,,,,
1853,100244980,And,120,δ’,,,,,,,,,,,,,,,,,,,,,,,,,,,,,,,,,,,,,,
1854,100244981,in,120,ἐν,,,,,,,,,,,,,,,,,,,,,,,,,,,,,,,,,,,,,,
1855,100244982,houses,120,δώμασι,,,,,,,,,,,,,,,,,,,,,,,,,,,,,,,,,,,,,,
1856,100244979,Zeus,120,Ζηνὸς,,,,,,,,,,,,,,,,,,,,,,,,,,,,,,,,,,,,,,
1857,100244983,dwells,120,ναίει,,,,,,,,,,,,,,,,,,,,,,,,,,,,,,,,,,,,,,
1858,100244984,thunder,120,βροντήν,,,,,,,,,,,,,,,,,,,,,,,,,,,,,,,,,,,,,,
1859,100244985,and,120,τε,,,,,,,,,,,,,,,,,,,,,,,,,,,,,,,,,,,,,,
1860,100244986,lightning,120,στεροπήν,,,,,,,,,,,,,,,,,,,,,,,,,,,,,,,,,,,,,,
1861,100244988,bringing,120,φέρων,,,,,,,,,,,,,,,,,,,,,,,,,,,,,,,,,,,,,,
1862,100244989,Zeus,120,Διὶ,,,,,,,,,,,,,,,,,,,,,,,,,,,,,,,,,,,,,,
1863,100244990,counsel,120,μητιόεντι,,,,,,,,,,,,,,,,,,,,,,,,,,,,,,,,,,,,,,
1864,100244992,Chrysaor,121,Χρυσάωρ,,,,,,,,,,,,,,,,,,,,,,,,,,,,,,,,,,,,,,
1865,100244993,begot,121,δ’,,,,,,,,,,,,,,,,,,,,,,,,,,,,,,,,,,,,,,
1866,100244994,begot,121,ἔτεκεν,,,,,,,,,,,,,,,,,,,,,,,,,,,,,,,,,,,,,,
1867,100244995,three-headed,121,τρικέφαλον,,,,,,,,,,,,,,,,,,,,,,,,,,,,,,,,,,,,,,
1868,100244996,Geryon,121,Γηρυονῆα,,,,,,,,,,,,,,,,,,,,,,,,,,,,,,,,,,,,,,
1869,100244997,having lain,121,μιχθεὶς,,,,,,,,,,,,,,,,,,,,,,,,,,,,,,,,,,,,,,
1870,100244998,Callirhoe,121,Καλλιρόῃ,,,,,,,,,,,,,,,,,,,,,,,,,,,,,,,,,,,,,,
1871,100244999,daughter,121,κούρῃ,,,,,,,,,,,,,,,,,,,,,,,,,,,,,,,,,,,,,,
1872,100245000,renowned,121,κλυτοῦ,,,,,,,,,,,,,,,,,,,,,,,,,,,,,,,,,,,,,,
1873,100245001,Oceanus,121,Ὠκεανοῖο,,,,,,,,,,,,,,,,,,,,,,,,,,,,,,,,,,,,,,
1874,100245003,Him,122,τὸν,,,,,,,,,,,,,,,,,,,,,,,,,,,,,,,,,,,,,,
1875,100245004,indeed,122,μὲν,,,,,,,,,,,,,,,,,,,,,,,,,,,,,,,,,,,,,,
1876,100245005,Heracles,122,ἄρ’,,,,,,,,,,,,,,,,,,,,,,,,,,,,,,,,,,,,,,
1877,100245006,drove,122,ἐξενάριξε,,,,,,,,,,,,,,,,,,,,,,,,,,,,,,,,,,,,,,
1878,100245007,with force,122,βίη,,,,,,,,,,,,,,,,,,,,,,,,,,,,,,,,,,,,,,
1879,100245008,Heracles,122,Ἡρακληείη,,,,,,,,,,,,,,,,,,,,,,,,,,,,,,,,,,,,,,
1880,100245009,oxen,122,βουσὶ,,,,,,,,,,,,,,,,,,,,,,,,,,,,,,,,,,,,,,
1881,100245010,from,122,παρ’,,,,,,,,,,,,,,,,,,,,,,,,,,,,,,,,,,,,,,
1882,100245011,swift-footed,122,εἰλιπόδεσσι,,,,,,,,,,,,,,,,,,,,,,,,,,,,,,,,,,,,,,
1883,100245012,beside,122,περιρρύτῳ,,,,,,,,,,,,,,,,,,,,,,,,,,,,,,,,,,,,,,
1884,100245013,in,122,εἰν,,,,,,,,,,,,,,,,,,,,,,,,,,,,,,,,,,,,,,
1885,100245014,Erytheia,122,Ἐρυθείῃ,,,,,,,,,,,,,,,,,,,,,,,,,,,,,,,,,,,,,,
1886,100245015,on,122,ἤματι,,,,,,,,,,,,,,,,,,,,,,,,,,,,,,,,,,,,,,
1887,100245016,that,122,τῷ,,,,,,,,,,,,,,,,,,,,,,,,,,,,,,,,,,,,,,
1888,100245017,day,122,ὅτε,,,,,,,,,,,,,,,,,,,,,,,,,,,,,,,,,,,,,,
1889,100245018,very,122,περ,,,,,,,,,,,,,,,,,,,,,,,,,,,,,,,,,,,,,,
1890,100245019,cattle,122,βοῦς,,,,,,,,,,,,,,,,,,,,,,,,,,,,,,,,,,,,,,
1891,100245020,drove,122,ἤλασεν,,,,,,,,,,,,,,,,,,,,,,,,,,,,,,,,,,,,,,
1892,100245021,broad-browed,122,εὐρυμετώπους,,,,,,,,,,,,,,,,,,,,,,,,,,,,,,,,,,,,,,
1893,100245022,Tiryns,122,Τίρυνθ’,,,,,,,,,,,,,,,,,,,,,,,,,,,,,,,,,,,,,,
1894,100245023,to,122,εἰς,,,,,,,,,,,,,,,,,,,,,,,,,,,,,,,,,,,,,,
1895,100245024,sacred,122,ἱερὴν,,,,,,,,,,,,,,,,,,,,,,,,,,,,,,,,,,,,,,
1896,100245025,crossing,122,διαβὰς,,,,,,,,,,,,,,,,,,,,,,,,,,,,,,,,,,,,,,
1897,100245026,ford,122,πόρον,,,,,,,,,,,,,,,,,,,,,,,,,,,,,,,,,,,,,,
1898,100245027,Oceanus,122,Ὠκεανοῖο,,,,,,,,,,,,,,,,,,,,,,,,,,,,,,,,,,,,,,
1899,100245028,slew,122,Ὄρθον,,,,,,,,,,,,,,,,,,,,,,,,,,,,,,,,,,,,,,
1900,100245029,and,122,τε,,,,,,,,,,,,,,,,,,,,,,,,,,,,,,,,,,,,,,
1901,100245030,killing,122,κτείνας,,,,,,,,,,,,,,,,,,,,,,,,,,,,,,,,,,,,,,
1902,100245031,and,122,καὶ,,,,,,,,,,,,,,,,,,,,,,,,,,,,,,,,,,,,,,
1903,100245032,herdsman,122,βουκόλον,,,,,,,,,,,,,,,,,,,,,,,,,,,,,,,,,,,,,,
1904,100245033,Eurystheus,122,Εὐρυτίωνα,,,,,,,,,,,,,,,,,,,,,,,,,,,,,,,,,,,,,,
1905,100245034,fold,122,σταθμῷ,,,,,,,,,,,,,,,,,,,,,,,,,,,,,,,,,,,,,,
1906,100245035,in,122,ἐν,,,,,,,,,,,,,,,,,,,,,,,,,,,,,,,,,,,,,,
1907,100245036,misty,122,ἠερόεντι,,,,,,,,,,,,,,,,,,,,,,,,,,,,,,,,,,,,,,
1908,100245037,beyond,122,πέρην,,,,,,,,,,,,,,,,,,,,,,,,,,,,,,,,,,,,,,
1909,100245038,famous,122,κλυτοῦ,,,,,,,,,,,,,,,,,,,,,,,,,,,,,,,,,,,,,,
1910,100245039,Oceanus,122,Ὠκεανοῖο,,,,,,,,,,,,,,,,,,,,,,,,,,,,,,,,,,,,,,
1911,100245041,she,123,ἣ,,,,,,,,,,,,,,,,,,,,,,,,,,,,,,,,,,,,,,
1912,100245042,And,123,δ’,,,,,,,,,,,,,,,,,,,,,,,,,,,,,,,,,,,,,,
1913,100245043,bore,123,ἔτεκ’,,,,,,,,,,,,,,,,,,,,,,,,,,,,,,,,,,,,,,
1914,100245044,another,123,ἄλλο,,,,,,,,,,,,,,,,,,,,,,,,,,,,,,,,,,,,,,
1915,100245045,monster,123,πέλωρον,,,,,,,,,,,,,,,,,,,,,,,,,,,,,,,,,,,,,,
1916,100245046,unmanageable,123,ἀμήχανον,,,,,,,,,,,,,,,,,,,,,,,,,,,,,,,,,,,,,,
1917,100245048,anything,123,οὐδὲν,,,,,,,,,,,,,,,,,,,,,,,,,,,,,,,,,,,,,,
1918,100245049,resembling,123,ἐοικὸς,,,,,,,,,,,,,,,,,,,,,,,,,,,,,,,,,,,,,,
1919,100245050,mortal,123,θνητοῖς,,,,,,,,,,,,,,,,,,,,,,,,,,,,,,,,,,,,,,
1920,100245051,men,123,ἀνθρώποις,,,,,,,,,,,,,,,,,,,,,,,,,,,,,,,,,,,,,,
1921,100245052,nor,123,οὐ,,,,,,,,,,,,,,,,,,,,,,,,,,,,,,,,,,,,,,
1922,100245054,to the immortal,123,ἀθανάτοισι,,,,,,,,,,,,,,,,,,,,,,,,,,,,,,,,,,,,,,
1923,100245055,gods,123,θεοῖσιν,,,,,,,,,,,,,,,,,,,,,,,,,,,,,,,,,,,,,,
1924,100245057,cavern,123,σπῆι,,,,,,,,,,,,,,,,,,,,,,,,,,,,,,,,,,,,,,
1925,100245058,in,123,ἔνι,,,,,,,,,,,,,,,,,,,,,,,,,,,,,,,,,,,,,,
1926,100245059,hollow,123,γλαφυρῷ,,,,,,,,,,,,,,,,,,,,,,,,,,,,,,,,,,,,,,
1927,100245060,divine,123,θείην,,,,,,,,,,,,,,,,,,,,,,,,,,,,,,,,,,,,,,
1928,100245061,divine,123,κρατερόφρον’,,,,,,,,,,,,,,,,,,,,,,,,,,,,,,,,,,,,,,
1929,100245062,Echidna,123,Ἔχιδναν,,,,,,,,,,,,,,,,,,,,,,,,,,,,,,,,,,,,,,
1930,100245064,half,123,ἥμισυ,,,,,,,,,,,,,,,,,,,,,,,,,,,,,,,,,,,,,,
1931,100245066,nymph,123,νύμφην,,,,,,,,,,,,,,,,,,,,,,,,,,,,,,,,,,,,,,
1932,100245067,curling,123,ἑλικώπιδα,,,,,,,,,,,,,,,,,,,,,,,,,,,,,,,,,,,,,,
1933,100245068,fair,123,καλλιπάρῃον,,,,,,,,,,,,,,,,,,,,,,,,,,,,,,,,,,,,,,
1934,100245070,half,123,ἥμισυ,,,,,,,,,,,,,,,,,,,,,,,,,,,,,,,,,,,,,,
1935,100245071,again,123,δ’,,,,,,,,,,,,,,,,,,,,,,,,,,,,,,,,,,,,,,
1936,100245072,and,123,αὖτε,,,,,,,,,,,,,,,,,,,,,,,,,,,,,,,,,,,,,,
1937,100245073,snake,123,πέλωρον,,,,,,,,,,,,,,,,,,,,,,,,,,,,,,,,,,,,,,
1938,100245074,snake,123,ὄφιν,,,,,,,,,,,,,,,,,,,,,,,,,,,,,,,,,,,,,,
1939,100245075,terrible,123,δεινόν,,,,,,,,,,,,,,,,,,,,,,,,,,,,,,,,,,,,,,
1940,100245077,mighty,123,μέγαν,,,,,,,,,,,,,,,,,,,,,,,,,,,,,,,,,,,,,,
1941,100245079,variegated,123,αἰόλον,,,,,,,,,,,,,,,,,,,,,,,,,,,,,,,,,,,,,,
1942,100245080,glutton,123,ὠμηστὴν,,,,,,,,,,,,,,,,,,,,,,,,,,,,,,,,,,,,,,
1943,100245082,beneath,123,ὑπὸ,,,,,,,,,,,,,,,,,,,,,,,,,,,,,,,,,,,,,,
1944,100245083,recesses,123,κεύθεσι,,,,,,,,,,,,,,,,,,,,,,,,,,,,,,,,,,,,,,
1945,100245084,earth,123,γαίης,,,,,,,,,,,,,,,,,,,,,,,,,,,,,,,,,,,,,,
1946,100245086,There,124,ἔνθα,,,,,,,,,,,,,,,,,,,,,,,,,,,,,,,,,,,,,,
1947,100245087,lies,124,δέ,,,,,,,,,,,,,,,,,,,,,,,,,,,,,,,,,,,,,,
1948,100245088,a,124,οἱ,,,,,,,,,,,,,,,,,,,,,,,,,,,,,,,,,,,,,,
1949,100245089,hollow,124,σπέος,,,,,,,,,,,,,,,,,,,,,,,,,,,,,,,,,,,,,,
1950,100245090,cave,124,ἐστὶ,,,,,,,,,,,,,,,,,,,,,,,,,,,,,,,,,,,,,,
1951,100245091,deep,124,κάτω,,,,,,,,,,,,,,,,,,,,,,,,,,,,,,,,,,,,,,
1952,100245092,beneath,124,κοίλῃ,,,,,,,,,,,,,,,,,,,,,,,,,,,,,,,,,,,,,,
1953,100245093,a,124,ὑπὸ,,,,,,,,,,,,,,,,,,,,,,,,,,,,,,,,,,,,,,
1954,100245094,rock,124,πέτρῃ,,,,,,,,,,,,,,,,,,,,,,,,,,,,,,,,,,,,,,
1955,100245095,far,124,τηλοῦ,,,,,,,,,,,,,,,,,,,,,,,,,,,,,,,,,,,,,,
1956,100245096,from,124,ἀπ’,,,,,,,,,,,,,,,,,,,,,,,,,,,,,,,,,,,,,,
1957,100245097,the,124,ἀθανάτων,,,,,,,,,,,,,,,,,,,,,,,,,,,,,,,,,,,,,,
1958,100245098,gods,124,τε,,,,,,,,,,,,,,,,,,,,,,,,,,,,,,,,,,,,,,
1959,100245099,who,124,θεῶν,,,,,,,,,,,,,,,,,,,,,,,,,,,,,,,,,,,,,,
1960,100245100,are,124,θνητῶν,,,,,,,,,,,,,,,,,,,,,,,,,,,,,,,,,,,,,,
1961,100245101,immortal,124,τ’,,,,,,,,,,,,,,,,,,,,,,,,,,,,,,,,,,,,,,
1962,100245102,and,124,ἀνθρώπων,,,,,,,,,,,,,,,,,,,,,,,,,,,,,,,,,,,,,,
1963,100245103,from,124,.,,,,,,,,,,,,,,,,,,,,,,,,,,,,,,,,,,,,,,
1964,100245104,mortal,124,,,,,,,,,,,,,,,,,,,,,,,,,,,,,,,,,,,,,,,
1965,100245105,men,124,,,,,,,,,,,,,,,,,,,,,,,,,,,,,,,,,,,,,,,
1966,100245104,There,125,ἔνθ’,,,,,,,,,,,,,,,,,,,,,,,,,,,,,,,,,,,,,,
1967,100245105,then,125,ἄρα,,,,,,,,,,,,,,,,,,,,,,,,,,,,,,,,,,,,,,
1968,100245108,the gods,125,θεοὶ,,,,,,,,,,,,,,,,,,,,,,,,,,,,,,,,,,,,,,
1969,100245107,divided,125,δάσσαντο,,,,,,,,,,,,,,,,,,,,,,,,,,,,,,,,,,,,,,
1970,100245109,famous,125,κλυτὰ,,,,,,,,,,,,,,,,,,,,,,,,,,,,,,,,,,,,,,
1971,100245110,houses,125,δώματα,,,,,,,,,,,,,,,,,,,,,,,,,,,,,,,,,,,,,,
1972,100245111,dwell,125,ναίειν,,,,,,,,,,,,,,,,,,,,,,,,,,,,,,,,,,,,,,
1973,100245114,And,126,δ’,,,,,,,,,,,,,,,,,,,,,,,,,,,,,,,,,,,,,,
1974,100245113,she,126,ἣ,,,,,,,,,,,,,,,,,,,,,,,,,,,,,,,,,,,,,,
1975,100245115,hid,126,ἔρυτ’,,,,,,,,,,,,,,,,,,,,,,,,,,,,,,,,,,,,,,
1976,100245116,in,126,εἰν,,,,,,,,,,,,,,,,,,,,,,,,,,,,,,,,,,,,,,
1977,100245117,Airimoi,126,Ἀρίμοισιν,,,,,,,,,,,,,,,,,,,,,,,,,,,,,,,,,,,,,,
1978,100245118,beneath,126,ὑπὸ,,,,,,,,,,,,,,,,,,,,,,,,,,,,,,,,,,,,,,
1979,100245119,earth,126,χθονὶ,,,,,,,,,,,,,,,,,,,,,,,,,,,,,,,,,,,,,,
1980,100245120,grim,126,λυγρὴ,,,,,,,,,,,,,,,,,,,,,,,,,,,,,,,,,,,,,,
1981,100245123,deathless,126,ἀθάνατος,,,,,,,,,,,,,,,,,,,,,,,,,,,,,,,,,,,,,,
1982,100245124,nymph,126,νύμφη,,,,,,,,,,,,,,,,,,,,,,,,,,,,,,,,,,,,,,
1983,100245121,Echidna,126,Ἔχιδνα,,,,,,,,,,,,,,,,,,,,,,,,,,,,,,,,,,,,,,
1984,100245126,ageless,126,ἀγήραος,,,,,,,,,,,,,,,,,,,,,,,,,,,,,,,,,,,,,,
1985,100245127,days,126,ἤματα,,,,,,,,,,,,,,,,,,,,,,,,,,,,,,,,,,,,,,
1986,100245128,all,126,πάντα,,,,,,,,,,,,,,,,,,,,,,,,,,,,,,,,,,,,,,
1987,100245133,say,127,φασι,,,,,,,,,,,,,,,,,,,,,,,,,,,,,,,,,,,,,,
1988,100245131,that,127,δὲ,,,,,,,,,,,,,,,,,,,,,,,,,,,,,,,,,,,,,,
1989,100245132,Typhon,127,Τυφάονά,,,,,,,,,,,,,,,,,,,,,,,,,,,,,,,,,,,,,,
1990,100245134,mingled,127,μιγήμεναι,,,,,,,,,,,,,,,,,,,,,,,,,,,,,,,,,,,,,,
1991,100245135,with,127,ἐν,,,,,,,,,,,,,,,,,,,,,,,,,,,,,,,,,,,,,,
1992,100245136,love,127,φιλότητι,,,,,,,,,,,,,,,,,,,,,,,,,,,,,,,,,,,,,,
1993,100245144,daughter,127,κούρῃ,,,,,,,,,,,,,,,,,,,,,,,,,,,,,,,,,,,,,,
1994,100245137,terrible,127,δεινόν,,,,,,,,,,,,,,,,,,,,,,,,,,,,,,,,,,,,,,
1995,100245139,violent,127,ὑβριστήν,,,,,,,,,,,,,,,,,,,,,,,,,,,,,,,,,,,,,,
1996,100245141,lawless,127,ἄνομόν,,,,,,,,,,,,,,,,,,,,,,,,,,,,,,,,,,,,,,
1997,100245138,and,127,θ’,,,,,,,,,,,,,,,,,,,,,,,,,,,,,,,,,,,,,,
1998,100245140,and,127,τ’,,,,,,,,,,,,,,,,,,,,,,,,,,,,,,,,,,,,,,
1999,100245142,and,127,θ’,,,,,,,,,,,,,,,,,,,,,,,,,,,,,,,,,,,,,,
2000,100245143,swirling,127,ἑλικώπιδι,,,,,,,,,,,,,,,,,,,,,,,,,,,,,,,,,,,,,,
2001,100245145,.,127,.,,,,,,,,,,,,,,,,,,,,,,,,,,,,,,,,,,,,,,
2002,100245146,she,128,ἣ,,,,,,,,,,,,,,,,,,,,,,,,,,,,,,,,,,,,,,
2003,100245147,And,128,δ’,,,,,,,,,,,,,,,,,,,,,,,,,,,,,,,,,,,,,,
2004,100245148,having bowed low,128,ὑποκυσαμένη,,,,,,,,,,,,,,,,,,,,,,,,,,,,,,,,,,,,,,
2005,100245149,bore,128,τέκετο,,,,,,,,,,,,,,,,,,,,,,,,,,,,,,,,,,,,,,
2006,100245150,strong,128,κρατερόφρονα,,,,,,,,,,,,,,,,,,,,,,,,,,,,,,,,,,,,,,
2007,100245151,mind,128,τέκνα,,,,,,,,,,,,,,,,,,,,,,,,,,,,,,,,,,,,,,
2008,100245153,straight,129,Ὄρθον,,,,,,,,,,,,,,,,,,,,,,,,,,,,,,,,,,,,,,
2009,100245155,First,129,πρῶτον,,,,,,,,,,,,,,,,,,,,,,,,,,,,,,,,,,,,,,
2010,100245156,dog,129,κύνα,,,,,,,,,,,,,,,,,,,,,,,,,,,,,,,,,,,,,,
2011,100245157,bore,129,γείνατο,,,,,,,,,,,,,,,,,,,,,,,,,,,,,,,,,,,,,,
2012,100245158,Geryon,129,Γηρυονῆι,,,,,,,,,,,,,,,,,,,,,,,,,,,,,,,,,,,,,,
2013,100245161,Again,130,αὖτις,,,,,,,,,,,,,,,,,,,,,,,,,,,,,,,,,,,,,,
2014,100245160,second,130,δεύτερον,,,,,,,,,,,,,,,,,,,,,,,,,,,,,,,,,,,,,,
2015,100245162,bore,130,ἔτικτεν,,,,,,,,,,,,,,,,,,,,,,,,,,,,,,,,,,,,,,
2016,100245163,hopeless,130,ἀμήχανον,,,,,,,,,,,,,,,,,,,,,,,,,,,,,,,,,,,,,,
2017,100245167,unspeakable,130,φατειὸν,,,,,,,,,,,,,,,,,,,,,,,,,,,,,,,,,,,,,,
2018,100245168,Cerberus,130,Κέρβερον,,,,,,,,,,,,,,,,,,,,,,,,,,,,,,,,,,,,,,
2019,100245169,ravening,130,ὠμηστήν,,,,,,,,,,,,,,,,,,,,,,,,,,,,,,,,,,,,,,
2020,100245172,hound,130,κύνα,,,,,,,,,,,,,,,,,,,,,,,,,,,,,,,,,,,,,,
2021,100245171,of Hades,130,Ἀίδεω,,,,,,,,,,,,,,,,,,,,,,,,,,,,,,,,,,,,,,
2022,100245173,bronze-voiced,130,χαλκεόφωνον,,,,,,,,,,,,,,,,,,,,,,,,,,,,,,,,,,,,,,
2023,100245175,fifty-headed,130,πεντηκοντακέφαλον,,,,,,,,,,,,,,,,,,,,,,,,,,,,,,,,,,,,,,
2024,100245177,shameless,130,ἀναιδέα,,,,,,,,,,,,,,,,,,,,,,,,,,,,,,,,,,,,,,
2025,100245179,strong,130,κρατερόν,,,,,,,,,,,,,,,,,,,,,,,,,,,,,,,,,,,,,,
2026,100245166,in birth,130,τι,,,,,,,,,,,,,,,,,,,,,,,,,,,,,,,,,,,,,,
2027,100245182,the,131,τὸ,,,,,,,,,,,,,,,,,,,,,,,,,,,,,,,,,,,,,,
2028,100245183,Thirdly,131,τρίτον,,,,,,,,,,,,,,,,,,,,,,,,,,,,,,,,,,,,,,
2029,100245184,Hydra,131,Ὕδρην,,,,,,,,,,,,,,,,,,,,,,,,,,,,,,,,,,,,,,
2030,100245185,again,131,αὖτις,,,,,,,,,,,,,,,,,,,,,,,,,,,,,,,,,,,,,,
2031,100245186,gave birth,131,ἐγείνατο,,,,,,,,,,,,,,,,,,,,,,,,,,,,,,,,,,,,,,
2032,100245187,grievous,131,λυγρὰ,,,,,,,,,,,,,,,,,,,,,,,,,,,,,,,,,,,,,,
2033,100245188,which,131,ἰδυῖαν,,,,,,,,,,,,,,,,,,,,,,,,,,,,,,,,,,,,,,
2034,100245189,Lernaean,131,Λερναίην,,,,,,,,,,,,,,,,,,,,,,,,,,,,,,,,,,,,,,
2035,100245191,which,131,ἣν,,,,,,,,,,,,,,,,,,,,,,,,,,,,,,,,,,,,,,
2036,100245192,nurtured,131,θρέψε,,,,,,,,,,,,,,,,,,,,,,,,,,,,,,,,,,,,,,
2037,100245193,goddess,131,θεὰ,,,,,,,,,,,,,,,,,,,,,,,,,,,,,,,,,,,,,,
2038,100245194,arms,131,λευκώλενος,,,,,,,,,,,,,,,,,,,,,,,,,,,,,,,,,,,,,,
2039,100245195,Hera,131,Ἥρη,,,,,,,,,,,,,,,,,,,,,,,,,,,,,,,,,,,,,,
2040,100245196,unquenchable,131,ἄπλητον,,,,,,,,,,,,,,,,,,,,,,,,,,,,,,,,,,,,,,
2041,100245197,wrath,131,κοτέουσα,,,,,,,,,,,,,,,,,,,,,,,,,,,,,,,,,,,,,,
2042,100245198,might,131,βίῃ,,,,,,,,,,,,,,,,,,,,,,,,,,,,,,,,,,,,,,
2043,100245199,Heracles,131,Ἡρακληείῃ,,,,,,,,,,,,,,,,,,,,,,,,,,,,,,,,,,,,,,
2044,100245201,And,132,καὶ,,,,,,,,,,,,,,,,,,,,,,,,,,,,,,,,,,,,,,
2045,100245202,her,132,τὴν,,,,,,,,,,,,,,,,,,,,,,,,,,,,,,,,,,,,,,
2046,100245203,And,132,μὲν,,,,,,,,,,,,,,,,,,,,,,,,,,,,,,,,,,,,,,
2047,100245204,Zeus,132,Διὸς,,,,,,,,,,,,,,,,,,,,,,,,,,,,,,,,,,,,,,
2048,100245205,son,132,υἱὸς,,,,,,,,,,,,,,,,,,,,,,,,,,,,,,,,,,,,,,
2049,100245206,killed,132,ἐνήρατο,,,,,,,,,,,,,,,,,,,,,,,,,,,,,,,,,,,,,,
2050,100245207,merciless,132,νηλέι,,,,,,,,,,,,,,,,,,,,,,,,,,,,,,,,,,,,,,
2051,100245208,bronze,132,χαλκῷ,,,,,,,,,,,,,,,,,,,,,,,,,,,,,,,,,,,,,,
2052,100245209,Amphitryon,132,Ἀμφιτρυωνιάδης,,,,,,,,,,,,,,,,,,,,,,,,,,,,,,,,,,,,,,
2053,100245210,accompanied,132,σὺν,,,,,,,,,,,,,,,,,,,,,,,,,,,,,,,,,,,,,,
2054,100245211,war-loving,132,ἀρηιφίλῳ,,,,,,,,,,,,,,,,,,,,,,,,,,,,,,,,,,,,,,
2055,100245212,Iolaus,132,Ἰολάῳ,,,,,,,,,,,,,,,,,,,,,,,,,,,,,,,,,,,,,,
2056,100245213,Heracles,132,Ηρακλέης,,,,,,,,,,,,,,,,,,,,,,,,,,,,,,,,,,,,,,
2057,100245214,counsel,132,βουλῇσιν,,,,,,,,,,,,,,,,,,,,,,,,,,,,,,,,,,,,,,
2058,100245215,Athena,132,Ἀθηναίης,,,,,,,,,,,,,,,,,,,,,,,,,,,,,,,,,,,,,,
2059,100245216,leader,132,ἀγελείης,,,,,,,,,,,,,,,,,,,,,,,,,,,,,,,,,,,,,,
2060,100245218,She,133,ἣ,,,,,,,,,,,,,,,,,,,,,,,,,,,,,,,,,,,,,,
2061,100245219,also,133,δὲ,,,,,,,,,,,,,,,,,,,,,,,,,,,,,,,,,,,,,,
2062,100245220,the Chimaera,133,Χίμαιραν,,,,,,,,,,,,,,,,,,,,,,,,,,,,,,,,,,,,,,
2063,100245221,bore,133,ἔτικτε,,,,,,,,,,,,,,,,,,,,,,,,,,,,,,,,,,,,,,
2064,100245222,breathing,133,πνέουσαν,,,,,,,,,,,,,,,,,,,,,,,,,,,,,,,,,,,,,,
2065,100245223,unquenchable,133,ἀμαιμάκετον,,,,,,,,,,,,,,,,,,,,,,,,,,,,,,,,,,,,,,
2066,100245224,fire,133,πῦρ,,,,,,,,,,,,,,,,,,,,,,,,,,,,,,,,,,,,,,
2067,100245226,terrible,133,δεινήν,,,,,,,,,,,,,,,,,,,,,,,,,,,,,,,,,,,,,,
2068,100245228,great,133,μεγάλην,,,,,,,,,,,,,,,,,,,,,,,,,,,,,,,,,,,,,,
2069,100245230,swift-footed,133,ποδώκεά,,,,,,,,,,,,,,,,,,,,,,,,,,,,,,,,,,,,,,
2070,100245232,strong,133,κρατερήν,,,,,,,,,,,,,,,,,,,,,,,,,,,,,,,,,,,,,,
2071,100245235,her,134,τῆς,,,,,,,,,,,,,,,,,,,,,,,,,,,,,,,,,,,,,,
2072,100245236,And,134,δ’,,,,,,,,,,,,,,,,,,,,,,,,,,,,,,,,,,,,,,
2073,100245237,were,134,ἦν,,,,,,,,,,,,,,,,,,,,,,,,,,,,,,,,,,,,,,
2074,100245238,three,134,τρεῖς,,,,,,,,,,,,,,,,,,,,,,,,,,,,,,,,,,,,,,
2075,100245239,heads,134,κεφαλαί,,,,,,,,,,,,,,,,,,,,,,,,,,,,,,,,,,,,,,
2076,100245241,One,135,μία,,,,,,,,,,,,,,,,,,,,,,,,,,,,,,,,,,,,,,
2077,100245242,part,135,μὲν,,,,,,,,,,,,,,,,,,,,,,,,,,,,,,,,,,,,,,
2078,100245243,lion-bringing,135,χαροποῖο,,,,,,,,,,,,,,,,,,,,,,,,,,,,,,,,,,,,,,
2079,100245244,[beast],135,λέοντος,,,,,,,,,,,,,,,,,,,,,,,,,,,,,,,,,,,,,,
2080,100245246,another,135,ἣ,,,,,,,,,,,,,,,,,,,,,,,,,,,,,,,,,,,,,,
2081,100245247,of,135,δὲ,,,,,,,,,,,,,,,,,,,,,,,,,,,,,,,,,,,,,,
2082,100245248,a,135,χιμαίρης,,,,,,,,,,,,,,,,,,,,,,,,,,,,,,,,,,,,,,
2083,100245248,Chimaera,135,χιμαίρης,,,,,,,,,,,,,,,,,,,,,,,,,,,,,,,,,,,,,,
2084,100245250,another,135,ἣ,,,,,,,,,,,,,,,,,,,,,,,,,,,,,,,,,,,,,,
2085,100245251,of,135,δ’,,,,,,,,,,,,,,,,,,,,,,,,,,,,,,,,,,,,,,
2086,100245252,a,135,ὄφιος,,,,,,,,,,,,,,,,,,,,,,,,,,,,,,,,,,,,,,
2087,100245252,snake,135,ὄφιος,,,,,,,,,,,,,,,,,,,,,,,,,,,,,,,,,,,,,,
2088,100245254,powerful,135,κρατεροῖο,,,,,,,,,,,,,,,,,,,,,,,,,,,,,,,,,,,,,,
2089,100245255,dragon,135,δράκοντος,,,,,,,,,,,,,,,,,,,,,,,,,,,,,,,,,,,,,,
2090,100245257,in,135,πρόσθε,,,,,,,,,,,,,,,,,,,,,,,,,,,,,,,,,,,,,,
2091,100245258,front,135,λέων,,,,,,,,,,,,,,,,,,,,,,,,,,,,,,,,,,,,,,
2092,100245260,behind,135,ὄπιθεν,,,,,,,,,,,,,,,,,,,,,,,,,,,,,,,,,,,,,,
2093,100245262,dragon,135,δράκων,,,,,,,,,,,,,,,,,,,,,,,,,,,,,,,,,,,,,,
2094,100245264,middle,135,μέσση,,,,,,,,,,,,,,,,,,,,,,,,,,,,,,,,,,,,,,
2095,100245266,Chimaera,135,χίμαιρα,,,,,,,,,,,,,,,,,,,,,,,,,,,,,,,,,,,,,,
2096,100245268,terrible,135,δεινὸν,,,,,,,,,,,,,,,,,,,,,,,,,,,,,,,,,,,,,,
2097,100245269,breathing,135,ἀποπνείουσα,,,,,,,,,,,,,,,,,,,,,,,,,,,,,,,,,,,,,,
2098,100245270,of,135,πυρὸς,,,,,,,,,,,,,,,,,,,,,,,,,,,,,,,,,,,,,,
2099,100245271,strength,135,μένος,,,,,,,,,,,,,,,,,,,,,,,,,,,,,,,,,,,,,,
2100,100245272,burning,135,αἰθομένοιο,,,,,,,,,,,,,,,,,,,,,,,,,,,,,,,,,,,,,,
2101,100245270,fire,135,πυρὸς,,,,,,,,,,,,,,,,,,,,,,,,,,,,,,,,,,,,,,
2102,100245274,Him,136,τὴν,,,,,,,,,,,,,,,,,,,,,,,,,,,,,,,,,,,,,,
2103,100245275,Him,136,μὲν,,,,,,,,,,,,,,,,,,,,,,,,,,,,,,,,,,,,,,
2104,100245276,Pegasus,136,Πήγασος,,,,,,,,,,,,,,,,,,,,,,,,,,,,,,,,,,,,,,
2105,100245277,caught,136,εἷλε,,,,,,,,,,,,,,,,,,,,,,,,,,,,,,,,,,,,,,
2106,100245278,and,136,καὶ,,,,,,,,,,,,,,,,,,,,,,,,,,,,,,,,,,,,,,
2107,100245279,noble,136,ἐσθλὸς,,,,,,,,,,,,,,,,,,,,,,,,,,,,,,,,,,,,,,
2108,100245280,Bellerophon,136,Βελλεροφόντης,,,,,,,,,,,,,,,,,,,,,,,,,,,,,,,,,,,,,,
2109,100245282,She,137,ἣ,,,,,,,,,,,,,,,,,,,,,,,,,,,,,,,,,,,,,,
2110,100245285,the Sphinx,137,Φῖκ’,,,,,,,,,,,,,,,,,,,,,,,,,,,,,,,,,,,,,,
2111,100245287,bore,137,τέκε,,,,,,,,,,,,,,,,,,,,,,,,,,,,,,,,,,,,,,
2112,100245286,deadly,137,ὀλοὴν,,,,,,,,,,,,,,,,,,,,,,,,,,,,,,,,,,,,,,
2113,100245289,destruction,137,ὄλεθρον,,,,,,,,,,,,,,,,,,,,,,,,,,,,,,,,,,,,,,
2114,100245288,for the people of Cadmus,137,Καδμείοισιν,,,,,,,,,,,,,,,,,,,,,,,,,,,,,,,,,,,,,,
2115,100245294,lion,137,λέοντα,,,,,,,,,,,,,,,,,,,,,,,,,,,,,,,,,,,,,,
2116,100245292,Nemean,137,Νεμειαῖόν,,,,,,,,,,,,,,,,,,,,,,,,,,,,,,,,,,,,,,
2117,100245296,whom,137,τόν,,,,,,,,,,,,,,,,,,,,,,,,,,,,,,,,,,,,,,
2118,100245298,Hera,137,Ἥρη,,,,,,,,,,,,,,,,,,,,,,,,,,,,,,,,,,,,,,
2119,100245301,glorious,137,κυδρὴ,,,,,,,,,,,,,,,,,,,,,,,,,,,,,,,,,,,,,,
2120,100245302,consort,137,παράκοιτις,,,,,,,,,,,,,,,,,,,,,,,,,,,,,,,,,,,,,,
2121,100245300,Zeus,137,Διὸς,,,,,,,,,,,,,,,,,,,,,,,,,,,,,,,,,,,,,,
2122,100245299,raised,137,θρέψασα,,,,,,,,,,,,,,,,,,,,,,,,,,,,,,,,,,,,,,
2123,100245304,laid,137,κατένασσε,,,,,,,,,,,,,,,,,,,,,,,,,,,,,,,,,,,,,,
2124,100245303,low,137,γουνοῖσιν,,,,,,,,,,,,,,,,,,,,,,,,,,,,,,,,,,,,,,
2125,100245305,of Nemea,137,Νεμείης,,,,,,,,,,,,,,,,,,,,,,,,,,,,,,,,,,,,,,
2126,100245307,a calamity,137,πῆμ’,,,,,,,,,,,,,,,,,,,,,,,,,,,,,,,,,,,,,,
2127,100245308,for mankind,137,ἀνθρώποις,,,,,,,,,,,,,,,,,,,,,,,,,,,,,,,,,,,,,,
2128,100245310,There,138,ἔνθ’,,,,,,,,,,,,,,,,,,,,,,,,,,,,,,,,,,,,,,
2129,100245311,indeed,138,ἄρ’,,,,,,,,,,,,,,,,,,,,,,,,,,,,,,,,,,,,,,
2130,100245312,he,138,ὃ,,,,,,,,,,,,,,,,,,,,,,,,,,,,,,,,,,,,,,
2131,100245314,took away,138,ἐλεφαίρετο,,,,,,,,,,,,,,,,,,,,,,,,,,,,,,,,,,,,,,
2132,100245315,tribes,138,φῦλ’,,,,,,,,,,,,,,,,,,,,,,,,,,,,,,,,,,,,,,
2133,100245316,men,138,ἀνθρώπων,,,,,,,,,,,,,,,,,,,,,,,,,,,,,,,,,,,,,,
2134,100245318,dwelt,138,κοιρανέων,,,,,,,,,,,,,,,,,,,,,,,,,,,,,,,,,,,,,,
2135,100245319,Cretan,138,Τρητοῖο,,,,,,,,,,,,,,,,,,,,,,,,,,,,,,,,,,,,,,
2136,100245320,Nemean,138,Νεμείης,,,,,,,,,,,,,,,,,,,,,,,,,,,,,,,,,,,,,,
2137,100245322,Apesas,138,Ἀπέσαντος,,,,,,,,,,,,,,,,,,,,,,,,,,,,,,,,,,,,,,
2138,100245321,and,138,ἠδ’,,,,,,,,,,,,,,,,,,,,,,,,,,,,,,,,,,,,,,
2139,100245324,But,139,ἀλλά,,,,,,,,,,,,,,,,,,,,,,,,,,,,,,,,,,,,,,
2140,100245325,of,139,ἑ,,,,,,,,,,,,,,,,,,,,,,,,,,,,,,,,,,,,,,
2141,100245326,fiber,139,ἲς,,,,,,,,,,,,,,,,,,,,,,,,,,,,,,,,,,,,,,
2142,100245328,of,139,βίης,,,,,,,,,,,,,,,,,,,,,,,,,,,,,,,,,,,,,,
2143,100245329,Heracles',139,Ἡρακληείης,,,,,,,,,,,,,,,,,,,,,,,,,,,,,,,,,,,,,,
2144,100245327,tamed,139,ἐδάμασσε,,,,,,,,,,,,,,,,,,,,,,,,,,,,,,,,,,,,,,
2145,100245325,it,139,ἑ,,,,,,,,,,,,,,,,,,,,,,,,,,,,,,,,,,,,,,
2146,100245331,Ceto,140,Κητὼ,,,,,,,,,,,,,,,,,,,,,,,,,,,,,,,,,,,,,,
2147,100245332,And,140,δ’,,,,,,,,,,,,,,,,,,,,,,,,,,,,,,,,,,,,,,
2148,100245336,having,140,μιγεῖσα,,,,,,,,,,,,,,,,,,,,,,,,,,,,,,,,,,,,,,
2149,100245335,love,140,φιλότητι,,,,,,,,,,,,,,,,,,,,,,,,,,,,,,,,,,,,,,
2150,100245334,Phorcys,140,Φόρκυι,,,,,,,,,,,,,,,,,,,,,,,,,,,,,,,,,,,,,,
2151,100245336,mingled,140,μιγεῖσα,,,,,,,,,,,,,,,,,,,,,,,,,,,,,,,,,,,,,,
2152,100245337,gave,140,γείνατο,,,,,,,,,,,,,,,,,,,,,,,,,,,,,,,,,,,,,,
2153,100245333,most,140,ὁπλότατον,,,,,,,,,,,,,,,,,,,,,,,,,,,,,,,,,,,,,,
2154,100245338,hideous,140,δεινὸν,,,,,,,,,,,,,,,,,,,,,,,,,,,,,,,,,,,,,,
2155,100245339,snake,140,ὄφιν,,,,,,,,,,,,,,,,,,,,,,,,,,,,,,,,,,,,,,
2156,100245341,who,140,ὃς,,,,,,,,,,,,,,,,,,,,,,,,,,,,,,,,,,,,,,
2157,100245350,guards,140,φυλάσσει,,,,,,,,,,,,,,,,,,,,,,,,,,,,,,,,,,,,,,
2158,100245348,golden,140,παγχρύσεα,,,,,,,,,,,,,,,,,,,,,,,,,,,,,,,,,,,,,,
2159,100245349,apples,140,μῆλα,,,,,,,,,,,,,,,,,,,,,,,,,,,,,,,,,,,,,,
2160,100245346,in,140,ἐν,,,,,,,,,,,,,,,,,,,,,,,,,,,,,,,,,,,,,,
2161,100245342,secret,140,ἐρεμνῆς,,,,,,,,,,,,,,,,,,,,,,,,,,,,,,,,,,,,,,
2162,100245343,recesses,140,κεύθεσι,,,,,,,,,,,,,,,,,,,,,,,,,,,,,,,,,,,,,,
2163,100245344,earth,140,γαίης,,,,,,,,,,,,,,,,,,,,,,,,,,,,,,,,,,,,,,
2164,100245347,great,140,μεγάλοις,,,,,,,,,,,,,,,,,,,,,,,,,,,,,,,,,,,,,,
2165,100245345,boundaries,140,πείρασιν,,,,,,,,,,,,,,,,,,,,,,,,,,,,,,,,,,,,,,
2166,100245352,This,141,τοῦτο,,,,,,,,,,,,,,,,,,,,,,,,,,,,,,,,,,,,,,
2167,100245353,is,141,μὲν,,,,,,,,,,,,,,,,,,,,,,,,,,,,,,,,,,,,,,
2168,100245354,from,141,ἐκ,,,,,,,,,,,,,,,,,,,,,,,,,,,,,,,,,,,,,,
2169,100245355,Ceto,141,Κητοῦς,,,,,,,,,,,,,,,,,,,,,,,,,,,,,,,,,,,,,,
2170,100245356,and,141,καὶ,,,,,,,,,,,,,,,,,,,,,,,,,,,,,,,,,,,,,,
2171,100245357,Phorcys,141,Φόρκυνος,,,,,,,,,,,,,,,,,,,,,,,,,,,,,,,,,,,,,,
2172,100245358,lineage,141,γένος,,,,,,,,,,,,,,,,,,,,,,,,,,,,,,,,,,,,,,
2173,100245361,Tethys,142,Τηθὺς,,,,,,,,,,,,,,,,,,,,,,,,,,,,,,,,,,,,,,
2174,100245362,And,142,δ’,,,,,,,,,,,,,,,,,,,,,,,,,,,,,,,,,,,,,,
2175,100245363,Ocean,142,Ὠκεανῷ,,,,,,,,,,,,,,,,,,,,,,,,,,,,,,,,,,,,,,
2176,100245364,rivers,142,Ποταμοὺς,,,,,,,,,,,,,,,,,,,,,,,,,,,,,,,,,,,,,,
2177,100245365,bore,142,τέκε,,,,,,,,,,,,,,,,,,,,,,,,,,,,,,,,,,,,,,
2178,100245366,eddying,142,δινήεντας,,,,,,,,,,,,,,,,,,,,,,,,,,,,,,,,,,,,,,
2179,100245368,Nile,142,Νεῖλόν,,,,,,,,,,,,,,,,,,,,,,,,,,,,,,,,,,,,,,
2180,100245369,and,142,τ’,,,,,,,,,,,,,,,,,,,,,,,,,,,,,,,,,,,,,,
2181,100245370,Alpheus,142,Ἀλφειόν,,,,,,,,,,,,,,,,,,,,,,,,,,,,,,,,,,,,,,
2182,100245371,and,142,τε,,,,,,,,,,,,,,,,,,,,,,,,,,,,,,,,,,,,,,
2183,100245372,and,142,καὶ,,,,,,,,,,,,,,,,,,,,,,,,,,,,,,,,,,,,,,
2184,100245373,Eridanus,142,Ἠριδανὸν,,,,,,,,,,,,,,,,,,,,,,,,,,,,,,,,,,,,,,
2185,100245374,deep-eddying,142,βαθυδίνην,,,,,,,,,,,,,,,,,,,,,,,,,,,,,,,,,,,,,,
2186,100245375,Strymon,142,Στρυμόνα,,,,,,,,,,,,,,,,,,,,,,,,,,,,,,,,,,,,,,
2187,100245376,Maeander,142,Μαίανδρόν,,,,,,,,,,,,,,,,,,,,,,,,,,,,,,,,,,,,,,
2188,100245377,and,142,τε,,,,,,,,,,,,,,,,,,,,,,,,,,,,,,,,,,,,,,
2189,100245378,and,142,καὶ,,,,,,,,,,,,,,,,,,,,,,,,,,,,,,,,,,,,,,
2190,100245379,Istros,142,Ἴστρον,,,,,,,,,,,,,,,,,,,,,,,,,,,,,,,,,,,,,,
2191,100245380,well-flowing,142,καλλιρέεθρον,,,,,,,,,,,,,,,,,,,,,,,,,,,,,,,,,,,,,,
2192,100245381,Phasis,142,Φᾶσίν,,,,,,,,,,,,,,,,,,,,,,,,,,,,,,,,,,,,,,
2193,100245382,and,142,τε,,,,,,,,,,,,,,,,,,,,,,,,,,,,,,,,,,,,,,
2194,100245383,Rhesus,142,Ῥῆσόν,,,,,,,,,,,,,,,,,,,,,,,,,,,,,,,,,,,,,,
2195,100245384,and,142,τ’,,,,,,,,,,,,,,,,,,,,,,,,,,,,,,,,,,,,,,
2196,100245385,Achelous,142,Ἀχελώιόν,,,,,,,,,,,,,,,,,,,,,,,,,,,,,,,,,,,,,,
2197,100245386,and,142,τ’,,,,,,,,,,,,,,,,,,,,,,,,,,,,,,,,,,,,,,
2198,100245387,silver-eddying,142,ἀργυροδίνην,,,,,,,,,,,,,,,,,,,,,,,,,,,,,,,,,,,,,,
2199,100245388,Nessus,142,Νέσσον,,,,,,,,,,,,,,,,,,,,,,,,,,,,,,,,,,,,,,
2200,100245389,and,142,τε,,,,,,,,,,,,,,,,,,,,,,,,,,,,,,,,,,,,,,
2201,100245390,Rhodius,142,Ῥοδίον,,,,,,,,,,,,,,,,,,,,,,,,,,,,,,,,,,,,,,
2202,100245391,and,142,θ’,,,,,,,,,,,,,,,,,,,,,,,,,,,,,,,,,,,,,,
2203,100245392,Aliacmon,142,Ἁλιάκμονά,,,,,,,,,,,,,,,,,,,,,,,,,,,,,,,,,,,,,,
2204,100245393,and,142,θ’,,,,,,,,,,,,,,,,,,,,,,,,,,,,,,,,,,,,,,
2205,100245394,seven-bridged,142,Ἑπτάπορόν,,,,,,,,,,,,,,,,,,,,,,,,,,,,,,,,,,,,,,
2206,100245395,Eptaporos,142,τε,,,,,,,,,,,,,,,,,,,,,,,,,,,,,,,,,,,,,,
2207,100245396,Grenicus,142,Γρήνικόν,,,,,,,,,,,,,,,,,,,,,,,,,,,,,,,,,,,,,,
2208,100245397,and,142,τε,,,,,,,,,,,,,,,,,,,,,,,,,,,,,,,,,,,,,,
2209,100245398,and,142,καὶ,,,,,,,,,,,,,,,,,,,,,,,,,,,,,,,,,,,,,,
2210,100245399,Aesopus,142,Αἴσηπον,,,,,,,,,,,,,,,,,,,,,,,,,,,,,,,,,,,,,,
2211,100245400,divine,142,θεῖόν,,,,,,,,,,,,,,,,,,,,,,,,,,,,,,,,,,,,,,
2212,100245401,and,142,τε,,,,,,,,,,,,,,,,,,,,,,,,,,,,,,,,,,,,,,
2213,100245402,Simoeis,142,Σιμοῦντα,,,,,,,,,,,,,,,,,,,,,,,,,,,,,,,,,,,,,,
2214,100245403,Aesopus,142,Πηνειόν,,,,,,,,,,,,,,,,,,,,,,,,,,,,,,,,,,,,,,
2215,100245404,and,142,τε,,,,,,,,,,,,,,,,,,,,,,,,,,,,,,,,,,,,,,
2216,100245405,and,142,καὶ,,,,,,,,,,,,,,,,,,,,,,,,,,,,,,,,,,,,,,
2217,100245406,Hermus,142,Ἕρμον,,,,,,,,,,,,,,,,,,,,,,,,,,,,,,,,,,,,,,
2218,100245407,broad-flowing,142,ἐυρρείτην,,,,,,,,,,,,,,,,,,,,,,,,,,,,,,,,,,,,,,
2219,100245408,and,142,τε,,,,,,,,,,,,,,,,,,,,,,,,,,,,,,,,,,,,,,
2220,100245409,Caicus,142,Κάικον,,,,,,,,,,,,,,,,,,,,,,,,,,,,,,,,,,,,,,
2221,100245410,Sangarius,142,Σαγγάριόν,,,,,,,,,,,,,,,,,,,,,,,,,,,,,,,,,,,,,,
2222,100245411,and,142,τε,,,,,,,,,,,,,,,,,,,,,,,,,,,,,,,,,,,,,,
2223,100245412,great,142,μέγαν,,,,,,,,,,,,,,,,,,,,,,,,,,,,,,,,,,,,,,
2224,100245413,Ladon,142,Λάδωνά,,,,,,,,,,,,,,,,,,,,,,,,,,,,,,,,,,,,,,
2225,100245414,and,142,τε,,,,,,,,,,,,,,,,,,,,,,,,,,,,,,,,,,,,,,
2226,100245415,Parthenion,142,Παρθένιόν,,,,,,,,,,,,,,,,,,,,,,,,,,,,,,,,,,,,,,
2227,100245416,and,142,τε,,,,,,,,,,,,,,,,,,,,,,,,,,,,,,,,,,,,,,
2228,100245417,Euenus,142,Εὔηνόν,,,,,,,,,,,,,,,,,,,,,,,,,,,,,,,,,,,,,,
2229,100245418,and,142,τε,,,,,,,,,,,,,,,,,,,,,,,,,,,,,,,,,,,,,,
2230,100245419,and,142,καὶ,,,,,,,,,,,,,,,,,,,,,,,,,,,,,,,,,,,,,,
2231,100245420,Ardeskos,142,Ἄρδησκον,,,,,,,,,,,,,,,,,,,,,,,,,,,,,,,,,,,,,,
2232,100245421,divine,142,θεῖόν,,,,,,,,,,,,,,,,,,,,,,,,,,,,,,,,,,,,,,
2233,100245422,and,142,τε,,,,,,,,,,,,,,,,,,,,,,,,,,,,,,,,,,,,,,
2234,100245423,Scamander,142,Σκάμανδρον,,,,,,,,,,,,,,,,,,,,,,,,,,,,,,,,,,,,,,
2235,100245425,bore,143,τίκτε,,,,,,,,,,,,,,,,,,,,,,,,,,,,,,,,,,,,,,
2236,100245426,a,143,δὲ,,,,,,,,,,,,,,,,,,,,,,,,,,,,,,,,,,,,,,
2237,100245427,holy,143,θυγατέρων,,,,,,,,,,,,,,,,,,,,,,,,,,,,,,,,,,,,,,
2238,100245428,race,143,ἱερὸν,,,,,,,,,,,,,,,,,,,,,,,,,,,,,,,,,,,,,,
2239,100245429,of,143,γένος,,,,,,,,,,,,,,,,,,,,,,,,,,,,,,,,,,,,,,
2240,100245431,daughters,143,αἳ,,,,,,,,,,,,,,,,,,,,,,,,,,,,,,,,,,,,,,
2241,100245432,who,143,κατὰ,,,,,,,,,,,,,,,,,,,,,,,,,,,,,,,,,,,,,,
2242,100245433,",",143,γαῖαν,,,,,,,,,,,,,,,,,,,,,,,,,,,,,,,,,,,,,,
2243,100245434,with,143,ἄνδρας,,,,,,,,,,,,,,,,,,,,,,,,,,,,,,,,,,,,,,
2244,100245435,King,143,κουρίζουσι,,,,,,,,,,,,,,,,,,,,,,,,,,,,,,,,,,,,,,
2245,100245436,Apollo,143,σὺν,,,,,,,,,,,,,,,,,,,,,,,,,,,,,,,,,,,,,,
2246,100245437,and,143,Ἀπόλλωνι,,,,,,,,,,,,,,,,,,,,,,,,,,,,,,,,,,,,,,
2247,100245438,the,143,ἄνακτι,,,,,,,,,,,,,,,,,,,,,,,,,,,,,,,,,,,,,,
2248,100245439,Rivers,143,καὶ,,,,,,,,,,,,,,,,,,,,,,,,,,,,,,,,,,,,,,
2249,100245440,rule,143,Ποταμοῖς,,,,,,,,,,,,,,,,,,,,,,,,,,,,,,,,,,,,,,
2250,100245441,over,143,",",,,,,,,,,,,,,,,,,,,,,,,,,,,,,,,,,,,,,,
2251,100245442,men,143,ταύτην,,,,,,,,,,,,,,,,,,,,,,,,,,,,,,,,,,,,,,
2252,100245443,on,143,δὲ,,,,,,,,,,,,,,,,,,,,,,,,,,,,,,,,,,,,,,
2253,100245444,the,143,Διὸς,,,,,,,,,,,,,,,,,,,,,,,,,,,,,,,,,,,,,,
2254,100245445,earth,143,πάρα,,,,,,,,,,,,,,,,,,,,,,,,,,,,,,,,,,,,,,
2255,100245446,;,143,μοῖραν,,,,,,,,,,,,,,,,,,,,,,,,,,,,,,,,,,,,,,
2256,100245447,this,143,ἔχουσι,,,,,,,,,,,,,,,,,,,,,,,,,,,,,,,,,,,,,,
2257,100245448,share,143,",",,,,,,,,,,,,,,,,,,,,,,,,,,,,,,,,,,,,,,
2258,100245449,they,143,Πειθώ,,,,,,,,,,,,,,,,,,,,,,,,,,,,,,,,,,,,,,
2259,100245450,hold,143,τ’,,,,,,,,,,,,,,,,,,,,,,,,,,,,,,,,,,,,,,
2260,100245451,beside,143,Ἀδμήτη,,,,,,,,,,,,,,,,,,,,,,,,,,,,,,,,,,,,,,
2261,100245452,Zeus,143,τε,,,,,,,,,,,,,,,,,,,,,,,,,,,,,,,,,,,,,,
2262,100245453,These,143,Ἰάνθη,,,,,,,,,,,,,,,,,,,,,,,,,,,,,,,,,,,,,,
2263,100245454,are,143,τ’,,,,,,,,,,,,,,,,,,,,,,,,,,,,,,,,,,,,,,
2264,100245455,Persuasion,143,Ἠλέκτρη,,,,,,,,,,,,,,,,,,,,,,,,,,,,,,,,,,,,,,
2265,100245456,and,143,τε,,,,,,,,,,,,,,,,,,,,,,,,,,,,,,,,,,,,,,
2266,100245457,Admete,143,Δωρίς,,,,,,,,,,,,,,,,,,,,,,,,,,,,,,,,,,,,,,
2267,100245458,and,143,τε,,,,,,,,,,,,,,,,,,,,,,,,,,,,,,,,,,,,,,
2268,100245459,Ianthe,143,Πρυμνώ,,,,,,,,,,,,,,,,,,,,,,,,,,,,,,,,,,,,,,
2269,100245460,and,143,τε,,,,,,,,,,,,,,,,,,,,,,,,,,,,,,,,,,,,,,
2270,100245461,Electra,143,καὶ,,,,,,,,,,,,,,,,,,,,,,,,,,,,,,,,,,,,,,
2271,100245462,and,143,Οὐρανίη,,,,,,,,,,,,,,,,,,,,,,,,,,,,,,,,,,,,,,
2272,100245463,Doris,143,θεοειδὴς,,,,,,,,,,,,,,,,,,,,,,,,,,,,,,,,,,,,,,
2273,100245464,and,143,Ἱππώ,,,,,,,,,,,,,,,,,,,,,,,,,,,,,,,,,,,,,,
2274,100245465,Prymno,143,τε,,,,,,,,,,,,,,,,,,,,,,,,,,,,,,,,,,,,,,
2275,100245466,and,143,Κλυμένη,,,,,,,,,,,,,,,,,,,,,,,,,,,,,,,,,,,,,,
2276,100245467,Urania,143,τε,,,,,,,,,,,,,,,,,,,,,,,,,,,,,,,,,,,,,,
2277,100245468,godlike,143,Ῥόδειά,,,,,,,,,,,,,,,,,,,,,,,,,,,,,,,,,,,,,,
2278,100245469,and,143,τε,,,,,,,,,,,,,,,,,,,,,,,,,,,,,,,,,,,,,,
2279,100245470,Hippo,143,Καλλιρόη,,,,,,,,,,,,,,,,,,,,,,,,,,,,,,,,,,,,,,
2280,100245471,and,143,τε,,,,,,,,,,,,,,,,,,,,,,,,,,,,,,,,,,,,,,
2281,100245472,Clymene,143,Ζευξώ,,,,,,,,,,,,,,,,,,,,,,,,,,,,,,,,,,,,,,
2282,100245473,and,143,τε,,,,,,,,,,,,,,,,,,,,,,,,,,,,,,,,,,,,,,
2283,100245474,Roedia,143,Κλυτίη,,,,,,,,,,,,,,,,,,,,,,,,,,,,,,,,,,,,,,
2284,100245475,and,143,τε,,,,,,,,,,,,,,,,,,,,,,,,,,,,,,,,,,,,,,
2285,100245476,Calliroe,143,Ἰδυῖά,,,,,,,,,,,,,,,,,,,,,,,,,,,,,,,,,,,,,,
2286,100245477,and,143,τε,,,,,,,,,,,,,,,,,,,,,,,,,,,,,,,,,,,,,,
2287,100245478,Zeuxo,143,Πασιθόη,,,,,,,,,,,,,,,,,,,,,,,,,,,,,,,,,,,,,,
2288,100245479,and,143,τε,,,,,,,,,,,,,,,,,,,,,,,,,,,,,,,,,,,,,,
2289,100245480,Clytie,143,Πληξαύρη,,,,,,,,,,,,,,,,,,,,,,,,,,,,,,,,,,,,,,
2290,100245481,and,143,τε,,,,,,,,,,,,,,,,,,,,,,,,,,,,,,,,,,,,,,
2291,100245482,Idyia,143,Γαλαξαύρη,,,,,,,,,,,,,,,,,,,,,,,,,,,,,,,,,,,,,,
2292,100245483,and,143,τ’,,,,,,,,,,,,,,,,,,,,,,,,,,,,,,,,,,,,,,
2293,100245484,Pasithoe,143,ἐρατή,,,,,,,,,,,,,,,,,,,,,,,,,,,,,,,,,,,,,,
2294,100245485,and,143,τε,,,,,,,,,,,,,,,,,,,,,,,,,,,,,,,,,,,,,,
2295,100245486,Plexaure,143,Διώνη,,,,,,,,,,,,,,,,,,,,,,,,,,,,,,,,,,,,,,
2296,100245487,and,143,Μηλόβοσίς,,,,,,,,,,,,,,,,,,,,,,,,,,,,,,,,,,,,,,
2297,100245488,Galaxaura,143,τε,,,,,,,,,,,,,,,,,,,,,,,,,,,,,,,,,,,,,,
2298,100245489,and,143,Φόη,,,,,,,,,,,,,,,,,,,,,,,,,,,,,,,,,,,,,,
2299,100245490,lovely,143,τε,,,,,,,,,,,,,,,,,,,,,,,,,,,,,,,,,,,,,,
2300,100245491,Dioné,143,καὶ,,,,,,,,,,,,,,,,,,,,,,,,,,,,,,,,,,,,,,
2301,100245492,and,143,εὐειδὴς,,,,,,,,,,,,,,,,,,,,,,,,,,,,,,,,,,,,,,
2302,100245493,Melobosis,143,Πολυδώρη,,,,,,,,,,,,,,,,,,,,,,,,,,,,,,,,,,,,,,
2303,100245494,and,143,Κερκηίς,,,,,,,,,,,,,,,,,,,,,,,,,,,,,,,,,,,,,,
2304,100245495,Phoe,143,τε,,,,,,,,,,,,,,,,,,,,,,,,,,,,,,,,,,,,,,
2305,100245496,and,143,φυὴν,,,,,,,,,,,,,,,,,,,,,,,,,,,,,,,,,,,,,,
2306,100245497,fair,143,ἐρατὴ,,,,,,,,,,,,,,,,,,,,,,,,,,,,,,,,,,,,,,
2307,100245498,Polydore,143,Πλουτώ,,,,,,,,,,,,,,,,,,,,,,,,,,,,,,,,,,,,,,
2308,100245499,and,143,τε,,,,,,,,,,,,,,,,,,,,,,,,,,,,,,,,,,,,,,
2309,100245500,Kerkis,143,βοῶπις,,,,,,,,,,,,,,,,,,,,,,,,,,,,,,,,,,,,,,
2310,100245501,of,143,Περσηίς,,,,,,,,,,,,,,,,,,,,,,,,,,,,,,,,,,,,,,
2311,100245502,lovely,143,τ’,,,,,,,,,,,,,,,,,,,,,,,,,,,,,,,,,,,,,,
2312,100245503,nature,143,Ἰάνειρά,,,,,,,,,,,,,,,,,,,,,,,,,,,,,,,,,,,,,,
2313,100245504,and,143,τ’,,,,,,,,,,,,,,,,,,,,,,,,,,,,,,,,,,,,,,
2314,100245505,Pluto,143,Ἀκάστη,,,,,,,,,,,,,,,,,,,,,,,,,,,,,,,,,,,,,,
2315,100245506,and,143,τε,,,,,,,,,,,,,,,,,,,,,,,,,,,,,,,,,,,,,,
2316,100245507,ox-eyed,143,Ξάνθη,,,,,,,,,,,,,,,,,,,,,,,,,,,,,,,,,,,,,,
2317,100245508,Perseis,143,τε,,,,,,,,,,,,,,,,,,,,,,,,,,,,,,,,,,,,,,
2318,100245509,and,143,Πετραίη,,,,,,,,,,,,,,,,,,,,,,,,,,,,,,,,,,,,,,
2319,100245510,Ianeira,143,τ’,,,,,,,,,,,,,,,,,,,,,,,,,,,,,,,,,,,,,,
2320,100245511,and,143,ἐρόεσσα,,,,,,,,,,,,,,,,,,,,,,,,,,,,,,,,,,,,,,
2321,100245512,Akaste,143,Μενεσθώ,,,,,,,,,,,,,,,,,,,,,,,,,,,,,,,,,,,,,,
2322,100245513,and,143,τ’,,,,,,,,,,,,,,,,,,,,,,,,,,,,,,,,,,,,,,
2323,100245514,Xanthé,143,Εὐρώπη,,,,,,,,,,,,,,,,,,,,,,,,,,,,,,,,,,,,,,
2324,100245515,and,143,τε,,,,,,,,,,,,,,,,,,,,,,,,,,,,,,,,,,,,,,
2325,100245516,Petreia,143,Μῆτίς,,,,,,,,,,,,,,,,,,,,,,,,,,,,,,,,,,,,,,
2326,100245517,the,143,τ’,,,,,,,,,,,,,,,,,,,,,,,,,,,,,,,,,,,,,,
2327,100245518,warlike,143,Εὐρυνόμη,,,,,,,,,,,,,,,,,,,,,,,,,,,,,,,,,,,,,,
2328,100245519,and,143,τε,,,,,,,,,,,,,,,,,,,,,,,,,,,,,,,,,,,,,,
2329,100245520,Menesto,143,Τελεστώ,,,,,,,,,,,,,,,,,,,,,,,,,,,,,,,,,,,,,,
2330,100245521,and,143,τε,,,,,,,,,,,,,,,,,,,,,,,,,,,,,,,,,,,,,,
2331,100245522,Europe,143,κροκόπεπλος,,,,,,,,,,,,,,,,,,,,,,,,,,,,,,,,,,,,,,
2332,100245523,and,143,Χρυσηίς,,,,,,,,,,,,,,,,,,,,,,,,,,,,,,,,,,,,,,
2333,100245524,Metis,143,τ’,,,,,,,,,,,,,,,,,,,,,,,,,,,,,,,,,,,,,,
2334,100245525,and,143,Ἀσίη,,,,,,,,,,,,,,,,,,,,,,,,,,,,,,,,,,,,,,
2335,100245526,Eurynome,143,τε,,,,,,,,,,,,,,,,,,,,,,,,,,,,,,,,,,,,,,
2336,100245527,and,143,καὶ,,,,,,,,,,,,,,,,,,,,,,,,,,,,,,,,,,,,,,
2337,100245528,Telesto,143,ἱμερόεσσα,,,,,,,,,,,,,,,,,,,,,,,,,,,,,,,,,,,,,,
2338,100245529,the,143,Καλυψὼ,,,,,,,,,,,,,,,,,,,,,,,,,,,,,,,,,,,,,,
2339,100245530,saffron-robed,143,Εὐδώρη,,,,,,,,,,,,,,,,,,,,,,,,,,,,,,,,,,,,,,
2340,100245531,and,143,τε,,,,,,,,,,,,,,,,,,,,,,,,,,,,,,,,,,,,,,
2341,100245532,Chryseis,143,Τύχη,,,,,,,,,,,,,,,,,,,,,,,,,,,,,,,,,,,,,,
2342,100245533,and,143,τε,,,,,,,,,,,,,,,,,,,,,,,,,,,,,,,,,,,,,,
2343,100245534,Asia,143,καὶ,,,,,,,,,,,,,,,,,,,,,,,,,,,,,,,,,,,,,,
2344,100245535,and,143,Ἀμφιρὼ,,,,,,,,,,,,,,,,,,,,,,,,,,,,,,,,,,,,,,
2345,100245536,lovely,143,Ὠκυρόη,,,,,,,,,,,,,,,,,,,,,,,,,,,,,,,,,,,,,,
2346,100245537,Calypso,143,τε,,,,,,,,,,,,,,,,,,,,,,,,,,,,,,,,,,,,,,
2347,100245538,and,143,καὶ,,,,,,,,,,,,,,,,,,,,,,,,,,,,,,,,,,,,,,
2348,100245539,Eudora,143,Στύξ,,,,,,,,,,,,,,,,,,,,,,,,,,,,,,,,,,,,,,
2349,100245540,and,143,",",,,,,,,,,,,,,,,,,,,,,,,,,,,,,,,,,,,,,,
2350,100245541,Tyche,143,ἣ,,,,,,,,,,,,,,,,,,,,,,,,,,,,,,,,,,,,,,
2351,100245542,and,143,δή,,,,,,,,,,,,,,,,,,,,,,,,,,,,,,,,,,,,,,
2352,100245543,Amphiro,143,σφεων,,,,,,,,,,,,,,,,,,,,,,,,,,,,,,,,,,,,,,
2353,100245544,and,143,προφερεστάτη,,,,,,,,,,,,,,,,,,,,,,,,,,,,,,,,,,,,,,
2354,100245545,Ocyroé,143,ἐστὶν,,,,,,,,,,,,,,,,,,,,,,,,,,,,,,,,,,,,,,
2355,100245546,and,143,ἁπασέων,,,,,,,,,,,,,,,,,,,,,,,,,,,,,,,,,,,,,,
2356,100245547,Styx,143,.,,,,,,,,,,,,,,,,,,,,,,,,,,,,,,,,,,,,,,
2357,100245548,who,143,,,,,,,,,,,,,,,,,,,,,,,,,,,,,,,,,,,,,,,
2358,100245549,is,143,,,,,,,,,,,,,,,,,,,,,,,,,,,,,,,,,,,,,,,
2359,100245550,the,143,,,,,,,,,,,,,,,,,,,,,,,,,,,,,,,,,,,,,,,
2360,100245551,most,143,,,,,,,,,,,,,,,,,,,,,,,,,,,,,,,,,,,,,,,
2361,100245552,distinguished,143,,,,,,,,,,,,,,,,,,,,,,,,,,,,,,,,,,,,,,,
2362,100245553,of,143,,,,,,,,,,,,,,,,,,,,,,,,,,,,,,,,,,,,,,,
2363,100245554,them,143,,,,,,,,,,,,,,,,,,,,,,,,,,,,,,,,,,,,,,,
2364,100245555,all,143,,,,,,,,,,,,,,,,,,,,,,,,,,,,,,,,,,,,,,,
2365,100245548,These,144,αὗται,,,,,,,,,,,,,,,,,,,,,,,,,,,,,,,,,,,,,,
2366,100245549,were,144,δ’,,,,,,,,,,,,,,,,,,,,,,,,,,,,,,,,,,,,,,
2367,100245550,Oceanus,144,Ὠκεανοῦ,,,,,,,,,,,,,,,,,,,,,,,,,,,,,,,,,,,,,,
2368,100245551,and,144,καὶ,,,,,,,,,,,,,,,,,,,,,,,,,,,,,,,,,,,,,,
2369,100245552,Tethys,144,Τηθύος,,,,,,,,,,,,,,,,,,,,,,,,,,,,,,,,,,,,,,
2370,100245553,born,144,ἐξεγένοντο,,,,,,,,,,,,,,,,,,,,,,,,,,,,,,,,,,,,,,
2371,100245554,eldest,144,πρεσβύταται,,,,,,,,,,,,,,,,,,,,,,,,,,,,,,,,,,,,,,
2372,100245555,daughters,144,κοῦραι,,,,,,,,,,,,,,,,,,,,,,,,,,,,,,,,,,,,,,
2373,100245557,many,145,πολλαί,,,,,,,,,,,,,,,,,,,,,,,,,,,,,,,,,,,,,,
2374,100245558,indeed,145,γε,,,,,,,,,,,,,,,,,,,,,,,,,,,,,,,,,,,,,,
2375,100245559,indeed,145,μέν,,,,,,,,,,,,,,,,,,,,,,,,,,,,,,,,,,,,,,
2376,100245560,are,145,εἰσι,,,,,,,,,,,,,,,,,,,,,,,,,,,,,,,,,,,,,,
2377,100245561,and,145,καὶ,,,,,,,,,,,,,,,,,,,,,,,,,,,,,,,,,,,,,,
2378,100245562,others,145,ἄλλαι,,,,,,,,,,,,,,,,,,,,,,,,,,,,,,,,,,,,,,
2379,100245565,For,146,γὰρ,,,,,,,,,,,,,,,,,,,,,,,,,,,,,,,,,,,,,,
2380,100245564,three,146,τρὶς,,,,,,,,,,,,,,,,,,,,,,,,,,,,,,,,,,,,,,
2381,100245566,thousand,146,χίλιαί,,,,,,,,,,,,,,,,,,,,,,,,,,,,,,,,,,,,,,
2382,100245567,are,146,εἰσι,,,,,,,,,,,,,,,,,,,,,,,,,,,,,,,,,,,,,,
2383,100245568,long-robed,146,τανύσφυροι,,,,,,,,,,,,,,,,,,,,,,,,,,,,,,,,,,,,,,
2384,100245569,Ocean-nymphs,146,Ὠκεανῖναι,,,,,,,,,,,,,,,,,,,,,,,,,,,,,,,,,,,,,,
2385,100245571,who,146,αἵ,,,,,,,,,,,,,,,,,,,,,,,,,,,,,,,,,,,,,,
2386,100245573,all alike,146,πολυσπερέες,,,,,,,,,,,,,,,,,,,,,,,,,,,,,,,,,,,,,,
2387,100245579,all alike,146,ὁμῶς,,,,,,,,,,,,,,,,,,,,,,,,,,,,,,,,,,,,,,
2388,100245580,follow,146,ἐφέπουσι,,,,,,,,,,,,,,,,,,,,,,,,,,,,,,,,,,,,,,
2389,100245574,the earth,146,γαῖαν,,,,,,,,,,,,,,,,,,,,,,,,,,,,,,,,,,,,,,
2390,100245575,and,146,καὶ,,,,,,,,,,,,,,,,,,,,,,,,,,,,,,,,,,,,,,
2391,100245576,the depths,146,βένθεα,,,,,,,,,,,,,,,,,,,,,,,,,,,,,,,,,,,,,,
2392,100245577,of the lake,146,λίμνης,,,,,,,,,,,,,,,,,,,,,,,,,,,,,,,,,,,,,,
2393,100245578,everywhere,146,πάντη,,,,,,,,,,,,,,,,,,,,,,,,,,,,,,,,,,,,,,
2394,100245582,of the goddesses,146,θεάων,,,,,,,,,,,,,,,,,,,,,,,,,,,,,,,,,,,,,,
2395,100245583,glorious,146,ἀγλαὰ,,,,,,,,,,,,,,,,,,,,,,,,,,,,,,,,,,,,,,
2396,100245584,children,146,τέκνα,,,,,,,,,,,,,,,,,,,,,,,,,,,,,,,,,,,,,,
2397,100245586,so many,147,τόσσοι,,,,,,,,,,,,,,,,,,,,,,,,,,,,,,,,,,,,,,
2398,100245587,And,147,δ’,,,,,,,,,,,,,,,,,,,,,,,,,,,,,,,,,,,,,,
2399,100245588,again,147,αὖθ’,,,,,,,,,,,,,,,,,,,,,,,,,,,,,,,,,,,,,,
2400,100245589,other,147,ἕτεροι,,,,,,,,,,,,,,,,,,,,,,,,,,,,,,,,,,,,,,
2401,100245590,rivers,147,ποταμοὶ,,,,,,,,,,,,,,,,,,,,,,,,,,,,,,,,,,,,,,
2402,100245591,with a roar,147,καναχηδὰ,,,,,,,,,,,,,,,,,,,,,,,,,,,,,,,,,,,,,,
2403,100245592,flowed,147,ῥέοντες,,,,,,,,,,,,,,,,,,,,,,,,,,,,,,,,,,,,,,
2404,100245594,sons,147,υἱέες,,,,,,,,,,,,,,,,,,,,,,,,,,,,,,,,,,,,,,
2405,100245595,of Ocean,147,Ὠκεανοῦ,,,,,,,,,,,,,,,,,,,,,,,,,,,,,,,,,,,,,,
2406,100245597,whom,147,τοὺς,,,,,,,,,,,,,,,,,,,,,,,,,,,,,,,,,,,,,,
2407,100245598,bore,147,γείνατο,,,,,,,,,,,,,,,,,,,,,,,,,,,,,,,,,,,,,,
2408,100245599,Lady,147,πότνια,,,,,,,,,,,,,,,,,,,,,,,,,,,,,,,,,,,,,,
2409,100245600,Tethys,147,Τηθύς,,,,,,,,,,,,,,,,,,,,,,,,,,,,,,,,,,,,,,
2410,100245602,Their,148,τῶν,,,,,,,,,,,,,,,,,,,,,,,,,,,,,,,,,,,,,,
2411,100245603,name,148,ὄνομ’,,,,,,,,,,,,,,,,,,,,,,,,,,,,,,,,,,,,,,
2412,100245604,hard,148,ἀργαλέον,,,,,,,,,,,,,,,,,,,,,,,,,,,,,,,,,,,,,,
2413,100245605,any,148,πάντων,,,,,,,,,,,,,,,,,,,,,,,,,,,,,,,,,,,,,,
2414,100245606,mortal,148,βροτὸν,,,,,,,,,,,,,,,,,,,,,,,,,,,,,,,,,,,,,,
2415,100245607,man,148,ἀνέρ’,,,,,,,,,,,,,,,,,,,,,,,,,,,,,,,,,,,,,,
2416,100245608,speak,148,ἐνισπεῖν,,,,,,,,,,,,,,,,,,,,,,,,,,,,,,,,,,,,,,
2417,100245610,yet,148,οἳ,,,,,,,,,,,,,,,,,,,,,,,,,,,,,,,,,,,,,,
2418,100245611,yet,148,δὲ,,,,,,,,,,,,,,,,,,,,,,,,,,,,,,,,,,,,,,
2419,100245612,each,148,ἕκαστοι,,,,,,,,,,,,,,,,,,,,,,,,,,,,,,,,,,,,,,
2420,100245613,knows,148,ἴσασιν,,,,,,,,,,,,,,,,,,,,,,,,,,,,,,,,,,,,,,
2421,100245615,all,148,ὅσοι,,,,,,,,,,,,,,,,,,,,,,,,,,,,,,,,,,,,,,
2422,100245616,dwell,148,περιναιετάωσιν,,,,,,,,,,,,,,,,,,,,,,,,,,,,,,,,,,,,,,
2423,100245618,divine,149,θεία,,,,,,,,,,,,,,,,,,,,,,,,,,,,,,,,,,,,,,
2424,100245619,And,149,δ’,,,,,,,,,,,,,,,,,,,,,,,,,,,,,,,,,,,,,,
2425,100245620,Sun,149,Ἠέλιόν,,,,,,,,,,,,,,,,,,,,,,,,,,,,,,,,,,,,,,
2426,100245621,and,149,τε,,,,,,,,,,,,,,,,,,,,,,,,,,,,,,,,,,,,,,
2427,100245622,great,149,μέγαν,,,,,,,,,,,,,,,,,,,,,,,,,,,,,,,,,,,,,,
2428,100245623,radiant,149,λαμπράν,,,,,,,,,,,,,,,,,,,,,,,,,,,,,,,,,,,,,,
2429,100245624,and,149,τε,,,,,,,,,,,,,,,,,,,,,,,,,,,,,,,,,,,,,,
2430,100245625,Moon,149,Σελήνην,,,,,,,,,,,,,,,,,,,,,,,,,,,,,,,,,,,,,,
2431,100245626,Dawn,149,Ἠῶ,,,,,,,,,,,,,,,,,,,,,,,,,,,,,,,,,,,,,,
2432,100245627,and,149,θ’,,,,,,,,,,,,,,,,,,,,,,,,,,,,,,,,,,,,,,
2433,100245629,who,149,ἣ,,,,,,,,,,,,,,,,,,,,,,,,,,,,,,,,,,,,,,
2434,100245630,all,149,πάντεσσιν,,,,,,,,,,,,,,,,,,,,,,,,,,,,,,,,,,,,,,
2435,100245631,mortals,149,ἐπιχθονίοισι,,,,,,,,,,,,,,,,,,,,,,,,,,,,,,,,,,,,,,
2436,100245632,shines,149,φαείνει,,,,,,,,,,,,,,,,,,,,,,,,,,,,,,,,,,,,,,
2437,100245633,immortal,149,ἀθανάτοις,,,,,,,,,,,,,,,,,,,,,,,,,,,,,,,,,,,,,,
2438,100245634,and,149,τε,,,,,,,,,,,,,,,,,,,,,,,,,,,,,,,,,,,,,,
2439,100245635,gods,149,θεοῖσι,,,,,,,,,,,,,,,,,,,,,,,,,,,,,,,,,,,,,,
2440,100245637,those,149,τοὶ,,,,,,,,,,,,,,,,,,,,,,,,,,,,,,,,,,,,,,
2441,100245638,sky,149,οὐρανὸν,,,,,,,,,,,,,,,,,,,,,,,,,,,,,,,,,,,,,,
2442,100245639,wide,149,εὐρὺν,,,,,,,,,,,,,,,,,,,,,,,,,,,,,,,,,,,,,,
2443,100245640,possess,149,ἔχουσι,,,,,,,,,,,,,,,,,,,,,,,,,,,,,,,,,,,,,,
2444,100245642,gave,149,γείναθ’,,,,,,,,,,,,,,,,,,,,,,,,,,,,,,,,,,,,,,
2445,100245643,overcome,149,ὑποδμηθεῖσ’,,,,,,,,,,,,,,,,,,,,,,,,,,,,,,,,,,,,,,
2446,100245644,Hyperion,149,Ὑπερίονος,,,,,,,,,,,,,,,,,,,,,,,,,,,,,,,,,,,,,,
2447,100245645,within,149,ἐν,,,,,,,,,,,,,,,,,,,,,,,,,,,,,,,,,,,,,,
2448,100245646,love,149,φιλότητι,,,,,,,,,,,,,,,,,,,,,,,,,,,,,,,,,,,,,,
2449,100245649,But,150,δ’,,,,,,,,,,,,,,,,,,,,,,,,,,,,,,,,,,,,,,
2450,100245648,Ram,150,Κρίῳ,,,,,,,,,,,,,,,,,,,,,,,,,,,,,,,,,,,,,,
2451,100245650,Eurynome,150,Εὐρυβίν,,,,,,,,,,,,,,,,,,,,,,,,,,,,,,,,,,,,,,
2452,100245651,bore,150,τέκεν,,,,,,,,,,,,,,,,,,,,,,,,,,,,,,,,,,,,,,
2453,100245652,in,150,ἐν,,,,,,,,,,,,,,,,,,,,,,,,,,,,,,,,,,,,,,
2454,100245653,affectionate,150,φιλότητι,,,,,,,,,,,,,,,,,,,,,,,,,,,,,,,,,,,,,,
2455,100245654,union,150,μιγεῖσα,,,,,,,,,,,,,,,,,,,,,,,,,,,,,,,,,,,,,,
2456,100245655,Astraeus,150,Ἀστραῖόν,,,,,,,,,,,,,,,,,,,,,,,,,,,,,,,,,,,,,,
2457,100245657,great,150,μέγαν,,,,,,,,,,,,,,,,,,,,,,,,,,,,,,,,,,,,,,
2458,100245658,Pallas,150,Πάλλαντά,,,,,,,,,,,,,,,,,,,,,,,,,,,,,,,,,,,,,,
2459,100245660,divine,150,δῖα,,,,,,,,,,,,,,,,,,,,,,,,,,,,,,,,,,,,,,
2460,100245661,goddess,150,θεάων,,,,,,,,,,,,,,,,,,,,,,,,,,,,,,,,,,,,,,
2461,100245662,Perses,150,Πέρσην,,,,,,,,,,,,,,,,,,,,,,,,,,,,,,,,,,,,,,
2462,100245665,who,150,ὃς,,,,,,,,,,,,,,,,,,,,,,,,,,,,,,,,,,,,,,
2463,100245668,excelled,150,μετέπρεπεν,,,,,,,,,,,,,,,,,,,,,,,,,,,,,,,,,,,,,,
2464,100245667,all,150,πᾶσι,,,,,,,,,,,,,,,,,,,,,,,,,,,,,,,,,,,,,,
2465,100245669,wisdom,150,ἰδμοσύνῃσιν,,,,,,,,,,,,,,,,,,,,,,,,,,,,,,,,,,,,,,
2466,100245672,And,151,δ’,,,,,,,,,,,,,,,,,,,,,,,,,,,,,,,,,,,,,,
2467,100245671,Astraeus,151,Ἀστραίῳ,,,,,,,,,,,,,,,,,,,,,,,,,,,,,,,,,,,,,,
2468,100245673,Dawn,151,Ἠὼς,,,,,,,,,,,,,,,,,,,,,,,,,,,,,,,,,,,,,,
2469,100245675,bore,151,τέκε,,,,,,,,,,,,,,,,,,,,,,,,,,,,,,,,,,,,,,
2470,100245674,winds,151,ἀνέμους,,,,,,,,,,,,,,,,,,,,,,,,,,,,,,,,,,,,,,
2471,100245676,hard,151,καρτεροθύμους,,,,,,,,,,,,,,,,,,,,,,,,,,,,,,,,,,,,,,
2472,100245676,spirit,151,καρτεροθύμους,,,,,,,,,,,,,,,,,,,,,,,,,,,,,,,,,,,,,,
2473,100245678,Argestes,151,ἀργέστην,,,,,,,,,,,,,,,,,,,,,,,,,,,,,,,,,,,,,,
2474,100245679,Zephyrus,151,Ζέφυρον,,,,,,,,,,,,,,,,,,,,,,,,,,,,,,,,,,,,,,
2475,100245681,and,151,τ’,,,,,,,,,,,,,,,,,,,,,,,,,,,,,,,,,,,,,,
2476,100245680,Boreas,151,Βορέην,,,,,,,,,,,,,,,,,,,,,,,,,,,,,,,,,,,,,,
2477,100245682,lofty,151,αἰψηροκέλευθον,,,,,,,,,,,,,,,,,,,,,,,,,,,,,,,,,,,,,,
2478,100245682,way,151,αἰψηροκέλευθον,,,,,,,,,,,,,,,,,,,,,,,,,,,,,,,,,,,,,,
2479,100245683,and,151,καὶ,,,,,,,,,,,,,,,,,,,,,,,,,,,,,,,,,,,,,,
2480,100245684,Notus,151,Νότον,,,,,,,,,,,,,,,,,,,,,,,,,,,,,,,,,,,,,,
2481,100245690,having,151,εὐνηθεῖσα,,,,,,,,,,,,,,,,,,,,,,,,,,,,,,,,,,,,,,
2482,100245690,lain,151,εὐνηθεῖσα,,,,,,,,,,,,,,,,,,,,,,,,,,,,,,,,,,,,,,
2483,100245690,in,151,εὐνηθεῖσα,,,,,,,,,,,,,,,,,,,,,,,,,,,,,,,,,,,,,,
2484,100245690,bed,151,εὐνηθεῖσα,,,,,,,,,,,,,,,,,,,,,,,,,,,,,,,,,,,,,,
2485,100245686,with,151,ἐν,,,,,,,,,,,,,,,,,,,,,,,,,,,,,,,,,,,,,,
2486,100245688,a,151,θεὰ,,,,,,,,,,,,,,,,,,,,,,,,,,,,,,,,,,,,,,
2487,100245688,goddess,151,θεὰ,,,,,,,,,,,,,,,,,,,,,,,,,,,,,,,,,,,,,,
2488,100245687,in,151,φιλότητι,,,,,,,,,,,,,,,,,,,,,,,,,,,,,,,,,,,,,,
2489,100245687,love,151,φιλότητι,,,,,,,,,,,,,,,,,,,,,,,,,,,,,,,,,,,,,,
2490,100245708,Styx,153,Στὺξ,,,,,,,,,,,,,,,,,,,,,,,,,,,,,,,,,,,,,,
2491,100245709,the,153,δ’,,,,,,,,,,,,,,,,,,,,,,,,,,,,,,,,,,,,,,
2492,100245710,bore,153,ἔτεκ’,,,,,,,,,,,,,,,,,,,,,,,,,,,,,,,,,,,,,,
2493,100245711,of,153,Ὠκεανοῦ,,,,,,,,,,,,,,,,,,,,,,,,,,,,,,,,,,,,,,
2494,100245712,daughter,153,θυγάτηρ,,,,,,,,,,,,,,,,,,,,,,,,,,,,,,,,,,,,,,
2495,100245713,Oceanus,153,Πάλλαντι,,,,,,,,,,,,,,,,,,,,,,,,,,,,,,,,,,,,,,
2496,100245715,Zelos,153,Ζῆλον,,,,,,,,,,,,,,,,,,,,,,,,,,,,,,,,,,,,,,
2497,100245716,and,153,καὶ,,,,,,,,,,,,,,,,,,,,,,,,,,,,,,,,,,,,,,
2498,100245717,Victory,153,Νίκην,,,,,,,,,,,,,,,,,,,,,,,,,,,,,,,,,,,,,,
2499,100245718,beautiful,153,καλλίσφυρον,,,,,,,,,,,,,,,,,,,,,,,,,,,,,,,,,,,,,,
2500,100245714,having,153,μιγεῖσα,,,,,,,,,,,,,,,,,,,,,,,,,,,,,,,,,,,,,,
2501,100245713,Pallas,153,Πάλλαντι,,,,,,,,,,,,,,,,,,,,,,,,,,,,,,,,,,,,,,
2502,100245719,in,153,ἐν,,,,,,,,,,,,,,,,,,,,,,,,,,,,,,,,,,,,,,
2503,100245720,halls,153,μεγάροισιν,,,,,,,,,,,,,,,,,,,,,,,,,,,,,,,,,,,,,,
2504,100245722,And,154,καὶ,,,,,,,,,,,,,,,,,,,,,,,,,,,,,,,,,,,,,,
2505,100245723,Power,154,Κράτος,,,,,,,,,,,,,,,,,,,,,,,,,,,,,,,,,,,,,,
2506,100245724,and,154,ἠδὲ,,,,,,,,,,,,,,,,,,,,,,,,,,,,,,,,,,,,,,
2507,100245725,Force,154,Βίην,,,,,,,,,,,,,,,,,,,,,,,,,,,,,,,,,,,,,,
2508,100245726,fair-faced,154,ἀριδείκετα,,,,,,,,,,,,,,,,,,,,,,,,,,,,,,,,,,,,,,
2509,100245727,bore,154,γείνατο,,,,,,,,,,,,,,,,,,,,,,,,,,,,,,,,,,,,,,
2510,100245728,children,154,τέκνα,,,,,,,,,,,,,,,,,,,,,,,,,,,,,,,,,,,,,,
2511,100245730,of whom,154,τῶν,,,,,,,,,,,,,,,,,,,,,,,,,,,,,,,,,,,,,,
2512,100245731,there,154,οὐκ,,,,,,,,,,,,,,,,,,,,,,,,,,,,,,,,,,,,,,
2513,100245732,is,154,ἔστ’,,,,,,,,,,,,,,,,,,,,,,,,,,,,,,,,,,,,,,
2514,100245733,no,154,ἀπάνευθε,,,,,,,,,,,,,,,,,,,,,,,,,,,,,,,,,,,,,,
2515,100245734,Zeus,154,Διὸς,,,,,,,,,,,,,,,,,,,,,,,,,,,,,,,,,,,,,,
2516,100245735,house,154,δόμος,,,,,,,,,,,,,,,,,,,,,,,,,,,,,,,,,,,,,,
2517,100245737,no,154,οὐ,,,,,,,,,,,,,,,,,,,,,,,,,,,,,,,,,,,,,,
2518,100245739,any,154,τις,,,,,,,,,,,,,,,,,,,,,,,,,,,,,,,,,,,,,,
2519,100245740,seat,154,ἕδρη,,,,,,,,,,,,,,,,,,,,,,,,,,,,,,,,,,,,,,
2520,100245742,no,154,οὐ,,,,,,,,,,,,,,,,,,,,,,,,,,,,,,,,,,,,,,
2521,100245744,road,154,ὁδός,,,,,,,,,,,,,,,,,,,,,,,,,,,,,,,,,,,,,,
2522,100245746,where,154,ὅππη,,,,,,,,,,,,,,,,,,,,,,,,,,,,,,,,,,,,,,
2523,100245747,any,154,μὴ,,,,,,,,,,,,,,,,,,,,,,,,,,,,,,,,,,,,,,
2524,100245748,those,154,κείνοις,,,,,,,,,,,,,,,,,,,,,,,,,,,,,,,,,,,,,,
2525,100245749,god,154,θεὸς,,,,,,,,,,,,,,,,,,,,,,,,,,,,,,,,,,,,,,
2526,100245750,rule,154,ἡγεμονεύῃ,,,,,,,,,,,,,,,,,,,,,,,,,,,,,,,,,,,,,,
2527,100245752,but,154,ἀλλ’,,,,,,,,,,,,,,,,,,,,,,,,,,,,,,,,,,,,,,
2528,100245753,always,154,αἰεὶ,,,,,,,,,,,,,,,,,,,,,,,,,,,,,,,,,,,,,,
2529,100245754,dwell,154,πὰρ,,,,,,,,,,,,,,,,,,,,,,,,,,,,,,,,,,,,,,
2530,100245755,Zeus,154,Ζηνὶ,,,,,,,,,,,,,,,,,,,,,,,,,,,,,,,,,,,,,,
2531,100245756,thundering,154,βαρυκτύπῳ,,,,,,,,,,,,,,,,,,,,,,,,,,,,,,,,,,,,,,
2532,100245757,dwell,154,ἑδριόωνται,,,,,,,,,,,,,,,,,,,,,,,,,,,,,,,,,,,,,,
2533,100245760,For,155,γὰρ,,,,,,,,,,,,,,,,,,,,,,,,,,,,,,,,,,,,,,
2534,100245759,thus,155,ὣς,,,,,,,,,,,,,,,,,,,,,,,,,,,,,,,,,,,,,,
2535,100245761,did... make her plan,155,ἐβούλευσεν,,,,,,,,,,,,,,,,,,,,,,,,,,,,,,,,,,,,,,
2536,100245762,Styx,155,Στὺξ,,,,,,,,,,,,,,,,,,,,,,,,,,,,,,,,,,,,,,
2537,100245763,imperishable,155,ἄφθιτος,,,,,,,,,,,,,,,,,,,,,,,,,,,,,,,,,,,,,,
2538,100245764,Oceanid,155,Ὠκεανίνη,,,,,,,,,,,,,,,,,,,,,,,,,,,,,,,,,,,,,,
2539,100245765,on that day,155,ἤματι,,,,,,,,,,,,,,,,,,,,,,,,,,,,,,,,,,,,,,
2540,100245768,when,155,ὅτε,,,,,,,,,,,,,,,,,,,,,,,,,,,,,,,,,,,,,,
2541,100245770,the Olympian,155,Ὀλύμπιος,,,,,,,,,,,,,,,,,,,,,,,,,,,,,,,,,,,,,,
2542,100245771,thunderer,155,ἀστεροπητὴς,,,,,,,,,,,,,,,,,,,,,,,,,,,,,,,,,,,,,,
2543,100245773,summoned,155,ἐκάλεσσε,,,,,,,,,,,,,,,,,,,,,,,,,,,,,,,,,,,,,,
2544,100245769,all,155,πάντας,,,,,,,,,,,,,,,,,,,,,,,,,,,,,,,,,,,,,,
2545,100245772,immortal,155,ἀθανάτους,,,,,,,,,,,,,,,,,,,,,,,,,,,,,,,,,,,,,,
2546,100245774,gods,155,θεοὺς,,,,,,,,,,,,,,,,,,,,,,,,,,,,,,,,,,,,,,
2547,100245775,to,155,ἐς,,,,,,,,,,,,,,,,,,,,,,,,,,,,,,,,,,,,,,
2548,100245776,high,155,μακρὸν,,,,,,,,,,,,,,,,,,,,,,,,,,,,,,,,,,,,,,
2549,100245777,Olympus,155,Ὄλυμπον,,,,,,,,,,,,,,,,,,,,,,,,,,,,,,,,,,,,,,
2550,100245779,she spoke,155,εἶπε,,,,,,,,,,,,,,,,,,,,,,,,,,,,,,,,,,,,,,
2551,100245780,",",155,δ’,,,,,,,,,,,,,,,,,,,,,,,,,,,,,,,,,,,,,,
2552,100245799,saying,155,",",,,,,,,,,,,,,,,,,,,,,,,,,,,,,,,,,,,,,,
2553,100245811,whoever,155,ὅστις,,,,,,,,,,,,,,,,,,,,,,,,,,,,,,,,,,,,,,
2554,100245786,among the gods,155,θεῶν,,,,,,,,,,,,,,,,,,,,,,,,,,,,,,,,,,,,,,
2555,100245788,would fight,155,μάχοιτο,,,,,,,,,,,,,,,,,,,,,,,,,,,,,,,,,,,,,,
2556,100245784,against,155,μετὰ,,,,,,,,,,,,,,,,,,,,,,,,,,,,,,,,,,,,,,
2557,100245787,the Titans,155,Τιτῆσι,,,,,,,,,,,,,,,,,,,,,,,,,,,,,,,,,,,,,,
2558,100245790,must not,155,μή,,,,,,,,,,,,,,,,,,,,,,,,,,,,,,,,,,,,,,
2559,100245791,be deprived,155,τιν’,,,,,,,,,,,,,,,,,,,,,,,,,,,,,,,,,,,,,,
2560,100245793,of his honors,155,γεράων,,,,,,,,,,,,,,,,,,,,,,,,,,,,,,,,,,,,,,
2561,100245796,but,155,δὲ,,,,,,,,,,,,,,,,,,,,,,,,,,,,,,,,,,,,,,
2562,100245797,each one,155,ἕκαστον,,,,,,,,,,,,,,,,,,,,,,,,,,,,,,,,,,,,,,
2563,100245798,would have,155,ἑξέμεν,,,,,,,,,,,,,,,,,,,,,,,,,,,,,,,,,,,,,,
2564,100245795,his own honor,155,τιμὴν,,,,,,,,,,,,,,,,,,,,,,,,,,,,,,,,,,,,,,
2565,100245800,which,155,ἣν,,,,,,,,,,,,,,,,,,,,,,,,,,,,,,,,,,,,,,
2566,100245802,previously,155,πάρος,,,,,,,,,,,,,,,,,,,,,,,,,,,,,,,,,,,,,,
2567,100245805,among the immortal,155,ἀθανάτοισι,,,,,,,,,,,,,,,,,,,,,,,,,,,,,,,,,,,,,,
2568,100245806,gods,155,θεοῖσιν,,,,,,,,,,,,,,,,,,,,,,,,,,,,,,,,,,,,,,
2569,100245808,And she spoke,155,δ’,,,,,,,,,,,,,,,,,,,,,,,,,,,,,,,,,,,,,,
2570,100245811,concerning that man,155,ὅστις,,,,,,,,,,,,,,,,,,,,,,,,,,,,,,,,,,,,,,
2571,100245812,who was,155,ἄτιμος,,,,,,,,,,,,,,,,,,,,,,,,,,,,,,,,,,,,,,
2572,100245816,dishonored,155,ἀγέραστος,,,,,,,,,,,,,,,,,,,,,,,,,,,,,,,,,,,,,,
2573,100245813,under,155,ὑπὸ,,,,,,,,,,,,,,,,,,,,,,,,,,,,,,,,,,,,,,
2574,100245814,Cronus,155,Κρόνου,,,,,,,,,,,,,,,,,,,,,,,,,,,,,,,,,,,,,,
2575,100245815,or,155,ἠδ’,,,,,,,,,,,,,,,,,,,,,,,,,,,,,,,,,,,,,,
2576,100245818,without honor,155,τιμῆς,,,,,,,,,,,,,,,,,,,,,,,,,,,,,,,,,,,,,,
2577,100245824,it is right,155,θέμις,,,,,,,,,,,,,,,,,,,,,,,,,,,,,,,,,,,,,,
2578,100245825,for him,155,ἐστίν,,,,,,,,,,,,,,,,,,,,,,,,,,,,,,,,,,,,,,
2579,100245821,to take a share,155,ἐπιβησέμεν,,,,,,,,,,,,,,,,,,,,,,,,,,,,,,,,,,,,,,
2580,100245818,of honor,155,τιμῆς,,,,,,,,,,,,,,,,,,,,,,,,,,,,,,,,,,,,,,
2581,100245820,and honors,155,γεράων,,,,,,,,,,,,,,,,,,,,,,,,,,,,,,,,,,,,,,
2582,100245827,came,156,ἦλθε,,,,,,,,,,,,,,,,,,,,,,,,,,,,,,,,,,,,,,
2583,100245828,And,156,δ’,,,,,,,,,,,,,,,,,,,,,,,,,,,,,,,,,,,,,,
2584,100245829,first,156,ἄρα,,,,,,,,,,,,,,,,,,,,,,,,,,,,,,,,,,,,,,
2585,100245830,first,156,πρώτη,,,,,,,,,,,,,,,,,,,,,,,,,,,,,,,,,,,,,,
2586,100245831,Styx,156,Στὺξ,,,,,,,,,,,,,,,,,,,,,,,,,,,,,,,,,,,,,,
2587,100245832,unfading,156,ἄφθιτος,,,,,,,,,,,,,,,,,,,,,,,,,,,,,,,,,,,,,,
2588,100245833,to Olympus,156,Οὔλυμπόνδε,,,,,,,,,,,,,,,,,,,,,,,,,,,,,,,,,,,,,,
2589,100245834,with,156,σὺν,,,,,,,,,,,,,,,,,,,,,,,,,,,,,,,,,,,,,,
2590,100245835,her own,156,σφοῖσιν,,,,,,,,,,,,,,,,,,,,,,,,,,,,,,,,,,,,,,
2591,100245836,children,156,παίδεσσι,,,,,,,,,,,,,,,,,,,,,,,,,,,,,,,,,,,,,,
2592,100245837,dear,156,φίλου,,,,,,,,,,,,,,,,,,,,,,,,,,,,,,,,,,,,,,
2593,100245838,through,156,διὰ,,,,,,,,,,,,,,,,,,,,,,,,,,,,,,,,,,,,,,
2594,100245839,counsels,156,μήδεα,,,,,,,,,,,,,,,,,,,,,,,,,,,,,,,,,,,,,,
2595,100245840,father,156,πατρός,,,,,,,,,,,,,,,,,,,,,,,,,,,,,,,,,,,,,,
2596,100245842,her,157,τὴν,,,,,,,,,,,,,,,,,,,,,,,,,,,,,,,,,,,,,,
2597,100245843,But,157,δὲ,,,,,,,,,,,,,,,,,,,,,,,,,,,,,,,,,,,,,,
2598,100245844,Zeus,157,Ζεὺς,,,,,,,,,,,,,,,,,,,,,,,,,,,,,,,,,,,,,,
2599,100245845,honored,157,τίμησε,,,,,,,,,,,,,,,,,,,,,,,,,,,,,,,,,,,,,,
2600,100245847,extra,157,περισσὰ,,,,,,,,,,,,,,,,,,,,,,,,,,,,,,,,,,,,,,
2601,100245848,and,157,δὲ,,,,,,,,,,,,,,,,,,,,,,,,,,,,,,,,,,,,,,
2602,100245849,gifts,157,δῶρα,,,,,,,,,,,,,,,,,,,,,,,,,,,,,,,,,,,,,,
2603,100245850,gave,157,δέδωκεν,,,,,,,,,,,,,,,,,,,,,,,,,,,,,,,,,,,,,,
2604,100245854,For,158,γὰρ,,,,,,,,,,,,,,,,,,,,,,,,,,,,,,,,,,,,,,
2605,100245852,she,158,αὐτὴν,,,,,,,,,,,,,,,,,,,,,,,,,,,,,,,,,,,,,,
2606,100245855,made,158,ἔθηκε,,,,,,,,,,,,,,,,,,,,,,,,,,,,,,,,,,,,,,
2607,100245852,her,158,αὐτὴν,,,,,,,,,,,,,,,,,,,,,,,,,,,,,,,,,,,,,,
2608,100245858,to be,158,ἔμμεναι,,,,,,,,,,,,,,,,,,,,,,,,,,,,,,,,,,,,,,
2609,100245857,great,158,μέγαν,,,,,,,,,,,,,,,,,,,,,,,,,,,,,,,,,,,,,,
2610,100245859,oath,158,ὅρκον,,,,,,,,,,,,,,,,,,,,,,,,,,,,,,,,,,,,,,
2611,100245856,of gods,158,θεῶν,,,,,,,,,,,,,,,,,,,,,,,,,,,,,,,,,,,,,,
2612,100245862,but,158,δ’,,,,,,,,,,,,,,,,,,,,,,,,,,,,,,,,,,,,,,
2613,100245855,made,158,ἔθηκε,,,,,,,,,,,,,,,,,,,,,,,,,,,,,,,,,,,,,,
2614,100245861,her children,158,παῖδας,,,,,,,,,,,,,,,,,,,,,,,,,,,,,,,,,,,,,,
2615,100245867,to be,158,εἶναι,,,,,,,,,,,,,,,,,,,,,,,,,,,,,,,,,,,,,,
2616,100245866,wanderers,158,μεταναιέτας,,,,,,,,,,,,,,,,,,,,,,,,,,,,,,,,,,,,,,
2617,100245863,from home,158,ἤματα,,,,,,,,,,,,,,,,,,,,,,,,,,,,,,,,,,,,,,
2618,100245864,every,158,πάντα,,,,,,,,,,,,,,,,,,,,,,,,,,,,,,,,,,,,,,
2619,100245863,day,158,ἤματα,,,,,,,,,,,,,,,,,,,,,,,,,,,,,,,,,,,,,,
2620,100245869,just,159,ὣς,,,,,,,,,,,,,,,,,,,,,,,,,,,,,,,,,,,,,,
2621,100245870,And,159,δ’,,,,,,,,,,,,,,,,,,,,,,,,,,,,,,,,,,,,,,
2622,100245871,so,159,αὔτως,,,,,,,,,,,,,,,,,,,,,,,,,,,,,,,,,,,,,,
2623,100245872,for all,159,πάντεσσι,,,,,,,,,,,,,,,,,,,,,,,,,,,,,,,,,,,,,,
2624,100245873,completely,159,διαμπερές,,,,,,,,,,,,,,,,,,,,,,,,,,,,,,,,,,,,,,
2625,100245875,as,159,ὥς,,,,,,,,,,,,,,,,,,,,,,,,,,,,,,,,,,,,,,
2626,100245876,fully,159,περ,,,,,,,,,,,,,,,,,,,,,,,,,,,,,,,,,,,,,,
2627,100245877,stood,159,ὑπέστη,,,,,,,,,,,,,,,,,,,,,,,,,,,,,,,,,,,,,,
2628,100245879,accomplish,159,ἐξετέλεσσ’,,,,,,,,,,,,,,,,,,,,,,,,,,,,,,,,,,,,,,
2629,100245881,He,160,αὐτὸς,,,,,,,,,,,,,,,,,,,,,,,,,,,,,,,,,,,,,,
2630,100245882,himself,160,δὲ,,,,,,,,,,,,,,,,,,,,,,,,,,,,,,,,,,,,,,
2631,100245884,rules,160,κρατεῖ,,,,,,,,,,,,,,,,,,,,,,,,,,,,,,,,,,,,,,
2632,100245883,mightily,160,μέγα,,,,,,,,,,,,,,,,,,,,,,,,,,,,,,,,,,,,,,
2633,100245885,and,160,ἠδὲ,,,,,,,,,,,,,,,,,,,,,,,,,,,,,,,,,,,,,,
2634,100245886,reigns,160,ἀνάσσει,,,,,,,,,,,,,,,,,,,,,,,,,,,,,,,,,,,,,,
2635,100245883,supreme,160,μέγα,,,,,,,,,,,,,,,,,,,,,,,,,,,,,,,,,,,,,,
2636,100245888,Phoebe,161,φοίβη,,,,,,,,,,,,,,,,,,,,,,,,,,,,,,,,,,,,,,
2637,100245889,And,161,δ’,,,,,,,,,,,,,,,,,,,,,,,,,,,,,,,,,,,,,,
2638,100245890,went,161,αὖ,,,,,,,,,,,,,,,,,,,,,,,,,,,,,,,,,,,,,,
2639,100245891,Coeus,161,Κοίου,,,,,,,,,,,,,,,,,,,,,,,,,,,,,,,,,,,,,,
2640,100245892,beloved,161,πολυήρατον,,,,,,,,,,,,,,,,,,,,,,,,,,,,,,,,,,,,,,
2641,100245893,went,161,ἦλθεν,,,,,,,,,,,,,,,,,,,,,,,,,,,,,,,,,,,,,,
2642,100245894,to,161,ἐς,,,,,,,,,,,,,,,,,,,,,,,,,,,,,,,,,,,,,,
2643,100245895,bed,161,εὐνήν,,,,,,,,,,,,,,,,,,,,,,,,,,,,,,,,,,,,,,
2644,100245897,conceived,162,κυσαμένη,,,,,,,,,,,,,,,,,,,,,,,,,,,,,,,,,,,,,,
2645,100245898,indeed,162,δὴ,,,,,,,,,,,,,,,,,,,,,,,,,,,,,,,,,,,,,,
2646,100245899,then,162,ἔπειτα,,,,,,,,,,,,,,,,,,,,,,,,,,,,,,,,,,,,,,
2647,100245900,goddess,162,θεὰ,,,,,,,,,,,,,,,,,,,,,,,,,,,,,,,,,,,,,,
2648,100245901,goddess,162,θεοῦ,,,,,,,,,,,,,,,,,,,,,,,,,,,,,,,,,,,,,,
2649,100245902,in,162,ἐν,,,,,,,,,,,,,,,,,,,,,,,,,,,,,,,,,,,,,,
2650,100245903,love,162,φιλότητι,,,,,,,,,,,,,,,,,,,,,,,,,,,,,,,,,,,,,,
2651,100245904,Leto,162,Λητὼ,,,,,,,,,,,,,,,,,,,,,,,,,,,,,,,,,,,,,,
2652,100245905,dark-blue,162,κυανόπεπλον,,,,,,,,,,,,,,,,,,,,,,,,,,,,,,,,,,,,,,
2653,100245906,gave birth,162,ἐγείνατο,,,,,,,,,,,,,,,,,,,,,,,,,,,,,,,,,,,,,,
2654,100245908,gentle,162,μείλιχον,,,,,,,,,,,,,,,,,,,,,,,,,,,,,,,,,,,,,,
2655,100245909,ever,162,αἰεί,,,,,,,,,,,,,,,,,,,,,,,,,,,,,,,,,,,,,,
2656,100245911,kind,162,ἤπιον,,,,,,,,,,,,,,,,,,,,,,,,,,,,,,,,,,,,,,
2657,100245912,men,162,ἀνθρώποισι,,,,,,,,,,,,,,,,,,,,,,,,,,,,,,,,,,,,,,
2658,100245913,and,162,καὶ,,,,,,,,,,,,,,,,,,,,,,,,,,,,,,,,,,,,,,
2659,100245914,immortal,162,ἀθανάτοισι,,,,,,,,,,,,,,,,,,,,,,,,,,,,,,,,,,,,,,
2660,100245915,gods,162,θεοῖσιν,,,,,,,,,,,,,,,,,,,,,,,,,,,,,,,,,,,,,,
2661,100245917,gentle,162,μείλιχον,,,,,,,,,,,,,,,,,,,,,,,,,,,,,,,,,,,,,,
2662,100245918,from,162,ἐξ,,,,,,,,,,,,,,,,,,,,,,,,,,,,,,,,,,,,,,
2663,100245919,beginning,162,ἀρχῆς,,,,,,,,,,,,,,,,,,,,,,,,,,,,,,,,,,,,,,
2664,100245921,gentlest,162,ἀγανώτατον,,,,,,,,,,,,,,,,,,,,,,,,,,,,,,,,,,,,,,
2665,100245922,within,162,ἐντὸς,,,,,,,,,,,,,,,,,,,,,,,,,,,,,,,,,,,,,,
2666,100245923,Olympus,162,Ὀλύμπου,,,,,,,,,,,,,,,,,,,,,,,,,,,,,,,,,,,,,,
2667,100245925,bore,163,γείνατο,,,,,,,,,,,,,,,,,,,,,,,,,,,,,,,,,,,,,,
2668,100245926,And,163,δ’,,,,,,,,,,,,,,,,,,,,,,,,,,,,,,,,,,,,,,
2669,100245927,Asteria,163,Ἀστερίην,,,,,,,,,,,,,,,,,,,,,,,,,,,,,,,,,,,,,,
2670,100245928,fair,163,ἐυώνυμον,,,,,,,,,,,,,,,,,,,,,,,,,,,,,,,,,,,,,,
2671,100245930,whom,163,ἥν,,,,,,,,,,,,,,,,,,,,,,,,,,,,,,,,,,,,,,
2672,100245931,once,163,ποτε,,,,,,,,,,,,,,,,,,,,,,,,,,,,,,,,,,,,,,
2673,100245932,Perses,163,Πέρσης,,,,,,,,,,,,,,,,,,,,,,,,,,,,,,,,,,,,,,
2674,100245933,brought,163,ἠγάγετ’,,,,,,,,,,,,,,,,,,,,,,,,,,,,,,,,,,,,,,
2675,100245934,to,163,ἐς,,,,,,,,,,,,,,,,,,,,,,,,,,,,,,,,,,,,,,
2676,100245935,great,163,μέγα,,,,,,,,,,,,,,,,,,,,,,,,,,,,,,,,,,,,,,
2677,100245936,house,163,δῶμα,,,,,,,,,,,,,,,,,,,,,,,,,,,,,,,,,,,,,,
2678,100245937,dear,163,φίλην,,,,,,,,,,,,,,,,,,,,,,,,,,,,,,,,,,,,,,
2679,100245938,called,163,κεκλῆσθαι,,,,,,,,,,,,,,,,,,,,,,,,,,,,,,,,,,,,,,
2680,100245939,wife,163,ἄκοιτιν,,,,,,,,,,,,,,,,,,,,,,,,,,,,,,,,,,,,,,
2681,100245941,she,164,ἢ,,,,,,,,,,,,,,,,,,,,,,,,,,,,,,,,,,,,,,
2682,100245942,And,164,δ’,,,,,,,,,,,,,,,,,,,,,,,,,,,,,,,,,,,,,,
2683,100245943,having submitted,164,ὑποκυσαμένη,,,,,,,,,,,,,,,,,,,,,,,,,,,,,,,,,,,,,,
2684,100245944,Hecate,164,Ἑκάτην,,,,,,,,,,,,,,,,,,,,,,,,,,,,,,,,,,,,,,
2685,100245945,bore,164,τέκε,,,,,,,,,,,,,,,,,,,,,,,,,,,,,,,,,,,,,,
2686,100245947,him,164,τὴν,,,,,,,,,,,,,,,,,,,,,,,,,,,,,,,,,,,,,,
2687,100245950,whom,164,Ζεὺς,,,,,,,,,,,,,,,,,,,,,,,,,,,,,,,,,,,,,,
2688,100245951,son of Cronus,164,Κρονίδης,,,,,,,,,,,,,,,,,,,,,,,,,,,,,,,,,,,,,,
2689,100245952,honored,164,τίμησε,,,,,,,,,,,,,,,,,,,,,,,,,,,,,,,,,,,,,,
2690,100245948,above,164,περὶ,,,,,,,,,,,,,,,,,,,,,,,,,,,,,,,,,,,,,,
2691,100245949,others,164,πάντων,,,,,,,,,,,,,,,,,,,,,,,,,,,,,,,,,,,,,,
2692,100245954,gave,165,πόρεν,,,,,,,,,,,,,,,,,,,,,,,,,,,,,,,,,,,,,,
2693,100245955,but,165,δέ,,,,,,,,,,,,,,,,,,,,,,,,,,,,,,,,,,,,,,
2694,100245956,him,165,οἱ,,,,,,,,,,,,,,,,,,,,,,,,,,,,,,,,,,,,,,
2695,100245957,glorious,165,ἀγλαὰ,,,,,,,,,,,,,,,,,,,,,,,,,,,,,,,,,,,,,,
2696,100245958,gifts,165,δῶρα,,,,,,,,,,,,,,,,,,,,,,,,,,,,,,,,,,,,,,
2697,100245960,share,165,μοῖραν,,,,,,,,,,,,,,,,,,,,,,,,,,,,,,,,,,,,,,
2698,100245961,to have,165,ἔχειν,,,,,,,,,,,,,,,,,,,,,,,,,,,,,,,,,,,,,,
2699,100245962,land,165,γαίης,,,,,,,,,,,,,,,,,,,,,,,,,,,,,,,,,,,,,,
2700,100245963,and,165,τε,,,,,,,,,,,,,,,,,,,,,,,,,,,,,,,,,,,,,,
2701,100245964,and,165,καὶ,,,,,,,,,,,,,,,,,,,,,,,,,,,,,,,,,,,,,,
2702,100245965,unyielding,165,ἀτρυγέτοιο,,,,,,,,,,,,,,,,,,,,,,,,,,,,,,,,,,,,,,
2703,100245966,sea,165,θαλάσσης,,,,,,,,,,,,,,,,,,,,,,,,,,,,,,,,,,,,,,
2704,100245969,But,166,δὲ,,,,,,,,,,,,,,,,,,,,,,,,,,,,,,,,,,,,,,
2705,100245968,she,166,ἣ,,,,,,,,,,,,,,,,,,,,,,,,,,,,,,,,,,,,,,
2706,100245970,also,166,καὶ,,,,,,,,,,,,,,,,,,,,,,,,,,,,,,,,,,,,,,
2707,100245974,has,166,ἔμμορε,,,,,,,,,,,,,,,,,,,,,,,,,,,,,,,,,,,,,,
2708,100245971,starry,166,ἀστερόεντος,,,,,,,,,,,,,,,,,,,,,,,,,,,,,,,,,,,,,,
2709,100245972,from,166,ἀπ’,,,,,,,,,,,,,,,,,,,,,,,,,,,,,,,,,,,,,,
2710,100245973,sky,166,οὐρανοῦ,,,,,,,,,,,,,,,,,,,,,,,,,,,,,,,,,,,,,,
2711,100245975,honor,166,τιμῆς,,,,,,,,,,,,,,,,,,,,,,,,,,,,,,,,,,,,,,
2712,100245977,and,166,τε,,,,,,,,,,,,,,,,,,,,,,,,,,,,,,,,,,,,,,
2713,100245979,honored,166,τετιμένη,,,,,,,,,,,,,,,,,,,,,,,,,,,,,,,,,,,,,,
2714,100245981,most,166,μάλιστα,,,,,,,,,,,,,,,,,,,,,,,,,,,,,,,,,,,,,,
2715,100245980,is,166,ἐστὶ,,,,,,,,,,,,,,,,,,,,,,,,,,,,,,,,,,,,,,
2716,100245976,immortals,166,ἀθανάτοις,,,,,,,,,,,,,,,,,,,,,,,,,,,,,,,,,,,,,,
2717,100245978,gods,166,θεοῖσι,,,,,,,,,,,,,,,,,,,,,,,,,,,,,,,,,,,,,,
2718,100245984,For,167,γὰρ,,,,,,,,,,,,,,,,,,,,,,,,,,,,,,,,,,,,,,
2719,100245985,now,167,νῦν,,,,,,,,,,,,,,,,,,,,,,,,,,,,,,,,,,,,,,
2720,100245983,too,167,καὶ,,,,,,,,,,,,,,,,,,,,,,,,,,,,,,,,,,,,,,
2721,100245987,whenever,167,ὅτε,,,,,,,,,,,,,,,,,,,,,,,,,,,,,,,,,,,,,,
2722,100245989,someone,167,τις,,,,,,,,,,,,,,,,,,,,,,,,,,,,,,,,,,,,,,
2723,100245990,mortals,167,ἐπιχθονίων,,,,,,,,,,,,,,,,,,,,,,,,,,,,,,,,,,,,,,
2724,100245991,of the,167,ἀνθρώπων,,,,,,,,,,,,,,,,,,,,,,,,,,,,,,,,,,,,,,
2725,100245992,performs,167,ἔρδων,,,,,,,,,,,,,,,,,,,,,,,,,,,,,,,,,,,,,,
2726,100245993,sacred,167,ἱερὰ,,,,,,,,,,,,,,,,,,,,,,,,,,,,,,,,,,,,,,
2727,100245994,beautifully,167,καλὰ,,,,,,,,,,,,,,,,,,,,,,,,,,,,,,,,,,,,,,
2728,100245995,according to,167,κατὰ,,,,,,,,,,,,,,,,,,,,,,,,,,,,,,,,,,,,,,
2729,100245996,custom,167,νόμον,,,,,,,,,,,,,,,,,,,,,,,,,,,,,,,,,,,,,,
2730,100245997,to appease,167,ἱλάσκηται,,,,,,,,,,,,,,,,,,,,,,,,,,,,,,,,,,,,,,
2731,100246000,Hecate,167,Ἑκάτην,,,,,,,,,,,,,,,,,,,,,,,,,,,,,,,,,,,,,,
2732,100245999,calls,167,κικλῄσκει,,,,,,,,,,,,,,,,,,,,,,,,,,,,,,,,,,,,,,
2733,100245988,him,167,πού,,,,,,,,,,,,,,,,,,,,,,,,,,,,,,,,,,,,,,
2734,100246002,much,168,πολλή,,,,,,,,,,,,,,,,,,,,,,,,,,,,,,,,,,,,,,
2735,100246003,And,168,τέ,,,,,,,,,,,,,,,,,,,,,,,,,,,,,,,,,,,,,,
2736,100246004,honor,168,οἱ,,,,,,,,,,,,,,,,,,,,,,,,,,,,,,,,,,,,,,
2737,100246005,followed,168,ἕσπετο,,,,,,,,,,,,,,,,,,,,,,,,,,,,,,,,,,,,,,
2738,100246006,her,168,τιμὴ,,,,,,,,,,,,,,,,,,,,,,,,,,,,,,,,,,,,,,
2739,100246007,if,168,ῥεῖα,,,,,,,,,,,,,,,,,,,,,,,,,,,,,,,,,,,,,,
2740,100246008,she,168,μάλ’,,,,,,,,,,,,,,,,,,,,,,,,,,,,,,,,,,,,,,
2741,100246010,receives,168,ᾧ,,,,,,,,,,,,,,,,,,,,,,,,,,,,,,,,,,,,,,
2742,100246011,with,168,πρόφρων,,,,,,,,,,,,,,,,,,,,,,,,,,,,,,,,,,,,,,
2743,100246012,a,168,γε,,,,,,,,,,,,,,,,,,,,,,,,,,,,,,,,,,,,,,
2744,100246013,ready,168,θεὰ,,,,,,,,,,,,,,,,,,,,,,,,,,,,,,,,,,,,,,
2745,100246014,mind,168,ὑποδέξεται,,,,,,,,,,,,,,,,,,,,,,,,,,,,,,,,,,,,,,
2746,100246015,prayers,168,εὐχάς,,,,,,,,,,,,,,,,,,,,,,,,,,,,,,,,,,,,,,
2747,100246017,she,168,καί,,,,,,,,,,,,,,,,,,,,,,,,,,,,,,,,,,,,,,
2748,100246018,grants,168,τέ,,,,,,,,,,,,,,,,,,,,,,,,,,,,,,,,,,,,,,
2749,100246019,wealth,168,οἱ,,,,,,,,,,,,,,,,,,,,,,,,,,,,,,,,,,,,,,
2750,100246020,to,168,ὄλβον,,,,,,,,,,,,,,,,,,,,,,,,,,,,,,,,,,,,,,
2751,100246021,him,168,ὀπάζει,,,,,,,,,,,,,,,,,,,,,,,,,,,,,,,,,,,,,,
2752,100246023,since,168,ἐπεὶ,,,,,,,,,,,,,,,,,,,,,,,,,,,,,,,,,,,,,,
2753,100246024,power,168,δύναμίς,,,,,,,,,,,,,,,,,,,,,,,,,,,,,,,,,,,,,,
2754,100246025,is,168,γε,,,,,,,,,,,,,,,,,,,,,,,,,,,,,,,,,,,,,,
2755,100246026,at,168,πάρεστιν,,,,,,,,,,,,,,,,,,,,,,,,,,,,,,,,,,,,,,
2756,100246027,hand,168,.,,,,,,,,,,,,,,,,,,,,,,,,,,,,,,,,,,,,,,
2757,100246029,For,169,γὰρ,,,,,,,,,,,,,,,,,,,,,,,,,,,,,,,,,,,,,,
2758,100246028,all those who,169,ὅσσοι,,,,,,,,,,,,,,,,,,,,,,,,,,,,,,,,,,,,,,
2759,100246030,of Earth,169,Γαίης,,,,,,,,,,,,,,,,,,,,,,,,,,,,,,,,,,,,,,
2760,100246034,were born,169,ἐξεγένοντο,,,,,,,,,,,,,,,,,,,,,,,,,,,,,,,,,,,,,,
2761,100246031,and,169,τε,,,,,,,,,,,,,,,,,,,,,,,,,,,,,,,,,,,,,,
2762,100246032,and,169,καὶ,,,,,,,,,,,,,,,,,,,,,,,,,,,,,,,,,,,,,,
2763,100246033,Heaven,169,Οὐρανοῦ,,,,,,,,,,,,,,,,,,,,,,,,,,,,,,,,,,,,,,
2764,100246036,a share,169,τιμὴν,,,,,,,,,,,,,,,,,,,,,,,,,,,,,,,,,,,,,,
2765,100246037,received,169,ἔλαχον,,,,,,,,,,,,,,,,,,,,,,,,,,,,,,,,,,,,,,
2766,100246039,of these,169,τούτων,,,,,,,,,,,,,,,,,,,,,,,,,,,,,,,,,,,,,,
2767,100246041,the lot,169,αἶσαν,,,,,,,,,,,,,,,,,,,,,,,,,,,,,,,,,,,,,,
2768,100246040,is held,169,ἔχει,,,,,,,,,,,,,,,,,,,,,,,,,,,,,,,,,,,,,,
2769,100246042,all,169,ἁπάντων,,,,,,,,,,,,,,,,,,,,,,,,,,,,,,,,,,,,,,
2770,100246048,son,170,Κρονίδης,,,,,,,,,,,,,,,,,,,,,,,,,,,,,,,,,,,,,,
2771,100246048,of,170,Κρονίδης,,,,,,,,,,,,,,,,,,,,,,,,,,,,,,,,,,,,,,
2772,100246048,Cronus,170,Κρονίδης,,,,,,,,,,,,,,,,,,,,,,,,,,,,,,,,,,,,,,
2773,100246047,him,170,μιν,,,,,,,,,,,,,,,,,,,,,,,,,,,,,,,,,,,,,,
2774,100246049,overpower,170,ἐβιήσατο,,,,,,,,,,,,,,,,,,,,,,,,,,,,,,,,,,,,,,
2775,100246053,drive,170,ἀπηύρα,,,,,,,,,,,,,,,,,,,,,,,,,,,,,,,,,,,,,,
2776,100246053,away,170,ἀπηύρα,,,,,,,,,,,,,,,,,,,,,,,,,,,,,,,,,,,,,,
2777,100246057,Titans,170,Τιτῆσι,,,,,,,,,,,,,,,,,,,,,,,,,,,,,,,,,,,,,,
2778,100246060,gods,170,θεοῖσιν,,,,,,,,,,,,,,,,,,,,,,,,,,,,,,,,,,,,,,
2779,100246056,obtained,170,ἔλαχεν,,,,,,,,,,,,,,,,,,,,,,,,,,,,,,,,,,,,,,
2780,100246056,by,170,ἔλαχεν,,,,,,,,,,,,,,,,,,,,,,,,,,,,,,,,,,,,,,
2781,100246056,lot,170,ἔλαχεν,,,,,,,,,,,,,,,,,,,,,,,,,,,,,,,,,,,,,,
2782,100246055,as,170,ὅσσ’,,,,,,,,,,,,,,,,,,,,,,,,,,,,,,,,,,,,,,
2783,100246055,much,170,ὅσσ’,,,,,,,,,,,,,,,,,,,,,,,,,,,,,,,,,,,,,,
2784,100246055,as,170,ὅσσ’,,,,,,,,,,,,,,,,,,,,,,,,,,,,,,,,,,,,,,
2785,100246058,from,170,μετὰ,,,,,,,,,,,,,,,,,,,,,,,,,,,,,,,,,,,,,,
2786,100246059,prior,170,προτέροισι,,,,,,,,,,,,,,,,,,,,,,,,,,,,,,,,,,,,,,
2787,100246063,holds,170,ἔχει,,,,,,,,,,,,,,,,,,,,,,,,,,,,,,,,,,,,,,
2788,100246063,it,170,ἔχει,,,,,,,,,,,,,,,,,,,,,,,,,,,,,,,,,,,,,,
2789,100246065,as,170,ὡς,,,,,,,,,,,,,,,,,,,,,,,,,,,,,,,,,,,,,,
2790,100246066,it,170,τὸ,,,,,,,,,,,,,,,,,,,,,,,,,,,,,,,,,,,,,,
2791,100246067,first,170,πρῶτον,,,,,,,,,,,,,,,,,,,,,,,,,,,,,,,,,,,,,,
2792,100246070,came,170,ἔπλετο,,,,,,,,,,,,,,,,,,,,,,,,,,,,,,,,,,,,,,
2793,100246070,to,170,ἔπλετο,,,,,,,,,,,,,,,,,,,,,,,,,,,,,,,,,,,,,,
2794,100246070,be,170,ἔπλετο,,,,,,,,,,,,,,,,,,,,,,,,,,,,,,,,,,,,,,
2795,100246068,from,170,ἀπ’,,,,,,,,,,,,,,,,,,,,,,,,,,,,,,,,,,,,,,
2796,100246069,beginning,170,ἀρχῆς,,,,,,,,,,,,,,,,,,,,,,,,,,,,,,,,,,,,,,
2797,100246071,portion,170,δασμός,,,,,,,,,,,,,,,,,,,,,,,,,,,,,,,,,,,,,,
2798,100246074,privilege,170,γέρας,,,,,,,,,,,,,,,,,,,,,,,,,,,,,,,,,,,,,,
2799,100246075,on,170,ἐν,,,,,,,,,,,,,,,,,,,,,,,,,,,,,,,,,,,,,,
2800,100246076,earth,170,γαίῃ,,,,,,,,,,,,,,,,,,,,,,,,,,,,,,,,,,,,,,
2801,100246079,sky,170,οὐρανῷ,,,,,,,,,,,,,,,,,,,,,,,,,,,,,,,,,,,,,,
2802,100246081,sea,170,θαλάσσῃ,,,,,,,,,,,,,,,,,,,,,,,,,,,,,,,,,,,,,,
2803,100246094,But,171,ἀλλ’,,,,,,,,,,,,,,,,,,,,,,,,,,,,,,,,,,,,,,
2804,100246089,lesser,171,ἧσσον,,,,,,,,,,,,,,,,,,,,,,,,,,,,,,,,,,,,,,
2805,100246090,goddess,171,θεὰ,,,,,,,,,,,,,,,,,,,,,,,,,,,,,,,,,,,,,,
2806,100246092,in honor,171,τιμῆς,,,,,,,,,,,,,,,,,,,,,,,,,,,,,,,,,,,,,,
2807,100246086,because,171,ὅτι,,,,,,,,,,,,,,,,,,,,,,,,,,,,,,,,,,,,,,
2808,100246087,only-born,171,μουνογενής,,,,,,,,,,,,,,,,,,,,,,,,,,,,,,,,,,,,,,
2809,100246083,not,171,οὐ,,,,,,,,,,,,,,,,,,,,,,,,,,,,,,,,,,,,,,
2810,100246100,since,171,ἐπεὶ,,,,,,,,,,,,,,,,,,,,,,,,,,,,,,,,,,,,,,
2811,100246091,was,171,ἔμμορε,,,,,,,,,,,,,,,,,,,,,,,,,,,,,,,,,,,,,,
2812,100246095,even,171,ἔτι,,,,,,,,,,,,,,,,,,,,,,,,,,,,,,,,,,,,,,
2813,100246096,even,171,καὶ,,,,,,,,,,,,,,,,,,,,,,,,,,,,,,,,,,,,,,
2814,100246097,much,171,πολὺ,,,,,,,,,,,,,,,,,,,,,,,,,,,,,,,,,,,,,,
2815,100246098,more,171,μᾶλλον,,,,,,,,,,,,,,,,,,,,,,,,,,,,,,,,,,,,,,
2816,100246102,honored,171,τίεται,,,,,,,,,,,,,,,,,,,,,,,,,,,,,,,,,,,,,,
2817,100246101,Zeus,171,Ζεὺς,,,,,,,,,,,,,,,,,,,,,,,,,,,,,,,,,,,,,,
2818,100246103,her,171,αὐτήν,,,,,,,,,,,,,,,,,,,,,,,,,,,,,,,,,,,,,,
2819,100246084,she,171,-δ’,,,,,,,,,,,,,,,,,,,,,,,,,,,,,,,,,,,,,,
2820,100246105,whenever,172,ᾧ,,,,,,,,,,,,,,,,,,,,,,,,,,,,,,,,,,,,,,
2821,100246106,And,172,δ’,,,,,,,,,,,,,,,,,,,,,,,,,,,,,,,,,,,,,,
2822,100246107,wills,172,ἐθέλει,,,,,,,,,,,,,,,,,,,,,,,,,,,,,,,,,,,,,,
2823,100246109,greatly,172,μεγάλως,,,,,,,,,,,,,,,,,,,,,,,,,,,,,,,,,,,,,,
2824,100246110,approaches,172,παραγίγνεται,,,,,,,,,,,,,,,,,,,,,,,,,,,,,,,,,,,,,,
2825,100246111,and,172,ἠδ’,,,,,,,,,,,,,,,,,,,,,,,,,,,,,,,,,,,,,,
2826,100246112,brings,172,ὀνίνησιν,,,,,,,,,,,,,,,,,,,,,,,,,,,,,,,,,,,,,,
2827,100246114,in,173,ἔν,,,,,,,,,,,,,,,,,,,,,,,,,,,,,,,,,,,,,,
2828,100246115,and,173,τε,,,,,,,,,,,,,,,,,,,,,,,,,,,,,,,,,,,,,,
2829,100246116,justice,173,δίκῃ,,,,,,,,,,,,,,,,,,,,,,,,,,,,,,,,,,,,,,
2830,100246117,kings,173,βασιλεῦσι,,,,,,,,,,,,,,,,,,,,,,,,,,,,,,,,,,,,,,
2831,100246118,among,173,παρ’,,,,,,,,,,,,,,,,,,,,,,,,,,,,,,,,,,,,,,
2832,100246119,reverence,173,αἰδοίοισι,,,,,,,,,,,,,,,,,,,,,,,,,,,,,,,,,,,,,,
2833,100246120,sits,173,καθίζει,,,,,,,,,,,,,,,,,,,,,,,,,,,,,,,,,,,,,,
2834,100246122,in,173,ἔν,,,,,,,,,,,,,,,,,,,,,,,,,,,,,,,,,,,,,,
2835,100246123,and,173,τ’,,,,,,,,,,,,,,,,,,,,,,,,,,,,,,,,,,,,,,
2836,100246124,assembly,173,ἀγορῇ,,,,,,,,,,,,,,,,,,,,,,,,,,,,,,,,,,,,,,
2837,100246125,people,173,λαοῖσι,,,,,,,,,,,,,,,,,,,,,,,,,,,,,,,,,,,,,,
2838,100246126,stands out,173,μεταπρέπει,,,,,,,,,,,,,,,,,,,,,,,,,,,,,,,,,,,,,,
2839,100246128,whom,173,ὅν,,,,,,,,,,,,,,,,,,,,,,,,,,,,,,,,,,,,,,
2840,100246129,she,173,κ’,,,,,,,,,,,,,,,,,,,,,,,,,,,,,,,,,,,,,,
2841,100246130,wishes,173,ἐθέλῃσιν,,,,,,,,,,,,,,,,,,,,,,,,,,,,,,,,,,,,,,
2842,100246132,And,174,ἠδ’,,,,,,,,,,,,,,,,,,,,,,,,,,,,,,,,,,,,,,
2843,100246133,whenever,174,ὁπότ’,,,,,,,,,,,,,,,,,,,,,,,,,,,,,,,,,,,,,,
2844,100246138,men,174,ἀνέρες,,,,,,,,,,,,,,,,,,,,,,,,,,,,,,,,,,,,,,
2845,100246137,clad,174,θωρήσσωνται,,,,,,,,,,,,,,,,,,,,,,,,,,,,,,,,,,,,,,
2846,100246136,in,174,φθεισήνορα,,,,,,,,,,,,,,,,,,,,,,,,,,,,,,,,,,,,,,
2847,100246135,armor,174,πόλεμον,,,,,,,,,,,,,,,,,,,,,,,,,,,,,,,,,,,,,,
2848,100246134,march,174,ἐς,,,,,,,,,,,,,,,,,,,,,,,,,,,,,,,,,,,,,,
2849,100246135,to,174,πόλεμον,,,,,,,,,,,,,,,,,,,,,,,,,,,,,,,,,,,,,,
2850,100246135,war,174,πόλεμον,,,,,,,,,,,,,,,,,,,,,,,,,,,,,,,,,,,,,,
2851,100246136,the,174,φθεισήνορα,,,,,,,,,,,,,,,,,,,,,,,,,,,,,,,,,,,,,,
2852,100246136,destroyer,174,φθεισήνορα,,,,,,,,,,,,,,,,,,,,,,,,,,,,,,,,,,,,,,
2853,100246136,of,174,φθεισήνορα,,,,,,,,,,,,,,,,,,,,,,,,,,,,,,,,,,,,,,
2854,100246136,men,174,φθεισήνορα,,,,,,,,,,,,,,,,,,,,,,,,,,,,,,,,,,,,,,
2855,100246140,there,174,ἔνθα,,,,,,,,,,,,,,,,,,,,,,,,,,,,,,,,,,,,,,
2856,100246142,the,174,παραγίγνεται,,,,,,,,,,,,,,,,,,,,,,,,,,,,,,,,,,,,,,
2857,100246142,goddess,174,παραγίγνεται,,,,,,,,,,,,,,,,,,,,,,,,,,,,,,,,,,,,,,
2858,100246142,arrives,174,παραγίγνεται,,,,,,,,,,,,,,,,,,,,,,,,,,,,,,,,,,,,,,
2859,100246144,to,174,οἷς,,,,,,,,,,,,,,,,,,,,,,,,,,,,,,,,,,,,,,
2860,100246144,whom,174,οἷς,,,,,,,,,,,,,,,,,,,,,,,,,,,,,,,,,,,,,,
2861,100246145,she,174,κ’,,,,,,,,,,,,,,,,,,,,,,,,,,,,,,,,,,,,,,
2862,100246146,wishes,174,ἐθέλῃσι,,,,,,,,,,,,,,,,,,,,,,,,,,,,,,,,,,,,,,
2863,100246146,to,174,ἐθέλῃσι,,,,,,,,,,,,,,,,,,,,,,,,,,,,,,,,,,,,,,
2864,100246146,grant,174,ἐθέλῃσι,,,,,,,,,,,,,,,,,,,,,,,,,,,,,,,,,,,,,,
2865,100246147,victory,174,νίκην,,,,,,,,,,,,,,,,,,,,,,,,,,,,,,,,,,,,,,
2866,100246148,readily,174,προφρονέως,,,,,,,,,,,,,,,,,,,,,,,,,,,,,,,,,,,,,,
2867,100246150,and,174,καὶ,,,,,,,,,,,,,,,,,,,,,,,,,,,,,,,,,,,,,,
2868,100246151,glory,174,κῦδος,,,,,,,,,,,,,,,,,,,,,,,,,,,,,,,,,,,,,,
2869,100246154,Good,175,ἐσθλὴ,,,,,,,,,,,,,,,,,,,,,,,,,,,,,,,,,,,,,,
2870,100246155,is,175,δ’,,,,,,,,,,,,,,,,,,,,,,,,,,,,,,,,,,,,,,
2871,100246156,again,175,αὖθ’,,,,,,,,,,,,,,,,,,,,,,,,,,,,,,,,,,,,,,
2872,100246157,when,175,ὁπότ’,,,,,,,,,,,,,,,,,,,,,,,,,,,,,,,,,,,,,,
2873,100246158,men,175,ἄνδρες,,,,,,,,,,,,,,,,,,,,,,,,,,,,,,,,,,,,,,
2874,100246159,contend,175,ἀεθλεύωσιν,,,,,,,,,,,,,,,,,,,,,,,,,,,,,,,,,,,,,,
2875,100246160,contest,175,ἀγῶνι,,,,,,,,,,,,,,,,,,,,,,,,,,,,,,,,,,,,,,
2876,100246162,where,175,ἔνθα,,,,,,,,,,,,,,,,,,,,,,,,,,,,,,,,,,,,,,
2877,100246163,she,175,θεὰ,,,,,,,,,,,,,,,,,,,,,,,,,,,,,,,,,,,,,,
2878,100246164,and,175,καὶ,,,,,,,,,,,,,,,,,,,,,,,,,,,,,,,,,,,,,,
2879,100246165,them,175,τοῖς,,,,,,,,,,,,,,,,,,,,,,,,,,,,,,,,,,,,,,
2880,100246166,comes,175,παραγίγνεται,,,,,,,,,,,,,,,,,,,,,,,,,,,,,,,,,,,,,,
2881,100246167,and,175,ἠδ’,,,,,,,,,,,,,,,,,,,,,,,,,,,,,,,,,,,,,,
2882,100246168,benefits,175,ὀνίνησιν,,,,,,,,,,,,,,,,,,,,,,,,,,,,,,,,,,,,,,
2883,100246168,them,175,ὀνίνησιν,,,,,,,,,,,,,,,,,,,,,,,,,,,,,,,,,,,,,,
2884,100246170,Having conquered,176,νικήσας,,,,,,,,,,,,,,,,,,,,,,,,,,,,,,,,,,,,,,
2885,100246171,and,176,δὲ,,,,,,,,,,,,,,,,,,,,,,,,,,,,,,,,,,,,,,
2886,100246172,force,176,βίῃ,,,,,,,,,,,,,,,,,,,,,,,,,,,,,,,,,,,,,,
2887,100246173,and,176,καὶ,,,,,,,,,,,,,,,,,,,,,,,,,,,,,,,,,,,,,,
2888,100246174,strength,176,κάρτεϊ,,,,,,,,,,,,,,,,,,,,,,,,,,,,,,,,,,,,,,
2889,100246175,fair,176,καλὸν,,,,,,,,,,,,,,,,,,,,,,,,,,,,,,,,,,,,,,
2890,100246176,prize,176,ἄεθλον,,,,,,,,,,,,,,,,,,,,,,,,,,,,,,,,,,,,,,
2891,100246177,away,176,ῥεῖα,,,,,,,,,,,,,,,,,,,,,,,,,,,,,,,,,,,,,,
2892,100246178,carries,176,φέρει,,,,,,,,,,,,,,,,,,,,,,,,,,,,,,,,,,,,,,
2893,100246179,rejoicing,176,χαίρων,,,,,,,,,,,,,,,,,,,,,,,,,,,,,,,,,,,,,,
2894,100246180,and,176,τε,,,,,,,,,,,,,,,,,,,,,,,,,,,,,,,,,,,,,,
2895,100246182,to his parents,176,τοκεῦσι,,,,,,,,,,,,,,,,,,,,,,,,,,,,,,,,,,,,,,
2896,100246183,and,176,δὲ,,,,,,,,,,,,,,,,,,,,,,,,,,,,,,,,,,,,,,
2897,100246184,glory,176,κῦδος,,,,,,,,,,,,,,,,,,,,,,,,,,,,,,,,,,,,,,
2898,100246185,brings,176,ὀπάζει,,,,,,,,,,,,,,,,,,,,,,,,,,,,,,,,,,,,,,
2899,100246187,noble,177,ἐσθλὴ,,,,,,,,,,,,,,,,,,,,,,,,,,,,,,,,,,,,,,
2900,100246189,horsemen,177,ἱππήεσσι,,,,,,,,,,,,,,,,,,,,,,,,,,,,,,,,,,,,,,
2901,100246190,present,177,παρεστάμεν,,,,,,,,,,,,,,,,,,,,,,,,,,,,,,,,,,,,,,
2902,100246192,those,177,οἷς,,,,,,,,,,,,,,,,,,,,,,,,,,,,,,,,,,,,,,
2903,100246194,wishes,177,ἐθέλῃσιν,,,,,,,,,,,,,,,,,,,,,,,,,,,,,,,,,,,,,,
2904,100246196,And,178,καὶ,,,,,,,,,,,,,,,,,,,,,,,,,,,,,,,,,,,,,,
2905,100246197,these,178,τοῖς,,,,,,,,,,,,,,,,,,,,,,,,,,,,,,,,,,,,,,
2906,100246199,those,178,οἳ,,,,,,,,,,,,,,,,,,,,,,,,,,,,,,,,,,,,,,
2907,100246200,gray,178,γλαυκὴν,,,,,,,,,,,,,,,,,,,,,,,,,,,,,,,,,,,,,,
2908,100246201,ill-fated,178,δυσπέμφελον,,,,,,,,,,,,,,,,,,,,,,,,,,,,,,,,,,,,,,
2909,100246202,labor,178,ἐργάζονται,,,,,,,,,,,,,,,,,,,,,,,,,,,,,,,,,,,,,,
2910,100246204,pray,178,εὔχονται,,,,,,,,,,,,,,,,,,,,,,,,,,,,,,,,,,,,,,
2911,100246205,to,178,δ’,,,,,,,,,,,,,,,,,,,,,,,,,,,,,,,,,,,,,,
2912,100246206,Hecate,178,Ἑκάτῃ,,,,,,,,,,,,,,,,,,,,,,,,,,,,,,,,,,,,,,
2913,100246207,and,178,καὶ,,,,,,,,,,,,,,,,,,,,,,,,,,,,,,,,,,,,,,
2914,100246208,earth-shaker,178,ἐρικτύπῳ,,,,,,,,,,,,,,,,,,,,,,,,,,,,,,,,,,,,,,
2915,100246209,earth-shaker,178,Ἐννοσιγαίῳ,,,,,,,,,,,,,,,,,,,,,,,,,,,,,,,,,,,,,,
2916,100246211,readily,178,ῥηιδίως,,,,,,,,,,,,,,,,,,,,,,,,,,,,,,,,,,,,,,
2917,100246213,goddess,178,κυδρὴ,,,,,,,,,,,,,,,,,,,,,,,,,,,,,,,,,,,,,,
2918,100246214,goddess,178,θεὸς,,,,,,,,,,,,,,,,,,,,,,,,,,,,,,,,,,,,,,
2919,100246215,grants,178,ὤπασε,,,,,,,,,,,,,,,,,,,,,,,,,,,,,,,,,,,,,,
2920,100246216,great,178,πολλήν,,,,,,,,,,,,,,,,,,,,,,,,,,,,,,,,,,,,,,
2921,100246218,easily,178,ῥεῖα,,,,,,,,,,,,,,,,,,,,,,,,,,,,,,,,,,,,,,
2922,100246219,and,178,δ’,,,,,,,,,,,,,,,,,,,,,,,,,,,,,,,,,,,,,,
2923,100246220,takes,178,ἀφείλετο,,,,,,,,,,,,,,,,,,,,,,,,,,,,,,,,,,,,,,
2924,100246221,appears,178,φαινομένην,,,,,,,,,,,,,,,,,,,,,,,,,,,,,,,,,,,,,,
2925,100246223,appears,178,ἐθέλουσά,,,,,,,,,,,,,,,,,,,,,,,,,,,,,,,,,,,,,,
2926,100246225,wills,178,θυμῷ,,,,,,,,,,,,,,,,,,,,,,,,,,,,,,,,,,,,,,
2927,100246227,noble,179,ἐσθλὴ,,,,,,,,,,,,,,,,,,,,,,,,,,,,,,,,,,,,,,
2928,100246228,But,179,δ’,,,,,,,,,,,,,,,,,,,,,,,,,,,,,,,,,,,,,,
2929,100246230,folds,179,σταθμοῖσι,,,,,,,,,,,,,,,,,,,,,,,,,,,,,,,,,,,,,,
2930,100246231,together,179,σὺν,,,,,,,,,,,,,,,,,,,,,,,,,,,,,,,,,,,,,,
2931,100246232,with,179,Ἑρμῇ,,,,,,,,,,,,,,,,,,,,,,,,,,,,,,,,,,,,,,
2932,100246233,spoil,179,ληίδ’,,,,,,,,,,,,,,,,,,,,,,,,,,,,,,,,,,,,,,
2933,100246234,increase,179,ἀέξειν,,,,,,,,,,,,,,,,,,,,,,,,,,,,,,,,,,,,,,
2934,100246249,willingly,180,θυμῷ,,,,,,,,,,,,,,,,,,,,,,,,,,,,,,,,,,,,,,
2935,100246251,made,180,ἐθέλουσα,,,,,,,,,,,,,,,,,,,,,,,,,,,,,,,,,,,,,,
2936,100246236,herds,180,βουκολίας,,,,,,,,,,,,,,,,,,,,,,,,,,,,,,,,,,,,,,
2937,100246237,and,180,δ’,,,,,,,,,,,,,,,,,,,,,,,,,,,,,,,,,,,,,,
2938,100246238,the,180,ἀγέλας,,,,,,,,,,,,,,,,,,,,,,,,,,,,,,,,,,,,,,
2939,100246241,goats,180,αἰπόλια,,,,,,,,,,,,,,,,,,,,,,,,,,,,,,,,,,,,,,
2940,100246242,wide,180,πλατέ’,,,,,,,,,,,,,,,,,,,,,,,,,,,,,,,,,,,,,,
2941,100246243,flocks,180,αἰγῶν,,,,,,,,,,,,,,,,,,,,,,,,,,,,,,,,,,,,,,
2942,100246244,and,180,ποίμνας,,,,,,,,,,,,,,,,,,,,,,,,,,,,,,,,,,,,,,
2943,100246246,wool-bearing,180,εἰροπόκων,,,,,,,,,,,,,,,,,,,,,,,,,,,,,,,,,,,,,,
2944,100246247,sheep,180,ὀίων,,,,,,,,,,,,,,,,,,,,,,,,,,,,,,,,,,,,,,
2945,100246255,grow,180,βριάει,,,,,,,,,,,,,,,,,,,,,,,,,,,,,,,,,,,,,,
2946,100246253,from,180,ἐξ,,,,,,,,,,,,,,,,,,,,,,,,,,,,,,,,,,,,,,
2947,100246254,a,180,ὀλίγων,,,,,,,,,,,,,,,,,,,,,,,,,,,,,,,,,,,,,,
2948,100246258,few,180,πολλῶν,,,,,,,,,,,,,,,,,,,,,,,,,,,,,,,,,,,,,,
2949,100246256,into,180,κα-,,,,,,,,,,,,,,,,,,,,,,,,,,,,,,,,,,,,,,
2950,100246257,many,180,κἀκ,,,,,,,,,,,,,,,,,,,,,,,,,,,,,,,,,,,,,,
2951,100246259,fewer,180,μείονα,,,,,,,,,,,,,,,,,,,,,,,,,,,,,,,,,,,,,,
2952,100246260,made,180,θῆκεν,,,,,,,,,,,,,,,,,,,,,,,,,,,,,,,,,,,,,,
2953,100246262,Thus,181,οὕτω,,,,,,,,,,,,,,,,,,,,,,,,,,,,,,,,,,,,,,
2954,100246263,she,181,τοι,,,,,,,,,,,,,,,,,,,,,,,,,,,,,,,,,,,,,,
2955,100246265,only-born,181,μουνογενὴς,,,,,,,,,,,,,,,,,,,,,,,,,,,,,,,,,,,,,,
2956,100246266,from,181,ἐκ,,,,,,,,,,,,,,,,,,,,,,,,,,,,,,,,,,,,,,
2957,100246267,her mother,181,μητρὸς,,,,,,,,,,,,,,,,,,,,,,,,,,,,,,,,,,,,,,
2958,100246268,being,181,ἐοῦσα,,,,,,,,,,,,,,,,,,,,,,,,,,,,,,,,,,,,,,
2959,100246269,among,181,πᾶσι,,,,,,,,,,,,,,,,,,,,,,,,,,,,,,,,,,,,,,
2960,100246270,with,181,μετ’,,,,,,,,,,,,,,,,,,,,,,,,,,,,,,,,,,,,,,
2961,100246271,immortals,181,ἀθανάτοισι,,,,,,,,,,,,,,,,,,,,,,,,,,,,,,,,,,,,,,
2962,100246272,is honored,181,τετίμηται,,,,,,,,,,,,,,,,,,,,,,,,,,,,,,,,,,,,,,
2963,100246273,honors,181,γεράεσσιν,,,,,,,,,,,,,,,,,,,,,,,,,,,,,,,,,,,,,,
2964,100246275,placed,182,θῆκε,,,,,,,,,,,,,,,,,,,,,,,,,,,,,,,,,,,,,,
2965,100246276,then,182,δέ,,,,,,,,,,,,,,,,,,,,,,,,,,,,,,,,,,,,,,
2966,100246277,her,182,μιν,,,,,,,,,,,,,,,,,,,,,,,,,,,,,,,,,,,,,,
2967,100246278,the nurse,182,Κρονίδης,,,,,,,,,,,,,,,,,,,,,,,,,,,,,,,,,,,,,,
2968,100246279,of youths,182,κουροτρόφον,,,,,,,,,,,,,,,,,,,,,,,,,,,,,,,,,,,,,,
2969,100246281,they,182,οἳ,,,,,,,,,,,,,,,,,,,,,,,,,,,,,,,,,,,,,,
2970,100246282,after,182,μετ’,,,,,,,,,,,,,,,,,,,,,,,,,,,,,,,,,,,,,,
2971,100246283,her,182,ἐκείνην,,,,,,,,,,,,,,,,,,,,,,,,,,,,,,,,,,,,,,
2972,100246284,eyes,182,ὀφθαλμοῖσιν,,,,,,,,,,,,,,,,,,,,,,,,,,,,,,,,,,,,,,
2973,100246285,saw,182,ἴδοντο,,,,,,,,,,,,,,,,,,,,,,,,,,,,,,,,,,,,,,
2974,100246286,light,182,φάος,,,,,,,,,,,,,,,,,,,,,,,,,,,,,,,,,,,,,,
2975,100246287,far-seeing,182,πολυδερκέος,,,,,,,,,,,,,,,,,,,,,,,,,,,,,,,,,,,,,,
2976,100246288,Dawn,182,Ἠοῦς,,,,,,,,,,,,,,,,,,,,,,,,,,,,,,,,,,,,,,
2977,100246290,Thus,183,οὕτως,,,,,,,,,,,,,,,,,,,,,,,,,,,,,,,,,,,,,,
2978,100246291,from,183,ἐξ,,,,,,,,,,,,,,,,,,,,,,,,,,,,,,,,,,,,,,
2979,100246292,the beginning,183,ἀρχῆς,,,,,,,,,,,,,,,,,,,,,,,,,,,,,,,,,,,,,,
2980,100246293,nurse,183,κουροτρόφος,,,,,,,,,,,,,,,,,,,,,,,,,,,,,,,,,,,,,,
2981,100246295,she,183,αἳ,,,,,,,,,,,,,,,,,,,,,,,,,,,,,,,,,,,,,,
2982,100246296,so,183,δέ,,,,,,,,,,,,,,,,,,,,,,,,,,,,,,,,,,,,,,
2983,100246297,are,183,τε,,,,,,,,,,,,,,,,,,,,,,,,,,,,,,,,,,,,,,
2984,100246298,honors,183,τιμαί,,,,,,,,,,,,,,,,,,,,,,,,,,,,,,,,,,,,,,
2985,100246300,Rhea,184,Ῥείη,,,,,,,,,,,,,,,,,,,,,,,,,,,,,,,,,,,,,,
2986,100246301,subdued,184,δὲ,,,,,,,,,,,,,,,,,,,,,,,,,,,,,,,,,,,,,,
2987,100246302,subdued,184,δμηθεῖσα,,,,,,,,,,,,,,,,,,,,,,,,,,,,,,,,,,,,,,
2988,100246303,by,184,Κρόνῳ,,,,,,,,,,,,,,,,,,,,,,,,,,,,,,,,,,,,,,
2989,100246304,bore,184,τέκε,,,,,,,,,,,,,,,,,,,,,,,,,,,,,,,,,,,,,,
2990,100246305,shining,184,φαίδιμα,,,,,,,,,,,,,,,,,,,,,,,,,,,,,,,,,,,,,,
2991,100246306,children,184,τέκνα,,,,,,,,,,,,,,,,,,,,,,,,,,,,,,,,,,,,,,
2992,100246308,Hestia,184,Ἱστίην,,,,,,,,,,,,,,,,,,,,,,,,,,,,,,,,,,,,,,
2993,100246309,Demeter,184,Δήμητρα,,,,,,,,,,,,,,,,,,,,,,,,,,,,,,,,,,,,,,
2994,100246310,and,184,καὶ,,,,,,,,,,,,,,,,,,,,,,,,,,,,,,,,,,,,,,
2995,100246311,Hera,184,Ἥρην,,,,,,,,,,,,,,,,,,,,,,,,,,,,,,,,,,,,,,
2996,100246312,gold-sandaled,184,χρυσοπέδιλον,,,,,,,,,,,,,,,,,,,,,,,,,,,,,,,,,,,,,,
2997,100246313,mighty,184,ἴφθιμόν,,,,,,,,,,,,,,,,,,,,,,,,,,,,,,,,,,,,,,
2998,100246314,and,184,τ’,,,,,,,,,,,,,,,,,,,,,,,,,,,,,,,,,,,,,,
2999,100246315,Hades,184,Ἀίδην,,,,,,,,,,,,,,,,,,,,,,,,,,,,,,,,,,,,,,
3000,100246317,who,184,ὃς,,,,,,,,,,,,,,,,,,,,,,,,,,,,,,,,,,,,,,
3001,100246321,lives,184,ναίει,,,,,,,,,,,,,,,,,,,,,,,,,,,,,,,,,,,,,,
3002,100246320,houses,184,δώματα,,,,,,,,,,,,,,,,,,,,,,,,,,,,,,,,,,,,,,
3003,100246318,beneath,184,ὑπὸ,,,,,,,,,,,,,,,,,,,,,,,,,,,,,,,,,,,,,,
3004,100246319,earth,184,χθονὶ,,,,,,,,,,,,,,,,,,,,,,,,,,,,,,,,,,,,,,
3005,100246324,having,184,ἔχων,,,,,,,,,,,,,,,,,,,,,,,,,,,,,,,,,,,,,,
3006,100246322,pitiless,184,νηλεὲς,,,,,,,,,,,,,,,,,,,,,,,,,,,,,,,,,,,,,,
3007,100246323,heart,184,ἦτορ,,,,,,,,,,,,,,,,,,,,,,,,,,,,,,,,,,,,,,
3008,100246326,and,184,καὶ,,,,,,,,,,,,,,,,,,,,,,,,,,,,,,,,,,,,,,
3009,100246327,earth-shaking,184,ἐρίκτυπον,,,,,,,,,,,,,,,,,,,,,,,,,,,,,,,,,,,,,,
3010,100246328,Poseidon,184,Ἐννοσίγαιον,,,,,,,,,,,,,,,,,,,,,,,,,,,,,,,,,,,,,,
3011,100246329,Zeus,184,Ζῆνά,,,,,,,,,,,,,,,,,,,,,,,,,,,,,,,,,,,,,,
3012,100246330,the,184,τε,,,,,,,,,,,,,,,,,,,,,,,,,,,,,,,,,,,,,,
3013,100246331,master-minded,184,μητιόεντα,,,,,,,,,,,,,,,,,,,,,,,,,,,,,,,,,,,,,,
3014,100246334,father,184,πατέρ’,,,,,,,,,,,,,,,,,,,,,,,,,,,,,,,,,,,,,,
3015,100246333,of,184,θεῶν,,,,,,,,,,,,,,,,,,,,,,,,,,,,,,,,,,,,,,
3016,100246334,gods,184,πατέρ’,,,,,,,,,,,,,,,,,,,,,,,,,,,,,,,,,,,,,,
3017,100246335,and,184,ἠδὲ,,,,,,,,,,,,,,,,,,,,,,,,,,,,,,,,,,,,,,
3018,100246337,men,184,ἀνδρῶν,,,,,,,,,,,,,,,,,,,,,,,,,,,,,,,,,,,,,,
3019,100246339,whose,184,τοῦ,,,,,,,,,,,,,,,,,,,,,,,,,,,,,,,,,,,,,,
3020,100246340,under,184,καὶ,,,,,,,,,,,,,,,,,,,,,,,,,,,,,,,,,,,,,,
3021,100246342,thunder,184,βροντῆς,,,,,,,,,,,,,,,,,,,,,,,,,,,,,,,,,,,,,,
3022,100246343,trembles,184,πελεμίζεται,,,,,,,,,,,,,,,,,,,,,,,,,,,,,,,,,,,,,,
3023,100246344,broad,184,εὐρεῖα,,,,,,,,,,,,,,,,,,,,,,,,,,,,,,,,,,,,,,
3024,100246345,earth,184,χθών,,,,,,,,,,,,,,,,,,,,,,,,,,,,,,,,,,,,,,
3025,100246347,And,185,καὶ,,,,,,,,,,,,,,,,,,,,,,,,,,,,,,,,,,,,,,
3026,100246348,them,185,τοὺς,,,,,,,,,,,,,,,,,,,,,,,,,,,,,,,,,,,,,,
3027,100246349,,185,μὲν,,,,,,,,,,,,,,,,,,,,,,,,,,,,,,,,,,,,,,
3028,100246350,swallowed,185,κατέπινε,,,,,,,,,,,,,,,,,,,,,,,,,,,,,,,,,,,,,,
3029,100246351,great,185,μέγας,,,,,,,,,,,,,,,,,,,,,,,,,,,,,,,,,,,,,,
3030,100246352,Cronus,185,Κρόνος,,,,,,,,,,,,,,,,,,,,,,,,,,,,,,,,,,,,,,
3031,100246354,just,185,ὥς,,,,,,,,,,,,,,,,,,,,,,,,,,,,,,,,,,,,,,
3032,100246355,as,185,τις,,,,,,,,,,,,,,,,,,,,,,,,,,,,,,,,,,,,,,
3033,100246356,each,185,ἕκαστος,,,,,,,,,,,,,,,,,,,,,,,,,,,,,,,,,,,,,,
3034,100246357,one,185,νηδύος,,,,,,,,,,,,,,,,,,,,,,,,,,,,,,,,,,,,,,
3035,100246358,from,185,ἐξ,,,,,,,,,,,,,,,,,,,,,,,,,,,,,,,,,,,,,,
3036,100246359,the,185,ἱερῆς,,,,,,,,,,,,,,,,,,,,,,,,,,,,,,,,,,,,,,
3037,100246360,womb,185,μητρὸς,,,,,,,,,,,,,,,,,,,,,,,,,,,,,,,,,,,,,,
3038,100246361,to,185,πρὸς,,,,,,,,,,,,,,,,,,,,,,,,,,,,,,,,,,,,,,
3039,100246362,his,185,γούναθ’,,,,,,,,,,,,,,,,,,,,,,,,,,,,,,,,,,,,,,
3040,100246363,would arrive,185,ἵκοιτο,,,,,,,,,,,,,,,,,,,,,,,,,,,,,,,,,,,,,,
3041,100246365,for,185,τὰ,,,,,,,,,,,,,,,,,,,,,,,,,,,,,,,,,,,,,,
3042,100246366,thought,185,φρονέων,,,,,,,,,,,,,,,,,,,,,,,,,,,,,,,,,,,,,,
3043,100246368,that,185,ἵνα,,,,,,,,,,,,,,,,,,,,,,,,,,,,,,,,,,,,,,
3044,100246369,no,185,μή,,,,,,,,,,,,,,,,,,,,,,,,,,,,,,,,,,,,,,
3045,100246370,other,185,τις,,,,,,,,,,,,,,,,,,,,,,,,,,,,,,,,,,,,,,
3046,100246371,of the glorious,185,ἀγαυῶν,,,,,,,,,,,,,,,,,,,,,,,,,,,,,,,,,,,,,,
3047,100246372,heavenly ones,185,Οὐρανιώνων,,,,,,,,,,,,,,,,,,,,,,,,,,,,,,,,,,,,,,
3048,100246373,might hold,185,ἄλλος,,,,,,,,,,,,,,,,,,,,,,,,,,,,,,,,,,,,,,
3049,100246374,among,185,ἐν,,,,,,,,,,,,,,,,,,,,,,,,,,,,,,,,,,,,,,
3050,100246375,the immortals,185,ἀθανάτοισιν,,,,,,,,,,,,,,,,,,,,,,,,,,,,,,,,,,,,,,
3051,100246377,kingly,185,βασιληίδα,,,,,,,,,,,,,,,,,,,,,,,,,,,,,,,,,,,,,,
3052,100246378,honor,185,τιμήν,,,,,,,,,,,,,,,,,,,,,,,,,,,,,,,,,,,,,,
3053,100246380,learned,186,πεύθετο,,,,,,,,,,,,,,,,,,,,,,,,,,,,,,,,,,,,,,
3054,100246381,For,186,γὰρ,,,,,,,,,,,,,,,,,,,,,,,,,,,,,,,,,,,,,,
3055,100246382,Earth,186,Γαίης,,,,,,,,,,,,,,,,,,,,,,,,,,,,,,,,,,,,,,
3056,100246383,and,186,τε,,,,,,,,,,,,,,,,,,,,,,,,,,,,,,,,,,,,,,
3057,100246384,and,186,καὶ,,,,,,,,,,,,,,,,,,,,,,,,,,,,,,,,,,,,,,
3058,100246385,Heaven,186,Οὐρανοῦ,,,,,,,,,,,,,,,,,,,,,,,,,,,,,,,,,,,,,,
3059,100246386,starry,186,ἀστερόεντος,,,,,,,,,,,,,,,,,,,,,,,,,,,,,,,,,,,,,,
3060,100246388,why,186,οὕνεκά,,,,,,,,,,,,,,,,,,,,,,,,,,,,,,,,,,,,,,
3061,100246389,him,186,οἱ,,,,,,,,,,,,,,,,,,,,,,,,,,,,,,,,,,,,,,
3062,100246390,fated,186,πέπρωτο,,,,,,,,,,,,,,,,,,,,,,,,,,,,,,,,,,,,,,
3063,100246391,child,186,ἑῷ,,,,,,,,,,,,,,,,,,,,,,,,,,,,,,,,,,,,,,
3064,100246392,by,186,ὑπὸ,,,,,,,,,,,,,,,,,,,,,,,,,,,,,,,,,,,,,,
3065,100246393,child,186,παιδὶ,,,,,,,,,,,,,,,,,,,,,,,,,,,,,,,,,,,,,,
3066,100246394,be subdued,186,δαμῆναι,,,,,,,,,,,,,,,,,,,,,,,,,,,,,,,,,,,,,,
3067,100246395,despite,186,καὶ,,,,,,,,,,,,,,,,,,,,,,,,,,,,,,,,,,,,,,
3068,100246396,powerful,186,κρατερῷ,,,,,,,,,,,,,,,,,,,,,,,,,,,,,,,,,,,,,,
3069,100246397,being,186,περ,,,,,,,,,,,,,,,,,,,,,,,,,,,,,,,,,,,,,,
3070,100246398,being,186,ἐόντι,,,,,,,,,,,,,,,,,,,,,,,,,,,,,,,,,,,,,,
3071,100246400,Zeus,186,Διὸς,,,,,,,,,,,,,,,,,,,,,,,,,,,,,,,,,,,,,,
3072,100246401,great,186,μεγάλου,,,,,,,,,,,,,,,,,,,,,,,,,,,,,,,,,,,,,,
3073,100246402,through,186,διὰ,,,,,,,,,,,,,,,,,,,,,,,,,,,,,,,,,,,,,,
3074,100246403,plans,186,βουλάς,,,,,,,,,,,,,,,,,,,,,,,,,,,,,,,,,,,,,,
3075,100246414,But,187,ἀλλὰ,,,,,,,,,,,,,,,,,,,,,,,,,,,,,,,,,,,,,,
3076,100246405,he,187,τῷ,,,,,,,,,,,,,,,,,,,,,,,,,,,,,,,,,,,,,,
3077,100246406,he,187,ὅ,,,,,,,,,,,,,,,,,,,,,,,,,,,,,,,,,,,,,,
3078,100246407,did,187,γ’,,,,,,,,,,,,,,,,,,,,,,,,,,,,,,,,,,,,,,
3079,100246409,not,187,οὐκ,,,,,,,,,,,,,,,,,,,,,,,,,,,,,,,,,,,,,,
3080,100246412,keep,187,ἔχεν,,,,,,,,,,,,,,,,,,,,,,,,,,,,,,,,,,,,,,
3081,100246411,a,187,σκοπιὴν,,,,,,,,,,,,,,,,,,,,,,,,,,,,,,,,,,,,,,
3082,100246410,watchful,187,ἀλαὸς,,,,,,,,,,,,,,,,,,,,,,,,,,,,,,,,,,,,,,
3083,100246408,rather,187,ἄρ’,,,,,,,,,,,,,,,,,,,,,,,,,,,,,,,,,,,,,,
3084,100246415,while,187,δοκεύων,,,,,,,,,,,,,,,,,,,,,,,,,,,,,,,,,,,,,,
3085,100246410,lying,187,ἀλαὸς,,,,,,,,,,,,,,,,,,,,,,,,,,,,,,,,,,,,,,
3086,100246410,in,187,ἀλαὸς,,,,,,,,,,,,,,,,,,,,,,,,,,,,,,,,,,,,,,
3087,100246410,ambush,187,ἀλαὸς,,,,,,,,,,,,,,,,,,,,,,,,,,,,,,,,,,,,,,
3088,100246405,he,187,τῷ,,,,,,,,,,,,,,,,,,,,,,,,,,,,,,,,,,,,,,
3089,100246418,swallowed,187,κατέπινε,,,,,,,,,,,,,,,,,,,,,,,,,,,,,,,,,,,,,,
3090,100246416,children,187,παῖδας,,,,,,,,,,,,,,,,,,,,,,,,,,,,,,,,,,,,,,
3091,100246417,his,187,ἑοὺς,,,,,,,,,,,,,,,,,,,,,,,,,,,,,,,,,,,,,,
3092,100246421,And,188,δ’,,,,,,,,,,,,,,,,,,,,,,,,,,,,,,,,,,,,,,
3093,100246422,held,188,ἔχε,,,,,,,,,,,,,,,,,,,,,,,,,,,,,,,,,,,,,,
3094,100246423,grief,188,πένθος,,,,,,,,,,,,,,,,,,,,,,,,,,,,,,,,,,,,,,
3095,100246424,unceasing,188,ἄλαστον,,,,,,,,,,,,,,,,,,,,,,,,,,,,,,,,,,,,,,
3096,100246420,Rhea,188,Ῥέην,,,,,,,,,,,,,,,,,,,,,,,,,,,,,,,,,,,,,,
3097,100246426,But,189,ἀλλ’,,,,,,,,,,,,,,,,,,,,,,,,,,,,,,,,,,,,,,
3098,100246427,when,189,ὅτε,,,,,,,,,,,,,,,,,,,,,,,,,,,,,,,,,,,,,,
3099,100246429,Zeus,189,Δί’,,,,,,,,,,,,,,,,,,,,,,,,,,,,,,,,,,,,,,
3100,100246430,was fated,189,ἔμελλε,,,,,,,,,,,,,,,,,,,,,,,,,,,,,,,,,,,,,,
3101,100246431,of gods,189,θεῶν,,,,,,,,,,,,,,,,,,,,,,,,,,,,,,,,,,,,,,
3102,100246432,father,189,πατέρ’,,,,,,,,,,,,,,,,,,,,,,,,,,,,,,,,,,,,,,
3103,100246435,and men,189,ἀνδρῶν,,,,,,,,,,,,,,,,,,,,,,,,,,,,,,,,,,,,,,
3104,100246436,be born,189,τέξεσθαι,,,,,,,,,,,,,,,,,,,,,,,,,,,,,,,,,,,,,,
3105,100246438,then,189,τότ’,,,,,,,,,,,,,,,,,,,,,,,,,,,,,,,,,,,,,,
3106,100246439,afterward,189,ἔπειτα,,,,,,,,,,,,,,,,,,,,,,,,,,,,,,,,,,,,,,
3107,100246440,dear,189,φίλους,,,,,,,,,,,,,,,,,,,,,,,,,,,,,,,,,,,,,,
3108,100246441,besought,189,λιτάνευε,,,,,,,,,,,,,,,,,,,,,,,,,,,,,,,,,,,,,,
3109,100246442,parents,189,τοκῆας,,,,,,,,,,,,,,,,,,,,,,,,,,,,,,,,,,,,,,
3110,100246444,her,189,αὐτῆς,,,,,,,,,,,,,,,,,,,,,,,,,,,,,,,,,,,,,,
3111,100246446,Earth,189,Γαῖάν,,,,,,,,,,,,,,,,,,,,,,,,,,,,,,,,,,,,,,
3112,100246449,Heaven,189,Οὐρανὸν,,,,,,,,,,,,,,,,,,,,,,,,,,,,,,,,,,,,,,
3113,100246450,starry,189,ἀστερόεντα,,,,,,,,,,,,,,,,,,,,,,,,,,,,,,,,,,,,,,
3114,100246452,plan,189,μῆτιν,,,,,,,,,,,,,,,,,,,,,,,,,,,,,,,,,,,,,,
3115,100246453,devise,189,συμφράσσασθαι,,,,,,,,,,,,,,,,,,,,,,,,,,,,,,,,,,,,,,
3116,100246455,so that,189,ὅπως,,,,,,,,,,,,,,,,,,,,,,,,,,,,,,,,,,,,,,
3117,100246456,might give birth,189,λελάθοιτο,,,,,,,,,,,,,,,,,,,,,,,,,,,,,,,,,,,,,,
3118,100246457,in secret,189,τεκοῦσα,,,,,,,,,,,,,,,,,,,,,,,,,,,,,,,,,,,,,,
3119,100246458,child,189,παῖδα,,,,,,,,,,,,,,,,,,,,,,,,,,,,,,,,,,,,,,
3120,100246459,beloved,189,φίλον,,,,,,,,,,,,,,,,,,,,,,,,,,,,,,,,,,,,,,
3121,100246461,punish,189,τίσαιτο,,,,,,,,,,,,,,,,,,,,,,,,,,,,,,,,,,,,,,
3122,100246463,the Furies,189,ἐρινῦς,,,,,,,,,,,,,,,,,,,,,,,,,,,,,,,,,,,,,,
3123,100246464,husband's,189,πατρὸς,,,,,,,,,,,,,,,,,,,,,,,,,,,,,,,,,,,,,,
3124,100246465,her,189,ἑοῖο,,,,,,,,,,,,,,,,,,,,,,,,,,,,,,,,,,,,,,
3125,100246466,sons,189,παίδων,,,,,,,,,,,,,,,,,,,,,,,,,,,,,,,,,,,,,,
3126,100246469,whom,189,οὓς,,,,,,,,,,,,,,,,,,,,,,,,,,,,,,,,,,,,,,
3127,100246470,swallowed,189,κατέπινε,,,,,,,,,,,,,,,,,,,,,,,,,,,,,,,,,,,,,,
3128,100246471,great,189,μέγας,,,,,,,,,,,,,,,,,,,,,,,,,,,,,,,,,,,,,,
3129,100246472,Crocus,189,Κρόνος,,,,,,,,,,,,,,,,,,,,,,,,,,,,,,,,,,,,,,
3130,100246473,bent-kneed,189,ἀγκυλομήτης,,,,,,,,,,,,,,,,,,,,,,,,,,,,,,,,,,,,,,
3131,100246475,she,190,οἳ,,,,,,,,,,,,,,,,,,,,,,,,,,,,,,,,,,,,,,
3132,100246476,But,190,δὲ,,,,,,,,,,,,,,,,,,,,,,,,,,,,,,,,,,,,,,
3133,100246477,daughter,190,θυγατρὶ,,,,,,,,,,,,,,,,,,,,,,,,,,,,,,,,,,,,,,
3134,100246478,dear,190,φίλῃ,,,,,,,,,,,,,,,,,,,,,,,,,,,,,,,,,,,,,,
3135,100246479,very,190,μάλα,,,,,,,,,,,,,,,,,,,,,,,,,,,,,,,,,,,,,,
3136,100246480,well,190,μὲν,,,,,,,,,,,,,,,,,,,,,,,,,,,,,,,,,,,,,,
3137,100246481,heard,190,κλύον,,,,,,,,,,,,,,,,,,,,,,,,,,,,,,,,,,,,,,
3138,100246482,and,190,ἠδ’,,,,,,,,,,,,,,,,,,,,,,,,,,,,,,,,,,,,,,
3139,100246483,obeyed,190,ἐπίθοντο,,,,,,,,,,,,,,,,,,,,,,,,,,,,,,,,,,,,,,
3140,100246486,her,190,οἱ,,,,,,,,,,,,,,,,,,,,,,,,,,,,,,,,,,,,,,
3141,100246485,and,190,καί,,,,,,,,,,,,,,,,,,,,,,,,,,,,,,,,,,,,,,
3142,100246487,told,190,πεφραδέτην,,,,,,,,,,,,,,,,,,,,,,,,,,,,,,,,,,,,,,
3143,100246486,them,190,οἱ,,,,,,,,,,,,,,,,,,,,,,,,,,,,,,,,,,,,,,
3144,100246489,all,190,ὅσα,,,,,,,,,,,,,,,,,,,,,,,,,,,,,,,,,,,,,,
3145,100246490,things,190,περ,,,,,,,,,,,,,,,,,,,,,,,,,,,,,,,,,,,,,,
3146,100246491,destined,190,πέπρωτο,,,,,,,,,,,,,,,,,,,,,,,,,,,,,,,,,,,,,,
3147,100246492,to happen,190,γενέσθαι,,,,,,,,,,,,,,,,,,,,,,,,,,,,,,,,,,,,,,
3148,100246493,to,190,ἀμφὶ,,,,,,,,,,,,,,,,,,,,,,,,,,,,,,,,,,,,,,
3149,100246494,King,190,Κρόνῳ,,,,,,,,,,,,,,,,,,,,,,,,,,,,,,,,,,,,,,
3150,100246495,Cronus,190,βασιλῆι,,,,,,,,,,,,,,,,,,,,,,,,,,,,,,,,,,,,,,
3151,100246496,and,190,καὶ,,,,,,,,,,,,,,,,,,,,,,,,,,,,,,,,,,,,,,
3152,100246497,his,190,υἱέι,,,,,,,,,,,,,,,,,,,,,,,,,,,,,,,,,,,,,,
3153,100246498,strong-hearted,190,καρτεροθύμῳ,,,,,,,,,,,,,,,,,,,,,,,,,,,,,,,,,,,,,,
3154,100246497,son,190,υἱέι,,,,,,,,,,,,,,,,,,,,,,,,,,,,,,,,,,,,,,
3155,100246500,sent,191,πέμψαν,,,,,,,,,,,,,,,,,,,,,,,,,,,,,,,,,,,,,,
3156,100246501,and,191,δ’,,,,,,,,,,,,,,,,,,,,,,,,,,,,,,,,,,,,,,
3157,100246502,to,191,ἐς,,,,,,,,,,,,,,,,,,,,,,,,,,,,,,,,,,,,,,
3158,100246503,Lyctus,191,Λύκτον,,,,,,,,,,,,,,,,,,,,,,,,,,,,,,,,,,,,,,
3159,100246505,Crete,191,Κρήτης,,,,,,,,,,,,,,,,,,,,,,,,,,,,,,,,,,,,,,
3160,100246506,to,191,ἐς,,,,,,,,,,,,,,,,,,,,,,,,,,,,,,,,,,,,,,
3161,100246507,fertile,191,πίονα,,,,,,,,,,,,,,,,,,,,,,,,,,,,,,,,,,,,,,
3162,100246508,district,191,δῆμον,,,,,,,,,,,,,,,,,,,,,,,,,,,,,,,,,,,,,,
3163,100246510,whenever,191,ὁππότ’,,,,,,,,,,,,,,,,,,,,,,,,,,,,,,,,,,,,,,
3164,100246511,the,191,ἄρ’,,,,,,,,,,,,,,,,,,,,,,,,,,,,,,,,,,,,,,
3165,100246512,youngest,191,ὁπλότατον,,,,,,,,,,,,,,,,,,,,,,,,,,,,,,,,,,,,,,
3166,100246513,child,191,παίδων,,,,,,,,,,,,,,,,,,,,,,,,,,,,,,,,,,,,,,
3167,100246514,give,191,τέξεσθαι,,,,,,,,,,,,,,,,,,,,,,,,,,,,,,,,,,,,,,
3168,100246515,was,191,ἔμελλε,,,,,,,,,,,,,,,,,,,,,,,,,,,,,,,,,,,,,,
3169,100246517,Zeus,191,Ζῆνα,,,,,,,,,,,,,,,,,,,,,,,,,,,,,,,,,,,,,,
3170,100246518,Great,191,μέγαν,,,,,,,,,,,,,,,,,,,,,,,,,,,,,,,,,,,,,,
3171,100246520,Him,192,τὸν,,,,,,,,,,,,,,,,,,,,,,,,,,,,,,,,,,,,,,
3172,100246521,the,192,μέν,,,,,,,,,,,,,,,,,,,,,,,,,,,,,,,,,,,,,,
3173,100246522,vast,192,οἱ,,,,,,,,,,,,,,,,,,,,,,,,,,,,,,,,,,,,,,
3174,100246524,Earth,192,Γαῖα,,,,,,,,,,,,,,,,,,,,,,,,,,,,,,,,,,,,,,
3175,100246525,vast,192,πελώρη,,,,,,,,,,,,,,,,,,,,,,,,,,,,,,,,,,,,,,
3176,100246526,of Crete,192,Κρήτῃ,,,,,,,,,,,,,,,,,,,,,,,,,,,,,,,,,,,,,,
3177,100246523,received,192,ἐδέξατο,,,,,,,,,,,,,,,,,,,,,,,,,,,,,,,,,,,,,,
3178,100246527,in,192,ἐν,,,,,,,,,,,,,,,,,,,,,,,,,,,,,,,,,,,,,,
3179,100246528,broad,192,εὐρείῃ,,,,,,,,,,,,,,,,,,,,,,,,,,,,,,,,,,,,,,
3180,100246529,to nourish,192,τραφέμεν,,,,,,,,,,,,,,,,,,,,,,,,,,,,,,,,,,,,,,
3181,100246531,and,192,τε,,,,,,,,,,,,,,,,,,,,,,,,,,,,,,,,,,,,,,
3182,100246530,rear,192,ἀτιταλλέμεναί,,,,,,,,,,,,,,,,,,,,,,,,,,,,,,,,,,,,,,
3183,100246520,him,192,τὸν,,,,,,,,,,,,,,,,,,,,,,,,,,,,,,,,,,,,,,
3184,100246533,There,193,ἔνθα,,,,,,,,,,,,,,,,,,,,,,,,,,,,,,,,,,,,,,
3185,100246534,she,193,μιν,,,,,,,,,,,,,,,,,,,,,,,,,,,,,,,,,,,,,,
3186,100246535,came,193,ἷκτο,,,,,,,,,,,,,,,,,,,,,,,,,,,,,,,,,,,,,,
3187,100246536,bringing,193,φέρουσα,,,,,,,,,,,,,,,,,,,,,,,,,,,,,,,,,,,,,,
3188,100246537,swift,193,θοὴν,,,,,,,,,,,,,,,,,,,,,,,,,,,,,,,,,,,,,,
3189,100246538,dark,193,διὰ,,,,,,,,,,,,,,,,,,,,,,,,,,,,,,,,,,,,,,
3190,100246539,night,193,νύκτα,,,,,,,,,,,,,,,,,,,,,,,,,,,,,,,,,,,,,,
3191,100246540,dark,193,μέλαιναν,,,,,,,,,,,,,,,,,,,,,,,,,,,,,,,,,,,,,,
3192,100246541,first,193,πρώτην,,,,,,,,,,,,,,,,,,,,,,,,,,,,,,,,,,,,,,
3193,100246542,to,193,ἐς,,,,,,,,,,,,,,,,,,,,,,,,,,,,,,,,,,,,,,
3194,100246543,Lycus,193,Λύκτον,,,,,,,,,,,,,,,,,,,,,,,,,,,,,,,,,,,,,,
3195,100246545,hid,194,κρύψεν,,,,,,,,,,,,,,,,,,,,,,,,,,,,,,,,,,,,,,
3196,100246546,She,194,δέ,,,,,,,,,,,,,,,,,,,,,,,,,,,,,,,,,,,,,,
3197,100246547,her,194,ἑ,,,,,,,,,,,,,,,,,,,,,,,,,,,,,,,,,,,,,,
3198,100246548,her,194,χερσὶ,,,,,,,,,,,,,,,,,,,,,,,,,,,,,,,,,,,,,,
3199,100246549,taking,194,λαβοῦσα,,,,,,,,,,,,,,,,,,,,,,,,,,,,,,,,,,,,,,
3200,100246550,cave,194,ἄντρῳ,,,,,,,,,,,,,,,,,,,,,,,,,,,,,,,,,,,,,,
3201,100246551,in,194,ἐν,,,,,,,,,,,,,,,,,,,,,,,,,,,,,,,,,,,,,,
3202,100246552,high,194,ἠλιβάτῳ,,,,,,,,,,,,,,,,,,,,,,,,,,,,,,,,,,,,,,
3203,100246554,deep,194,ζαθέης,,,,,,,,,,,,,,,,,,,,,,,,,,,,,,,,,,,,,,
3204,100246555,beneath,194,ὑπὸ,,,,,,,,,,,,,,,,,,,,,,,,,,,,,,,,,,,,,,
3205,100246556,recesses,194,κεύθεσι,,,,,,,,,,,,,,,,,,,,,,,,,,,,,,,,,,,,,,
3206,100246557,earth,194,γαίης,,,,,,,,,,,,,,,,,,,,,,,,,,,,,,,,,,,,,,
3207,100246559,Aegaeus,194,Αἰγαίῳ,,,,,,,,,,,,,,,,,,,,,,,,,,,,,,,,,,,,,,
3208,100246560,in,194,ἐν,,,,,,,,,,,,,,,,,,,,,,,,,,,,,,,,,,,,,,
3209,100246561,Mount,194,ὄρει,,,,,,,,,,,,,,,,,,,,,,,,,,,,,,,,,,,,,,
3210,100246562,thick,194,πεπυκασμένῳ,,,,,,,,,,,,,,,,,,,,,,,,,,,,,,,,,,,,,,
3211,100246563,foliage,194,ὑλήεντι,,,,,,,,,,,,,,,,,,,,,,,,,,,,,,,,,,,,,,
3212,100246566,And,195,δὲ,,,,,,,,,,,,,,,,,,,,,,,,,,,,,,,,,,,,,,
3213,100246567,having swaddled,195,σπαργανίσασα,,,,,,,,,,,,,,,,,,,,,,,,,,,,,,,,,,,,,,
3214,100246568,great,195,μέγαν,,,,,,,,,,,,,,,,,,,,,,,,,,,,,,,,,,,,,,
3215,100246569,stone,195,λίθον,,,,,,,,,,,,,,,,,,,,,,,,,,,,,,,,,,,,,,
3216,100246570,handed it over,195,ἐγγυάλιξεν,,,,,,,,,,,,,,,,,,,,,,,,,,,,,,,,,,,,,,
3217,100246572,great,195,μέγ’,,,,,,,,,,,,,,,,,,,,,,,,,,,,,,,,,,,,,,
3218,100246573,son,195,ἄνακτι,,,,,,,,,,,,,,,,,,,,,,,,,,,,,,,,,,,,,,
3219,100246571,of Ouranos,195,Οὐρανίδῃ,,,,,,,,,,,,,,,,,,,,,,,,,,,,,,,,,,,,,,
3220,100246573,king,195,ἄνακτι,,,,,,,,,,,,,,,,,,,,,,,,,,,,,,,,,,,,,,
3221,100246575,of the gods,195,θεῶν,,,,,,,,,,,,,,,,,,,,,,,,,,,,,,,,,,,,,,
3222,100246576,earlier,195,προτέρῳ,,,,,,,,,,,,,,,,,,,,,,,,,,,,,,,,,,,,,,
3223,100246577,gods,195,βασιλῆι,,,,,,,,,,,,,,,,,,,,,,,,,,,,,,,,,,,,,,
3224,100246580,Then,196,τόθ’,,,,,,,,,,,,,,,,,,,,,,,,,,,,,,,,,,,,,,
3225,100246581,wishing,196,ἑλὼν,,,,,,,,,,,,,,,,,,,,,,,,,,,,,,,,,,,,,,
3226,100246579,it,196,τὸν,,,,,,,,,,,,,,,,,,,,,,,,,,,,,,,,,,,,,,
3227,100246584,placed,196,ἐσκάτθετο,,,,,,,,,,,,,,,,,,,,,,,,,,,,,,,,,,,,,,
3228,100246586,wretched,196,σχέτλιος,,,,,,,,,,,,,,,,,,,,,,,,,,,,,,,,,,,,,,
3229,100246583,dark,196,ἑὴν,,,,,,,,,,,,,,,,,,,,,,,,,,,,,,,,,,,,,,
3230,100246585,belly,196,νηδὺν,,,,,,,,,,,,,,,,,,,,,,,,,,,,,,,,,,,,,,
3231,100246582,with his hands,196,χείρεσσιν,,,,,,,,,,,,,,,,,,,,,,,,,,,,,,,,,,,,,,
3232,100246588,not,197,οὐ,,,,,,,,,,,,,,,,,,,,,,,,,,,,,,,,,,,,,,
3233,100246589,But,197,-δ’,,,,,,,,,,,,,,,,,,,,,,,,,,,,,,,,,,,,,,
3234,100246590,perceived,197,ἐνόησε,,,,,,,,,,,,,,,,,,,,,,,,,,,,,,,,,,,,,,
3235,100246591,in,197,μετὰ,,,,,,,,,,,,,,,,,,,,,,,,,,,,,,,,,,,,,,
3236,100246592,mind,197,φρεσίν,,,,,,,,,,,,,,,,,,,,,,,,,,,,,,,,,,,,,,
3237,100246594,how,197,ὥς,,,,,,,,,,,,,,,,,,,,,,,,,,,,,,,,,,,,,,
3238,100246595,his,197,οἱ,,,,,,,,,,,,,,,,,,,,,,,,,,,,,,,,,,,,,,
3239,100246596,behind,197,ὀπίσσω,,,,,,,,,,,,,,,,,,,,,,,,,,,,,,,,,,,,,,
3240,100246597,in the place of,197,ἀντὶ,,,,,,,,,,,,,,,,,,,,,,,,,,,,,,,,,,,,,,
3241,100246598,stone,197,λίθου,,,,,,,,,,,,,,,,,,,,,,,,,,,,,,,,,,,,,,
3242,100246599,invincible,197,ἑὸς,,,,,,,,,,,,,,,,,,,,,,,,,,,,,,,,,,,,,,
3243,100246600,son,197,υἱὸς,,,,,,,,,,,,,,,,,,,,,,,,,,,,,,,,,,,,,,
3244,100246601,unwearying,197,ἀνίκητος,,,,,,,,,,,,,,,,,,,,,,,,,,,,,,,,,,,,,,
3245,100246602,and,197,καὶ,,,,,,,,,,,,,,,,,,,,,,,,,,,,,,,,,,,,,,
3246,100246603,unwearying,197,ἀκηδὴς,,,,,,,,,,,,,,,,,,,,,,,,,,,,,,,,,,,,,,
3247,100246604,leaving,197,λείπεθ’,,,,,,,,,,,,,,,,,,,,,,,,,,,,,,,,,,,,,,
3248,100246606,he,197,ὅ,,,,,,,,,,,,,,,,,,,,,,,,,,,,,,,,,,,,,,
3249,100246607,him,197,μιν,,,,,,,,,,,,,,,,,,,,,,,,,,,,,,,,,,,,,,
3250,100246608,soon,197,τάχ’,,,,,,,,,,,,,,,,,,,,,,,,,,,,,,,,,,,,,,
3251,100246609,was destined,197,ἔμελλε,,,,,,,,,,,,,,,,,,,,,,,,,,,,,,,,,,,,,,
3252,100246610,force,197,βίῃ,,,,,,,,,,,,,,,,,,,,,,,,,,,,,,,,,,,,,,
3253,100246611,and,197,καὶ,,,,,,,,,,,,,,,,,,,,,,,,,,,,,,,,,,,,,,
3254,100246612,hands,197,χερσὶ,,,,,,,,,,,,,,,,,,,,,,,,,,,,,,,,,,,,,,
3255,100246613,drive,197,δαμάσσας,,,,,,,,,,,,,,,,,,,,,,,,,,,,,,,,,,,,,,
3256,100246614,honor,197,τιμῆς,,,,,,,,,,,,,,,,,,,,,,,,,,,,,,,,,,,,,,
3257,100246615,out,197,ἐξελάειν,,,,,,,,,,,,,,,,,,,,,,,,,,,,,,,,,,,,,,
3258,100246617,he,197,ὃ,,,,,,,,,,,,,,,,,,,,,,,,,,,,,,,,,,,,,,
3259,100246618,but,197,δ’,,,,,,,,,,,,,,,,,,,,,,,,,,,,,,,,,,,,,,
3260,100246619,among,197,ἐν,,,,,,,,,,,,,,,,,,,,,,,,,,,,,,,,,,,,,,
3261,100246620,immortals,197,ἀθανάτοισι,,,,,,,,,,,,,,,,,,,,,,,,,,,,,,,,,,,,,,
3262,100246621,reign,197,ἀνάξειν,,,,,,,,,,,,,,,,,,,,,,,,,,,,,,,,,,,,,,
3263,100246623,Swiftly,198,καρπαλίμως,,,,,,,,,,,,,,,,,,,,,,,,,,,,,,,,,,,,,,
3264,100246624,then,198,δ’,,,,,,,,,,,,,,,,,,,,,,,,,,,,,,,,,,,,,,
3265,100246625,then,198,ἄρ’,,,,,,,,,,,,,,,,,,,,,,,,,,,,,,,,,,,,,,
3266,100246626,afterwards,198,ἔπειτα,,,,,,,,,,,,,,,,,,,,,,,,,,,,,,,,,,,,,,
3267,100246627,strength,198,μένος,,,,,,,,,,,,,,,,,,,,,,,,,,,,,,,,,,,,,,
3268,100246628,and,198,καὶ,,,,,,,,,,,,,,,,,,,,,,,,,,,,,,,,,,,,,,
3269,100246629,shining,198,φαίδιμα,,,,,,,,,,,,,,,,,,,,,,,,,,,,,,,,,,,,,,
3270,100246630,limbs,198,γυῖα,,,,,,,,,,,,,,,,,,,,,,,,,,,,,,,,,,,,,,
3271,100246632,such,198,τοῖο,,,,,,,,,,,,,,,,,,,,,,,,,,,,,,,,,,,,,,
3272,100246633,lord,198,ἄνακτος,,,,,,,,,,,,,,,,,,,,,,,,,,,,,,,,,,,,,,
3273,100246631,grew,198,ηὔξετο,,,,,,,,,,,,,,,,,,,,,,,,,,,,,,,,,,,,,,
3274,100246635,went,199,ἐπιπλομένων,,,,,,,,,,,,,,,,,,,,,,,,,,,,,,,,,,,,,,
3275,100246636,And,199,δ’,,,,,,,,,,,,,,,,,,,,,,,,,,,,,,,,,,,,,,
3276,100246637,years,199,ἐνιαυτῶν,,,,,,,,,,,,,,,,,,,,,,,,,,,,,,,,,,,,,,
3277,100246638,of,199,Γαίης,,,,,,,,,,,,,,,,,,,,,,,,,,,,,,,,,,,,,,
3278,100246639,scheming,199,ἐννεσίῃσι,,,,,,,,,,,,,,,,,,,,,,,,,,,,,,,,,,,,,,
3279,100246640,many-scheming,199,πολυφραδέεσσι,,,,,,,,,,,,,,,,,,,,,,,,,,,,,,,,,,,,,,
3280,100246641,tricked,199,δολωθεὶς,,,,,,,,,,,,,,,,,,,,,,,,,,,,,,,,,,,,,,
3281,100246642,his,199,ὃν,,,,,,,,,,,,,,,,,,,,,,,,,,,,,,,,,,,,,,
3282,100246643,son,199,γόνον,,,,,,,,,,,,,,,,,,,,,,,,,,,,,,,,,,,,,,
3283,100246644,again,199,ἄψ,,,,,,,,,,,,,,,,,,,,,,,,,,,,,,,,,,,,,,
3284,100246645,released,199,ἀνέηκε,,,,,,,,,,,,,,,,,,,,,,,,,,,,,,,,,,,,,,
3285,100246646,great,199,μέγας,,,,,,,,,,,,,,,,,,,,,,,,,,,,,,,,,,,,,,
3286,100246647,Cronus,199,Κρόνος,,,,,,,,,,,,,,,,,,,,,,,,,,,,,,,,,,,,,,
3287,100246648,crooked,199,ἀγκυλομήτης,,,,,,,,,,,,,,,,,,,,,,,,,,,,,,,,,,,,,,
3288,100246649,defeated,199,νικηθεὶς,,,,,,,,,,,,,,,,,,,,,,,,,,,,,,,,,,,,,,
3289,100246650,cunning,199,τέχνῃσι,,,,,,,,,,,,,,,,,,,,,,,,,,,,,,,,,,,,,,
3290,100246651,might,199,βίηφί,,,,,,,,,,,,,,,,,,,,,,,,,,,,,,,,,,,,,,
3291,100246652,and,199,τε,,,,,,,,,,,,,,,,,,,,,,,,,,,,,,,,,,,,,,
3292,100246653,his,199,παιδὸς,,,,,,,,,,,,,,,,,,,,,,,,,,,,,,,,,,,,,,
3293,100246654,own,199,ἑοῖο,,,,,,,,,,,,,,,,,,,,,,,,,,,,,,,,,,,,,,
3294,100246656,First,200,πρῶτον,,,,,,,,,,,,,,,,,,,,,,,,,,,,,,,,,,,,,,
3295,100246657,he,200,δ’,,,,,,,,,,,,,,,,,,,,,,,,,,,,,,,,,,,,,,
3296,100246658,spat,200,ἐξέμεσεν,,,,,,,,,,,,,,,,,,,,,,,,,,,,,,,,,,,,,,
3297,100246659,stone,200,λίθον,,,,,,,,,,,,,,,,,,,,,,,,,,,,,,,,,,,,,,
3298,100246661,which,200,ὃν,,,,,,,,,,,,,,,,,,,,,,,,,,,,,,,,,,,,,,
3299,100246662,last,200,πύματον,,,,,,,,,,,,,,,,,,,,,,,,,,,,,,,,,,,,,,
3300,100246663,swallowed,200,κατέπινεν,,,,,,,,,,,,,,,,,,,,,,,,,,,,,,,,,,,,,,
3301,100246665,him,201,τὸν,,,,,,,,,,,,,,,,,,,,,,,,,,,,,,,,,,,,,,
3302,100246666,And,201,μὲν,,,,,,,,,,,,,,,,,,,,,,,,,,,,,,,,,,,,,,
3303,100246667,Zeus,201,Ζεὺς,,,,,,,,,,,,,,,,,,,,,,,,,,,,,,,,,,,,,,
3304,100246668,established,201,στήριξε,,,,,,,,,,,,,,,,,,,,,,,,,,,,,,,,,,,,,,
3305,100246669,behind,201,κατὰ,,,,,,,,,,,,,,,,,,,,,,,,,,,,,,,,,,,,,,
3306,100246670,earth,201,χθονὸς,,,,,,,,,,,,,,,,,,,,,,,,,,,,,,,,,,,,,,
3307,100246671,broad,201,εὐρυοδείης,,,,,,,,,,,,,,,,,,,,,,,,,,,,,,,,,,,,,,
3308,100246672,Pytho,201,Πυθοῖ,,,,,,,,,,,,,,,,,,,,,,,,,,,,,,,,,,,,,,
3309,100246673,in,201,ἐν,,,,,,,,,,,,,,,,,,,,,,,,,,,,,,,,,,,,,,
3310,100246674,rich-soiled,201,ἠγαθέῃ,,,,,,,,,,,,,,,,,,,,,,,,,,,,,,,,,,,,,,
3311,100246675,peaks,201,γυάλοις,,,,,,,,,,,,,,,,,,,,,,,,,,,,,,,,,,,,,,
3312,100246676,behind,201,ὕπο,,,,,,,,,,,,,,,,,,,,,,,,,,,,,,,,,,,,,,
3313,100246677,Parnassus,201,Παρνησοῖο,,,,,,,,,,,,,,,,,,,,,,,,,,,,,,,,,,,,,,
3314,100246678,sign,201,σῆμ’,,,,,,,,,,,,,,,,,,,,,,,,,,,,,,,,,,,,,,
3315,100246679,to be,201,ἔμεν,,,,,,,,,,,,,,,,,,,,,,,,,,,,,,,,,,,,,,
3316,100246680,behind,201,ἐξοπίσω,,,,,,,,,,,,,,,,,,,,,,,,,,,,,,,,,,,,,,
3317,100246682,wonder,201,θαῦμα,,,,,,,,,,,,,,,,,,,,,,,,,,,,,,,,,,,,,,
3318,100246683,mortal,201,θνητοῖσι,,,,,,,,,,,,,,,,,,,,,,,,,,,,,,,,,,,,,,
3319,100246684,men,201,βροτοῖσιν,,,,,,,,,,,,,,,,,,,,,,,,,,,,,,,,,,,,,,
3320,100246686,released,202,λῦσε,,,,,,,,,,,,,,,,,,,,,,,,,,,,,,,,,,,,,,
3321,100246687,but,202,δὲ,,,,,,,,,,,,,,,,,,,,,,,,,,,,,,,,,,,,,,
3322,100246688,brothers,202,πατροκασιγνήτους,,,,,,,,,,,,,,,,,,,,,,,,,,,,,,,,,,,,,,
3323,100246689,destructive,202,ὀλοῶν,,,,,,,,,,,,,,,,,,,,,,,,,,,,,,,,,,,,,,
3324,100246690,from,202,ὑπὸ,,,,,,,,,,,,,,,,,,,,,,,,,,,,,,,,,,,,,,
3325,100246691,bonds,202,δεσμῶν,,,,,,,,,,,,,,,,,,,,,,,,,,,,,,,,,,,,,,
3326,100246692,their father's,202,Οὐρανίδας,,,,,,,,,,,,,,,,,,,,,,,,,,,,,,,,,,,,,,
3327,100246694,whom,202,οὓς,,,,,,,,,,,,,,,,,,,,,,,,,,,,,,,,,,,,,,
3328,100246695,bound,202,δῆσε,,,,,,,,,,,,,,,,,,,,,,,,,,,,,,,,,,,,,,
3329,100246696,father,202,πατὴρ,,,,,,,,,,,,,,,,,,,,,,,,,,,,,,,,,,,,,,
3330,100246697,counsel,202,ἀεσιφροσύνῃσιν,,,,,,,,,,,,,,,,,,,,,,,,,,,,,,,,,,,,,,
3331,100246699,who,203,οἳ,,,,,,,,,,,,,,,,,,,,,,,,,,,,,,,,,,,,,,
3332,100246700,Those,203,οἱ,,,,,,,,,,,,,,,,,,,,,,,,,,,,,,,,,,,,,,
3333,100246701,remember,203,ἀπεμνήσαντο,,,,,,,,,,,,,,,,,,,,,,,,,,,,,,,,,,,,,,
3334,100246702,favor,203,χάριν,,,,,,,,,,,,,,,,,,,,,,,,,,,,,,,,,,,,,,
3335,100246703,deeds,203,ἐυεργεσιάων,,,,,,,,,,,,,,,,,,,,,,,,,,,,,,,,,,,,,,
3336,100246705,gave,203,δῶκαν,,,,,,,,,,,,,,,,,,,,,,,,,,,,,,,,,,,,,,
3337,100246706,and,203,δὲ,,,,,,,,,,,,,,,,,,,,,,,,,,,,,,,,,,,,,,
3338,100246707,thunder,203,βροντὴν,,,,,,,,,,,,,,,,,,,,,,,,,,,,,,,,,,,,,,
3339,100246708,and,203,ἠδ’,,,,,,,,,,,,,,,,,,,,,,,,,,,,,,,,,,,,,,
3340,100246709,flaming,203,αἰθαλόεντα,,,,,,,,,,,,,,,,,,,,,,,,,,,,,,,,,,,,,,
3341,100246710,thunderbolt,203,κεραυνὸν,,,,,,,,,,,,,,,,,,,,,,,,,,,,,,,,,,,,,,
3342,100246711,and,203,καὶ,,,,,,,,,,,,,,,,,,,,,,,,,,,,,,,,,,,,,,
3343,100246712,lightning,203,στεροπήν,,,,,,,,,,,,,,,,,,,,,,,,,,,,,,,,,,,,,,
3344,100246714,The,204,τὸ,,,,,,,,,,,,,,,,,,,,,,,,,,,,,,,,,,,,,,
3345,100246715,before,204,πρὶν,,,,,,,,,,,,,,,,,,,,,,,,,,,,,,,,,,,,,,
3346,100246717,mighty,204,πελώρη,,,,,,,,,,,,,,,,,,,,,,,,,,,,,,,,,,,,,,
3347,100246718,Earth,204,Γαῖα,,,,,,,,,,,,,,,,,,,,,,,,,,,,,,,,,,,,,,
3348,100246719,was hidden,204,κεκεύθει,,,,,,,,,,,,,,,,,,,,,,,,,,,,,,,,,,,,,,
3349,100246721,To,205,τοῖς,,,,,,,,,,,,,,,,,,,,,,,,,,,,,,,,,,,,,,
3350,100246722,faithfully,205,πίσυνος,,,,,,,,,,,,,,,,,,,,,,,,,,,,,,,,,,,,,,
3351,100246723,over,205,θνητοῖσι,,,,,,,,,,,,,,,,,,,,,,,,,,,,,,,,,,,,,,
3352,100246724,both,205,καὶ,,,,,,,,,,,,,,,,,,,,,,,,,,,,,,,,,,,,,,
3353,100246725,immortals,205,ἀθανάτοισιν,,,,,,,,,,,,,,,,,,,,,,,,,,,,,,,,,,,,,,
3354,100246726,rules,205,ἀνάσσει,,,,,,,,,,,,,,,,,,,,,,,,,,,,,,,,,,,,,,
3355,100246728,maiden,206,κούρην,,,,,,,,,,,,,,,,,,,,,,,,,,,,,,,,,,,,,,
3356,100246729,And,206,δ’,,,,,,,,,,,,,,,,,,,,,,,,,,,,,,,,,,,,,,
3357,100246730,Iapetos,206,Ἰαπετὸς,,,,,,,,,,,,,,,,,,,,,,,,,,,,,,,,,,,,,,
3358,100246731,beautiful-thighed,206,καλλίσφυρον,,,,,,,,,,,,,,,,,,,,,,,,,,,,,,,,,,,,,,
3359,100246732,Oceanid,206,Ὠκεανίνην,,,,,,,,,,,,,,,,,,,,,,,,,,,,,,,,,,,,,,
3360,100246733,took,206,ἠγάγετο,,,,,,,,,,,,,,,,,,,,,,,,,,,,,,,,,,,,,,
3361,100246734,Clymene,206,Κλυμένην,,,,,,,,,,,,,,,,,,,,,,,,,,,,,,,,,,,,,,
3362,100246735,and,206,καὶ,,,,,,,,,,,,,,,,,,,,,,,,,,,,,,,,,,,,,,
3363,100246736,same,206,ὁμὸν,,,,,,,,,,,,,,,,,,,,,,,,,,,,,,,,,,,,,,
3364,100246737,bed,206,λέχος,,,,,,,,,,,,,,,,,,,,,,,,,,,,,,,,,,,,,,
3365,100246738,mounted,206,εἰσανέβαινεν,,,,,,,,,,,,,,,,,,,,,,,,,,,,,,,,,,,,,,
3366,100246740,she,207,ἣ,,,,,,,,,,,,,,,,,,,,,,,,,,,,,,,,,,,,,,
3367,100246741,And,207,δέ,,,,,,,,,,,,,,,,,,,,,,,,,,,,,,,,,,,,,,
3368,100246742,her,207,οἱ,,,,,,,,,,,,,,,,,,,,,,,,,,,,,,,,,,,,,,
3369,100246743,Atlas,207,Ἄτλαντα,,,,,,,,,,,,,,,,,,,,,,,,,,,,,,,,,,,,,,
3370,100246744,strong-hearted,207,κρατερόφρονα,,,,,,,,,,,,,,,,,,,,,,,,,,,,,,,,,,,,,,
3371,100246745,bore,207,γείνατο,,,,,,,,,,,,,,,,,,,,,,,,,,,,,,,,,,,,,,
3372,100246746,son,207,παῖδα,,,,,,,,,,,,,,,,,,,,,,,,,,,,,,,,,,,,,,
3373,100246748,bore,208,τίκτε,,,,,,,,,,,,,,,,,,,,,,,,,,,,,,,,,,,,,,
3374,100246749,and,208,δ’,,,,,,,,,,,,,,,,,,,,,,,,,,,,,,,,,,,,,,
3375,100246750,exceedingly glorious,208,ὑπερκύδαντα,,,,,,,,,,,,,,,,,,,,,,,,,,,,,,,,,,,,,,
3376,100246751,Menoitios,208,Μενοίτιον,,,,,,,,,,,,,,,,,,,,,,,,,,,,,,,,,,,,,,
3377,100246752,and,208,ἠδὲ,,,,,,,,,,,,,,,,,,,,,,,,,,,,,,,,,,,,,,
3378,100246753,Prometheus,208,Προμηθέα,,,,,,,,,,,,,,,,,,,,,,,,,,,,,,,,,,,,,,
3379,100246754,cunning,208,ποικίλον,,,,,,,,,,,,,,,,,,,,,,,,,,,,,,,,,,,,,,
3380,100246755,of varied counsel,208,αἰολόμητιν,,,,,,,,,,,,,,,,,,,,,,,,,,,,,,,,,,,,,,
3381,100246758,and,208,τ’,,,,,,,,,,,,,,,,,,,,,,,,,,,,,,,,,,,,,,
3382,100246759,Epimetheus,208,Ἐπιμηθέα,,,,,,,,,,,,,,,,,,,,,,,,,,,,,,,,,,,,,,
3383,100246757,rash,208,ἁμαρτίνοόν,,,,,,,,,,,,,,,,,,,,,,,,,,,,,,,,,,,,,,
3384,100246760,who,208,ὃς,,,,,,,,,,,,,,,,,,,,,,,,,,,,,,,,,,,,,,
3385,100246764,became,208,γένετ’,,,,,,,,,,,,,,,,,,,,,,,,,,,,,,,,,,,,,,
3386,100246761,harmful,208,κακὸν,,,,,,,,,,,,,,,,,,,,,,,,,,,,,,,,,,,,,,
3387,100246765,men,208,ἀνδράσιν,,,,,,,,,,,,,,,,,,,,,,,,,,,,,,,,,,,,,,
3388,100246766,eat,208,ἀλφηστῇσιν,,,,,,,,,,,,,,,,,,,,,,,,,,,,,,,,,,,,,,
3389,100246762,from,208,ἐξ,,,,,,,,,,,,,,,,,,,,,,,,,,,,,,,,,,,,,,
3390,100246763,beginning,208,ἀρχῆς,,,,,,,,,,,,,,,,,,,,,,,,,,,,,,,,,,,,,,
3391,100246764,very,208,γένετ’,,,,,,,,,,,,,,,,,,,,,,,,,,,,,,,,,,,,,,
3392,100246769,For,209,γάρ,,,,,,,,,,,,,,,,,,,,,,,,,,,,,,,,,,,,,,
3393,100246768,first,209,πρῶτος,,,,,,,,,,,,,,,,,,,,,,,,,,,,,,,,,,,,,,
3394,100246771,Zeus,209,Διὸς,,,,,,,,,,,,,,,,,,,,,,,,,,,,,,,,,,,,,,
3395,100246773,accepted,209,ὑπέδεκτο,,,,,,,,,,,,,,,,,,,,,,,,,,,,,,,,,,,,,,
3396,100246774,as a wife,209,γυναῖκα,,,,,,,,,,,,,,,,,,,,,,,,,,,,,,,,,,,,,,
3397,100246775,virgin,209,παρθένον,,,,,,,,,,,,,,,,,,,,,,,,,,,,,,,,,,,,,,
3398,100246772,woman,209,πλαστὴν,,,,,,,,,,,,,,,,,,,,,,,,,,,,,,,,,,,,,,
3399,100246777,bully,210,ὑβριστὴν,,,,,,,,,,,,,,,,,,,,,,,,,,,,,,,,,,,,,,
3400,100246779,Menoitios,210,Μενοίτιον,,,,,,,,,,,,,,,,,,,,,,,,,,,,,,,,,,,,,,
3401,100246781,Zeus,210,Ζεὺς,,,,,,,,,,,,,,,,,,,,,,,,,,,,,,,,,,,,,,
3402,100246782,down,210,εἰς,,,,,,,,,,,,,,,,,,,,,,,,,,,,,,,,,,,,,,
3403,100246783,Erebus,210,Ἔρεβος,,,,,,,,,,,,,,,,,,,,,,,,,,,,,,,,,,,,,,
3404,100246784,sent,210,κατέπεμψε,,,,,,,,,,,,,,,,,,,,,,,,,,,,,,,,,,,,,,
3405,100246785,striking,210,βαλὼν,,,,,,,,,,,,,,,,,,,,,,,,,,,,,,,,,,,,,,
3406,100246786,smoke-dark,210,ψολόεντι,,,,,,,,,,,,,,,,,,,,,,,,,,,,,,,,,,,,,,
3407,100246787,thunderbolt,210,κεραυνῷ,,,,,,,,,,,,,,,,,,,,,,,,,,,,,,,,,,,,,,
3408,100246788,because of,210,εἵνεκ’,,,,,,,,,,,,,,,,,,,,,,,,,,,,,,,,,,,,,,
3409,100246789,reckless,210,ἀτασθαλίης,,,,,,,,,,,,,,,,,,,,,,,,,,,,,,,,,,,,,,
3410,100246792,pride,210,ἠνορέης,,,,,,,,,,,,,,,,,,,,,,,,,,,,,,,,,,,,,,
3411,100246793,overbearing,210,ὑπερόπλου,,,,,,,,,,,,,,,,,,,,,,,,,,,,,,,,,,,,,,
3412,100246796,And,211,δ’,,,,,,,,,,,,,,,,,,,,,,,,,,,,,,,,,,,,,,
3413,100246795,Atlas,211,Ἄτλας,,,,,,,,,,,,,,,,,,,,,,,,,,,,,,,,,,,,,,
3414,100246799,holds,211,ἔχει,,,,,,,,,,,,,,,,,,,,,,,,,,,,,,,,,,,,,,
3415,100246797,sky,211,οὐρανὸν,,,,,,,,,,,,,,,,,,,,,,,,,,,,,,,,,,,,,,
3416,100246798,broad,211,εὐρὺν,,,,,,,,,,,,,,,,,,,,,,,,,,,,,,,,,,,,,,
3417,100246801,under,211,ὑπ’,,,,,,,,,,,,,,,,,,,,,,,,,,,,,,,,,,,,,,
3418,100246800,fierce,211,κρατερῆς,,,,,,,,,,,,,,,,,,,,,,,,,,,,,,,,,,,,,,
3419,100246802,necessity,211,ἀνάγκης,,,,,,,,,,,,,,,,,,,,,,,,,,,,,,,,,,,,,,
3420,100246803,boundaries,211,πείρασιν,,,,,,,,,,,,,,,,,,,,,,,,,,,,,,,,,,,,,,
3421,100246804,of,211,ἐν,,,,,,,,,,,,,,,,,,,,,,,,,,,,,,,,,,,,,,
3422,100246805,earth,211,γαίης,,,,,,,,,,,,,,,,,,,,,,,,,,,,,,,,,,,,,,
3423,100246807,before,211,πρόπαρ,,,,,,,,,,,,,,,,,,,,,,,,,,,,,,,,,,,,,,
3424,100246808,Hesperides,211,Εσπερίδων,,,,,,,,,,,,,,,,,,,,,,,,,,,,,,,,,,,,,,
3425,100246809,shrill-voiced,211,λιγυφώνων,,,,,,,,,,,,,,,,,,,,,,,,,,,,,,,,,,,,,,
3426,100246811,standing,211,ἑστηὼς,,,,,,,,,,,,,,,,,,,,,,,,,,,,,,,,,,,,,,
3427,100246812,head,211,κεφαλῇ,,,,,,,,,,,,,,,,,,,,,,,,,,,,,,,,,,,,,,
3428,100246813,and,211,τε,,,,,,,,,,,,,,,,,,,,,,,,,,,,,,,,,,,,,,
3429,100246814,and,211,καὶ,,,,,,,,,,,,,,,,,,,,,,,,,,,,,,,,,,,,,,
3430,100246815,tireless,211,ἀκαμάτῃσι,,,,,,,,,,,,,,,,,,,,,,,,,,,,,,,,,,,,,,
3431,100246816,hands,211,χέρεσσιν,,,,,,,,,,,,,,,,,,,,,,,,,,,,,,,,,,,,,,
3432,100246819,For,212,γάρ,,,,,,,,,,,,,,,,,,,,,,,,,,,,,,,,,,,,,,
3433,100246818,this,212,ταύτην,,,,,,,,,,,,,,,,,,,,,,,,,,,,,,,,,,,,,,
3434,100246821,portion,212,μοῖραν,,,,,,,,,,,,,,,,,,,,,,,,,,,,,,,,,,,,,,
3435,100246823,all-wise,212,μητίετα,,,,,,,,,,,,,,,,,,,,,,,,,,,,,,,,,,,,,,
3436,100246824,Zeus,212,Ζεύς,,,,,,,,,,,,,,,,,,,,,,,,,,,,,,,,,,,,,,
3437,100246822,allot,212,ἐδάσσατο,,,,,,,,,,,,,,,,,,,,,,,,,,,,,,,,,,,,,,
3438,100246820,him,212,οἱ,,,,,,,,,,,,,,,,,,,,,,,,,,,,,,,,,,,,,,
3439,100246826,bound,213,δῆσε,,,,,,,,,,,,,,,,,,,,,,,,,,,,,,,,,,,,,,
3440,100246827,,213,δ’,,,,,,,,,,,,,,,,,,,,,,,,,,,,,,,,,,,,,,
3441,100246828,unbreakable,213,ἀλυκτοπέδῃσι,,,,,,,,,,,,,,,,,,,,,,,,,,,,,,,,,,,,,,
3442,100246829,Prometheas,213,Προμηθέα,,,,,,,,,,,,,,,,,,,,,,,,,,,,,,,,,,,,,,
3443,100246830,counsels,213,ποικιλόβουλον,,,,,,,,,,,,,,,,,,,,,,,,,,,,,,,,,,,,,,
3444,100246831,chains,213,δεσμοῖς,,,,,,,,,,,,,,,,,,,,,,,,,,,,,,,,,,,,,,
3445,100246832,hard,213,ἀργαλέοισι,,,,,,,,,,,,,,,,,,,,,,,,,,,,,,,,,,,,,,
3446,100246833,middle,213,μέσον,,,,,,,,,,,,,,,,,,,,,,,,,,,,,,,,,,,,,,
3447,100246834,through,213,διὰ,,,,,,,,,,,,,,,,,,,,,,,,,,,,,,,,,,,,,,
3448,100246835,pillar,213,κίον’,,,,,,,,,,,,,,,,,,,,,,,,,,,,,,,,,,,,,,
3449,100246836,driving,213,ἐλάσσας,,,,,,,,,,,,,,,,,,,,,,,,,,,,,,,,,,,,,,
3450,100246838,And,214,καί,,,,,,,,,,,,,,,,,,,,,,,,,,,,,,,,,,,,,,
3451,100246839,he,214,οἱ,,,,,,,,,,,,,,,,,,,,,,,,,,,,,,,,,,,,,,
3452,100246842,roused,214,ὦρσε,,,,,,,,,,,,,,,,,,,,,,,,,,,,,,,,,,,,,,
3453,100246841,eagle,214,αἰετὸν,,,,,,,,,,,,,,,,,,,,,,,,,,,,,,,,,,,,,,
3454,100246843,wings,214,τανύπτερον,,,,,,,,,,,,,,,,,,,,,,,,,,,,,,,,,,,,,,
3455,100246845,But,215,αὐτὰρ,,,,,,,,,,,,,,,,,,,,,,,,,,,,,,,,,,,,,,
3456,100246846,he,215,ὅ,,,,,,,,,,,,,,,,,,,,,,,,,,,,,,,,,,,,,,
3457,100246847,he,215,γ’,,,,,,,,,,,,,,,,,,,,,,,,,,,,,,,,,,,,,,
3458,100246848,liver,215,ἧπαρ,,,,,,,,,,,,,,,,,,,,,,,,,,,,,,,,,,,,,,
3459,100246849,ate,215,ἤσθιεν,,,,,,,,,,,,,,,,,,,,,,,,,,,,,,,,,,,,,,
3460,100246850,immortal,215,ἀθάνατον,,,,,,,,,,,,,,,,,,,,,,,,,,,,,,,,,,,,,,
3461,100246852,it,215,τὸ,,,,,,,,,,,,,,,,,,,,,,,,,,,,,,,,,,,,,,
3462,100246853,while,215,δ’,,,,,,,,,,,,,,,,,,,,,,,,,,,,,,,,,,,,,,
3463,100246854,grew,215,ἀέξετο,,,,,,,,,,,,,,,,,,,,,,,,,,,,,,,,,,,,,,
3464,100246855,equal,215,ἶσον,,,,,,,,,,,,,,,,,,,,,,,,,,,,,,,,,,,,,,
3465,100246856,whole,215,ἁπάντη,,,,,,,,,,,,,,,,,,,,,,,,,,,,,,,,,,,,,,
3466,100246857,night,215,νυκτός,,,,,,,,,,,,,,,,,,,,,,,,,,,,,,,,,,,,,,
3467,100246858,as,215,ὅσον,,,,,,,,,,,,,,,,,,,,,,,,,,,,,,,,,,,,,,
3468,100246859,whole,215,πρόπαν,,,,,,,,,,,,,,,,,,,,,,,,,,,,,,,,,,,,,,
3469,100246860,day,215,ἦμαρ,,,,,,,,,,,,,,,,,,,,,,,,,,,,,,,,,,,,,,
3470,100246861,fly,215,ἔδοι,,,,,,,,,,,,,,,,,,,,,,,,,,,,,,,,,,,,,,
3471,100246862,long-winged,215,τανυσίπτερος,,,,,,,,,,,,,,,,,,,,,,,,,,,,,,,,,,,,,,
3472,100246863,bird,215,ὄρνις,,,,,,,,,,,,,,,,,,,,,,,,,,,,,,,,,,,,,,
3473,100246865,This,216,τὸν,,,,,,,,,,,,,,,,,,,,,,,,,,,,,,,,,,,,,,
3474,100246866,indeed,216,μὲν,,,,,,,,,,,,,,,,,,,,,,,,,,,,,,,,,,,,,,
3475,100246867,the,216,ἄρ’,,,,,,,,,,,,,,,,,,,,,,,,,,,,,,,,,,,,,,
3476,100246868,Alcmene,216,Ἀλκμήνης,,,,,,,,,,,,,,,,,,,,,,,,,,,,,,,,,,,,,,
3477,100246869,beautiful,216,καλλισφύρου,,,,,,,,,,,,,,,,,,,,,,,,,,,,,,,,,,,,,,
3478,100246870,mighty,216,ἄλκιμος,,,,,,,,,,,,,,,,,,,,,,,,,,,,,,,,,,,,,,
3479,100246871,son,216,υἱὸς,,,,,,,,,,,,,,,,,,,,,,,,,,,,,,,,,,,,,,
3480,100246872,Heracles,216,Ἡρακλέης,,,,,,,,,,,,,,,,,,,,,,,,,,,,,,,,,,,,,,
3481,100246873,struck,216,ἔκτεινε,,,,,,,,,,,,,,,,,,,,,,,,,,,,,,,,,,,,,,
3482,100246875,evil,216,κακὴν,,,,,,,,,,,,,,,,,,,,,,,,,,,,,,,,,,,,,,
3483,100246876,and,216,δ’,,,,,,,,,,,,,,,,,,,,,,,,,,,,,,,,,,,,,,
3484,100246877,drove,216,ἀπὸ,,,,,,,,,,,,,,,,,,,,,,,,,,,,,,,,,,,,,,
3485,100246878,sickness,216,νοῦσον,,,,,,,,,,,,,,,,,,,,,,,,,,,,,,,,,,,,,,
3486,100246879,away,216,ἄλαλκεν,,,,,,,,,,,,,,,,,,,,,,,,,,,,,,,,,,,,,,
3487,100246880,from,216,Ἰαπετιονίδῃ,,,,,,,,,,,,,,,,,,,,,,,,,,,,,,,,,,,,,,
3488,100246881,and,216,καὶ,,,,,,,,,,,,,,,,,,,,,,,,,,,,,,,,,,,,,,
3489,100246882,released,216,ἐλύσατο,,,,,,,,,,,,,,,,,,,,,,,,,,,,,,,,,,,,,,
3490,100246883,distress,216,δυσφροσυνάων,,,,,,,,,,,,,,,,,,,,,,,,,,,,,,,,,,,,,,
3491,100246884,not,216,οὐκ,,,,,,,,,,,,,,,,,,,,,,,,,,,,,,,,,,,,,,
3492,100246885,against,216,ἀέκητι,,,,,,,,,,,,,,,,,,,,,,,,,,,,,,,,,,,,,,
3493,100246886,Zeus,216,Ζηνὸς,,,,,,,,,,,,,,,,,,,,,,,,,,,,,,,,,,,,,,
3494,100246887,Olympian,216,Ὀλυμπίου,,,,,,,,,,,,,,,,,,,,,,,,,,,,,,,,,,,,,,
3495,100246888,ruler,216,ὑψιμέδοντος,,,,,,,,,,,,,,,,,,,,,,,,,,,,,,,,,,,,,,
3496,100246890,so,216,ὄφρ’,,,,,,,,,,,,,,,,,,,,,,,,,,,,,,,,,,,,,,
3497,100246891,Heracles,216,Ἡρακλῆος,,,,,,,,,,,,,,,,,,,,,,,,,,,,,,,,,,,,,,
3498,100246892,Theban-born,216,Θηβαγενέος,,,,,,,,,,,,,,,,,,,,,,,,,,,,,,,,,,,,,,
3499,100246893,glory,216,κλέος,,,,,,,,,,,,,,,,,,,,,,,,,,,,,,,,,,,,,,
3500,100246894,might,216,εἴη,,,,,,,,,,,,,,,,,,,,,,,,,,,,,,,,,,,,,,
3501,100246895,greater,216,πλεῖον,,,,,,,,,,,,,,,,,,,,,,,,,,,,,,,,,,,,,,
3502,100246896,yet,216,ἔτ’,,,,,,,,,,,,,,,,,,,,,,,,,,,,,,,,,,,,,,
3503,100246897,than,216,ἢ,,,,,,,,,,,,,,,,,,,,,,,,,,,,,,,,,,,,,,
3504,100246898,it,216,τὸ,,,,,,,,,,,,,,,,,,,,,,,,,,,,,,,,,,,,,,
3505,100246899,had,216,πάροιθεν,,,,,,,,,,,,,,,,,,,,,,,,,,,,,,,,,,,,,,
3506,100246900,been,216,ἐπὶ,,,,,,,,,,,,,,,,,,,,,,,,,,,,,,,,,,,,,,
3507,100246901,upon,216,χθόνα,,,,,,,,,,,,,,,,,,,,,,,,,,,,,,,,,,,,,,
3508,100246902,earth,216,πουλυβότειραν,,,,,,,,,,,,,,,,,,,,,,,,,,,,,,,,,,,,,,
3509,100246904,him,217,ταῦτ’,,,,,,,,,,,,,,,,,,,,,,,,,,,,,,,,,,,,,,
3510,100246905,So,217,ἄρα,,,,,,,,,,,,,,,,,,,,,,,,,,,,,,,,,,,,,,
3511,100246906,honoring,217,ἁζόμενος,,,,,,,,,,,,,,,,,,,,,,,,,,,,,,,,,,,,,,
3512,100246907,honor,217,τίμα,,,,,,,,,,,,,,,,,,,,,,,,,,,,,,,,,,,,,,
3513,100246908,righteous,217,ἀριδείκετον,,,,,,,,,,,,,,,,,,,,,,,,,,,,,,,,,,,,,,
3514,100246909,son,217,υἱόν,,,,,,,,,,,,,,,,,,,,,,,,,,,,,,,,,,,,,,
3515,100246911,Even,218,καί,,,,,,,,,,,,,,,,,,,,,,,,,,,,,,,,,,,,,,
3516,100246912,though,218,περ,,,,,,,,,,,,,,,,,,,,,,,,,,,,,,,,,,,,,,
3517,100246913,angry,218,χωόμενος,,,,,,,,,,,,,,,,,,,,,,,,,,,,,,,,,,,,,,
3518,100246914,ceased,218,παύθη,,,,,,,,,,,,,,,,,,,,,,,,,,,,,,,,,,,,,,
3519,100246915,wrath,218,χόλου,,,,,,,,,,,,,,,,,,,,,,,,,,,,,,,,,,,,,,
3520,100246917,which,218,ὃν,,,,,,,,,,,,,,,,,,,,,,,,,,,,,,,,,,,,,,
3521,100246918,before,218,πρὶν,,,,,,,,,,,,,,,,,,,,,,,,,,,,,,,,,,,,,,
3522,100246919,held,218,ἔχεσκεν,,,,,,,,,,,,,,,,,,,,,,,,,,,,,,,,,,,,,,
3523,100246921,because,218,οὕνεκ’,,,,,,,,,,,,,,,,,,,,,,,,,,,,,,,,,,,,,,
3524,100246922,contending,218,ἐρίζετο,,,,,,,,,,,,,,,,,,,,,,,,,,,,,,,,,,,,,,
3525,100246923,counsels,218,βουλὰς,,,,,,,,,,,,,,,,,,,,,,,,,,,,,,,,,,,,,,
3526,100246924,mighty,218,ὑπερμενέι,,,,,,,,,,,,,,,,,,,,,,,,,,,,,,,,,,,,,,
3527,100246925,Kronion,218,Κρονίωνι,,,,,,,,,,,,,,,,,,,,,,,,,,,,,,,,,,,,,,
3528,100246928,For,219,γὰρ,,,,,,,,,,,,,,,,,,,,,,,,,,,,,,,,,,,,,,
3529,100246929,when,219,ὅτ’,,,,,,,,,,,,,,,,,,,,,,,,,,,,,,,,,,,,,,
3530,100246931,gods,219,θεοὶ,,,,,,,,,,,,,,,,,,,,,,,,,,,,,,,,,,,,,,
3531,100246927,and,219,καὶ,,,,,,,,,,,,,,,,,,,,,,,,,,,,,,,,,,,,,,
3532,100246933,and,219,τ’,,,,,,,,,,,,,,,,,,,,,,,,,,,,,,,,,,,,,,
3533,100246932,mortal,219,θνητοί,,,,,,,,,,,,,,,,,,,,,,,,,,,,,,,,,,,,,,
3534,100246934,men,219,ἄνθρωποι,,,,,,,,,,,,,,,,,,,,,,,,,,,,,,,,,,,,,,
3535,100246930,were divided,219,ἐκρίνοντο,,,,,,,,,,,,,,,,,,,,,,,,,,,,,,,,,,,,,,
3536,100246935,at Mykone,219,Μηκώνῃ,,,,,,,,,,,,,,,,,,,,,,,,,,,,,,,,,,,,,,
3537,100246937,then,219,τότ’,,,,,,,,,,,,,,,,,,,,,,,,,,,,,,,,,,,,,,
3538,100246943,having divided,219,δασσάμενος,,,,,,,,,,,,,,,,,,,,,,,,,,,,,,,,,,,,,,
3539,100246939,great,219,μέγαν,,,,,,,,,,,,,,,,,,,,,,,,,,,,,,,,,,,,,,
3540,100246940,ox,219,βοῦν,,,,,,,,,,,,,,,,,,,,,,,,,,,,,,,,,,,,,,
3541,100246941,with a willing,219,πρόφρονι,,,,,,,,,,,,,,,,,,,,,,,,,,,,,,,,,,,,,,
3542,100246942,heart,219,θυμῷ,,,,,,,,,,,,,,,,,,,,,,,,,,,,,,,,,,,,,,
3543,100246944,set it forth,219,προέθηκε,,,,,,,,,,,,,,,,,,,,,,,,,,,,,,,,,,,,,,
3544,100246948,tricking,219,ἐξαπαφίσκων,,,,,,,,,,,,,,,,,,,,,,,,,,,,,,,,,,,,,,
3545,100246947,mind,219,νόον,,,,,,,,,,,,,,,,,,,,,,,,,,,,,,,,,,,,,,
3546,100246946,of Zeus,219,Διὸς,,,,,,,,,,,,,,,,,,,,,,,,,,,,,,,,,,,,,,
3547,100246950,to,220,τοῖς,,,,,,,,,,,,,,,,,,,,,,,,,,,,,,,,,,,,,,
3548,100246951,these,220,μὲν,,,,,,,,,,,,,,,,,,,,,,,,,,,,,,,,,,,,,,
3549,100246952,For,220,γὰρ,,,,,,,,,,,,,,,,,,,,,,,,,,,,,,,,,,,,,,
3550,100246953,flesh,220,σάρκας,,,,,,,,,,,,,,,,,,,,,,,,,,,,,,,,,,,,,,
3551,100246954,and,220,τε,,,,,,,,,,,,,,,,,,,,,,,,,,,,,,,,,,,,,,
3552,100246955,the,220,καὶ,,,,,,,,,,,,,,,,,,,,,,,,,,,,,,,,,,,,,,
3553,100246956,entrails,220,ἔγκατα,,,,,,,,,,,,,,,,,,,,,,,,,,,,,,,,,,,,,,
3554,100246957,rich,220,πίονα,,,,,,,,,,,,,,,,,,,,,,,,,,,,,,,,,,,,,,
3555,100246961,set,220,κατέθηκε,,,,,,,,,,,,,,,,,,,,,,,,,,,,,,,,,,,,,,
3556,100246962,wrapping,220,καλύψας,,,,,,,,,,,,,,,,,,,,,,,,,,,,,,,,,,,,,,
3557,100246963,them,220,γαστρὶ,,,,,,,,,,,,,,,,,,,,,,,,,,,,,,,,,,,,,,
3558,100246958,in,220,δημῷ,,,,,,,,,,,,,,,,,,,,,,,,,,,,,,,,,,,,,,
3559,100246959,the,220,ἐν,,,,,,,,,,,,,,,,,,,,,,,,,,,,,,,,,,,,,,
3560,100246960,hide,220,ῥινῷ,,,,,,,,,,,,,,,,,,,,,,,,,,,,,,,,,,,,,,
3561,100246964,of,220,βοείῃ,,,,,,,,,,,,,,,,,,,,,,,,,,,,,,,,,,,,,,
3562,100246966,to,220,τῷ,,,,,,,,,,,,,,,,,,,,,,,,,,,,,,,,,,,,,,
3563,100246967,but,220,δ’,,,,,,,,,,,,,,,,,,,,,,,,,,,,,,,,,,,,,,
3564,100246968,him,220,αὖτ’,,,,,,,,,,,,,,,,,,,,,,,,,,,,,,,,,,,,,,
3565,100246976,set,220,κατέθηκε,,,,,,,,,,,,,,,,,,,,,,,,,,,,,,,,,,,,,,
3566,100246969,the,220,ὀστέα,,,,,,,,,,,,,,,,,,,,,,,,,,,,,,,,,,,,,,
3567,100246970,white,220,λευκὰ,,,,,,,,,,,,,,,,,,,,,,,,,,,,,,,,,,,,,,
3568,100246971,bones,220,βοὸς,,,,,,,,,,,,,,,,,,,,,,,,,,,,,,,,,,,,,,
3569,100246972,of,220,δολίῃ,,,,,,,,,,,,,,,,,,,,,,,,,,,,,,,,,,,,,,
3570,100246973,the,220,ἐπὶ,,,,,,,,,,,,,,,,,,,,,,,,,,,,,,,,,,,,,,
3571,100246974,deceitful,220,τέχνῃ,,,,,,,,,,,,,,,,,,,,,,,,,,,,,,,,,,,,,,
3572,100246975,arranging,220,εὐθετίσας,,,,,,,,,,,,,,,,,,,,,,,,,,,,,,,,,,,,,,
3573,100246977,wrapping,220,καλύψας,,,,,,,,,,,,,,,,,,,,,,,,,,,,,,,,,,,,,,
3574,100246978,them,220,ἀργέτι,,,,,,,,,,,,,,,,,,,,,,,,,,,,,,,,,,,,,,
3575,100246979,in,220,δημῷ,,,,,,,,,,,,,,,,,,,,,,,,,,,,,,,,,,,,,,
3576,100246980,fat,220,.,,,,,,,,,,,,,,,,,,,,,,,,,,,,,,,,,,,,,,
3577,100246981,indeed,221,δὴ,,,,,,,,,,,,,,,,,,,,,,,,,,,,,,,,,,,,,,
3578,100246982,Then,221,τότε,,,,,,,,,,,,,,,,,,,,,,,,,,,,,,,,,,,,,,
3579,100246983,him,221,μιν,,,,,,,,,,,,,,,,,,,,,,,,,,,,,,,,,,,,,,
3580,100246984,spoke,221,προσέειπε,,,,,,,,,,,,,,,,,,,,,,,,,,,,,,,,,,,,,,
3581,100246985,father,221,πατὴρ,,,,,,,,,,,,,,,,,,,,,,,,,,,,,,,,,,,,,,
3582,100246986,of men,221,ἀνδρῶν,,,,,,,,,,,,,,,,,,,,,,,,,,,,,,,,,,,,,,
3583,100246987,and,221,τε,,,,,,,,,,,,,,,,,,,,,,,,,,,,,,,,,,,,,,
3584,100246988,gods,221,θεῶν,,,,,,,,,,,,,,,,,,,,,,,,,,,,,,,,,,,,,,
3585,100246989,and,221,τε,,,,,,,,,,,,,,,,,,,,,,,,,,,,,,,,,,,,,,
3586,100246991,Son,222,Ἰαπετιονίδη,,,,,,,,,,,,,,,,,,,,,,,,,,,,,,,,,,,,,,
3587,100246993,all,222,πάντων,,,,,,,,,,,,,,,,,,,,,,,,,,,,,,,,,,,,,,
3588,100246994,distinguished,222,ἀριδείκετ’,,,,,,,,,,,,,,,,,,,,,,,,,,,,,,,,,,,,,,
3589,100246995,lords,222,ἀνάκτων,,,,,,,,,,,,,,,,,,,,,,,,,,,,,,,,,,,,,,
3590,100246997,O,222,ὦ,,,,,,,,,,,,,,,,,,,,,,,,,,,,,,,,,,,,,,
3591,100246998,friend,222,πέπον,,,,,,,,,,,,,,,,,,,,,,,,,,,,,,,,,,,,,,
3592,100247000,how,222,ὡς,,,,,,,,,,,,,,,,,,,,,,,,,,,,,,,,,,,,,,
3593,100247001,enviously,222,ἑτεροζήλως,,,,,,,,,,,,,,,,,,,,,,,,,,,,,,,,,,,,,,
3594,100247002,apportioned,222,διεδάσσαο,,,,,,,,,,,,,,,,,,,,,,,,,,,,,,,,,,,,,,
3595,100247003,portions,222,μοίρας,,,,,,,,,,,,,,,,,,,,,,,,,,,,,,,,,,,,,,
3596,100247005,Thus,223,ὣς,,,,,,,,,,,,,,,,,,,,,,,,,,,,,,,,,,,,,,
3597,100247006,spoke,223,φάτο,,,,,,,,,,,,,,,,,,,,,,,,,,,,,,,,,,,,,,
3598,100247008,Zeus,223,Ζεὺς,,,,,,,,,,,,,,,,,,,,,,,,,,,,,,,,,,,,,,
3599,100247011,knowing,223,εἰδώς,,,,,,,,,,,,,,,,,,,,,,,,,,,,,,,,,,,,,,
3600,100247009,imperishable,223,ἄφθιτα,,,,,,,,,,,,,,,,,,,,,,,,,,,,,,,,,,,,,,
3601,100247010,counsels,223,μήδεα,,,,,,,,,,,,,,,,,,,,,,,,,,,,,,,,,,,,,,
3602,100247007,making,223,κερτομέων,,,,,,,,,,,,,,,,,,,,,,,,,,,,,,,,,,,,,,
3603,100247013,him,224,τὸν,,,,,,,,,,,,,,,,,,,,,,,,,,,,,,,,,,,,,,
3604,100247014,But,224,δ’,,,,,,,,,,,,,,,,,,,,,,,,,,,,,,,,,,,,,,
3605,100247015,again,224,αὖτε,,,,,,,,,,,,,,,,,,,,,,,,,,,,,,,,,,,,,,
3606,100247016,spoke,224,προσέειπε,,,,,,,,,,,,,,,,,,,,,,,,,,,,,,,,,,,,,,
3607,100247017,Prometheus,224,Προμηθεὺς,,,,,,,,,,,,,,,,,,,,,,,,,,,,,,,,,,,,,,
3608,100247018,crooked-minded,224,ἀγκυλομήτης,,,,,,,,,,,,,,,,,,,,,,,,,,,,,,,,,,,,,,
3609,100247019,having,224,ἦκ’,,,,,,,,,,,,,,,,,,,,,,,,,,,,,,,,,,,,,,
3610,100247020,approached,224,ἐπιμειδήσας,,,,,,,,,,,,,,,,,,,,,,,,,,,,,,,,,,,,,,
3611,100247022,crafty,224,δολίης,,,,,,,,,,,,,,,,,,,,,,,,,,,,,,,,,,,,,,
3612,100247023,and,224,δ’,,,,,,,,,,,,,,,,,,,,,,,,,,,,,,,,,,,,,,
3613,100247024,not,224,οὐ,,,,,,,,,,,,,,,,,,,,,,,,,,,,,,,,,,,,,,
3614,100247025,forget,224,λήθετο,,,,,,,,,,,,,,,,,,,,,,,,,,,,,,,,,,,,,,
3615,100247026,cunning,224,τέχνης,,,,,,,,,,,,,,,,,,,,,,,,,,,,,,,,,,,,,,
3616,100247028,Zeus,225,ζεῦ,,,,,,,,,,,,,,,,,,,,,,,,,,,,,,,,,,,,,,
3617,100247029,glorious,225,κύδιστε,,,,,,,,,,,,,,,,,,,,,,,,,,,,,,,,,,,,,,
3618,100247030,greatest,225,μέγιστε,,,,,,,,,,,,,,,,,,,,,,,,,,,,,,,,,,,,,,
3619,100247031,gods,225,θεῶν,,,,,,,,,,,,,,,,,,,,,,,,,,,,,,,,,,,,,,
3620,100247032,ever-living,225,αἰειγενετάων,,,,,,,,,,,,,,,,,,,,,,,,,,,,,,,,,,,,,,
3621,100247036,have,225,ἕλε’,,,,,,,,,,,,,,,,,,,,,,,,,,,,,,,,,,,,,,
3622,100247039,your,225,σε,,,,,,,,,,,,,,,,,,,,,,,,,,,,,,,,,,,,,,
3623,100247041,heart,225,φρεσὶ,,,,,,,,,,,,,,,,,,,,,,,,,,,,,,,,,,,,,,
3624,100247042,spirit,225,θυμὸς,,,,,,,,,,,,,,,,,,,,,,,,,,,,,,,,,,,,,,
3625,100247043,urges,225,ἀνώγει,,,,,,,,,,,,,,,,,,,,,,,,,,,,,,,,,,,,,,
3626,100247045,said,226,φῆ,,,,,,,,,,,,,,,,,,,,,,,,,,,,,,,,,,,,,,
3627,100247046,acting,226,ῥα,,,,,,,,,,,,,,,,,,,,,,,,,,,,,,,,,,,,,,
3628,100247047,deceitfully,226,δολοφρονέων,,,,,,,,,,,,,,,,,,,,,,,,,,,,,,,,,,,,,,
3629,100247050,But,227,δ’,,,,,,,,,,,,,,,,,,,,,,,,,,,,,,,,,,,,,,
3630,100247049,Zeus,227,Ζεὺς,,,,,,,,,,,,,,,,,,,,,,,,,,,,,,,,,,,,,,
3631,100247053,knowing,227,εἰδὼς,,,,,,,,,,,,,,,,,,,,,,,,,,,,,,,,,,,,,,
3632,100247051,imperishable,227,ἄφθιτα,,,,,,,,,,,,,,,,,,,,,,,,,,,,,,,,,,,,,,
3633,100247052,counsels,227,μήδεα,,,,,,,,,,,,,,,,,,,,,,,,,,,,,,,,,,,,,,
3634,100247054,recognized,227,γνῶ,,,,,,,,,,,,,,,,,,,,,,,,,,,,,,,,,,,,,,
3635,100247055,her,227,ῥ’,,,,,,,,,,,,,,,,,,,,,,,,,,,,,,,,,,,,,,
3636,100247057,yet,227,-δ’,,,,,,,,,,,,,,,,,,,,,,,,,,,,,,,,,,,,,,
3637,100247056,not,227,οὐ,,,,,,,,,,,,,,,,,,,,,,,,,,,,,,,,,,,,,,
3638,100247058,perceive,227,ἠγνοίησε,,,,,,,,,,,,,,,,,,,,,,,,,,,,,,,,,,,,,,
3639,100247059,the,227,δόλον,,,,,,,,,,,,,,,,,,,,,,,,,,,,,,,,,,,,,,
3640,100247062,And,228,δ’,,,,,,,,,,,,,,,,,,,,,,,,,,,,,,,,,,,,,,
3641,100247063,perceived,228,ὄσσετο,,,,,,,,,,,,,,,,,,,,,,,,,,,,,,,,,,,,,,
3642,100247064,heart,228,θυμῷ,,,,,,,,,,,,,,,,,,,,,,,,,,,,,,,,,,,,,,
3643,100247061,evils,228,κακὰ,,,,,,,,,,,,,,,,,,,,,,,,,,,,,,,,,,,,,,
3644,100247068,destined,228,τὰ,,,,,,,,,,,,,,,,,,,,,,,,,,,,,,,,,,,,,,
3645,100247070,happen,228,τελέεσθαι,,,,,,,,,,,,,,,,,,,,,,,,,,,,,,,,,,,,,,
3646,100247071,were,228,ἔμελλεν,,,,,,,,,,,,,,,,,,,,,,,,,,,,,,,,,,,,,,
3647,100247065,mortal,228,θνητοῖς,,,,,,,,,,,,,,,,,,,,,,,,,,,,,,,,,,,,,,
3648,100247066,men,228,ἀνθρώποισι,,,,,,,,,,,,,,,,,,,,,,,,,,,,,,,,,,,,,,
3649,100247073,hands,229,χερσὶ,,,,,,,,,,,,,,,,,,,,,,,,,,,,,,,,,,,,,,
3650,100247074,But,229,δ’,,,,,,,,,,,,,,,,,,,,,,,,,,,,,,,,,,,,,,
3651,100247075,he,229,ὅ,,,,,,,,,,,,,,,,,,,,,,,,,,,,,,,,,,,,,,
3652,100247077,both,229,ἀμφοτέρῃσιν,,,,,,,,,,,,,,,,,,,,,,,,,,,,,,,,,,,,,,
3653,100247078,raised,229,ἀνείλετο,,,,,,,,,,,,,,,,,,,,,,,,,,,,,,,,,,,,,,
3654,100247079,white,229,λευκὸν,,,,,,,,,,,,,,,,,,,,,,,,,,,,,,,,,,,,,,
3655,100247080,ointment,229,ἄλειφαρ,,,,,,,,,,,,,,,,,,,,,,,,,,,,,,,,,,,,,,
3656,100247083,And,230,δὲ,,,,,,,,,,,,,,,,,,,,,,,,,,,,,,,,,,,,,,
3657,100247082,raged,230,χώσατο,,,,,,,,,,,,,,,,,,,,,,,,,,,,,,,,,,,,,,
3658,100247084,heart,230,φρένας,,,,,,,,,,,,,,,,,,,,,,,,,,,,,,,,,,,,,,
3659,100247085,fury,230,ἀμφί,,,,,,,,,,,,,,,,,,,,,,,,,,,,,,,,,,,,,,
3660,100247087,wrath,230,χόλος,,,,,,,,,,,,,,,,,,,,,,,,,,,,,,,,,,,,,,
3661,100247088,came,230,δέ,,,,,,,,,,,,,,,,,,,,,,,,,,,,,,,,,,,,,,
3662,100247090,upon,230,ἵκετο,,,,,,,,,,,,,,,,,,,,,,,,,,,,,,,,,,,,,,
3663,100247089,his,230,μιν,,,,,,,,,,,,,,,,,,,,,,,,,,,,,,,,,,,,,,
3664,100247091,spirit,230,θυμόν,,,,,,,,,,,,,,,,,,,,,,,,,,,,,,,,,,,,,,
3665,100247093,when,230,ὡς,,,,,,,,,,,,,,,,,,,,,,,,,,,,,,,,,,,,,,
3666,100247094,saw,230,ἴδεν,,,,,,,,,,,,,,,,,,,,,,,,,,,,,,,,,,,,,,
3667,100247095,bones,230,ὀστέα,,,,,,,,,,,,,,,,,,,,,,,,,,,,,,,,,,,,,,
3668,100247096,white,230,λευκὰ,,,,,,,,,,,,,,,,,,,,,,,,,,,,,,,,,,,,,,
3669,100247097,of,230,βοὸς,,,,,,,,,,,,,,,,,,,,,,,,,,,,,,,,,,,,,,
3670,100247097,ox,230,βοὸς,,,,,,,,,,,,,,,,,,,,,,,,,,,,,,,,,,,,,,
3671,100247099,on,230,ἐπὶ,,,,,,,,,,,,,,,,,,,,,,,,,,,,,,,,,,,,,,
3672,100247100,craft,230,τέχνῃ,,,,,,,,,,,,,,,,,,,,,,,,,,,,,,,,,,,,,,
3673,100247098,deceptive,230,δολίῃ,,,,,,,,,,,,,,,,,,,,,,,,,,,,,,,,,,,,,,
3674,100247102,From,231,ἐκ,,,,,,,,,,,,,,,,,,,,,,,,,,,,,,,,,,,,,,
3675,100247103,these,231,τοῦ,,,,,,,,,,,,,,,,,,,,,,,,,,,,,,,,,,,,,,
3676,100247104,for,231,δ’,,,,,,,,,,,,,,,,,,,,,,,,,,,,,,,,,,,,,,
3677,100247105,immortals,231,ἀθανάτοισιν,,,,,,,,,,,,,,,,,,,,,,,,,,,,,,,,,,,,,,
3678,100247106,on,231,ἐπὶ,,,,,,,,,,,,,,,,,,,,,,,,,,,,,,,,,,,,,,
3679,100247107,earth,231,χθονὶ,,,,,,,,,,,,,,,,,,,,,,,,,,,,,,,,,,,,,,
3680,100247108,tribes,231,φῦλ’,,,,,,,,,,,,,,,,,,,,,,,,,,,,,,,,,,,,,,
3681,100247109,of men,231,ἀνθρώπων,,,,,,,,,,,,,,,,,,,,,,,,,,,,,,,,,,,,,,
3682,100247110,burn,231,καίουσ’,,,,,,,,,,,,,,,,,,,,,,,,,,,,,,,,,,,,,,
3683,100247111,bones,231,ὀστέα,,,,,,,,,,,,,,,,,,,,,,,,,,,,,,,,,,,,,,
3684,100247112,white,231,λευκὰ,,,,,,,,,,,,,,,,,,,,,,,,,,,,,,,,,,,,,,
3685,100247113,slaughtered,231,θυηέντων,,,,,,,,,,,,,,,,,,,,,,,,,,,,,,,,,,,,,,
3686,100247114,upon,231,ἐπὶ,,,,,,,,,,,,,,,,,,,,,,,,,,,,,,,,,,,,,,
3687,100247115,altars,231,βωμῶν,,,,,,,,,,,,,,,,,,,,,,,,,,,,,,,,,,,,,,
3688,100247117,him,232,τὸν,,,,,,,,,,,,,,,,,,,,,,,,,,,,,,,,,,,,,,
3689,100247118,Being,232,δὲ,,,,,,,,,,,,,,,,,,,,,,,,,,,,,,,,,,,,,,
3690,100247119,greatly,232,μέγ’,,,,,,,,,,,,,,,,,,,,,,,,,,,,,,,,,,,,,,
3691,100247120,angered,232,ὀχθήσας,,,,,,,,,,,,,,,,,,,,,,,,,,,,,,,,,,,,,,
3692,100247121,spoke,232,προσέφη,,,,,,,,,,,,,,,,,,,,,,,,,,,,,,,,,,,,,,
3693,100247122,cloud-gatherer,232,νεφεληγερέτα,,,,,,,,,,,,,,,,,,,,,,,,,,,,,,,,,,,,,,
3694,100247123,Zeus,232,Ζεύς,,,,,,,,,,,,,,,,,,,,,,,,,,,,,,,,,,,,,,
3695,100247125,Son,233,Ἰαπετιονίδη,,,,,,,,,,,,,,,,,,,,,,,,,,,,,,,,,,,,,,
3696,100247127,all,233,πάντων,,,,,,,,,,,,,,,,,,,,,,,,,,,,,,,,,,,,,,
3697,100247128,of,233,πέρι,,,,,,,,,,,,,,,,,,,,,,,,,,,,,,,,,,,,,,
3698,100247129,counsels,233,μήδεα,,,,,,,,,,,,,,,,,,,,,,,,,,,,,,,,,,,,,,
3699,100247130,knowing,233,εἰδώς,,,,,,,,,,,,,,,,,,,,,,,,,,,,,,,,,,,,,,
3700,100247132,ah,233,ὦ,,,,,,,,,,,,,,,,,,,,,,,,,,,,,,,,,,,,,,
3701,100247133,old,233,πέπον,,,,,,,,,,,,,,,,,,,,,,,,,,,,,,,,,,,,,,
3702,100247135,not,233,οὐκ,,,,,,,,,,,,,,,,,,,,,,,,,,,,,,,,,,,,,,
3703,100247136,yet,233,ἄρα,,,,,,,,,,,,,,,,,,,,,,,,,,,,,,,,,,,,,,
3704,100247137,yet,233,πω,,,,,,,,,,,,,,,,,,,,,,,,,,,,,,,,,,,,,,
3705,100247138,deceit,233,δολίης,,,,,,,,,,,,,,,,,,,,,,,,,,,,,,,,,,,,,,
3706,100247139,forgotten,233,ἐπιλήθεο,,,,,,,,,,,,,,,,,,,,,,,,,,,,,,,,,,,,,,
3707,100247140,craft,233,τέχνης,,,,,,,,,,,,,,,,,,,,,,,,,,,,,,,,,,,,,,
3708,100247142,Thus,234,ὣς,,,,,,,,,,,,,,,,,,,,,,,,,,,,,,,,,,,,,,
3709,100247143,spoke,234,φάτο,,,,,,,,,,,,,,,,,,,,,,,,,,,,,,,,,,,,,,
3710,100247145,Zeus,234,Ζεὺς,,,,,,,,,,,,,,,,,,,,,,,,,,,,,,,,,,,,,,
3711,100247148,knowing,234,εἰδώς,,,,,,,,,,,,,,,,,,,,,,,,,,,,,,,,,,,,,,
3712,100247146,imperishable,234,ἄφθιτα,,,,,,,,,,,,,,,,,,,,,,,,,,,,,,,,,,,,,,
3713,100247147,counsels,234,μήδεα,,,,,,,,,,,,,,,,,,,,,,,,,,,,,,,,,,,,,,
3714,100247144,being angry,234,χωόμενος,,,,,,,,,,,,,,,,,,,,,,,,,,,,,,,,,,,,,,
3715,100247150,From,235,ἐκ,,,,,,,,,,,,,,,,,,,,,,,,,,,,,,,,,,,,,,
3716,100247151,that,235,τούτου,,,,,,,,,,,,,,,,,,,,,,,,,,,,,,,,,,,,,,
3717,100247152,time,235,δὴ,,,,,,,,,,,,,,,,,,,,,,,,,,,,,,,,,,,,,,
3718,100247153,on,235,ἔπειτα,,,,,,,,,,,,,,,,,,,,,,,,,,,,,,,,,,,,,,
3719,100247155,remembering,235,μεμνημένος,,,,,,,,,,,,,,,,,,,,,,,,,,,,,,,,,,,,,,
3720,100247154,the trick,235,δόλου,,,,,,,,,,,,,,,,,,,,,,,,,,,,,,,,,,,,,,
3721,100247157,never,235,οὐκ,,,,,,,,,,,,,,,,,,,,,,,,,,,,,,,,,,,,,,
3722,100247158,gave,235,ἐδίδου,,,,,,,,,,,,,,,,,,,,,,,,,,,,,,,,,,,,,,
3723,100247159,to the men,235,Μελίῃσι,,,,,,,,,,,,,,,,,,,,,,,,,,,,,,,,,,,,,,
3724,100247160,of the ash-tree,235,πυρὸς,,,,,,,,,,,,,,,,,,,,,,,,,,,,,,,,,,,,,,
3725,100247161,the,235,μένος,,,,,,,,,,,,,,,,,,,,,,,,,,,,,,,,,,,,,,
3726,100247162,unceasing,235,ἀκαμάτοιο,,,,,,,,,,,,,,,,,,,,,,,,,,,,,,,,,,,,,,
3727,100247163,strength,235,θνητοῖς,,,,,,,,,,,,,,,,,,,,,,,,,,,,,,,,,,,,,,
3728,100247164,of fire,235,ἀνθρώποις,,,,,,,,,,,,,,,,,,,,,,,,,,,,,,,,,,,,,,
3729,100247166,who,235,οἳ,,,,,,,,,,,,,,,,,,,,,,,,,,,,,,,,,,,,,,
3730,100247167,dwell,235,ἐπὶ,,,,,,,,,,,,,,,,,,,,,,,,,,,,,,,,,,,,,,
3731,100247168,on the earth,235,χθονὶ,,,,,,,,,,,,,,,,,,,,,,,,,,,,,,,,,,,,,,
3732,100247171,But,236,ἀλλά,,,,,,,,,,,,,,,,,,,,,,,,,,,,,,,,,,,,,,
3733,100247172,him,236,μιν,,,,,,,,,,,,,,,,,,,,,,,,,,,,,,,,,,,,,,
3734,100247173,deceived,236,ἐξαπάτησεν,,,,,,,,,,,,,,,,,,,,,,,,,,,,,,,,,,,,,,
3735,100247174,fair,236,ἐὺς,,,,,,,,,,,,,,,,,,,,,,,,,,,,,,,,,,,,,,
3736,100247175,son,236,πάις,,,,,,,,,,,,,,,,,,,,,,,,,,,,,,,,,,,,,,
3737,100247176,of Iapetus,236,Ἰαπετοῖο,,,,,,,,,,,,,,,,,,,,,,,,,,,,,,,,,,,,,,
3738,100247177,stealing,236,κλέψας,,,,,,,,,,,,,,,,,,,,,,,,,,,,,,,,,,,,,,
3739,100247178,all-seeing,236,ἀκαμάτοιο,,,,,,,,,,,,,,,,,,,,,,,,,,,,,,,,,,,,,,
3740,100247179,fire,236,πυρὸς,,,,,,,,,,,,,,,,,,,,,,,,,,,,,,,,,,,,,,
3741,100247182,glow,237,αὐγὴν,,,,,,,,,,,,,,,,,,,,,,,,,,,,,,,,,,,,,,
3742,100247183,in,237,ἐν,,,,,,,,,,,,,,,,,,,,,,,,,,,,,,,,,,,,,,
3743,100247184,hollow,237,κοΐλῳ,,,,,,,,,,,,,,,,,,,,,,,,,,,,,,,,,,,,,,
3744,100247185,fennel,237,νάρθηκι,,,,,,,,,,,,,,,,,,,,,,,,,,,,,,,,,,,,,,
3745,100247187,bit,238,δάκεν,,,,,,,,,,,,,,,,,,,,,,,,,,,,,,,,,,,,,,
3746,100247188,and,238,δέ,,,,,,,,,,,,,,,,,,,,,,,,,,,,,,,,,,,,,,
3747,100247189,the,238,ἑ,,,,,,,,,,,,,,,,,,,,,,,,,,,,,,,,,,,,,,
3748,100247190,deep,238,νειόθι,,,,,,,,,,,,,,,,,,,,,,,,,,,,,,,,,,,,,,
3749,100247191,within,238,θυμόν,,,,,,,,,,,,,,,,,,,,,,,,,,,,,,,,,,,,,,
3750,100247193,Zeus,238,Ζῆν’,,,,,,,,,,,,,,,,,,,,,,,,,,,,,,,,,,,,,,
3751,100247194,the,238,ὑψιβρεμέτην,,,,,,,,,,,,,,,,,,,,,,,,,,,,,,,,,,,,,,
3752,100247196,angered,238,ἐχόλωσε,,,,,,,,,,,,,,,,,,,,,,,,,,,,,,,,,,,,,,
3753,100247197,and,238,δέ,,,,,,,,,,,,,,,,,,,,,,,,,,,,,,,,,,,,,,
3754,100247198,his,238,μιν,,,,,,,,,,,,,,,,,,,,,,,,,,,,,,,,,,,,,,
3755,100247199,dear,238,φίλον,,,,,,,,,,,,,,,,,,,,,,,,,,,,,,,,,,,,,,
3756,100247200,heart,238,ἦτορ,,,,,,,,,,,,,,,,,,,,,,,,,,,,,,,,,,,,,,
3757,100247202,when,238,ὡς,,,,,,,,,,,,,,,,,,,,,,,,,,,,,,,,,,,,,,
3758,100247203,he,238,ἴδ’,,,,,,,,,,,,,,,,,,,,,,,,,,,,,,,,,,,,,,
3759,100247204,saw,238,ἐν,,,,,,,,,,,,,,,,,,,,,,,,,,,,,,,,,,,,,,
3760,100247205,among,238,ἀνθρώποισι,,,,,,,,,,,,,,,,,,,,,,,,,,,,,,,,,,,,,,
3761,100247206,of,238,πυρὸς,,,,,,,,,,,,,,,,,,,,,,,,,,,,,,,,,,,,,,
3762,100247207,far-shining,238,τηλέσκοπον,,,,,,,,,,,,,,,,,,,,,,,,,,,,,,,,,,,,,,
3763,100247208,light,238,αὐγήν,,,,,,,,,,,,,,,,,,,,,,,,,,,,,,,,,,,,,,
3764,100247210,Straightaway,239,αὐτίκα,,,,,,,,,,,,,,,,,,,,,,,,,,,,,,,,,,,,,,
3765,100247211,in,239,δ’,,,,,,,,,,,,,,,,,,,,,,,,,,,,,,,,,,,,,,
3766,100247212,exchange,239,ἀντὶ,,,,,,,,,,,,,,,,,,,,,,,,,,,,,,,,,,,,,,
3767,100247213,for,239,πυρὸς,,,,,,,,,,,,,,,,,,,,,,,,,,,,,,,,,,,,,,
3768,100247214,crafted,239,τεῦξεν,,,,,,,,,,,,,,,,,,,,,,,,,,,,,,,,,,,,,,
3769,100247215,evil,239,κακὸν,,,,,,,,,,,,,,,,,,,,,,,,,,,,,,,,,,,,,,
3770,100247216,for,239,ἀνθρώποισιν,,,,,,,,,,,,,,,,,,,,,,,,,,,,,,,,,,,,,,
3771,100247219,For,240,γὰρ,,,,,,,,,,,,,,,,,,,,,,,,,,,,,,,,,,,,,,
3772,100247221,renowned,240,περικλυτὸς,,,,,,,,,,,,,,,,,,,,,,,,,,,,,,,,,,,,,,
3773,100247222,Amphigyes,240,Ἀμφιγυήεις,,,,,,,,,,,,,,,,,,,,,,,,,,,,,,,,,,,,,,
3774,100247220,fashioned,240,σύμπλασσε,,,,,,,,,,,,,,,,,,,,,,,,,,,,,,,,,,,,,,
3775,100247218,the earth,240,γαίης,,,,,,,,,,,,,,,,,,,,,,,,,,,,,,,,,,,,,,
3776,100247223,maiden,240,παρθένῳ,,,,,,,,,,,,,,,,,,,,,,,,,,,,,,,,,,,,,,
3777,100247224,holy,240,αἰδοίῃ,,,,,,,,,,,,,,,,,,,,,,,,,,,,,,,,,,,,,,
3778,100247225,like,240,ἴκελον,,,,,,,,,,,,,,,,,,,,,,,,,,,,,,,,,,,,,,
3779,100247226,Kronos,240,Κρονίδεω,,,,,,,,,,,,,,,,,,,,,,,,,,,,,,,,,,,,,,
3780,100247227,counsel,240,διὰ,,,,,,,,,,,,,,,,,,,,,,,,,,,,,,,,,,,,,,
3781,100247228,counsel,240,βουλάς,,,,,,,,,,,,,,,,,,,,,,,,,,,,,,,,,,,,,,
3782,100247230,girded,241,ζῶσε,,,,,,,,,,,,,,,,,,,,,,,,,,,,,,,,,,,,,,
3783,100247231,And,241,δὲ,,,,,,,,,,,,,,,,,,,,,,,,,,,,,,,,,,,,,,
3784,100247232,And,241,καὶ,,,,,,,,,,,,,,,,,,,,,,,,,,,,,,,,,,,,,,
3785,100247233,adorned,241,κόσμησε,,,,,,,,,,,,,,,,,,,,,,,,,,,,,,,,,,,,,,
3786,100247234,goddess,241,θεὰ,,,,,,,,,,,,,,,,,,,,,,,,,,,,,,,,,,,,,,
3787,100247235,her,241,γλαυκῶπις,,,,,,,,,,,,,,,,,,,,,,,,,,,,,,,,,,,,,,
3788,100247236,her,241,Ἀθήνη,,,,,,,,,,,,,,,,,,,,,,,,,,,,,,,,,,,,,,
3789,100247237,silvery,241,ἀργυφέη,,,,,,,,,,,,,,,,,,,,,,,,,,,,,,,,,,,,,,
3790,100247238,robe,241,ἐσθῆτι,,,,,,,,,,,,,,,,,,,,,,,,,,,,,,,,,,,,,,
3791,100247240,From,242,κατὰ,,,,,,,,,,,,,,,,,,,,,,,,,,,,,,,,,,,,,,
3792,100247241,the top,242,κρῆθεν,,,,,,,,,,,,,,,,,,,,,,,,,,,,,,,,,,,,,,
3793,100247242,of,242,δὲ,,,,,,,,,,,,,,,,,,,,,,,,,,,,,,,,,,,,,,
3794,100247243,veil,242,καλύπτρην,,,,,,,,,,,,,,,,,,,,,,,,,,,,,,,,,,,,,,
3795,100247244,beautifully crafted,242,δαιδαλέην,,,,,,,,,,,,,,,,,,,,,,,,,,,,,,,,,,,,,,
3796,100247245,with her hands,242,χείρεσσι,,,,,,,,,,,,,,,,,,,,,,,,,,,,,,,,,,,,,,
3797,100247246,fastened,242,κατέσχεθε,,,,,,,,,,,,,,,,,,,,,,,,,,,,,,,,,,,,,,
3798,100247248,wonder,242,θαῦμα,,,,,,,,,,,,,,,,,,,,,,,,,,,,,,,,,,,,,,
3799,100247249,behold,242,ἰδέσθαι,,,,,,,,,,,,,,,,,,,,,,,,,,,,,,,,,,,,,,
3800,100247267,And,244,δέ,,,,,,,,,,,,,,,,,,,,,,,,,,,,,,,,,,,,,,
3801,100247272,placed,244,ἔθηκε,,,,,,,,,,,,,,,,,,,,,,,,,,,,,,,,,,,,,,
3802,100247268,his,244,οἱ,,,,,,,,,,,,,,,,,,,,,,,,,,,,,,,,,,,,,,
3803,100247271,head,244,κεφαλῆφιν,,,,,,,,,,,,,,,,,,,,,,,,,,,,,,,,,,,,,,
3804,100247269,crown,244,στεφάνην,,,,,,,,,,,,,,,,,,,,,,,,,,,,,,,,,,,,,,
3805,100247270,golden,244,χρυσέην,,,,,,,,,,,,,,,,,,,,,,,,,,,,,,,,,,,,,,
3806,100247274,which,244,τὴν,,,,,,,,,,,,,,,,,,,,,,,,,,,,,,,,,,,,,,
3807,100247275,himself,244,αὐτὸς,,,,,,,,,,,,,,,,,,,,,,,,,,,,,,,,,,,,,,
3808,100247277,renowned,244,περικλυτὸς,,,,,,,,,,,,,,,,,,,,,,,,,,,,,,,,,,,,,,
3809,100247278,Amphiguneus,244,Ἀμφιγυήεις,,,,,,,,,,,,,,,,,,,,,,,,,,,,,,,,,,,,,,
3810,100247276,fashioned,244,ποίησε,,,,,,,,,,,,,,,,,,,,,,,,,,,,,,,,,,,,,,
3811,100247279,rubbing,244,ἀσκήσας,,,,,,,,,,,,,,,,,,,,,,,,,,,,,,,,,,,,,,
3812,100247280,his,244,παλάμῃσι,,,,,,,,,,,,,,,,,,,,,,,,,,,,,,,,,,,,,,
3813,100247282,gift,244,χαριζόμενος,,,,,,,,,,,,,,,,,,,,,,,,,,,,,,,,,,,,,,
3814,100247284,father,244,πατρί,,,,,,,,,,,,,,,,,,,,,,,,,,,,,,,,,,,,,,
3815,100247283,Zeus,244,Διὶ,,,,,,,,,,,,,,,,,,,,,,,,,,,,,,,,,,,,,,
3816,100247286,her,245,τῇ,,,,,,,,,,,,,,,,,,,,,,,,,,,,,,,,,,,,,,
3817,100247287,And,245,δ’,,,,,,,,,,,,,,,,,,,,,,,,,,,,,,,,,,,,,,
3818,100247288,in,245,ἐνὶ,,,,,,,,,,,,,,,,,,,,,,,,,,,,,,,,,,,,,,
3819,100247289,intricate,245,δαίδαλα,,,,,,,,,,,,,,,,,,,,,,,,,,,,,,,,,,,,,,
3820,100247290,many,245,πολλὰ,,,,,,,,,,,,,,,,,,,,,,,,,,,,,,,,,,,,,,
3821,100247291,crafted,245,τετεύχατο,,,,,,,,,,,,,,,,,,,,,,,,,,,,,,,,,,,,,,
3822,100247293,wonder,245,θαῦμα,,,,,,,,,,,,,,,,,,,,,,,,,,,,,,,,,,,,,,
3823,100247294,to behold,245,ἰδέσθαι,,,,,,,,,,,,,,,,,,,,,,,,,,,,,,,,,,,,,,
3824,100247296,beasts,245,κνώδαλ’,,,,,,,,,,,,,,,,,,,,,,,,,,,,,,,,,,,,,,
3825,100247298,as many as,245,ὅσ’,,,,,,,,,,,,,,,,,,,,,,,,,,,,,,,,,,,,,,
3826,100247299,land,245,ἤπειρος,,,,,,,,,,,,,,,,,,,,,,,,,,,,,,,,,,,,,,
3827,100247300,many,245,πολλὰ,,,,,,,,,,,,,,,,,,,,,,,,,,,,,,,,,,,,,,
3828,100247301,nourish,245,τρέφει,,,,,,,,,,,,,,,,,,,,,,,,,,,,,,,,,,,,,,
3829,100247302,and,245,ἠδὲ,,,,,,,,,,,,,,,,,,,,,,,,,,,,,,,,,,,,,,
3830,100247303,sea,245,θάλασσα,,,,,,,,,,,,,,,,,,,,,,,,,,,,,,,,,,,,,,
3831,100247305,these,245,τῶν,,,,,,,,,,,,,,,,,,,,,,,,,,,,,,,,,,,,,,
3832,100247306,them,245,ὅ,,,,,,,,,,,,,,,,,,,,,,,,,,,,,,,,,,,,,,
3833,100247307,them,245,γε,,,,,,,,,,,,,,,,,,,,,,,,,,,,,,,,,,,,,,
3834,100247308,many,245,πόλλ’,,,,,,,,,,,,,,,,,,,,,,,,,,,,,,,,,,,,,,
3835,100247309,set,245,ἐνέθηκε,,,,,,,,,,,,,,,,,,,,,,,,,,,,,,,,,,,,,,
3836,100247312,grace,245,χάρις,,,,,,,,,,,,,,,,,,,,,,,,,,,,,,,,,,,,,,
3837,100247313,that,245,δ’,,,,,,,,,,,,,,,,,,,,,,,,,,,,,,,,,,,,,,
3838,100247314,shone,245,ἀπελάμπετο,,,,,,,,,,,,,,,,,,,,,,,,,,,,,,,,,,,,,,
3839,100247315,great,245,πολλή,,,,,,,,,,,,,,,,,,,,,,,,,,,,,,,,,,,,,,
3840,100247318,wonderful,245,θαυμάσια,,,,,,,,,,,,,,,,,,,,,,,,,,,,,,,,,,,,,,
3841,100247320,living,245,ζῴοισιν,,,,,,,,,,,,,,,,,,,,,,,,,,,,,,,,,,,,,,
3842,100247321,resembling,245,ἐοικότα,,,,,,,,,,,,,,,,,,,,,,,,,,,,,,,,,,,,,,
3843,100247322,voices,245,φωνήεσσιν,,,,,,,,,,,,,,,,,,,,,,,,,,,,,,,,,,,,,,
3844,100247324,But,246,αὐτὰρ,,,,,,,,,,,,,,,,,,,,,,,,,,,,,,,,,,,,,,
3845,100247325,once,246,ἐπεὶ,,,,,,,,,,,,,,,,,,,,,,,,,,,,,,,,,,,,,,
3846,100247327,fashioned,246,τεῦξε,,,,,,,,,,,,,,,,,,,,,,,,,,,,,,,,,,,,,,
3847,100247328,beautiful,246,καλὸν,,,,,,,,,,,,,,,,,,,,,,,,,,,,,,,,,,,,,,
3848,100247329,evil,246,κακὸν,,,,,,,,,,,,,,,,,,,,,,,,,,,,,,,,,,,,,,
3849,100247330,in exchange for,246,ἀντ’,,,,,,,,,,,,,,,,,,,,,,,,,,,,,,,,,,,,,,
3850,100247331,a good,246,ἀγαθοῖο,,,,,,,,,,,,,,,,,,,,,,,,,,,,,,,,,,,,,,
3851,100247333,Lead,247,ἐξάγαγ’,,,,,,,,,,,,,,,,,,,,,,,,,,,,,,,,,,,,,,
3852,100247335,where,247,ἔνθα,,,,,,,,,,,,,,,,,,,,,,,,,,,,,,,,,,,,,,
3853,100247336,other,247,περ,,,,,,,,,,,,,,,,,,,,,,,,,,,,,,,,,,,,,,
3854,100247337,other,247,ἄλλοι,,,,,,,,,,,,,,,,,,,,,,,,,,,,,,,,,,,,,,
3855,100247338,were,247,ἔσαν,,,,,,,,,,,,,,,,,,,,,,,,,,,,,,,,,,,,,,
3856,100247339,gods,247,θεοὶ,,,,,,,,,,,,,,,,,,,,,,,,,,,,,,,,,,,,,,
3857,100247340,and,247,ἠδ’,,,,,,,,,,,,,,,,,,,,,,,,,,,,,,,,,,,,,,
3858,100247341,men,247,ἄνθρωποι,,,,,,,,,,,,,,,,,,,,,,,,,,,,,,,,,,,,,,
3859,100247344,rejoicing,247,ἀγαλλομένην,,,,,,,,,,,,,,,,,,,,,,,,,,,,,,,,,,,,,,
3860,100247343,order,247,κόσμῳ,,,,,,,,,,,,,,,,,,,,,,,,,,,,,,,,,,,,,,
3861,100247345,son,247,γλαυκώπιδος,,,,,,,,,,,,,,,,,,,,,,,,,,,,,,,,,,,,,,
3862,100247346,father,247,ὀβριμοπάτρης,,,,,,,,,,,,,,,,,,,,,,,,,,,,,,,,,,,,,,
3863,100247348,wonder,248,θαῦμα,,,,,,,,,,,,,,,,,,,,,,,,,,,,,,,,,,,,,,
3864,100247349,And,248,δ’,,,,,,,,,,,,,,,,,,,,,,,,,,,,,,,,,,,,,,
3865,100247350,was,248,ἔχ’,,,,,,,,,,,,,,,,,,,,,,,,,,,,,,,,,,,,,,
3866,100247351,immortal,248,ἀθανάτους,,,,,,,,,,,,,,,,,,,,,,,,,,,,,,,,,,,,,,
3867,100247352,and,248,τε,,,,,,,,,,,,,,,,,,,,,,,,,,,,,,,,,,,,,,
3868,100247353,gods,248,θεοὺς,,,,,,,,,,,,,,,,,,,,,,,,,,,,,,,,,,,,,,
3869,100247354,mortal,248,θνητούς,,,,,,,,,,,,,,,,,,,,,,,,,,,,,,,,,,,,,,
3870,100247355,and,248,τ’,,,,,,,,,,,,,,,,,,,,,,,,,,,,,,,,,,,,,,
3871,100247356,men,248,ἀνθρώπους,,,,,,,,,,,,,,,,,,,,,,,,,,,,,,,,,,,,,,
3872,100247358,as,248,ὡς,,,,,,,,,,,,,,,,,,,,,,,,,,,,,,,,,,,,,,
3873,100247359,they saw,248,εἶδον,,,,,,,,,,,,,,,,,,,,,,,,,,,,,,,,,,,,,,
3874,100247360,craft,248,δόλον,,,,,,,,,,,,,,,,,,,,,,,,,,,,,,,,,,,,,,
3875,100247361,cruel,248,αἰπύν,,,,,,,,,,,,,,,,,,,,,,,,,,,,,,,,,,,,,,
3876,100247363,unmanageable,248,ἀμήχανον,,,,,,,,,,,,,,,,,,,,,,,,,,,,,,,,,,,,,,
3877,100247364,men,248,ἀνθρώποισιν,,,,,,,,,,,,,,,,,,,,,,,,,,,,,,,,,,,,,,
3878,100247368,For,249,γὰρ,,,,,,,,,,,,,,,,,,,,,,,,,,,,,,,,,,,,,,
3879,100247366,from,249,ἐκ,,,,,,,,,,,,,,,,,,,,,,,,,,,,,,,,,,,,,,
3880,100247367,her,249,τῆς,,,,,,,,,,,,,,,,,,,,,,,,,,,,,,,,,,,,,,
3881,100247370,is,249,ἐστὶ,,,,,,,,,,,,,,,,,,,,,,,,,,,,,,,,,,,,,,
3882,100247369,race,249,γένος,,,,,,,,,,,,,,,,,,,,,,,,,,,,,,,,,,,,,,
3883,100247372,more destructive,249,θηλυτεράων,,,,,,,,,,,,,,,,,,,,,,,,,,,,,,,,,,,,,,
3884,100247371,female women,249,γυναικῶν,,,,,,,,,,,,,,,,,,,,,,,,,,,,,,,,,,,,,,
3885,100247375,for,249,γὰρ,,,,,,,,,,,,,,,,,,,,,,,,,,,,,,,,,,,,,,
3886,100247374,her,249,τῆς,,,,,,,,,,,,,,,,,,,,,,,,,,,,,,,,,,,,,,
3887,100247377,is,249,ἐστι,,,,,,,,,,,,,,,,,,,,,,,,,,,,,,,,,,,,,,
3888,100247378,race,249,γένος,,,,,,,,,,,,,,,,,,,,,,,,,,,,,,,,,,,,,,
3889,100247379,and,249,καὶ,,,,,,,,,,,,,,,,,,,,,,,,,,,,,,,,,,,,,,
3890,100247380,tribes,249,φῦλα,,,,,,,,,,,,,,,,,,,,,,,,,,,,,,,,,,,,,,
3891,100247381,women,249,γυναικῶν,,,,,,,,,,,,,,,,,,,,,,,,,,,,,,,,,,,,,,
3892,100247383,trouble,249,πῆμα,,,,,,,,,,,,,,,,,,,,,,,,,,,,,,,,,,,,,,
3893,100247384,great,249,μέγ’,,,,,,,,,,,,,,,,,,,,,,,,,,,,,,,,,,,,,,
3894,100247386,mortals,249,θνητοῖσι,,,,,,,,,,,,,,,,,,,,,,,,,,,,,,,,,,,,,,
3895,100247389,dwell,249,ναιετάουσιν,,,,,,,,,,,,,,,,,,,,,,,,,,,,,,,,,,,,,,
3896,100247388,men,249,ἀνδράσι,,,,,,,,,,,,,,,,,,,,,,,,,,,,,,,,,,,,,,
3897,100247387,with,249,μετ’,,,,,,,,,,,,,,,,,,,,,,,,,,,,,,,,,,,,,,
3898,100247392,not,249,οὐ,,,,,,,,,,,,,,,,,,,,,,,,,,,,,,,,,,,,,,
3899,100247393,ruinous,249,σύμφοροι,,,,,,,,,,,,,,,,,,,,,,,,,,,,,,,,,,,,,,
3900,100247391,poverty,249,πενίης,,,,,,,,,,,,,,,,,,,,,,,,,,,,,,,,,,,,,,
3901,100247395,but,249,ἀλλὰ,,,,,,,,,,,,,,,,,,,,,,,,,,,,,,,,,,,,,,
3902,100247396,satiety,249,κόροιο,,,,,,,,,,,,,,,,,,,,,,,,,,,,,,,,,,,,,,
3903,100247398,Just,250,ὡς,,,,,,,,,,,,,,,,,,,,,,,,,,,,,,,,,,,,,,
3904,100247399,as,250,δ’,,,,,,,,,,,,,,,,,,,,,,,,,,,,,,,,,,,,,,
3905,100247400,whenever,250,ὁπότ’,,,,,,,,,,,,,,,,,,,,,,,,,,,,,,,,,,,,,,
3906,100247401,in,250,ἐν,,,,,,,,,,,,,,,,,,,,,,,,,,,,,,,,,,,,,,
3907,100247402,hives,250,σμήνεσσι,,,,,,,,,,,,,,,,,,,,,,,,,,,,,,,,,,,,,,
3908,100247403,smooth-walled,250,κατηρεφέεσσι,,,,,,,,,,,,,,,,,,,,,,,,,,,,,,,,,,,,,,
3909,100247404,the,250,μέλισσαι,,,,,,,,,,,,,,,,,,,,,,,,,,,,,,,,,,,,,,
3910,100247405,bees,250,κηφῆνας,,,,,,,,,,,,,,,,,,,,,,,,,,,,,,,,,,,,,,
3911,100247406,feed,250,βόσκωσι,,,,,,,,,,,,,,,,,,,,,,,,,,,,,,,,,,,,,,
3912,100247407,drones,250,",",,,,,,,,,,,,,,,,,,,,,,,,,,,,,,,,,,,,,,
3913,100247408,partners,250,κακῶν,,,,,,,,,,,,,,,,,,,,,,,,,,,,,,,,,,,,,,
3914,100247409,in,250,ξυνήονας,,,,,,,,,,,,,,,,,,,,,,,,,,,,,,,,,,,,,,
3915,100247410,evil,250,ἔργων,,,,,,,,,,,,,,,,,,,,,,,,,,,,,,,,,,,,,,
3916,100247411,works,250,—,,,,,,,,,,,,,,,,,,,,,,,,,,,,,,,,,,,,,,
3917,100247412,these,250,αἳ,,,,,,,,,,,,,,,,,,,,,,,,,,,,,,,,,,,,,,
3918,100247413,all,250,μέν,,,,,,,,,,,,,,,,,,,,,,,,,,,,,,,,,,,,,,
3919,100247414,day,250,τε,,,,,,,,,,,,,,,,,,,,,,,,,,,,,,,,,,,,,,
3920,100247415,long,250,πρόπαν,,,,,,,,,,,,,,,,,,,,,,,,,,,,,,,,,,,,,,
3921,100247416,until,250,ἦμαρ,,,,,,,,,,,,,,,,,,,,,,,,,,,,,,,,,,,,,,
3922,100247417,the,250,ἐς,,,,,,,,,,,,,,,,,,,,,,,,,,,,,,,,,,,,,,
3923,100247418,sun,250,ἠέλιον,,,,,,,,,,,,,,,,,,,,,,,,,,,,,,,,,,,,,,
3924,100247419,has,250,καταδύντα,,,,,,,,,,,,,,,,,,,,,,,,,,,,,,,,,,,,,,
3925,100247420,set,250,ἠμάτιαι,,,,,,,,,,,,,,,,,,,,,,,,,,,,,,,,,,,,,,
3926,100247421,hasten,250,σπεύδουσι,,,,,,,,,,,,,,,,,,,,,,,,,,,,,,,,,,,,,,
3927,100247422,to,250,τιθεῖσί,,,,,,,,,,,,,,,,,,,,,,,,,,,,,,,,,,,,,,
3928,100247423,place,250,τε,,,,,,,,,,,,,,,,,,,,,,,,,,,,,,,,,,,,,,
3929,100247424,white,250,κηρία,,,,,,,,,,,,,,,,,,,,,,,,,,,,,,,,,,,,,,
3930,100247425,combs,250,λευκά,,,,,,,,,,,,,,,,,,,,,,,,,,,,,,,,,,,,,,
3931,100247426,while,250,",",,,,,,,,,,,,,,,,,,,,,,,,,,,,,,,,,,,,,,
3932,100247427,those,250,οἳ,,,,,,,,,,,,,,,,,,,,,,,,,,,,,,,,,,,,,,
3933,100247428,remaining,250,δ’,,,,,,,,,,,,,,,,,,,,,,,,,,,,,,,,,,,,,,
3934,100247429,inside,250,ἔντοσθε,,,,,,,,,,,,,,,,,,,,,,,,,,,,,,,,,,,,,,
3935,100247430,gather,250,μένοντες,,,,,,,,,,,,,,,,,,,,,,,,,,,,,,,,,,,,,,
3936,100247431,the,250,ἐπηρεφέας,,,,,,,,,,,,,,,,,,,,,,,,,,,,,,,,,,,,,,
3937,100247432,burdensome,250,κατὰ,,,,,,,,,,,,,,,,,,,,,,,,,,,,,,,,,,,,,,
3938,100247433,labor,250,σίμβλους,,,,,,,,,,,,,,,,,,,,,,,,,,,,,,,,,,,,,,
3939,100247434,of,250,ἀλλότριον,,,,,,,,,,,,,,,,,,,,,,,,,,,,,,,,,,,,,,
3940,100247435,others,250,κάματον,,,,,,,,,,,,,,,,,,,,,,,,,,,,,,,,,,,,,,
3941,100247436,into,250,σφετέρην,,,,,,,,,,,,,,,,,,,,,,,,,,,,,,,,,,,,,,
3942,100247437,their,250,ἐς,,,,,,,,,,,,,,,,,,,,,,,,,,,,,,,,,,,,,,
3943,100247438,own,250,γαστέρ’,,,,,,,,,,,,,,,,,,,,,,,,,,,,,,,,,,,,,,
3944,100247439,bellies,250,ἀμῶνται,,,,,,,,,,,,,,,,,,,,,,,,,,,,,,,,,,,,,,
3945,100247440,just,250,—,,,,,,,,,,,,,,,,,,,,,,,,,,,,,,,,,,,,,,
3946,100247441,so,250,ὣς,,,,,,,,,,,,,,,,,,,,,,,,,,,,,,,,,,,,,,
3947,100247442,did,250,δ’,,,,,,,,,,,,,,,,,,,,,,,,,,,,,,,,,,,,,,
3948,100247443,Zeus,250,αὔτως,,,,,,,,,,,,,,,,,,,,,,,,,,,,,,,,,,,,,,
3949,100247444,the,250,ἄνδρεσσι,,,,,,,,,,,,,,,,,,,,,,,,,,,,,,,,,,,,,,
3950,100247445,loud-thundering,250,κακὸν,,,,,,,,,,,,,,,,,,,,,,,,,,,,,,,,,,,,,,
3951,100247446,place,250,θνητοῖσι,,,,,,,,,,,,,,,,,,,,,,,,,,,,,,,,,,,,,,
3952,100247447,for,250,γυναῖκας,,,,,,,,,,,,,,,,,,,,,,,,,,,,,,,,,,,,,,
3953,100247448,men,250,Ζεὺς,,,,,,,,,,,,,,,,,,,,,,,,,,,,,,,,,,,,,,
3954,100247449,evil,250,ὑψιβρεμέτης,,,,,,,,,,,,,,,,,,,,,,,,,,,,,,,,,,,,,,
3955,100247450,mortals,250,θῆκεν,,,,,,,,,,,,,,,,,,,,,,,,,,,,,,,,,,,,,,
3956,100247451,women,250,",",,,,,,,,,,,,,,,,,,,,,,,,,,,,,,,,,,,,,,
3957,100247452,partners,250,ξυνήονας,,,,,,,,,,,,,,,,,,,,,,,,,,,,,,,,,,,,,,
3958,100247453,in,250,ἔργων,,,,,,,,,,,,,,,,,,,,,,,,,,,,,,,,,,,,,,
3959,100247454,toilsome,250,ἀργαλέων,,,,,,,,,,,,,,,,,,,,,,,,,,,,,,,,,,,,,,
3960,100247455,works,250,.,,,,,,,,,,,,,,,,,,,,,,,,,,,,,,,,,,,,,,
3961,100247456,another,251,ἕτερον,,,,,,,,,,,,,,,,,,,,,,,,,,,,,,,,,,,,,,
3962,100247457,in place of,251,δὲ,,,,,,,,,,,,,,,,,,,,,,,,,,,,,,,,,,,,,,
3963,100247458,brought forth,251,πόρεν,,,,,,,,,,,,,,,,,,,,,,,,,,,,,,,,,,,,,,
3964,100247459,evil,251,κακὸν,,,,,,,,,,,,,,,,,,,,,,,,,,,,,,,,,,,,,,
3965,100247460,in place of,251,ἀντ’,,,,,,,,,,,,,,,,,,,,,,,,,,,,,,,,,,,,,,
3966,100247461,good,251,ἀγαθοῖο,,,,,,,,,,,,,,,,,,,,,,,,,,,,,,,,,,,,,,
3967,100247463,Whoever,252,ὅς,,,,,,,,,,,,,,,,,,,,,,,,,,,,,,,,,,,,,,
3968,100247464,Whoever,252,κε,,,,,,,,,,,,,,,,,,,,,,,,,,,,,,,,,,,,,,
3969,100247466,wishing,252,φεύγων,,,,,,,,,,,,,,,,,,,,,,,,,,,,,,,,,,,,,,
3970,100247465,marriage,252,γάμον,,,,,,,,,,,,,,,,,,,,,,,,,,,,,,,,,,,,,,
3971,100247467,and,252,καὶ,,,,,,,,,,,,,,,,,,,,,,,,,,,,,,,,,,,,,,
3972,100247468,sorrowful,252,μέρμερα,,,,,,,,,,,,,,,,,,,,,,,,,,,,,,,,,,,,,,
3973,100247469,deeds,252,ἔργα,,,,,,,,,,,,,,,,,,,,,,,,,,,,,,,,,,,,,,
3974,100247470,of,252,γυναικῶν,,,,,,,,,,,,,,,,,,,,,,,,,,,,,,,,,,,,,,
3975,100247471,not,252,μὴ,,,,,,,,,,,,,,,,,,,,,,,,,,,,,,,,,,,,,,
3976,100247472,be,252,γῆμαι,,,,,,,,,,,,,,,,,,,,,,,,,,,,,,,,,,,,,,
3977,100247473,wish,252,ἐθέλῃ,,,,,,,,,,,,,,,,,,,,,,,,,,,,,,,,,,,,,,
3978,100247476,but,252,δ’,,,,,,,,,,,,,,,,,,,,,,,,,,,,,,,,,,,,,,
3979,100247477,to,252,ἐπὶ,,,,,,,,,,,,,,,,,,,,,,,,,,,,,,,,,,,,,,
3980,100247478,old,252,γῆρας,,,,,,,,,,,,,,,,,,,,,,,,,,,,,,,,,,,,,,
3981,100247479,age,252,ἵκοιτο,,,,,,,,,,,,,,,,,,,,,,,,,,,,,,,,,,,,,,
3982,100247475,utterly,252,ὀλοὸν,,,,,,,,,,,,,,,,,,,,,,,,,,,,,,,,,,,,,,
3983,100247480,destitute,252,χήτεϊ,,,,,,,,,,,,,,,,,,,,,,,,,,,,,,,,,,,,,,
3984,100247481,nurse,252,γηροκόμοιο,,,,,,,,,,,,,,,,,,,,,,,,,,,,,,,,,,,,,,
3985,100247481,old,252,γηροκόμοιο,,,,,,,,,,,,,,,,,,,,,,,,,,,,,,,,,,,,,,
3986,100247481,age,252,γηροκόμοιο,,,,,,,,,,,,,,,,,,,,,,,,,,,,,,,,,,,,,,
3987,100247483,He,253,ὅ,,,,,,,,,,,,,,,,,,,,,,,,,,,,,,,,,,,,,,
3988,100247484,but,253,γ’,,,,,,,,,,,,,,,,,,,,,,,,,,,,,,,,,,,,,,
3989,100247485,not,253,οὐ,,,,,,,,,,,,,,,,,,,,,,,,,,,,,,,,,,,,,,
3990,100247486,of life,253,βιότου,,,,,,,,,,,,,,,,,,,,,,,,,,,,,,,,,,,,,,
3991,100247487,want,253,ἐπιδευὴς,,,,,,,,,,,,,,,,,,,,,,,,,,,,,,,,,,,,,,
3992,100247488,live,253,ζώει,,,,,,,,,,,,,,,,,,,,,,,,,,,,,,,,,,,,,,
3993,100247490,dies,253,ἀποφθιμένου,,,,,,,,,,,,,,,,,,,,,,,,,,,,,,,,,,,,,,
3994,100247491,the,253,δὲ,,,,,,,,,,,,,,,,,,,,,,,,,,,,,,,,,,,,,,
3995,100247492,divide,253,διὰ,,,,,,,,,,,,,,,,,,,,,,,,,,,,,,,,,,,,,,
3996,100247493,his possessions,253,κτῆσιν,,,,,,,,,,,,,,,,,,,,,,,,,,,,,,,,,,,,,,
3997,100247494,divide,253,δατέονται,,,,,,,,,,,,,,,,,,,,,,,,,,,,,,,,,,,,,,
3998,100247495,heirs,253,χηρωσταί,,,,,,,,,,,,,,,,,,,,,,,,,,,,,,,,,,,,,,
3999,100247498,And,254,δ’,,,,,,,,,,,,,,,,,,,,,,,,,,,,,,,,,,,,,,
4000,100247499,may,254,αὖτε,,,,,,,,,,,,,,,,,,,,,,,,,,,,,,,,,,,,,,
4001,100247502,destiny,254,μοῖρα,,,,,,,,,,,,,,,,,,,,,,,,,,,,,,,,,,,,,,
4002,100247500,for marriage,254,γάμου,,,,,,,,,,,,,,,,,,,,,,,,,,,,,,,,,,,,,,
4003,100247503,come,254,γένηται,,,,,,,,,,,,,,,,,,,,,,,,,,,,,,,,,,,,,,
4004,100247505,beloved,254,κεδνὴν,,,,,,,,,,,,,,,,,,,,,,,,,,,,,,,,,,,,,,
4005,100247507,held,254,ἔσχεν,,,,,,,,,,,,,,,,,,,,,,,,,,,,,,,,,,,,,,
4006,100247508,wife,254,ἄκοιτιν,,,,,,,,,,,,,,,,,,,,,,,,,,,,,,,,,,,,,,
4007,100247510,united,254,πραπίδεσσι,,,,,,,,,,,,,,,,,,,,,,,,,,,,,,,,,,,,,,
4008,100247510,in,254,πραπίδεσσι,,,,,,,,,,,,,,,,,,,,,,,,,,,,,,,,,,,,,,
4009,100247510,his,254,πραπίδεσσι,,,,,,,,,,,,,,,,,,,,,,,,,,,,,,,,,,,,,,
4010,100247513,and,254,δέ,,,,,,,,,,,,,,,,,,,,,,,,,,,,,,,,,,,,,,
4011,100247515,from,254,ἀπ’,,,,,,,,,,,,,,,,,,,,,,,,,,,,,,,,,,,,,,
4012,100247516,that,254,αἰῶνος,,,,,,,,,,,,,,,,,,,,,,,,,,,,,,,,,,,,,,
4013,100247516,life,254,αἰῶνος,,,,,,,,,,,,,,,,,,,,,,,,,,,,,,,,,,,,,,
4014,100247517,evil,254,κακὸν,,,,,,,,,,,,,,,,,,,,,,,,,,,,,,,,,,,,,,
4015,100247520,constantly,254,ἐμμενές,,,,,,,,,,,,,,,,,,,,,,,,,,,,,,,,,,,,,,
4016,100247519,opposes,254,ἀντιφερίζει,,,,,,,,,,,,,,,,,,,,,,,,,,,,,,,,,,,,,,
4017,100247518,the good,254,ἐσθλῷ,,,,,,,,,,,,,,,,,,,,,,,,,,,,,,,,,,,,,,
4018,100247522,whoever,255,ὃς,,,,,,,,,,,,,,,,,,,,,,,,,,,,,,,,,,,,,,
4019,100247523,But,255,δέ,,,,,,,,,,,,,,,,,,,,,,,,,,,,,,,,,,,,,,
4020,100247524,,255,κε,,,,,,,,,,,,,,,,,,,,,,,,,,,,,,,,,,,,,,
4021,100247525,has cut,255,τέτμῃ,,,,,,,,,,,,,,,,,,,,,,,,,,,,,,,,,,,,,,
4022,100247526,unbreakable,255,ἀταρτηροῖο,,,,,,,,,,,,,,,,,,,,,,,,,,,,,,,,,,,,,,
4023,100247527,lineage,255,γενέθλης,,,,,,,,,,,,,,,,,,,,,,,,,,,,,,,,,,,,,,
4024,100247529,lives,255,ζώει,,,,,,,,,,,,,,,,,,,,,,,,,,,,,,,,,,,,,,
4025,100247530,in,255,ἐνὶ,,,,,,,,,,,,,,,,,,,,,,,,,,,,,,,,,,,,,,
4026,100247531,chest,255,στήθεσσιν,,,,,,,,,,,,,,,,,,,,,,,,,,,,,,,,,,,,,,
4027,100247532,holding,255,ἔχων,,,,,,,,,,,,,,,,,,,,,,,,,,,,,,,,,,,,,,
4028,100247533,incurable,255,ἀλίαστον,,,,,,,,,,,,,,,,,,,,,,,,,,,,,,,,,,,,,,
4029,100247534,grief,255,ἀνίην,,,,,,,,,,,,,,,,,,,,,,,,,,,,,,,,,,,,,,
4030,100247535,spirit,255,θυμῷ,,,,,,,,,,,,,,,,,,,,,,,,,,,,,,,,,,,,,,
4031,100247536,and,255,καὶ,,,,,,,,,,,,,,,,,,,,,,,,,,,,,,,,,,,,,,
4032,100247537,heart,255,κραδίῃ,,,,,,,,,,,,,,,,,,,,,,,,,,,,,,,,,,,,,,
4033,100247539,and,255,καὶ,,,,,,,,,,,,,,,,,,,,,,,,,,,,,,,,,,,,,,
4034,100247540,incurable,255,ἀνήκεστον,,,,,,,,,,,,,,,,,,,,,,,,,,,,,,,,,,,,,,
4035,100247541,evil,255,κακόν,,,,,,,,,,,,,,,,,,,,,,,,,,,,,,,,,,,,,,
4036,100247542,is,255,ἐστιν,,,,,,,,,,,,,,,,,,,,,,,,,,,,,,,,,,,,,,
4037,100247544,Thus,256,ὣς,,,,,,,,,,,,,,,,,,,,,,,,,,,,,,,,,,,,,,
4038,100247545,not,256,οὐκ,,,,,,,,,,,,,,,,,,,,,,,,,,,,,,,,,,,,,,
4039,100247546,possible,256,ἔστι,,,,,,,,,,,,,,,,,,,,,,,,,,,,,,,,,,,,,,
4040,100247547,Zeus's,256,Διὸς,,,,,,,,,,,,,,,,,,,,,,,,,,,,,,,,,,,,,,
4041,100247548,steal,256,κλέψαι,,,,,,,,,,,,,,,,,,,,,,,,,,,,,,,,,,,,,,
4042,100247549,mind,256,νόον,,,,,,,,,,,,,,,,,,,,,,,,,,,,,,,,,,,,,,
4043,100247550,nor,256,οὐ,,,,,,,,,,,,,,,,,,,,,,,,,,,,,,,,,,,,,,
4044,100247551,him,256,-δὲ,,,,,,,,,,,,,,,,,,,,,,,,,,,,,,,,,,,,,,
4045,100247552,escape,256,παρελθεῖν,,,,,,,,,,,,,,,,,,,,,,,,,,,,,,,,,,,,,,
4046,100247556,For,257,γὰρ,,,,,,,,,,,,,,,,,,,,,,,,,,,,,,,,,,,,,,
4047,100247557,son,257,Ἰαπετιονίδης,,,,,,,,,,,,,,,,,,,,,,,,,,,,,,,,,,,,,,
4048,100247557,of,257,Ἰαπετιονίδης,,,,,,,,,,,,,,,,,,,,,,,,,,,,,,,,,,,,,,
4049,100247557,Iapetus,257,Ἰαπετιονίδης,,,,,,,,,,,,,,,,,,,,,,,,,,,,,,,,,,,,,,
4050,100247558,unoffending,257,ἀκάκητα,,,,,,,,,,,,,,,,,,,,,,,,,,,,,,,,,,,,,,
4051,100247559,Prometheus,257,Προμηθεὺς,,,,,,,,,,,,,,,,,,,,,,,,,,,,,,,,,,,,,,
4052,100247554,did,257,οὐ,,,,,,,,,,,,,,,,,,,,,,,,,,,,,,,,,,,,,,
4053,100247554,not,257,οὐ,,,,,,,,,,,,,,,,,,,,,,,,,,,,,,,,,,,,,,
4054,100247562,escape,257,ὑπεξήλυξε,,,,,,,,,,,,,,,,,,,,,,,,,,,,,,,,,,,,,,
4055,100247560,his,257,τοῖό,,,,,,,,,,,,,,,,,,,,,,,,,,,,,,,,,,,,,,
4056,100247563,deep,257,βαρὺν,,,,,,,,,,,,,,,,,,,,,,,,,,,,,,,,,,,,,,
4057,100247564,anger,257,χόλον,,,,,,,,,,,,,,,,,,,,,,,,,,,,,,,,,,,,,,
4058,100247566,but,257,ἀλλ’,,,,,,,,,,,,,,,,,,,,,,,,,,,,,,,,,,,,,,
4059,100247572,mighty,257,μέγας,,,,,,,,,,,,,,,,,,,,,,,,,,,,,,,,,,,,,,
4060,100247574,bond,257,δεσμὸς,,,,,,,,,,,,,,,,,,,,,,,,,,,,,,,,,,,,,,
4061,100247567,born,257,ὑπ’,,,,,,,,,,,,,,,,,,,,,,,,,,,,,,,,,,,,,,
4062,100247568,of,257,ἀνάγκης,,,,,,,,,,,,,,,,,,,,,,,,,,,,,,,,,,,,,,
4063,100247568,necessity,257,ἀνάγκης,,,,,,,,,,,,,,,,,,,,,,,,,,,,,,,,,,,,,,
4064,100247569,and,257,καὶ,,,,,,,,,,,,,,,,,,,,,,,,,,,,,,,,,,,,,,
4065,100247570,his,257,πολύιδριν,,,,,,,,,,,,,,,,,,,,,,,,,,,,,,,,,,,,,,
4066,100247570,own,257,πολύιδριν,,,,,,,,,,,,,,,,,,,,,,,,,,,,,,,,,,,,,,
4067,100247570,great,257,πολύιδριν,,,,,,,,,,,,,,,,,,,,,,,,,,,,,,,,,,,,,,
4068,100247570,cunning,257,πολύιδριν,,,,,,,,,,,,,,,,,,,,,,,,,,,,,,,,,,,,,,
4069,100247575,holds,257,ἐρύκει,,,,,,,,,,,,,,,,,,,,,,,,,,,,,,,,,,,,,,
4070,100247575,him,257,ἐρύκει,,,,,,,,,,,,,,,,,,,,,,,,,,,,,,,,,,,,,,
4071,100247577,Briareus,258,Βριάρεῳ,,,,,,,,,,,,,,,,,,,,,,,,,,,,,,,,,,,,,,
4072,100247578,And,258,δ’,,,,,,,,,,,,,,,,,,,,,,,,,,,,,,,,,,,,,,
4073,100247579,as,258,ὡς,,,,,,,,,,,,,,,,,,,,,,,,,,,,,,,,,,,,,,
4074,100247580,soon,258,πρῶτα,,,,,,,,,,,,,,,,,,,,,,,,,,,,,,,,,,,,,,
4075,100247581,father,258,πατὴρ,,,,,,,,,,,,,,,,,,,,,,,,,,,,,,,,,,,,,,
4076,100247582,taken,258,ὠδύσσατο,,,,,,,,,,,,,,,,,,,,,,,,,,,,,,,,,,,,,,
4077,100247583,heart,258,θυμῷ,,,,,,,,,,,,,,,,,,,,,,,,,,,,,,,,,,,,,,
4078,100247584,Cottus,258,Κόττῳ,,,,,,,,,,,,,,,,,,,,,,,,,,,,,,,,,,,,,,
4079,100247585,and,258,τ’,,,,,,,,,,,,,,,,,,,,,,,,,,,,,,,,,,,,,,
4080,100247586,and,258,ἠδὲ,,,,,,,,,,,,,,,,,,,,,,,,,,,,,,,,,,,,,,
4081,100247587,Gyes,258,Γύῃ,,,,,,,,,,,,,,,,,,,,,,,,,,,,,,,,,,,,,,
4082,100247589,bound,258,δῆσεν,,,,,,,,,,,,,,,,,,,,,,,,,,,,,,,,,,,,,,
4083,100247590,strong,258,κρατερῷ,,,,,,,,,,,,,,,,,,,,,,,,,,,,,,,,,,,,,,
4084,100247592,bonds,258,δεσμῷ,,,,,,,,,,,,,,,,,,,,,,,,,,,,,,,,,,,,,,
4085,100247593,heroism,258,ἠνορέην,,,,,,,,,,,,,,,,,,,,,,,,,,,,,,,,,,,,,,
4086,100247594,mighty,258,ὑπέροπλον,,,,,,,,,,,,,,,,,,,,,,,,,,,,,,,,,,,,,,
4087,100247595,carried,258,ἀγώμενος,,,,,,,,,,,,,,,,,,,,,,,,,,,,,,,,,,,,,,
4088,100247596,and,258,ἠδὲ,,,,,,,,,,,,,,,,,,,,,,,,,,,,,,,,,,,,,,
4089,100247597,and,258,καὶ,,,,,,,,,,,,,,,,,,,,,,,,,,,,,,,,,,,,,,
4090,100247598,appearance,258,εἶδος,,,,,,,,,,,,,,,,,,,,,,,,,,,,,,,,,,,,,,
4091,100247599,and,258,καὶ,,,,,,,,,,,,,,,,,,,,,,,,,,,,,,,,,,,,,,
4092,100247600,size,258,μέγεθος,,,,,,,,,,,,,,,,,,,,,,,,,,,,,,,,,,,,,,
4093,100247603,And,259,δ’,,,,,,,,,,,,,,,,,,,,,,,,,,,,,,,,,,,,,,
4094,100247602,crushed,259,κατένασσε,,,,,,,,,,,,,,,,,,,,,,,,,,,,,,,,,,,,,,
4095,100247604,beneath,259,ὑπὸ,,,,,,,,,,,,,,,,,,,,,,,,,,,,,,,,,,,,,,
4096,100247605,earth,259,χθονὸς,,,,,,,,,,,,,,,,,,,,,,,,,,,,,,,,,,,,,,
4097,100247606,broad-wayed,259,εὐρυοδείης,,,,,,,,,,,,,,,,,,,,,,,,,,,,,,,,,,,,,,
4098,100247608,There,260,ἔνθ’,,,,,,,,,,,,,,,,,,,,,,,,,,,,,,,,,,,,,,
4099,100247609,they,260,οἵ,,,,,,,,,,,,,,,,,,,,,,,,,,,,,,,,,,,,,,
4100,100247610,their,260,γ’,,,,,,,,,,,,,,,,,,,,,,,,,,,,,,,,,,,,,,
4101,100247611,griefs,260,ἄλγε’,,,,,,,,,,,,,,,,,,,,,,,,,,,,,,,,,,,,,,
4102,100247612,holding,260,ἔχοντες,,,,,,,,,,,,,,,,,,,,,,,,,,,,,,,,,,,,,,
4103,100247613,beneath,260,ὑπὸ,,,,,,,,,,,,,,,,,,,,,,,,,,,,,,,,,,,,,,
4104,100247614,the earth,260,χθονὶ,,,,,,,,,,,,,,,,,,,,,,,,,,,,,,,,,,,,,,
4105,100247615,dwelling,260,ναιετάοντες,,,,,,,,,,,,,,,,,,,,,,,,,,,,,,,,,,,,,,
4106,100247616,sat,260,εἵατ’,,,,,,,,,,,,,,,,,,,,,,,,,,,,,,,,,,,,,,
4107,100247617,upon,260,ἐπ’,,,,,,,,,,,,,,,,,,,,,,,,,,,,,,,,,,,,,,
4108,100247618,the edge,260,ἐσχατιῇ,,,,,,,,,,,,,,,,,,,,,,,,,,,,,,,,,,,,,,
4109,100247620,great,260,μεγάλης,,,,,,,,,,,,,,,,,,,,,,,,,,,,,,,,,,,,,,
4110,100247621,in,260,ἐν,,,,,,,,,,,,,,,,,,,,,,,,,,,,,,,,,,,,,,
4111,100247622,the furthest bounds,260,πείρασι,,,,,,,,,,,,,,,,,,,,,,,,,,,,,,,,,,,,,,
4112,100247623,of the land,260,γαίης,,,,,,,,,,,,,,,,,,,,,,,,,,,,,,,,,,,,,,
4113,100247625,greatly,260,δηθὰ,,,,,,,,,,,,,,,,,,,,,,,,,,,,,,,,,,,,,,
4114,100247626,greatly,260,μάλ’,,,,,,,,,,,,,,,,,,,,,,,,,,,,,,,,,,,,,,
4115,100247627,distressed,260,ἀχνύμενοι,,,,,,,,,,,,,,,,,,,,,,,,,,,,,,,,,,,,,,
4116,100247629,heart,260,κραδίῃ,,,,,,,,,,,,,,,,,,,,,,,,,,,,,,,,,,,,,,
4117,100247630,great,260,μέγα,,,,,,,,,,,,,,,,,,,,,,,,,,,,,,,,,,,,,,
4118,100247631,sorrow,260,πένθος,,,,,,,,,,,,,,,,,,,,,,,,,,,,,,,,,,,,,,
4119,100247632,holding,260,ἔχοντες,,,,,,,,,,,,,,,,,,,,,,,,,,,,,,,,,,,,,,
4120,100247634,But,261,ἀλλά,,,,,,,,,,,,,,,,,,,,,,,,,,,,,,,,,,,,,,
4121,100247635,them,261,σφεας,,,,,,,,,,,,,,,,,,,,,,,,,,,,,,,,,,,,,,
4122,100247636,son of Cronus,261,Κρονίδης,,,,,,,,,,,,,,,,,,,,,,,,,,,,,,,,,,,,,,
4123,100247637,and,261,τε,,,,,,,,,,,,,,,,,,,,,,,,,,,,,,,,,,,,,,
4124,100247638,and,261,καὶ,,,,,,,,,,,,,,,,,,,,,,,,,,,,,,,,,,,,,,
4125,100247639,immortals,261,ἀθάνατοι,,,,,,,,,,,,,,,,,,,,,,,,,,,,,,,,,,,,,,
4126,100247640,immortals,261,θεοὶ,,,,,,,,,,,,,,,,,,,,,,,,,,,,,,,,,,,,,,
4127,100247641,other,261,ἄλλοι,,,,,,,,,,,,,,,,,,,,,,,,,,,,,,,,,,,,,,
4128,100247643,whom,261,οὓς,,,,,,,,,,,,,,,,,,,,,,,,,,,,,,,,,,,,,,
4129,100247644,bore,261,τέκεν,,,,,,,,,,,,,,,,,,,,,,,,,,,,,,,,,,,,,,
4130,100247645,fair-haired,261,ἠύκομος,,,,,,,,,,,,,,,,,,,,,,,,,,,,,,,,,,,,,,
4131,100247646,Rhea,261,Ῥείη,,,,,,,,,,,,,,,,,,,,,,,,,,,,,,,,,,,,,,
4132,100247647,Cronus,261,Κρόνου,,,,,,,,,,,,,,,,,,,,,,,,,,,,,,,,,,,,,,
4133,100247648,in,261,ἐν,,,,,,,,,,,,,,,,,,,,,,,,,,,,,,,,,,,,,,
4134,100247649,love,261,φιλότητι,,,,,,,,,,,,,,,,,,,,,,,,,,,,,,,,,,,,,,
4135,100247651,Gaia,261,Γαίης,,,,,,,,,,,,,,,,,,,,,,,,,,,,,,,,,,,,,,
4136,100247652,counsel,261,φραδμοσύνῃσιν,,,,,,,,,,,,,,,,,,,,,,,,,,,,,,,,,,,,,,
4137,100247653,brought,261,ἀνήγαγον,,,,,,,,,,,,,,,,,,,,,,,,,,,,,,,,,,,,,,
4138,100247654,up,261,ἐς,,,,,,,,,,,,,,,,,,,,,,,,,,,,,,,,,,,,,,
4139,100247655,light,261,φάος,,,,,,,,,,,,,,,,,,,,,,,,,,,,,,,,,,,,,,
4140,100247656,once,261,αὖτις,,,,,,,,,,,,,,,,,,,,,,,,,,,,,,,,,,,,,,
4141,100247659,For,262,γάρ,,,,,,,,,,,,,,,,,,,,,,,,,,,,,,,,,,,,,,
4142,100247658,she,262,αὐτὴ,,,,,,,,,,,,,,,,,,,,,,,,,,,,,,,,,,,,,,
4143,100247663,recounted,262,κατέλεξε,,,,,,,,,,,,,,,,,,,,,,,,,,,,,,,,,,,,,,
4144,100247660,to them,262,σφιν,,,,,,,,,,,,,,,,,,,,,,,,,,,,,,,,,,,,,,
4145,100247661,all,262,ἅπαντα,,,,,,,,,,,,,,,,,,,,,,,,,,,,,,,,,,,,,,
4146,100247662,continuously,262,διηνεκέως,,,,,,,,,,,,,,,,,,,,,,,,,,,,,,,,,,,,,,
4147,100247664,with,262,σὺν,,,,,,,,,,,,,,,,,,,,,,,,,,,,,,,,,,,,,,
4148,100247665,those,262,κείνοις,,,,,,,,,,,,,,,,,,,,,,,,,,,,,,,,,,,,,,
4149,100247666,victory,262,νίκην,,,,,,,,,,,,,,,,,,,,,,,,,,,,,,,,,,,,,,
4150,100247667,and,262,τε,,,,,,,,,,,,,,,,,,,,,,,,,,,,,,,,,,,,,,
4151,100247668,and,262,καὶ,,,,,,,,,,,,,,,,,,,,,,,,,,,,,,,,,,,,,,
4152,100247669,glorious,262,ἀγλαὸν,,,,,,,,,,,,,,,,,,,,,,,,,,,,,,,,,,,,,,
4153,100247670,renown,262,εὖχος,,,,,,,,,,,,,,,,,,,,,,,,,,,,,,,,,,,,,,
4154,100247671,choose,262,ἀρέσθαι,,,,,,,,,,,,,,,,,,,,,,,,,,,,,,,,,,,,,,
4155,100247674,For,263,γὰρ,,,,,,,,,,,,,,,,,,,,,,,,,,,,,,,,,,,,,,
4156,100247679,Titans,263,Τιτῆνές,,,,,,,,,,,,,,,,,,,,,,,,,,,,,,,,,,,,,,
4157,100247680,and,263,τε,,,,,,,,,,,,,,,,,,,,,,,,,,,,,,,,,,,,,,
4158,100247681,gods,263,θεοὶ,,,,,,,,,,,,,,,,,,,,,,,,,,,,,,,,,,,,,,
4159,100247682,and,263,καὶ,,,,,,,,,,,,,,,,,,,,,,,,,,,,,,,,,,,,,,
4160,100247683,all,263,ὅσοι,,,,,,,,,,,,,,,,,,,,,,,,,,,,,,,,,,,,,,
4161,100247684,of,263,Κρόνου,,,,,,,,,,,,,,,,,,,,,,,,,,,,,,,,,,,,,,
4162,100247685,born,263,ἐξεγένοντο,,,,,,,,,,,,,,,,,,,,,,,,,,,,,,,,,,,,,,
4163,100247673,harsh,263,δηρὸν,,,,,,,,,,,,,,,,,,,,,,,,,,,,,,,,,,,,,,
4164,100247676,labor,263,πόνον,,,,,,,,,,,,,,,,,,,,,,,,,,,,,,,,,,,,,,
4165,100247675,fought,263,μάρναντο,,,,,,,,,,,,,,,,,,,,,,,,,,,,,,,,,,,,,,
4166,100247677,pain,263,θυμαλγέ’,,,,,,,,,,,,,,,,,,,,,,,,,,,,,,,,,,,,,,
4167,100247678,in,263,ἔχοντες,,,,,,,,,,,,,,,,,,,,,,,,,,,,,,,,,,,,,,
4168,100247693,their,263,οἳ,,,,,,,,,,,,,,,,,,,,,,,,,,,,,,,,,,,,,,
4169,100247687,against,263,ἀντίον,,,,,,,,,,,,,,,,,,,,,,,,,,,,,,,,,,,,,,
4170,100247688,each,263,ἀλλήλοισι,,,,,,,,,,,,,,,,,,,,,,,,,,,,,,,,,,,,,,
4171,100247689,with,263,διὰ,,,,,,,,,,,,,,,,,,,,,,,,,,,,,,,,,,,,,,
4172,100247690,powerful,263,κρατερὰς,,,,,,,,,,,,,,,,,,,,,,,,,,,,,,,,,,,,,,
4173,100247691,battles,263,ὑσμίνας,,,,,,,,,,,,,,,,,,,,,,,,,,,,,,,,,,,,,,
4174,100247694,some,263,μὲν,,,,,,,,,,,,,,,,,,,,,,,,,,,,,,,,,,,,,,
4175,100247699,noble,263,ἀγαυοί,,,,,,,,,,,,,,,,,,,,,,,,,,,,,,,,,,,,,,
4176,100247698,Titans,263,Τιτῆνες,,,,,,,,,,,,,,,,,,,,,,,,,,,,,,,,,,,,,,
4177,100247696,high,263,ὑψηλῆς,,,,,,,,,,,,,,,,,,,,,,,,,,,,,,,,,,,,,,
4178,100247697,Othrys,263,Ὄθρυος,,,,,,,,,,,,,,,,,,,,,,,,,,,,,,,,,,,,,,
4179,100247702,others,263,δ’,,,,,,,,,,,,,,,,,,,,,,,,,,,,,,,,,,,,,,
4180,100247705,Olympus,263,Οὐλύμποιο,,,,,,,,,,,,,,,,,,,,,,,,,,,,,,,,,,,,,,
4181,100247706,gods,263,θεοί,,,,,,,,,,,,,,,,,,,,,,,,,,,,,,,,,,,,,,
4182,100247708,givers,263,δωτῆρες,,,,,,,,,,,,,,,,,,,,,,,,,,,,,,,,,,,,,,
4183,100247709,good,263,ἐάων,,,,,,,,,,,,,,,,,,,,,,,,,,,,,,,,,,,,,,
4184,100247711,whom,263,οὓς,,,,,,,,,,,,,,,,,,,,,,,,,,,,,,,,,,,,,,
4185,100247712,bore,263,τέκεν,,,,,,,,,,,,,,,,,,,,,,,,,,,,,,,,,,,,,,
4186,100247713,fair-haired,263,ἠύκομος,,,,,,,,,,,,,,,,,,,,,,,,,,,,,,,,,,,,,,
4187,100247714,Rhea,263,Ῥείη,,,,,,,,,,,,,,,,,,,,,,,,,,,,,,,,,,,,,,
4188,100247716,having,263,εὐνηθεῖσα,,,,,,,,,,,,,,,,,,,,,,,,,,,,,,,,,,,,,,
4189,100247715,Cronus,263,Κρόνῳ,,,,,,,,,,,,,,,,,,,,,,,,,,,,,,,,,,,,,,
4190,100247719,Then,264,ῥα,,,,,,,,,,,,,,,,,,,,,,,,,,,,,,,,,,,,,,
4191,100247720,Then,264,τότ’,,,,,,,,,,,,,,,,,,,,,,,,,,,,,,,,,,,,,,
4192,100247721,one another,264,ἀλλήλοισι,,,,,,,,,,,,,,,,,,,,,,,,,,,,,,,,,,,,,,
4193,100247722,wrath,264,χόλον,,,,,,,,,,,,,,,,,,,,,,,,,,,,,,,,,,,,,,
4194,100247723,heart-painful,264,θυμαλγέ’,,,,,,,,,,,,,,,,,,,,,,,,,,,,,,,,,,,,,,
4195,100247724,in,264,ἔχοντες,,,,,,,,,,,,,,,,,,,,,,,,,,,,,,,,,,,,,,
4196,100247725,ceaselessly,264,συνεχέως,,,,,,,,,,,,,,,,,,,,,,,,,,,,,,,,,,,,,,
4197,100247726,fought,264,ἐμάχοντο,,,,,,,,,,,,,,,,,,,,,,,,,,,,,,,,,,,,,,
4198,100247727,ten,264,δέκα,,,,,,,,,,,,,,,,,,,,,,,,,,,,,,,,,,,,,,
4199,100247728,or more,264,πλείους,,,,,,,,,,,,,,,,,,,,,,,,,,,,,,,,,,,,,,
4200,100247729,years,264,ἐνιαυτούς,,,,,,,,,,,,,,,,,,,,,,,,,,,,,,,,,,,,,,
4201,100247731,Nor,265,οὐ,,,,,,,,,,,,,,,,,,,,,,,,,,,,,,,,,,,,,,
4202,100247732,Nor,265,-δέ,,,,,,,,,,,,,,,,,,,,,,,,,,,,,,,,,,,,,,
4203,100247733,any,265,τις,,,,,,,,,,,,,,,,,,,,,,,,,,,,,,,,,,,,,,
4204,100247734,was,265,ἦν,,,,,,,,,,,,,,,,,,,,,,,,,,,,,,,,,,,,,,
4205,100247735,of,265,ἔριδος,,,,,,,,,,,,,,,,,,,,,,,,,,,,,,,,,,,,,,
4206,100247736,grievous,265,χαλεπῆς,,,,,,,,,,,,,,,,,,,,,,,,,,,,,,,,,,,,,,
4207,100247737,release,265,λύσις,,,,,,,,,,,,,,,,,,,,,,,,,,,,,,,,,,,,,,
4208,100247738,nor,265,οὐ,,,,,,,,,,,,,,,,,,,,,,,,,,,,,,,,,,,,,,
4209,100247739,nor,265,-δὲ,,,,,,,,,,,,,,,,,,,,,,,,,,,,,,,,,,,,,,
4210,100247740,end,265,τελευτὴ,,,,,,,,,,,,,,,,,,,,,,,,,,,,,,,,,,,,,,
4211,100247741,either,265,οὐδετέροις,,,,,,,,,,,,,,,,,,,,,,,,,,,,,,,,,,,,,,
4212,100247743,same,265,ἶσον,,,,,,,,,,,,,,,,,,,,,,,,,,,,,,,,,,,,,,
4213,100247744,outcome,265,δὲ,,,,,,,,,,,,,,,,,,,,,,,,,,,,,,,,,,,,,,
4214,100247745,outcome,265,τέλος,,,,,,,,,,,,,,,,,,,,,,,,,,,,,,,,,,,,,,
4215,100247746,was,265,τέτατο,,,,,,,,,,,,,,,,,,,,,,,,,,,,,,,,,,,,,,
4216,100247747,war,265,πτολέμοιο,,,,,,,,,,,,,,,,,,,,,,,,,,,,,,,,,,,,,,
4217,100247749,But,266,ἀλλ’,,,,,,,,,,,,,,,,,,,,,,,,,,,,,,,,,,,,,,
4218,100247750,when,266,ὅτε,,,,,,,,,,,,,,,,,,,,,,,,,,,,,,,,,,,,,,
4219,100247751,had,266,δὴ,,,,,,,,,,,,,,,,,,,,,,,,,,,,,,,,,,,,,,
4220,100247752,that,266,κείνοισι,,,,,,,,,,,,,,,,,,,,,,,,,,,,,,,,,,,,,,
4221,100247753,provided,266,παρέσχεθεν,,,,,,,,,,,,,,,,,,,,,,,,,,,,,,,,,,,,,,
4222,100247754,equipment,266,ἄρμενα,,,,,,,,,,,,,,,,,,,,,,,,,,,,,,,,,,,,,,
4223,100247755,all,266,πάντα,,,,,,,,,,,,,,,,,,,,,,,,,,,,,,,,,,,,,,
4224,100247757,nectar,266,νέκταρ,,,,,,,,,,,,,,,,,,,,,,,,,,,,,,,,,,,,,,
4225,100247758,and,266,τ’,,,,,,,,,,,,,,,,,,,,,,,,,,,,,,,,,,,,,,
4226,100247759,ambrosia,266,ἀμβροσίην,,,,,,,,,,,,,,,,,,,,,,,,,,,,,,,,,,,,,,
4227,100247760,as well,266,τε,,,,,,,,,,,,,,,,,,,,,,,,,,,,,,,,,,,,,,
4228,100247762,which,266,τά,,,,,,,,,,,,,,,,,,,,,,,,,,,,,,,,,,,,,,
4229,100247763,the,266,περ,,,,,,,,,,,,,,,,,,,,,,,,,,,,,,,,,,,,,,
4230,100247764,gods,266,θεοὶ,,,,,,,,,,,,,,,,,,,,,,,,,,,,,,,,,,,,,,
4231,100247765,themselves,266,αὐτοὶ,,,,,,,,,,,,,,,,,,,,,,,,,,,,,,,,,,,,,,
4232,100247766,eat,266,ἔδουσι,,,,,,,,,,,,,,,,,,,,,,,,,,,,,,,,,,,,,,
4233,100247768,of all,266,πάντων,,,,,,,,,,,,,,,,,,,,,,,,,,,,,,,,,,,,,,
4234,100247769,in,266,ἐν,,,,,,,,,,,,,,,,,,,,,,,,,,,,,,,,,,,,,,
4235,100247770,chests,266,στήθεσσιν,,,,,,,,,,,,,,,,,,,,,,,,,,,,,,,,,,,,,,
4236,100247771,grew,266,ἀέξετο,,,,,,,,,,,,,,,,,,,,,,,,,,,,,,,,,,,,,,
4237,100247772,spirit,266,θυμὸς,,,,,,,,,,,,,,,,,,,,,,,,,,,,,,,,,,,,,,
4238,100247773,unashamed,266,ἀγήνωρ,,,,,,,,,,,,,,,,,,,,,,,,,,,,,,,,,,,,,,
4239,100247775,Thus,267,ὡς,,,,,,,,,,,,,,,,,,,,,,,,,,,,,,,,,,,,,,
4240,100247776,nectar,267,νέκταρ,,,,,,,,,,,,,,,,,,,,,,,,,,,,,,,,,,,,,,
4241,100247777,and,267,τ’,,,,,,,,,,,,,,,,,,,,,,,,,,,,,,,,,,,,,,
4242,100247778,tasted,267,ἐπάσαντο,,,,,,,,,,,,,,,,,,,,,,,,,,,,,,,,,,,,,,
4243,100247779,and,267,καὶ,,,,,,,,,,,,,,,,,,,,,,,,,,,,,,,,,,,,,,
4244,100247780,ambrosia,267,ἀμβροσίην,,,,,,,,,,,,,,,,,,,,,,,,,,,,,,,,,,,,,,
4245,100247781,lovely,267,ἐρατεινήν,,,,,,,,,,,,,,,,,,,,,,,,,,,,,,,,,,,,,,
4246,100247783,then,267,δὴ,,,,,,,,,,,,,,,,,,,,,,,,,,,,,,,,,,,,,,
4247,100247784,then,267,τότε,,,,,,,,,,,,,,,,,,,,,,,,,,,,,,,,,,,,,,
4248,100247785,to them,267,τοῖς,,,,,,,,,,,,,,,,,,,,,,,,,,,,,,,,,,,,,,
4249,100247786,spoke,267,μετέειπε,,,,,,,,,,,,,,,,,,,,,,,,,,,,,,,,,,,,,,
4250,100247787,father,267,πατὴρ,,,,,,,,,,,,,,,,,,,,,,,,,,,,,,,,,,,,,,
4251,100247788,men,267,ἀνδρῶν,,,,,,,,,,,,,,,,,,,,,,,,,,,,,,,,,,,,,,
4252,100247789,both,267,τε,,,,,,,,,,,,,,,,,,,,,,,,,,,,,,,,,,,,,,
4253,100247790,gods,267,θεῶν,,,,,,,,,,,,,,,,,,,,,,,,,,,,,,,,,,,,,,
4254,100247791,both,267,τε,,,,,,,,,,,,,,,,,,,,,,,,,,,,,,,,,,,,,,
4255,100247793,Hear,268,κέκλυτε,,,,,,,,,,,,,,,,,,,,,,,,,,,,,,,,,,,,,,
4256,100247794,me,268,μευ,,,,,,,,,,,,,,,,,,,,,,,,,,,,,,,,,,,,,,
4257,100247796,Earth,268,Γαίης,,,,,,,,,,,,,,,,,,,,,,,,,,,,,,,,,,,,,,
4258,100247797,and,268,τε,,,,,,,,,,,,,,,,,,,,,,,,,,,,,,,,,,,,,,
4259,100247798,and,268,καὶ,,,,,,,,,,,,,,,,,,,,,,,,,,,,,,,,,,,,,,
4260,100247799,Sky,268,Οὐρανοῦ,,,,,,,,,,,,,,,,,,,,,,,,,,,,,,,,,,,,,,
4261,100247800,glorious,268,ἀγλαὰ,,,,,,,,,,,,,,,,,,,,,,,,,,,,,,,,,,,,,,
4262,100247801,children,268,τέκνα,,,,,,,,,,,,,,,,,,,,,,,,,,,,,,,,,,,,,,
4263,100247803,so,268,ὄφρ’,,,,,,,,,,,,,,,,,,,,,,,,,,,,,,,,,,,,,,
4264,100247804,speak,268,εἴπω,,,,,,,,,,,,,,,,,,,,,,,,,,,,,,,,,,,,,,
4265,100247806,do,268,τά,,,,,,,,,,,,,,,,,,,,,,,,,,,,,,,,,,,,,,
4266,100247807,me,268,με,,,,,,,,,,,,,,,,,,,,,,,,,,,,,,,,,,,,,,
4267,100247808,spirit,268,θυμὸς,,,,,,,,,,,,,,,,,,,,,,,,,,,,,,,,,,,,,,
4268,100247809,within,268,ἐνὶ,,,,,,,,,,,,,,,,,,,,,,,,,,,,,,,,,,,,,,
4269,100247810,chest,268,στήθεσσι,,,,,,,,,,,,,,,,,,,,,,,,,,,,,,,,,,,,,,
4270,100247811,commands,268,κελεύει,,,,,,,,,,,,,,,,,,,,,,,,,,,,,,,,,,,,,,
4271,100247813,indeed,269,ἤδη,,,,,,,,,,,,,,,,,,,,,,,,,,,,,,,,,,,,,,
4272,100247814,For,269,γὰρ,,,,,,,,,,,,,,,,,,,,,,,,,,,,,,,,,,,,,,
4273,100247815,indeed,269,μάλα,,,,,,,,,,,,,,,,,,,,,,,,,,,,,,,,,,,,,,
4274,100247816,for a long time,269,δηρὸν,,,,,,,,,,,,,,,,,,,,,,,,,,,,,,,,,,,,,,
4275,100247817,fighting,269,ἐναντίοι,,,,,,,,,,,,,,,,,,,,,,,,,,,,,,,,,,,,,,
4276,100247818,against each other,269,ἀλλήλοισι,,,,,,,,,,,,,,,,,,,,,,,,,,,,,,,,,,,,,,
4277,100247819,victory,269,νίκης,,,,,,,,,,,,,,,,,,,,,,,,,,,,,,,,,,,,,,
4278,100247820,and,269,καὶ,,,,,,,,,,,,,,,,,,,,,,,,,,,,,,,,,,,,,,
4279,100247821,power,269,κράτεος,,,,,,,,,,,,,,,,,,,,,,,,,,,,,,,,,,,,,,
4280,100247822,fighting,269,πέρι,,,,,,,,,,,,,,,,,,,,,,,,,,,,,,,,,,,,,,
4281,100247823,have been fighting,269,μαρνάμεθ’,,,,,,,,,,,,,,,,,,,,,,,,,,,,,,,,,,,,,,
4282,100247824,every day,269,ἤματα,,,,,,,,,,,,,,,,,,,,,,,,,,,,,,,,,,,,,,
4283,100247825,every,269,πάντα,,,,,,,,,,,,,,,,,,,,,,,,,,,,,,,,,,,,,,
4284,100247826,Titans,269,Τιτῆνές,,,,,,,,,,,,,,,,,,,,,,,,,,,,,,,,,,,,,,
4285,100247827,and,269,τε,,,,,,,,,,,,,,,,,,,,,,,,,,,,,,,,,,,,,,
4286,100247828,gods,269,θεοὶ,,,,,,,,,,,,,,,,,,,,,,,,,,,,,,,,,,,,,,
4287,100247829,and,269,καὶ,,,,,,,,,,,,,,,,,,,,,,,,,,,,,,,,,,,,,,
4288,100247830,all those who,269,ὅσοι,,,,,,,,,,,,,,,,,,,,,,,,,,,,,,,,,,,,,,
4289,100247831,of Cronus,269,Κρόνου,,,,,,,,,,,,,,,,,,,,,,,,,,,,,,,,,,,,,,
4290,100247832,were born,269,ἐκγενόμεσθα,,,,,,,,,,,,,,,,,,,,,,,,,,,,,,,,,,,,,,
4291,100247813,now,269,ἤδη,,,,,,,,,,,,,,,,,,,,,,,,,,,,,,,,,,,,,,
4292,100247815,indeed,269,μάλα,,,,,,,,,,,,,,,,,,,,,,,,,,,,,,,,,,,,,,
4293,100247835,But,270,δὲ,,,,,,,,,,,,,,,,,,,,,,,,,,,,,,,,,,,,,,
4294,100247834,you,270,ὑμεῖς,,,,,,,,,,,,,,,,,,,,,,,,,,,,,,,,,,,,,,
4295,100247842,showing,270,φαίνετε,,,,,,,,,,,,,,,,,,,,,,,,,,,,,,,,,,,,,,
4296,100247836,mighty,270,μεγάλην,,,,,,,,,,,,,,,,,,,,,,,,,,,,,,,,,,,,,,
4297,100247837,in,270,τε,,,,,,,,,,,,,,,,,,,,,,,,,,,,,,,,,,,,,,
4298,100247838,strength,270,βίην,,,,,,,,,,,,,,,,,,,,,,,,,,,,,,,,,,,,,,
4299,100247839,and,270,καὶ,,,,,,,,,,,,,,,,,,,,,,,,,,,,,,,,,,,,,,
4300,100247840,in,270,χεῖρας,,,,,,,,,,,,,,,,,,,,,,,,,,,,,,,,,,,,,,
4301,100247841,unwearying,270,ἀάπτους,,,,,,,,,,,,,,,,,,,,,,,,,,,,,,,,,,,,,,
4302,100247840,hands,270,χεῖρας,,,,,,,,,,,,,,,,,,,,,,,,,,,,,,,,,,,,,,
4303,100247844,face,270,ἐναντίοι,,,,,,,,,,,,,,,,,,,,,,,,,,,,,,,,,,,,,,
4304,100247844,to,270,ἐναντίοι,,,,,,,,,,,,,,,,,,,,,,,,,,,,,,,,,,,,,,
4305,100247844,face,270,ἐναντίοι,,,,,,,,,,,,,,,,,,,,,,,,,,,,,,,,,,,,,,
4306,100247843,with,270,Τιτήνεσσιν,,,,,,,,,,,,,,,,,,,,,,,,,,,,,,,,,,,,,,
4307,100247843,the,270,Τιτήνεσσιν,,,,,,,,,,,,,,,,,,,,,,,,,,,,,,,,,,,,,,
4308,100247843,Titans,270,Τιτήνεσσιν,,,,,,,,,,,,,,,,,,,,,,,,,,,,,,,,,,,,,,
4309,100247845,at,270,ἐν,,,,,,,,,,,,,,,,,,,,,,,,,,,,,,,,,,,,,,
4310,100247846,that,270,δαῒ,,,,,,,,,,,,,,,,,,,,,,,,,,,,,,,,,,,,,,
4311,100247847,harsh,270,λυγρῇ,,,,,,,,,,,,,,,,,,,,,,,,,,,,,,,,,,,,,,
4312,100247846,banquet,270,δαῒ,,,,,,,,,,,,,,,,,,,,,,,,,,,,,,,,,,,,,,
4313,100247848,remembering,270,μνησάμενοι,,,,,,,,,,,,,,,,,,,,,,,,,,,,,,,,,,,,,,
4314,100247861,your,270,ἡμετέρας,,,,,,,,,,,,,,,,,,,,,,,,,,,,,,,,,,,,,,
4315,100247849,kindly,270,φιλότητος,,,,,,,,,,,,,,,,,,,,,,,,,,,,,,,,,,,,,,
4316,100247849,affection,270,φιλότητος,,,,,,,,,,,,,,,,,,,,,,,,,,,,,,,,,,,,,,
4317,100247850,of,270,ἐνηέος,,,,,,,,,,,,,,,,,,,,,,,,,,,,,,,,,,,,,,
4318,100247850,love,270,ἐνηέος,,,,,,,,,,,,,,,,,,,,,,,,,,,,,,,,,,,,,,
4319,100247857,you,270,ἀφίκεσθε,,,,,,,,,,,,,,,,,,,,,,,,,,,,,,,,,,,,,,
4320,100247857,have,270,ἀφίκεσθε,,,,,,,,,,,,,,,,,,,,,,,,,,,,,,,,,,,,,,
4321,100247857,returned,270,ἀφίκεσθε,,,,,,,,,,,,,,,,,,,,,,,,,,,,,,,,,,,,,,
4322,100247854,to,270,ἐς,,,,,,,,,,,,,,,,,,,,,,,,,,,,,,,,,,,,,,
4323,100247855,the,270,φάος,,,,,,,,,,,,,,,,,,,,,,,,,,,,,,,,,,,,,,
4324,100247855,light,270,φάος,,,,,,,,,,,,,,,,,,,,,,,,,,,,,,,,,,,,,,
4325,100247853,after,270,παθόντες,,,,,,,,,,,,,,,,,,,,,,,,,,,,,,,,,,,,,,
4326,100247853,suffering,270,παθόντες,,,,,,,,,,,,,,,,,,,,,,,,,,,,,,,,,,,,,,
4327,100247852,such,270,ὅσσα,,,,,,,,,,,,,,,,,,,,,,,,,,,,,,,,,,,,,,
4328,100247852,things,270,ὅσσα,,,,,,,,,,,,,,,,,,,,,,,,,,,,,,,,,,,,,,
4329,100247852,as,270,ὅσσα,,,,,,,,,,,,,,,,,,,,,,,,,,,,,,,,,,,,,,
4330,100247853,you,270,παθόντες,,,,,,,,,,,,,,,,,,,,,,,,,,,,,,,,,,,,,,
4331,100247853,endured,270,παθόντες,,,,,,,,,,,,,,,,,,,,,,,,,,,,,,,,,,,,,,
4332,100247859,under,270,ὑπὸ,,,,,,,,,,,,,,,,,,,,,,,,,,,,,,,,,,,,,,
4333,100247860,the,270,δεσμοῦ,,,,,,,,,,,,,,,,,,,,,,,,,,,,,,,,,,,,,,
4334,100247860,grievous,270,δεσμοῦ,,,,,,,,,,,,,,,,,,,,,,,,,,,,,,,,,,,,,,
4335,100247860,shackle,270,δεσμοῦ,,,,,,,,,,,,,,,,,,,,,,,,,,,,,,,,,,,,,,
4336,100247862,through,270,διὰ,,,,,,,,,,,,,,,,,,,,,,,,,,,,,,,,,,,,,,
4337,100247863,our,270,βουλὰς,,,,,,,,,,,,,,,,,,,,,,,,,,,,,,,,,,,,,,
4338,100247863,counsels,270,βουλὰς,,,,,,,,,,,,,,,,,,,,,,,,,,,,,,,,,,,,,,
4339,100247864,under,270,ὑπὸ,,,,,,,,,,,,,,,,,,,,,,,,,,,,,,,,,,,,,,
4340,100247865,the,270,ζόφου,,,,,,,,,,,,,,,,,,,,,,,,,,,,,,,,,,,,,,
4341,100247865,dark,270,ζόφου,,,,,,,,,,,,,,,,,,,,,,,,,,,,,,,,,,,,,,
4342,100247866,misty,270,ἠερόεντος,,,,,,,,,,,,,,,,,,,,,,,,,,,,,,,,,,,,,,
4343,100247865,gloom,270,ζόφου,,,,,,,,,,,,,,,,,,,,,,,,,,,,,,,,,,,,,,
4344,100247868,Thus,271,ὣς,,,,,,,,,,,,,,,,,,,,,,,,,,,,,,,,,,,,,,
4345,100247869,spoke,271,φάτο,,,,,,,,,,,,,,,,,,,,,,,,,,,,,,,,,,,,,,
4346,100247872,And,272,δ’,,,,,,,,,,,,,,,,,,,,,,,,,,,,,,,,,,,,,,
4347,100247873,straightway,272,ἐξαῦτις,,,,,,,,,,,,,,,,,,,,,,,,,,,,,,,,,,,,,,
4348,100247875,Kottos,272,Κόττος,,,,,,,,,,,,,,,,,,,,,,,,,,,,,,,,,,,,,,
4349,100247876,blameless,272,ἀμύμων,,,,,,,,,,,,,,,,,,,,,,,,,,,,,,,,,,,,,,
4350,100247874,answered,272,ἀμείβετο,,,,,,,,,,,,,,,,,,,,,,,,,,,,,,,,,,,,,,
4351,100247871,him,272,τὸν,,,,,,,,,,,,,,,,,,,,,,,,,,,,,,,,,,,,,,
4352,100247878,O,273,δαιμόνι’,,,,,,,,,,,,,,,,,,,,,,,,,,,,,,,,,,,,,,
4353,100247880,not,273,οὐκ,,,,,,,,,,,,,,,,,,,,,,,,,,,,,,,,,,,,,,
4354,100247881,unknown,273,ἀδάητα,,,,,,,,,,,,,,,,,,,,,,,,,,,,,,,,,,,,,,
4355,100247882,reveal,273,πιφαύσκεαι,,,,,,,,,,,,,,,,,,,,,,,,,,,,,,,,,,,,,,
4356,100247884,But,274,ἀλλὰ,,,,,,,,,,,,,,,,,,,,,,,,,,,,,,,,,,,,,,
4357,100247885,ourselves,274,καὶ,,,,,,,,,,,,,,,,,,,,,,,,,,,,,,,,,,,,,,
4358,100247886,we,274,αὐτοὶ,,,,,,,,,,,,,,,,,,,,,,,,,,,,,,,,,,,,,,
4359,100247887,know,274,ἴδμεν,,,,,,,,,,,,,,,,,,,,,,,,,,,,,,,,,,,,,,
4360,100247889,for,274,ὅ,,,,,,,,,,,,,,,,,,,,,,,,,,,,,,,,,,,,,,
4361,100247890,you,274,τοι,,,,,,,,,,,,,,,,,,,,,,,,,,,,,,,,,,,,,,
4362,100247893,mind,274,πραπίδες,,,,,,,,,,,,,,,,,,,,,,,,,,,,,,,,,,,,,,
4363,100247897,is,274,ἐστὶ,,,,,,,,,,,,,,,,,,,,,,,,,,,,,,,,,,,,,,
4364,100247900,present,274,ἀλκτὴρ,,,,,,,,,,,,,,,,,,,,,,,,,,,,,,,,,,,,,,
4365,100247896,and,274,δ’,,,,,,,,,,,,,,,,,,,,,,,,,,,,,,,,,,,,,,
4366,100247898,understanding,274,νόημα,,,,,,,,,,,,,,,,,,,,,,,,,,,,,,,,,,,,,,
4367,100247901,and,274,δ’,,,,,,,,,,,,,,,,,,,,,,,,,,,,,,,,,,,,,,
4368,100247886,we,274,αὐτοὶ,,,,,,,,,,,,,,,,,,,,,,,,,,,,,,,,,,,,,,
4369,100247897,are,274,ἐστὶ,,,,,,,,,,,,,,,,,,,,,,,,,,,,,,,,,,,,,,
4370,100247900,gatherers,274,ἀλκτὴρ,,,,,,,,,,,,,,,,,,,,,,,,,,,,,,,,,,,,,,
4371,100247902,immortals,274,ἀθανάτοισιν,,,,,,,,,,,,,,,,,,,,,,,,,,,,,,,,,,,,,,
4372,100247904,race,274,γένεο,,,,,,,,,,,,,,,,,,,,,,,,,,,,,,,,,,,,,,
4373,100247905,cold,274,κρυεροῖο,,,,,,,,,,,,,,,,,,,,,,,,,,,,,,,,,,,,,,
4374,100247903,frost,274,ἀρῆς,,,,,,,,,,,,,,,,,,,,,,,,,,,,,,,,,,,,,,
4375,100247907,your,275,σῇσι,,,,,,,,,,,,,,,,,,,,,,,,,,,,,,,,,,,,,,
4376,100247908,With,275,δ’,,,,,,,,,,,,,,,,,,,,,,,,,,,,,,,,,,,,,,
4377,100247909,understanding,275,ἐπιφροσύνῃσιν,,,,,,,,,,,,,,,,,,,,,,,,,,,,,,,,,,,,,,
4378,100247910,from,275,ὑπὸ,,,,,,,,,,,,,,,,,,,,,,,,,,,,,,,,,,,,,,
4379,100247911,darkness,275,ζόφου,,,,,,,,,,,,,,,,,,,,,,,,,,,,,,,,,,,,,,
4380,100247912,misty,275,ἠερόεντος,,,,,,,,,,,,,,,,,,,,,,,,,,,,,,,,,,,,,,
4381,100247913,back,275,ἄψορρον,,,,,,,,,,,,,,,,,,,,,,,,,,,,,,,,,,,,,,
4382,100247914,and,275,δ’,,,,,,,,,,,,,,,,,,,,,,,,,,,,,,,,,,,,,,
4383,100247916,suddenly,275,ἐξαῦτις,,,,,,,,,,,,,,,,,,,,,,,,,,,,,,,,,,,,,,
4384,100247917,pitiless,275,ἀμειλίκτων,,,,,,,,,,,,,,,,,,,,,,,,,,,,,,,,,,,,,,
4385,100247918,from,275,ὑπὸ,,,,,,,,,,,,,,,,,,,,,,,,,,,,,,,,,,,,,,
4386,100247919,bonds,275,δεσμῶν,,,,,,,,,,,,,,,,,,,,,,,,,,,,,,,,,,,,,,
4387,100247920,came,275,ἠλύθομεν,,,,,,,,,,,,,,,,,,,,,,,,,,,,,,,,,,,,,,
4388,100247922,Kronos,275,Κρόνου,,,,,,,,,,,,,,,,,,,,,,,,,,,,,,,,,,,,,,
4389,100247923,son,275,υἱὲ,,,,,,,,,,,,,,,,,,,,,,,,,,,,,,,,,,,,,,
4390,100247924,lord,275,ἄναξ,,,,,,,,,,,,,,,,,,,,,,,,,,,,,,,,,,,,,,
4391,100247926,unexpected,275,ἀνάελπτα,,,,,,,,,,,,,,,,,,,,,,,,,,,,,,,,,,,,,,
4392,100247927,things,275,παθόντες,,,,,,,,,,,,,,,,,,,,,,,,,,,,,,,,,,,,,,
4393,100247930,And,276,καὶ,,,,,,,,,,,,,,,,,,,,,,,,,,,,,,,,,,,,,,
4394,100247931,now,276,νῦν,,,,,,,,,,,,,,,,,,,,,,,,,,,,,,,,,,,,,,
4395,100247938,let us strive,276,ῥυσόμεθα,,,,,,,,,,,,,,,,,,,,,,,,,,,,,,,,,,,,,,
4396,100247932,unclouded,276,ἀτενεῖ,,,,,,,,,,,,,,,,,,,,,,,,,,,,,,,,,,,,,,
4397,100247934,mind,276,νόῳ,,,,,,,,,,,,,,,,,,,,,,,,,,,,,,,,,,,,,,
4398,100247936,thoughtful,276,ἐπίφρονι,,,,,,,,,,,,,,,,,,,,,,,,,,,,,,,,,,,,,,
4399,100247937,counsel,276,βουλῇ,,,,,,,,,,,,,,,,,,,,,,,,,,,,,,,,,,,,,,
4400,100247939,might,276,κράτος,,,,,,,,,,,,,,,,,,,,,,,,,,,,,,,,,,,,,,
4401,100247942,songs,276,αἰνῇ,,,,,,,,,,,,,,,,,,,,,,,,,,,,,,,,,,,,,,
4402,100247944,fighting,276,μαρνάμενοι,,,,,,,,,,,,,,,,,,,,,,,,,,,,,,,,,,,,,,
4403,100247943,battle,276,δηϊοτῆτι,,,,,,,,,,,,,,,,,,,,,,,,,,,,,,,,,,,,,,
4404,100247945,Titans,276,Τιτῆσιν,,,,,,,,,,,,,,,,,,,,,,,,,,,,,,,,,,,,,,
4405,100247946,against,276,ἀνὰ,,,,,,,,,,,,,,,,,,,,,,,,,,,,,,,,,,,,,,
4406,100247947,fierce,276,κρατερὰς,,,,,,,,,,,,,,,,,,,,,,,,,,,,,,,,,,,,,,
4407,100247948,contests,276,ὑσμίνας,,,,,,,,,,,,,,,,,,,,,,,,,,,,,,,,,,,,,,
4408,100247950,Thus,277,ὣς,,,,,,,,,,,,,,,,,,,,,,,,,,,,,,,,,,,,,,
4409,100247951,spoke,277,φάτ’,,,,,,,,,,,,,,,,,,,,,,,,,,,,,,,,,,,,,,
4410,100247953,praised,278,ἐπῄνεσσαν,,,,,,,,,,,,,,,,,,,,,,,,,,,,,,,,,,,,,,
4411,100247954,Then,278,δὲ,,,,,,,,,,,,,,,,,,,,,,,,,,,,,,,,,,,,,,
4412,100247955,gods,278,θεοί,,,,,,,,,,,,,,,,,,,,,,,,,,,,,,,,,,,,,,
4413,100247957,givers,278,δωτῆρες,,,,,,,,,,,,,,,,,,,,,,,,,,,,,,,,,,,,,,
4414,100247958,good,278,ἐάων,,,,,,,,,,,,,,,,,,,,,,,,,,,,,,,,,,,,,,
4415,100247960,speech,278,μῦθον,,,,,,,,,,,,,,,,,,,,,,,,,,,,,,,,,,,,,,
4416,100247961,hearing,278,ἀκούσαντες,,,,,,,,,,,,,,,,,,,,,,,,,,,,,,,,,,,,,,
4417,100247964,And,279,δ’,,,,,,,,,,,,,,,,,,,,,,,,,,,,,,,,,,,,,,
4418,100247966,spirit,279,θυμὸς,,,,,,,,,,,,,,,,,,,,,,,,,,,,,,,,,,,,,,
4419,100247965,yearned,279,ἐλιλαίετο,,,,,,,,,,,,,,,,,,,,,,,,,,,,,,,,,,,,,,
4420,100247967,more,279,μᾶλλον,,,,,,,,,,,,,,,,,,,,,,,,,,,,,,,,,,,,,,
4421,100247963,for war,279,πολέμου,,,,,,,,,,,,,,,,,,,,,,,,,,,,,,,,,,,,,,
4422,100247968,even,279,ἔτ’,,,,,,,,,,,,,,,,,,,,,,,,,,,,,,,,,,,,,,
4423,100247969,than,279,ἢ,,,,,,,,,,,,,,,,,,,,,,,,,,,,,,,,,,,,,,
4424,100247971,before,279,πάροιθε,,,,,,,,,,,,,,,,,,,,,,,,,,,,,,,,,,,,,,
4425,100247973,battle,280,μάχην,,,,,,,,,,,,,,,,,,,,,,,,,,,,,,,,,,,,,,
4426,100247974,and,280,δ’,,,,,,,,,,,,,,,,,,,,,,,,,,,,,,,,,,,,,,
4427,100247975,unquenchable,280,ἀμέγαρτον,,,,,,,,,,,,,,,,,,,,,,,,,,,,,,,,,,,,,,
4428,100247976,raised,280,ἔγειραν,,,,,,,,,,,,,,,,,,,,,,,,,,,,,,,,,,,,,,
4429,100247977,all,280,πάντες,,,,,,,,,,,,,,,,,,,,,,,,,,,,,,,,,,,,,,
4430,100247979,females,280,θήλειαι,,,,,,,,,,,,,,,,,,,,,,,,,,,,,,,,,,,,,,
4431,100247980,both,280,τε,,,,,,,,,,,,,,,,,,,,,,,,,,,,,,,,,,,,,,
4432,100247981,and,280,καὶ,,,,,,,,,,,,,,,,,,,,,,,,,,,,,,,,,,,,,,
4433,100247982,males,280,ἄρσενες,,,,,,,,,,,,,,,,,,,,,,,,,,,,,,,,,,,,,,
4434,100247984,day,280,ἤματι,,,,,,,,,,,,,,,,,,,,,,,,,,,,,,,,,,,,,,
4435,100247985,that,280,κείνῳ,,,,,,,,,,,,,,,,,,,,,,,,,,,,,,,,,,,,,,
4436,100247987,Titans,280,Τιτῆνές,,,,,,,,,,,,,,,,,,,,,,,,,,,,,,,,,,,,,,
4437,100247988,and,280,τε,,,,,,,,,,,,,,,,,,,,,,,,,,,,,,,,,,,,,,
4438,100247989,gods,280,θεοὶ,,,,,,,,,,,,,,,,,,,,,,,,,,,,,,,,,,,,,,
4439,100247990,and,280,καὶ,,,,,,,,,,,,,,,,,,,,,,,,,,,,,,,,,,,,,,
4440,100247991,all,280,ὅσοι,,,,,,,,,,,,,,,,,,,,,,,,,,,,,,,,,,,,,,
4441,100247992,Cronus,280,Κρόνου,,,,,,,,,,,,,,,,,,,,,,,,,,,,,,,,,,,,,,
4442,100247993,born,280,ἐξεγένοντο,,,,,,,,,,,,,,,,,,,,,,,,,,,,,,,,,,,,,,
4443,100247995,whom,280,οὕς,,,,,,,,,,,,,,,,,,,,,,,,,,,,,,,,,,,,,,
4444,100247997,Zeus,280,Ζεὺς,,,,,,,,,,,,,,,,,,,,,,,,,,,,,,,,,,,,,,
4445,100247998,Tartarus,280,Ἐρέβευσφιν,,,,,,,,,,,,,,,,,,,,,,,,,,,,,,,,,,,,,,
4446,100247999,beneath,280,ὑπὸ,,,,,,,,,,,,,,,,,,,,,,,,,,,,,,,,,,,,,,
4447,100248000,earth,280,χθονὸς,,,,,,,,,,,,,,,,,,,,,,,,,,,,,,,,,,,,,,
4448,100248001,sent,280,ἧκε,,,,,,,,,,,,,,,,,,,,,,,,,,,,,,,,,,,,,,
4449,100248003,terrible,280,δεινοί,,,,,,,,,,,,,,,,,,,,,,,,,,,,,,,,,,,,,,
4450,100248005,powerful,280,κρατεροί,,,,,,,,,,,,,,,,,,,,,,,,,,,,,,,,,,,,,,
4451,100248008,might,280,βίην,,,,,,,,,,,,,,,,,,,,,,,,,,,,,,,,,,,,,,
4452,100248009,overbearing,280,ὑπέροπλον,,,,,,,,,,,,,,,,,,,,,,,,,,,,,,,,,,,,,,
4453,100248010,possessing,280,ἔχοντες,,,,,,,,,,,,,,,,,,,,,,,,,,,,,,,,,,,,,,
4454,100248012,these,281,τῶν,,,,,,,,,,,,,,,,,,,,,,,,,,,,,,,,,,,,,,
4455,100248013,one hundred,281,ἑκατὸν,,,,,,,,,,,,,,,,,,,,,,,,,,,,,,,,,,,,,,
4456,100248015,hands,281,χεῖρες,,,,,,,,,,,,,,,,,,,,,,,,,,,,,,,,,,,,,,
4457,100248016,from,281,ἀπ’,,,,,,,,,,,,,,,,,,,,,,,,,,,,,,,,,,,,,,
4458,100248017,their shoulders,281,ὤμων,,,,,,,,,,,,,,,,,,,,,,,,,,,,,,,,,,,,,,
4459,100248018,rushed,281,ἀίσσοντο,,,,,,,,,,,,,,,,,,,,,,,,,,,,,,,,,,,,,,
4460,100248019,all,281,πᾶσιν,,,,,,,,,,,,,,,,,,,,,,,,,,,,,,,,,,,,,,
4461,100248020,alike,281,ὁμῶς,,,,,,,,,,,,,,,,,,,,,,,,,,,,,,,,,,,,,,
4462,100248022,heads,281,κεφαλαὶ,,,,,,,,,,,,,,,,,,,,,,,,,,,,,,,,,,,,,,
4463,100248024,each,281,ἑκάστῳ,,,,,,,,,,,,,,,,,,,,,,,,,,,,,,,,,,,,,,
4464,100248025,fifty,281,πεντήκοντα,,,,,,,,,,,,,,,,,,,,,,,,,,,,,,,,,,,,,,
4465,100248026,upon,281,ἐξ,,,,,,,,,,,,,,,,,,,,,,,,,,,,,,,,,,,,,,
4466,100248027,their,281,ὤμων,,,,,,,,,,,,,,,,,,,,,,,,,,,,,,,,,,,,,,
4467,100248028,grown,281,ἐπέφυκον,,,,,,,,,,,,,,,,,,,,,,,,,,,,,,,,,,,,,,
4468,100248029,upon,281,ἐπὶ,,,,,,,,,,,,,,,,,,,,,,,,,,,,,,,,,,,,,,
4469,100248030,sturdy,281,στιβαροῖσι,,,,,,,,,,,,,,,,,,,,,,,,,,,,,,,,,,,,,,
4470,100248031,limbs,281,μέλεσσιν,,,,,,,,,,,,,,,,,,,,,,,,,,,,,,,,,,,,,,
4471,100248033,They,282,οἳ,,,,,,,,,,,,,,,,,,,,,,,,,,,,,,,,,,,,,,
4472,100248034,then,282,τότε,,,,,,,,,,,,,,,,,,,,,,,,,,,,,,,,,,,,,,
4473,100248035,Titans,282,Τιτήνεσσι,,,,,,,,,,,,,,,,,,,,,,,,,,,,,,,,,,,,,,
4474,100248036,stood firm,282,κατέσταθεν,,,,,,,,,,,,,,,,,,,,,,,,,,,,,,,,,,,,,,
4475,100248037,in,282,ἐν,,,,,,,,,,,,,,,,,,,,,,,,,,,,,,,,,,,,,,
4476,100248038,banquet,282,δαῒ,,,,,,,,,,,,,,,,,,,,,,,,,,,,,,,,,,,,,,
4477,100248039,grim,282,λυγρῇ,,,,,,,,,,,,,,,,,,,,,,,,,,,,,,,,,,,,,,
4478,100248040,rocks,282,πέτρας,,,,,,,,,,,,,,,,,,,,,,,,,,,,,,,,,,,,,,
4479,100248041,high-crested,282,ἠλιβάτους,,,,,,,,,,,,,,,,,,,,,,,,,,,,,,,,,,,,,,
4480,100248042,rugged,282,στιβαρῇς,,,,,,,,,,,,,,,,,,,,,,,,,,,,,,,,,,,,,,
4481,100248043,in,282,ἐν,,,,,,,,,,,,,,,,,,,,,,,,,,,,,,,,,,,,,,
4482,100248044,hands,282,χερσὶν,,,,,,,,,,,,,,,,,,,,,,,,,,,,,,,,,,,,,,
4483,100248045,holding,282,ἔχοντες,,,,,,,,,,,,,,,,,,,,,,,,,,,,,,,,,,,,,,
4484,100248047,Titans,283,Τιτῆνες,,,,,,,,,,,,,,,,,,,,,,,,,,,,,,,,,,,,,,
4485,100248048,however,283,δ’,,,,,,,,,,,,,,,,,,,,,,,,,,,,,,,,,,,,,,
4486,100248049,opposite,283,ἑτέρωθεν,,,,,,,,,,,,,,,,,,,,,,,,,,,,,,,,,,,,,,
4487,100248050,strengthened,283,ἐκαρτύναντο,,,,,,,,,,,,,,,,,,,,,,,,,,,,,,,,,,,,,,
4488,100248051,lines,283,φάλαγγας,,,,,,,,,,,,,,,,,,,,,,,,,,,,,,,,,,,,,,
4489,100248052,eagerly,283,προφρονέως,,,,,,,,,,,,,,,,,,,,,,,,,,,,,,,,,,,,,,
4490,100248054,their,283,χειρῶν,,,,,,,,,,,,,,,,,,,,,,,,,,,,,,,,,,,,,,
4491,100248055,and,283,τε,,,,,,,,,,,,,,,,,,,,,,,,,,,,,,,,,,,,,,
4492,100248056,strength,283,βίης,,,,,,,,,,,,,,,,,,,,,,,,,,,,,,,,,,,,,,
4493,100248057,might,283,θ’,,,,,,,,,,,,,,,,,,,,,,,,,,,,,,,,,,,,,,
4494,100248058,together,283,ἅμα,,,,,,,,,,,,,,,,,,,,,,,,,,,,,,,,,,,,,,
4495,100248059,work,283,ἔργον,,,,,,,,,,,,,,,,,,,,,,,,,,,,,,,,,,,,,,
4496,100248060,displayed,283,ἔφαινον,,,,,,,,,,,,,,,,,,,,,,,,,,,,,,,,,,,,,,
4497,100248061,both,283,ἀμφότεροι,,,,,,,,,,,,,,,,,,,,,,,,,,,,,,,,,,,,,,
4498,100248063,terribly,284,δεινὸν,,,,,,,,,,,,,,,,,,,,,,,,,,,,,,,,,,,,,,
4499,100248064,and,284,δὲ,,,,,,,,,,,,,,,,,,,,,,,,,,,,,,,,,,,,,,
4500,100248065,roared,284,περίαχε,,,,,,,,,,,,,,,,,,,,,,,,,,,,,,,,,,,,,,
4501,100248066,sea,284,πόντος,,,,,,,,,,,,,,,,,,,,,,,,,,,,,,,,,,,,,,
4502,100248067,vast,284,ἀπείρων,,,,,,,,,,,,,,,,,,,,,,,,,,,,,,,,,,,,,,
4503,100248069,Earth,284,γῆ,,,,,,,,,,,,,,,,,,,,,,,,,,,,,,,,,,,,,,
4504,100248070,and,284,δὲ,,,,,,,,,,,,,,,,,,,,,,,,,,,,,,,,,,,,,,
4505,100248071,great,284,μέγ’,,,,,,,,,,,,,,,,,,,,,,,,,,,,,,,,,,,,,,
4506,100248072,groaned,284,ἐσμαράγησεν,,,,,,,,,,,,,,,,,,,,,,,,,,,,,,,,,,,,,,
4507,100248074,groaned,284,ἐπέστενε,,,,,,,,,,,,,,,,,,,,,,,,,,,,,,,,,,,,,,
4508,100248075,and,284,δ’,,,,,,,,,,,,,,,,,,,,,,,,,,,,,,,,,,,,,,
4509,100248076,Heaven,284,οὐρανὸς,,,,,,,,,,,,,,,,,,,,,,,,,,,,,,,,,,,,,,
4510,100248077,broad,284,εὐρὺς,,,,,,,,,,,,,,,,,,,,,,,,,,,,,,,,,,,,,,
4511,100248078,shaking,284,σειόμενος,,,,,,,,,,,,,,,,,,,,,,,,,,,,,,,,,,,,,,
4512,100248080,from the ground,284,πεδόθεν,,,,,,,,,,,,,,,,,,,,,,,,,,,,,,,,,,,,,,
4513,100248081,and,284,δὲ,,,,,,,,,,,,,,,,,,,,,,,,,,,,,,,,,,,,,,
4514,100248082,trembled,284,τινάσσετο,,,,,,,,,,,,,,,,,,,,,,,,,,,,,,,,,,,,,,
4515,100248083,long,284,μακρὸς,,,,,,,,,,,,,,,,,,,,,,,,,,,,,,,,,,,,,,
4516,100248084,Olympus,284,Ὄλυμπος,,,,,,,,,,,,,,,,,,,,,,,,,,,,,,,,,,,,,,
4517,100248085,blast,284,ῥιπῇ,,,,,,,,,,,,,,,,,,,,,,,,,,,,,,,,,,,,,,
4518,100248086,from,284,ὕπ’,,,,,,,,,,,,,,,,,,,,,,,,,,,,,,,,,,,,,,
4519,100248087,immortals,284,ἀθανάτων,,,,,,,,,,,,,,,,,,,,,,,,,,,,,,,,,,,,,,
4520,100248089,earthquake,284,ἔνοσις,,,,,,,,,,,,,,,,,,,,,,,,,,,,,,,,,,,,,,
4521,100248090,and,284,δ’,,,,,,,,,,,,,,,,,,,,,,,,,,,,,,,,,,,,,,
4522,100248091,reached,284,ἵκανε,,,,,,,,,,,,,,,,,,,,,,,,,,,,,,,,,,,,,,
4523,100248092,heavy,284,βαρεῖα,,,,,,,,,,,,,,,,,,,,,,,,,,,,,,,,,,,,,,
4524,100248093,Tartarus,284,Τάρταρον,,,,,,,,,,,,,,,,,,,,,,,,,,,,,,,,,,,,,,
4525,100248094,misty,284,ἠερόεντα,,,,,,,,,,,,,,,,,,,,,,,,,,,,,,,,,,,,,,
4526,100248096,din,284,ποδῶν,,,,,,,,,,,,,,,,,,,,,,,,,,,,,,,,,,,,,,
4527,100248097,din,284,τ’,,,,,,,,,,,,,,,,,,,,,,,,,,,,,,,,,,,,,,
4528,100248098,sheer,284,αἰπεῖα,,,,,,,,,,,,,,,,,,,,,,,,,,,,,,,,,,,,,,
4529,100248099,din,284,ἰωὴ,,,,,,,,,,,,,,,,,,,,,,,,,,,,,,,,,,,,,,
4530,100248100,boundless,284,ἀσπέτου,,,,,,,,,,,,,,,,,,,,,,,,,,,,,,,,,,,,,,
4531,100248101,rout,284,ἰωχμοῖο,,,,,,,,,,,,,,,,,,,,,,,,,,,,,,,,,,,,,,
4532,100248102,blows,284,βολάων,,,,,,,,,,,,,,,,,,,,,,,,,,,,,,,,,,,,,,
4533,100248103,and,284,τε,,,,,,,,,,,,,,,,,,,,,,,,,,,,,,,,,,,,,,
4534,100248104,mighty,284,κρατεράων,,,,,,,,,,,,,,,,,,,,,,,,,,,,,,,,,,,,,,
4535,100248106,Thus,285,ὣς,,,,,,,,,,,,,,,,,,,,,,,,,,,,,,,,,,,,,,
4536,100248107,Thus,285,ἄρ’,,,,,,,,,,,,,,,,,,,,,,,,,,,,,,,,,,,,,,
4537,100248108,against,285,ἐπ’,,,,,,,,,,,,,,,,,,,,,,,,,,,,,,,,,,,,,,
4538,100248109,one another,285,ἀλλήλοις,,,,,,,,,,,,,,,,,,,,,,,,,,,,,,,,,,,,,,
4539,100248110,hurled,285,ἵεσαν,,,,,,,,,,,,,,,,,,,,,,,,,,,,,,,,,,,,,,
4540,100248111,missiles,285,βέλεα,,,,,,,,,,,,,,,,,,,,,,,,,,,,,,,,,,,,,,
4541,100248112,moaning,285,στονόεντα,,,,,,,,,,,,,,,,,,,,,,,,,,,,,,,,,,,,,,
4542,100248114,voice,286,φωνὴ,,,,,,,,,,,,,,,,,,,,,,,,,,,,,,,,,,,,,,
4543,100248116,of,286,ἀμφοτέρων,,,,,,,,,,,,,,,,,,,,,,,,,,,,,,,,,,,,,,
4544,100248116,the,286,ἀμφοτέρων,,,,,,,,,,,,,,,,,,,,,,,,,,,,,,,,,,,,,,
4545,100248116,two,286,ἀμφοτέρων,,,,,,,,,,,,,,,,,,,,,,,,,,,,,,,,,,,,,,
4546,100248117,reached,286,ἵκετ’,,,,,,,,,,,,,,,,,,,,,,,,,,,,,,,,,,,,,,
4547,100248118,sky,286,οὐρανὸν,,,,,,,,,,,,,,,,,,,,,,,,,,,,,,,,,,,,,,
4548,100248119,starry,286,ἀστερόεντα,,,,,,,,,,,,,,,,,,,,,,,,,,,,,,,,,,,,,,
4549,100248120,being,286,κεκλομένων,,,,,,,,,,,,,,,,,,,,,,,,,,,,,,,,,,,,,,
4550,100248120,called,286,κεκλομένων,,,,,,,,,,,,,,,,,,,,,,,,,,,,,,,,,,,,,,
4551,100248123,But,287,δὲ,,,,,,,,,,,,,,,,,,,,,,,,,,,,,,,,,,,,,,
4552,100248122,they,287,οἳ,,,,,,,,,,,,,,,,,,,,,,,,,,,,,,,,,,,,,,
4553,100248124,joined,287,ξύνισαν,,,,,,,,,,,,,,,,,,,,,,,,,,,,,,,,,,,,,,
4554,100248125,great,287,μεγάλῳ,,,,,,,,,,,,,,,,,,,,,,,,,,,,,,,,,,,,,,
4555,100248126,tumult,287,ἀλαλητῷ,,,,,,,,,,,,,,,,,,,,,,,,,,,,,,,,,,,,,,
4556,100248128,no,288,οὐ,,,,,,,,,,,,,,,,,,,,,,,,,,,,,,,,,,,,,,
4557,100248129,no,288,-δ’,,,,,,,,,,,,,,,,,,,,,,,,,,,,,,,,,,,,,,
4558,100248130,no,288,ἄρ’,,,,,,,,,,,,,,,,,,,,,,,,,,,,,,,,,,,,,,
4559,100248131,no,288,ἔτι,,,,,,,,,,,,,,,,,,,,,,,,,,,,,,,,,,,,,,
4560,100248132,Zeus,288,Ζεὺς,,,,,,,,,,,,,,,,,,,,,,,,,,,,,,,,,,,,,,
4561,100248133,held,288,ἴσχεν,,,,,,,,,,,,,,,,,,,,,,,,,,,,,,,,,,,,,,
4562,100248134,his,288,ἑὸν,,,,,,,,,,,,,,,,,,,,,,,,,,,,,,,,,,,,,,
4563,100248135,strength,288,μένος,,,,,,,,,,,,,,,,,,,,,,,,,,,,,,,,,,,,,,
4564,100248137,But,288,ἀλλά,,,,,,,,,,,,,,,,,,,,,,,,,,,,,,,,,,,,,,
4565,100248138,rather,288,νυ,,,,,,,,,,,,,,,,,,,,,,,,,,,,,,,,,,,,,,
4566,100248139,his,288,τοῦ,,,,,,,,,,,,,,,,,,,,,,,,,,,,,,,,,,,,,,
4567,100248141,at once,288,εἶθαρ,,,,,,,,,,,,,,,,,,,,,,,,,,,,,,,,,,,,,,
4568,100248142,at once,288,μὲν,,,,,,,,,,,,,,,,,,,,,,,,,,,,,,,,,,,,,,
4569,100248143,with,288,μένεος,,,,,,,,,,,,,,,,,,,,,,,,,,,,,,,,,,,,,,
4570,100248144,filled,288,πλῆντο,,,,,,,,,,,,,,,,,,,,,,,,,,,,,,,,,,,,,,
4571,100248145,mind,288,φρένες,,,,,,,,,,,,,,,,,,,,,,,,,,,,,,,,,,,,,,
4572,100248147,from,288,ἐκ,,,,,,,,,,,,,,,,,,,,,,,,,,,,,,,,,,,,,,
4573,100248148,him,288,δέ,,,,,,,,,,,,,,,,,,,,,,,,,,,,,,,,,,,,,,
4574,100248150,all,288,πᾶσαν,,,,,,,,,,,,,,,,,,,,,,,,,,,,,,,,,,,,,,
4575,100248151,shone,288,φαῖνε,,,,,,,,,,,,,,,,,,,,,,,,,,,,,,,,,,,,,,
4576,100248152,might,288,βίην,,,,,,,,,,,,,,,,,,,,,,,,,,,,,,,,,,,,,,
4577,100248154,close,289,ἄμυδις,,,,,,,,,,,,,,,,,,,,,,,,,,,,,,,,,,,,,,
4578,100248155,and,289,δ’,,,,,,,,,,,,,,,,,,,,,,,,,,,,,,,,,,,,,,
4579,100248156,on,289,ἄρ’,,,,,,,,,,,,,,,,,,,,,,,,,,,,,,,,,,,,,,
4580,100248157,from,289,ἀπ’,,,,,,,,,,,,,,,,,,,,,,,,,,,,,,,,,,,,,,
4581,100248158,sky,289,οὐρανοῦ,,,,,,,,,,,,,,,,,,,,,,,,,,,,,,,,,,,,,,
4582,100248159,and,289,ἠδ’,,,,,,,,,,,,,,,,,,,,,,,,,,,,,,,,,,,,,,
4583,100248160,from,289,ἀπ’,,,,,,,,,,,,,,,,,,,,,,,,,,,,,,,,,,,,,,
4584,100248161,Olympus,289,Ὀλύμπου,,,,,,,,,,,,,,,,,,,,,,,,,,,,,,,,,,,,,,
4585,100248162,flashing,289,ἀστράπτων,,,,,,,,,,,,,,,,,,,,,,,,,,,,,,,,,,,,,,
4586,100248163,came,289,ἔστειχε,,,,,,,,,,,,,,,,,,,,,,,,,,,,,,,,,,,,,,
4587,100248164,formation,289,συνωχαδόν,,,,,,,,,,,,,,,,,,,,,,,,,,,,,,,,,,,,,,
4588,100248167,And,290,δὲ,,,,,,,,,,,,,,,,,,,,,,,,,,,,,,,,,,,,,,
4589,100248166,the,290,οἱ,,,,,,,,,,,,,,,,,,,,,,,,,,,,,,,,,,,,,,
4590,100248168,thunderbolts,290,κεραυνοὶ,,,,,,,,,,,,,,,,,,,,,,,,,,,,,,,,,,,,,,
4591,100248175,flew,290,ποτέοντο,,,,,,,,,,,,,,,,,,,,,,,,,,,,,,,,,,,,,,
4592,100248169,one,290,ἴκταρ,,,,,,,,,,,,,,,,,,,,,,,,,,,,,,,,,,,,,,
4593,100248170,with,290,ἅμα,,,,,,,,,,,,,,,,,,,,,,,,,,,,,,,,,,,,,,
4594,100248171,thunder,290,βροντῇ,,,,,,,,,,,,,,,,,,,,,,,,,,,,,,,,,,,,,,
4595,100248172,and,290,τε,,,,,,,,,,,,,,,,,,,,,,,,,,,,,,,,,,,,,,
4596,100248173,lightning,290,καὶ,,,,,,,,,,,,,,,,,,,,,,,,,,,,,,,,,,,,,,
4597,100248177,from,290,ἄπο,,,,,,,,,,,,,,,,,,,,,,,,,,,,,,,,,,,,,,
4598,100248176,his,290,χειρὸς,,,,,,,,,,,,,,,,,,,,,,,,,,,,,,,,,,,,,,
4599,100248178,mighty,290,στιβαρῆς,,,,,,,,,,,,,,,,,,,,,,,,,,,,,,,,,,,,,,
4600,100248180,holy,290,ἱερὴν,,,,,,,,,,,,,,,,,,,,,,,,,,,,,,,,,,,,,,
4601,100248181,flame,290,φλόγα,,,,,,,,,,,,,,,,,,,,,,,,,,,,,,,,,,,,,,
4602,100248182,emitting,290,εἰλυφόωντες,,,,,,,,,,,,,,,,,,,,,,,,,,,,,,,,,,,,,,
4603,100248183,dark,290,ταρφέες,,,,,,,,,,,,,,,,,,,,,,,,,,,,,,,,,,,,,,
4604,100248185,around,291,ἀμφὶ,,,,,,,,,,,,,,,,,,,,,,,,,,,,,,,,,,,,,,
4605,100248187,Earth,291,γαῖα,,,,,,,,,,,,,,,,,,,,,,,,,,,,,,,,,,,,,,
4606,100248190,burning,291,καιομένη,,,,,,,,,,,,,,,,,,,,,,,,,,,,,,,,,,,,,,
4607,100248192,hissed,291,λάκε,,,,,,,,,,,,,,,,,,,,,,,,,,,,,,,,,,,,,,
4608,100248193,and,291,δ’,,,,,,,,,,,,,,,,,,,,,,,,,,,,,,,,,,,,,,
4609,100248194,around,291,ἀμφὶ,,,,,,,,,,,,,,,,,,,,,,,,,,,,,,,,,,,,,,
4610,100248195,fire,291,πυρὶ,,,,,,,,,,,,,,,,,,,,,,,,,,,,,,,,,,,,,,
4611,100248196,vast,291,μεγάλ’,,,,,,,,,,,,,,,,,,,,,,,,,,,,,,,,,,,,,,
4612,100248197,limitless,291,ἄσπετος,,,,,,,,,,,,,,,,,,,,,,,,,,,,,,,,,,,,,,
4613,100248198,wood,291,ὕλη,,,,,,,,,,,,,,,,,,,,,,,,,,,,,,,,,,,,,,
4614,100248200,sat,292,ἔζεε,,,,,,,,,,,,,,,,,,,,,,,,,,,,,,,,,,,,,,
4615,100248201,and,292,δὲ,,,,,,,,,,,,,,,,,,,,,,,,,,,,,,,,,,,,,,
4616,100248202,earth,292,χθὼν,,,,,,,,,,,,,,,,,,,,,,,,,,,,,,,,,,,,,,
4617,100248203,whole,292,πᾶσα,,,,,,,,,,,,,,,,,,,,,,,,,,,,,,,,,,,,,,
4618,100248204,and,292,καὶ,,,,,,,,,,,,,,,,,,,,,,,,,,,,,,,,,,,,,,
4619,100248205,Oceanus,292,Ὠκεανοῖο,,,,,,,,,,,,,,,,,,,,,,,,,,,,,,,,,,,,,,
4620,100248206,streams,292,ῥέεθρα,,,,,,,,,,,,,,,,,,,,,,,,,,,,,,,,,,,,,,
4621,100248207,sea,292,πόντος,,,,,,,,,,,,,,,,,,,,,,,,,,,,,,,,,,,,,,
4622,100248208,and,292,τ’,,,,,,,,,,,,,,,,,,,,,,,,,,,,,,,,,,,,,,
4623,100248209,untrampled,292,ἀτρύγετος,,,,,,,,,,,,,,,,,,,,,,,,,,,,,,,,,,,,,,
4624,100248212,And,293,δ’,,,,,,,,,,,,,,,,,,,,,,,,,,,,,,,,,,,,,,
4625,100248214,warm,293,θερμὸς,,,,,,,,,,,,,,,,,,,,,,,,,,,,,,,,,,,,,,
4626,100248215,breath,293,ἀυτμὴ,,,,,,,,,,,,,,,,,,,,,,,,,,,,,,,,,,,,,,
4627,100248213,surrounded,293,ἄμφεπε,,,,,,,,,,,,,,,,,,,,,,,,,,,,,,,,,,,,,,
4628,100248211,them,293,τοὺς,,,,,,,,,,,,,,,,,,,,,,,,,,,,,,,,,,,,,,
4629,100248217,earth-born,293,χθονίους,,,,,,,,,,,,,,,,,,,,,,,,,,,,,,,,,,,,,,
4630,100248216,Titans,293,Τιτῆνας,,,,,,,,,,,,,,,,,,,,,,,,,,,,,,,,,,,,,,
4631,100248220,and,293,δ’,,,,,,,,,,,,,,,,,,,,,,,,,,,,,,,,,,,,,,
4632,100248224,endless,293,ἄσπετος,,,,,,,,,,,,,,,,,,,,,,,,,,,,,,,,,,,,,,
4633,100248219,flame,293,φλὸξ,,,,,,,,,,,,,,,,,,,,,,,,,,,,,,,,,,,,,,
4634,100248223,reached,293,ἵκανεν,,,,,,,,,,,,,,,,,,,,,,,,,,,,,,,,,,,,,,
4635,100248222,clear,293,δῖαν,,,,,,,,,,,,,,,,,,,,,,,,,,,,,,,,,,,,,,
4636,100248221,sky,293,αἰθέρα,,,,,,,,,,,,,,,,,,,,,,,,,,,,,,,,,,,,,,
4637,100248227,and,293,δ’,,,,,,,,,,,,,,,,,,,,,,,,,,,,,,,,,,,,,,
4638,100248228,stripped,293,ἄμερδε,,,,,,,,,,,,,,,,,,,,,,,,,,,,,,,,,,,,,,
4639,100248226,their,293,ὄσσε,,,,,,,,,,,,,,,,,,,,,,,,,,,,,,,,,,,,,,
4640,100248229,though,293,καὶ,,,,,,,,,,,,,,,,,,,,,,,,,,,,,,,,,,,,,,
4641,100248231,they,293,περ,,,,,,,,,,,,,,,,,,,,,,,,,,,,,,,,,,,,,,
4642,100248230,mighty,293,ἰφθίμων,,,,,,,,,,,,,,,,,,,,,,,,,,,,,,,,,,,,,,
4643,100248232,were,293,ἐόντων,,,,,,,,,,,,,,,,,,,,,,,,,,,,,,,,,,,,,,
4644,100248233,a,293,αὐγὴ,,,,,,,,,,,,,,,,,,,,,,,,,,,,,,,,,,,,,,
4645,100248234,radiance,293,μαρμαίρουσα,,,,,,,,,,,,,,,,,,,,,,,,,,,,,,,,,,,,,,
4646,100248234,flashing,293,μαρμαίρουσα,,,,,,,,,,,,,,,,,,,,,,,,,,,,,,,,,,,,,,
4647,100248235,with,293,κεραυνοῦ,,,,,,,,,,,,,,,,,,,,,,,,,,,,,,,,,,,,,,
4648,100248235,the,293,κεραυνοῦ,,,,,,,,,,,,,,,,,,,,,,,,,,,,,,,,,,,,,,
4649,100248235,light,293,κεραυνοῦ,,,,,,,,,,,,,,,,,,,,,,,,,,,,,,,,,,,,,,
4650,100248236,of,293,τε,,,,,,,,,,,,,,,,,,,,,,,,,,,,,,,,,,,,,,
4651,100248237,thunder,293,στεροπῆς,,,,,,,,,,,,,,,,,,,,,,,,,,,,,,,,,,,,,,
4652,100248238,and,293,τε,,,,,,,,,,,,,,,,,,,,,,,,,,,,,,,,,,,,,,
4653,100248237,lightning,293,στεροπῆς,,,,,,,,,,,,,,,,,,,,,,,,,,,,,,,,,,,,,,
4654,100248240,heat,294,καῦμα,,,,,,,,,,,,,,,,,,,,,,,,,,,,,,,,,,,,,,
4655,100248241,And,294,δὲ,,,,,,,,,,,,,,,,,,,,,,,,,,,,,,,,,,,,,,
4656,100248242,terrible,294,θεσπέσιον,,,,,,,,,,,,,,,,,,,,,,,,,,,,,,,,,,,,,,
4657,100248243,held,294,κάτεχεν,,,,,,,,,,,,,,,,,,,,,,,,,,,,,,,,,,,,,,
4658,100248244,Chaos,294,Χάος,,,,,,,,,,,,,,,,,,,,,,,,,,,,,,,,,,,,,,
4659,100248246,learned,295,εἴσατο,,,,,,,,,,,,,,,,,,,,,,,,,,,,,,,,,,,,,,
4660,100248247,and,295,δ’,,,,,,,,,,,,,,,,,,,,,,,,,,,,,,,,,,,,,,
4661,100248248,to,295,ἄντα,,,,,,,,,,,,,,,,,,,,,,,,,,,,,,,,,,,,,,
4662,100248249,see,295,ὀφθαλμοῖσιν,,,,,,,,,,,,,,,,,,,,,,,,,,,,,,,,,,,,,,
4663,100248250,with,295,ἰδεῖν,,,,,,,,,,,,,,,,,,,,,,,,,,,,,,,,,,,,,,
4664,100248251,his,295,ἠδ’,,,,,,,,,,,,,,,,,,,,,,,,,,,,,,,,,,,,,,
4665,100248252,eyes,295,οὔασι,,,,,,,,,,,,,,,,,,,,,,,,,,,,,,,,,,,,,,
4666,100248253,and,295,ὄσσαν,,,,,,,,,,,,,,,,,,,,,,,,,,,,,,,,,,,,,,
4667,100248254,to,295,ἀκοῦσαι,,,,,,,,,,,,,,,,,,,,,,,,,,,,,,,,,,,,,,
4668,100248255,hear,295,αὔτως,,,,,,,,,,,,,,,,,,,,,,,,,,,,,,,,,,,,,,
4669,100248256,with,295,",",,,,,,,,,,,,,,,,,,,,,,,,,,,,,,,,,,,,,,
4670,100248257,his,295,ὡς,,,,,,,,,,,,,,,,,,,,,,,,,,,,,,,,,,,,,,
4671,100248258,ears,295,εἰ,,,,,,,,,,,,,,,,,,,,,,,,,,,,,,,,,,,,,,
4672,100248259,just,295,Γαῖα,,,,,,,,,,,,,,,,,,,,,,,,,,,,,,,,,,,,,,
4673,100248260,as,295,καὶ,,,,,,,,,,,,,,,,,,,,,,,,,,,,,,,,,,,,,,
4674,100248261,it,295,Οὐρανὸς,,,,,,,,,,,,,,,,,,,,,,,,,,,,,,,,,,,,,,
4675,100248262,was,295,εὐρὺς,,,,,,,,,,,,,,,,,,,,,,,,,,,,,,,,,,,,,,
4676,100248263,for,295,ὕπερθε,,,,,,,,,,,,,,,,,,,,,,,,,,,,,,,,,,,,,,
4677,100248264,Gaia,295,πίλνατο,,,,,,,,,,,,,,,,,,,,,,,,,,,,,,,,,,,,,,
4678,100248265,and,295,.,,,,,,,,,,,,,,,,,,,,,,,,,,,,,,,,,,,,,,
4679,100248266,broad,295,,,,,,,,,,,,,,,,,,,,,,,,,,,,,,,,,,,,,,,
4680,100248267,Heaven,295,,,,,,,,,,,,,,,,,,,,,,,,,,,,,,,,,,,,,,,
4681,100248268,to,295,,,,,,,,,,,,,,,,,,,,,,,,,,,,,,,,,,,,,,,
4682,100248269,be,295,,,,,,,,,,,,,,,,,,,,,,,,,,,,,,,,,,,,,,,
4683,100248270,above,295,,,,,,,,,,,,,,,,,,,,,,,,,,,,,,,,,,,,,,,
4684,100248267,For,296,γάρ,,,,,,,,,,,,,,,,,,,,,,,,,,,,,,,,,,,,,,
4685,100248266,such,296,τοῖος,,,,,,,,,,,,,,,,,,,,,,,,,,,,,,,,,,,,,,
4686,100248269,great,296,μέγας,,,,,,,,,,,,,,,,,,,,,,,,,,,,,,,,,,,,,,
4687,100248271,noise,296,δοῦπος,,,,,,,,,,,,,,,,,,,,,,,,,,,,,,,,,,,,,,
4688,100248268,would,296,κε,,,,,,,,,,,,,,,,,,,,,,,,,,,,,,,,,,,,,,
4689,100248272,rise,296,ὀρώρει,,,,,,,,,,,,,,,,,,,,,,,,,,,,,,,,,,,,,,
4690,100248270,from below,296,ὑπὸ,,,,,,,,,,,,,,,,,,,,,,,,,,,,,,,,,,,,,,
4691,100248273,that,296,τῆς,,,,,,,,,,,,,,,,,,,,,,,,,,,,,,,,,,,,,,
4692,100248275,being struck down,296,ἐρειπομένης,,,,,,,,,,,,,,,,,,,,,,,,,,,,,,,,,,,,,,
4693,100248278,and,296,δ’,,,,,,,,,,,,,,,,,,,,,,,,,,,,,,,,,,,,,,
4694,100248277,that,296,τοῦ,,,,,,,,,,,,,,,,,,,,,,,,,,,,,,,,,,,,,,
4695,100248279,from above,296,ὑψόθεν,,,,,,,,,,,,,,,,,,,,,,,,,,,,,,,,,,,,,,
4696,100248280,striking down,296,ἐξεριπόντος,,,,,,,,,,,,,,,,,,,,,,,,,,,,,,,,,,,,,,
4697,100248282,great,297,τόσσος,,,,,,,,,,,,,,,,,,,,,,,,,,,,,,,,,,,,,,
4698,100248283,noise,297,δοῦπος,,,,,,,,,,,,,,,,,,,,,,,,,,,,,,,,,,,,,,
4699,100248284,arose,297,ἔγεντο,,,,,,,,,,,,,,,,,,,,,,,,,,,,,,,,,,,,,,
4700,100248285,gods,297,θεῶν,,,,,,,,,,,,,,,,,,,,,,,,,,,,,,,,,,,,,,
4701,100248286,strife,297,ἔριδι,,,,,,,,,,,,,,,,,,,,,,,,,,,,,,,,,,,,,,
4702,100248287,assembled,297,ξυνιόντων,,,,,,,,,,,,,,,,,,,,,,,,,,,,,,,,,,,,,,
4703,100248290,And,298,δ’,,,,,,,,,,,,,,,,,,,,,,,,,,,,,,,,,,,,,,
4704,100248291,winds,298,ἄνεμοι,,,,,,,,,,,,,,,,,,,,,,,,,,,,,,,,,,,,,,
4705,100248289,together,298,σὺν,,,,,,,,,,,,,,,,,,,,,,,,,,,,,,,,,,,,,,
4706,100248293,with,298,τε,,,,,,,,,,,,,,,,,,,,,,,,,,,,,,,,,,,,,,
4707,100248292,earth-shaking,298,ἔνοσίν,,,,,,,,,,,,,,,,,,,,,,,,,,,,,,,,,,,,,,
4708,100248294,dust,298,κονίην,,,,,,,,,,,,,,,,,,,,,,,,,,,,,,,,,,,,,,
4709,100248296,were striking,298,ἐσφαράγιζον,,,,,,,,,,,,,,,,,,,,,,,,,,,,,,,,,,,,,,
4710,100248297,the thunder,298,βροντήν,,,,,,,,,,,,,,,,,,,,,,,,,,,,,,,,,,,,,,
4711,100248298,and,298,τε,,,,,,,,,,,,,,,,,,,,,,,,,,,,,,,,,,,,,,
4712,100248299,the lightning,298,στεροπήν,,,,,,,,,,,,,,,,,,,,,,,,,,,,,,,,,,,,,,
4713,100248300,and,298,τε,,,,,,,,,,,,,,,,,,,,,,,,,,,,,,,,,,,,,,
4714,100248301,the,298,καὶ,,,,,,,,,,,,,,,,,,,,,,,,,,,,,,,,,,,,,,
4715,100248302,fiery,298,αἰθαλόεντα,,,,,,,,,,,,,,,,,,,,,,,,,,,,,,,,,,,,,,
4716,100248303,thunderbolt,298,κεραυνόν,,,,,,,,,,,,,,,,,,,,,,,,,,,,,,,,,,,,,,
4717,100248305,the weapons,298,κῆλα,,,,,,,,,,,,,,,,,,,,,,,,,,,,,,,,,,,,,,
4718,100248306,of,298,Διὸς,,,,,,,,,,,,,,,,,,,,,,,,,,,,,,,,,,,,,,
4719,100248307,great Zeus,298,μεγάλοιο,,,,,,,,,,,,,,,,,,,,,,,,,,,,,,,,,,,,,,
4720,100248310,and,298,δ’,,,,,,,,,,,,,,,,,,,,,,,,,,,,,,,,,,,,,,
4721,100248309,they were bearing,298,φέρον,,,,,,,,,,,,,,,,,,,,,,,,,,,,,,,,,,,,,,
4722,100248311,the wailing,298,ἰαχήν,,,,,,,,,,,,,,,,,,,,,,,,,,,,,,,,,,,,,,
4723,100248312,and,298,τ’,,,,,,,,,,,,,,,,,,,,,,,,,,,,,,,,,,,,,,
4724,100248313,the noise,298,ἐνοπήν,,,,,,,,,,,,,,,,,,,,,,,,,,,,,,,,,,,,,,
4725,100248315,into,298,ἐς,,,,,,,,,,,,,,,,,,,,,,,,,,,,,,,,,,,,,,
4726,100248316,the midst,298,μέσον,,,,,,,,,,,,,,,,,,,,,,,,,,,,,,,,,,,,,,
4727,100248317,of both sides,298,ἀμφοτέρων,,,,,,,,,,,,,,,,,,,,,,,,,,,,,,,,,,,,,,
4728,100248319,Winter,299,ὄτοβος,,,,,,,,,,,,,,,,,,,,,,,,,,,,,,,,,,,,,,
4729,100248321,inexorable,299,ἄπλητος,,,,,,,,,,,,,,,,,,,,,,,,,,,,,,,,,,,,,,
4730,100248322,rose,299,ὀρώρει,,,,,,,,,,,,,,,,,,,,,,,,,,,,,,,,,,,,,,
4731,100248323,terrible,299,σμερδαλέης,,,,,,,,,,,,,,,,,,,,,,,,,,,,,,,,,,,,,,
4732,100248324,strife,299,ἔριδος,,,,,,,,,,,,,,,,,,,,,,,,,,,,,,,,,,,,,,
4733,100248326,strength,299,κάρτος,,,,,,,,,,,,,,,,,,,,,,,,,,,,,,,,,,,,,,
4734,100248328,was removed,299,ἀνεφαίνετο,,,,,,,,,,,,,,,,,,,,,,,,,,,,,,,,,,,,,,
4735,100248329,works,299,ἔργων,,,,,,,,,,,,,,,,,,,,,,,,,,,,,,,,,,,,,,
4736,100248331,was turned,300,ἐκλίνθη,,,,,,,,,,,,,,,,,,,,,,,,,,,,,,,,,,,,,,
4737,100248333,battle,300,μάχη,,,,,,,,,,,,,,,,,,,,,,,,,,,,,,,,,,,,,,
4738,100248335,Before,301,πρὶν,,,,,,,,,,,,,,,,,,,,,,,,,,,,,,,,,,,,,,
4739,100248336,they,301,δ’,,,,,,,,,,,,,,,,,,,,,,,,,,,,,,,,,,,,,,
4740,100248337,each,301,ἀλλήλοις,,,,,,,,,,,,,,,,,,,,,,,,,,,,,,,,,,,,,,
4741,100248338,held,301,ἐπέχοντες,,,,,,,,,,,,,,,,,,,,,,,,,,,,,,,,,,,,,,
4742,100248339,firmly,301,ἐμμενέως,,,,,,,,,,,,,,,,,,,,,,,,,,,,,,,,,,,,,,
4743,100248340,fought,301,ἐμάχοντο,,,,,,,,,,,,,,,,,,,,,,,,,,,,,,,,,,,,,,
4744,100248341,with,301,διὰ,,,,,,,,,,,,,,,,,,,,,,,,,,,,,,,,,,,,,,
4745,100248342,violent,301,κρατερὰς,,,,,,,,,,,,,,,,,,,,,,,,,,,,,,,,,,,,,,
4746,100248343,strife,301,ὑσμίνας,,,,,,,,,,,,,,,,,,,,,,,,,,,,,,,,,,,,,,
4747,100248346,And,302,δ’,,,,,,,,,,,,,,,,,,,,,,,,,,,,,,,,,,,,,,
4748,100248345,they,302,οἳ,,,,,,,,,,,,,,,,,,,,,,,,,,,,,,,,,,,,,,
4749,100248347,raised,302,ἄρ’,,,,,,,,,,,,,,,,,,,,,,,,,,,,,,,,,,,,,,
4750,100248348,a,302,ἐνὶ,,,,,,,,,,,,,,,,,,,,,,,,,,,,,,,,,,,,,,
4751,100248349,fierce,302,πρώτοισι,,,,,,,,,,,,,,,,,,,,,,,,,,,,,,,,,,,,,,
4752,100248350,battle,302,μάχην,,,,,,,,,,,,,,,,,,,,,,,,,,,,,,,,,,,,,,
4753,100248351,among,302,δριμεῖαν,,,,,,,,,,,,,,,,,,,,,,,,,,,,,,,,,,,,,,
4754,100248352,the,302,ἔγειραν,,,,,,,,,,,,,,,,,,,,,,,,,,,,,,,,,,,,,,
4755,100248353,firstborn,302,Κόττος,,,,,,,,,,,,,,,,,,,,,,,,,,,,,,,,,,,,,,
4756,100248354,:,302,τε,,,,,,,,,,,,,,,,,,,,,,,,,,,,,,,,,,,,,,
4757,100248355,Cottus,302,Βριάρεώς,,,,,,,,,,,,,,,,,,,,,,,,,,,,,,,,,,,,,,
4758,100248356,Briareos,302,τε,,,,,,,,,,,,,,,,,,,,,,,,,,,,,,,,,,,,,,
4759,100248357,and,302,Γύης,,,,,,,,,,,,,,,,,,,,,,,,,,,,,,,,,,,,,,
4760,100248358,Gaia's,302,τ’,,,,,,,,,,,,,,,,,,,,,,,,,,,,,,,,,,,,,,
4761,100248359,son,302,ἄατος,,,,,,,,,,,,,,,,,,,,,,,,,,,,,,,,,,,,,,
4762,100248360,Aea,302,πολέμοιο,,,,,,,,,,,,,,,,,,,,,,,,,,,,,,,,,,,,,,
4763,100248362,who,302,οἵ,,,,,,,,,,,,,,,,,,,,,,,,,,,,,,,,,,,,,,
4764,100248363,sent,302,ῥα,,,,,,,,,,,,,,,,,,,,,,,,,,,,,,,,,,,,,,
4765,100248364,three,302,τριηκοσίας,,,,,,,,,,,,,,,,,,,,,,,,,,,,,,,,,,,,,,
4766,100248365,hundred,302,πέτρας,,,,,,,,,,,,,,,,,,,,,,,,,,,,,,,,,,,,,,
4767,100248366,huge,302,στιβαρῶν,,,,,,,,,,,,,,,,,,,,,,,,,,,,,,,,,,,,,,
4768,100248367,rocks,302,ἀπὸ,,,,,,,,,,,,,,,,,,,,,,,,,,,,,,,,,,,,,,
4769,100248368,from,302,χειρῶν,,,,,,,,,,,,,,,,,,,,,,,,,,,,,,,,,,,,,,
4770,100248369,their,302,πέμπον,,,,,,,,,,,,,,,,,,,,,,,,,,,,,,,,,,,,,,
4771,100248370,hands,302,ἐπασσυτέρας,,,,,,,,,,,,,,,,,,,,,,,,,,,,,,,,,,,,,,
4772,100248372,even,302,κατὰ,,,,,,,,,,,,,,,,,,,,,,,,,,,,,,,,,,,,,,
4773,100248373,heavier,302,δ’,,,,,,,,,,,,,,,,,,,,,,,,,,,,,,,,,,,,,,
4774,100248374,ones,302,ἐσκίασαν,,,,,,,,,,,,,,,,,,,,,,,,,,,,,,,,,,,,,,
4775,100248375,and,302,βελέεσσι,,,,,,,,,,,,,,,,,,,,,,,,,,,,,,,,,,,,,,
4776,100248376,with,302,Τιτῆνας,,,,,,,,,,,,,,,,,,,,,,,,,,,,,,,,,,,,,,
4777,100248377,their,302,",",,,,,,,,,,,,,,,,,,,,,,,,,,,,,,,,,,,,,,
4778,100248378,missiles,302,καὶ,,,,,,,,,,,,,,,,,,,,,,,,,,,,,,,,,,,,,,
4779,100248379,they,302,τοὺς,,,,,,,,,,,,,,,,,,,,,,,,,,,,,,,,,,,,,,
4780,100248380,cast,302,μὲν,,,,,,,,,,,,,,,,,,,,,,,,,,,,,,,,,,,,,,
4781,100248381,shadows,302,ὑπὸ,,,,,,,,,,,,,,,,,,,,,,,,,,,,,,,,,,,,,,
4782,100248382,over,302,χθονὸς,,,,,,,,,,,,,,,,,,,,,,,,,,,,,,,,,,,,,,
4783,100248383,the,302,εὐρυοδείης,,,,,,,,,,,,,,,,,,,,,,,,,,,,,,,,,,,,,,
4784,100248384,Titans,302,πέμψαν,,,,,,,,,,,,,,,,,,,,,,,,,,,,,,,,,,,,,,
4785,100248385,And,302,καὶ,,,,,,,,,,,,,,,,,,,,,,,,,,,,,,,,,,,,,,
4786,100248386,they,302,δεσμοῖσιν,,,,,,,,,,,,,,,,,,,,,,,,,,,,,,,,,,,,,,
4787,100248387,sent,302,ἐν,,,,,,,,,,,,,,,,,,,,,,,,,,,,,,,,,,,,,,
4788,100248388,them,302,ἀργαλέοισιν,,,,,,,,,,,,,,,,,,,,,,,,,,,,,,,,,,,,,,
4789,100248389,under,302,ἔδησαν,,,,,,,,,,,,,,,,,,,,,,,,,,,,,,,,,,,,,,
4790,100248390,the,302,χερσὶν,,,,,,,,,,,,,,,,,,,,,,,,,,,,,,,,,,,,,,
4791,100248391,broad-bosomed,302,νικήσαντες,,,,,,,,,,,,,,,,,,,,,,,,,,,,,,,,,,,,,,
4792,100248392,earth,302,ὑπερθύμους,,,,,,,,,,,,,,,,,,,,,,,,,,,,,,,,,,,,,,
4793,100248393,and,302,περ,,,,,,,,,,,,,,,,,,,,,,,,,,,,,,,,,,,,,,
4794,100248394,having,302,ἐόντας,,,,,,,,,,,,,,,,,,,,,,,,,,,,,,,,,,,,,,
4795,100248395,conquered,302,",",,,,,,,,,,,,,,,,,,,,,,,,,,,,,,,,,,,,,,
4796,100248396,them,302,τόσσον,,,,,,,,,,,,,,,,,,,,,,,,,,,,,,,,,,,,,,
4797,100248397,in,302,ἔνερθ’,,,,,,,,,,,,,,,,,,,,,,,,,,,,,,,,,,,,,,
4798,100248398,their,302,ὑπὸ,,,,,,,,,,,,,,,,,,,,,,,,,,,,,,,,,,,,,,
4799,100248399,hands,302,γῆς,,,,,,,,,,,,,,,,,,,,,,,,,,,,,,,,,,,,,,
4800,100248400,bound,302,",",,,,,,,,,,,,,,,,,,,,,,,,,,,,,,,,,,,,,,
4801,100248401,them,302,ὅσον,,,,,,,,,,,,,,,,,,,,,,,,,,,,,,,,,,,,,,
4802,100248402,with,302,οὐρανός,,,,,,,,,,,,,,,,,,,,,,,,,,,,,,,,,,,,,,
4803,100248403,heavy,302,ἐστ’,,,,,,,,,,,,,,,,,,,,,,,,,,,,,,,,,,,,,,
4804,100248404,chains,302,ἀπὸ,,,,,,,,,,,,,,,,,,,,,,,,,,,,,,,,,,,,,,
4805,100248405,so,302,γαίης,,,,,,,,,,,,,,,,,,,,,,,,,,,,,,,,,,,,,,
4806,100248406,deep,302,.,,,,,,,,,,,,,,,,,,,,,,,,,,,,,,,,,,,,,,
4807,100248407,beneath,302,,,,,,,,,,,,,,,,,,,,,,,,,,,,,,,,,,,,,,,
4808,100248408,the,302,,,,,,,,,,,,,,,,,,,,,,,,,,,,,,,,,,,,,,,
4809,100248409,earth,302,,,,,,,,,,,,,,,,,,,,,,,,,,,,,,,,,,,,,,,
4810,100248410,as,302,,,,,,,,,,,,,,,,,,,,,,,,,,,,,,,,,,,,,,,
4811,100248411,the,302,,,,,,,,,,,,,,,,,,,,,,,,,,,,,,,,,,,,,,,
4812,100248412,sky,302,,,,,,,,,,,,,,,,,,,,,,,,,,,,,,,,,,,,,,,
4813,100248413,is,302,,,,,,,,,,,,,,,,,,,,,,,,,,,,,,,,,,,,,,,
4814,100248414,from,302,,,,,,,,,,,,,,,,,,,,,,,,,,,,,,,,,,,,,,,
4815,100248415,the,302,,,,,,,,,,,,,,,,,,,,,,,,,,,,,,,,,,,,,,,
4816,100248416,ground,302,,,,,,,,,,,,,,,,,,,,,,,,,,,,,,,,,,,,,,,
4817,100248408,For,303,γάρ,,,,,,,,,,,,,,,,,,,,,,,,,,,,,,,,,,,,,,
4818,100248407,so,303,τόσσον,,,,,,,,,,,,,,,,,,,,,,,,,,,,,,,,,,,,,,
4819,100248410,far,303,ἀπὸ,,,,,,,,,,,,,,,,,,,,,,,,,,,,,,,,,,,,,,
4820,100248411,from,303,γῆς,,,,,,,,,,,,,,,,,,,,,,,,,,,,,,,,,,,,,,
4821,100248412,the,303,ἐς,,,,,,,,,,,,,,,,,,,,,,,,,,,,,,,,,,,,,,
4822,100248413,earth,303,Τάρταρον,,,,,,,,,,,,,,,,,,,,,,,,,,,,,,,,,,,,,,
4823,100248414,to,303,ἠερόεντα,,,,,,,,,,,,,,,,,,,,,,,,,,,,,,,,,,,,,,
4824,100248415,misty,303,.,,,,,,,,,,,,,,,,,,,,,,,,,,,,,,,,,,,,,,
4825,100248416,Tartarus,303,,,,,,,,,,,,,,,,,,,,,,,,,,,,,,,,,,,,,,,
4826,100248417,For,304,γὰρ,,,,,,,,,,,,,,,,,,,,,,,,,,,,,,,,,,,,,,
4827,100248416,nine,304,ἐννέα,,,,,,,,,,,,,,,,,,,,,,,,,,,,,,,,,,,,,,
4828,100248418,nights,304,νύκτας,,,,,,,,,,,,,,,,,,,,,,,,,,,,,,,,,,,,,,
4829,100248419,and,304,τε,,,,,,,,,,,,,,,,,,,,,,,,,,,,,,,,,,,,,,
4830,100248420,and,304,καὶ,,,,,,,,,,,,,,,,,,,,,,,,,,,,,,,,,,,,,,
4831,100248421,days,304,ἤματα,,,,,,,,,,,,,,,,,,,,,,,,,,,,,,,,,,,,,,
4832,100248422,bronze,304,χάλκεος,,,,,,,,,,,,,,,,,,,,,,,,,,,,,,,,,,,,,,
4833,100248423,anvil,304,ἄκμων,,,,,,,,,,,,,,,,,,,,,,,,,,,,,,,,,,,,,,
4834,100248424,from,304,οὐρανόθεν,,,,,,,,,,,,,,,,,,,,,,,,,,,,,,,,,,,,,,
4835,100248424,heaven,304,οὐρανόθεν,,,,,,,,,,,,,,,,,,,,,,,,,,,,,,,,,,,,,,
4836,100248425,falling,304,κατιὼν,,,,,,,,,,,,,,,,,,,,,,,,,,,,,,,,,,,,,,
4837,100248426,ten,304,δεκάτῃ,,,,,,,,,,,,,,,,,,,,,,,,,,,,,,,,,,,,,,
4838,100248427,would,304,κ’,,,,,,,,,,,,,,,,,,,,,,,,,,,,,,,,,,,,,,
4839,100248428,reach,304,ἐς,,,,,,,,,,,,,,,,,,,,,,,,,,,,,,,,,,,,,,
4840,100248429,earth,304,γαῖαν,,,,,,,,,,,,,,,,,,,,,,,,,,,,,,,,,,,,,,
4841,100248432,nine,305,ἐννέα,,,,,,,,,,,,,,,,,,,,,,,,,,,,,,,,,,,,,,
4842,100248433,and,305,δ’,,,,,,,,,,,,,,,,,,,,,,,,,,,,,,,,,,,,,,
4843,100248434,nights,305,αὖ,,,,,,,,,,,,,,,,,,,,,,,,,,,,,,,,,,,,,,
4844,100248435,nights,305,νύκτας,,,,,,,,,,,,,,,,,,,,,,,,,,,,,,,,,,,,,,
4845,100248436,and,305,τε,,,,,,,,,,,,,,,,,,,,,,,,,,,,,,,,,,,,,,
4846,100248437,and,305,καὶ,,,,,,,,,,,,,,,,,,,,,,,,,,,,,,,,,,,,,,
4847,100248438,days,305,ἤματα,,,,,,,,,,,,,,,,,,,,,,,,,,,,,,,,,,,,,,
4848,100248439,of bronze,305,χάλκεος,,,,,,,,,,,,,,,,,,,,,,,,,,,,,,,,,,,,,,
4849,100248440,anvil,305,ἄκμων,,,,,,,,,,,,,,,,,,,,,,,,,,,,,,,,,,,,,,
4850,100248441,from,305,ἐκ,,,,,,,,,,,,,,,,,,,,,,,,,,,,,,,,,,,,,,
4851,100248442,earth,305,γαίης,,,,,,,,,,,,,,,,,,,,,,,,,,,,,,,,,,,,,,
4852,100248443,descending,305,κατιὼν,,,,,,,,,,,,,,,,,,,,,,,,,,,,,,,,,,,,,,
4853,100248444,tenth,305,δεκάτῃ,,,,,,,,,,,,,,,,,,,,,,,,,,,,,,,,,,,,,,
4854,100248445,day,305,κ’,,,,,,,,,,,,,,,,,,,,,,,,,,,,,,,,,,,,,,
4855,100248446,into,305,ἐς,,,,,,,,,,,,,,,,,,,,,,,,,,,,,,,,,,,,,,
4856,100248447,Tartarus,305,Τάρταρον,,,,,,,,,,,,,,,,,,,,,,,,,,,,,,,,,,,,,,
4857,100248448,reach,305,ἵκοι,,,,,,,,,,,,,,,,,,,,,,,,,,,,,,,,,,,,,,
4858,100248450,him,306,τὸν,,,,,,,,,,,,,,,,,,,,,,,,,,,,,,,,,,,,,,
4859,100248451,around,306,πέρι,,,,,,,,,,,,,,,,,,,,,,,,,,,,,,,,,,,,,,
4860,100248452,brazen,306,χάλκεον,,,,,,,,,,,,,,,,,,,,,,,,,,,,,,,,,,,,,,
4861,100248453,fence,306,ἕρκος,,,,,,,,,,,,,,,,,,,,,,,,,,,,,,,,,,,,,,
4862,100248454,has been driven,306,ἐλήλαται,,,,,,,,,,,,,,,,,,,,,,,,,,,,,,,,,,,,,,
4863,100248459,Night,307,νὺξ,,,,,,,,,,,,,,,,,,,,,,,,,,,,,,,,,,,,,,
4864,100248461,is poured,307,κέχυται,,,,,,,,,,,,,,,,,,,,,,,,,,,,,,,,,,,,,,
4865,100248456,around,307,ἀμφὶ,,,,,,,,,,,,,,,,,,,,,,,,,,,,,,,,,,,,,,
4866,100248458,him,307,μιν,,,,,,,,,,,,,,,,,,,,,,,,,,,,,,,,,,,,,,
4867,100248460,threefold,307,τριστοιχεὶ,,,,,,,,,,,,,,,,,,,,,,,,,,,,,,,,,,,,,,
4868,100248460,elements,307,τριστοιχεὶ,,,,,,,,,,,,,,,,,,,,,,,,,,,,,,,,,,,,,,
4869,100248462,about,307,περὶ,,,,,,,,,,,,,,,,,,,,,,,,,,,,,,,,,,,,,,
4870,100248463,neck,307,δειρήν,,,,,,,,,,,,,,,,,,,,,,,,,,,,,,,,,,,,,,
4871,100248465,But,308,αὐτὰρ,,,,,,,,,,,,,,,,,,,,,,,,,,,,,,,,,,,,,,
4872,100248466,above,308,ὕπερθεν,,,,,,,,,,,,,,,,,,,,,,,,,,,,,,,,,,,,,,
4873,100248467,the earth,308,γῆς,,,,,,,,,,,,,,,,,,,,,,,,,,,,,,,,,,,,,,
4874,100248470,and,308,καὶ,,,,,,,,,,,,,,,,,,,,,,,,,,,,,,,,,,,,,,
4875,100248468,roots,308,ῥίζαι,,,,,,,,,,,,,,,,,,,,,,,,,,,,,,,,,,,,,,
4876,100248469,have grown,308,πεφύασι,,,,,,,,,,,,,,,,,,,,,,,,,,,,,,,,,,,,,,
4877,100248471,unploughed,308,ἀτρυγέτοιο,,,,,,,,,,,,,,,,,,,,,,,,,,,,,,,,,,,,,,
4878,100248472,the sea,308,θαλάσσης,,,,,,,,,,,,,,,,,,,,,,,,,,,,,,,,,,,,,,
4879,100248474,There,309,ἔνθα,,,,,,,,,,,,,,,,,,,,,,,,,,,,,,,,,,,,,,
4880,100248475,Titans,309,θεοὶ,,,,,,,,,,,,,,,,,,,,,,,,,,,,,,,,,,,,,,
4881,100248476,Titans,309,Τιτῆνες,,,,,,,,,,,,,,,,,,,,,,,,,,,,,,,,,,,,,,
4882,100248480,are hidden,309,κεκρύφαται,,,,,,,,,,,,,,,,,,,,,,,,,,,,,,,,,,,,,,
4883,100248477,beneath,309,ὑπὸ,,,,,,,,,,,,,,,,,,,,,,,,,,,,,,,,,,,,,,
4884,100248478,gloomy,309,ζόφῳ,,,,,,,,,,,,,,,,,,,,,,,,,,,,,,,,,,,,,,
4885,100248479,mist,309,ἠερόεντι,,,,,,,,,,,,,,,,,,,,,,,,,,,,,,,,,,,,,,
4886,100248481,by the counsels,309,βουλῇσι,,,,,,,,,,,,,,,,,,,,,,,,,,,,,,,,,,,,,,
4887,100248482,of Zeus,309,Διὸς,,,,,,,,,,,,,,,,,,,,,,,,,,,,,,,,,,,,,,
4888,100248483,cloud-gatherer,309,νεφεληγερέταο,,,,,,,,,,,,,,,,,,,,,,,,,,,,,,,,,,,,,,
4889,100248485,in,309,ἐν,,,,,,,,,,,,,,,,,,,,,,,,,,,,,,,,,,,,,,
4890,100248484,place,309,χώρῳ,,,,,,,,,,,,,,,,,,,,,,,,,,,,,,,,,,,,,,
4891,100248486,misty,309,εὐρώεντι,,,,,,,,,,,,,,,,,,,,,,,,,,,,,,,,,,,,,,
4892,100248488,vast,309,πελώρης,,,,,,,,,,,,,,,,,,,,,,,,,,,,,,,,,,,,,,
4893,100248489,bounds,309,ἔσχατα,,,,,,,,,,,,,,,,,,,,,,,,,,,,,,,,,,,,,,
4894,100248490,earth,309,γαίης,,,,,,,,,,,,,,,,,,,,,,,,,,,,,,,,,,,,,,
4895,100248492,them,310,τοῖς,,,,,,,,,,,,,,,,,,,,,,,,,,,,,,,,,,,,,,
4896,100248493,not,310,οὐκ,,,,,,,,,,,,,,,,,,,,,,,,,,,,,,,,,,,,,,
4897,100248494,possible,310,ἐξιτόν,,,,,,,,,,,,,,,,,,,,,,,,,,,,,,,,,,,,,,
4898,100248495,is,310,ἐστι,,,,,,,,,,,,,,,,,,,,,,,,,,,,,,,,,,,,,,
4899,100248497,doors,311,θύρας,,,,,,,,,,,,,,,,,,,,,,,,,,,,,,,,,,,,,,
4900,100248498,And,311,δ’,,,,,,,,,,,,,,,,,,,,,,,,,,,,,,,,,,,,,,
4901,100248499,set up,311,ἐπέθηκε,,,,,,,,,,,,,,,,,,,,,,,,,,,,,,,,,,,,,,
4902,100248500,Poseidon,311,Ποσειδέων,,,,,,,,,,,,,,,,,,,,,,,,,,,,,,,,,,,,,,
4903,100248501,bronze,311,χαλκείας,,,,,,,,,,,,,,,,,,,,,,,,,,,,,,,,,,,,,,
4904,100248503,wall,311,τεῖχος,,,,,,,,,,,,,,,,,,,,,,,,,,,,,,,,,,,,,,
4905,100248504,and,311,δὲ,,,,,,,,,,,,,,,,,,,,,,,,,,,,,,,,,,,,,,
4906,100248505,surrounds,311,περοίχεται,,,,,,,,,,,,,,,,,,,,,,,,,,,,,,,,,,,,,,
4907,100248506,both,311,ἀμφοτέρωθεν,,,,,,,,,,,,,,,,,,,,,,,,,,,,,,,,,,,,,,
4908,100248508,There,312,ἔνθα,,,,,,,,,,,,,,,,,,,,,,,,,,,,,,,,,,,,,,
4909,100248509,Gyges,312,Γύης,,,,,,,,,,,,,,,,,,,,,,,,,,,,,,,,,,,,,,
4910,100248510,Cottus,312,Κόττος,,,,,,,,,,,,,,,,,,,,,,,,,,,,,,,,,,,,,,
4911,100248511,and,312,τε,,,,,,,,,,,,,,,,,,,,,,,,,,,,,,,,,,,,,,
4912,100248512,and,312,καὶ,,,,,,,,,,,,,,,,,,,,,,,,,,,,,,,,,,,,,,
4913,100248513,Briareus,312,Ὀβριάρεως,,,,,,,,,,,,,,,,,,,,,,,,,,,,,,,,,,,,,,
4914,100248514,great-hearted,312,μεγάθυμος,,,,,,,,,,,,,,,,,,,,,,,,,,,,,,,,,,,,,,
4915,100248515,dwell,312,ναίουσιν,,,,,,,,,,,,,,,,,,,,,,,,,,,,,,,,,,,,,,
4916,100248517,guardians,312,φύλακες,,,,,,,,,,,,,,,,,,,,,,,,,,,,,,,,,,,,,,
4917,100248518,faithful,312,πιστοὶ,,,,,,,,,,,,,,,,,,,,,,,,,,,,,,,,,,,,,,
4918,100248519,Zeus,312,Διὸς,,,,,,,,,,,,,,,,,,,,,,,,,,,,,,,,,,,,,,
4919,100248520,aegis,312,αἰγιόχοιο,,,,,,,,,,,,,,,,,,,,,,,,,,,,,,,,,,,,,,
4920,100248522,There,313,ἔνθα,,,,,,,,,,,,,,,,,,,,,,,,,,,,,,,,,,,,,,
4921,100248523,the,313,δὲ,,,,,,,,,,,,,,,,,,,,,,,,,,,,,,,,,,,,,,
4922,100248537,sources,313,πηγαὶ,,,,,,,,,,,,,,,,,,,,,,,,,,,,,,,,,,,,,,
4923,100248539,limits,313,πείρατ’,,,,,,,,,,,,,,,,,,,,,,,,,,,,,,,,,,,,,,
4924,100248540,lie,313,ἔασιν,,,,,,,,,,,,,,,,,,,,,,,,,,,,,,,,,,,,,,
4925,100248524,of the,313,γῆς,,,,,,,,,,,,,,,,,,,,,,,,,,,,,,,,,,,,,,
4926,100248525,misty,313,δνοφερῆς,,,,,,,,,,,,,,,,,,,,,,,,,,,,,,,,,,,,,,
4927,100248526,and,313,καὶ,,,,,,,,,,,,,,,,,,,,,,,,,,,,,,,,,,,,,,
4928,100248527,of Tartarus,313,Ταρτάρου,,,,,,,,,,,,,,,,,,,,,,,,,,,,,,,,,,,,,,
4929,100248528,the,313,ἠερόεντος,,,,,,,,,,,,,,,,,,,,,,,,,,,,,,,,,,,,,,
4930,100248529,misty,313,πόντου,,,,,,,,,,,,,,,,,,,,,,,,,,,,,,,,,,,,,,
4931,100248530,sea,313,τ’,,,,,,,,,,,,,,,,,,,,,,,,,,,,,,,,,,,,,,
4932,100248531,and,313,ἀτρυγέτοιο,,,,,,,,,,,,,,,,,,,,,,,,,,,,,,,,,,,,,,
4933,100248533,of the,313,οὐρανοῦ,,,,,,,,,,,,,,,,,,,,,,,,,,,,,,,,,,,,,,
4934,100248534,starry,313,ἀστερόεντος,,,,,,,,,,,,,,,,,,,,,,,,,,,,,,,,,,,,,,
4935,100248535,sky,313,ἑξείης,,,,,,,,,,,,,,,,,,,,,,,,,,,,,,,,,,,,,,
4936,100248536,which,313,πάντων,,,,,,,,,,,,,,,,,,,,,,,,,,,,,,,,,,,,,,
4937,100248544,the,313,τά,,,,,,,,,,,,,,,,,,,,,,,,,,,,,,,,,,,,,,
4938,100248547,gods,313,θεοί,,,,,,,,,,,,,,,,,,,,,,,,,,,,,,,,,,,,,,
4939,100248548,themselves,313,περ,,,,,,,,,,,,,,,,,,,,,,,,,,,,,,,,,,,,,,
4940,100248546,detest,313,στυγέουσι,,,,,,,,,,,,,,,,,,,,,,,,,,,,,,,,,,,,,,
4941,100248550,a,313,χάσμα,,,,,,,,,,,,,,,,,,,,,,,,,,,,,,,,,,,,,,
4942,100248551,great,313,μέγ’,,,,,,,,,,,,,,,,,,,,,,,,,,,,,,,,,,,,,,
4943,100248553,nor,313,οὐ,,,,,,,,,,,,,,,,,,,,,,,,,,,,,,,,,,,,,,
4944,100248555,would,313,κε,,,,,,,,,,,,,,,,,,,,,,,,,,,,,,,,,,,,,,
4945,100248556,any,313,πάντα,,,,,,,,,,,,,,,,,,,,,,,,,,,,,,,,,,,,,,
4946,100248561,reach,313,ἵκοιτ’,,,,,,,,,,,,,,,,,,,,,,,,,,,,,,,,,,,,,,
4947,100248557,accomplish,313,τελεσφόρον,,,,,,,,,,,,,,,,,,,,,,,,,,,,,,,,,,,,,,
4948,100248558,his,313,εἰς,,,,,,,,,,,,,,,,,,,,,,,,,,,,,,,,,,,,,,
4949,100248559,journey,313,ἐνιαυτὸν,,,,,,,,,,,,,,,,,,,,,,,,,,,,,,,,,,,,,,
4950,100248556,in,313,πάντα,,,,,,,,,,,,,,,,,,,,,,,,,,,,,,,,,,,,,,
4951,100248563,if,313,εἰ,,,,,,,,,,,,,,,,,,,,,,,,,,,,,,,,,,,,,,
4952,100248564,he,313,πρῶτα,,,,,,,,,,,,,,,,,,,,,,,,,,,,,,,,,,,,,,
4953,100248566,were,313,ἔντοσθε,,,,,,,,,,,,,,,,,,,,,,,,,,,,,,,,,,,,,,
4954,100248567,to,313,γένοιτο,,,,,,,,,,,,,,,,,,,,,,,,,,,,,,,,,,,,,,
4955,100248565,arrive,313,πυλέων,,,,,,,,,,,,,,,,,,,,,,,,,,,,,,,,,,,,,,
4956,100248566,first,313,ἔντοσθε,,,,,,,,,,,,,,,,,,,,,,,,,,,,,,,,,,,,,,
4957,100248566,within,313,ἔντοσθε,,,,,,,,,,,,,,,,,,,,,,,,,,,,,,,,,,,,,,
4958,100248565,the,313,πυλέων,,,,,,,,,,,,,,,,,,,,,,,,,,,,,,,,,,,,,,
4959,100248565,gates,313,πυλέων,,,,,,,,,,,,,,,,,,,,,,,,,,,,,,,,,,,,,,
4960,100248569,but,313,ἀλλά,,,,,,,,,,,,,,,,,,,,,,,,,,,,,,,,,,,,,,
4961,100248570,a,313,κεν,,,,,,,,,,,,,,,,,,,,,,,,,,,,,,,,,,,,,,
4962,100248578,hard,313,ἀργαλέη,,,,,,,,,,,,,,,,,,,,,,,,,,,,,,,,,,,,,,
4963,100248576,gale,313,θύελλα,,,,,,,,,,,,,,,,,,,,,,,,,,,,,,,,,,,,,,
4964,100248574,would,313,φέροι,,,,,,,,,,,,,,,,,,,,,,,,,,,,,,,,,,,,,,
4965,100248575,carry,313,πρὸ,,,,,,,,,,,,,,,,,,,,,,,,,,,,,,,,,,,,,,
4966,100248571,him,313,ἔνθα,,,,,,,,,,,,,,,,,,,,,,,,,,,,,,,,,,,,,,
4967,100248573,here,313,ἔνθα,,,,,,,,,,,,,,,,,,,,,,,,,,,,,,,,,,,,,,
4968,100248573,and,313,ἔνθα,,,,,,,,,,,,,,,,,,,,,,,,,,,,,,,,,,,,,,
4969,100248573,there,313,ἔνθα,,,,,,,,,,,,,,,,,,,,,,,,,,,,,,,,,,,,,,
4970,100248577,gale,313,θυέλλῃ,,,,,,,,,,,,,,,,,,,,,,,,,,,,,,,,,,,,,,
4971,100248578,after,313,ἀργαλέη,,,,,,,,,,,,,,,,,,,,,,,,,,,,,,,,,,,,,,
4972,100248577,gale,313,θυέλλῃ,,,,,,,,,,,,,,,,,,,,,,,,,,,,,,,,,,,,,,
4973,100248585,This,314,τοῦτο,,,,,,,,,,,,,,,,,,,,,,,,,,,,,,,,,,,,,,
4974,100248586,omen,314,τέρας,,,,,,,,,,,,,,,,,,,,,,,,,,,,,,,,,,,,,,
4975,100248580,terrible,314,δεινὸν,,,,,,,,,,,,,,,,,,,,,,,,,,,,,,,,,,,,,,
4976,100248581,even,314,δὲ,,,,,,,,,,,,,,,,,,,,,,,,,,,,,,,,,,,,,,
4977,100248583,immortal,314,ἀθανάτοισι,,,,,,,,,,,,,,,,,,,,,,,,,,,,,,,,,,,,,,
4978,100248584,gods,314,θεοῖσι,,,,,,,,,,,,,,,,,,,,,,,,,,,,,,,,,,,,,,
4979,100248589,And,315,δ’,,,,,,,,,,,,,,,,,,,,,,,,,,,,,,,,,,,,,,
4980,100248591,house,315,οἰκία,,,,,,,,,,,,,,,,,,,,,,,,,,,,,,,,,,,,,,
4981,100248592,fearful,315,δεινὰ,,,,,,,,,,,,,,,,,,,,,,,,,,,,,,,,,,,,,,
4982,100248588,of,315,Νυκτὸς,,,,,,,,,,,,,,,,,,,,,,,,,,,,,,,,,,,,,,
4983,100248590,dark,315,ἐρεβεννῆς,,,,,,,,,,,,,,,,,,,,,,,,,,,,,,,,,,,,,,
4984,100248588,Night,315,Νυκτὸς,,,,,,,,,,,,,,,,,,,,,,,,,,,,,,,,,,,,,,
4985,100248593,stands,315,ἕστηκεν,,,,,,,,,,,,,,,,,,,,,,,,,,,,,,,,,,,,,,
4986,100248595,covered,315,κεκαλυμμένα,,,,,,,,,,,,,,,,,,,,,,,,,,,,,,,,,,,,,,
4987,100248596,dark,315,κυανέῃσιν,,,,,,,,,,,,,,,,,,,,,,,,,,,,,,,,,,,,,,
4988,100248594,clouds,315,νεφέλῃς,,,,,,,,,,,,,,,,,,,,,,,,,,,,,,,,,,,,,,
4989,100248598,these,316,τῶν,,,,,,,,,,,,,,,,,,,,,,,,,,,,,,,,,,,,,,
4990,100248599,Before,316,πρόσθ’,,,,,,,,,,,,,,,,,,,,,,,,,,,,,,,,,,,,,,
4991,100248600,of Iapetus,316,Ἰαπετοῖο,,,,,,,,,,,,,,,,,,,,,,,,,,,,,,,,,,,,,,
4992,100248601,son,316,πάις,,,,,,,,,,,,,,,,,,,,,,,,,,,,,,,,,,,,,,
4993,100248602,holds,316,ἔχει,,,,,,,,,,,,,,,,,,,,,,,,,,,,,,,,,,,,,,
4994,100248603,sky,316,οὐρανὸν,,,,,,,,,,,,,,,,,,,,,,,,,,,,,,,,,,,,,,
4995,100248604,broad,316,εὐρὺν,,,,,,,,,,,,,,,,,,,,,,,,,,,,,,,,,,,,,,
4996,100248605,standing,316,ἑστηὼς,,,,,,,,,,,,,,,,,,,,,,,,,,,,,,,,,,,,,,
4997,100248606,firm,316,κεφαλῇ,,,,,,,,,,,,,,,,,,,,,,,,,,,,,,,,,,,,,,
4998,100248607,and,316,τε,,,,,,,,,,,,,,,,,,,,,,,,,,,,,,,,,,,,,,
4999,100248608,and,316,καὶ,,,,,,,,,,,,,,,,,,,,,,,,,,,,,,,,,,,,,,
5000,100248609,tireless,316,ἀκαμάτῃσι,,,,,,,,,,,,,,,,,,,,,,,,,,,,,,,,,,,,,,
5001,100248610,hands,316,χέρεσσιν,,,,,,,,,,,,,,,,,,,,,,,,,,,,,,,,,,,,,,
5002,100248611,without wavering,316,ἀστεμφέως,,,,,,,,,,,,,,,,,,,,,,,,,,,,,,,,,,,,,,
5003,100248613,where,316,ὅθι,,,,,,,,,,,,,,,,,,,,,,,,,,,,,,,,,,,,,,
5004,100248614,Night,316,Νύξ,,,,,,,,,,,,,,,,,,,,,,,,,,,,,,,,,,,,,,
5005,100248615,and,316,τε,,,,,,,,,,,,,,,,,,,,,,,,,,,,,,,,,,,,,,
5006,100248616,and,316,καὶ,,,,,,,,,,,,,,,,,,,,,,,,,,,,,,,,,,,,,,
5007,100248617,Day,316,Ἡμέρη,,,,,,,,,,,,,,,,,,,,,,,,,,,,,,,,,,,,,,
5008,100248618,close,316,ἆσσον,,,,,,,,,,,,,,,,,,,,,,,,,,,,,,,,,,,,,,
5009,100248619,coming,316,ἰοῦσαι,,,,,,,,,,,,,,,,,,,,,,,,,,,,,,,,,,,,,,
5010,100248620,each other,316,ἀλλήλας,,,,,,,,,,,,,,,,,,,,,,,,,,,,,,,,,,,,,,
5011,100248621,speak,316,προσέειπον,,,,,,,,,,,,,,,,,,,,,,,,,,,,,,,,,,,,,,
5012,100248623,exchanging,316,ἀμειβόμεναι,,,,,,,,,,,,,,,,,,,,,,,,,,,,,,,,,,,,,,
5013,100248624,great,316,μέγαν,,,,,,,,,,,,,,,,,,,,,,,,,,,,,,,,,,,,,,
5014,100248625,threshold,316,οὐδὸν,,,,,,,,,,,,,,,,,,,,,,,,,,,,,,,,,,,,,,
5015,100248626,bronze,316,χάλκεον,,,,,,,,,,,,,,,,,,,,,,,,,,,,,,,,,,,,,,
5016,100248628,One,317,ἣ,,,,,,,,,,,,,,,,,,,,,,,,,,,,,,,,,,,,,,
5017,100248629,of them,317,μὲν,,,,,,,,,,,,,,,,,,,,,,,,,,,,,,,,,,,,,,
5018,100248630,inside,317,ἔσω,,,,,,,,,,,,,,,,,,,,,,,,,,,,,,,,,,,,,,
5019,100248631,goes down,317,καταβήσεται,,,,,,,,,,,,,,,,,,,,,,,,,,,,,,,,,,,,,,
5020,100248633,the other,317,ἣ,,,,,,,,,,,,,,,,,,,,,,,,,,,,,,,,,,,,,,
5021,100248634,but,317,δὲ,,,,,,,,,,,,,,,,,,,,,,,,,,,,,,,,,,,,,,
5022,100248635,through the doors,317,θύραζε,,,,,,,,,,,,,,,,,,,,,,,,,,,,,,,,,,,,,,
5023,100248636,goes,317,ἔρχεται,,,,,,,,,,,,,,,,,,,,,,,,,,,,,,,,,,,,,,
5024,100248638,not,317,οὐ,,,,,,,,,,,,,,,,,,,,,,,,,,,,,,,,,,,,,,
5025,100248639,,317,-δέ,,,,,,,,,,,,,,,,,,,,,,,,,,,,,,,,,,,,,,
5026,100248640,ever,317,ποτ’,,,,,,,,,,,,,,,,,,,,,,,,,,,,,,,,,,,,,,
5027,100248641,both,317,ἀμφοτέρας,,,,,,,,,,,,,,,,,,,,,,,,,,,,,,,,,,,,,,
5028,100248642,of them,317,δόμος,,,,,,,,,,,,,,,,,,,,,,,,,,,,,,,,,,,,,,
5029,100248643,within,317,ἐντὸς,,,,,,,,,,,,,,,,,,,,,,,,,,,,,,,,,,,,,,
5030,100248644,keep,317,ἐέργει,,,,,,,,,,,,,,,,,,,,,,,,,,,,,,,,,,,,,,
5031,100248646,but,317,ἀλλ’,,,,,,,,,,,,,,,,,,,,,,,,,,,,,,,,,,,,,,
5032,100248647,always,317,αἰεὶ,,,,,,,,,,,,,,,,,,,,,,,,,,,,,,,,,,,,,,
5033,100248648,one,317,ἑτέρη,,,,,,,,,,,,,,,,,,,,,,,,,,,,,,,,,,,,,,
5034,100248649,,317,γε,,,,,,,,,,,,,,,,,,,,,,,,,,,,,,,,,,,,,,
5035,100248650,,317,δόμων,,,,,,,,,,,,,,,,,,,,,,,,,,,,,,,,,,,,,,
5036,100248651,outside,317,ἔκτοσθεν,,,,,,,,,,,,,,,,,,,,,,,,,,,,,,,,,,,,,,
5037,100248652,being,317,ἐοῦσα,,,,,,,,,,,,,,,,,,,,,,,,,,,,,,,,,,,,,,
5038,100248653,the earth,317,γαῖαν,,,,,,,,,,,,,,,,,,,,,,,,,,,,,,,,,,,,,,
5039,100248654,turns,317,ἐπιστρέφεται,,,,,,,,,,,,,,,,,,,,,,,,,,,,,,,,,,,,,,
5040,100248656,while the other,317,ἣ,,,,,,,,,,,,,,,,,,,,,,,,,,,,,,,,,,,,,,
5041,100248657,,317,δ’,,,,,,,,,,,,,,,,,,,,,,,,,,,,,,,,,,,,,,
5042,100248658,,317,αὖ,,,,,,,,,,,,,,,,,,,,,,,,,,,,,,,,,,,,,,
5043,100248659,of the house,317,δόμου,,,,,,,,,,,,,,,,,,,,,,,,,,,,,,,,,,,,,,
5044,100248660,inside,317,ἐντὸς,,,,,,,,,,,,,,,,,,,,,,,,,,,,,,,,,,,,,,
5045,100248661,being,317,ἐοῦσα,,,,,,,,,,,,,,,,,,,,,,,,,,,,,,,,,,,,,,
5046,100248662,remains,317,μίμνει,,,,,,,,,,,,,,,,,,,,,,,,,,,,,,,,,,,,,,
5047,100248663,the,317,τὴν,,,,,,,,,,,,,,,,,,,,,,,,,,,,,,,,,,,,,,
5048,100248664,her own,317,αὐτῆς,,,,,,,,,,,,,,,,,,,,,,,,,,,,,,,,,,,,,,
5049,100248665,appointed time,317,ὥρην,,,,,,,,,,,,,,,,,,,,,,,,,,,,,,,,,,,,,,
5050,100248666,of her journey,317,ὁδοῦ,,,,,,,,,,,,,,,,,,,,,,,,,,,,,,,,,,,,,,
5051,100248668,until,317,ἔστ’,,,,,,,,,,,,,,,,,,,,,,,,,,,,,,,,,,,,,,
5052,100248669,,317,ἂν,,,,,,,,,,,,,,,,,,,,,,,,,,,,,,,,,,,,,,
5053,100248670,arrives,317,ἵκηται,,,,,,,,,,,,,,,,,,,,,,,,,,,,,,,,,,,,,,
5054,100248672,one,317,ἣ,,,,,,,,,,,,,,,,,,,,,,,,,,,,,,,,,,,,,,
5055,100248673,,317,μὲν,,,,,,,,,,,,,,,,,,,,,,,,,,,,,,,,,,,,,,
5056,100248674,for mortals,317,ἐπιχθονίοισι,,,,,,,,,,,,,,,,,,,,,,,,,,,,,,,,,,,,,,
5057,100248675,light,317,φάος,,,,,,,,,,,,,,,,,,,,,,,,,,,,,,,,,,,,,,
5058,100248676,much-seeing,317,πολυδερκὲς,,,,,,,,,,,,,,,,,,,,,,,,,,,,,,,,,,,,,,
5059,100248677,having,317,ἔχουσα,,,,,,,,,,,,,,,,,,,,,,,,,,,,,,,,,,,,,,
5060,100248679,but the other,317,ἣ,,,,,,,,,,,,,,,,,,,,,,,,,,,,,,,,,,,,,,
5061,100248680,,317,δ’,,,,,,,,,,,,,,,,,,,,,,,,,,,,,,,,,,,,,,
5062,100248681,Sleep,317,Ὕπνον,,,,,,,,,,,,,,,,,,,,,,,,,,,,,,,,,,,,,,
5063,100248682,beside her,317,μετὰ,,,,,,,,,,,,,,,,,,,,,,,,,,,,,,,,,,,,,,
5064,100248683,,317,χερσί,,,,,,,,,,,,,,,,,,,,,,,,,,,,,,,,,,,,,,
5065,100248685,brother,317,κασίγνητον,,,,,,,,,,,,,,,,,,,,,,,,,,,,,,,,,,,,,,
5066,100248686,of Death,317,Θανάτοιο,,,,,,,,,,,,,,,,,,,,,,,,,,,,,,,,,,,,,,
5067,100248688,Night,318,Νὺξ,,,,,,,,,,,,,,,,,,,,,,,,,,,,,,,,,,,,,,
5068,100248689,Dark,318,ὀλοή,,,,,,,,,,,,,,,,,,,,,,,,,,,,,,,,,,,,,,
5069,100248691,cloud-like,318,νεφέλῃ,,,,,,,,,,,,,,,,,,,,,,,,,,,,,,,,,,,,,,
5070,100248692,covered,318,κεκαλυμμένη,,,,,,,,,,,,,,,,,,,,,,,,,,,,,,,,,,,,,,
5071,100248693,mist,318,ἠεροειδεῖ,,,,,,,,,,,,,,,,,,,,,,,,,,,,,,,,,,,,,,
5072,100248695,There,319,ἔνθα,,,,,,,,,,,,,,,,,,,,,,,,,,,,,,,,,,,,,,
5073,100248696,the,319,δὲ,,,,,,,,,,,,,,,,,,,,,,,,,,,,,,,,,,,,,,
5074,100248697,of,319,Νυκτὸς,,,,,,,,,,,,,,,,,,,,,,,,,,,,,,,,,,,,,,
5075,100248698,children,319,παῖδες,,,,,,,,,,,,,,,,,,,,,,,,,,,,,,,,,,,,,,
5076,100248697,Night,319,Νυκτὸς,,,,,,,,,,,,,,,,,,,,,,,,,,,,,,,,,,,,,,
5077,100248699,dark,319,ἐρεμνῆς,,,,,,,,,,,,,,,,,,,,,,,,,,,,,,,,,,,,,,
5078,100248700,house,319,οἰκί’,,,,,,,,,,,,,,,,,,,,,,,,,,,,,,,,,,,,,,
5079,100248699,silent,319,ἐρεμνῆς,,,,,,,,,,,,,,,,,,,,,,,,,,,,,,,,,,,,,,
5080,100248701,hold,319,ἔχουσιν,,,,,,,,,,,,,,,,,,,,,,,,,,,,,,,,,,,,,,
5081,100248701,have,319,ἔχουσιν,,,,,,,,,,,,,,,,,,,,,,,,,,,,,,,,,,,,,,
5082,100248703,Sleep,319,Ὕπνος,,,,,,,,,,,,,,,,,,,,,,,,,,,,,,,,,,,,,,
5083,100248704,and,319,καὶ,,,,,,,,,,,,,,,,,,,,,,,,,,,,,,,,,,,,,,
5084,100248705,Death,319,Θάνατος,,,,,,,,,,,,,,,,,,,,,,,,,,,,,,,,,,,,,,
5085,100248707,terrible,319,δεινοὶ,,,,,,,,,,,,,,,,,,,,,,,,,,,,,,,,,,,,,,
5086,100248708,gods,319,θεοί,,,,,,,,,,,,,,,,,,,,,,,,,,,,,,,,,,,,,,
5087,100248710,Not,320,οὐ,,,,,,,,,,,,,,,,,,,,,,,,,,,,,,,,,,,,,,
5088,100248711,even,320,-δέ,,,,,,,,,,,,,,,,,,,,,,,,,,,,,,,,,,,,,,
5089,100248712,ever,320,ποτ’,,,,,,,,,,,,,,,,,,,,,,,,,,,,,,,,,,,,,,
5090,100248713,them,320,αὐτοὺς,,,,,,,,,,,,,,,,,,,,,,,,,,,,,,,,,,,,,,
5091,100248714,Sun,320,Ἠέλιος,,,,,,,,,,,,,,,,,,,,,,,,,,,,,,,,,,,,,,
5092,100248715,radiant,320,φαέθων,,,,,,,,,,,,,,,,,,,,,,,,,,,,,,,,,,,,,,
5093,100248716,gazes,320,ἐπιδέρκεται,,,,,,,,,,,,,,,,,,,,,,,,,,,,,,,,,,,,,,
5094,100248717,beams,320,ἀκτίνεσσιν,,,,,,,,,,,,,,,,,,,,,,,,,,,,,,,,,,,,,,
5095,100248718,heaven,320,οὐρανὸν,,,,,,,,,,,,,,,,,,,,,,,,,,,,,,,,,,,,,,
5096,100248719,to,320,εἲς,,,,,,,,,,,,,,,,,,,,,,,,,,,,,,,,,,,,,,
5097,100248720,ascends,320,ἀνιὼν,,,,,,,,,,,,,,,,,,,,,,,,,,,,,,,,,,,,,,
5098,100248721,nor,320,οὐ,,,,,,,,,,,,,,,,,,,,,,,,,,,,,,,,,,,,,,
5099,100248722,nor,320,-δ’,,,,,,,,,,,,,,,,,,,,,,,,,,,,,,,,,,,,,,
5100,100248723,from,320,οὐρανόθεν,,,,,,,,,,,,,,,,,,,,,,,,,,,,,,,,,,,,,,
5101,100248724,descends,320,καταβαίνων,,,,,,,,,,,,,,,,,,,,,,,,,,,,,,,,,,,,,,
5102,100248726,these,321,τῶν,,,,,,,,,,,,,,,,,,,,,,,,,,,,,,,,,,,,,,
5103,100248728,one,321,ἕτερος,,,,,,,,,,,,,,,,,,,,,,,,,,,,,,,,,,,,,,
5104,100248729,earth,321,γαῖάν,,,,,,,,,,,,,,,,,,,,,,,,,,,,,,,,,,,,,,
5105,100248732,broad,321,εὐρέα,,,,,,,,,,,,,,,,,,,,,,,,,,,,,,,,,,,,,,
5106,100248733,back,321,νῶτα,,,,,,,,,,,,,,,,,,,,,,,,,,,,,,,,,,,,,,
5107,100248734,sea,321,θαλάσσης,,,,,,,,,,,,,,,,,,,,,,,,,,,,,,,,,,,,,,
5108,100248736,turns,321,ἀνστρέφεται,,,,,,,,,,,,,,,,,,,,,,,,,,,,,,,,,,,,,,
5109,100248735,calmly,321,ἥσυχος,,,,,,,,,,,,,,,,,,,,,,,,,,,,,,,,,,,,,,
5110,100248738,gentle,321,μείλιχος,,,,,,,,,,,,,,,,,,,,,,,,,,,,,,,,,,,,,,
5111,100248739,humans,321,ἀνθρώποισι,,,,,,,,,,,,,,,,,,,,,,,,,,,,,,,,,,,,,,
5112,100248741,his,321,τοῦ,,,,,,,,,,,,,,,,,,,,,,,,,,,,,,,,,,,,,,
5113,100248745,heart,321,κραδίη,,,,,,,,,,,,,,,,,,,,,,,,,,,,,,,,,,,,,,
5114,100248743,iron,321,σιδηρέη,,,,,,,,,,,,,,,,,,,,,,,,,,,,,,,,,,,,,,
5115,100248749,heart,321,οἱ,,,,,,,,,,,,,,,,,,,,,,,,,,,,,,,,,,,,,,
5116,100248750,heart,321,ἦτορ,,,,,,,,,,,,,,,,,,,,,,,,,,,,,,,,,,,,,,
5117,100248747,brazen,321,χάλκεον,,,,,,,,,,,,,,,,,,,,,,,,,,,,,,,,,,,,,,
5118,100248751,pitiless,321,νηλεὲς,,,,,,,,,,,,,,,,,,,,,,,,,,,,,,,,,,,,,,
5119,100248753,chest,321,στήθεσσιν,,,,,,,,,,,,,,,,,,,,,,,,,,,,,,,,,,,,,,
5120,100248755,has,322,ἔχει,,,,,,,,,,,,,,,,,,,,,,,,,,,,,,,,,,,,,,
5121,100248756,And,322,δ’,,,,,,,,,,,,,,,,,,,,,,,,,,,,,,,,,,,,,,
5122,100248757,whom,322,ὃν,,,,,,,,,,,,,,,,,,,,,,,,,,,,,,,,,,,,,,
5123,100248758,first,322,πρῶτα,,,,,,,,,,,,,,,,,,,,,,,,,,,,,,,,,,,,,,
5124,100248759,take,322,λάβῃσιν,,,,,,,,,,,,,,,,,,,,,,,,,,,,,,,,,,,,,,
5125,100248760,men,322,ἀνθρώπων,,,,,,,,,,,,,,,,,,,,,,,,,,,,,,,,,,,,,,
5126,100248762,hateful,323,ἐχθρὸς,,,,,,,,,,,,,,,,,,,,,,,,,,,,,,,,,,,,,,
5127,100248763,even,323,δὲ,,,,,,,,,,,,,,,,,,,,,,,,,,,,,,,,,,,,,,
5128,100248764,to,323,καὶ,,,,,,,,,,,,,,,,,,,,,,,,,,,,,,,,,,,,,,
5129,100248765,immortal,323,ἀθανάτοισι,,,,,,,,,,,,,,,,,,,,,,,,,,,,,,,,,,,,,,
5130,100248766,gods,323,θεοῖσιν,,,,,,,,,,,,,,,,,,,,,,,,,,,,,,,,,,,,,,
5131,100248768,There,324,ἔνθα,,,,,,,,,,,,,,,,,,,,,,,,,,,,,,,,,,,,,,
5132,100248780,stand,324,ἑστᾶσιν,,,,,,,,,,,,,,,,,,,,,,,,,,,,,,,,,,,,,,
5133,100248772,mansions,324,δόμοι,,,,,,,,,,,,,,,,,,,,,,,,,,,,,,,,,,,,,,
5134,100248773,echoing,324,ἠχήεντες,,,,,,,,,,,,,,,,,,,,,,,,,,,,,,,,,,,,,,
5135,100248769,of the earth-born,324,θεοῦ,,,,,,,,,,,,,,,,,,,,,,,,,,,,,,,,,,,,,,
5136,100248770,god,324,χθονίου,,,,,,,,,,,,,,,,,,,,,,,,,,,,,,,,,,,,,,
5137,100248774,mighty,324,ἰφθίμου,,,,,,,,,,,,,,,,,,,,,,,,,,,,,,,,,,,,,,
5138,100248776,Hades,324,Ἀίδεω,,,,,,,,,,,,,,,,,,,,,,,,,,,,,,,,,,,,,,
5139,100248775,and,324,τ’,,,,,,,,,,,,,,,,,,,,,,,,,,,,,,,,,,,,,,
5140,100248778,praiseworthy,324,ἐπαινῆς,,,,,,,,,,,,,,,,,,,,,,,,,,,,,,,,,,,,,,
5141,100248779,Persephone,324,Περσεφονείης,,,,,,,,,,,,,,,,,,,,,,,,,,,,,,,,,,,,,,
5142,100248777,and,324,καὶ,,,,,,,,,,,,,,,,,,,,,,,,,,,,,,,,,,,,,,
5143,100248771,before,324,πρόσθεν,,,,,,,,,,,,,,,,,,,,,,,,,,,,,,,,,,,,,,
5144,100248782,terrible,324,δεινὸς,,,,,,,,,,,,,,,,,,,,,,,,,,,,,,,,,,,,,,
5145,100248787,pitiless,324,νηλειής,,,,,,,,,,,,,,,,,,,,,,,,,,,,,,,,,,,,,,
5146,100248784,dog,324,κύων,,,,,,,,,,,,,,,,,,,,,,,,,,,,,,,,,,,,,,
5147,100248786,keeps guard,324,φυλάσσει,,,,,,,,,,,,,,,,,,,,,,,,,,,,,,,,,,,,,,
5148,100248789,holding,324,τέχνην,,,,,,,,,,,,,,,,,,,,,,,,,,,,,,,,,,,,,,
5149,100248791,wretched,324,κακὴν,,,,,,,,,,,,,,,,,,,,,,,,,,,,,,,,,,,,,,
5150,100248792,cunning,324,ἔχει,,,,,,,,,,,,,,,,,,,,,,,,,,,,,,,,,,,,,,
5151,100248794,coming,325,ἐς,,,,,,,,,,,,,,,,,,,,,,,,,,,,,,,,,,,,,,
5152,100248795,For,325,μὲν,,,,,,,,,,,,,,,,,,,,,,,,,,,,,,,,,,,,,,
5153,100248796,coming,325,ἰόντας,,,,,,,,,,,,,,,,,,,,,,,,,,,,,,,,,,,,,,
5154,100248797,wags,325,σαίνει,,,,,,,,,,,,,,,,,,,,,,,,,,,,,,,,,,,,,,
5155,100248798,alike,325,ὁμῶς,,,,,,,,,,,,,,,,,,,,,,,,,,,,,,,,,,,,,,
5156,100248799,tail,325,οὐρῇ,,,,,,,,,,,,,,,,,,,,,,,,,,,,,,,,,,,,,,
5157,100248800,and,325,τε,,,,,,,,,,,,,,,,,,,,,,,,,,,,,,,,,,,,,,
5158,100248801,and,325,καὶ,,,,,,,,,,,,,,,,,,,,,,,,,,,,,,,,,,,,,,
5159,100248802,ears,325,οὔασιν,,,,,,,,,,,,,,,,,,,,,,,,,,,,,,,,,,,,,,
5160,100248803,both,325,ἀμφοτέροισιν,,,,,,,,,,,,,,,,,,,,,,,,,,,,,,,,,,,,,,
5161,100248805,go,325,ἐξελθεῖν,,,,,,,,,,,,,,,,,,,,,,,,,,,,,,,,,,,,,,
5162,100248806,but,325,δ’,,,,,,,,,,,,,,,,,,,,,,,,,,,,,,,,,,,,,,
5163,100248807,not,325,οὐκ,,,,,,,,,,,,,,,,,,,,,,,,,,,,,,,,,,,,,,
5164,100248808,again,325,αὖτις,,,,,,,,,,,,,,,,,,,,,,,,,,,,,,,,,,,,,,
5165,100248809,allow,325,ἐᾷ,,,,,,,,,,,,,,,,,,,,,,,,,,,,,,,,,,,,,,
5166,100248810,again,325,πάλιν,,,,,,,,,,,,,,,,,,,,,,,,,,,,,,,,,,,,,,
5167,100248812,rather,325,ἀλλὰ,,,,,,,,,,,,,,,,,,,,,,,,,,,,,,,,,,,,,,
5168,100248813,watching,325,δοκεύων,,,,,,,,,,,,,,,,,,,,,,,,,,,,,,,,,,,,,,
5169,100248814,eats,325,ἐσθίει,,,,,,,,,,,,,,,,,,,,,,,,,,,,,,,,,,,,,,
5170,100248816,whoever,325,ὅν,,,,,,,,,,,,,,,,,,,,,,,,,,,,,,,,,,,,,,
5171,100248817,it,325,κε,,,,,,,,,,,,,,,,,,,,,,,,,,,,,,,,,,,,,,
5172,100248818,catches,325,λάβῃσι,,,,,,,,,,,,,,,,,,,,,,,,,,,,,,,,,,,,,,
5173,100248821,coming,325,ἰόντα,,,,,,,,,,,,,,,,,,,,,,,,,,,,,,,,,,,,,,
5174,100248820,outside,325,ἔκτοσθεν,,,,,,,,,,,,,,,,,,,,,,,,,,,,,,,,,,,,,,
5175,100248824,and,326,τ’,,,,,,,,,,,,,,,,,,,,,,,,,,,,,,,,,,,,,,
5176,100248823,mighty,326,ἰφθίμου,,,,,,,,,,,,,,,,,,,,,,,,,,,,,,,,,,,,,,
5177,100248825,of Hades,326,Ἀίδεω,,,,,,,,,,,,,,,,,,,,,,,,,,,,,,,,,,,,,,
5178,100248826,and,326,καὶ,,,,,,,,,,,,,,,,,,,,,,,,,,,,,,,,,,,,,,
5179,100248827,praise,326,ἐπαινῆς,,,,,,,,,,,,,,,,,,,,,,,,,,,,,,,,,,,,,,
5180,100248828,Persephone,326,Περσεφονείης,,,,,,,,,,,,,,,,,,,,,,,,,,,,,,,,,,,,,,
5181,100248830,There,327,ἔνθα,,,,,,,,,,,,,,,,,,,,,,,,,,,,,,,,,,,,,,
5182,100248832,dwells,327,ναιετάει,,,,,,,,,,,,,,,,,,,,,,,,,,,,,,,,,,,,,,
5183,100248833,hateful,327,στυγερὴ,,,,,,,,,,,,,,,,,,,,,,,,,,,,,,,,,,,,,,
5184,100248834,goddess,327,θεὸς,,,,,,,,,,,,,,,,,,,,,,,,,,,,,,,,,,,,,,
5185,100248835,to the immortals,327,ἀθανάτοισι,,,,,,,,,,,,,,,,,,,,,,,,,,,,,,,,,,,,,,
5186,100248837,terrible,327,δεινὴ,,,,,,,,,,,,,,,,,,,,,,,,,,,,,,,,,,,,,,
5187,100248838,Styx,327,Στύξ,,,,,,,,,,,,,,,,,,,,,,,,,,,,,,,,,,,,,,
5188,100248843,eldest,327,πρεσβυτάτη,,,,,,,,,,,,,,,,,,,,,,,,,,,,,,,,,,,,,,
5189,100248840,daughter,327,θυγάτηρ,,,,,,,,,,,,,,,,,,,,,,,,,,,,,,,,,,,,,,
5190,100248841,ever-flowing,327,ἀψορρόου,,,,,,,,,,,,,,,,,,,,,,,,,,,,,,,,,,,,,,
5191,100248842,Ocean,327,Ὠκεανοῖο,,,,,,,,,,,,,,,,,,,,,,,,,,,,,,,,,,,,,,
5192,100248845,apart,328,νόσφιν,,,,,,,,,,,,,,,,,,,,,,,,,,,,,,,,,,,,,,
5193,100248846,from,328,δὲ,,,,,,,,,,,,,,,,,,,,,,,,,,,,,,,,,,,,,,
5194,100248847,gods,328,θεῶν,,,,,,,,,,,,,,,,,,,,,,,,,,,,,,,,,,,,,,
5195,100248848,bright,328,κλυτὰ,,,,,,,,,,,,,,,,,,,,,,,,,,,,,,,,,,,,,,
5196,100248849,houses,328,δώματα,,,,,,,,,,,,,,,,,,,,,,,,,,,,,,,,,,,,,,
5197,100248850,dwells,328,ναίει,,,,,,,,,,,,,,,,,,,,,,,,,,,,,,,,,,,,,,
5198,100248851,lofty,328,μακρῇσιν,,,,,,,,,,,,,,,,,,,,,,,,,,,,,,,,,,,,,,
5199,100248852,rocks,328,πέτρῃσι,,,,,,,,,,,,,,,,,,,,,,,,,,,,,,,,,,,,,,
5200,100248853,smooth,328,κατηρεφέ’,,,,,,,,,,,,,,,,,,,,,,,,,,,,,,,,,,,,,,
5201,100248856,And,329,δὲ,,,,,,,,,,,,,,,,,,,,,,,,,,,,,,,,,,,,,,
5202,100248855,on all sides,329,ἀμφὶ,,,,,,,,,,,,,,,,,,,,,,,,,,,,,,,,,,,,,,
5203,100248857,on all sides,329,πάντη,,,,,,,,,,,,,,,,,,,,,,,,,,,,,,,,,,,,,,
5204,100248862,are fixed,329,ἐστήρικται,,,,,,,,,,,,,,,,,,,,,,,,,,,,,,,,,,,,,,
5205,100248858,columns,329,κίοσιν,,,,,,,,,,,,,,,,,,,,,,,,,,,,,,,,,,,,,,
5206,100248859,silver,329,ἀργυρέοισι,,,,,,,,,,,,,,,,,,,,,,,,,,,,,,,,,,,,,,
5207,100248860,toward,329,πρὸς,,,,,,,,,,,,,,,,,,,,,,,,,,,,,,,,,,,,,,
5208,100248861,sky,329,οὐρανὸν,,,,,,,,,,,,,,,,,,,,,,,,,,,,,,,,,,,,,,
5209,100248864,a,330,παῦρα,,,,,,,,,,,,,,,,,,,,,,,,,,,,,,,,,,,,,,
5210,100248864,little,330,παῦρα,,,,,,,,,,,,,,,,,,,,,,,,,,,,,,,,,,,,,,
5211,100248865,does,330,δὲ,,,,,,,,,,,,,,,,,,,,,,,,,,,,,,,,,,,,,,
5212,100248866,of,330,Θαύμαντος,,,,,,,,,,,,,,,,,,,,,,,,,,,,,,,,,,,,,,
5213,100248866,Thaumas,330,Θαύμαντος,,,,,,,,,,,,,,,,,,,,,,,,,,,,,,,,,,,,,,
5214,100248867,daughter,330,θυγάτηρ,,,,,,,,,,,,,,,,,,,,,,,,,,,,,,,,,,,,,,
5215,100248868,swift-footed,330,πόδας,,,,,,,,,,,,,,,,,,,,,,,,,,,,,,,,,,,,,,
5216,100248869,swift-footed,330,ὠκέα,,,,,,,,,,,,,,,,,,,,,,,,,,,,,,,,,,,,,,
5217,100248870,Iris,330,Ἶρις,,,,,,,,,,,,,,,,,,,,,,,,,,,,,,,,,,,,,,
5218,100248871,message,330,ἀγγελίην,,,,,,,,,,,,,,,,,,,,,,,,,,,,,,,,,,,,,,
5219,100248872,sell,330,πωλεῖται,,,,,,,,,,,,,,,,,,,,,,,,,,,,,,,,,,,,,,
5220,100248873,upon,330,ἐπ’,,,,,,,,,,,,,,,,,,,,,,,,,,,,,,,,,,,,,,
5221,100248874,broad,330,εὐρέα,,,,,,,,,,,,,,,,,,,,,,,,,,,,,,,,,,,,,,
5222,100248875,back,330,νῶτα,,,,,,,,,,,,,,,,,,,,,,,,,,,,,,,,,,,,,,
5223,100248876,sea,330,θαλάσσης,,,,,,,,,,,,,,,,,,,,,,,,,,,,,,,,,,,,,,
5224,100248878,Whenever,331,ὁππότ’,,,,,,,,,,,,,,,,,,,,,,,,,,,,,,,,,,,,,,
5225,100248879,Strife,331,ἔρις,,,,,,,,,,,,,,,,,,,,,,,,,,,,,,,,,,,,,,
5226,100248880,and,331,καὶ,,,,,,,,,,,,,,,,,,,,,,,,,,,,,,,,,,,,,,
5227,100248881,Quarrel,331,νεῖκος,,,,,,,,,,,,,,,,,,,,,,,,,,,,,,,,,,,,,,
5228,100248884,arise,331,ὄρηται,,,,,,,,,,,,,,,,,,,,,,,,,,,,,,,,,,,,,,
5229,100248882,among,331,ἐν,,,,,,,,,,,,,,,,,,,,,,,,,,,,,,,,,,,,,,
5230,100248883,the immortals,331,ἀθανάτοισιν,,,,,,,,,,,,,,,,,,,,,,,,,,,,,,,,,,,,,,
5231,100248885,and,331,καί,,,,,,,,,,,,,,,,,,,,,,,,,,,,,,,,,,,,,,
5232,100248887,whoever,331,ὅστις,,,,,,,,,,,,,,,,,,,,,,,,,,,,,,,,,,,,,,
5233,100248888,lies,331,ψεύδηται,,,,,,,,,,,,,,,,,,,,,,,,,,,,,,,,,,,,,,
5234,100248889,Olympian,331,Ὀλύμπια,,,,,,,,,,,,,,,,,,,,,,,,,,,,,,,,,,,,,,
5235,100248890,halls,331,δώματ’,,,,,,,,,,,,,,,,,,,,,,,,,,,,,,,,,,,,,,
5236,100248891,dwelling,331,ἐχόντων,,,,,,,,,,,,,,,,,,,,,,,,,,,,,,,,,,,,,,
5237,100248893,Zeus,331,Ζεὺς,,,,,,,,,,,,,,,,,,,,,,,,,,,,,,,,,,,,,,
5238,100248897,sends,331,ἔπεμψε,,,,,,,,,,,,,,,,,,,,,,,,,,,,,,,,,,,,,,
5239,100248896,Iris,331,Ἶριν,,,,,,,,,,,,,,,,,,,,,,,,,,,,,,,,,,,,,,
5240,100248901,bring,331,ἐνεῖκαι,,,,,,,,,,,,,,,,,,,,,,,,,,,,,,,,,,,,,,
5241,100248895,the,331,τε,,,,,,,,,,,,,,,,,,,,,,,,,,,,,,,,,,,,,,
5242,100248899,great,331,μέγαν,,,,,,,,,,,,,,,,,,,,,,,,,,,,,,,,,,,,,,
5243,100248900,oath,331,ὅρκον,,,,,,,,,,,,,,,,,,,,,,,,,,,,,,,,,,,,,,
5244,100248898,of gods,331,θεῶν,,,,,,,,,,,,,,,,,,,,,,,,,,,,,,,,,,,,,,
5245,100248908,cold,331,ψυχρόν,,,,,,,,,,,,,,,,,,,,,,,,,,,,,,,,,,,,,,
5246,100248904,golden,331,χρυσέῃ,,,,,,,,,,,,,,,,,,,,,,,,,,,,,,,,,,,,,,
5247,100248905,pitcher,331,προχόῳ,,,,,,,,,,,,,,,,,,,,,,,,,,,,,,,,,,,,,,
5248,100248906,many-named,331,πολυώνυμον,,,,,,,,,,,,,,,,,,,,,,,,,,,,,,,,,,,,,,
5249,100248907,water,331,ὕδωρ,,,,,,,,,,,,,,,,,,,,,,,,,,,,,,,,,,,,,,
5250,100248910,poured,331,ὅτ’,,,,,,,,,,,,,,,,,,,,,,,,,,,,,,,,,,,,,,
5251,100248911,from,331,ἐκ,,,,,,,,,,,,,,,,,,,,,,,,,,,,,,,,,,,,,,
5252,100248912,rock,331,πέτρης,,,,,,,,,,,,,,,,,,,,,,,,,,,,,,,,,,,,,,
5253,100248914,lofty,331,ἠλιβάτοιο,,,,,,,,,,,,,,,,,,,,,,,,,,,,,,,,,,,,,,
5254,100248915,inaccessible,331,ὑψηλῆς,,,,,,,,,,,,,,,,,,,,,,,,,,,,,,,,,,,,,,
5255,100248913,from,331,καταλείβεται,,,,,,,,,,,,,,,,,,,,,,,,,,,,,,,,,,,,,,
5256,100248917,Much,332,πολλὸν,,,,,,,,,,,,,,,,,,,,,,,,,,,,,,,,,,,,,,
5257,100248918,it,332,δὲ,,,,,,,,,,,,,,,,,,,,,,,,,,,,,,,,,,,,,,
5258,100248921,broad-landed,332,εὐρυοδείης,,,,,,,,,,,,,,,,,,,,,,,,,,,,,,,,,,,,,,
5259,100248920,Earth,332,χθονὸς,,,,,,,,,,,,,,,,,,,,,,,,,,,,,,,,,,,,,,
5260,100248919,from,332,ὑπὸ,,,,,,,,,,,,,,,,,,,,,,,,,,,,,,,,,,,,,,
5261,100248923,holy,332,ἱεροῦ,,,,,,,,,,,,,,,,,,,,,,,,,,,,,,,,,,,,,,
5262,100248924,river,332,ποταμοῖο,,,,,,,,,,,,,,,,,,,,,,,,,,,,,,,,,,,,,,
5263,100248922,of,332,ἐξ,,,,,,,,,,,,,,,,,,,,,,,,,,,,,,,,,,,,,,
5264,100248929,Ocean,332,Ὠκεανοῖο,,,,,,,,,,,,,,,,,,,,,,,,,,,,,,,,,,,,,,
5265,100248925,flows,332,ῥέει,,,,,,,,,,,,,,,,,,,,,,,,,,,,,,,,,,,,,,
5266,100248926,through,332,διὰ,,,,,,,,,,,,,,,,,,,,,,,,,,,,,,,,,,,,,,
5267,100248927,night,332,νύκτα,,,,,,,,,,,,,,,,,,,,,,,,,,,,,,,,,,,,,,
5268,100248928,black,332,μέλαιναν,,,,,,,,,,,,,,,,,,,,,,,,,,,,,,,,,,,,,,
5269,100248930,horn,332,κέρας,,,,,,,,,,,,,,,,,,,,,,,,,,,,,,,,,,,,,,
5270,100248924,of,332,ποταμοῖο,,,,,,,,,,,,,,,,,,,,,,,,,,,,,,,,,,,,,,
5271,100248932,tenth,333,δεκάτη,,,,,,,,,,,,,,,,,,,,,,,,,,,,,,,,,,,,,,
5272,100248933,And,333,δ’,,,,,,,,,,,,,,,,,,,,,,,,,,,,,,,,,,,,,,
5273,100248934,to,333,ἐπὶ,,,,,,,,,,,,,,,,,,,,,,,,,,,,,,,,,,,,,,
5274,100248935,portion,333,μοῖρα,,,,,,,,,,,,,,,,,,,,,,,,,,,,,,,,,,,,,,
5275,100248936,has been allotted,333,δέδασται,,,,,,,,,,,,,,,,,,,,,,,,,,,,,,,,,,,,,,
5276,100248938,nine,334,ἐννέα,,,,,,,,,,,,,,,,,,,,,,,,,,,,,,,,,,,,,,
5277,100248939,For,334,μὲν,,,,,,,,,,,,,,,,,,,,,,,,,,,,,,,,,,,,,,
5278,100248940,wrapped,334,περὶ,,,,,,,,,,,,,,,,,,,,,,,,,,,,,,,,,,,,,,
5279,100248941,land,334,γῆν,,,,,,,,,,,,,,,,,,,,,,,,,,,,,,,,,,,,,,
5280,100248942,and,334,τε,,,,,,,,,,,,,,,,,,,,,,,,,,,,,,,,,,,,,,
5281,100248943,and,334,καὶ,,,,,,,,,,,,,,,,,,,,,,,,,,,,,,,,,,,,,,
5282,100248944,broad,334,εὐρέα,,,,,,,,,,,,,,,,,,,,,,,,,,,,,,,,,,,,,,
5283,100248945,back,334,νῶτα,,,,,,,,,,,,,,,,,,,,,,,,,,,,,,,,,,,,,,
5284,100248946,ocean,334,θαλάσσης,,,,,,,,,,,,,,,,,,,,,,,,,,,,,,,,,,,,,,
5285,100248947,whirlwinds,334,δίνῃς,,,,,,,,,,,,,,,,,,,,,,,,,,,,,,,,,,,,,,
5286,100248948,silver,334,ἀργυρέῃς,,,,,,,,,,,,,,,,,,,,,,,,,,,,,,,,,,,,,,
5287,100248949,encircles,334,εἱλιγμένος,,,,,,,,,,,,,,,,,,,,,,,,,,,,,,,,,,,,,,
5288,100248950,into,334,εἰς,,,,,,,,,,,,,,,,,,,,,,,,,,,,,,,,,,,,,,
5289,100248951,sea,334,ἅλα,,,,,,,,,,,,,,,,,,,,,,,,,,,,,,,,,,,,,,
5290,100248952,falls,334,πίπτει,,,,,,,,,,,,,,,,,,,,,,,,,,,,,,,,,,,,,,
5291,100248955,but,334,δὲ,,,,,,,,,,,,,,,,,,,,,,,,,,,,,,,,,,,,,,
5292,100248956,one,334,μί’,,,,,,,,,,,,,,,,,,,,,,,,,,,,,,,,,,,,,,
5293,100248957,from,334,ἐκ,,,,,,,,,,,,,,,,,,,,,,,,,,,,,,,,,,,,,,
5294,100248958,rock,334,πέτρης,,,,,,,,,,,,,,,,,,,,,,,,,,,,,,,,,,,,,,
5295,100248959,flows,334,προρέει,,,,,,,,,,,,,,,,,,,,,,,,,,,,,,,,,,,,,,
5296,100248960,great,334,μέγα,,,,,,,,,,,,,,,,,,,,,,,,,,,,,,,,,,,,,,
5297,100248961,calamity,334,πῆμα,,,,,,,,,,,,,,,,,,,,,,,,,,,,,,,,,,,,,,
5298,100248962,gods,334,θεοῖσιν,,,,,,,,,,,,,,,,,,,,,,,,,,,,,,,,,,,,,,
5299,100248964,Whoever,335,ὅς,,,,,,,,,,,,,,,,,,,,,,,,,,,,,,,,,,,,,,
5300,100248965,having,335,κεν,,,,,,,,,,,,,,,,,,,,,,,,,,,,,,,,,,,,,,
5301,100248966,that,335,τὴν,,,,,,,,,,,,,,,,,,,,,,,,,,,,,,,,,,,,,,
5302,100248967,perjured,335,ἐπίορκον,,,,,,,,,,,,,,,,,,,,,,,,,,,,,,,,,,,,,,
5303,100248968,destroyed,335,ἀπολλείψας,,,,,,,,,,,,,,,,,,,,,,,,,,,,,,,,,,,,,,
5304,100248969,swears,335,ἐπομόσσῃ,,,,,,,,,,,,,,,,,,,,,,,,,,,,,,,,,,,,,,
5305,100248970,immortals,335,ἀθανάτων,,,,,,,,,,,,,,,,,,,,,,,,,,,,,,,,,,,,,,
5306,100248972,who,335,οἳ,,,,,,,,,,,,,,,,,,,,,,,,,,,,,,,,,,,,,,
5307,100248973,hold,335,ἔχουσι,,,,,,,,,,,,,,,,,,,,,,,,,,,,,,,,,,,,,,
5308,100248974,peak,335,κάρη,,,,,,,,,,,,,,,,,,,,,,,,,,,,,,,,,,,,,,
5309,100248975,snowy,335,νιφόεντος,,,,,,,,,,,,,,,,,,,,,,,,,,,,,,,,,,,,,,
5310,100248976,Olympus,335,Ὀλύμπου,,,,,,,,,,,,,,,,,,,,,,,,,,,,,,,,,,,,,,
5311,100248978,lies,335,κεῖται,,,,,,,,,,,,,,,,,,,,,,,,,,,,,,,,,,,,,,
5312,100248979,unavenged,335,νήυτμος,,,,,,,,,,,,,,,,,,,,,,,,,,,,,,,,,,,,,,
5313,100248980,unavenged,335,τετελεσμένον,,,,,,,,,,,,,,,,,,,,,,,,,,,,,,,,,,,,,,
5314,100248981,for,335,εἰς,,,,,,,,,,,,,,,,,,,,,,,,,,,,,,,,,,,,,,
5315,100248982,year,335,ἐνιαυτόν,,,,,,,,,,,,,,,,,,,,,,,,,,,,,,,,,,,,,,
5316,100248984,never,336,οὐ,,,,,,,,,,,,,,,,,,,,,,,,,,,,,,,,,,,,,,
5317,100248985,And,336,-δέ,,,,,,,,,,,,,,,,,,,,,,,,,,,,,,,,,,,,,,
5318,100248986,never,336,ποτ’,,,,,,,,,,,,,,,,,,,,,,,,,,,,,,,,,,,,,,
5319,100248987,ambrosia,336,ἀμβροσίης,,,,,,,,,,,,,,,,,,,,,,,,,,,,,,,,,,,,,,
5320,100248988,or,336,καὶ,,,,,,,,,,,,,,,,,,,,,,,,,,,,,,,,,,,,,,
5321,100248989,nectar,336,νέκταρος,,,,,,,,,,,,,,,,,,,,,,,,,,,,,,,,,,,,,,
5322,100248990,approach,336,ἔρχεται,,,,,,,,,,,,,,,,,,,,,,,,,,,,,,,,,,,,,,
5323,100248991,their,336,ἆσσον,,,,,,,,,,,,,,,,,,,,,,,,,,,,,,,,,,,,,,
5324,100248992,food,336,βρώσιος,,,,,,,,,,,,,,,,,,,,,,,,,,,,,,,,,,,,,,
5325,100248994,but,336,ἀλλά,,,,,,,,,,,,,,,,,,,,,,,,,,,,,,,,,,,,,,
5326,100248995,they,336,τε,,,,,,,,,,,,,,,,,,,,,,,,,,,,,,,,,,,,,,
5327,100248996,lie,336,κεῖται,,,,,,,,,,,,,,,,,,,,,,,,,,,,,,,,,,,,,,
5328,100248997,breathless,336,ἀνάπνευστος,,,,,,,,,,,,,,,,,,,,,,,,,,,,,,,,,,,,,,
5329,100248998,and,336,καὶ,,,,,,,,,,,,,,,,,,,,,,,,,,,,,,,,,,,,,,
5330,100248999,soundless,336,ἄναυδος,,,,,,,,,,,,,,,,,,,,,,,,,,,,,,,,,,,,,,
5331,100249000,strewn,336,στρωτοῖς,,,,,,,,,,,,,,,,,,,,,,,,,,,,,,,,,,,,,,
5332,100249001,upon,336,ἐν,,,,,,,,,,,,,,,,,,,,,,,,,,,,,,,,,,,,,,
5333,100249002,beds,336,λεχέεσσι,,,,,,,,,,,,,,,,,,,,,,,,,,,,,,,,,,,,,,
5334,100249004,heavy,336,κακὸν,,,,,,,,,,,,,,,,,,,,,,,,,,,,,,,,,,,,,,
5335,100249005,and,336,δέ,,,,,,,,,,,,,,,,,,,,,,,,,,,,,,,,,,,,,,
5336,100249006,them,336,ἑ,,,,,,,,,,,,,,,,,,,,,,,,,,,,,,,,,,,,,,
5337,100249007,sleep,336,κῶμα,,,,,,,,,,,,,,,,,,,,,,,,,,,,,,,,,,,,,,
5338,100249008,covers,336,καλύπτει,,,,,,,,,,,,,,,,,,,,,,,,,,,,,,,,,,,,,,
5339,100249010,But,337,αὐτὰρ,,,,,,,,,,,,,,,,,,,,,,,,,,,,,,,,,,,,,,
5340,100249011,once,337,ἐπεὶ,,,,,,,,,,,,,,,,,,,,,,,,,,,,,,,,,,,,,,
5341,100249012,disease,337,νοῦσον,,,,,,,,,,,,,,,,,,,,,,,,,,,,,,,,,,,,,,
5342,100249014,great,337,μέγαν,,,,,,,,,,,,,,,,,,,,,,,,,,,,,,,,,,,,,,
5343,100249013,has been completed,337,τελέσῃ,,,,,,,,,,,,,,,,,,,,,,,,,,,,,,,,,,,,,,
5344,100249015,for,337,εἰς,,,,,,,,,,,,,,,,,,,,,,,,,,,,,,,,,,,,,,
5345,100249016,a year,337,ἐνιαυτόν,,,,,,,,,,,,,,,,,,,,,,,,,,,,,,,,,,,,,,
5346,100249018,another,337,ἄλλος,,,,,,,,,,,,,,,,,,,,,,,,,,,,,,,,,,,,,,
5347,100249022,receives,337,δέχεται,,,,,,,,,,,,,,,,,,,,,,,,,,,,,,,,,,,,,,
5348,100249024,contest,337,ἄεθλος,,,,,,,,,,,,,,,,,,,,,,,,,,,,,,,,,,,,,,
5349,100249020,from,337,ἐξ,,,,,,,,,,,,,,,,,,,,,,,,,,,,,,,,,,,,,,
5350,100249021,another,337,ἄλλου,,,,,,,,,,,,,,,,,,,,,,,,,,,,,,,,,,,,,,
5351,100249023,harsher,337,χαλεπώτερος,,,,,,,,,,,,,,,,,,,,,,,,,,,,,,,,,,,,,,
5352,100249043,Nine,338,ἐννέα,,,,,,,,,,,,,,,,,,,,,,,,,,,,,,,,,,,,,,
5353,100249044,all,338,πάντα,,,,,,,,,,,,,,,,,,,,,,,,,,,,,,,,,,,,,,
5354,100249045,nine years,338,ἔτεα,,,,,,,,,,,,,,,,,,,,,,,,,,,,,,,,,,,,,,
5355,100249026,remains,338,εἰνάετες,,,,,,,,,,,,,,,,,,,,,,,,,,,,,,,,,,,,,,
5356,100249027,separate,338,δὲ,,,,,,,,,,,,,,,,,,,,,,,,,,,,,,,,,,,,,,
5357,100249028,gods,338,θεῶν,,,,,,,,,,,,,,,,,,,,,,,,,,,,,,,,,,,,,,
5358,100249031,are,338,ἐόντων,,,,,,,,,,,,,,,,,,,,,,,,,,,,,,,,,,,,,,
5359,100249030,always,338,αἰὲν,,,,,,,,,,,,,,,,,,,,,,,,,,,,,,,,,,,,,,
5360,100249033,nor,338,οὐ,,,,,,,,,,,,,,,,,,,,,,,,,,,,,,,,,,,,,,
5361,100249034,does,338,-δέ,,,,,,,,,,,,,,,,,,,,,,,,,,,,,,,,,,,,,,
5362,100249035,ever,338,ποτ’,,,,,,,,,,,,,,,,,,,,,,,,,,,,,,,,,,,,,,
5363,100249036,mingle,338,ἐς,,,,,,,,,,,,,,,,,,,,,,,,,,,,,,,,,,,,,,
5364,100249037,counsel,338,βουλὴν,,,,,,,,,,,,,,,,,,,,,,,,,,,,,,,,,,,,,,
5365,100249038,mingle,338,ἐπιμίσγεται,,,,,,,,,,,,,,,,,,,,,,,,,,,,,,,,,,,,,,
5366,100249039,nor,338,οὐ,,,,,,,,,,,,,,,,,,,,,,,,,,,,,,,,,,,,,,
5367,100249040,at,338,-δ’,,,,,,,,,,,,,,,,,,,,,,,,,,,,,,,,,,,,,,
5368,100249041,banquets,338,ἐπὶ,,,,,,,,,,,,,,,,,,,,,,,,,,,,,,,,,,,,,,
5369,100249042,banquets,338,δαῖτας,,,,,,,,,,,,,,,,,,,,,,,,,,,,,,,,,,,,,,
5370,100249029,separate,338,ἀπαμείρεται,,,,,,,,,,,,,,,,,,,,,,,,,,,,,,,,,,,,,,
5371,100249047,tenth,339,δεκάτῳ,,,,,,,,,,,,,,,,,,,,,,,,,,,,,,,,,,,,,,
5372,100249048,And,339,δ’,,,,,,,,,,,,,,,,,,,,,,,,,,,,,,,,,,,,,,
5373,100249049,mingles,339,ἐπιμίσγεται,,,,,,,,,,,,,,,,,,,,,,,,,,,,,,,,,,,,,,
5374,100249050,again,339,αὖτις,,,,,,,,,,,,,,,,,,,,,,,,,,,,,,,,,,,,,,
5375,100249051,race,339,εἴρας,,,,,,,,,,,,,,,,,,,,,,,,,,,,,,,,,,,,,,
5376,100249052,into,339,ἐς,,,,,,,,,,,,,,,,,,,,,,,,,,,,,,,,,,,,,,
5377,100249053,immortals,339,ἀθανάτων,,,,,,,,,,,,,,,,,,,,,,,,,,,,,,,,,,,,,,
5378,100249055,those,339,οἳ,,,,,,,,,,,,,,,,,,,,,,,,,,,,,,,,,,,,,,
5379,100249056,Olympian,339,Ὀλύμπια,,,,,,,,,,,,,,,,,,,,,,,,,,,,,,,,,,,,,,
5380,100249057,houses,339,δώματ’,,,,,,,,,,,,,,,,,,,,,,,,,,,,,,,,,,,,,,
5381,100249058,hold,339,ἔχουσιν,,,,,,,,,,,,,,,,,,,,,,,,,,,,,,,,,,,,,,
5382,100249060,Thus,340,τοῖον,,,,,,,,,,,,,,,,,,,,,,,,,,,,,,,,,,,,,,
5383,100249061,thus,340,ἄρ’,,,,,,,,,,,,,,,,,,,,,,,,,,,,,,,,,,,,,,
5384,100249062,oath,340,ὅρκον,,,,,,,,,,,,,,,,,,,,,,,,,,,,,,,,,,,,,,
5385,100249063,took,340,ἔθεντο,,,,,,,,,,,,,,,,,,,,,,,,,,,,,,,,,,,,,,
5386,100249064,gods,340,θεοὶ,,,,,,,,,,,,,,,,,,,,,,,,,,,,,,,,,,,,,,
5387,100249065,Styx,340,Στυγὸς,,,,,,,,,,,,,,,,,,,,,,,,,,,,,,,,,,,,,,
5388,100249066,imperishable,340,ἄφθιτον,,,,,,,,,,,,,,,,,,,,,,,,,,,,,,,,,,,,,,
5389,100249067,water,340,ὕδωρ,,,,,,,,,,,,,,,,,,,,,,,,,,,,,,,,,,,,,,
5390,100249068,ancient,340,ὠγύγιον,,,,,,,,,,,,,,,,,,,,,,,,,,,,,,,,,,,,,,
5391,100249070,which,340,τὸ,,,,,,,,,,,,,,,,,,,,,,,,,,,,,,,,,,,,,,
5392,100249071,they,340,δ’,,,,,,,,,,,,,,,,,,,,,,,,,,,,,,,,,,,,,,
5393,100249072,send,340,ἵησι,,,,,,,,,,,,,,,,,,,,,,,,,,,,,,,,,,,,,,
5394,100249073,gloomy,340,καταστυφέλου,,,,,,,,,,,,,,,,,,,,,,,,,,,,,,,,,,,,,,
5395,100249074,through,340,διὰ,,,,,,,,,,,,,,,,,,,,,,,,,,,,,,,,,,,,,,
5396,100249075,abyss,340,χώρου,,,,,,,,,,,,,,,,,,,,,,,,,,,,,,,,,,,,,,
5397,100249077,There,341,ἔνθα,,,,,,,,,,,,,,,,,,,,,,,,,,,,,,,,,,,,,,
5398,100249079,Earth,341,γῆς,,,,,,,,,,,,,,,,,,,,,,,,,,,,,,,,,,,,,,
5399,100249080,dark,341,δνοφερῆς,,,,,,,,,,,,,,,,,,,,,,,,,,,,,,,,,,,,,,
5400,100249082,Tartarus,341,Ταρτάρου,,,,,,,,,,,,,,,,,,,,,,,,,,,,,,,,,,,,,,
5401,100249083,misty,341,ἠερόεντος,,,,,,,,,,,,,,,,,,,,,,,,,,,,,,,,,,,,,,
5402,100249084,sea,341,πόντου,,,,,,,,,,,,,,,,,,,,,,,,,,,,,,,,,,,,,,
5403,100249088,sky,341,οὐρανοῦ,,,,,,,,,,,,,,,,,,,,,,,,,,,,,,,,,,,,,,
5404,100249089,starry,341,ἀστερόεντος,,,,,,,,,,,,,,,,,,,,,,,,,,,,,,,,,,,,,,
5405,100249091,all,341,πάντων,,,,,,,,,,,,,,,,,,,,,,,,,,,,,,,,,,,,,,
5406,100249092,sources,341,πηγαὶ,,,,,,,,,,,,,,,,,,,,,,,,,,,,,,,,,,,,,,
5407,100249094,limits,341,πείρατ’,,,,,,,,,,,,,,,,,,,,,,,,,,,,,,,,,,,,,,
5408,100249095,are,341,ἔασιν,,,,,,,,,,,,,,,,,,,,,,,,,,,,,,,,,,,,,,
5409,100249096,terrible,341,ἀργαλέ’,,,,,,,,,,,,,,,,,,,,,,,,,,,,,,,,,,,,,,
5410,100249097,hard,341,εὐρώεντα,,,,,,,,,,,,,,,,,,,,,,,,,,,,,,,,,,,,,,
5411,100249099,which,341,τά,,,,,,,,,,,,,,,,,,,,,,,,,,,,,,,,,,,,,,
5412,100249101,hate,341,στυγέουσι,,,,,,,,,,,,,,,,,,,,,,,,,,,,,,,,,,,,,,
5413,100249102,gods,341,θεοί,,,,,,,,,,,,,,,,,,,,,,,,,,,,,,,,,,,,,,
5414,100249105,There,342,ἔνθα,,,,,,,,,,,,,,,,,,,,,,,,,,,,,,,,,,,,,,
5415,100249107,marble,342,μαρμάρεαί,,,,,,,,,,,,,,,,,,,,,,,,,,,,,,,,,,,,,,
5416,100249109,gates,342,πύλαι,,,,,,,,,,,,,,,,,,,,,,,,,,,,,,,,,,,,,,
5417,100249110,and,342,καὶ,,,,,,,,,,,,,,,,,,,,,,,,,,,,,,,,,,,,,,
5418,100249111,bronze,342,χάλκεος,,,,,,,,,,,,,,,,,,,,,,,,,,,,,,,,,,,,,,
5419,100249112,threshold,342,οὐδὸς,,,,,,,,,,,,,,,,,,,,,,,,,,,,,,,,,,,,,,
5420,100249113,unbroken,342,ἀστεμφής,,,,,,,,,,,,,,,,,,,,,,,,,,,,,,,,,,,,,,
5421,100249117,fastened,342,ἀρηρώς,,,,,,,,,,,,,,,,,,,,,,,,,,,,,,,,,,,,,,
5422,100249115,roots,342,ῥίζῃσι,,,,,,,,,,,,,,,,,,,,,,,,,,,,,,,,,,,,,,
5423,100249116,endless,342,διηνεκέεσσιν,,,,,,,,,,,,,,,,,,,,,,,,,,,,,,,,,,,,,,
5424,100249119,self-grown,342,αὐτοφυής,,,,,,,,,,,,,,,,,,,,,,,,,,,,,,,,,,,,,,
5425,100249121,Before,343,πρόσθεν,,,,,,,,,,,,,,,,,,,,,,,,,,,,,,,,,,,,,,
5426,100249125,all,343,ἁπάντων,,,,,,,,,,,,,,,,,,,,,,,,,,,,,,,,,,,,,,
5427,100249123,the gods,343,θεῶν,,,,,,,,,,,,,,,,,,,,,,,,,,,,,,,,,,,,,,
5428,100249126,the Titans,343,Τιτῆνες,,,,,,,,,,,,,,,,,,,,,,,,,,,,,,,,,,,,,,
5429,100249127,dwell,343,ναίουσι,,,,,,,,,,,,,,,,,,,,,,,,,,,,,,,,,,,,,,
5430,100249124,outside,343,ἔκτοσθεν,,,,,,,,,,,,,,,,,,,,,,,,,,,,,,,,,,,,,,
5431,100249129,beyond,343,πέρην,,,,,,,,,,,,,,,,,,,,,,,,,,,,,,,,,,,,,,
5432,100249131,gloomy,343,ζοφεροῖο,,,,,,,,,,,,,,,,,,,,,,,,,,,,,,,,,,,,,,
5433,100249130,Chaos,343,Χάεος,,,,,,,,,,,,,,,,,,,,,,,,,,,,,,,,,,,,,,
5434,100249133,But,344,αὐτὰρ,,,,,,,,,,,,,,,,,,,,,,,,,,,,,,,,,,,,,,
5435,100249134,warlike,344,ἐρισμαράγοιο,,,,,,,,,,,,,,,,,,,,,,,,,,,,,,,,,,,,,,
5436,100249135,of Zeus,344,Διὸς,,,,,,,,,,,,,,,,,,,,,,,,,,,,,,,,,,,,,,
5437,100249136,famous,344,κλειτοὶ,,,,,,,,,,,,,,,,,,,,,,,,,,,,,,,,,,,,,,
5438,100249137,allies,344,ἐπίκουροι,,,,,,,,,,,,,,,,,,,,,,,,,,,,,,,,,,,,,,
5439,100249138,houses,344,δώματα,,,,,,,,,,,,,,,,,,,,,,,,,,,,,,,,,,,,,,
5440,100249139,dwell,344,ναιετάουσιν,,,,,,,,,,,,,,,,,,,,,,,,,,,,,,,,,,,,,,
5441,100249140,upon,344,ἐπ’,,,,,,,,,,,,,,,,,,,,,,,,,,,,,,,,,,,,,,
5442,100249141,Ocean,344,Ὠκεανοῖο,,,,,,,,,,,,,,,,,,,,,,,,,,,,,,,,,,,,,,
5443,100249142,foundations,344,θεμέθλοις,,,,,,,,,,,,,,,,,,,,,,,,,,,,,,,,,,,,,,
5444,100249144,Cottus,344,Κόττος,,,,,,,,,,,,,,,,,,,,,,,,,,,,,,,,,,,,,,
5445,100249145,and,344,τ’,,,,,,,,,,,,,,,,,,,,,,,,,,,,,,,,,,,,,,
5446,100249146,and,344,ἠδὲ,,,,,,,,,,,,,,,,,,,,,,,,,,,,,,,,,,,,,,
5447,100249147,Briareos,344,Γύης,,,,,,,,,,,,,,,,,,,,,,,,,,,,,,,,,,,,,,
5448,100249150,But,345,γε,,,,,,,,,,,,,,,,,,,,,,,,,,,,,,,,,,,,,,
5449,100249151,But,345,μὲν,,,,,,,,,,,,,,,,,,,,,,,,,,,,,,,,,,,,,,
5450,100249152,well-fitted,345,ἠὺν,,,,,,,,,,,,,,,,,,,,,,,,,,,,,,,,,,,,,,
5451,100249153,well-fitted,345,ἐόντα,,,,,,,,,,,,,,,,,,,,,,,,,,,,,,,,,,,,,,
5452,100249154,son-in-law,345,γαμβρὸν,,,,,,,,,,,,,,,,,,,,,,,,,,,,,,,,,,,,,,
5453,100249155,his,345,ἑὸν,,,,,,,,,,,,,,,,,,,,,,,,,,,,,,,,,,,,,,
5454,100249156,made,345,ποίησε,,,,,,,,,,,,,,,,,,,,,,,,,,,,,,,,,,,,,,
5455,100249157,earth-shaker,345,βαρύκτυπος,,,,,,,,,,,,,,,,,,,,,,,,,,,,,,,,,,,,,,
5456,100249158,Poseidon,345,Ἐννοσίγαιος,,,,,,,,,,,,,,,,,,,,,,,,,,,,,,,,,,,,,,
5457,100249160,gave,345,δῶκε,,,,,,,,,,,,,,,,,,,,,,,,,,,,,,,,,,,,,,
5458,100249161,and,345,δὲ,,,,,,,,,,,,,,,,,,,,,,,,,,,,,,,,,,,,,,
5459,100249162,Cymopoleia,345,Κυμοπόλειαν,,,,,,,,,,,,,,,,,,,,,,,,,,,,,,,,,,,,,,
5460,100249163,to be,345,ὀπυίειν,,,,,,,,,,,,,,,,,,,,,,,,,,,,,,,,,,,,,,
5461,100249155,his,345,ἑὸν,,,,,,,,,,,,,,,,,,,,,,,,,,,,,,,,,,,,,,
5462,100249165,wife,345,θυγατέρα,,,,,,,,,,,,,,,,,,,,,,,,,,,,,,,,,,,,,,
5463,100249166,wife,345,ἥν,,,,,,,,,,,,,,,,,,,,,,,,,,,,,,,,,,,,,,
5464,100249165,daughter,345,θυγατέρα,,,,,,,,,,,,,,,,,,,,,,,,,,,,,,,,,,,,,,
5465,100249168,But,346,αὐτὰρ,,,,,,,,,,,,,,,,,,,,,,,,,,,,,,,,,,,,,,
5466,100249169,after,346,ἐπεὶ,,,,,,,,,,,,,,,,,,,,,,,,,,,,,,,,,,,,,,
5467,100249174,Zeus,346,Ζεύς,,,,,,,,,,,,,,,,,,,,,,,,,,,,,,,,,,,,,,
5468,100249170,Titans,346,Τιτῆνας,,,,,,,,,,,,,,,,,,,,,,,,,,,,,,,,,,,,,,
5469,100249171,from,346,ἀπ’,,,,,,,,,,,,,,,,,,,,,,,,,,,,,,,,,,,,,,
5470,100249172,sky,346,οὐρανοῦ,,,,,,,,,,,,,,,,,,,,,,,,,,,,,,,,,,,,,,
5471,100249173,driven,346,ἐξέλασεν,,,,,,,,,,,,,,,,,,,,,,,,,,,,,,,,,,,,,,
5472,100249180,Earth,346,Γαῖα,,,,,,,,,,,,,,,,,,,,,,,,,,,,,,,,,,,,,,
5473,100249181,monster,346,πελώρη,,,,,,,,,,,,,,,,,,,,,,,,,,,,,,,,,,,,,,
5474,100249183,in,346,ἐν,,,,,,,,,,,,,,,,,,,,,,,,,,,,,,,,,,,,,,
5475,100249182,Tartarus,346,Ταρτάρου,,,,,,,,,,,,,,,,,,,,,,,,,,,,,,,,,,,,,,
5476,100249185,through,346,διὰ,,,,,,,,,,,,,,,,,,,,,,,,,,,,,,,,,,,,,,
5477,100249186,golden,346,χρυσέην,,,,,,,,,,,,,,,,,,,,,,,,,,,,,,,,,,,,,,
5478,100249187,Aphrodite,346,Ἀφροδίτην,,,,,,,,,,,,,,,,,,,,,,,,,,,,,,,,,,,,,,
5479,100249176,cunning,346,ὁπλότατον,,,,,,,,,,,,,,,,,,,,,,,,,,,,,,,,,,,,,,
5480,100249177,bore,346,τέκε,,,,,,,,,,,,,,,,,,,,,,,,,,,,,,,,,,,,,,
5481,100249178,child,346,παῖδα,,,,,,,,,,,,,,,,,,,,,,,,,,,,,,,,,,,,,,
5482,100249179,Typhaon,346,Τυφωέα,,,,,,,,,,,,,,,,,,,,,,,,,,,,,,,,,,,,,,
5483,100249190,hands,347,χεῖρες,,,,,,,,,,,,,,,,,,,,,,,,,,,,,,,,,,,,,,
5484,100249192,are,347,ἔασιν,,,,,,,,,,,,,,,,,,,,,,,,,,,,,,,,,,,,,,
5485,100249193,on,347,ἐπ’,,,,,,,,,,,,,,,,,,,,,,,,,,,,,,,,,,,,,,
5486,100249194,strength,347,ἰσχύι,,,,,,,,,,,,,,,,,,,,,,,,,,,,,,,,,,,,,,
5487,100249197,holding,347,ἔχουσαι,,,,,,,,,,,,,,,,,,,,,,,,,,,,,,,,,,,,,,
5488,100249196,deeds,347,ἔργματ’,,,,,,,,,,,,,,,,,,,,,,,,,,,,,,,,,,,,,,
5489,100249200,feet,347,πόδες,,,,,,,,,,,,,,,,,,,,,,,,,,,,,,,,,,,,,,
5490,100249201,tireless,347,ἀκάματοι,,,,,,,,,,,,,,,,,,,,,,,,,,,,,,,,,,,,,,
5491,100249202,mighty,347,κρατεροῦ,,,,,,,,,,,,,,,,,,,,,,,,,,,,,,,,,,,,,,
5492,100249203,god,347,θεοῦ,,,,,,,,,,,,,,,,,,,,,,,,,,,,,,,,,,,,,,
5493,100249205,From,348,ἐκ,,,,,,,,,,,,,,,,,,,,,,,,,,,,,,,,,,,,,,
5494,100249206,but,348,δέ,,,,,,,,,,,,,,,,,,,,,,,,,,,,,,,,,,,,,,
5495,100249207,his,348,οἱ,,,,,,,,,,,,,,,,,,,,,,,,,,,,,,,,,,,,,,
5496,100249208,shoulders,348,ὤμων,,,,,,,,,,,,,,,,,,,,,,,,,,,,,,,,,,,,,,
5497,100249209,there were,348,ἣν,,,,,,,,,,,,,,,,,,,,,,,,,,,,,,,,,,,,,,
5498,100249210,a hundred,348,ἑκατὸν,,,,,,,,,,,,,,,,,,,,,,,,,,,,,,,,,,,,,,
5499,100249211,heads,348,κεφαλαὶ,,,,,,,,,,,,,,,,,,,,,,,,,,,,,,,,,,,,,,
5500,100249212,of snakes,348,ὄφιος,,,,,,,,,,,,,,,,,,,,,,,,,,,,,,,,,,,,,,
5501,100249214,terrible,348,δεινοῖο,,,,,,,,,,,,,,,,,,,,,,,,,,,,,,,,,,,,,,
5502,100249215,dragon,348,δράκοντος,,,,,,,,,,,,,,,,,,,,,,,,,,,,,,,,,,,,,,
5503,100249217,with,348,γλώσσῃσιν,,,,,,,,,,,,,,,,,,,,,,,,,,,,,,,,,,,,,,
5504,100249218,dark,348,δνοφερῇσι,,,,,,,,,,,,,,,,,,,,,,,,,,,,,,,,,,,,,,
5505,100249219,licking,348,λελιχμότες,,,,,,,,,,,,,,,,,,,,,,,,,,,,,,,,,,,,,,
5506,100249221,from,348,ἐκ,,,,,,,,,,,,,,,,,,,,,,,,,,,,,,,,,,,,,,
5507,100249222,and,348,δέ,,,,,,,,,,,,,,,,,,,,,,,,,,,,,,,,,,,,,,
5508,100249223,his,348,οἱ,,,,,,,,,,,,,,,,,,,,,,,,,,,,,,,,,,,,,,
5509,100249224,eyes,348,ὄσσων,,,,,,,,,,,,,,,,,,,,,,,,,,,,,,,,,,,,,,
5510,100249225,divine,348,θεσπεσίῃς,,,,,,,,,,,,,,,,,,,,,,,,,,,,,,,,,,,,,,
5511,100249226,heads,348,κεφαλῇσιν,,,,,,,,,,,,,,,,,,,,,,,,,,,,,,,,,,,,,,
5512,100249227,beneath,348,ὑπ’,,,,,,,,,,,,,,,,,,,,,,,,,,,,,,,,,,,,,,
5513,100249228,brows,348,ὀφρύσι,,,,,,,,,,,,,,,,,,,,,,,,,,,,,,,,,,,,,,
5514,100249229,fire,348,πῦρ,,,,,,,,,,,,,,,,,,,,,,,,,,,,,,,,,,,,,,
5515,100249230,flashed,348,ἀμάρυσσεν,,,,,,,,,,,,,,,,,,,,,,,,,,,,,,,,,,,,,,
5516,100249233,And,349,δ’,,,,,,,,,,,,,,,,,,,,,,,,,,,,,,,,,,,,,,
5517,100249234,from,349,ἐκ,,,,,,,,,,,,,,,,,,,,,,,,,,,,,,,,,,,,,,
5518,100249232,all,349,πασέων,,,,,,,,,,,,,,,,,,,,,,,,,,,,,,,,,,,,,,
5519,100249235,heads,349,κεφαλέων,,,,,,,,,,,,,,,,,,,,,,,,,,,,,,,,,,,,,,
5520,100249238,one who sees,349,δερκομένοιο,,,,,,,,,,,,,,,,,,,,,,,,,,,,,,,,,,,,,,
5521,100249236,fire,349,πῦρ,,,,,,,,,,,,,,,,,,,,,,,,,,,,,,,,,,,,,,
5522,100249237,was burning,349,καίετο,,,,,,,,,,,,,,,,,,,,,,,,,,,,,,,,,,,,,,
5523,100249241,And,350,δ’,,,,,,,,,,,,,,,,,,,,,,,,,,,,,,,,,,,,,,
5524,100249240,voices,350,φωναὶ,,,,,,,,,,,,,,,,,,,,,,,,,,,,,,,,,,,,,,
5525,100249244,were,350,ἔσαν,,,,,,,,,,,,,,,,,,,,,,,,,,,,,,,,,,,,,,
5526,100249242,in,350,ἐν,,,,,,,,,,,,,,,,,,,,,,,,,,,,,,,,,,,,,,
5527,100249243,all,350,πάσῃσιν,,,,,,,,,,,,,,,,,,,,,,,,,,,,,,,,,,,,,,
5528,100249245,terrible,350,δεινῇς,,,,,,,,,,,,,,,,,,,,,,,,,,,,,,,,,,,,,,
5529,100249246,heads,350,κεφαλῇσι,,,,,,,,,,,,,,,,,,,,,,,,,,,,,,,,,,,,,,
5530,100249249,uttering,350,ἰεῖσαι,,,,,,,,,,,,,,,,,,,,,,,,,,,,,,,,,,,,,,
5531,100249247,every kind of,350,παντοίην,,,,,,,,,,,,,,,,,,,,,,,,,,,,,,,,,,,,,,
5532,100249250,unspeakable,350,ἀθέσφατον,,,,,,,,,,,,,,,,,,,,,,,,,,,,,,,,,,,,,,
5533,100249248,sound,350,ὄπ’,,,,,,,,,,,,,,,,,,,,,,,,,,,,,,,,,,,,,,
5534,100249252,Sometimes,351,ἄλλοτε,,,,,,,,,,,,,,,,,,,,,,,,,,,,,,,,,,,,,,
5535,100249253,she,351,μὲν,,,,,,,,,,,,,,,,,,,,,,,,,,,,,,,,,,,,,,
5536,100249254,would,351,γὰρ,,,,,,,,,,,,,,,,,,,,,,,,,,,,,,,,,,,,,,
5537,100249255,speak,351,φθέγγονθ’,,,,,,,,,,,,,,,,,,,,,,,,,,,,,,,,,,,,,,
5538,100249256,in,351,ὥστε,,,,,,,,,,,,,,,,,,,,,,,,,,,,,,,,,,,,,,
5539,100249257,voice,351,θεοῖσι,,,,,,,,,,,,,,,,,,,,,,,,,,,,,,,,,,,,,,
5540,100249258,like,351,συνιέμεν,,,,,,,,,,,,,,,,,,,,,,,,,,,,,,,,,,,,,,
5541,100249259,that,351,",",,,,,,,,,,,,,,,,,,,,,,,,,,,,,,,,,,,,,,
5542,100249260,of,351,ἄλλοτε,,,,,,,,,,,,,,,,,,,,,,,,,,,,,,,,,,,,,,
5543,100249261,the,351,δ’,,,,,,,,,,,,,,,,,,,,,,,,,,,,,,,,,,,,,,
5544,100249262,gods,351,αὖτε,,,,,,,,,,,,,,,,,,,,,,,,,,,,,,,,,,,,,,
5545,100249263,to,351,ταύρου,,,,,,,,,,,,,,,,,,,,,,,,,,,,,,,,,,,,,,
5546,100249264,be,351,ἐριβρύχεω,,,,,,,,,,,,,,,,,,,,,,,,,,,,,,,,,,,,,,
5547,100249265,understood,351,",",,,,,,,,,,,,,,,,,,,,,,,,,,,,,,,,,,,,,,
5548,100249266,sometimes,351,μένος,,,,,,,,,,,,,,,,,,,,,,,,,,,,,,,,,,,,,,
5549,100249267,again,351,ἀσχέτου,,,,,,,,,,,,,,,,,,,,,,,,,,,,,,,,,,,,,,
5550,100249268,she,351,",",,,,,,,,,,,,,,,,,,,,,,,,,,,,,,,,,,,,,,
5551,100249269,would,351,ὄσσαν,,,,,,,,,,,,,,,,,,,,,,,,,,,,,,,,,,,,,,
5552,100249270,roar,351,ἀγαύρου,,,,,,,,,,,,,,,,,,,,,,,,,,,,,,,,,,,,,,
5553,100249271,like,351,",",,,,,,,,,,,,,,,,,,,,,,,,,,,,,,,,,,,,,,
5554,100249272,a,351,ἄλλοτε,,,,,,,,,,,,,,,,,,,,,,,,,,,,,,,,,,,,,,
5555,100249273,bull,351,δ’,,,,,,,,,,,,,,,,,,,,,,,,,,,,,,,,,,,,,,
5556,100249274,of,351,αὖτε,,,,,,,,,,,,,,,,,,,,,,,,,,,,,,,,,,,,,,
5557,100249275,terrible,351,λέοντος,,,,,,,,,,,,,,,,,,,,,,,,,,,,,,,,,,,,,,
5558,100249276,might,351,ἀναιδέα,,,,,,,,,,,,,,,,,,,,,,,,,,,,,,,,,,,,,,
5559,100249277,with,351,θυμὸν,,,,,,,,,,,,,,,,,,,,,,,,,,,,,,,,,,,,,,
5560,100249278,the,351,ἔχοντος,,,,,,,,,,,,,,,,,,,,,,,,,,,,,,,,,,,,,,
5561,100249279,fierce,351,",",,,,,,,,,,,,,,,,,,,,,,,,,,,,,,,,,,,,,,
5562,100249280,spirit,351,ἄλλοτε,,,,,,,,,,,,,,,,,,,,,,,,,,,,,,,,,,,,,,
5563,100249281,of,351,δ’,,,,,,,,,,,,,,,,,,,,,,,,,,,,,,,,,,,,,,
5564,100249282,a,351,αὖ,,,,,,,,,,,,,,,,,,,,,,,,,,,,,,,,,,,,,,
5565,100249283,noble,351,σκυλάκεσσιν,,,,,,,,,,,,,,,,,,,,,,,,,,,,,,,,,,,,,,
5566,100249284,beast,351,ἐοικότα,,,,,,,,,,,,,,,,,,,,,,,,,,,,,,,,,,,,,,
5567,100249285,sometimes,351,",",,,,,,,,,,,,,,,,,,,,,,,,,,,,,,,,,,,,,,
5568,100249286,again,351,θαύματ’,,,,,,,,,,,,,,,,,,,,,,,,,,,,,,,,,,,,,,
5569,100249287,she,351,ἀκοῦσαι,,,,,,,,,,,,,,,,,,,,,,,,,,,,,,,,,,,,,,
5570,100249288,would,351,",",,,,,,,,,,,,,,,,,,,,,,,,,,,,,,,,,,,,,,
5571,100249289,seem,351,ἄλλοτε,,,,,,,,,,,,,,,,,,,,,,,,,,,,,,,,,,,,,,
5572,100249290,like,351,δ’,,,,,,,,,,,,,,,,,,,,,,,,,,,,,,,,,,,,,,
5573,100249291,a,351,αὖ,,,,,,,,,,,,,,,,,,,,,,,,,,,,,,,,,,,,,,
5574,100249292,puppy,351,ῥοίζεσχ’,,,,,,,,,,,,,,,,,,,,,,,,,,,,,,,,,,,,,,
5575,100249293,a,351,",",,,,,,,,,,,,,,,,,,,,,,,,,,,,,,,,,,,,,,
5576,100249294,wonder,351,ὑπὸ,,,,,,,,,,,,,,,,,,,,,,,,,,,,,,,,,,,,,,
5577,100249295,to,351,δ’,,,,,,,,,,,,,,,,,,,,,,,,,,,,,,,,,,,,,,
5578,100249296,hear,351,ἤχεεν,,,,,,,,,,,,,,,,,,,,,,,,,,,,,,,,,,,,,,
5579,100249297,sometimes,351,οὔρεα,,,,,,,,,,,,,,,,,,,,,,,,,,,,,,,,,,,,,,
5580,100249298,again,351,μακρά,,,,,,,,,,,,,,,,,,,,,,,,,,,,,,,,,,,,,,
5581,100249299,she,351,.,,,,,,,,,,,,,,,,,,,,,,,,,,,,,,,,,,,,,,
5582,100249300,would,351,,,,,,,,,,,,,,,,,,,,,,,,,,,,,,,,,,,,,,,
5583,100249301,roar,351,,,,,,,,,,,,,,,,,,,,,,,,,,,,,,,,,,,,,,,
5584,100249302,and,351,,,,,,,,,,,,,,,,,,,,,,,,,,,,,,,,,,,,,,,
5585,100249303,the,351,,,,,,,,,,,,,,,,,,,,,,,,,,,,,,,,,,,,,,,
5586,100249304,long,351,,,,,,,,,,,,,,,,,,,,,,,,,,,,,,,,,,,,,,,
5587,100249305,mountains,351,,,,,,,,,,,,,,,,,,,,,,,,,,,,,,,,,,,,,,,
5588,100249306,would,351,,,,,,,,,,,,,,,,,,,,,,,,,,,,,,,,,,,,,,,
5589,100249307,echo,351,,,,,,,,,,,,,,,,,,,,,,,,,,,,,,,,,,,,,,,
5590,100249308,beneath,351,,,,,,,,,,,,,,,,,,,,,,,,,,,,,,,,,,,,,,,
5591,100249300,And,352,καί,,,,,,,,,,,,,,,,,,,,,,,,,,,,,,,,,,,,,,
5592,100249301,indeed,352,νύ,,,,,,,,,,,,,,,,,,,,,,,,,,,,,,,,,,,,,,
5593,100249302,would,352,κεν,,,,,,,,,,,,,,,,,,,,,,,,,,,,,,,,,,,,,,
5594,100249303,come,352,ἔπλετο,,,,,,,,,,,,,,,,,,,,,,,,,,,,,,,,,,,,,,
5595,100249304,task,352,ἔργον,,,,,,,,,,,,,,,,,,,,,,,,,,,,,,,,,,,,,,
5596,100249305,unmanageable,352,ἀμήχανον,,,,,,,,,,,,,,,,,,,,,,,,,,,,,,,,,,,,,,
5597,100249306,day,352,ἤματι,,,,,,,,,,,,,,,,,,,,,,,,,,,,,,,,,,,,,,
5598,100249307,that,352,κείνῳ,,,,,,,,,,,,,,,,,,,,,,,,,,,,,,,,,,,,,,
5599,100249308,and,352,καί,,,,,,,,,,,,,,,,,,,,,,,,,,,,,,,,,,,,,,
5600,100249309,would,352,κεν,,,,,,,,,,,,,,,,,,,,,,,,,,,,,,,,,,,,,,
5601,100249310,he,352,ὅ,,,,,,,,,,,,,,,,,,,,,,,,,,,,,,,,,,,,,,
5602,100249311,ruled,352,γε,,,,,,,,,,,,,,,,,,,,,,,,,,,,,,,,,,,,,,
5603,100249312,mortals,352,θνητοῖσι,,,,,,,,,,,,,,,,,,,,,,,,,,,,,,,,,,,,,,
5604,100249313,both,352,καὶ,,,,,,,,,,,,,,,,,,,,,,,,,,,,,,,,,,,,,,
5605,100249314,immortals,352,ἀθανάτοισιν,,,,,,,,,,,,,,,,,,,,,,,,,,,,,,,,,,,,,,
5606,100249315,have,352,ἄναξεν,,,,,,,,,,,,,,,,,,,,,,,,,,,,,,,,,,,,,,
5607,100249317,if,352,εἰ,,,,,,,,,,,,,,,,,,,,,,,,,,,,,,,,,,,,,,
5608,100249318,not,352,μὴ,,,,,,,,,,,,,,,,,,,,,,,,,,,,,,,,,,,,,,
5609,100249320,keenly,352,ὀξὺ,,,,,,,,,,,,,,,,,,,,,,,,,,,,,,,,,,,,,,
5610,100249321,perceived,352,νόησε,,,,,,,,,,,,,,,,,,,,,,,,,,,,,,,,,,,,,,
5611,100249322,father,352,πατὴρ,,,,,,,,,,,,,,,,,,,,,,,,,,,,,,,,,,,,,,
5612,100249323,of,352,ἀνδρῶν,,,,,,,,,,,,,,,,,,,,,,,,,,,,,,,,,,,,,,
5613,100249324,and,352,τε,,,,,,,,,,,,,,,,,,,,,,,,,,,,,,,,,,,,,,
5614,100249325,gods,352,θεῶν,,,,,,,,,,,,,,,,,,,,,,,,,,,,,,,,,,,,,,
5615,100249326,men,352,τε,,,,,,,,,,,,,,,,,,,,,,,,,,,,,,,,,,,,,,
5616,100249328,harshly,353,σκληρὸν,,,,,,,,,,,,,,,,,,,,,,,,,,,,,,,,,,,,,,
5617,100249329,And,353,δ’,,,,,,,,,,,,,,,,,,,,,,,,,,,,,,,,,,,,,,
5618,100249330,thundered,353,ἐβρόντησε,,,,,,,,,,,,,,,,,,,,,,,,,,,,,,,,,,,,,,
5619,100249331,and,353,καὶ,,,,,,,,,,,,,,,,,,,,,,,,,,,,,,,,,,,,,,
5620,100249332,heavily,353,ὄβριμον,,,,,,,,,,,,,,,,,,,,,,,,,,,,,,,,,,,,,,
5621,100249334,and,353,ἀμφὶ,,,,,,,,,,,,,,,,,,,,,,,,,,,,,,,,,,,,,,
5622,100249335,the,353,δὲ,,,,,,,,,,,,,,,,,,,,,,,,,,,,,,,,,,,,,,
5623,100249336,earth,353,γαῖα,,,,,,,,,,,,,,,,,,,,,,,,,,,,,,,,,,,,,,
5624,100249337,dreadfully,353,σμερδαλέον,,,,,,,,,,,,,,,,,,,,,,,,,,,,,,,,,,,,,,
5625,100249338,shook,353,κονάβησε,,,,,,,,,,,,,,,,,,,,,,,,,,,,,,,,,,,,,,
5626,100249339,and,353,καὶ,,,,,,,,,,,,,,,,,,,,,,,,,,,,,,,,,,,,,,
5627,100249340,heaven,353,οὐρανὸς,,,,,,,,,,,,,,,,,,,,,,,,,,,,,,,,,,,,,,
5628,100249341,broad,353,εὐρὺς,,,,,,,,,,,,,,,,,,,,,,,,,,,,,,,,,,,,,,
5629,100249342,above,353,ὕπερθε,,,,,,,,,,,,,,,,,,,,,,,,,,,,,,,,,,,,,,
5630,100249343,sea,353,πόντος,,,,,,,,,,,,,,,,,,,,,,,,,,,,,,,,,,,,,,
5631,100249344,and,353,τ’,,,,,,,,,,,,,,,,,,,,,,,,,,,,,,,,,,,,,,
5632,100249345,Oceanus,353,Ὠκεανοῦ,,,,,,,,,,,,,,,,,,,,,,,,,,,,,,,,,,,,,,
5633,100249346,and,353,τε,,,,,,,,,,,,,,,,,,,,,,,,,,,,,,,,,,,,,,
5634,100249347,streams,353,ῥοαὶ,,,,,,,,,,,,,,,,,,,,,,,,,,,,,,,,,,,,,,
5635,100249348,and,353,καὶ,,,,,,,,,,,,,,,,,,,,,,,,,,,,,,,,,,,,,,
5636,100249349,Tartara,353,Τάρταρα,,,,,,,,,,,,,,,,,,,,,,,,,,,,,,,,,,,,,,
5637,100249350,earth,353,γαίης,,,,,,,,,,,,,,,,,,,,,,,,,,,,,,,,,,,,,,
5638,100249352,feet,354,ποσσὶ,,,,,,,,,,,,,,,,,,,,,,,,,,,,,,,,,,,,,,
5639,100249353,the,354,δ’,,,,,,,,,,,,,,,,,,,,,,,,,,,,,,,,,,,,,,
5640,100249354,beneath,354,ὕπ’,,,,,,,,,,,,,,,,,,,,,,,,,,,,,,,,,,,,,,
5641,100249355,immortals,354,ἀθανάτοισι,,,,,,,,,,,,,,,,,,,,,,,,,,,,,,,,,,,,,,
5642,100249356,Great,354,μέγας,,,,,,,,,,,,,,,,,,,,,,,,,,,,,,,,,,,,,,
5643,100249357,thundered,354,πελεμίζετ’,,,,,,,,,,,,,,,,,,,,,,,,,,,,,,,,,,,,,,
5644,100249358,Olympus,354,Ὄλυμπος,,,,,,,,,,,,,,,,,,,,,,,,,,,,,,,,,,,,,,
5645,100249359,roused,354,ὀρνυμένοιο,,,,,,,,,,,,,,,,,,,,,,,,,,,,,,,,,,,,,,
5646,100249360,lord,354,ἄνακτος,,,,,,,,,,,,,,,,,,,,,,,,,,,,,,,,,,,,,,
5647,100249363,And,355,δὲ,,,,,,,,,,,,,,,,,,,,,,,,,,,,,,,,,,,,,,
5648,100249364,earth,355,γαῖα,,,,,,,,,,,,,,,,,,,,,,,,,,,,,,,,,,,,,,
5649,100249362,groaned,355,ἐπεστενάχιζε,,,,,,,,,,,,,,,,,,,,,,,,,,,,,,,,,,,,,,
5650,100249366,heat,356,καῦμα,,,,,,,,,,,,,,,,,,,,,,,,,,,,,,,,,,,,,,
5651,100249367,and,356,δ’,,,,,,,,,,,,,,,,,,,,,,,,,,,,,,,,,,,,,,
5652,100249368,from,356,ὑπ’,,,,,,,,,,,,,,,,,,,,,,,,,,,,,,,,,,,,,,
5653,100249369,both,356,ἀμφοτέρων,,,,,,,,,,,,,,,,,,,,,,,,,,,,,,,,,,,,,,
5654,100249370,held,356,κάτεχεν,,,,,,,,,,,,,,,,,,,,,,,,,,,,,,,,,,,,,,
5655,100249371,violet-grey,356,ἰοειδέα,,,,,,,,,,,,,,,,,,,,,,,,,,,,,,,,,,,,,,
5656,100249372,sea,356,πόντον,,,,,,,,,,,,,,,,,,,,,,,,,,,,,,,,,,,,,,
5657,100249373,thunder,356,βροντῆς,,,,,,,,,,,,,,,,,,,,,,,,,,,,,,,,,,,,,,
5658,100249374,and,356,τε,,,,,,,,,,,,,,,,,,,,,,,,,,,,,,,,,,,,,,
5659,100249375,lightning,356,στεροπῆς,,,,,,,,,,,,,,,,,,,,,,,,,,,,,,,,,,,,,,
5660,100249376,and,356,τε,,,,,,,,,,,,,,,,,,,,,,,,,,,,,,,,,,,,,,
5661,100249378,fire,356,πυρός,,,,,,,,,,,,,,,,,,,,,,,,,,,,,,,,,,,,,,
5662,100249379,and,356,τ’,,,,,,,,,,,,,,,,,,,,,,,,,,,,,,,,,,,,,,
5663,100249380,from,356,ἀπὸ,,,,,,,,,,,,,,,,,,,,,,,,,,,,,,,,,,,,,,
5664,100249381,such,356,τοῖο,,,,,,,,,,,,,,,,,,,,,,,,,,,,,,,,,,,,,,
5665,100249382,monster,356,πελώρου,,,,,,,,,,,,,,,,,,,,,,,,,,,,,,,,,,,,,,
5666,100249384,hurricane-winds,356,πρηστήρων,,,,,,,,,,,,,,,,,,,,,,,,,,,,,,,,,,,,,,
5667,100249385,hurricane-winds,356,ἀνέμων,,,,,,,,,,,,,,,,,,,,,,,,,,,,,,,,,,,,,,
5668,100249386,and,356,τε,,,,,,,,,,,,,,,,,,,,,,,,,,,,,,,,,,,,,,
5669,100249387,thunderbolt,356,κεραυνοῦ,,,,,,,,,,,,,,,,,,,,,,,,,,,,,,,,,,,,,,
5670,100249388,and,356,τε,,,,,,,,,,,,,,,,,,,,,,,,,,,,,,,,,,,,,,
5671,100249389,blazing,356,φλεγέθοντος,,,,,,,,,,,,,,,,,,,,,,,,,,,,,,,,,,,,,,
5672,100249391,sit,357,ἔζεε,,,,,,,,,,,,,,,,,,,,,,,,,,,,,,,,,,,,,,
5673,100249392,and,357,δὲ,,,,,,,,,,,,,,,,,,,,,,,,,,,,,,,,,,,,,,
5674,100249393,earth,357,χθὼν,,,,,,,,,,,,,,,,,,,,,,,,,,,,,,,,,,,,,,
5675,100249394,all,357,πᾶσα,,,,,,,,,,,,,,,,,,,,,,,,,,,,,,,,,,,,,,
5676,100249395,and,357,καὶ,,,,,,,,,,,,,,,,,,,,,,,,,,,,,,,,,,,,,,
5677,100249396,sky,357,οὐρανὸς,,,,,,,,,,,,,,,,,,,,,,,,,,,,,,,,,,,,,,
5678,100249397,and,357,ἠδὲ,,,,,,,,,,,,,,,,,,,,,,,,,,,,,,,,,,,,,,
5679,100249398,sea,357,θάλασσα,,,,,,,,,,,,,,,,,,,,,,,,,,,,,,,,,,,,,,
5680,100249400,threw,358,θυῖε,,,,,,,,,,,,,,,,,,,,,,,,,,,,,,,,,,,,,,
5681,100249401,and,358,δ’,,,,,,,,,,,,,,,,,,,,,,,,,,,,,,,,,,,,,,
5682,100249402,about,358,ἄρ’,,,,,,,,,,,,,,,,,,,,,,,,,,,,,,,,,,,,,,
5683,100249403,about,358,ἀμφ’,,,,,,,,,,,,,,,,,,,,,,,,,,,,,,,,,,,,,,
5684,100249404,shores,358,ἀκτὰς,,,,,,,,,,,,,,,,,,,,,,,,,,,,,,,,,,,,,,
5685,100249405,around,358,περί,,,,,,,,,,,,,,,,,,,,,,,,,,,,,,,,,,,,,,
5686,100249406,and,358,τ’,,,,,,,,,,,,,,,,,,,,,,,,,,,,,,,,,,,,,,
5687,100249407,around,358,ἀμφί,,,,,,,,,,,,,,,,,,,,,,,,,,,,,,,,,,,,,,
5688,100249408,and,358,τε,,,,,,,,,,,,,,,,,,,,,,,,,,,,,,,,,,,,,,
5689,100249409,waves,358,κύματα,,,,,,,,,,,,,,,,,,,,,,,,,,,,,,,,,,,,,,
5690,100249410,long,358,μακρὰ,,,,,,,,,,,,,,,,,,,,,,,,,,,,,,,,,,,,,,
5691,100249411,gust,358,ῥιπῇ,,,,,,,,,,,,,,,,,,,,,,,,,,,,,,,,,,,,,,
5692,100249412,by,358,ὕπ’,,,,,,,,,,,,,,,,,,,,,,,,,,,,,,,,,,,,,,
5693,100249413,immortals,358,ἀθανάτων,,,,,,,,,,,,,,,,,,,,,,,,,,,,,,,,,,,,,,
5694,100249416,and,358,δ’,,,,,,,,,,,,,,,,,,,,,,,,,,,,,,,,,,,,,,
5695,100249415,earthquake,358,ἔνοσις,,,,,,,,,,,,,,,,,,,,,,,,,,,,,,,,,,,,,,
5696,100249417,unquenchable,358,ἄσβεστος,,,,,,,,,,,,,,,,,,,,,,,,,,,,,,,,,,,,,,
5697,100249418,arose,358,ὀρώρει,,,,,,,,,,,,,,,,,,,,,,,,,,,,,,,,,,,,,,
5698,100249420,Trembled,359,τρέε,,,,,,,,,,,,,,,,,,,,,,,,,,,,,,,,,,,,,,
5699,100249422,Hades,359,Ἀίδης,,,,,,,,,,,,,,,,,,,,,,,,,,,,,,,,,,,,,,
5700,100249424,dead,359,ἐνέροισι,,,,,,,,,,,,,,,,,,,,,,,,,,,,,,,,,,,,,,
5701,100249425,perished,359,καταφθιμένοισιν,,,,,,,,,,,,,,,,,,,,,,,,,,,,,,,,,,,,,,
5702,100249426,rules,359,ἀνάσσων,,,,,,,,,,,,,,,,,,,,,,,,,,,,,,,,,,,,,,
5703,100249428,Titans,359,Τιτῆνές,,,,,,,,,,,,,,,,,,,,,,,,,,,,,,,,,,,,,,
5704,100249430,beneath,359,ὑποταρτάριοι,,,,,,,,,,,,,,,,,,,,,,,,,,,,,,,,,,,,,,
5705,100249432,Cronus,359,Κρόνον,,,,,,,,,,,,,,,,,,,,,,,,,,,,,,,,,,,,,,
5706,100249433,around,359,ἀμφὶς,,,,,,,,,,,,,,,,,,,,,,,,,,,,,,,,,,,,,,
5707,100249434,being,359,ἐόντες,,,,,,,,,,,,,,,,,,,,,,,,,,,,,,,,,,,,,,
5708,100249436,unceasing,359,ἀσβέστου,,,,,,,,,,,,,,,,,,,,,,,,,,,,,,,,,,,,,,
5709,100249437,roar,359,κελάδοιο,,,,,,,,,,,,,,,,,,,,,,,,,,,,,,,,,,,,,,
5710,100249439,terrible,359,αἰνῆς,,,,,,,,,,,,,,,,,,,,,,,,,,,,,,,,,,,,,,
5711,100249440,violence,359,δηιοτῆτος,,,,,,,,,,,,,,,,,,,,,,,,,,,,,,,,,,,,,,
5712,100249442,Zeus,360,Ζεὺς,,,,,,,,,,,,,,,,,,,,,,,,,,,,,,,,,,,,,,
5713,100249443,But,360,δ’,,,,,,,,,,,,,,,,,,,,,,,,,,,,,,,,,,,,,,
5714,100249444,when,360,ἐπεὶ,,,,,,,,,,,,,,,,,,,,,,,,,,,,,,,,,,,,,,
5715,100249445,he,360,οὖν,,,,,,,,,,,,,,,,,,,,,,,,,,,,,,,,,,,,,,
5716,100249446,had,360,κόρθυνεν,,,,,,,,,,,,,,,,,,,,,,,,,,,,,,,,,,,,,,
5717,100249447,thus,360,ἑὸν,,,,,,,,,,,,,,,,,,,,,,,,,,,,,,,,,,,,,,
5718,100249448,gathered,360,μένος,,,,,,,,,,,,,,,,,,,,,,,,,,,,,,,,,,,,,,
5719,100249449,his,360,",",,,,,,,,,,,,,,,,,,,,,,,,,,,,,,,,,,,,,,
5720,100249450,strength,360,εἵλετο,,,,,,,,,,,,,,,,,,,,,,,,,,,,,,,,,,,,,,
5721,100249451,took,360,δ’,,,,,,,,,,,,,,,,,,,,,,,,,,,,,,,,,,,,,,
5722,100249452,up,360,ὅπλα,,,,,,,,,,,,,,,,,,,,,,,,,,,,,,,,,,,,,,
5723,100249453,his,360,",",,,,,,,,,,,,,,,,,,,,,,,,,,,,,,,,,,,,,,
5724,100249454,weapons,360,βροντήν,,,,,,,,,,,,,,,,,,,,,,,,,,,,,,,,,,,,,,
5725,100249455,thunder,360,τε,,,,,,,,,,,,,,,,,,,,,,,,,,,,,,,,,,,,,,
5726,100249456,and,360,στεροπήν,,,,,,,,,,,,,,,,,,,,,,,,,,,,,,,,,,,,,,
5727,100249457,lightning,360,τε,,,,,,,,,,,,,,,,,,,,,,,,,,,,,,,,,,,,,,
5728,100249458,and,360,καὶ,,,,,,,,,,,,,,,,,,,,,,,,,,,,,,,,,,,,,,
5729,100249459,the,360,αἰθαλόεντα,,,,,,,,,,,,,,,,,,,,,,,,,,,,,,,,,,,,,,
5730,100249460,gleaming,360,κεραυνόν,,,,,,,,,,,,,,,,,,,,,,,,,,,,,,,,,,,,,,
5731,100249461,thunderbolt,360,",",,,,,,,,,,,,,,,,,,,,,,,,,,,,,,,,,,,,,,
5732,100249462,and,360,πλῆξεν,,,,,,,,,,,,,,,,,,,,,,,,,,,,,,,,,,,,,,
5733,100249463,he,360,ἀπ’,,,,,,,,,,,,,,,,,,,,,,,,,,,,,,,,,,,,,,
5734,100249464,struck,360,Οὐλύμποιο,,,,,,,,,,,,,,,,,,,,,,,,,,,,,,,,,,,,,,
5735,100249465,them,360,ἐπάλμενος,,,,,,,,,,,,,,,,,,,,,,,,,,,,,,,,,,,,,,
5736,100249466,down,360,.,,,,,,,,,,,,,,,,,,,,,,,,,,,,,,,,,,,,,,
5737,100249467,from,360,,,,,,,,,,,,,,,,,,,,,,,,,,,,,,,,,,,,,,,
5738,100249468,Olympus,360,,,,,,,,,,,,,,,,,,,,,,,,,,,,,,,,,,,,,,,
5739,100249469,leaping,360,,,,,,,,,,,,,,,,,,,,,,,,,,,,,,,,,,,,,,,
5740,100249470,forth,360,,,,,,,,,,,,,,,,,,,,,,,,,,,,,,,,,,,,,,,
5741,100249467,around,361,ἀμφὶ,,,,,,,,,,,,,,,,,,,,,,,,,,,,,,,,,,,,,,
5742,100249468,And,361,δὲ,,,,,,,,,,,,,,,,,,,,,,,,,,,,,,,,,,,,,,
5743,100249469,all,361,πάσας,,,,,,,,,,,,,,,,,,,,,,,,,,,,,,,,,,,,,,
5744,100249472,heads,361,κεφαλὰς,,,,,,,,,,,,,,,,,,,,,,,,,,,,,,,,,,,,,,
5745,100249471,monster,361,θεσπεσίας,,,,,,,,,,,,,,,,,,,,,,,,,,,,,,,,,,,,,,
5746,100249473,dread,361,δεινοῖο,,,,,,,,,,,,,,,,,,,,,,,,,,,,,,,,,,,,,,
5747,100249474,monster,361,πελώρου,,,,,,,,,,,,,,,,,,,,,,,,,,,,,,,,,,,,,,
5748,100249470,fire,361,ἔπρεσε,,,,,,,,,,,,,,,,,,,,,,,,,,,,,,,,,,,,,,
5749,100249476,But,362,αὐτὰρ,,,,,,,,,,,,,,,,,,,,,,,,,,,,,,,,,,,,,,
5750,100249477,when,362,ἐπεὶ,,,,,,,,,,,,,,,,,,,,,,,,,,,,,,,,,,,,,,
5751,100249479,he,362,μιν,,,,,,,,,,,,,,,,,,,,,,,,,,,,,,,,,,,,,,
5752,100249480,had conquered,362,δάμασεν,,,,,,,,,,,,,,,,,,,,,,,,,,,,,,,,,,,,,,
5753,100249479,him,362,μιν,,,,,,,,,,,,,,,,,,,,,,,,,,,,,,,,,,,,,,
5754,100249481,with his blows,362,πληγῇσιν,,,,,,,,,,,,,,,,,,,,,,,,,,,,,,,,,,,,,,
5755,100249482,striking him down,362,ἱμάσσας,,,,,,,,,,,,,,,,,,,,,,,,,,,,,,,,,,,,,,
5756,100249484,he fell,362,ἤριπε,,,,,,,,,,,,,,,,,,,,,,,,,,,,,,,,,,,,,,
5757,100249488,and,362,δὲ,,,,,,,,,,,,,,,,,,,,,,,,,,,,,,,,,,,,,,
5758,100249489,the vast earth,362,γαῖα,,,,,,,,,,,,,,,,,,,,,,,,,,,,,,,,,,,,,,
5759,100249490,vast,362,πελώρη,,,,,,,,,,,,,,,,,,,,,,,,,,,,,,,,,,,,,,
5760,100249487,groaned,362,στενάχιζε,,,,,,,,,,,,,,,,,,,,,,,,,,,,,,,,,,,,,,
5761,100249494,struck,363,κεραυνωθέντος,,,,,,,,,,,,,,,,,,,,,,,,,,,,,,,,,,,,,,
5762,100249495,sped,363,ἀπέσσυτο,,,,,,,,,,,,,,,,,,,,,,,,,,,,,,,,,,,,,,
5763,100249496,deep,363,τοῖο,,,,,,,,,,,,,,,,,,,,,,,,,,,,,,,,,,,,,,
5764,100249497,king,363,ἄνακτος,,,,,,,,,,,,,,,,,,,,,,,,,,,,,,,,,,,,,,
5765,100249498,mountain,363,οὔρεος,,,,,,,,,,,,,,,,,,,,,,,,,,,,,,,,,,,,,,
5766,100249499,from,363,ἐν,,,,,,,,,,,,,,,,,,,,,,,,,,,,,,,,,,,,,,
5767,100249500,glens,363,βήσσῃσιν,,,,,,,,,,,,,,,,,,,,,,,,,,,,,,,,,,,,,,
5768,100249501,rocky,363,ἀιδνῇς,,,,,,,,,,,,,,,,,,,,,,,,,,,,,,,,,,,,,,
5769,100249502,rocky,363,παιπαλοέσσῃς,,,,,,,,,,,,,,,,,,,,,,,,,,,,,,,,,,,,,,
5770,100249504,struck,363,πληγέντος,,,,,,,,,,,,,,,,,,,,,,,,,,,,,,,,,,,,,,
5771,100249506,vast,364,πολλὴ,,,,,,,,,,,,,,,,,,,,,,,,,,,,,,,,,,,,,,
5772,100249507,And,364,δὲ,,,,,,,,,,,,,,,,,,,,,,,,,,,,,,,,,,,,,,
5773,100249508,terrible,364,πελώρη,,,,,,,,,,,,,,,,,,,,,,,,,,,,,,,,,,,,,,
5774,100249510,earth,364,γαῖα,,,,,,,,,,,,,,,,,,,,,,,,,,,,,,,,,,,,,,
5775,100249509,was burning,364,καίετο,,,,,,,,,,,,,,,,,,,,,,,,,,,,,,,,,,,,,,
5776,100249511,with,364,ἀτμῇ,,,,,,,,,,,,,,,,,,,,,,,,,,,,,,,,,,,,,,
5777,100249512,divine,364,θεσπεσίῃ,,,,,,,,,,,,,,,,,,,,,,,,,,,,,,,,,,,,,,
5778,100249509,vapor,364,καίετο,,,,,,,,,,,,,,,,,,,,,,,,,,,,,,,,,,,,,,
5779,100249513,and,364,καὶ,,,,,,,,,,,,,,,,,,,,,,,,,,,,,,,,,,,,,,
5780,100249515,tin,364,κασσίτερος,,,,,,,,,,,,,,,,,,,,,,,,,,,,,,,,,,,,,,
5781,100249514,was melting,364,ἐτήκετο,,,,,,,,,,,,,,,,,,,,,,,,,,,,,,,,,,,,,,
5782,100249516,as,364,ὣς,,,,,,,,,,,,,,,,,,,,,,,,,,,,,,,,,,,,,,
5783,100249518,by,364,ὕπ’,,,,,,,,,,,,,,,,,,,,,,,,,,,,,,,,,,,,,,
5784,100249517,craft,364,τέχνῃ,,,,,,,,,,,,,,,,,,,,,,,,,,,,,,,,,,,,,,
5785,100249519,men,364,αἰζηῶν,,,,,,,,,,,,,,,,,,,,,,,,,,,,,,,,,,,,,,
5786,100249523,heated,364,θαλφθείς,,,,,,,,,,,,,,,,,,,,,,,,,,,,,,,,,,,,,,
5787,100249520,in,364,ἐν,,,,,,,,,,,,,,,,,,,,,,,,,,,,,,,,,,,,,,
5788,100249521,hollow,364,ἐυτρήτοις,,,,,,,,,,,,,,,,,,,,,,,,,,,,,,,,,,,,,,
5789,100249522,molds,364,χοάνοισι,,,,,,,,,,,,,,,,,,,,,,,,,,,,,,,,,,,,,,
5790,100249525,or,364,ἠὲ,,,,,,,,,,,,,,,,,,,,,,,,,,,,,,,,,,,,,,
5791,100249526,iron,364,σίδηρος,,,,,,,,,,,,,,,,,,,,,,,,,,,,,,,,,,,,,,
5792,100249528,which,364,ὅ,,,,,,,,,,,,,,,,,,,,,,,,,,,,,,,,,,,,,,
5793,100249531,is,364,ἐστιν,,,,,,,,,,,,,,,,,,,,,,,,,,,,,,,,,,,,,,
5794,100249529,the,364,περ,,,,,,,,,,,,,,,,,,,,,,,,,,,,,,,,,,,,,,
5795,100249530,strongest,364,κρατερώτατός,,,,,,,,,,,,,,,,,,,,,,,,,,,,,,,,,,,,,,
5796,100249536,Being,365,δαμαζόμενος,,,,,,,,,,,,,,,,,,,,,,,,,,,,,,,,,,,,,,
5797,100249536,tamed,365,δαμαζόμενος,,,,,,,,,,,,,,,,,,,,,,,,,,,,,,,,,,,,,,
5798,100249534,in,365,ἐν,,,,,,,,,,,,,,,,,,,,,,,,,,,,,,,,,,,,,,
5799,100249535,the glens,365,βήσσῃσι,,,,,,,,,,,,,,,,,,,,,,,,,,,,,,,,,,,,,,
5800,100249533,of the mountain,365,οὔρεος,,,,,,,,,,,,,,,,,,,,,,,,,,,,,,,,,,,,,,
5801,100249543,by,365,ὑφ’,,,,,,,,,,,,,,,,,,,,,,,,,,,,,,,,,,,,,,
5802,100249538,fierce,365,κηλέῳ,,,,,,,,,,,,,,,,,,,,,,,,,,,,,,,,,,,,,,
5803,100249537,fire,365,πυρὶ,,,,,,,,,,,,,,,,,,,,,,,,,,,,,,,,,,,,,,
5804,100249539,melts,365,τήκεται,,,,,,,,,,,,,,,,,,,,,,,,,,,,,,,,,,,,,,
5805,100249540,into,365,ἐν,,,,,,,,,,,,,,,,,,,,,,,,,,,,,,,,,,,,,,
5806,100249541,the earth,365,χθονὶ,,,,,,,,,,,,,,,,,,,,,,,,,,,,,,,,,,,,,,
5807,100249542,through,365,δίῃ,,,,,,,,,,,,,,,,,,,,,,,,,,,,,,,,,,,,,,
5808,100249545,the hands,365,παλάμῃσιν,,,,,,,,,,,,,,,,,,,,,,,,,,,,,,,,,,,,,,
5809,100249543,of,365,ὑφ’,,,,,,,,,,,,,,,,,,,,,,,,,,,,,,,,,,,,,,
5810,100249544,Hephaestus,365,Ἡφαίστου,,,,,,,,,,,,,,,,,,,,,,,,,,,,,,,,,,,,,,
5811,100249547,Thus,366,ὣς,,,,,,,,,,,,,,,,,,,,,,,,,,,,,,,,,,,,,,
5812,100249548,the,366,ἄρα,,,,,,,,,,,,,,,,,,,,,,,,,,,,,,,,,,,,,,
5813,100249550,earth,366,γαῖα,,,,,,,,,,,,,,,,,,,,,,,,,,,,,,,,,,,,,,
5814,100249549,melted,366,τήκετο,,,,,,,,,,,,,,,,,,,,,,,,,,,,,,,,,,,,,,
5815,100249551,beneath,366,σέλαι,,,,,,,,,,,,,,,,,,,,,,,,,,,,,,,,,,,,,,
5816,100249551,the,366,σέλαι,,,,,,,,,,,,,,,,,,,,,,,,,,,,,,,,,,,,,,
5817,100249552,radiance,366,πυρὸς,,,,,,,,,,,,,,,,,,,,,,,,,,,,,,,,,,,,,,
5818,100249553,of,366,αἰθομένοιο,,,,,,,,,,,,,,,,,,,,,,,,,,,,,,,,,,,,,,
5819,100249553,blazing,366,αἰθομένοιο,,,,,,,,,,,,,,,,,,,,,,,,,,,,,,,,,,,,,,
5820,100249552,fire,366,πυρὸς,,,,,,,,,,,,,,,,,,,,,,,,,,,,,,,,,,,,,,
5821,100249555,hurled,367,ῥῖψε,,,,,,,,,,,,,,,,,,,,,,,,,,,,,,,,,,,,,,
5822,100249556,And,367,δέ,,,,,,,,,,,,,,,,,,,,,,,,,,,,,,,,,,,,,,
5823,100249557,him,367,μιν,,,,,,,,,,,,,,,,,,,,,,,,,,,,,,,,,,,,,,
5824,100249559,furious,367,ἀκαχὼν,,,,,,,,,,,,,,,,,,,,,,,,,,,,,,,,,,,,,,
5825,100249560,into,367,ἐς,,,,,,,,,,,,,,,,,,,,,,,,,,,,,,,,,,,,,,
5826,100249562,wide,367,εὐρύν,,,,,,,,,,,,,,,,,,,,,,,,,,,,,,,,,,,,,,
5827,100249561,Tartarus,367,Τάρταρον,,,,,,,,,,,,,,,,,,,,,,,,,,,,,,,,,,,,,,
5828,100249564,From,368,ἐκ,,,,,,,,,,,,,,,,,,,,,,,,,,,,,,,,,,,,,,
5829,100249565,comes,368,δὲ,,,,,,,,,,,,,,,,,,,,,,,,,,,,,,,,,,,,,,
5830,100249566,Typhoeus,368,Τυφωέος,,,,,,,,,,,,,,,,,,,,,,,,,,,,,,,,,,,,,,
5831,100249567,comes,368,ἔστ’,,,,,,,,,,,,,,,,,,,,,,,,,,,,,,,,,,,,,,
5832,100249568,winds,368,ἀνέμων,,,,,,,,,,,,,,,,,,,,,,,,,,,,,,,,,,,,,,
5833,100249569,strength,368,μένος,,,,,,,,,,,,,,,,,,,,,,,,,,,,,,,,,,,,,,
5834,100249570,moist,368,ὑγρὸν,,,,,,,,,,,,,,,,,,,,,,,,,,,,,,,,,,,,,,
5835,100249571,blow,368,ἀέντων,,,,,,,,,,,,,,,,,,,,,,,,,,,,,,,,,,,,,,
5836,100249573,except,368,νόσφι,,,,,,,,,,,,,,,,,,,,,,,,,,,,,,,,,,,,,,
5837,100249574,Notus,368,Νότου,,,,,,,,,,,,,,,,,,,,,,,,,,,,,,,,,,,,,,
5838,100249575,Boreas,368,Βορέω,,,,,,,,,,,,,,,,,,,,,,,,,,,,,,,,,,,,,,
5839,100249576,and,368,τε,,,,,,,,,,,,,,,,,,,,,,,,,,,,,,,,,,,,,,
5840,100249577,and,368,καὶ,,,,,,,,,,,,,,,,,,,,,,,,,,,,,,,,,,,,,,
5841,100249578,bright,368,ἀργέστεω,,,,,,,,,,,,,,,,,,,,,,,,,,,,,,,,,,,,,,
5842,100249579,Zephyrus,368,Ζεφύροιο,,,,,,,,,,,,,,,,,,,,,,,,,,,,,,,,,,,,,,
5843,100249581,They,369,οἵ,,,,,,,,,,,,,,,,,,,,,,,,,,,,,,,,,,,,,,
5844,100249582,indeed,369,γε,,,,,,,,,,,,,,,,,,,,,,,,,,,,,,,,,,,,,,
5845,100249583,indeed,369,μὲν,,,,,,,,,,,,,,,,,,,,,,,,,,,,,,,,,,,,,,
5846,100249584,of,369,ἐκ,,,,,,,,,,,,,,,,,,,,,,,,,,,,,,,,,,,,,,
5847,100249585,gods,369,θεόφιν,,,,,,,,,,,,,,,,,,,,,,,,,,,,,,,,,,,,,,
5848,100249586,race,369,γενεή,,,,,,,,,,,,,,,,,,,,,,,,,,,,,,,,,,,,,,
5849,100249588,mortals,369,θνητοῖς,,,,,,,,,,,,,,,,,,,,,,,,,,,,,,,,,,,,,,
5850,100249589,great,369,μέγ’,,,,,,,,,,,,,,,,,,,,,,,,,,,,,,,,,,,,,,
5851,100249590,boon,369,ὄνειαρ,,,,,,,,,,,,,,,,,,,,,,,,,,,,,,,,,,,,,,
5852,100249593,But,370,δ’,,,,,,,,,,,,,,,,,,,,,,,,,,,,,,,,,,,,,,
5853,100249592,the,370,οἱ,,,,,,,,,,,,,,,,,,,,,,,,,,,,,,,,,,,,,,
5854,100249594,others,370,ἄλλοι,,,,,,,,,,,,,,,,,,,,,,,,,,,,,,,,,,,,,,
5855,100249595,foolishly,370,μαψαῦραι,,,,,,,,,,,,,,,,,,,,,,,,,,,,,,,,,,,,,,
5856,100249596,blow,370,ἐπιπνείουσι,,,,,,,,,,,,,,,,,,,,,,,,,,,,,,,,,,,,,,
5857,100249597,the sea,370,θάλασσαν,,,,,,,,,,,,,,,,,,,,,,,,,,,,,,,,,,,,,,
5858,100249599,These,371,αἳ,,,,,,,,,,,,,,,,,,,,,,,,,,,,,,,,,,,,,,
5859,100249600,falling,371,δή,,,,,,,,,,,,,,,,,,,,,,,,,,,,,,,,,,,,,,
5860,100249601,falling,371,τοι,,,,,,,,,,,,,,,,,,,,,,,,,,,,,,,,,,,,,,
5861,100249602,falling,371,πίπτουσαι,,,,,,,,,,,,,,,,,,,,,,,,,,,,,,,,,,,,,,
5862,100249603,into,371,ἐς,,,,,,,,,,,,,,,,,,,,,,,,,,,,,,,,,,,,,,
5863,100249604,misty,371,ἠεροειδέα,,,,,,,,,,,,,,,,,,,,,,,,,,,,,,,,,,,,,,
5864,100249605,sea,371,πόντον,,,,,,,,,,,,,,,,,,,,,,,,,,,,,,,,,,,,,,
5865,100249607,calamity,371,πῆμα,,,,,,,,,,,,,,,,,,,,,,,,,,,,,,,,,,,,,,
5866,100249608,great,371,μέγα,,,,,,,,,,,,,,,,,,,,,,,,,,,,,,,,,,,,,,
5867,100249609,mortals,371,θνητοῖσι,,,,,,,,,,,,,,,,,,,,,,,,,,,,,,,,,,,,,,
5868,100249611,destructive,371,κακῇ,,,,,,,,,,,,,,,,,,,,,,,,,,,,,,,,,,,,,,
5869,100249612,are,371,θυίουσιν,,,,,,,,,,,,,,,,,,,,,,,,,,,,,,,,,,,,,,
5870,100249613,gale,371,ἀέλλῃ,,,,,,,,,,,,,,,,,,,,,,,,,,,,,,,,,,,,,,
5871,100249615,At,372,ἄλλοτε,,,,,,,,,,,,,,,,,,,,,,,,,,,,,,,,,,,,,,
5872,100249615,one,372,ἄλλοτε,,,,,,,,,,,,,,,,,,,,,,,,,,,,,,,,,,,,,,
5873,100249615,time,372,ἄλλοτε,,,,,,,,,,,,,,,,,,,,,,,,,,,,,,,,,,,,,,
5874,100249617,they,372,ἄλλαι,,,,,,,,,,,,,,,,,,,,,,,,,,,,,,,,,,,,,,
5875,100249618,sing,372,ἄεισι,,,,,,,,,,,,,,,,,,,,,,,,,,,,,,,,,,,,,,
5876,100249616,and,372,δ’,,,,,,,,,,,,,,,,,,,,,,,,,,,,,,,,,,,,,,
5877,100249615,at,372,ἄλλοτε,,,,,,,,,,,,,,,,,,,,,,,,,,,,,,,,,,,,,,
5878,100249615,another,372,ἄλλοτε,,,,,,,,,,,,,,,,,,,,,,,,,,,,,,,,,,,,,,
5879,100249617,they,372,ἄλλαι,,,,,,,,,,,,,,,,,,,,,,,,,,,,,,,,,,,,,,
5880,100249619,scatter,372,διασκιδνᾶσί,,,,,,,,,,,,,,,,,,,,,,,,,,,,,,,,,,,,,,
5881,100249621,the,372,νῆας,,,,,,,,,,,,,,,,,,,,,,,,,,,,,,,,,,,,,,
5882,100249621,ships,372,νῆας,,,,,,,,,,,,,,,,,,,,,,,,,,,,,,,,,,,,,,
5883,100249620,and,372,τε,,,,,,,,,,,,,,,,,,,,,,,,,,,,,,,,,,,,,,
5884,100249624,destroy,372,φθείρουσι,,,,,,,,,,,,,,,,,,,,,,,,,,,,,,,,,,,,,,
5885,100249622,the,372,ναύτας,,,,,,,,,,,,,,,,,,,,,,,,,,,,,,,,,,,,,,
5886,100249622,sailors,372,ναύτας,,,,,,,,,,,,,,,,,,,,,,,,,,,,,,,,,,,,,,
5887,100249626,strength,373,κακοῦ,,,,,,,,,,,,,,,,,,,,,,,,,,,,,,,,,,,,,,
5888,100249627,is,373,δ’,,,,,,,,,,,,,,,,,,,,,,,,,,,,,,,,,,,,,,
5889,100249628,not,373,οὐ,,,,,,,,,,,,,,,,,,,,,,,,,,,,,,,,,,,,,,
5890,100249629,born,373,γίγνεται,,,,,,,,,,,,,,,,,,,,,,,,,,,,,,,,,,,,,,
5891,100249630,strength,373,ἀλκὴ,,,,,,,,,,,,,,,,,,,,,,,,,,,,,,,,,,,,,,
5892,100249631,for men,373,ἀνδράσιν,,,,,,,,,,,,,,,,,,,,,,,,,,,,,,,,,,,,,,
5893,100249633,whom,373,οἳ,,,,,,,,,,,,,,,,,,,,,,,,,,,,,,,,,,,,,,
5894,100249634,they,373,κείνῃσι,,,,,,,,,,,,,,,,,,,,,,,,,,,,,,,,,,,,,,
5895,100249635,meet,373,συνάντωνται,,,,,,,,,,,,,,,,,,,,,,,,,,,,,,,,,,,,,,
5896,100249636,along,373,κατὰ,,,,,,,,,,,,,,,,,,,,,,,,,,,,,,,,,,,,,,
5897,100249637,the sea,373,πόντον,,,,,,,,,,,,,,,,,,,,,,,,,,,,,,,,,,,,,,
5898,100249639,they,374,αἳ,,,,,,,,,,,,,,,,,,,,,,,,,,,,,,,,,,,,,,
5899,100249640,And,374,δ’,,,,,,,,,,,,,,,,,,,,,,,,,,,,,,,,,,,,,,
5900,100249641,too,374,αὖ,,,,,,,,,,,,,,,,,,,,,,,,,,,,,,,,,,,,,,
5901,100249642,lovely,374,καὶ,,,,,,,,,,,,,,,,,,,,,,,,,,,,,,,,,,,,,,
5902,100249643,boundless,374,κατὰ,,,,,,,,,,,,,,,,,,,,,,,,,,,,,,,,,,,,,,
5903,100249644,dust,374,γαῖαν,,,,,,,,,,,,,,,,,,,,,,,,,,,,,,,,,,,,,,
5904,100249645,deeds,374,ἀπείριτον,,,,,,,,,,,,,,,,,,,,,,,,,,,,,,,,,,,,,,
5905,100249646,works,374,ἀνθεμόεσσαν,,,,,,,,,,,,,,,,,,,,,,,,,,,,,,,,,,,,,,
5906,100249647,works,374,ἔργ’,,,,,,,,,,,,,,,,,,,,,,,,,,,,,,,,,,,,,,
5907,100249648,lovely,374,ἐρατὰ,,,,,,,,,,,,,,,,,,,,,,,,,,,,,,,,,,,,,,
5908,100249649,destroy,374,φθείρουσι,,,,,,,,,,,,,,,,,,,,,,,,,,,,,,,,,,,,,,
5909,100249650,earth-born,374,χαμαιγενέων,,,,,,,,,,,,,,,,,,,,,,,,,,,,,,,,,,,,,,
5910,100249651,men,374,ἀνθρώπων,,,,,,,,,,,,,,,,,,,,,,,,,,,,,,,,,,,,,,
5911,100249652,filling,374,πιμπλεῖσαι,,,,,,,,,,,,,,,,,,,,,,,,,,,,,,,,,,,,,,
5912,100249653,dust,374,κόνιός,,,,,,,,,,,,,,,,,,,,,,,,,,,,,,,,,,,,,,
5913,100249654,and,374,τε,,,,,,,,,,,,,,,,,,,,,,,,,,,,,,,,,,,,,,
5914,100249655,and,374,καὶ,,,,,,,,,,,,,,,,,,,,,,,,,,,,,,,,,,,,,,
5915,100249656,hard,374,ἀργαλέου,,,,,,,,,,,,,,,,,,,,,,,,,,,,,,,,,,,,,,
5916,100249657,toil,374,κολοσυρτοῦ,,,,,,,,,,,,,,,,,,,,,,,,,,,,,,,,,,,,,,
5917,100249659,But,375,αὐτὰρ,,,,,,,,,,,,,,,,,,,,,,,,,,,,,,,,,,,,,,
5918,100249660,when,375,ἐπεί,,,,,,,,,,,,,,,,,,,,,,,,,,,,,,,,,,,,,,
5919,100249663,blessed,375,μάκαρες,,,,,,,,,,,,,,,,,,,,,,,,,,,,,,,,,,,,,,
5920,100249664,gods,375,θεοὶ,,,,,,,,,,,,,,,,,,,,,,,,,,,,,,,,,,,,,,
5921,100249662,toil,375,πόνον,,,,,,,,,,,,,,,,,,,,,,,,,,,,,,,,,,,,,,
5922,100249665,completed,375,ἐξετέλεσσαν,,,,,,,,,,,,,,,,,,,,,,,,,,,,,,,,,,,,,,
5923,100249667,Titans,375,Τιτήνεσσι,,,,,,,,,,,,,,,,,,,,,,,,,,,,,,,,,,,,,,
5924,100249669,honors,375,τιμάων,,,,,,,,,,,,,,,,,,,,,,,,,,,,,,,,,,,,,,
5925,100249670,decided,375,κρίναντο,,,,,,,,,,,,,,,,,,,,,,,,,,,,,,,,,,,,,,
5926,100249671,by force,375,βίηφι,,,,,,,,,,,,,,,,,,,,,,,,,,,,,,,,,,,,,,
5927,100249675,then,375,τότ’,,,,,,,,,,,,,,,,,,,,,,,,,,,,,,,,,,,,,,
5928,100249676,urged,375,ὤτρυνον,,,,,,,,,,,,,,,,,,,,,,,,,,,,,,,,,,,,,,
5929,100249677,to rule,375,βασιλευέμεν,,,,,,,,,,,,,,,,,,,,,,,,,,,,,,,,,,,,,,
5930,100249679,to lord,375,ἀνάσσειν,,,,,,,,,,,,,,,,,,,,,,,,,,,,,,,,,,,,,,
5931,100249680,Earth,375,Γαίης,,,,,,,,,,,,,,,,,,,,,,,,,,,,,,,,,,,,,,
5932,100249681,counsels,375,φραδμοσύνῃσιν,,,,,,,,,,,,,,,,,,,,,,,,,,,,,,,,,,,,,,
5933,100249682,Olympian,375,Ὀλύμπιον,,,,,,,,,,,,,,,,,,,,,,,,,,,,,,,,,,,,,,
5934,100249683,wide-browed,375,εὐρύοπα,,,,,,,,,,,,,,,,,,,,,,,,,,,,,,,,,,,,,,
5935,100249684,Zeus,375,Ζῆν,,,,,,,,,,,,,,,,,,,,,,,,,,,,,,,,,,,,,,
5936,100249685,immortals,375,ἀθανάτων,,,,,,,,,,,,,,,,,,,,,,,,,,,,,,,,,,,,,,
5937,100249687,he,376,ὃ,,,,,,,,,,,,,,,,,,,,,,,,,,,,,,,,,,,,,,
5938,100249688,But,376,δὲ,,,,,,,,,,,,,,,,,,,,,,,,,,,,,,,,,,,,,,
5939,100249689,to,376,τοῖσιν,,,,,,,,,,,,,,,,,,,,,,,,,,,,,,,,,,,,,,
5940,100249690,their,376,ἑὰς,,,,,,,,,,,,,,,,,,,,,,,,,,,,,,,,,,,,,,
5941,100249691,distributed,376,διεδάσσατο,,,,,,,,,,,,,,,,,,,,,,,,,,,,,,,,,,,,,,
5942,100249692,honors,376,τιμάς,,,,,,,,,,,,,,,,,,,,,,,,,,,,,,,,,,,,,,
5943,100249694,Zeus,377,Ζεὺς,,,,,,,,,,,,,,,,,,,,,,,,,,,,,,,,,,,,,,
5944,100249695,And,377,δὲ,,,,,,,,,,,,,,,,,,,,,,,,,,,,,,,,,,,,,,
5945,100249696,of,377,θεῶν,,,,,,,,,,,,,,,,,,,,,,,,,,,,,,,,,,,,,,
5946,100249697,king,377,βασιλεὺς,,,,,,,,,,,,,,,,,,,,,,,,,,,,,,,,,,,,,,
5947,100249696,gods,377,θεῶν,,,,,,,,,,,,,,,,,,,,,,,,,,,,,,,,,,,,,,
5948,100249700,set,377,θέτο,,,,,,,,,,,,,,,,,,,,,,,,,,,,,,,,,,,,,,
5949,100249701,Metis,377,Μῆτιν,,,,,,,,,,,,,,,,,,,,,,,,,,,,,,,,,,,,,,
5950,100249698,first,377,πρώτην,,,,,,,,,,,,,,,,,,,,,,,,,,,,,,,,,,,,,,
5951,100249699,wife,377,ἄλοχον,,,,,,,,,,,,,,,,,,,,,,,,,,,,,,,,,,,,,,
5952,100249704,knowing,377,ἰδυῖαν,,,,,,,,,,,,,,,,,,,,,,,,,,,,,,,,,,,,,,
5953,100249702,most,377,πλεῖστα,,,,,,,,,,,,,,,,,,,,,,,,,,,,,,,,,,,,,,
5954,100249703,both,377,τε,,,,,,,,,,,,,,,,,,,,,,,,,,,,,,,,,,,,,,
5955,100249696,gods,377,θεῶν,,,,,,,,,,,,,,,,,,,,,,,,,,,,,,,,,,,,,,
5956,100249706,mortal,377,θνητῶν,,,,,,,,,,,,,,,,,,,,,,,,,,,,,,,,,,,,,,
5957,100249707,men,377,ἀνθρώπων,,,,,,,,,,,,,,,,,,,,,,,,,,,,,,,,,,,,,,
5958,100249709,But,378,ἀλλ’,,,,,,,,,,,,,,,,,,,,,,,,,,,,,,,,,,,,,,
5959,100249710,when,378,ὅτε,,,,,,,,,,,,,,,,,,,,,,,,,,,,,,,,,,,,,,
5960,100249711,she,378,δὴ,,,,,,,,,,,,,,,,,,,,,,,,,,,,,,,,,,,,,,
5961,100249712,was about to,378,ἄρ’,,,,,,,,,,,,,,,,,,,,,,,,,,,,,,,,,,,,,,
5962,100249713,bring forth,378,ἔμελλε,,,,,,,,,,,,,,,,,,,,,,,,,,,,,,,,,,,,,,
5963,100249714,the,378,θεὰν,,,,,,,,,,,,,,,,,,,,,,,,,,,,,,,,,,,,,,
5964,100249715,bright-eyed,378,γλαυκῶπιν,,,,,,,,,,,,,,,,,,,,,,,,,,,,,,,,,,,,,,
5965,100249716,goddess,378,Ἀθήνην,,,,,,,,,,,,,,,,,,,,,,,,,,,,,,,,,,,,,,
5966,100249716,Athena,378,Ἀθήνην,,,,,,,,,,,,,,,,,,,,,,,,,,,,,,,,,,,,,,
5967,100249717,to bear,378,τέξεσθαι,,,,,,,,,,,,,,,,,,,,,,,,,,,,,,,,,,,,,,
5968,100249719,then,378,τότ’,,,,,,,,,,,,,,,,,,,,,,,,,,,,,,,,,,,,,,
5969,100249720,afterwards,378,ἔπειτα,,,,,,,,,,,,,,,,,,,,,,,,,,,,,,,,,,,,,,
5970,100249723,having deceived,378,ἐξαπατήσας,,,,,,,,,,,,,,,,,,,,,,,,,,,,,,,,,,,,,,
5971,100249722,the mind,378,φρένας,,,,,,,,,,,,,,,,,,,,,,,,,,,,,,,,,,,,,,
5972,100249721,with,378,δόλῳ,,,,,,,,,,,,,,,,,,,,,,,,,,,,,,,,,,,,,,
5973,100249724,crafty,378,αἱμυλίοισι,,,,,,,,,,,,,,,,,,,,,,,,,,,,,,,,,,,,,,
5974,100249725,words,378,λόγοισιν,,,,,,,,,,,,,,,,,,,,,,,,,,,,,,,,,,,,,,
5975,100249727,she laid it,378,ἐσκάτθετο,,,,,,,,,,,,,,,,,,,,,,,,,,,,,,,,,,,,,,
5976,100249726,deep,378,ἑὴν,,,,,,,,,,,,,,,,,,,,,,,,,,,,,,,,,,,,,,
5977,100249728,within the womb,378,νηδὺν,,,,,,,,,,,,,,,,,,,,,,,,,,,,,,,,,,,,,,
5978,100249729,of Earth,378,Γαίης,,,,,,,,,,,,,,,,,,,,,,,,,,,,,,,,,,,,,,
5979,100249730,the wisdom,378,φραδμοσύνῃσι,,,,,,,,,,,,,,,,,,,,,,,,,,,,,,,,,,,,,,
5980,100249731,and,378,καὶ,,,,,,,,,,,,,,,,,,,,,,,,,,,,,,,,,,,,,,
5981,100249732,of Heaven,378,Οὐρανοῦ,,,,,,,,,,,,,,,,,,,,,,,,,,,,,,,,,,,,,,
5982,100249733,starry,378,ἀστερόεντος,,,,,,,,,,,,,,,,,,,,,,,,,,,,,,,,,,,,,,
5983,100249735,thus,379,τὼς,,,,,,,,,,,,,,,,,,,,,,,,,,,,,,,,,,,,,,
5984,100249736,For,379,γάρ,,,,,,,,,,,,,,,,,,,,,,,,,,,,,,,,,,,,,,
5985,100249737,him,379,οἱ,,,,,,,,,,,,,,,,,,,,,,,,,,,,,,,,,,,,,,
5986,100249738,made this known,379,φρασάτην,,,,,,,,,,,,,,,,,,,,,,,,,,,,,,,,,,,,,,
5987,100249740,so,379,ἵνα,,,,,,,,,,,,,,,,,,,,,,,,,,,,,,,,,,,,,,
5988,100249741,that no,379,μὴ,,,,,,,,,,,,,,,,,,,,,,,,,,,,,,,,,,,,,,
5989,100249742,royal,379,βασιληίδα,,,,,,,,,,,,,,,,,,,,,,,,,,,,,,,,,,,,,,
5990,100249743,honor,379,τιμὴν,,,,,,,,,,,,,,,,,,,,,,,,,,,,,,,,,,,,,,
5991,100249744,one else,379,ἄλλος,,,,,,,,,,,,,,,,,,,,,,,,,,,,,,,,,,,,,,
5992,100249745,might hold,379,ἔχοι,,,,,,,,,,,,,,,,,,,,,,,,,,,,,,,,,,,,,,
5993,100249746,Zeus,379,Διὸς,,,,,,,,,,,,,,,,,,,,,,,,,,,,,,,,,,,,,,
5994,100249747,against,379,ἀντὶ,,,,,,,,,,,,,,,,,,,,,,,,,,,,,,,,,,,,,,
5995,100249748,gods,379,θεῶν,,,,,,,,,,,,,,,,,,,,,,,,,,,,,,,,,,,,,,
5996,100249749,ever-living,379,αἰειγενετάων,,,,,,,,,,,,,,,,,,,,,,,,,,,,,,,,,,,,,,
5997,100249752,For,380,γὰρ,,,,,,,,,,,,,,,,,,,,,,,,,,,,,,,,,,,,,,
5998,100249751,from,380,ἐκ,,,,,,,,,,,,,,,,,,,,,,,,,,,,,,,,,,,,,,
5999,100249753,her,380,τῆς,,,,,,,,,,,,,,,,,,,,,,,,,,,,,,,,,,,,,,
6000,100249754,was fated,380,εἵμαρτο,,,,,,,,,,,,,,,,,,,,,,,,,,,,,,,,,,,,,,
6001,100249755,prudent,380,περίφρονα,,,,,,,,,,,,,,,,,,,,,,,,,,,,,,,,,,,,,,
6002,100249756,children,380,τέκνα,,,,,,,,,,,,,,,,,,,,,,,,,,,,,,,,,,,,,,
6003,100249757,be born,380,γενέσθαι,,,,,,,,,,,,,,,,,,,,,,,,,,,,,,,,,,,,,,
6004,100249759,First,381,πρώτην,,,,,,,,,,,,,,,,,,,,,,,,,,,,,,,,,,,,,,
6005,100249761,maiden,381,κούρην,,,,,,,,,,,,,,,,,,,,,,,,,,,,,,,,,,,,,,
6006,100249762,gray,381,γλαυκώπιδα,,,,,,,,,,,,,,,,,,,,,,,,,,,,,,,,,,,,,,
6007,100249762,eyes,381,γλαυκώπιδα,,,,,,,,,,,,,,,,,,,,,,,,,,,,,,,,,,,,,,
6008,100249763,Tritogeneia,381,Τριτογένειαν,,,,,,,,,,,,,,,,,,,,,,,,,,,,,,,,,,,,,,
6009,100249765,holding,381,ἔχουσαν,,,,,,,,,,,,,,,,,,,,,,,,,,,,,,,,,,,,,,
6010,100249764,equal,381,ἶσον,,,,,,,,,,,,,,,,,,,,,,,,,,,,,,,,,,,,,,
6011,100249767,strength,381,μένος,,,,,,,,,,,,,,,,,,,,,,,,,,,,,,,,,,,,,,
6012,100249766,father,381,πατρὶ,,,,,,,,,,,,,,,,,,,,,,,,,,,,,,,,,,,,,,
6013,100249768,and,381,καὶ,,,,,,,,,,,,,,,,,,,,,,,,,,,,,,,,,,,,,,
6014,100249769,prudent,381,ἐπίφρονα,,,,,,,,,,,,,,,,,,,,,,,,,,,,,,,,,,,,,,
6015,100249770,counsel,381,βουλήν,,,,,,,,,,,,,,,,,,,,,,,,,,,,,,,,,,,,,,
6016,100249772,But,382,αὐτὰρ,,,,,,,,,,,,,,,,,,,,,,,,,,,,,,,,,,,,,,
6017,100249773,afterwards,382,ἔπειτ’,,,,,,,,,,,,,,,,,,,,,,,,,,,,,,,,,,,,,,
6018,100249774,indeed,382,ἄρα,,,,,,,,,,,,,,,,,,,,,,,,,,,,,,,,,,,,,,
6019,100249780,was,382,ἤμελλεν,,,,,,,,,,,,,,,,,,,,,,,,,,,,,,,,,,,,,,
6020,100249781,bear,382,τέξεσθαι,,,,,,,,,,,,,,,,,,,,,,,,,,,,,,,,,,,,,,
6021,100249775,son,382,παῖδα,,,,,,,,,,,,,,,,,,,,,,,,,,,,,,,,,,,,,,
6022,100249776,of,382,θεῶν,,,,,,,,,,,,,,,,,,,,,,,,,,,,,,,,,,,,,,
6023,100249777,gods,382,βασιλῆα,,,,,,,,,,,,,,,,,,,,,,,,,,,,,,,,,,,,,,
6024,100249778,and,382,καὶ,,,,,,,,,,,,,,,,,,,,,,,,,,,,,,,,,,,,,,
6025,100249779,men,382,ἀνδρῶν,,,,,,,,,,,,,,,,,,,,,,,,,,,,,,,,,,,,,,
6026,100249777,king,382,βασιλῆα,,,,,,,,,,,,,,,,,,,,,,,,,,,,,,,,,,,,,,
6027,100249783,transgressive,382,ὑπέρβιον,,,,,,,,,,,,,,,,,,,,,,,,,,,,,,,,,,,,,,
6028,100249784,heart,382,ἦτορ,,,,,,,,,,,,,,,,,,,,,,,,,,,,,,,,,,,,,,
6029,100249787,But,383,ἀλλ’,,,,,,,,,,,,,,,,,,,,,,,,,,,,,,,,,,,,,,
6030,100249788,indeed,383,ἄρα,,,,,,,,,,,,,,,,,,,,,,,,,,,,,,,,,,,,,,
6031,100249790,Zeus,383,Ζεὺς,,,,,,,,,,,,,,,,,,,,,,,,,,,,,,,,,,,,,,
6032,100249791,previously,383,πρόσθεν,,,,,,,,,,,,,,,,,,,,,,,,,,,,,,,,,,,,,,
6033,100249793,placed,383,ἐσκάτθετο,,,,,,,,,,,,,,,,,,,,,,,,,,,,,,,,,,,,,,
6034,100249792,evil,383,ἑὴν,,,,,,,,,,,,,,,,,,,,,,,,,,,,,,,,,,,,,,
6035,100249794,belly,383,νηδύν,,,,,,,,,,,,,,,,,,,,,,,,,,,,,,,,,,,,,,
6036,100249796,so that,383,ὡς,,,,,,,,,,,,,,,,,,,,,,,,,,,,,,,,,,,,,,
6037,100249797,indeed,383,δή,,,,,,,,,,,,,,,,,,,,,,,,,,,,,,,,,,,,,,
6038,100249798,the goddess,383,οἱ,,,,,,,,,,,,,,,,,,,,,,,,,,,,,,,,,,,,,,
6039,100249799,discern,383,φράσσαιτο,,,,,,,,,,,,,,,,,,,,,,,,,,,,,,,,,,,,,,
6040,100249800,the goddess,383,θεὰ,,,,,,,,,,,,,,,,,,,,,,,,,,,,,,,,,,,,,,
6041,100249801,good,383,ἀγαθόν,,,,,,,,,,,,,,,,,,,,,,,,,,,,,,,,,,,,,,
6042,100249802,and,383,τε,,,,,,,,,,,,,,,,,,,,,,,,,,,,,,,,,,,,,,
6043,100249803,evil,383,κακόν,,,,,,,,,,,,,,,,,,,,,,,,,,,,,,,,,,,,,,
6044,100249804,and,383,τε,,,,,,,,,,,,,,,,,,,,,,,,,,,,,,,,,,,,,,
6045,100249806,Next,384,δεύτερον,,,,,,,,,,,,,,,,,,,,,,,,,,,,,,,,,,,,,,
6046,100249807,bore,384,ἠγάγετο,,,,,,,,,,,,,,,,,,,,,,,,,,,,,,,,,,,,,,
6047,100249808,shining,384,λιπαρὴν,,,,,,,,,,,,,,,,,,,,,,,,,,,,,,,,,,,,,,
6048,100249809,Themis,384,Θέμιν,,,,,,,,,,,,,,,,,,,,,,,,,,,,,,,,,,,,,,
6049,100249811,who,384,ἣ,,,,,,,,,,,,,,,,,,,,,,,,,,,,,,,,,,,,,,
6050,100249812,bore,384,τέκεν,,,,,,,,,,,,,,,,,,,,,,,,,,,,,,,,,,,,,,
6051,100249813,the Seasons,384,Ὥρας,,,,,,,,,,,,,,,,,,,,,,,,,,,,,,,,,,,,,,
6052,100249815,Eunomia,384,Εὐνουμίην,,,,,,,,,,,,,,,,,,,,,,,,,,,,,,,,,,,,,,
6053,100249816,and,384,τε,,,,,,,,,,,,,,,,,,,,,,,,,,,,,,,,,,,,,,
6054,100249817,Justice,384,Δίκην,,,,,,,,,,,,,,,,,,,,,,,,,,,,,,,,,,,,,,
6055,100249818,and,384,τε,,,,,,,,,,,,,,,,,,,,,,,,,,,,,,,,,,,,,,
6056,100249819,and,384,καὶ,,,,,,,,,,,,,,,,,,,,,,,,,,,,,,,,,,,,,,
6057,100249820,Peace,384,Εἰρήνην,,,,,,,,,,,,,,,,,,,,,,,,,,,,,,,,,,,,,,
6058,100249821,in bloom,384,τεθαλυῖαν,,,,,,,,,,,,,,,,,,,,,,,,,,,,,,,,,,,,,,
6059,100249823,through whom,384,αἳ,,,,,,,,,,,,,,,,,,,,,,,,,,,,,,,,,,,,,,
6060,100249826,mortals,384,καταθνητοῖσι,,,,,,,,,,,,,,,,,,,,,,,,,,,,,,,,,,,,,,
6061,100249827,mortals,384,βροτοῖσι,,,,,,,,,,,,,,,,,,,,,,,,,,,,,,,,,,,,,,
6062,100249824,their works,384,ἔργ’,,,,,,,,,,,,,,,,,,,,,,,,,,,,,,,,,,,,,,
6063,100249825,perform,384,ὠρεύουσι,,,,,,,,,,,,,,,,,,,,,,,,,,,,,,,,,,,,,,
6064,100249830,and,384,θ’,,,,,,,,,,,,,,,,,,,,,,,,,,,,,,,,,,,,,,
6065,100249829,the Fates,384,Μοίρας,,,,,,,,,,,,,,,,,,,,,,,,,,,,,,,,,,,,,,
6066,100249832,to whom,384,ᾗ,,,,,,,,,,,,,,,,,,,,,,,,,,,,,,,,,,,,,,
6067,100249833,all-honored,384,πλείστην,,,,,,,,,,,,,,,,,,,,,,,,,,,,,,,,,,,,,,
6068,100249834,honor,384,τιμὴν,,,,,,,,,,,,,,,,,,,,,,,,,,,,,,,,,,,,,,
6069,100249835,gave,384,πόρε,,,,,,,,,,,,,,,,,,,,,,,,,,,,,,,,,,,,,,
6070,100249836,all-honored,384,μητίετα,,,,,,,,,,,,,,,,,,,,,,,,,,,,,,,,,,,,,,
6071,100249837,Zeus,384,Ζεύς,,,,,,,,,,,,,,,,,,,,,,,,,,,,,,,,,,,,,,
6072,100249839,Clotho,384,Κλωθώ,,,,,,,,,,,,,,,,,,,,,,,,,,,,,,,,,,,,,,
6073,100249840,and,384,τε,,,,,,,,,,,,,,,,,,,,,,,,,,,,,,,,,,,,,,
6074,100249841,Lachesis,384,Λάχεσίν,,,,,,,,,,,,,,,,,,,,,,,,,,,,,,,,,,,,,,
6075,100249842,and,384,τε,,,,,,,,,,,,,,,,,,,,,,,,,,,,,,,,,,,,,,
6076,100249843,and,384,καὶ,,,,,,,,,,,,,,,,,,,,,,,,,,,,,,,,,,,,,,
6077,100249844,Atropos,384,Ἄτροπον,,,,,,,,,,,,,,,,,,,,,,,,,,,,,,,,,,,,,,
6078,100249846,who,384,αἵτε,,,,,,,,,,,,,,,,,,,,,,,,,,,,,,,,,,,,,,
6079,100249847,give,384,διδοῦσι,,,,,,,,,,,,,,,,,,,,,,,,,,,,,,,,,,,,,,
6080,100249848,mortals,384,θνητοῖς,,,,,,,,,,,,,,,,,,,,,,,,,,,,,,,,,,,,,,
6081,100249849,to humans,384,ἀνθρώποισιν,,,,,,,,,,,,,,,,,,,,,,,,,,,,,,,,,,,,,,
6082,100249850,to have,384,ἔχειν,,,,,,,,,,,,,,,,,,,,,,,,,,,,,,,,,,,,,,
6083,100249851,good,384,ἀγαθόν,,,,,,,,,,,,,,,,,,,,,,,,,,,,,,,,,,,,,,
6084,100249852,both,384,τε,,,,,,,,,,,,,,,,,,,,,,,,,,,,,,,,,,,,,,
6085,100249853,evil,384,κακόν,,,,,,,,,,,,,,,,,,,,,,,,,,,,,,,,,,,,,,
6086,100249854,and,384,τε,,,,,,,,,,,,,,,,,,,,,,,,,,,,,,,,,,,,,,
6087,100249856,three,385,τρεῖς,,,,,,,,,,,,,,,,,,,,,,,,,,,,,,,,,,,,,,
6088,100249857,And,385,δέ,,,,,,,,,,,,,,,,,,,,,,,,,,,,,,,,,,,,,,
6089,100249859,Eurynome,385,Εὐρυνόμη,,,,,,,,,,,,,,,,,,,,,,,,,,,,,,,,,,,,,,
6090,100249860,Graces,385,Χάριτας,,,,,,,,,,,,,,,,,,,,,,,,,,,,,,,,,,,,,,
6091,100249861,bore,385,τέκε,,,,,,,,,,,,,,,,,,,,,,,,,,,,,,,,,,,,,,
6092,100249864,Oceanus,385,Ὠκεανοῦ,,,,,,,,,,,,,,,,,,,,,,,,,,,,,,,,,,,,,,
6093,100249865,daughter,385,κούρη,,,,,,,,,,,,,,,,,,,,,,,,,,,,,,,,,,,,,,
6094,100249867,most,385,πολυήρατον,,,,,,,,,,,,,,,,,,,,,,,,,,,,,,,,,,,,,,
6095,100249868,appearance,385,εἶδος,,,,,,,,,,,,,,,,,,,,,,,,,,,,,,,,,,,,,,
6096,100249869,possessed,385,ἔχουσα,,,,,,,,,,,,,,,,,,,,,,,,,,,,,,,,,,,,,,
6097,100249871,Aglaea,385,Ἀγλαΐην,,,,,,,,,,,,,,,,,,,,,,,,,,,,,,,,,,,,,,
6098,100249872,and,385,τε,,,,,,,,,,,,,,,,,,,,,,,,,,,,,,,,,,,,,,
6099,100249873,and,385,καὶ,,,,,,,,,,,,,,,,,,,,,,,,,,,,,,,,,,,,,,
6100,100249874,Euphrosyne,385,Εὐφροσύνην,,,,,,,,,,,,,,,,,,,,,,,,,,,,,,,,,,,,,,
6101,100249875,Thalia,385,Θαλίην,,,,,,,,,,,,,,,,,,,,,,,,,,,,,,,,,,,,,,
6102,100249876,and,385,τ’,,,,,,,,,,,,,,,,,,,,,,,,,,,,,,,,,,,,,,
6103,100249877,lovely,385,ἐρατεινήν,,,,,,,,,,,,,,,,,,,,,,,,,,,,,,,,,,,,,,
6104,100249881,From,386,ἀπὸ,,,,,,,,,,,,,,,,,,,,,,,,,,,,,,,,,,,,,,
6105,100249879,their,386,τῶν,,,,,,,,,,,,,,,,,,,,,,,,,,,,,,,,,,,,,,
6106,100249882,eyes,386,βλεφάρων,,,,,,,,,,,,,,,,,,,,,,,,,,,,,,,,,,,,,,
6107,100249880,even,386,καὶ,,,,,,,,,,,,,,,,,,,,,,,,,,,,,,,,,,,,,,
6108,100249883,looking,386,ἔρος,,,,,,,,,,,,,,,,,,,,,,,,,,,,,,,,,,,,,,
6109,100249885,eyes,386,δερκομενάων,,,,,,,,,,,,,,,,,,,,,,,,,,,,,,,,,,,,,,
6110,100249884,unbound,386,εἴβετο,,,,,,,,,,,,,,,,,,,,,,,,,,,,,,,,,,,,,,
6111,100249886,limbs,386,λυσιμελής,,,,,,,,,,,,,,,,,,,,,,,,,,,,,,,,,,,,,,
6112,100249883,Eros,386,ἔρος,,,,,,,,,,,,,,,,,,,,,,,,,,,,,,,,,,,,,,
6113,100249888,beautiful,387,καλὸν,,,,,,,,,,,,,,,,,,,,,,,,,,,,,,,,,,,,,,
6114,100249889,and,387,δέ,,,,,,,,,,,,,,,,,,,,,,,,,,,,,,,,,,,,,,
6115,100249890,and,387,θ’,,,,,,,,,,,,,,,,,,,,,,,,,,,,,,,,,,,,,,
6116,100249891,from under,387,ὑπ’,,,,,,,,,,,,,,,,,,,,,,,,,,,,,,,,,,,,,,
6117,100249892,brows,387,ὀφρύσι,,,,,,,,,,,,,,,,,,,,,,,,,,,,,,,,,,,,,,
6118,100249893,look,387,δερκιόωνται,,,,,,,,,,,,,,,,,,,,,,,,,,,,,,,,,,,,,,
6119,100249895,But,388,αὐτὰρ,,,,,,,,,,,,,,,,,,,,,,,,,,,,,,,,,,,,,,
6120,100249896,Demeter,388,ὁ,,,,,,,,,,,,,,,,,,,,,,,,,,,,,,,,,,,,,,
6121,100249897,of,388,Δήμητρος,,,,,,,,,,,,,,,,,,,,,,,,,,,,,,,,,,,,,,
6122,100249898,rich,388,πολυφόρβης,,,,,,,,,,,,,,,,,,,,,,,,,,,,,,,,,,,,,,
6123,100249899,to,388,ἐς,,,,,,,,,,,,,,,,,,,,,,,,,,,,,,,,,,,,,,
6124,100249900,the,388,λέχος,,,,,,,,,,,,,,,,,,,,,,,,,,,,,,,,,,,,,,
6125,100249901,bed,388,ἦλθεν,,,,,,,,,,,,,,,,,,,,,,,,,,,,,,,,,,,,,,
6126,100249903,she,388,ἣ,,,,,,,,,,,,,,,,,,,,,,,,,,,,,,,,,,,,,,
6127,100249904,bore,388,τέκε,,,,,,,,,,,,,,,,,,,,,,,,,,,,,,,,,,,,,,
6128,100249905,Persephone,388,Περσεφόνην,,,,,,,,,,,,,,,,,,,,,,,,,,,,,,,,,,,,,,
6129,100249906,white-armed,388,λευκώλενον,,,,,,,,,,,,,,,,,,,,,,,,,,,,,,,,,,,,,,
6130,100249908,whom,388,ἣν,,,,,,,,,,,,,,,,,,,,,,,,,,,,,,,,,,,,,,
6131,100249909,Hades,388,Ἀιδωνεὺς,,,,,,,,,,,,,,,,,,,,,,,,,,,,,,,,,,,,,,
6132,100249910,snatched,388,ἥρπασε,,,,,,,,,,,,,,,,,,,,,,,,,,,,,,,,,,,,,,
6133,100249911,her,388,ἧς,,,,,,,,,,,,,,,,,,,,,,,,,,,,,,,,,,,,,,
6134,100249912,from,388,παρὰ,,,,,,,,,,,,,,,,,,,,,,,,,,,,,,,,,,,,,,
6135,100249913,mother,388,μητρός,,,,,,,,,,,,,,,,,,,,,,,,,,,,,,,,,,,,,,
6136,100249916,And,389,δὲ,,,,,,,,,,,,,,,,,,,,,,,,,,,,,,,,,,,,,,
6137,100249918,Zeus,389,Ζεύς,,,,,,,,,,,,,,,,,,,,,,,,,,,,,,,,,,,,,,
6138,100249917,the counselor,389,μητίετα,,,,,,,,,,,,,,,,,,,,,,,,,,,,,,,,,,,,,,
6139,100249915,gave,389,ἔδωκε,,,,,,,,,,,,,,,,,,,,,,,,,,,,,,,,,,,,,,
6140,100249921,And,390,δ’,,,,,,,,,,,,,,,,,,,,,,,,,,,,,,,,,,,,,,
6141,100249922,again,390,ἐξαῦτις,,,,,,,,,,,,,,,,,,,,,,,,,,,,,,,,,,,,,,
6142,100249923,he fell in love with,390,ἐράσσατο,,,,,,,,,,,,,,,,,,,,,,,,,,,,,,,,,,,,,,
6143,100249920,Memory,390,μνημοσύνης,,,,,,,,,,,,,,,,,,,,,,,,,,,,,,,,,,,,,,
6144,100249924,of the beautiful hair,390,καλλικόμοιο,,,,,,,,,,,,,,,,,,,,,,,,,,,,,,,,,,,,,,
6145,100249926,from,390,ἐξ,,,,,,,,,,,,,,,,,,,,,,,,,,,,,,,,,,,,,,
6146,100249927,whom,390,ἧς,,,,,,,,,,,,,,,,,,,,,,,,,,,,,,,,,,,,,,
6147,100249932,nine,390,ἐννέα,,,,,,,,,,,,,,,,,,,,,,,,,,,,,,,,,,,,,,
6148,100249929,Muses,390,Μοῦσαι,,,,,,,,,,,,,,,,,,,,,,,,,,,,,,,,,,,,,,
6149,100249930,with golden spindles,390,χρυσάμπυκες,,,,,,,,,,,,,,,,,,,,,,,,,,,,,,,,,,,,,,
6150,100249931,were born,390,ἐξεγένοντο,,,,,,,,,,,,,,,,,,,,,,,,,,,,,,,,,,,,,,
6151,100249934,whose,390,τῇσιν,,,,,,,,,,,,,,,,,,,,,,,,,,,,,,,,,,,,,,
6152,100249935,songs,390,ἅδον,,,,,,,,,,,,,,,,,,,,,,,,,,,,,,,,,,,,,,
6153,100249936,the banquets,390,θαλίαι,,,,,,,,,,,,,,,,,,,,,,,,,,,,,,,,,,,,,,
6154,100249937,and,390,καὶ,,,,,,,,,,,,,,,,,,,,,,,,,,,,,,,,,,,,,,
6155,100249938,the delight,390,τέρψις,,,,,,,,,,,,,,,,,,,,,,,,,,,,,,,,,,,,,,
6156,100249939,of song,390,ἀοιδῆς,,,,,,,,,,,,,,,,,,,,,,,,,,,,,,,,,,,,,,
6157,100249928,attend to,390,οἱ,,,,,,,,,,,,,,,,,,,,,,,,,,,,,,,,,,,,,,
6158,100249942,And,391,δ’,,,,,,,,,,,,,,,,,,,,,,,,,,,,,,,,,,,,,,
6159,100249941,Leto,391,Λητὼ,,,,,,,,,,,,,,,,,,,,,,,,,,,,,,,,,,,,,,
6160,100249954,bore,391,γείνατ’,,,,,,,,,,,,,,,,,,,,,,,,,,,,,,,,,,,,,,
6161,100249943,Apollo,391,Ἀπόλλωνα,,,,,,,,,,,,,,,,,,,,,,,,,,,,,,,,,,,,,,
6162,100249944,and,391,καὶ,,,,,,,,,,,,,,,,,,,,,,,,,,,,,,,,,,,,,,
6163,100249945,Artemis,391,Ἄρτεμιν,,,,,,,,,,,,,,,,,,,,,,,,,,,,,,,,,,,,,,
6164,100249948,lovely,391,ἱμερόεντα,,,,,,,,,,,,,,,,,,,,,,,,,,,,,,,,,,,,,,
6165,100249949,offspring,391,γόνον,,,,,,,,,,,,,,,,,,,,,,,,,,,,,,,,,,,,,,
6166,100249950,of,391,περὶ,,,,,,,,,,,,,,,,,,,,,,,,,,,,,,,,,,,,,,
6167,100249951,all,391,πάντων,,,,,,,,,,,,,,,,,,,,,,,,,,,,,,,,,,,,,,
6168,100249952,heavenly,391,Οὐρανιώνων,,,,,,,,,,,,,,,,,,,,,,,,,,,,,,,,,,,,,,
6169,100249946,Archer,391,ἰοχέαιραν,,,,,,,,,,,,,,,,,,,,,,,,,,,,,,,,,,,,,,
6170,100249955,after,391,ἄρ’,,,,,,,,,,,,,,,,,,,,,,,,,,,,,,,,,,,,,,
6171,100249959,having united,391,μιγεῖσα,,,,,,,,,,,,,,,,,,,,,,,,,,,,,,,,,,,,,,
6172,100249958,in love,391,φιλότητι,,,,,,,,,,,,,,,,,,,,,,,,,,,,,,,,,,,,,,
6173,100249956,goat-bearing,391,αἰγιόχοιο,,,,,,,,,,,,,,,,,,,,,,,,,,,,,,,,,,,,,,
6174,100249957,Zeus,391,Διὸς,,,,,,,,,,,,,,,,,,,,,,,,,,,,,,,,,,,,,,
6175,100249962,And,392,δ’,,,,,,,,,,,,,,,,,,,,,,,,,,,,,,,,,,,,,,
6176,100249961,destructive,392,λοισθοτάτην,,,,,,,,,,,,,,,,,,,,,,,,,,,,,,,,,,,,,,
6177,100249963,Hera,392,Ἥρην,,,,,,,,,,,,,,,,,,,,,,,,,,,,,,,,,,,,,,
6178,100249965,made,392,ποιήσατ’,,,,,,,,,,,,,,,,,,,,,,,,,,,,,,,,,,,,,,
6179,100249964,vigorous,392,θαλερὴν,,,,,,,,,,,,,,,,,,,,,,,,,,,,,,,,,,,,,,
6180,100249966,wife,392,ἄκοιτιν,,,,,,,,,,,,,,,,,,,,,,,,,,,,,,,,,,,,,,
6181,100249968,she,393,ἣ,,,,,,,,,,,,,,,,,,,,,,,,,,,,,,,,,,,,,,
6182,100249969,And,393,δ’,,,,,,,,,,,,,,,,,,,,,,,,,,,,,,,,,,,,,,
6183,100249970,Hebe,393,Ἥβην,,,,,,,,,,,,,,,,,,,,,,,,,,,,,,,,,,,,,,
6184,100249971,and,393,καὶ,,,,,,,,,,,,,,,,,,,,,,,,,,,,,,,,,,,,,,
6185,100249972,Ares,393,Ἄρηα,,,,,,,,,,,,,,,,,,,,,,,,,,,,,,,,,,,,,,
6186,100249973,and,393,καὶ,,,,,,,,,,,,,,,,,,,,,,,,,,,,,,,,,,,,,,
6187,100249974,Eileithyia,393,Εἰλείθυιαν,,,,,,,,,,,,,,,,,,,,,,,,,,,,,,,,,,,,,,
6188,100249975,bore,393,ἔτικτε,,,,,,,,,,,,,,,,,,,,,,,,,,,,,,,,,,,,,,
6189,100249976,having,393,μιχθεῖσ’,,,,,,,,,,,,,,,,,,,,,,,,,,,,,,,,,,,,,,
6190,100249977,in,393,ἐν,,,,,,,,,,,,,,,,,,,,,,,,,,,,,,,,,,,,,,
6191,100249978,love,393,φιλότητι,,,,,,,,,,,,,,,,,,,,,,,,,,,,,,,,,,,,,,
6192,100249979,of,393,θεῶν,,,,,,,,,,,,,,,,,,,,,,,,,,,,,,,,,,,,,,
6193,100249980,king,393,βασιλῆι,,,,,,,,,,,,,,,,,,,,,,,,,,,,,,,,,,,,,,
6194,100249981,and,393,καὶ,,,,,,,,,,,,,,,,,,,,,,,,,,,,,,,,,,,,,,
6195,100249982,men,393,ἀνδρῶν,,,,,,,,,,,,,,,,,,,,,,,,,,,,,,,,,,,,,,
6196,100249984,he,394,αὐτὸς,,,,,,,,,,,,,,,,,,,,,,,,,,,,,,,,,,,,,,
6197,100249985,And,394,δ’,,,,,,,,,,,,,,,,,,,,,,,,,,,,,,,,,,,,,,
6198,100249986,from,394,ἐκ,,,,,,,,,,,,,,,,,,,,,,,,,,,,,,,,,,,,,,
6199,100249987,his,394,κεφαλῆς,,,,,,,,,,,,,,,,,,,,,,,,,,,,,,,,,,,,,,
6200,100249988,gray-eyed,394,γλαυκώπιδα,,,,,,,,,,,,,,,,,,,,,,,,,,,,,,,,,,,,,,
6201,100249989,terrible,394,Τριτογένειαν,,,,,,,,,,,,,,,,,,,,,,,,,,,,,,,,,,,,,,
6202,100249990,war-shouting,394,δεινὴν,,,,,,,,,,,,,,,,,,,,,,,,,,,,,,,,,,,,,,
6203,100249991,battle-leading,394,ἐγρεκύδοιμον,,,,,,,,,,,,,,,,,,,,,,,,,,,,,,,,,,,,,,
6204,100249992,Unwithered,394,ἀγέστρατον,,,,,,,,,,,,,,,,,,,,,,,,,,,,,,,,,,,,,,
6205,100249993,Lady,394,Ἀτρυτώνην,,,,,,,,,,,,,,,,,,,,,,,,,,,,,,,,,,,,,,
6206,100249994,whom,394,πότνιαν,,,,,,,,,,,,,,,,,,,,,,,,,,,,,,,,,,,,,,
6207,100249997,clamors,394,κέλαδοί,,,,,,,,,,,,,,,,,,,,,,,,,,,,,,,,,,,,,,
6208,100249998,and,394,τε,,,,,,,,,,,,,,,,,,,,,,,,,,,,,,,,,,,,,,
6209,100249999,sing,394,ἅδον,,,,,,,,,,,,,,,,,,,,,,,,,,,,,,,,,,,,,,
6210,100250000,wars,394,πόλεμοί,,,,,,,,,,,,,,,,,,,,,,,,,,,,,,,,,,,,,,
6211,100250001,and,394,τε,,,,,,,,,,,,,,,,,,,,,,,,,,,,,,,,,,,,,,
6212,100250002,battles,394,μάχαι,,,,,,,,,,,,,,,,,,,,,,,,,,,,,,,,,,,,,,
6213,100250005,Hera,394,Ἥρη,,,,,,,,,,,,,,,,,,,,,,,,,,,,,,,,,,,,,,
6214,100250006,and,394,δ’,,,,,,,,,,,,,,,,,,,,,,,,,,,,,,,,,,,,,,
6215,100250007,Hephaestus,394,Ἥφαιστον,,,,,,,,,,,,,,,,,,,,,,,,,,,,,,,,,,,,,,
6216,100250008,beloved,394,κλυτὸν,,,,,,,,,,,,,,,,,,,,,,,,,,,,,,,,,,,,,,
6217,100250009,without,394,οὐ,,,,,,,,,,,,,,,,,,,,,,,,,,,,,,,,,,,,,,
6218,100250010,love,394,φιλότητι,,,,,,,,,,,,,,,,,,,,,,,,,,,,,,,,,,,,,,
6219,100250011,having,394,μιγεῖσα,,,,,,,,,,,,,,,,,,,,,,,,,,,,,,,,,,,,,,
6220,100250012,bore,394,γείνατο,,,,,,,,,,,,,,,,,,,,,,,,,,,,,,,,,,,,,,
6221,100250014,and,394,καὶ,,,,,,,,,,,,,,,,,,,,,,,,,,,,,,,,,,,,,,
6222,100250015,made,394,ζαμένησε,,,,,,,,,,,,,,,,,,,,,,,,,,,,,,,,,,,,,,
6223,100250016,superior,394,καὶ,,,,,,,,,,,,,,,,,,,,,,,,,,,,,,,,,,,,,,
6224,100250017,competed,394,ἤρισε,,,,,,,,,,,,,,,,,,,,,,,,,,,,,,,,,,,,,,
6225,100250018,her,394,ᾧ,,,,,,,,,,,,,,,,,,,,,,,,,,,,,,,,,,,,,,
6226,100250019,partner,394,παρακοίτῃ,,,,,,,,,,,,,,,,,,,,,,,,,,,,,,,,,,,,,,
6227,100250021,with,394,ἐκ,,,,,,,,,,,,,,,,,,,,,,,,,,,,,,,,,,,,,,
6228,100250022,all,394,πάντων,,,,,,,,,,,,,,,,,,,,,,,,,,,,,,,,,,,,,,
6229,100250023,arts,394,τέχνῃσι,,,,,,,,,,,,,,,,,,,,,,,,,,,,,,,,,,,,,,
6230,100250024,of,394,κεκασμένον,,,,,,,,,,,,,,,,,,,,,,,,,,,,,,,,,,,,,,
6231,100250025,Heavenly,394,Οὐρανιώνων,,,,,,,,,,,,,,,,,,,,,,,,,,,,,,,,,,,,,,
6232,100250027,Hera,395,Ἥρη,,,,,,,,,,,,,,,,,,,,,,,,,,,,,,,,,,,,,,
6233,100250028,quarreled,395,δὲ,,,,,,,,,,,,,,,,,,,,,,,,,,,,,,,,,,,,,,
6234,100250029,fought,395,ζαμένησε,,,,,,,,,,,,,,,,,,,,,,,,,,,,,,,,,,,,,,
6235,100250030,and,395,καὶ,,,,,,,,,,,,,,,,,,,,,,,,,,,,,,,,,,,,,,
6236,100250031,quarreled,395,ἤρισε,,,,,,,,,,,,,,,,,,,,,,,,,,,,,,,,,,,,,,
6237,100250032,her,395,ᾧ,,,,,,,,,,,,,,,,,,,,,,,,,,,,,,,,,,,,,,
6238,100250033,husband,395,παρακοίτῃ,,,,,,,,,,,,,,,,,,,,,,,,,,,,,,,,,,,,,,
6239,100250035,From,396,ἐκ,,,,,,,,,,,,,,,,,,,,,,,,,,,,,,,,,,,,,,
6240,100250036,her,396,ταύτης,,,,,,,,,,,,,,,,,,,,,,,,,,,,,,,,,,,,,,
6241,100250037,however,396,δ’,,,,,,,,,,,,,,,,,,,,,,,,,,,,,,,,,,,,,,
6242,100250038,Strife,396,ἔριδος,,,,,,,,,,,,,,,,,,,,,,,,,,,,,,,,,,,,,,
6243,100250039,bore,396,ἣ,,,,,,,,,,,,,,,,,,,,,,,,,,,,,,,,,,,,,,
6244,100250040,bore,396,μὲν,,,,,,,,,,,,,,,,,,,,,,,,,,,,,,,,,,,,,,
6245,100250041,bore,396,τέκε,,,,,,,,,,,,,,,,,,,,,,,,,,,,,,,,,,,,,,
6246,100250042,brilliant,396,φαίδιμον,,,,,,,,,,,,,,,,,,,,,,,,,,,,,,,,,,,,,,
6247,100250043,son,396,υἱὸν,,,,,,,,,,,,,,,,,,,,,,,,,,,,,,,,,,,,,,
6248,100250044,Hephaestus,396,Ἥφαιστον,,,,,,,,,,,,,,,,,,,,,,,,,,,,,,,,,,,,,,
6249,100250046,love,396,φιλότητος,,,,,,,,,,,,,,,,,,,,,,,,,,,,,,,,,,,,,,
6250,100250047,devoid,396,ἄτερ,,,,,,,,,,,,,,,,,,,,,,,,,,,,,,,,,,,,,,
6251,100250048,Zeus,396,Διὸς,,,,,,,,,,,,,,,,,,,,,,,,,,,,,,,,,,,,,,
6252,100250049,Goat-Holder,396,αἰγιόχοιο,,,,,,,,,,,,,,,,,,,,,,,,,,,,,,,,,,,,,,
6253,100250051,who,396,ἐκ,,,,,,,,,,,,,,,,,,,,,,,,,,,,,,,,,,,,,,
6254,100250052,all,396,πάντων,,,,,,,,,,,,,,,,,,,,,,,,,,,,,,,,,,,,,,
6255,100250053,hands,396,παλάμῃσι,,,,,,,,,,,,,,,,,,,,,,,,,,,,,,,,,,,,,,
6256,100250054,excelled,396,κεκασμένον,,,,,,,,,,,,,,,,,,,,,,,,,,,,,,,,,,,,,,
6257,100250055,Heavenly,396,Οὐρανιώνων,,,,,,,,,,,,,,,,,,,,,,,,,,,,,,,,,,,,,,
6258,100250057,But,397,αὐτὰρ,,,,,,,,,,,,,,,,,,,,,,,,,,,,,,,,,,,,,,
6259,100250058,he,397,ὅ,,,,,,,,,,,,,,,,,,,,,,,,,,,,,,,,,,,,,,
6260,100250059,,397,γ’,,,,,,,,,,,,,,,,,,,,,,,,,,,,,,,,,,,,,,
6261,100250065,apart,397,νόσφ’,,,,,,,,,,,,,,,,,,,,,,,,,,,,,,,,,,,,,,
6262,100250066,Hera,397,Ἥρης,,,,,,,,,,,,,,,,,,,,,,,,,,,,,,,,,,,,,,
6263,100250060,Oceanus,397,Ὠκεανοῦ,,,,,,,,,,,,,,,,,,,,,,,,,,,,,,,,,,,,,,
6264,100250061,and,397,καὶ,,,,,,,,,,,,,,,,,,,,,,,,,,,,,,,,,,,,,,
6265,100250062,Tethys,397,Τηθύος,,,,,,,,,,,,,,,,,,,,,,,,,,,,,,,,,,,,,,
6266,100250063,fair-tressed,397,ἠυκόμοιο,,,,,,,,,,,,,,,,,,,,,,,,,,,,,,,,,,,,,,
6267,100250064,daughter,397,κούρῃ,,,,,,,,,,,,,,,,,,,,,,,,,,,,,,,,,,,,,,
6268,100250067,lay,397,παρελέξατο,,,,,,,,,,,,,,,,,,,,,,,,,,,,,,,,,,,,,,
6269,100250068,beautiful-cheeked,397,καλλιπαρήῳ,,,,,,,,,,,,,,,,,,,,,,,,,,,,,,,,,,,,,,
6270,100250071,Metis,397,Μῆτιν,,,,,,,,,,,,,,,,,,,,,,,,,,,,,,,,,,,,,,
6271,100250072,even,397,καίπερ,,,,,,,,,,,,,,,,,,,,,,,,,,,,,,,,,,,,,,
6272,100250073,wise,397,πολυδήνε’,,,,,,,,,,,,,,,,,,,,,,,,,,,,,,,,,,,,,,
6273,100250074,was,397,ἐοῦσαν,,,,,,,,,,,,,,,,,,,,,,,,,,,,,,,,,,,,,,
6274,100250076,Having,398,συμμάρψας,,,,,,,,,,,,,,,,,,,,,,,,,,,,,,,,,,,,,,
6275,100250077,clutched,398,δ’,,,,,,,,,,,,,,,,,,,,,,,,,,,,,,,,,,,,,,
6276,100250078,it,398,ὅ,,,,,,,,,,,,,,,,,,,,,,,,,,,,,,,,,,,,,,
6277,100250080,with,398,χερσὶν,,,,,,,,,,,,,,,,,,,,,,,,,,,,,,,,,,,,,,
6278,100250081,his,398,ἑὴν,,,,,,,,,,,,,,,,,,,,,,,,,,,,,,,,,,,,,,
6279,100250082,hands,398,ἐγκάτθετο,,,,,,,,,,,,,,,,,,,,,,,,,,,,,,,,,,,,,,
6280,100250082,he,398,ἐγκάτθετο,,,,,,,,,,,,,,,,,,,,,,,,,,,,,,,,,,,,,,
6281,100250083,hid,398,νηδὺν,,,,,,,,,,,,,,,,,,,,,,,,,,,,,,,,,,,,,,
6282,100250084,it,398,δείσας,,,,,,,,,,,,,,,,,,,,,,,,,,,,,,,,,,,,,,
6283,100250085,in,398,",",,,,,,,,,,,,,,,,,,,,,,,,,,,,,,,,,,,,,,
6284,100250086,his,398,μὴ,,,,,,,,,,,,,,,,,,,,,,,,,,,,,,,,,,,,,,
6285,100250087,deep,398,τέξῃ,,,,,,,,,,,,,,,,,,,,,,,,,,,,,,,,,,,,,,
6286,100250088,belly,398,κρατερώτερον,,,,,,,,,,,,,,,,,,,,,,,,,,,,,,,,,,,,,,
6287,100250089,fearing,398,ἄλλο,,,,,,,,,,,,,,,,,,,,,,,,,,,,,,,,,,,,,,
6288,100250090,lest,398,κεραυνοῦ,,,,,,,,,,,,,,,,,,,,,,,,,,,,,,,,,,,,,,
6289,100250091,another,398,.,,,,,,,,,,,,,,,,,,,,,,,,,,,,,,,,,,,,,,
6290,100250092,thunderbolt,398,,,,,,,,,,,,,,,,,,,,,,,,,,,,,,,,,,,,,,,
6291,100250093,might,398,,,,,,,,,,,,,,,,,,,,,,,,,,,,,,,,,,,,,,,
6292,100250094,be,398,,,,,,,,,,,,,,,,,,,,,,,,,,,,,,,,,,,,,,,
6293,100250095,born,398,,,,,,,,,,,,,,,,,,,,,,,,,,,,,,,,,,,,,,,
6294,100250096,stronger,398,,,,,,,,,,,,,,,,,,,,,,,,,,,,,,,,,,,,,,,
6295,100250092,the,399,το-,,,,,,,,,,,,,,,,,,,,,,,,,,,,,,,,,,,,,,
6296,100250093,Therefore,399,τοὔνεκά,,,,,,,,,,,,,,,,,,,,,,,,,,,,,,,,,,,,,,
6297,100250094,him,399,μιν,,,,,,,,,,,,,,,,,,,,,,,,,,,,,,,,,,,,,,
6298,100250095,one,399,Κρονίδης,,,,,,,,,,,,,,,,,,,,,,,,,,,,,,,,,,,,,,
6299,100250096,high-yoked,399,ὑψίζυγος,,,,,,,,,,,,,,,,,,,,,,,,,,,,,,,,,,,,,,
6300,100250097,ether,399,αἰθέρι,,,,,,,,,,,,,,,,,,,,,,,,,,,,,,,,,,,,,,
6301,100250098,dwelling,399,ναίων,,,,,,,,,,,,,,,,,,,,,,,,,,,,,,,,,,,,,,
6302,100250099,swallowed,399,κάππιεν,,,,,,,,,,,,,,,,,,,,,,,,,,,,,,,,,,,,,,
6303,100250100,suddenly,399,ἐξαπίνης,,,,,,,,,,,,,,,,,,,,,,,,,,,,,,,,,,,,,,
6304,100250102,she,400,ἣ,,,,,,,,,,,,,,,,,,,,,,,,,,,,,,,,,,,,,,
6305,100250103,And,400,δ’,,,,,,,,,,,,,,,,,,,,,,,,,,,,,,,,,,,,,,
6306,100250104,immediately,400,αὐτίκα,,,,,,,,,,,,,,,,,,,,,,,,,,,,,,,,,,,,,,
6307,100250107,bore,400,κύσατο,,,,,,,,,,,,,,,,,,,,,,,,,,,,,,,,,,,,,,
6308,100250105,Pallas,400,Παλλάδ’,,,,,,,,,,,,,,,,,,,,,,,,,,,,,,,,,,,,,,
6309,100250106,Athena,400,Ἀθήνην,,,,,,,,,,,,,,,,,,,,,,,,,,,,,,,,,,,,,,
6310,100250109,her,401,τὴν,,,,,,,,,,,,,,,,,,,,,,,,,,,,,,,,,,,,,,
6311,100250111,begot,401,ἔτικτε,,,,,,,,,,,,,,,,,,,,,,,,,,,,,,,,,,,,,,
6312,100250112,father,401,πατὴρ,,,,,,,,,,,,,,,,,,,,,,,,,,,,,,,,,,,,,,
6313,100250118,summit,401,κορυφὴν,,,,,,,,,,,,,,,,,,,,,,,,,,,,,,,,,,,,,,
6314,100250119,Triton,401,Τρίτωνος,,,,,,,,,,,,,,,,,,,,,,,,,,,,,,,,,,,,,,
6315,100250120,on,401,ἐπ’,,,,,,,,,,,,,,,,,,,,,,,,,,,,,,,,,,,,,,
6316,100250121,banks,401,ὄχθῃσιν,,,,,,,,,,,,,,,,,,,,,,,,,,,,,,,,,,,,,,
6317,100250122,river,401,ποταμοῖο,,,,,,,,,,,,,,,,,,,,,,,,,,,,,,,,,,,,,,
6318,100250122,Triton,401,ποταμοῖο,,,,,,,,,,,,,,,,,,,,,,,,,,,,,,,,,,,,,,
6319,100250125,But,402,δ’,,,,,,,,,,,,,,,,,,,,,,,,,,,,,,,,,,,,,,
6320,100250126,once,402,αὖτε,,,,,,,,,,,,,,,,,,,,,,,,,,,,,,,,,,,,,,
6321,100250127,again,402,Ζηνὸς,,,,,,,,,,,,,,,,,,,,,,,,,,,,,,,,,,,,,,
6322,100250124,Metis,402,Μῆτις,,,,,,,,,,,,,,,,,,,,,,,,,,,,,,,,,,,,,,
6323,100250128,having hidden,402,ὑπὸ,,,,,,,,,,,,,,,,,,,,,,,,,,,,,,,,,,,,,,
6324,100250129,herself,402,σπλάγχνοις,,,,,,,,,,,,,,,,,,,,,,,,,,,,,,,,,,,,,,
6325,100250130,in,402,λελαθυῖα,,,,,,,,,,,,,,,,,,,,,,,,,,,,,,,,,,,,,,
6326,100250131,Zeus's,402,ἧστο,,,,,,,,,,,,,,,,,,,,,,,,,,,,,,,,,,,,,,
6327,100250132,belly,402,",",,,,,,,,,,,,,,,,,,,,,,,,,,,,,,,,,,,,,,
6328,100250133,was,402,Ἀθηναίης,,,,,,,,,,,,,,,,,,,,,,,,,,,,,,,,,,,,,,
6329,100250134,seated,402,μήτηρ,,,,,,,,,,,,,,,,,,,,,,,,,,,,,,,,,,,,,,
6330,100250135,mother,402,",",,,,,,,,,,,,,,,,,,,,,,,,,,,,,,,,,,,,,,
6331,100250136,of,402,τέκταινα,,,,,,,,,,,,,,,,,,,,,,,,,,,,,,,,,,,,,,
6332,100250137,Athena,402,δικαίων,,,,,,,,,,,,,,,,,,,,,,,,,,,,,,,,,,,,,,
6333,100250138,the,402,πλεῖστα,,,,,,,,,,,,,,,,,,,,,,,,,,,,,,,,,,,,,,
6334,100250139,most,402,θεῶν,,,,,,,,,,,,,,,,,,,,,,,,,,,,,,,,,,,,,,
6335,100250140,skilled,402,τε,,,,,,,,,,,,,,,,,,,,,,,,,,,,,,,,,,,,,,
6336,100250141,artisan,402,ἰδυῖα,,,,,,,,,,,,,,,,,,,,,,,,,,,,,,,,,,,,,,
6337,100250142,of,402,καταθνητῶν,,,,,,,,,,,,,,,,,,,,,,,,,,,,,,,,,,,,,,
6338,100250143,the,402,τ’,,,,,,,,,,,,,,,,,,,,,,,,,,,,,,,,,,,,,,
6339,100250144,gods,402,ἀνθρώπων,,,,,,,,,,,,,,,,,,,,,,,,,,,,,,,,,,,,,,
6340,100250145,and,402,",",,,,,,,,,,,,,,,,,,,,,,,,,,,,,,,,,,,,,,
6341,100250146,of,402,ἔνθα,,,,,,,,,,,,,,,,,,,,,,,,,,,,,,,,,,,,,,
6342,100250147,mortals,402,θεὰ,,,,,,,,,,,,,,,,,,,,,,,,,,,,,,,,,,,,,,
6343,100250148,wise,402,παρέδεκτο,,,,,,,,,,,,,,,,,,,,,,,,,,,,,,,,,,,,,,
6344,100250149,in,402,ὅθεν,,,,,,,,,,,,,,,,,,,,,,,,,,,,,,,,,,,,,,
6345,100250150,both,402,παλάμαις,,,,,,,,,,,,,,,,,,,,,,,,,,,,,,,,,,,,,,
6346,100250151,realms,402,περὶ,,,,,,,,,,,,,,,,,,,,,,,,,,,,,,,,,,,,,,
6347,100250152,where,402,πάντων,,,,,,,,,,,,,,,,,,,,,,,,,,,,,,,,,,,,,,
6348,100250153,the,402,ἀθανάτων,,,,,,,,,,,,,,,,,,,,,,,,,,,,,,,,,,,,,,
6349,100250154,goddess,402,ἐκέκασθ’,,,,,,,,,,,,,,,,,,,,,,,,,,,,,,,,,,,,,,
6350,100250155,received,402,οἳ,,,,,,,,,,,,,,,,,,,,,,,,,,,,,,,,,,,,,,
6351,100250156,the,402,Ὀλύμπια,,,,,,,,,,,,,,,,,,,,,,,,,,,,,,,,,,,,,,
6352,100250157,one,402,δώματ’,,,,,,,,,,,,,,,,,,,,,,,,,,,,,,,,,,,,,,
6353,100250158,from,402,ἔχουσιν,,,,,,,,,,,,,,,,,,,,,,,,,,,,,,,,,,,,,,
6354,100250159,whom,402,",",,,,,,,,,,,,,,,,,,,,,,,,,,,,,,,,,,,,,,
6355,100250160,she,402,αἰγίδα,,,,,,,,,,,,,,,,,,,,,,,,,,,,,,,,,,,,,,
6356,100250161,was,402,ποιήσασα,,,,,,,,,,,,,,,,,,,,,,,,,,,,,,,,,,,,,,
6357,100250162,distinguished,402,φοβέστρατον,,,,,,,,,,,,,,,,,,,,,,,,,,,,,,,,,,,,,,
6358,100250163,above,402,ἔντος,,,,,,,,,,,,,,,,,,,,,,,,,,,,,,,,,,,,,,
6359,100250164,all,402,Ἀθήνης,,,,,,,,,,,,,,,,,,,,,,,,,,,,,,,,,,,,,,
6360,100250165,the,402,.,,,,,,,,,,,,,,,,,,,,,,,,,,,,,,,,,,,,,,
6361,100250166,immortals,402,,,,,,,,,,,,,,,,,,,,,,,,,,,,,,,,,,,,,,,
6362,100250167,by,402,,,,,,,,,,,,,,,,,,,,,,,,,,,,,,,,,,,,,,,
6363,100250168,the,402,,,,,,,,,,,,,,,,,,,,,,,,,,,,,,,,,,,,,,,
6364,100250169,hands,402,,,,,,,,,,,,,,,,,,,,,,,,,,,,,,,,,,,,,,,
6365,100250170,of,402,,,,,,,,,,,,,,,,,,,,,,,,,,,,,,,,,,,,,,,
6366,100250171,her,402,,,,,,,,,,,,,,,,,,,,,,,,,,,,,,,,,,,,,,,
6367,100250172,own,402,,,,,,,,,,,,,,,,,,,,,,,,,,,,,,,,,,,,,,,
6368,100250173,the,402,,,,,,,,,,,,,,,,,,,,,,,,,,,,,,,,,,,,,,,
6369,100250174,Olympian,402,,,,,,,,,,,,,,,,,,,,,,,,,,,,,,,,,,,,,,,
6370,100250175,dwellers,402,,,,,,,,,,,,,,,,,,,,,,,,,,,,,,,,,,,,,,,
6371,100250176,having,402,,,,,,,,,,,,,,,,,,,,,,,,,,,,,,,,,,,,,,,
6372,100250177,fashioned,402,,,,,,,,,,,,,,,,,,,,,,,,,,,,,,,,,,,,,,,
6373,100250178,the,402,,,,,,,,,,,,,,,,,,,,,,,,,,,,,,,,,,,,,,,
6374,100250179,dread,402,,,,,,,,,,,,,,,,,,,,,,,,,,,,,,,,,,,,,,,
6375,100250180,Aegis,402,,,,,,,,,,,,,,,,,,,,,,,,,,,,,,,,,,,,,,,
6376,100250181,the,402,,,,,,,,,,,,,,,,,,,,,,,,,,,,,,,,,,,,,,,
6377,100250182,armor,402,,,,,,,,,,,,,,,,,,,,,,,,,,,,,,,,,,,,,,,
6378,100250183,of,402,,,,,,,,,,,,,,,,,,,,,,,,,,,,,,,,,,,,,,,
6379,100250184,warlike,402,,,,,,,,,,,,,,,,,,,,,,,,,,,,,,,,,,,,,,,
6380,100250185,Athena,402,,,,,,,,,,,,,,,,,,,,,,,,,,,,,,,,,,,,,,,
6381,100250166,With,403,σὺν,,,,,,,,,,,,,,,,,,,,,,,,,,,,,,,,,,,,,,
6382,100250167,her,403,τῇ,,,,,,,,,,,,,,,,,,,,,,,,,,,,,,,,,,,,,,
6383,100250168,begot,403,ἐγείνατό,,,,,,,,,,,,,,,,,,,,,,,,,,,,,,,,,,,,,,
6384,100250169,her,403,μιν,,,,,,,,,,,,,,,,,,,,,,,,,,,,,,,,,,,,,,
6385,100250170,warlike,403,πολεμήια,,,,,,,,,,,,,,,,,,,,,,,,,,,,,,,,,,,,,,
6386,100250171,armor,403,τεύχε’,,,,,,,,,,,,,,,,,,,,,,,,,,,,,,,,,,,,,,
6387,100250172,bearing,403,ἔχουσαν,,,,,,,,,,,,,,,,,,,,,,,,,,,,,,,,,,,,,,
6388,100250174,From,404,ἐκ,,,,,,,,,,,,,,,,,,,,,,,,,,,,,,,,,,,,,,
6389,100250176,Amphitrite,404,Ἀμφιτρίτης,,,,,,,,,,,,,,,,,,,,,,,,,,,,,,,,,,,,,,
6390,100250177,and,404,καὶ,,,,,,,,,,,,,,,,,,,,,,,,,,,,,,,,,,,,,,
6391,100250178,Earth-shaker,404,ἐρικτύπου,,,,,,,,,,,,,,,,,,,,,,,,,,,,,,,,,,,,,,
6392,100250179,Poseidon,404,Ἐννοσιγαίου,,,,,,,,,,,,,,,,,,,,,,,,,,,,,,,,,,,,,,
6393,100250180,Triton,404,Τρίτων,,,,,,,,,,,,,,,,,,,,,,,,,,,,,,,,,,,,,,
6394,100250181,broad-sounding,404,εὐρυβίης,,,,,,,,,,,,,,,,,,,,,,,,,,,,,,,,,,,,,,
6395,100250182,was born,404,γένετο,,,,,,,,,,,,,,,,,,,,,,,,,,,,,,,,,,,,,,
6396,100250183,mighty,404,μέγας,,,,,,,,,,,,,,,,,,,,,,,,,,,,,,,,,,,,,,
6397,100250185,son,404,ὅστε,,,,,,,,,,,,,,,,,,,,,,,,,,,,,,,,,,,,,,
6398,100250186,of the sea,404,θαλάσσης,,,,,,,,,,,,,,,,,,,,,,,,,,,,,,,,,,,,,,
6399,100250187,bottom,404,πυθμέν’,,,,,,,,,,,,,,,,,,,,,,,,,,,,,,,,,,,,,,
6400,100250188,holding,404,ἔχων,,,,,,,,,,,,,,,,,,,,,,,,,,,,,,,,,,,,,,
6401,100250189,beside,404,παρὰ,,,,,,,,,,,,,,,,,,,,,,,,,,,,,,,,,,,,,,
6402,100250190,mother,404,μητρὶ,,,,,,,,,,,,,,,,,,,,,,,,,,,,,,,,,,,,,,
6403,100250191,beloved,404,φίλῃ,,,,,,,,,,,,,,,,,,,,,,,,,,,,,,,,,,,,,,
6404,100250192,and,404,καὶ,,,,,,,,,,,,,,,,,,,,,,,,,,,,,,,,,,,,,,
6405,100250193,father,404,πατρὶ,,,,,,,,,,,,,,,,,,,,,,,,,,,,,,,,,,,,,,
6406,100250194,lordly,404,ἄνακτι,,,,,,,,,,,,,,,,,,,,,,,,,,,,,,,,,,,,,,
6407,100250195,dwells,404,ναίει,,,,,,,,,,,,,,,,,,,,,,,,,,,,,,,,,,,,,,
6408,100250196,golden,404,χρύσεα,,,,,,,,,,,,,,,,,,,,,,,,,,,,,,,,,,,,,,
6409,100250197,halls,404,δῶ,,,,,,,,,,,,,,,,,,,,,,,,,,,,,,,,,,,,,,
6410,100250199,dread,404,δεινὸς,,,,,,,,,,,,,,,,,,,,,,,,,,,,,,,,,,,,,,
6411,100250200,god,404,θεός,,,,,,,,,,,,,,,,,,,,,,,,,,,,,,,,,,,,,,
6412,100250202,But,405,αὐτὰρ,,,,,,,,,,,,,,,,,,,,,,,,,,,,,,,,,,,,,,
6413,100250205,Cytherea,405,Κυθέρεια,,,,,,,,,,,,,,,,,,,,,,,,,,,,,,,,,,,,,,
6414,100250209,bore,405,ἔτικτε,,,,,,,,,,,,,,,,,,,,,,,,,,,,,,,,,,,,,,
6415,100250203,Ares,405,Ἄρηι,,,,,,,,,,,,,,,,,,,,,,,,,,,,,,,,,,,,,,
6416,100250206,fearful,405,Φόβον,,,,,,,,,,,,,,,,,,,,,,,,,,,,,,,,,,,,,,
6417,100250208,dread,405,Δεῖμον,,,,,,,,,,,,,,,,,,,,,,,,,,,,,,,,,,,,,,
6418,100250207,and,405,καὶ,,,,,,,,,,,,,,,,,,,,,,,,,,,,,,,,,,,,,,
6419,100250212,who,405,οἵτ’,,,,,,,,,,,,,,,,,,,,,,,,,,,,,,,,,,,,,,
6420,100250215,shake,405,κλονέουσι,,,,,,,,,,,,,,,,,,,,,,,,,,,,,,,,,,,,,,
6421,100250214,dense,405,πυκινὰς,,,,,,,,,,,,,,,,,,,,,,,,,,,,,,,,,,,,,,
6422,100250216,battalions,405,φάλαγγας,,,,,,,,,,,,,,,,,,,,,,,,,,,,,,,,,,,,,,
6423,100250213,men,405,ἀνδρῶν,,,,,,,,,,,,,,,,,,,,,,,,,,,,,,,,,,,,,,
6424,100250217,in,405,ἐν,,,,,,,,,,,,,,,,,,,,,,,,,,,,,,,,,,,,,,
6425,100250219,frosty,405,κρυόεντι,,,,,,,,,,,,,,,,,,,,,,,,,,,,,,,,,,,,,,
6426,100250218,war,405,πολέμῳ,,,,,,,,,,,,,,,,,,,,,,,,,,,,,,,,,,,,,,
6427,100250220,together,405,σὺν,,,,,,,,,,,,,,,,,,,,,,,,,,,,,,,,,,,,,,
6428,100250221,Ares,405,Ἄρηι,,,,,,,,,,,,,,,,,,,,,,,,,,,,,,,,,,,,,,
6429,100250222,sacker,405,πτολιπόρθῳ,,,,,,,,,,,,,,,,,,,,,,,,,,,,,,,,,,,,,,
6430,100250224,Harmony,405,Ἁρμονίην,,,,,,,,,,,,,,,,,,,,,,,,,,,,,,,,,,,,,,
6431,100250227,whom,405,ἣν,,,,,,,,,,,,,,,,,,,,,,,,,,,,,,,,,,,,,,
6432,100250229,proud-hearted,405,ὑπέρθυμος,,,,,,,,,,,,,,,,,,,,,,,,,,,,,,,,,,,,,,
6433,100250228,Cadmus,405,Κάδμος,,,,,,,,,,,,,,,,,,,,,,,,,,,,,,,,,,,,,,
6434,100250230,set,405,θέτ’,,,,,,,,,,,,,,,,,,,,,,,,,,,,,,,,,,,,,,
6435,100250231,wife,405,ἄκοιτιν,,,,,,,,,,,,,,,,,,,,,,,,,,,,,,,,,,,,,,
6436,100250233,Zeus,406,Ζηνὶ,,,,,,,,,,,,,,,,,,,,,,,,,,,,,,,,,,,,,,
6437,100250234,But,406,δ’,,,,,,,,,,,,,,,,,,,,,,,,,,,,,,,,,,,,,,
6438,100250235,after,406,ἄρ’,,,,,,,,,,,,,,,,,,,,,,,,,,,,,,,,,,,,,,
6439,100250236,Atlas's,406,Ἀτλαντὶς,,,,,,,,,,,,,,,,,,,,,,,,,,,,,,,,,,,,,,
6440,100250237,Maia,406,Μαίη,,,,,,,,,,,,,,,,,,,,,,,,,,,,,,,,,,,,,,
6441,100250238,bore,406,τέκε,,,,,,,,,,,,,,,,,,,,,,,,,,,,,,,,,,,,,,
6442,100250239,glorious,406,κύδιμον,,,,,,,,,,,,,,,,,,,,,,,,,,,,,,,,,,,,,,
6443,100250240,Hermes,406,Ἑρμῆν,,,,,,,,,,,,,,,,,,,,,,,,,,,,,,,,,,,,,,
6444,100250242,herald,406,κήρυκ’,,,,,,,,,,,,,,,,,,,,,,,,,,,,,,,,,,,,,,
6445,100250243,immortals,406,ἀθανάτων,,,,,,,,,,,,,,,,,,,,,,,,,,,,,,,,,,,,,,
6446,100250245,sacred,406,ἱερὸν,,,,,,,,,,,,,,,,,,,,,,,,,,,,,,,,,,,,,,
6447,100250246,bed,406,λέχος,,,,,,,,,,,,,,,,,,,,,,,,,,,,,,,,,,,,,,
6448,100250247,ascending,406,εἰσαναβᾶσα,,,,,,,,,,,,,,,,,,,,,,,,,,,,,,,,,,,,,,
6449,100250250,And,407,δ’,,,,,,,,,,,,,,,,,,,,,,,,,,,,,,,,,,,,,,
6450,100250249,Cadmeian,407,Καδμείη,,,,,,,,,,,,,,,,,,,,,,,,,,,,,,,,,,,,,,
6451,100250253,Semele,407,Σεμέλη,,,,,,,,,,,,,,,,,,,,,,,,,,,,,,,,,,,,,,
6452,100250257,having mingled,407,μιχθεῖσ’,,,,,,,,,,,,,,,,,,,,,,,,,,,,,,,,,,,,,,
6453,100250258,in,407,ἐν,,,,,,,,,,,,,,,,,,,,,,,,,,,,,,,,,,,,,,
6454,100250259,love,407,φιλότητι,,,,,,,,,,,,,,,,,,,,,,,,,,,,,,,,,,,,,,
6455,100250254,bore,407,τέκε,,,,,,,,,,,,,,,,,,,,,,,,,,,,,,,,,,,,,,
6456,100250255,radiant,407,φαίδιμον,,,,,,,,,,,,,,,,,,,,,,,,,,,,,,,,,,,,,,
6457,100250256,son,407,υἱὸν,,,,,,,,,,,,,,,,,,,,,,,,,,,,,,,,,,,,,,
6458,100250261,Dionysus,407,Διώνυσον,,,,,,,,,,,,,,,,,,,,,,,,,,,,,,,,,,,,,,
6459,100250262,much-rejoicing,407,πολυγηθέα,,,,,,,,,,,,,,,,,,,,,,,,,,,,,,,,,,,,,,
6460,100250264,immortal,407,ἀθάνατον,,,,,,,,,,,,,,,,,,,,,,,,,,,,,,,,,,,,,,
6461,100250265,mortal,407,θνητή,,,,,,,,,,,,,,,,,,,,,,,,,,,,,,,,,,,,,,
6462,100250267,now,408,νῦν,,,,,,,,,,,,,,,,,,,,,,,,,,,,,,,,,,,,,,
6463,100250268,But,408,δ’,,,,,,,,,,,,,,,,,,,,,,,,,,,,,,,,,,,,,,
6464,100250269,both,408,ἀμφότεροι,,,,,,,,,,,,,,,,,,,,,,,,,,,,,,,,,,,,,,
6465,100250271,are,408,εἰσιν,,,,,,,,,,,,,,,,,,,,,,,,,,,,,,,,,,,,,,
6466,100250270,gods,408,θεοί,,,,,,,,,,,,,,,,,,,,,,,,,,,,,,,,,,,,,,
6467,100250274,But,409,δ’,,,,,,,,,,,,,,,,,,,,,,,,,,,,,,,,,,,,,,
6468,100250273,Alcmene,409,Ἀλκμήνη,,,,,,,,,,,,,,,,,,,,,,,,,,,,,,,,,,,,,,
6469,100250275,having,409,ἄρ’,,,,,,,,,,,,,,,,,,,,,,,,,,,,,,,,,,,,,,
6470,100250279,mixed,409,μιχθεῖσ’,,,,,,,,,,,,,,,,,,,,,,,,,,,,,,,,,,,,,,
6471,100250276,bore,409,ἔτικτε,,,,,,,,,,,,,,,,,,,,,,,,,,,,,,,,,,,,,,
6472,100250277,might,409,βίην,,,,,,,,,,,,,,,,,,,,,,,,,,,,,,,,,,,,,,
6473,100250278,Heracles,409,Ἡρακληείην,,,,,,,,,,,,,,,,,,,,,,,,,,,,,,,,,,,,,,
6474,100250280,with,409,ἐν,,,,,,,,,,,,,,,,,,,,,,,,,,,,,,,,,,,,,,
6475,100250282,Zeus,409,Διὸς,,,,,,,,,,,,,,,,,,,,,,,,,,,,,,,,,,,,,,
6476,100250283,cloud-gathering,409,νεφεληγερέταο,,,,,,,,,,,,,,,,,,,,,,,,,,,,,,,,,,,,,,
6477,100250281,love,409,φιλότητι,,,,,,,,,,,,,,,,,,,,,,,,,,,,,,,,,,,,,,
6478,100250285,Aglaea,410,ἀγλαΐην,,,,,,,,,,,,,,,,,,,,,,,,,,,,,,,,,,,,,,
6479,100250286,And,410,δ’,,,,,,,,,,,,,,,,,,,,,,,,,,,,,,,,,,,,,,
6480,100250287,Hephaestus,410,Ἥφαιστος,,,,,,,,,,,,,,,,,,,,,,,,,,,,,,,,,,,,,,
6481,100250289,renowned,410,ἀγακλυτὸς,,,,,,,,,,,,,,,,,,,,,,,,,,,,,,,,,,,,,,
6482,100250290,double-jointed,410,ἀμφιγυήεις,,,,,,,,,,,,,,,,,,,,,,,,,,,,,,,,,,,,,,
6483,100250292,youngest,410,ὁπλοτάτην,,,,,,,,,,,,,,,,,,,,,,,,,,,,,,,,,,,,,,
6484,100250293,of the Graces,410,Χαρίτων,,,,,,,,,,,,,,,,,,,,,,,,,,,,,,,,,,,,,,
6485,100250294,fertile,410,θαλερὴν,,,,,,,,,,,,,,,,,,,,,,,,,,,,,,,,,,,,,,
6486,100250295,made,410,ποιήσατ’,,,,,,,,,,,,,,,,,,,,,,,,,,,,,,,,,,,,,,
6487,100250296,wife,410,ἄκοιτιν,,,,,,,,,,,,,,,,,,,,,,,,,,,,,,,,,,,,,,
6488,100250298,thriving,411,χρυσοκόμης,,,,,,,,,,,,,,,,,,,,,,,,,,,,,,,,,,,,,,
6489,100250299,The,411,δὲ,,,,,,,,,,,,,,,,,,,,,,,,,,,,,,,,,,,,,,
6490,100250300,Dionysus,411,Διώνυσος,,,,,,,,,,,,,,,,,,,,,,,,,,,,,,,,,,,,,,
6491,100250301,golden-haired,411,ξανθὴν,,,,,,,,,,,,,,,,,,,,,,,,,,,,,,,,,,,,,,
6492,100250302,Ariadne,411,Ἀριάδνην,,,,,,,,,,,,,,,,,,,,,,,,,,,,,,,,,,,,,,
6493,100250304,daughter,411,κούρην,,,,,,,,,,,,,,,,,,,,,,,,,,,,,,,,,,,,,,
6494,100250305,Minos,411,Μίνωος,,,,,,,,,,,,,,,,,,,,,,,,,,,,,,,,,,,,,,
6495,100250307,fair-haired,411,θαλερὴν,,,,,,,,,,,,,,,,,,,,,,,,,,,,,,,,,,,,,,
6496,100250308,made,411,ποιήσατ’,,,,,,,,,,,,,,,,,,,,,,,,,,,,,,,,,,,,,,
6497,100250309,wife,411,ἄκοιτιν,,,,,,,,,,,,,,,,,,,,,,,,,,,,,,,,,,,,,,
6498,100250312,But,412,δέ,,,,,,,,,,,,,,,,,,,,,,,,,,,,,,,,,,,,,,
6499,100250318,the son of Cronus,412,Κρονίων,,,,,,,,,,,,,,,,,,,,,,,,,,,,,,,,,,,,,,
6500,100250317,made,412,θῆκε,,,,,,,,,,,,,,,,,,,,,,,,,,,,,,,,,,,,,,
6501,100250311,her,412,τὴν,,,,,,,,,,,,,,,,,,,,,,,,,,,,,,,,,,,,,,
6502,100250314,immortal,412,ἀθάνατον,,,,,,,,,,,,,,,,,,,,,,,,,,,,,,,,,,,,,,
6503,100250315,and,412,καὶ,,,,,,,,,,,,,,,,,,,,,,,,,,,,,,,,,,,,,,
6504,100250316,ageless,412,ἀγήρω,,,,,,,,,,,,,,,,,,,,,,,,,,,,,,,,,,,,,,
6505,100250320,youthful,413,ἥβην,,,,,,,,,,,,,,,,,,,,,,,,,,,,,,,,,,,,,,
6506,100250322,of Alcmene,413,Ἀλκμήνης,,,,,,,,,,,,,,,,,,,,,,,,,,,,,,,,,,,,,,
6507,100250323,beautiful,413,καλλισφύρου,,,,,,,,,,,,,,,,,,,,,,,,,,,,,,,,,,,,,,
6508,100250324,mighty,413,ἄλκιμος,,,,,,,,,,,,,,,,,,,,,,,,,,,,,,,,,,,,,,
6509,100250325,son,413,υἱός,,,,,,,,,,,,,,,,,,,,,,,,,,,,,,,,,,,,,,
6510,100250327,toils,413,ἲς,,,,,,,,,,,,,,,,,,,,,,,,,,,,,,,,,,,,,,
6511,100250328,of Alcmene,413,Ἡρακλῆος,,,,,,,,,,,,,,,,,,,,,,,,,,,,,,,,,,,,,,
6512,100250330,completed,413,τελέσας,,,,,,,,,,,,,,,,,,,,,,,,,,,,,,,,,,,,,,
6513,100250331,groaning,413,στονόεντας,,,,,,,,,,,,,,,,,,,,,,,,,,,,,,,,,,,,,,
6514,100250332,labors,413,ἀέθλους,,,,,,,,,,,,,,,,,,,,,,,,,,,,,,,,,,,,,,
6515,100250334,son,413,παῖδα,,,,,,,,,,,,,,,,,,,,,,,,,,,,,,,,,,,,,,
6516,100250335,of Zeus,413,Διὸς,,,,,,,,,,,,,,,,,,,,,,,,,,,,,,,,,,,,,,
6517,100250336,Great,413,μεγάλοιο,,,,,,,,,,,,,,,,,,,,,,,,,,,,,,,,,,,,,,
6518,100250338,of Hera,413,Ἥρης,,,,,,,,,,,,,,,,,,,,,,,,,,,,,,,,,,,,,,
6519,100250339,golden-sandaled,413,χρυσοπεδίλου,,,,,,,,,,,,,,,,,,,,,,,,,,,,,,,,,,,,,,
6520,100250341,venerable,413,αἰδοίην,,,,,,,,,,,,,,,,,,,,,,,,,,,,,,,,,,,,,,
6521,100250342,set,413,θέτ’,,,,,,,,,,,,,,,,,,,,,,,,,,,,,,,,,,,,,,
6522,100250343,wife,413,ἄκοιτιν,,,,,,,,,,,,,,,,,,,,,,,,,,,,,,,,,,,,,,
6523,100250344,in,413,ἐν,,,,,,,,,,,,,,,,,,,,,,,,,,,,,,,,,,,,,,
6524,100250345,Olympus,413,Οὐλύμπῳ,,,,,,,,,,,,,,,,,,,,,,,,,,,,,,,,,,,,,,
6525,100250346,snowy,413,νιφόεντι,,,,,,,,,,,,,,,,,,,,,,,,,,,,,,,,,,,,,,
6526,100250348,happy,413,ὄλβιος,,,,,,,,,,,,,,,,,,,,,,,,,,,,,,,,,,,,,,
6527,100250350,who,413,ὃς,,,,,,,,,,,,,,,,,,,,,,,,,,,,,,,,,,,,,,
6528,100250351,great,413,μέγα,,,,,,,,,,,,,,,,,,,,,,,,,,,,,,,,,,,,,,
6529,100250352,work,413,ἔργον,,,,,,,,,,,,,,,,,,,,,,,,,,,,,,,,,,,,,,
6530,100250353,among,413,ἐν,,,,,,,,,,,,,,,,,,,,,,,,,,,,,,,,,,,,,,
6531,100250354,immortals,413,ἀθανάτοισιν,,,,,,,,,,,,,,,,,,,,,,,,,,,,,,,,,,,,,,
6532,100250355,completed,413,ἀνύσσας,,,,,,,,,,,,,,,,,,,,,,,,,,,,,,,,,,,,,,
6533,100250356,dwells,413,ναίει,,,,,,,,,,,,,,,,,,,,,,,,,,,,,,,,,,,,,,
6534,100250357,unharmed,413,ἀπήμαντος,,,,,,,,,,,,,,,,,,,,,,,,,,,,,,,,,,,,,,
6535,100250358,and,413,καὶ,,,,,,,,,,,,,,,,,,,,,,,,,,,,,,,,,,,,,,
6536,100250359,ageless,413,ἀγήραος,,,,,,,,,,,,,,,,,,,,,,,,,,,,,,,,,,,,,,
6537,100250360,days,413,ἤματα,,,,,,,,,,,,,,,,,,,,,,,,,,,,,,,,,,,,,,
6538,100250361,all,413,πάντα,,,,,,,,,,,,,,,,,,,,,,,,,,,,,,,,,,,,,,
6539,100250363,Sun,414,ἠελίῳ,,,,,,,,,,,,,,,,,,,,,,,,,,,,,,,,,,,,,,
6540,100250364,And,414,δ’,,,,,,,,,,,,,,,,,,,,,,,,,,,,,,,,,,,,,,
6541,100250365,tireless,414,ἀκάμαντι,,,,,,,,,,,,,,,,,,,,,,,,,,,,,,,,,,,,,,
6542,100250366,bore,414,τέκεν,,,,,,,,,,,,,,,,,,,,,,,,,,,,,,,,,,,,,,
6543,100250367,renowned,414,κλυτὸς,,,,,,,,,,,,,,,,,,,,,,,,,,,,,,,,,,,,,,
6544,100250368,Oceanid,414,Ὠκεανίνη,,,,,,,,,,,,,,,,,,,,,,,,,,,,,,,,,,,,,,
6545,100250369,Persis,414,Περσηὶς,,,,,,,,,,,,,,,,,,,,,,,,,,,,,,,,,,,,,,
6546,100250370,Circe,414,Κίρκην,,,,,,,,,,,,,,,,,,,,,,,,,,,,,,,,,,,,,,
6547,100250371,and,414,τε,,,,,,,,,,,,,,,,,,,,,,,,,,,,,,,,,,,,,,
6548,100250372,and,414,καὶ,,,,,,,,,,,,,,,,,,,,,,,,,,,,,,,,,,,,,,
6549,100250373,Aietes,414,Αἰήτην,,,,,,,,,,,,,,,,,,,,,,,,,,,,,,,,,,,,,,
6550,100250374,king,414,βασιλῆα,,,,,,,,,,,,,,,,,,,,,,,,,,,,,,,,,,,,,,
6551,100250376,Aietes,415,Αἰήτης,,,,,,,,,,,,,,,,,,,,,,,,,,,,,,,,,,,,,,
6552,100250378,son,415,υἱὸς,,,,,,,,,,,,,,,,,,,,,,,,,,,,,,,,,,,,,,
6553,100250379,sun-god,415,φαεσιμβρότου,,,,,,,,,,,,,,,,,,,,,,,,,,,,,,,,,,,,,,
6554,100250380,gives light,415,Ἠελίοιο,,,,,,,,,,,,,,,,,,,,,,,,,,,,,,,,,,,,,,
6555,100250381,daughter,415,κούρην,,,,,,,,,,,,,,,,,,,,,,,,,,,,,,,,,,,,,,
6556,100250382,Oceanus,415,Ὠκεανοῖο,,,,,,,,,,,,,,,,,,,,,,,,,,,,,,,,,,,,,,
6557,100250383,flows,415,τελήεντος,,,,,,,,,,,,,,,,,,,,,,,,,,,,,,,,,,,,,,
6558,100250384,river,415,ποταμοῖο,,,,,,,,,,,,,,,,,,,,,,,,,,,,,,,,,,,,,,
6559,100250385,married,415,γῆμε,,,,,,,,,,,,,,,,,,,,,,,,,,,,,,,,,,,,,,
6560,100250386,gods,415,θεῶν,,,,,,,,,,,,,,,,,,,,,,,,,,,,,,,,,,,,,,
6561,100250387,will,415,βουλῇσιν,,,,,,,,,,,,,,,,,,,,,,,,,,,,,,,,,,,,,,
6562,100250388,Idyia,415,Ἰδυῖαν,,,,,,,,,,,,,,,,,,,,,,,,,,,,,,,,,,,,,,
6563,100250389,fair-cheeked,415,καλλιπάρῃον,,,,,,,,,,,,,,,,,,,,,,,,,,,,,,,,,,,,,,
6564,100250391,she,416,ἣ,,,,,,,,,,,,,,,,,,,,,,,,,,,,,,,,,,,,,,
6565,100250392,And,416,δέ,,,,,,,,,,,,,,,,,,,,,,,,,,,,,,,,,,,,,,
6566,100250399,having been subdued,416,ὑποδμηθεῖσα,,,,,,,,,,,,,,,,,,,,,,,,,,,,,,,,,,,,,,
6567,100250400,by,416,διὰ,,,,,,,,,,,,,,,,,,,,,,,,,,,,,,,,,,,,,,
6568,100250401,golden,416,χρυσέην,,,,,,,,,,,,,,,,,,,,,,,,,,,,,,,,,,,,,,
6569,100250402,Aphrodite,416,Ἀφροδίτην,,,,,,,,,,,,,,,,,,,,,,,,,,,,,,,,,,,,,,
6570,100250396,in,416,ἐν,,,,,,,,,,,,,,,,,,,,,,,,,,,,,,,,,,,,,,
6571,100250397,the spirit,416,φιλότητι,,,,,,,,,,,,,,,,,,,,,,,,,,,,,,,,,,,,,,
6572,100250398,bore,416,γείναθ’,,,,,,,,,,,,,,,,,,,,,,,,,,,,,,,,,,,,,,
6573,100250394,Medea,416,Μήδειαν,,,,,,,,,,,,,,,,,,,,,,,,,,,,,,,,,,,,,,
6574,100250395,fair,416,ἐύσφυρον,,,,,,,,,,,,,,,,,,,,,,,,,,,,,,,,,,,,,,
6575,100250404,you,417,ὑμεῖς,,,,,,,,,,,,,,,,,,,,,,,,,,,,,,,,,,,,,,
6576,100250405,me,417,μὲν,,,,,,,,,,,,,,,,,,,,,,,,,,,,,,,,,,,,,,
6577,100250406,Now,417,νῦν,,,,,,,,,,,,,,,,,,,,,,,,,,,,,,,,,,,,,,
6578,100250407,greet,417,χαίρετ’,,,,,,,,,,,,,,,,,,,,,,,,,,,,,,,,,,,,,,
6579,100250409,Olympus,417,Ὀλύμπια,,,,,,,,,,,,,,,,,,,,,,,,,,,,,,,,,,,,,,
6580,100250410,houses,417,δώματ’,,,,,,,,,,,,,,,,,,,,,,,,,,,,,,,,,,,,,,
6581,100250411,dwell,417,ἔχοντες,,,,,,,,,,,,,,,,,,,,,,,,,,,,,,,,,,,,,,
6582,100250413,islands,417,νῆσοί,,,,,,,,,,,,,,,,,,,,,,,,,,,,,,,,,,,,,,
6583,100250414,both,417,τ’,,,,,,,,,,,,,,,,,,,,,,,,,,,,,,,,,,,,,,
6584,100250415,continents,417,ἤπειροί,,,,,,,,,,,,,,,,,,,,,,,,,,,,,,,,,,,,,,
6585,100250416,and,417,τε,,,,,,,,,,,,,,,,,,,,,,,,,,,,,,,,,,,,,,
6586,100250417,and,417,καὶ,,,,,,,,,,,,,,,,,,,,,,,,,,,,,,,,,,,,,,
6587,100250418,salty,417,ἁλμυρὸς,,,,,,,,,,,,,,,,,,,,,,,,,,,,,,,,,,,,,,
6588,100250419,within,417,ἔνδοθι,,,,,,,,,,,,,,,,,,,,,,,,,,,,,,,,,,,,,,
6589,100250420,sea,417,πόντος,,,,,,,,,,,,,,,,,,,,,,,,,,,,,,,,,,,,,,
6590,100250422,Now,418,νῦν,,,,,,,,,,,,,,,,,,,,,,,,,,,,,,,,,,,,,,
6591,100250423,sing,418,δὲ,,,,,,,,,,,,,,,,,,,,,,,,,,,,,,,,,,,,,,
6592,100250424,goddesses,418,θεάων,,,,,,,,,,,,,,,,,,,,,,,,,,,,,,,,,,,,,,
6593,100250425,race,418,φῦλον,,,,,,,,,,,,,,,,,,,,,,,,,,,,,,,,,,,,,,
6594,100250426,sing,418,ἀείσατε,,,,,,,,,,,,,,,,,,,,,,,,,,,,,,,,,,,,,,
6595,100250428,sweet-voiced,418,ἡδυέπειαι,,,,,,,,,,,,,,,,,,,,,,,,,,,,,,,,,,,,,,
6596,100250429,Muses,418,Μοῦσαι,,,,,,,,,,,,,,,,,,,,,,,,,,,,,,,,,,,,,,
6597,100250430,Olympians,418,Ὀλυμπιάδες,,,,,,,,,,,,,,,,,,,,,,,,,,,,,,,,,,,,,,
6598,100250432,daughters,418,κοῦραι,,,,,,,,,,,,,,,,,,,,,,,,,,,,,,,,,,,,,,
6599,100250433,Zeus,418,Διὸς,,,,,,,,,,,,,,,,,,,,,,,,,,,,,,,,,,,,,,
6600,100250434,ox-bearing,418,αἰγιόχοιο,,,,,,,,,,,,,,,,,,,,,,,,,,,,,,,,,,,,,,
6601,100250436,all those,418,ὅσσαι,,,,,,,,,,,,,,,,,,,,,,,,,,,,,,,,,,,,,,
6602,100250438,mortal,418,θνητοῖσι,,,,,,,,,,,,,,,,,,,,,,,,,,,,,,,,,,,,,,
6603,100250439,beside,418,παρ’,,,,,,,,,,,,,,,,,,,,,,,,,,,,,,,,,,,,,,
6604,100250440,men,418,ἀνδράσιν,,,,,,,,,,,,,,,,,,,,,,,,,,,,,,,,,,,,,,
6605,100250441,lying,418,εὐνηθεῖσαι,,,,,,,,,,,,,,,,,,,,,,,,,,,,,,,,,,,,,,
6606,100250442,immortal,418,ἀθάναται,,,,,,,,,,,,,,,,,,,,,,,,,,,,,,,,,,,,,,
6607,100250443,bore,418,γείναντο,,,,,,,,,,,,,,,,,,,,,,,,,,,,,,,,,,,,,,
6608,100250444,gods,418,θεοῖς,,,,,,,,,,,,,,,,,,,,,,,,,,,,,,,,,,,,,,
6609,100250445,suitable,418,ἐπιείκελα,,,,,,,,,,,,,,,,,,,,,,,,,,,,,,,,,,,,,,
6610,100250446,children,418,τέκνα,,,,,,,,,,,,,,,,,,,,,,,,,,,,,,,,,,,,,,
6611,100250448,Demeter,419,Δημήτηρ,,,,,,,,,,,,,,,,,,,,,,,,,,,,,,,,,,,,,,
6612,100250450,Pluto,419,Πλοῦτον,,,,,,,,,,,,,,,,,,,,,,,,,,,,,,,,,,,,,,
6613,100250451,bore,419,ἐγείνατο,,,,,,,,,,,,,,,,,,,,,,,,,,,,,,,,,,,,,,
6614,100250453,divine,419,δῖα,,,,,,,,,,,,,,,,,,,,,,,,,,,,,,,,,,,,,,
6615,100250454,goddesses,419,θεάων,,,,,,,,,,,,,,,,,,,,,,,,,,,,,,,,,,,,,,
6616,100250456,Iasion,419,Ἰασίων’,,,,,,,,,,,,,,,,,,,,,,,,,,,,,,,,,,,,,,
6617,100250457,hero,419,ἥρωι,,,,,,,,,,,,,,,,,,,,,,,,,,,,,,,,,,,,,,
6618,100250458,mingled,419,μιγεῖσ’,,,,,,,,,,,,,,,,,,,,,,,,,,,,,,,,,,,,,,
6619,100250459,desire,419,ἐρατῇ,,,,,,,,,,,,,,,,,,,,,,,,,,,,,,,,,,,,,,
6620,100250460,with,419,φιλότητι,,,,,,,,,,,,,,,,,,,,,,,,,,,,,,,,,,,,,,
6621,100250461,fallow,419,νειῷ,,,,,,,,,,,,,,,,,,,,,,,,,,,,,,,,,,,,,,
6622,100250462,in,419,ἔνι,,,,,,,,,,,,,,,,,,,,,,,,,,,,,,,,,,,,,,
6623,100250463,three-furrowed,419,τριπόλῳ,,,,,,,,,,,,,,,,,,,,,,,,,,,,,,,,,,,,,,
6624,100250465,Crete,419,Κρήτης,,,,,,,,,,,,,,,,,,,,,,,,,,,,,,,,,,,,,,
6625,100250466,in,419,ἐν,,,,,,,,,,,,,,,,,,,,,,,,,,,,,,,,,,,,,,
6626,100250467,rich,419,πίονι,,,,,,,,,,,,,,,,,,,,,,,,,,,,,,,,,,,,,,
6627,100250468,district,419,δήμῳ,,,,,,,,,,,,,,,,,,,,,,,,,,,,,,,,,,,,,,
6628,100250470,noble,419,ἐσθλόν,,,,,,,,,,,,,,,,,,,,,,,,,,,,,,,,,,,,,,
6629,100250472,who,419,ὃς,,,,,,,,,,,,,,,,,,,,,,,,,,,,,,,,,,,,,,
6630,100250473,goes,419,εἶσ’,,,,,,,,,,,,,,,,,,,,,,,,,,,,,,,,,,,,,,
6631,100250474,upon,419,ἐπὶ,,,,,,,,,,,,,,,,,,,,,,,,,,,,,,,,,,,,,,
6632,100250475,land,419,γῆν,,,,,,,,,,,,,,,,,,,,,,,,,,,,,,,,,,,,,,
6633,100250476,and,419,τε,,,,,,,,,,,,,,,,,,,,,,,,,,,,,,,,,,,,,,
6634,100250477,and,419,καὶ,,,,,,,,,,,,,,,,,,,,,,,,,,,,,,,,,,,,,,
6635,100250478,broad,419,εὐρέα,,,,,,,,,,,,,,,,,,,,,,,,,,,,,,,,,,,,,,
6636,100250479,back,419,νῶτα,,,,,,,,,,,,,,,,,,,,,,,,,,,,,,,,,,,,,,
6637,100250480,sea,419,θαλάσσης,,,,,,,,,,,,,,,,,,,,,,,,,,,,,,,,,,,,,,
6638,100250481,everywhere,419,πάντη,,,,,,,,,,,,,,,,,,,,,,,,,,,,,,,,,,,,,,
6639,100250483,to,420,τῷ,,,,,,,,,,,,,,,,,,,,,,,,,,,,,,,,,,,,,,
6640,100250485,the one who happens,420,τυχόντι,,,,,,,,,,,,,,,,,,,,,,,,,,,,,,,,,,,,,,
6641,100250488,if,420,κ’,,,,,,,,,,,,,,,,,,,,,,,,,,,,,,,,,,,,,,
6642,100250489,to,420,ἐς,,,,,,,,,,,,,,,,,,,,,,,,,,,,,,,,,,,,,,
6643,100250490,grips,420,χεῖρας,,,,,,,,,,,,,,,,,,,,,,,,,,,,,,,,,,,,,,
6644,100250491,come,420,ἵκηται,,,,,,,,,,,,,,,,,,,,,,,,,,,,,,,,,,,,,,
6645,100250493,him,420,τὸν,,,,,,,,,,,,,,,,,,,,,,,,,,,,,,,,,,,,,,
6646,100250495,wealthy,420,ἀφνειὸν,,,,,,,,,,,,,,,,,,,,,,,,,,,,,,,,,,,,,,
6647,100250496,made,420,ἔθηκε,,,,,,,,,,,,,,,,,,,,,,,,,,,,,,,,,,,,,,
6648,100250498,great,420,πολὺν,,,,,,,,,,,,,,,,,,,,,,,,,,,,,,,,,,,,,,
6649,100250502,prosperity,420,ὄλβον,,,,,,,,,,,,,,,,,,,,,,,,,,,,,,,,,,,,,,
6650,100250500,him,420,οἱ,,,,,,,,,,,,,,,,,,,,,,,,,,,,,,,,,,,,,,
6651,100250501,granted,420,ὤπασεν,,,,,,,,,,,,,,,,,,,,,,,,,,,,,,,,,,,,,,
6652,100250505,And,421,δ’,,,,,,,,,,,,,,,,,,,,,,,,,,,,,,,,,,,,,,
6653,100250504,Cadmus,421,Κάδμῳ,,,,,,,,,,,,,,,,,,,,,,,,,,,,,,,,,,,,,,
6654,100250506,Harmonia,421,Ἁρμονίη,,,,,,,,,,,,,,,,,,,,,,,,,,,,,,,,,,,,,,
6655,100250508,daughter,421,θυγάτηρ,,,,,,,,,,,,,,,,,,,,,,,,,,,,,,,,,,,,,,
6656,100250509,golden,421,χρυσέης,,,,,,,,,,,,,,,,,,,,,,,,,,,,,,,,,,,,,,
6657,100250510,Aphrodite,421,Ἀφροδίτης,,,,,,,,,,,,,,,,,,,,,,,,,,,,,,,,,,,,,,
6658,100250512,Ino,421,Ἰνὼ,,,,,,,,,,,,,,,,,,,,,,,,,,,,,,,,,,,,,,
6659,100250513,and,421,καὶ,,,,,,,,,,,,,,,,,,,,,,,,,,,,,,,,,,,,,,
6660,100250514,Semele,421,Σεμέλην,,,,,,,,,,,,,,,,,,,,,,,,,,,,,,,,,,,,,,
6661,100250515,and,421,καὶ,,,,,,,,,,,,,,,,,,,,,,,,,,,,,,,,,,,,,,
6662,100250516,Agave,421,Ἀγαυὴν,,,,,,,,,,,,,,,,,,,,,,,,,,,,,,,,,,,,,,
6663,100250517,fair,421,καλλιπάρῃον,,,,,,,,,,,,,,,,,,,,,,,,,,,,,,,,,,,,,,
6664,100250518,Autonoë,421,Αὐτονόην,,,,,,,,,,,,,,,,,,,,,,,,,,,,,,,,,,,,,,
6665,100250519,whom,421,θ’,,,,,,,,,,,,,,,,,,,,,,,,,,,,,,,,,,,,,,
6666,100250524,deep-haired,421,βαθυχαίτης,,,,,,,,,,,,,,,,,,,,,,,,,,,,,,,,,,,,,,
6667,100250523,Aristaeus,421,Ἀρισταῖος,,,,,,,,,,,,,,,,,,,,,,,,,,,,,,,,,,,,,,
6668,100250522,married,421,γῆμεν,,,,,,,,,,,,,,,,,,,,,,,,,,,,,,,,,,,,,,
6669,100250527,and,421,καὶ,,,,,,,,,,,,,,,,,,,,,,,,,,,,,,,,,,,,,,
6670,100250526,bore,421,γείνατο,,,,,,,,,,,,,,,,,,,,,,,,,,,,,,,,,,,,,,
6671,100250528,Polydorus,421,Πολύδωρον,,,,,,,,,,,,,,,,,,,,,,,,,,,,,,,,,,,,,,
6672,100250529,rich-wreathed,421,ἐυστεφάνῳ,,,,,,,,,,,,,,,,,,,,,,,,,,,,,,,,,,,,,,
6673,100250531,Thebes,421,Θήβῃ,,,,,,,,,,,,,,,,,,,,,,,,,,,,,,,,,,,,,,
6674,100250534,And,422,δ’,,,,,,,,,,,,,,,,,,,,,,,,,,,,,,,,,,,,,,
6675,100250533,the,422,κούρη,,,,,,,,,,,,,,,,,,,,,,,,,,,,,,,,,,,,,,
6676,100250533,daughter,422,κούρη,,,,,,,,,,,,,,,,,,,,,,,,,,,,,,,,,,,,,,
6677,100250535,of,422,Ὠκεανοῦ,,,,,,,,,,,,,,,,,,,,,,,,,,,,,,,,,,,,,,
6678,100250535,Oceanus,422,Ὠκεανοῦ,,,,,,,,,,,,,,,,,,,,,,,,,,,,,,,,,,,,,,
6679,100250539,having,422,μιχθεῖσ’,,,,,,,,,,,,,,,,,,,,,,,,,,,,,,,,,,,,,,
6680,100250539,mixed,422,μιχθεῖσ’,,,,,,,,,,,,,,,,,,,,,,,,,,,,,,,,,,,,,,
6681,100250540,in,422,ἐν,,,,,,,,,,,,,,,,,,,,,,,,,,,,,,,,,,,,,,
6682,100250541,love,422,φιλότητι,,,,,,,,,,,,,,,,,,,,,,,,,,,,,,,,,,,,,,
6683,100250538,strong-hearted,422,καρτεροθύμῳ,,,,,,,,,,,,,,,,,,,,,,,,,,,,,,,,,,,,,,
6684,100250537,Chrysaor,422,Χρυσάορι,,,,,,,,,,,,,,,,,,,,,,,,,,,,,,,,,,,,,,
6685,100250542,the,422,πολυχρύσου,,,,,,,,,,,,,,,,,,,,,,,,,,,,,,,,,,,,,,
6686,100250542,much-golden,422,πολυχρύσου,,,,,,,,,,,,,,,,,,,,,,,,,,,,,,,,,,,,,,
6687,100250543,Aphrodite's,422,Ἀφροδίτης,,,,,,,,,,,,,,,,,,,,,,,,,,,,,,,,,,,,,,
6688,100250545,Callirhoe,422,Καλλιρόη,,,,,,,,,,,,,,,,,,,,,,,,,,,,,,,,,,,,,,
6689,100250546,bore,422,τέκε,,,,,,,,,,,,,,,,,,,,,,,,,,,,,,,,,,,,,,
6690,100250547,the,422,παῖδα,,,,,,,,,,,,,,,,,,,,,,,,,,,,,,,,,,,,,,
6691,100250547,strongest,422,παῖδα,,,,,,,,,,,,,,,,,,,,,,,,,,,,,,,,,,,,,,
6692,100250548,of,422,βροτῶν,,,,,,,,,,,,,,,,,,,,,,,,,,,,,,,,,,,,,,
6693,100250548,all,422,βροτῶν,,,,,,,,,,,,,,,,,,,,,,,,,,,,,,,,,,,,,,
6694,100250548,mortals,422,βροτῶν,,,,,,,,,,,,,,,,,,,,,,,,,,,,,,,,,,,,,,
6695,100250552,Geryon,422,Γηρυονέα,,,,,,,,,,,,,,,,,,,,,,,,,,,,,,,,,,,,,,
6696,100250554,whom,422,τὸν,,,,,,,,,,,,,,,,,,,,,,,,,,,,,,,,,,,,,,
6697,100250557,Heracles,422,Ἡρακληείη,,,,,,,,,,,,,,,,,,,,,,,,,,,,,,,,,,,,,,
6698,100250555,killed,422,κτεῖνε,,,,,,,,,,,,,,,,,,,,,,,,,,,,,,,,,,,,,,
6699,100250556,with,422,βίη,,,,,,,,,,,,,,,,,,,,,,,,,,,,,,,,,,,,,,
6700,100250556,his,422,βίη,,,,,,,,,,,,,,,,,,,,,,,,,,,,,,,,,,,,,,
6701,100250556,might,422,βίη,,,,,,,,,,,,,,,,,,,,,,,,,,,,,,,,,,,,,,
6702,100250559,for,422,ἕνεκ’,,,,,,,,,,,,,,,,,,,,,,,,,,,,,,,,,,,,,,
6703,100250559,the,422,ἕνεκ’,,,,,,,,,,,,,,,,,,,,,,,,,,,,,,,,,,,,,,
6704,100250559,sake,422,ἕνεκ’,,,,,,,,,,,,,,,,,,,,,,,,,,,,,,,,,,,,,,
6705,100250560,of,422,εἰλιπόδων,,,,,,,,,,,,,,,,,,,,,,,,,,,,,,,,,,,,,,
6706,100250560,the,422,εἰλιπόδων,,,,,,,,,,,,,,,,,,,,,,,,,,,,,,,,,,,,,,
6707,100250560,swift-footed,422,εἰλιπόδων,,,,,,,,,,,,,,,,,,,,,,,,,,,,,,,,,,,,,,
6708,100250558,oxen,422,βοῶν,,,,,,,,,,,,,,,,,,,,,,,,,,,,,,,,,,,,,,
6709,100250561,in,422,ἀμφιρρύτῳ,,,,,,,,,,,,,,,,,,,,,,,,,,,,,,,,,,,,,,
6710,100250561,the,422,ἀμφιρρύτῳ,,,,,,,,,,,,,,,,,,,,,,,,,,,,,,,,,,,,,,
6711,100250561,double-hoofed,422,ἀμφιρρύτῳ,,,,,,,,,,,,,,,,,,,,,,,,,,,,,,,,,,,,,,
6712,100250563,Erytheia,422,Ἐρυθείῃ,,,,,,,,,,,,,,,,,,,,,,,,,,,,,,,,,,,,,,
6713,100250565,to Tithonus,423,Τιθωνῷ,,,,,,,,,,,,,,,,,,,,,,,,,,,,,,,,,,,,,,
6714,100250566,And,423,δ’,,,,,,,,,,,,,,,,,,,,,,,,,,,,,,,,,,,,,,
6715,100250567,Dawn,423,Ἠὼς,,,,,,,,,,,,,,,,,,,,,,,,,,,,,,,,,,,,,,
6716,100250568,bore,423,τέκε,,,,,,,,,,,,,,,,,,,,,,,,,,,,,,,,,,,,,,
6717,100250569,Memnon,423,Μέμνονα,,,,,,,,,,,,,,,,,,,,,,,,,,,,,,,,,,,,,,
6718,100250570,bronze-armed,423,χαλκοκορυστήν,,,,,,,,,,,,,,,,,,,,,,,,,,,,,,,,,,,,,,
6719,100250572,of the Ethiopians,423,Αἰθιόπων,,,,,,,,,,,,,,,,,,,,,,,,,,,,,,,,,,,,,,
6720,100250573,king,423,βασιλῆα,,,,,,,,,,,,,,,,,,,,,,,,,,,,,,,,,,,,,,
6721,100250575,and,423,καὶ,,,,,,,,,,,,,,,,,,,,,,,,,,,,,,,,,,,,,,
6722,100250576,Hymenaeus,423,Ἠμαθίωνα,,,,,,,,,,,,,,,,,,,,,,,,,,,,,,,,,,,,,,
6723,100250577,the lord,423,ἄνακτα,,,,,,,,,,,,,,,,,,,,,,,,,,,,,,,,,,,,,,
6724,100250579,But,424,αὐτὰρ,,,,,,,,,,,,,,,,,,,,,,,,,,,,,,,,,,,,,,
6725,100250580,underneath,424,ὑπαὶ,,,,,,,,,,,,,,,,,,,,,,,,,,,,,,,,,,,,,,
6726,100250581,Cephalus,424,Κεφάλῳ,,,,,,,,,,,,,,,,,,,,,,,,,,,,,,,,,,,,,,
6727,100250582,begot,424,φιτύσατο,,,,,,,,,,,,,,,,,,,,,,,,,,,,,,,,,,,,,,
6728,100250583,radiant,424,φαίδιμον,,,,,,,,,,,,,,,,,,,,,,,,,,,,,,,,,,,,,,
6729,100250584,son,424,υἱόν,,,,,,,,,,,,,,,,,,,,,,,,,,,,,,,,,,,,,,
6730,100250586,mighty,424,ἴφθιμον,,,,,,,,,,,,,,,,,,,,,,,,,,,,,,,,,,,,,,
6731,100250587,Phaethon,424,Φαέθοντα,,,,,,,,,,,,,,,,,,,,,,,,,,,,,,,,,,,,,,
6732,100250589,gods,424,θεοῖς,,,,,,,,,,,,,,,,,,,,,,,,,,,,,,,,,,,,,,
6733,100250590,resembling,424,ἐπιείκελον,,,,,,,,,,,,,,,,,,,,,,,,,,,,,,,,,,,,,,
6734,100250591,man,424,ἄνδρα,,,,,,,,,,,,,,,,,,,,,,,,,,,,,,,,,,,,,,
6735,100250593,him,425,τόν,,,,,,,,,,,,,,,,,,,,,,,,,,,,,,,,,,,,,,
6736,100250594,possessing,425,ῥα,,,,,,,,,,,,,,,,,,,,,,,,,,,,,,,,,,,,,,
6737,100250595,new,425,νέον,,,,,,,,,,,,,,,,,,,,,,,,,,,,,,,,,,,,,,
6738,100250596,tender,425,τέρεν,,,,,,,,,,,,,,,,,,,,,,,,,,,,,,,,,,,,,,
6739,100250597,flower,425,ἄνθος,,,,,,,,,,,,,,,,,,,,,,,,,,,,,,,,,,,,,,
6740,100250598,possessing,425,ἔχοντ’,,,,,,,,,,,,,,,,,,,,,,,,,,,,,,,,,,,,,,
6741,100250599,vigorous,425,ἐρικυδέος,,,,,,,,,,,,,,,,,,,,,,,,,,,,,,,,,,,,,,
6742,100250600,youth,425,ἥβης,,,,,,,,,,,,,,,,,,,,,,,,,,,,,,,,,,,,,,
6743,100250601,son,425,παῖδ’,,,,,,,,,,,,,,,,,,,,,,,,,,,,,,,,,,,,,,
6744,100250602,thinking,425,ἀταλὰ,,,,,,,,,,,,,,,,,,,,,,,,,,,,,,,,,,,,,,
6745,100250603,thinking,425,φρονέοντα,,,,,,,,,,,,,,,,,,,,,,,,,,,,,,,,,,,,,,
6746,100250604,love,425,φιλομμειδὴς,,,,,,,,,,,,,,,,,,,,,,,,,,,,,,,,,,,,,,
6747,100250605,Aphrodite,425,Ἀφροδίτη,,,,,,,,,,,,,,,,,,,,,,,,,,,,,,,,,,,,,,
6748,100250606,found,425,ὦρτ’,,,,,,,,,,,,,,,,,,,,,,,,,,,,,,,,,,,,,,
6749,100250607,plucked,425,ἀναρεψαμένη,,,,,,,,,,,,,,,,,,,,,,,,,,,,,,,,,,,,,,
6750,100250609,and,425,καί,,,,,,,,,,,,,,,,,,,,,,,,,,,,,,,,,,,,,,
6751,100250610,him,425,μιν,,,,,,,,,,,,,,,,,,,,,,,,,,,,,,,,,,,,,,
6752,100250611,holy,425,ζαθέοις,,,,,,,,,,,,,,,,,,,,,,,,,,,,,,,,,,,,,,
6753,100250612,in,425,ἐνὶ,,,,,,,,,,,,,,,,,,,,,,,,,,,,,,,,,,,,,,
6754,100250613,temples,425,νηοῖς,,,,,,,,,,,,,,,,,,,,,,,,,,,,,,,,,,,,,,
6755,100250614,temple-attendant,425,νηοπόλον,,,,,,,,,,,,,,,,,,,,,,,,,,,,,,,,,,,,,,
6756,100250615,temple-attendant,425,νύχιον,,,,,,,,,,,,,,,,,,,,,,,,,,,,,,,,,,,,,,
6757,100250616,made,425,ποιήσατο,,,,,,,,,,,,,,,,,,,,,,,,,,,,,,,,,,,,,,
6758,100250618,daemon,425,δαίμονα,,,,,,,,,,,,,,,,,,,,,,,,,,,,,,,,,,,,,,
6759,100250619,divine,425,δῖον,,,,,,,,,,,,,,,,,,,,,,,,,,,,,,,,,,,,,,
6760,100250622,And,426,δ’,,,,,,,,,,,,,,,,,,,,,,,,,,,,,,,,,,,,,,
6761,100250626,son,426,Αἰσονίδης,,,,,,,,,,,,,,,,,,,,,,,,,,,,,,,,,,,,,,
6762,100250623,of,426,Αἰήταο,,,,,,,,,,,,,,,,,,,,,,,,,,,,,,,,,,,,,,
6763,100250626,Aeson,426,Αἰσονίδης,,,,,,,,,,,,,,,,,,,,,,,,,,,,,,,,,,,,,,
6764,100250630,led,426,ἦγε,,,,,,,,,,,,,,,,,,,,,,,,,,,,,,,,,,,,,,
6765,100250621,daughter,426,κούρην,,,,,,,,,,,,,,,,,,,,,,,,,,,,,,,,,,,,,,
6766,100250625,king,426,βασιλῆος,,,,,,,,,,,,,,,,,,,,,,,,,,,,,,,,,,,,,,
6767,100250623,Aietes,426,Αἰήταο,,,,,,,,,,,,,,,,,,,,,,,,,,,,,,,,,,,,,,
6768,100250624,divinely,426,διοτρεφέος,,,,,,,,,,,,,,,,,,,,,,,,,,,,,,,,,,,,,,
6769,100250624,nurtured,426,διοτρεφέος,,,,,,,,,,,,,,,,,,,,,,,,,,,,,,,,,,,,,,
6770,100250627,counsels,426,βουλῇσι,,,,,,,,,,,,,,,,,,,,,,,,,,,,,,,,,,,,,,
6771,100250628,of,426,θεῶν,,,,,,,,,,,,,,,,,,,,,,,,,,,,,,,,,,,,,,
6772,100250628,gods,426,θεῶν,,,,,,,,,,,,,,,,,,,,,,,,,,,,,,,,,,,,,,
6773,100250629,born,426,αἰειγενετάων,,,,,,,,,,,,,,,,,,,,,,,,,,,,,,,,,,,,,,
6774,100250629,from,426,αἰειγενετάων,,,,,,,,,,,,,,,,,,,,,,,,,,,,,,,,,,,,,,
6775,100250628,gods,426,θεῶν,,,,,,,,,,,,,,,,,,,,,,,,,,,,,,,,,,,,,,
6776,100250632,Aietes,426,Αἰήτεω,,,,,,,,,,,,,,,,,,,,,,,,,,,,,,,,,,,,,,
6777,100250634,accomplishing,426,τελέσας,,,,,,,,,,,,,,,,,,,,,,,,,,,,,,,,,,,,,,
6778,100250635,sorrowful,426,στονόεντας,,,,,,,,,,,,,,,,,,,,,,,,,,,,,,,,,,,,,,
6779,100250636,labors,426,ἀέθλους,,,,,,,,,,,,,,,,,,,,,,,,,,,,,,,,,,,,,,
6780,100250642,king,426,βασιλεὺς,,,,,,,,,,,,,,,,,,,,,,,,,,,,,,,,,,,,,,
6781,100250641,great,426,μέγας,,,,,,,,,,,,,,,,,,,,,,,,,,,,,,,,,,,,,,
6782,100250643,overbearing,426,ὑπερήνωρ,,,,,,,,,,,,,,,,,,,,,,,,,,,,,,,,,,,,,,
6783,100250639,many,426,πολλοὺς,,,,,,,,,,,,,,,,,,,,,,,,,,,,,,,,,,,,,,
6784,100250636,tasks,426,ἀέθλους,,,,,,,,,,,,,,,,,,,,,,,,,,,,,,,,,,,,,,
6785,100250640,commanded,426,ἐπέτελλε,,,,,,,,,,,,,,,,,,,,,,,,,,,,,,,,,,,,,,
6786,100250645,bully,426,ὑβριστὴς,,,,,,,,,,,,,,,,,,,,,,,,,,,,,,,,,,,,,,
6787,100250646,Pelias,426,Πελίης,,,,,,,,,,,,,,,,,,,,,,,,,,,,,,,,,,,,,,
6788,100250647,and,426,καὶ,,,,,,,,,,,,,,,,,,,,,,,,,,,,,,,,,,,,,,
6789,100250648,reckless,426,ἀτάσθαλος,,,,,,,,,,,,,,,,,,,,,,,,,,,,,,,,,,,,,,
6790,100250650,mighty,426,ὀβριμοεργός,,,,,,,,,,,,,,,,,,,,,,,,,,,,,,,,,,,,,,
6791,100250650,worker,426,ὀβριμοεργός,,,,,,,,,,,,,,,,,,,,,,,,,,,,,,,,,,,,,,
6792,100250652,the,427,τοὺς,,,,,,,,,,,,,,,,,,,,,,,,,,,,,,,,,,,,,,
6793,100250653,accomplished,427,τελέσας,,,,,,,,,,,,,,,,,,,,,,,,,,,,,,,,,,,,,,
6794,100250654,Iolcus,427,Ἰαωλκὸν,,,,,,,,,,,,,,,,,,,,,,,,,,,,,,,,,,,,,,
6795,100250655,arrived,427,ἀφίκετο,,,,,,,,,,,,,,,,,,,,,,,,,,,,,,,,,,,,,,
6796,100250657,much,427,πολλὰ,,,,,,,,,,,,,,,,,,,,,,,,,,,,,,,,,,,,,,
6797,100250658,suffered,427,μογήσας,,,,,,,,,,,,,,,,,,,,,,,,,,,,,,,,,,,,,,
6798,100250660,swift-eyed,427,ὠκείης,,,,,,,,,,,,,,,,,,,,,,,,,,,,,,,,,,,,,,
6799,100250661,onto,427,ἐπὶ,,,,,,,,,,,,,,,,,,,,,,,,,,,,,,,,,,,,,,
6800,100250662,ship,427,νηὸς,,,,,,,,,,,,,,,,,,,,,,,,,,,,,,,,,,,,,,
6801,100250663,leading,427,ἄγων,,,,,,,,,,,,,,,,,,,,,,,,,,,,,,,,,,,,,,
6802,100250664,swift-eyed,427,ἑλικώπιδα,,,,,,,,,,,,,,,,,,,,,,,,,,,,,,,,,,,,,,
6803,100250665,maiden,427,κούρην,,,,,,,,,,,,,,,,,,,,,,,,,,,,,,,,,,,,,,
6804,100250666,son,427,Αἰσονίδης,,,,,,,,,,,,,,,,,,,,,,,,,,,,,,,,,,,,,,
6805,100250668,and,427,καί,,,,,,,,,,,,,,,,,,,,,,,,,,,,,,,,,,,,,,
6806,100250669,her,427,μιν,,,,,,,,,,,,,,,,,,,,,,,,,,,,,,,,,,,,,,
6807,100250670,vibrant,427,θαλερὴν,,,,,,,,,,,,,,,,,,,,,,,,,,,,,,,,,,,,,,
6808,100250671,made,427,ποιήσατ’,,,,,,,,,,,,,,,,,,,,,,,,,,,,,,,,,,,,,,
6809,100250672,wife,427,ἄκοιτιν,,,,,,,,,,,,,,,,,,,,,,,,,,,,,,,,,,,,,,
6810,100250674,And,428,καί,,,,,,,,,,,,,,,,,,,,,,,,,,,,,,,,,,,,,,
6811,100250675,so,428,ῥ’,,,,,,,,,,,,,,,,,,,,,,,,,,,,,,,,,,,,,,
6812,100250676,she,428,ἥ,,,,,,,,,,,,,,,,,,,,,,,,,,,,,,,,,,,,,,
6813,100250677,,428,γε,,,,,,,,,,,,,,,,,,,,,,,,,,,,,,,,,,,,,,
6814,100250678,subdued,428,δμηθεῖσ’,,,,,,,,,,,,,,,,,,,,,,,,,,,,,,,,,,,,,,
6815,100250679,by,428,ὑπ’,,,,,,,,,,,,,,,,,,,,,,,,,,,,,,,,,,,,,,
6816,100250680,Jason,428,Ἰήσονι,,,,,,,,,,,,,,,,,,,,,,,,,,,,,,,,,,,,,,
6817,100250682,shepherd,428,ποιμένι,,,,,,,,,,,,,,,,,,,,,,,,,,,,,,,,,,,,,,
6818,100250683,people,428,λαῶν,,,,,,,,,,,,,,,,,,,,,,,,,,,,,,,,,,,,,,
6819,100250685,Medean,428,Μήδειον,,,,,,,,,,,,,,,,,,,,,,,,,,,,,,,,,,,,,,
6820,100250686,bore,428,τέκε,,,,,,,,,,,,,,,,,,,,,,,,,,,,,,,,,,,,,,
6821,100250687,child,428,παῖδα,,,,,,,,,,,,,,,,,,,,,,,,,,,,,,,,,,,,,,
6822,100250689,whom,428,τὸν,,,,,,,,,,,,,,,,,,,,,,,,,,,,,,,,,,,,,,
6823,100250690,mountains,428,οὔρεσιν,,,,,,,,,,,,,,,,,,,,,,,,,,,,,,,,,,,,,,
6824,100250691,reared,428,ἔτρεφε,,,,,,,,,,,,,,,,,,,,,,,,,,,,,,,,,,,,,,
6825,100250692,Cheiron,428,Χείρων,,,,,,,,,,,,,,,,,,,,,,,,,,,,,,,,,,,,,,
6826,100250693,son,428,Φιλυρίδης,,,,,,,,,,,,,,,,,,,,,,,,,,,,,,,,,,,,,,
6827,100250698,mind,429,νόος,,,,,,,,,,,,,,,,,,,,,,,,,,,,,,,,,,,,,,
6828,100250697,Zeus,429,Διὸς,,,,,,,,,,,,,,,,,,,,,,,,,,,,,,,,,,,,,,
6829,100250695,great,429,μεγάλου,,,,,,,,,,,,,,,,,,,,,,,,,,,,,,,,,,,,,,
6830,100250699,accomplished,429,ἐξετελεῖτο,,,,,,,,,,,,,,,,,,,,,,,,,,,,,,,,,,,,,,
6831,100250701,But,430,αὐτὰρ,,,,,,,,,,,,,,,,,,,,,,,,,,,,,,,,,,,,,,
6832,100250702,Nereus,430,Νηρῆος,,,,,,,,,,,,,,,,,,,,,,,,,,,,,,,,,,,,,,
6833,100250703,daughters,430,κοῦραι,,,,,,,,,,,,,,,,,,,,,,,,,,,,,,,,,,,,,,
6834,100250706,of,431,ἁλίοιο,,,,,,,,,,,,,,,,,,,,,,,,,,,,,,,,,,,,,,
6835,100250707,old,431,γέροντος,,,,,,,,,,,,,,,,,,,,,,,,,,,,,,,,,,,,,,
6836,100250709,For,431,ἦ,,,,,,,,,,,,,,,,,,,,,,,,,,,,,,,,,,,,,,
6837,100250710,you,431,τοι,,,,,,,,,,,,,,,,,,,,,,,,,,,,,,,,,,,,,,
6838,100250711,indeed,431,μὲν,,,,,,,,,,,,,,,,,,,,,,,,,,,,,,,,,,,,,,
6839,100250712,Phocus,431,Φῶκον,,,,,,,,,,,,,,,,,,,,,,,,,,,,,,,,,,,,,,
6840,100250713,Psamathe,431,Ψαμάθη,,,,,,,,,,,,,,,,,,,,,,,,,,,,,,,,,,,,,,
6841,100250714,bore,431,τέκε,,,,,,,,,,,,,,,,,,,,,,,,,,,,,,,,,,,,,,
6842,100250715,divine,431,δῖα,,,,,,,,,,,,,,,,,,,,,,,,,,,,,,,,,,,,,,
6843,100250716,gods,431,θεάων,,,,,,,,,,,,,,,,,,,,,,,,,,,,,,,,,,,,,,
6844,100250717,Aeacus,431,Αἰακοῦ,,,,,,,,,,,,,,,,,,,,,,,,,,,,,,,,,,,,,,
6845,100250718,in,431,ἐν,,,,,,,,,,,,,,,,,,,,,,,,,,,,,,,,,,,,,,
6846,100250719,love,431,φιλότητι,,,,,,,,,,,,,,,,,,,,,,,,,,,,,,,,,,,,,,
6847,100250720,through,431,διὰ,,,,,,,,,,,,,,,,,,,,,,,,,,,,,,,,,,,,,,
6848,100250721,golden,431,χρυσέην,,,,,,,,,,,,,,,,,,,,,,,,,,,,,,,,,,,,,,
6849,100250722,Aphrodite,431,Ἀφροδίτην,,,,,,,,,,,,,,,,,,,,,,,,,,,,,,,,,,,,,,
6850,100250724,to,431,Πηλέι,,,,,,,,,,,,,,,,,,,,,,,,,,,,,,,,,,,,,,
6851,100250725,but,431,δὲ,,,,,,,,,,,,,,,,,,,,,,,,,,,,,,,,,,,,,,
6852,100250726,wedded,431,δμηθεῖσα,,,,,,,,,,,,,,,,,,,,,,,,,,,,,,,,,,,,,,
6853,100250727,goddess,431,θεὰ,,,,,,,,,,,,,,,,,,,,,,,,,,,,,,,,,,,,,,
6854,100250728,Thetis,431,Θέτις,,,,,,,,,,,,,,,,,,,,,,,,,,,,,,,,,,,,,,
6855,100250729,silver-footed,431,ἀργυρόπεζα,,,,,,,,,,,,,,,,,,,,,,,,,,,,,,,,,,,,,,
6856,100250730,bore,431,γείνατ’,,,,,,,,,,,,,,,,,,,,,,,,,,,,,,,,,,,,,,
6857,100250731,Achilles,431,Ἀχιλλῆα,,,,,,,,,,,,,,,,,,,,,,,,,,,,,,,,,,,,,,
6858,100250732,breaker,431,ῥηξήνορα,,,,,,,,,,,,,,,,,,,,,,,,,,,,,,,,,,,,,,
6859,100250733,lion-hearted,431,θυμολέοντα,,,,,,,,,,,,,,,,,,,,,,,,,,,,,,,,,,,,,,
6860,100250735,Aeneas,432,Αἰνείαν,,,,,,,,,,,,,,,,,,,,,,,,,,,,,,,,,,,,,,
6861,100250736,And,432,δ’,,,,,,,,,,,,,,,,,,,,,,,,,,,,,,,,,,,,,,
6862,100250737,bore,432,ἄρ’,,,,,,,,,,,,,,,,,,,,,,,,,,,,,,,,,,,,,,
6863,100250738,bore,432,ἔτικτεν,,,,,,,,,,,,,,,,,,,,,,,,,,,,,,,,,,,,,,
6864,100250739,well-crowned,432,ἐυστέφανος,,,,,,,,,,,,,,,,,,,,,,,,,,,,,,,,,,,,,,
6865,100250740,Cytherea,432,Κυθέρεια,,,,,,,,,,,,,,,,,,,,,,,,,,,,,,,,,,,,,,
6866,100250741,Anchises,432,Ἀγχίσῃ,,,,,,,,,,,,,,,,,,,,,,,,,,,,,,,,,,,,,,
6867,100250742,hero,432,ἥρωι,,,,,,,,,,,,,,,,,,,,,,,,,,,,,,,,,,,,,,
6868,100250743,mingled,432,μιγεῖσ’,,,,,,,,,,,,,,,,,,,,,,,,,,,,,,,,,,,,,,
6869,100250744,desire,432,ἐρατῇ,,,,,,,,,,,,,,,,,,,,,,,,,,,,,,,,,,,,,,
6870,100250745,loving,432,φιλότητι,,,,,,,,,,,,,,,,,,,,,,,,,,,,,,,,,,,,,,
6871,100250746,Ida,432,Ἴδης,,,,,,,,,,,,,,,,,,,,,,,,,,,,,,,,,,,,,,
6872,100250747,on,432,ἐν,,,,,,,,,,,,,,,,,,,,,,,,,,,,,,,,,,,,,,
6873,100250748,peaks,432,κορυφῇσι,,,,,,,,,,,,,,,,,,,,,,,,,,,,,,,,,,,,,,
6874,100250749,many-winding,432,πολυπτύχου,,,,,,,,,,,,,,,,,,,,,,,,,,,,,,,,,,,,,,
6875,100250750,forested,432,ὑληέσσης,,,,,,,,,,,,,,,,,,,,,,,,,,,,,,,,,,,,,,
6876,100250753,And,433,δ’,,,,,,,,,,,,,,,,,,,,,,,,,,,,,,,,,,,,,,
6877,100250752,Circe,433,Κίρκη,,,,,,,,,,,,,,,,,,,,,,,,,,,,,,,,,,,,,,
6878,100250755,of,433,Ἠελίου,,,,,,,,,,,,,,,,,,,,,,,,,,,,,,,,,,,,,,
6879,100250756,daughter,433,θυγάτηρ,,,,,,,,,,,,,,,,,,,,,,,,,,,,,,,,,,,,,,
6880,100250755,Helios,433,Ἠελίου,,,,,,,,,,,,,,,,,,,,,,,,,,,,,,,,,,,,,,
6881,100250757,son,433,Ὑπεριονίδαο,,,,,,,,,,,,,,,,,,,,,,,,,,,,,,,,,,,,,,
6882,100250757,of,433,Ὑπεριονίδαο,,,,,,,,,,,,,,,,,,,,,,,,,,,,,,,,,,,,,,
6883,100250757,Hyperion,433,Ὑπεριονίδαο,,,,,,,,,,,,,,,,,,,,,,,,,,,,,,,,,,,,,,
6884,100250759,bore,433,γείνατ’,,,,,,,,,,,,,,,,,,,,,,,,,,,,,,,,,,,,,,
6885,100250760,to,433,Ὀδυσσῆος,,,,,,,,,,,,,,,,,,,,,,,,,,,,,,,,,,,,,,
6886,100250760,Odysseus,433,Ὀδυσσῆος,,,,,,,,,,,,,,,,,,,,,,,,,,,,,,,,,,,,,,
6887,100250761,of,433,ταλασίφρονος,,,,,,,,,,,,,,,,,,,,,,,,,,,,,,,,,,,,,,
6888,100250761,enduring,433,ταλασίφρονος,,,,,,,,,,,,,,,,,,,,,,,,,,,,,,,,,,,,,,
6889,100250761,mind,433,ταλασίφρονος,,,,,,,,,,,,,,,,,,,,,,,,,,,,,,,,,,,,,,
6890,100250762,in,433,ἐν,,,,,,,,,,,,,,,,,,,,,,,,,,,,,,,,,,,,,,
6891,100250763,love,433,φιλότητι,,,,,,,,,,,,,,,,,,,,,,,,,,,,,,,,,,,,,,
6892,100250764,Agrius,433,Ἄγριον,,,,,,,,,,,,,,,,,,,,,,,,,,,,,,,,,,,,,,
6893,100250765,and,433,ἠδὲ,,,,,,,,,,,,,,,,,,,,,,,,,,,,,,,,,,,,,,
6894,100250766,Latinus,433,Λατῖνον,,,,,,,,,,,,,,,,,,,,,,,,,,,,,,,,,,,,,,
6895,100250767,blameless,433,ἀμύμονά,,,,,,,,,,,,,,,,,,,,,,,,,,,,,,,,,,,,,,
6896,100250768,and,433,τε,,,,,,,,,,,,,,,,,,,,,,,,,,,,,,,,,,,,,,
6897,100250769,mighty,433,κρατερόν,,,,,,,,,,,,,,,,,,,,,,,,,,,,,,,,,,,,,,
6898,100250772,Telegonos,434,Τηλέγονον,,,,,,,,,,,,,,,,,,,,,,,,,,,,,,,,,,,,,,
6899,100250773,And,434,δ’,,,,,,,,,,,,,,,,,,,,,,,,,,,,,,,,,,,,,,
6900,100250774,she,434,ἄρ’,,,,,,,,,,,,,,,,,,,,,,,,,,,,,,,,,,,,,,
6901,100250775,bore,434,ἔτικτε,,,,,,,,,,,,,,,,,,,,,,,,,,,,,,,,,,,,,,
6902,100250776,the,434,διὰ,,,,,,,,,,,,,,,,,,,,,,,,,,,,,,,,,,,,,,
6903,100250777,golden,434,χρυσέην,,,,,,,,,,,,,,,,,,,,,,,,,,,,,,,,,,,,,,
6904,100250778,Aphrodite,434,Ἀφροδίτην,,,,,,,,,,,,,,,,,,,,,,,,,,,,,,,,,,,,,,
6905,100250780,They,435,οἳ,,,,,,,,,,,,,,,,,,,,,,,,,,,,,,,,,,,,,,
6906,100250781,indeed,435,δή,,,,,,,,,,,,,,,,,,,,,,,,,,,,,,,,,,,,,,
6907,100250788,all,435,πᾶσιν,,,,,,,,,,,,,,,,,,,,,,,,,,,,,,,,,,,,,,
6908,100250789,Tyrrhenians,435,Τυρσηνοῖσιν,,,,,,,,,,,,,,,,,,,,,,,,,,,,,,,,,,,,,,
6909,100250790,celebrated,435,ἀγακλειτοῖσιν,,,,,,,,,,,,,,,,,,,,,,,,,,,,,,,,,,,,,,
6910,100250782,from,435,τοι,,,,,,,,,,,,,,,,,,,,,,,,,,,,,,,,,,,,,,
6911,100250783,very,435,μάλα,,,,,,,,,,,,,,,,,,,,,,,,,,,,,,,,,,,,,,
6912,100250784,far,435,τῆλε,,,,,,,,,,,,,,,,,,,,,,,,,,,,,,,,,,,,,,
6913,100250785,away,435,μυχῷ,,,,,,,,,,,,,,,,,,,,,,,,,,,,,,,,,,,,,,
6914,100250786,islands,435,νήσων,,,,,,,,,,,,,,,,,,,,,,,,,,,,,,,,,,,,,,
6915,100250787,sacred,435,ἱεράων,,,,,,,,,,,,,,,,,,,,,,,,,,,,,,,,,,,,,,
6916,100250791,rule,435,ἄνασσον,,,,,,,,,,,,,,,,,,,,,,,,,,,,,,,,,,,,,,
6917,100250793,Nausithous,436,Ναυσίθοον,,,,,,,,,,,,,,,,,,,,,,,,,,,,,,,,,,,,,,
6918,100250794,And,436,δ’,,,,,,,,,,,,,,,,,,,,,,,,,,,,,,,,,,,,,,
6919,100250795,Odysseus,436,Ὀδυσῆι,,,,,,,,,,,,,,,,,,,,,,,,,,,,,,,,,,,,,,
6920,100250796,Calypso,436,Καλυψὼ,,,,,,,,,,,,,,,,,,,,,,,,,,,,,,,,,,,,,,
6921,100250797,divine,436,δῖα,,,,,,,,,,,,,,,,,,,,,,,,,,,,,,,,,,,,,,
6922,100250798,beings,436,θεάων,,,,,,,,,,,,,,,,,,,,,,,,,,,,,,,,,,,,,,
6923,100250799,bore,436,γείνατο,,,,,,,,,,,,,,,,,,,,,,,,,,,,,,,,,,,,,,
6924,100250800,Nausinoos,436,Ναυσίνοόν,,,,,,,,,,,,,,,,,,,,,,,,,,,,,,,,,,,,,,
6925,100250801,and,436,τε,,,,,,,,,,,,,,,,,,,,,,,,,,,,,,,,,,,,,,
6926,100250802,joined,436,μιγεῖσ’,,,,,,,,,,,,,,,,,,,,,,,,,,,,,,,,,,,,,,
6927,100250803,loving,436,ἐρατῇ,,,,,,,,,,,,,,,,,,,,,,,,,,,,,,,,,,,,,,
6928,100250804,desire,436,φιλότητι,,,,,,,,,,,,,,,,,,,,,,,,,,,,,,,,,,,,,,
6929,100250806,These,437,αὗται,,,,,,,,,,,,,,,,,,,,,,,,,,,,,,,,,,,,,,
6930,100250808,mortal,437,θνητοῖσι,,,,,,,,,,,,,,,,,,,,,,,,,,,,,,,,,,,,,,
6931,100250809,with,437,παρ’,,,,,,,,,,,,,,,,,,,,,,,,,,,,,,,,,,,,,,
6932,100250810,men,437,ἀνδράσιν,,,,,,,,,,,,,,,,,,,,,,,,,,,,,,,,,,,,,,
6933,100250811,having lain,437,εὐνηθεῖσαι,,,,,,,,,,,,,,,,,,,,,,,,,,,,,,,,,,,,,,
6934,100250812,bore,437,ἀθάναται,,,,,,,,,,,,,,,,,,,,,,,,,,,,,,,,,,,,,,
6935,100250813,to,437,γείναντο,,,,,,,,,,,,,,,,,,,,,,,,,,,,,,,,,,,,,,
6936,100250814,gods,437,θεοῖς,,,,,,,,,,,,,,,,,,,,,,,,,,,,,,,,,,,,,,
6937,100250815,worthy,437,ἐπιείκελα,,,,,,,,,,,,,,,,,,,,,,,,,,,,,,,,,,,,,,
6938,100250816,children,437,τέκνα,,,,,,,,,,,,,,,,,,,,,,,,,,,,,,,,,,,,,,
6939,100250818,Now,438,νῦν,,,,,,,,,,,,,,,,,,,,,,,,,,,,,,,,,,,,,,
6940,100250822,sing,438,ἀείσατε,,,,,,,,,,,,,,,,,,,,,,,,,,,,,,,,,,,,,,
6941,100250820,women,438,γυναικῶν,,,,,,,,,,,,,,,,,,,,,,,,,,,,,,,,,,,,,,
6942,100250821,race,438,φῦλον,,,,,,,,,,,,,,,,,,,,,,,,,,,,,,,,,,,,,,
6943,100250824,sweet-speaking,438,ἡδυέπειαι,,,,,,,,,,,,,,,,,,,,,,,,,,,,,,,,,,,,,,
6944,100250825,Muses,438,Μοῦσαι,,,,,,,,,,,,,,,,,,,,,,,,,,,,,,,,,,,,,,
6945,100250828,daughters,438,κοῦραι,,,,,,,,,,,,,,,,,,,,,,,,,,,,,,,,,,,,,,
6946,100250826,Olympian,438,Ὀλυμπιάδες,,,,,,,,,,,,,,,,,,,,,,,,,,,,,,,,,,,,,,
6947,100250829,Zeus,438,Διὸς,,,,,,,,,,,,,,,,,,,,,,,,,,,,,,,,,,,,,,
6948,100250830,the aegis-bearer,438,αἰγιόχοιο,,,,,,,,,,,,,,,,,,,,,,,,,,,,,,,,,,,,,,
