Unnamed: 0,translation,notes,sent_id
0,"Alcinous, mightiest of all, most excellent of all peoples, is it not good for you to hear this from a bard such as this one, who is like a god in his voice?","This sentence features a direct address (vocative case) to King Alcinous, followed by two epithets in the vocative ('κρείων' and 'ἀριδείκετε') which are joined by asyndeton (the omission of a conjunction). The phrase 'πάντων ἀριδείκετε λαῶν' uses a genitive of the whole ('λαῶν') modified by a superlative adjective, a common Homeric construction for emphasis. The rhetorical question introduced by 'ἦ τοι μέν' serves to engage the listener and affirm a shared value. The syntax shifts to a subject clause ('τοῦτο καλὸν ἀκούειν'), where the neuter singular adjective 'καλόν' agrees with the infinitive phrase 'ἀκούειν' acting as the subject. The description of the bard employs a simile ('θεοῖς ἐναλίγκιος'), comparing the singer's voice to that of a god, a standard Homeric trope for exceptional poetic ability. The relative clause 'οἷος ὅδε ἐστίν' further elaborates on the bard's nature, with 'ὅδε' serving as a demonstrative pointing to the immediate presence of the singer.",2178
1,"For I do not say that there is a more pleasant end than when joy holds sway over the whole people, and guests listen in their halls to the singer sitting beside them, while tables are piled high with grain and meat, and the wine-pourer draws wine from the mixing-bowl and carries it and pours it into the cups.","This sentence presents a vivid, idealized description of a symposium or feast, which in Greek culture represents the pinnacle of social harmony and divine favor. The syntax employs a classic chiasmus-like structure in the final clauses: 'tables are filled' (passive) is followed by 'the cupbearer pours' (active), mirroring the flow of abundance from the source to the recipient. The sentence is structured around a comparative clause introduced by 'ἢ ὅτ' (than when...), which unfolds into a detailed temporal scene. Stylistically, the author uses a 'men... de...' (on the one hand... on the other) construction to coordinate the internal state of the people ('joy holds sway') with the external actions of the guests ('listen'). The accumulation of sensory details—the sight of piled tables, the sound of the singer, the action of pouring—creates a rhetorical effect of plenitude. The use of the aorist participle 'ἥμενοι' (sitting) alongside the present tense verbs emphasizes the enduring, stable nature of this ideal state. The word 'χαριέστερον' (most pleasant/fair) alludes to the concept of 'charis' (grace/favor), suggesting that such a feast is not merely enjoyable but divinely sanctioned.",2179
2,This seems to me the finest thing to be in my heart.,"The sentence features the neuter singular superlative adjective καλλιστον ('finest' or 'most beautiful') used substantively as the predicate nominative of the infinitive εἶναι ('to be'), with τοῦτο ('this') serving as the subject. The verb εἴδεται is a present middle/passive indicative of οἶδα ('to know'), here functioning idiomatically as a verb of perception or opinion ('it seems to me'), a common construction in Homeric poetry where the speaker expresses subjective judgment. The dative μοι ('to me') indicates the experiencer of this judgment. The prepositional phrase ἐνὶ φρεσίν ('in the heart/mind') uses the dative plural of φρήν (heart/mind), a standard Homeric locative expression for the seat of thought and emotion. The word order places the demonstrative τοῦτο at the beginning for emphasis, highlighting the speaker's immediate perception. There is no specific literary device like chiasmus or anaphora in this isolated clause, but the use of the superlative within a personal declaration of feeling is a characteristic feature of the Homeric style, emphasizing the internal, emotional valuation of the subject.",2180
3,"For you, my heart has entrusted me to find out my own sorrowful troubles, so that, still more, lamenting and groaning, I may continue.","The sentence features a complex interaction between the middle voice verb ἐπετράπετο ('he/she/it was entrusted' or 'I was entrusted'), which here implies a reflexive sense of the heart entrusting the speaker with a task. The construction uses the infinitive εἴρεσθ' ('to inquire/find') as the object of the main verb, with the dative σοί ('to you') serving as the indirect object. The participle στονόεντα ('groaning') modifies κήδεα ('sorrows'), creating an emotional atmosphere of persistent grief. The purpose clause introduced by οὔφρα ('so that') with the present subjunctive στεναχίζω ('I groan') emphasizes the ongoing nature of the speaker's lamentation. The adverbial phrase ἐτι μᾶλλον ('still more') intensifies the emotional state, suggesting an escalation of sorrow. The sentence employs a chiasmus-like structure in the pairing of οδυρόμενος (lamenting) and στεναχίζω (groaning), reinforcing the theme of continuous mourning.",2181
4,"What shall I recount first, and what last?","This sentence employs a chiastic structure (A-B-C-D... D-C-B-A) in its conceptual ordering: 'first' (πρώτον) corresponds to 'last' (ὑστάτιον), and the two instances of 'what' (τί) frame the temporal progression. The particle δέ (here as -δ') serves as a connective coordinating the two questions, creating a rhythmic balance typical of Homeric epic. The aorist subjunctive καταλέξω ('I shall recount') indicates a future action considered from the present moment of the speaker, reflecting the narrator's deliberation on the order of storytelling. The sentence exemplifies the oral-poetic technique of framing a narrative sequence through parallel inquiry, a device used to engage the audience and signal the beginning or transition of a tale.",2182
5,"Tell me, for the heavenly gods gave me many sorrows.","The sentence features a direct speech verb form, κήδε' (imperative plural of κήδεο, 'speak of/tell'), which is contracted from κήδε' εἰπεῖν or similar, functioning as a command to recount. The conjunction ἐπεί ('since/for') introduces a causal clause explaining the reason for the command or the speaker's state. The adjective πολλὰ ('many') modifies κήδε' ('sorrows'), emphasizing the abundance of suffering. The subject θεοὶ ('gods') is qualified by the epithet Οὐρανίωνες ('heavenly'), a common Homeric designation for the Olympian deities, highlighting their celestial domain and authority. The syntax follows a standard causal structure where the action of giving sorrows justifies the preceding or following context of speaking about them. The use of the aorist indicative δόσαν ('they gave') indicates a completed action in the past that has present relevance to the speaker's condition.",2183
6,"Now, however, I shall first tell my name, so that you too may know it; and I, for my part, shall later, having escaped the cruel day, be a guest-friend to you while I dwell in a house far away.","This sentence exhibits the epic formulaic style typical of Homeric poetry, characterized by the use of the temporal particle 'νυν' (now) to mark a significant narrative shift. The syntax features a main clause followed by a final clause introduced by 'ὄφρα' (so that), indicating purpose. A notable syntactic feature is the use of the perfect tense 'εἴδετ' (you know) from 'οἶδα' (to know) in the final clause; in Homeric Greek, the perfect often carries a present sense, emphasizing the state of having come to know. The speaker uses the aorist participle 'φυγών' (having escaped) with the preposition 'ὑπό' (under) governing the accusative 'νηλεές ἦμαρ' (cruel day), a poetic metonymy for the suffering or danger associated with that time. The sentence concludes with a conditional sense implied by the present participle 'ναιών' (dwelling) and the particle 'ἄν' with the future indicative 'ἔσομαι' (though here rendered as present 'ἐσώ' in the parsing, the context implies a future state of being), establishing a reciprocal relationship of 'ξένος' (guest-friend) that is central to the Greek concept of xenia (hospitality). The structure creates a contrast between the immediate revelation of identity and the future state of safety and social bond, linked by the adversative 'δέ' (but/however).",2184
7,"I am Odysseus, son of Laertes, the man who is a source of care to all men through all their crafty devices, and my fame reaches to the sky.","The sentence features a self-identification formula common in epic poetry, where the speaker reveals their identity and lineage. The phrase 'son of Laertes' (Λαερτιάδης) serves as a patronymic, a standard convention for identifying heroes in the Homeric tradition. The clause 'the man who is a source of care to all men' (ὃς πᾶσι δόλοισι ἀνθρώποισι μέλω) uses the dative of advantage/disadvantage (πᾶσι... ἀνθρώποισι) to indicate the recipients of the action, while 'through all their crafty devices' (δόλοισιν) is an instrumental dative describing the means by which the care is caused. The word 'μέλω' (I am a care/sorrow) implies that Odysseus is a source of anxiety or trouble, reflecting his reputation as a cunning and dangerous figure. The second clause, 'and my fame reaches to the sky' (καὶ μεῦ κλέος οὐρανὸν ἴκει), employs hyperbole, a literary device exaggerating the extent of his renown to the heavens. The use of 'μεῦ' (my) in the genitive case modifies 'κλέος' (fame), emphasizing personal possession. The sentence structure is balanced, with the first part focusing on Odysseus's identity and impact on others, and the second part highlighting the far-reaching nature of his reputation.",2185
8,"I dwell in Ithaca, fair-haired.","The verb 'ναιετάω' (naietaō) is a Homeric variant of the more common 'οἰκέω' (oikeō), meaning 'to dwell' or 'to inhabit,' often used in the context of residing in a specific place. The adjective 'ἐυδείελον' (eudeilon), meaning 'fair-haired' or 'beautiful-haired,' is an epithet frequently applied to Ithaca in Homeric poetry, personifying the island as a noble figure with flowing hair, a metaphor for its lush vegetation or perhaps the sea surrounding it. The sentence structure is straightforward, with the verb 'ναιετάω' as the predicate and 'Ἰθάκην' as its direct object, modified by the epithet 'ἐυδείελον'. The particle 'δέ' (de) serves a connective function, often used to continue a narrative or introduce a new clause, though here it may simply emphasize the statement of dwelling. The use of the epithet 'ἐυδείελον' is a typical example of Homeric formulaic language, where such descriptive phrases are employed to enhance the poetic imagery and aid in the rhythmic flow of the verse.",2186
9,"And on this very spot is the mountain Neriton, verdant and fair.","The sentence utilizes the adverbial preposition 'ἐν' (en) with the accusative case to denote location ('on/in this place'), a common Homeric construction for introducing a geographical feature. The enclitic particle 'δέ' (de) serves a connective function, often used in narrative to transition between scenes or actions. The adjective 'αὐτή' (autē) agrees with the implied neuter noun 'τόπος' (place) or functions as a demonstrative referring to the immediate vicinity, emphasizing the specific location. The mountain 'Νηρίτον' (Neriton) is a proper noun, historically associated with the island of Cephalonia in the Ionian Sea, often mentioned in the context of Odysseus's wanderings. The epithets 'εἰνοσίφυλλον' (einosisphylon) and 'ἀριπρεπές' (ariprepes) are compound adjectives: 'εἰνοσίφυλλον' literally means 'leafy' or 'wooded' (from εἶνος, forest, and φύλλον, leaf), highlighting the mountain's lush vegetation, while 'ἀριπρεπές' means 'very beautiful' or 'fair' (from ἀρί, very, and πρέπω, to be fair/beautiful). These two adjectives are linked by asyndeton (the absence of a conjunction), creating a rhythmic pause that emphasizes the dual qualities of the mountain. The syntax is elliptical, omitting a copula verb (e.g., 'ἐστί'), which is typical in Homeric poetry for maintaining meter and flow. The structure 'ὄρος' (mountain) followed by its name and descriptive epithets is a standard formulaic pattern in epic poetry for introducing significant landmarks.",2187
10,"And around them many islands dwell very close to one another, Dulichium and Same and wooded Zacynthus.","The sentence employs the archaic connective particle δέ to link this description to the preceding context, indicating a continuation of the narrative. The verb ναίεταυσι is a contracted form of ναίεσι (from ναίω, 'to dwell'), where the dual or plural form is used for the plural subject νήσοι; in Homeric Greek, the third-person plural ending -αυσι is common in the present indicative active. The adverb μαλα (very) intensifies σχεδόν (near), emphasizing the proximity of the islands to each other. The phrase αλληλήσι (to one another) is dative plural, agreeing with the islands, and reflects the reciprocal nature of their closeness. The sentence uses asyndeton (the omission of conjunctions between the first two islands) followed by the conjunction τε...τε...καί to enumerate the islands, a common Homeric device for listing items in a rhythmic and poetic manner. The epithet ὑλήεσσα (wooded) applied to Zacynthus is a characteristic example of Homeric epithets, which serve both descriptive and metrical functions, aiding in the dactylic hexameter. The islands listed—Dulichium, Same, and Zacynthus—are real geographical locations in the Ionian Sea, associated with the region of Ithaca in the Odyssey, and their mention here situates the narrative geographically.",2188
11,"This one lies low, very high upon the sea, facing the darkness; but those lie outside, facing the dawn and the sun—rugged, yet a nurse of youths.","The sentence employs a striking chiasmus in the directional phrases: 'facing the darkness' (πρός ζόφον) contrasts with 'facing the dawn and the sun' (πρός ἠὼς τ' ἥλιόν τε), creating a spatial and thematic opposition between the underworld/darkness and the life-giving light. The epithet 'low, very high' (χαμαλὴ πανυπεράτη) is a deliberate oxymoron, likely describing the island's physical proximity to the water while simultaneously being elevated or prominent in the landscape. The syntax uses asyndeton (the omission of conjunctions) between 'rugged' (τρηχεῖ') and 'but' (ἀλλά), creating a rapid, staccato rhythm that emphasizes the harshness of the terrain before the concessive turn. The term 'nurse of youths' (κουρότροφος) is a traditional Homeric epithet for a nurturing figure or place, here personifying the island as a guardian of the young, contrasting with its rugged exterior.",2189
12,"No, I can see nothing sweeter than this land.","The sentence begins with the emphatic negative οὐ (ou) combined with the dative particle τοι (toi), which functions here as a personal dative of interest or emphasis ('for you'), often used in direct speech to strengthen the speaker's conviction. The pronoun ἐγώ (egō) is emphasized by the enclitic particle γε (ge), which adds a restrictive or contrastive force ('as for me' or 'indeed I'), highlighting the speaker's personal experience against the background of the situation. The genitive phrase ἥσδε γῆς (hēsde gēs), 'of this land,' uses a demonstrative adjective to create a strong deictic connection to the immediate surroundings. The adjective γλυκερώτερον (glykerōteron) is in the neuter accusative singular, functioning as the object of the infinitive ἰδέσθαι (ideisthai, 'to see'), and is modified by the neuter accusative pronoun ἄλλο (allo, 'anything else'). The construction ἄλλο ... ἢ (implied by the comparative) is a standard Greek comparative structure meaning 'anything else than' or 'anything sweeter than.' The use of the present tense of δύναμαι (dunamai, 'I am able') with a present infinitive is idiomatic for expressing current capability or perception in a general sense.",2190
13,"Indeed, Calypso, one of the goddesses, kept me there in hollow caves, longing for me to be her husband.","This sentence employs the enclitic particle μέν (here combined with ἦ as ἦ μέν) to assert a point with emphasis, often contrasting with a subsequent clause in the narrative flow. The adjective γλαφυροῖσι ('hollow' or 'hollowed-out') is a characteristic Homeric epithet describing the cave, evoking the texture and safety of the dwelling. The construction λιλαιόμενη εἶναι ('longing to be') uses a present participle to express simultaneous desire or attendant circumstance to the main verb 'kept.' The noun πόσιν is used in the sense of 'husband' or 'consort,' reflecting the specific marital role Calypso desires for Odysseus, rather than the general sense of 'master.' The phrase διὰ θεῶν ('among the goddesses' or 'one of the goddesses') functions as an attributive phrase modifying Καλυψώ, emphasizing her divine status amidst her peers.",2191
14,"Just so, Circe, the deceitful daughter of Aeëtes, was destroying [him] in the halls, wishing that her husband might be.","The sentence features the adverbial phrase 'ὡς δ' αὐτῶς' (just so/as thus), a common Homeric formula used to introduce a simile or to draw a parallel between a previous action and the current one, often signaling a return to the main narrative thread after a digression. The epithet 'δολόεσσα' (deceitful/skilled in guile) applied to Circe highlights her role as a cunning sorceress, a defining trait in the epic tradition. The verb 'κατερήτυεν' is an imperfect indicative, denoting a continuous or repeated action in the past; here it describes the ongoing process of her enchantment or transformation of the protagonist. The participle 'λιλαίουμενη' (wishing/desiring) functions as an adverbial modifier of the main verb, expressing the internal motivation behind her actions. The construction 'ποσίν εἶναι' uses the accusative of the object of desire ('husband') with the infinitive 'εἶναι' (to be), a standard Greek construction for wishing someone to be something. The phrase 'ἐν μεγάροισιν' (in the halls) refers to the royal palace, a setting that underscores the domestic yet dangerous nature of her magic. The syntax relies on a participle ('λιλαίουμενη') to convey simultaneous mental state with the physical action, a frequent stylistic feature in Homeric poetry to deepen characterization.",2192
15,But my heart I never persuaded in my breast.,"The sentence features a strong anastrophe (inversion) where the object 'my heart' (θυμόν) is placed before the verb, emphasizing the speaker's resolve and the internal conflict. The preposition 'in' (ἐνί) is used with the dative plural 'breasts' (στήθεσσι), a metonymic expression common in Homeric poetry where the 'breasts' or 'chest' serve as the seat of emotion and courage, distinct from the physical organ. The adverbial combination 'never' (οὐ) and 'ever' (ποτε) creates a emphatic negative, a common rhetorical device in epic to reinforce absolute refusal or determination. The use of the imperfect indicative 'I was persuading' (ἔπειθον) here, despite the negative 'never', suggests a continuous state of resistance or a narrative of past deliberation that was consistently rejected.",2193
16,"For nothing is sweeter than one's own country and parents, even if someone lives in a fertile home far away in a foreign land, entirely separated from his parents.","This sentence articulates a fundamental Homeric value: the inestimable comfort of home (nostos) and family. The adjective γλυκύ ('sweet') is used metaphorically to describe the emotional and psychological comfort of familiarity. The structure employs a comparative construction (οὐδὲν γλυκύιον... ἦς) where the negation of comparison emphasizes the absolute superiority of one's native land. The phrase 'fertile home' (πίονα οἶκον) suggests not just physical abundance but a prosperous, well-established life, making the sacrifice of leaving it even more poignant. The use of αὖ (implied in the context of the larger passage) and the concessive clause introduced by εἰ...περ ('even if') highlights that no material comfort or foreign prosperity can compensate for the loss of kin and native soil. The repetition of τοκεύων (parents) at the beginning and end of the thought creates a subtle inclusio, framing the sentiment of belonging.",2194
17,"Come now, I will also tell you my sorrowful return, which Zeus granted to me as I journeyed away from Troy.","The sentence opens with the vocative imperative 'ἄγε' (come on/come now), a standard Homeric formula used to engage the listener directly. The particle 'δέ' following the initial 'εἰ' creates a transition, while 'καί' adds an additive nuance ('also' or 'even'), suggesting the speaker is adding this specific topic to a previous one. The adjective 'πολυκήδε᾽' (sorrowful/much-sorrowful) is a compound epithet characteristic of Homeric diction, often used to describe nostos (homecoming) to emphasize the suffering endured during the journey. The syntax features a relative clause ('ὅν...') modifying 'noston', with the dative of the participle 'ἰόντι' (going) functioning as an adverbial modifier of time or circumstance for the main verb 'ἔφηκεν' (granted/allowed). The phrase 'ἀπὸ Τρωήθεν' (from Troy) uses the specific locative/directional form 'Τρωήθεν' (from the land of Troy), a common Homeric genitive of separation. The verb 'ἐφίημι' here implies divine permission or appointment of a fate. The sentence structure balances the speaker's action of telling with the divine action of granting, highlighting the interplay between human agency and divine will in the epic tradition.",2195
18,"The wind, carrying me from Ilios, brought me near to the Cicones, to Ismarus.","The sentence opens with an ablative absolute construction implied by the participle φέρον (carrying) and the ablative of separation Ἰλιοθεν (from Ilios), though syntactically the participle functions adverbially modifying the main verb. The use of the aorist indicative πέλασσεν (brought near) marks a specific, completed action in the narrative past. The name 'Ismarus' is in the dative case, functioning as an appositive to 'Cicones' to specify the location of the people. Stylistically, the sentence exhibits a paratactic structure common in Homeric epic, where the participle φέρον sets the scene of motion before the main clause resolves the action. The phrase 'from Ilios' refers to the city of Troy, establishing the immediate post-Trojan War context. The juxtaposition of the people (Cicones) and their city (Ismarus) via the dative appositive creates a tight geographical focus.",2196
19,"There I sacked the city, and I destroyed them.","The sentence employs a strong asyndetic parallelism (linked by the enclitic conjunction -δ' attached to the verb) to juxtapose two violent actions: the physical destruction of the city (πόλιν ἔπρθον, from πέρθω) and the annihilation of its inhabitants (αὐτούς ὤλεσα, from ὄλλυμι). The adverb ἔνθα serves to anchor the narrator's actions in a specific, previously mentioned location, creating a sense of immediacy. The use of the aorist indicative in both verbs emphasizes the completion of these acts of war. The shift from the direct object πόλιν (accusative singular) to αὐτούς (accusative plural pronoun referring to the people) highlights the totality of the conquest, moving from the place to the populace.",2197
20,"Having taken wives and many possessions from the city, let us share them out, so that no one going about might come to me unbalanced.","This sentence employs a participial clause (λαβόντες, 'having taken') to establish the sequence of events prior to the main imperative action (δασσάμεθ', 'let us share out'). The verb δασσάμεθ' is a first-person plural aorist imperative of δατέομαι, indicating a collective decision or command. The purpose clause introduced by ὥς (ὡς) with the subjunctive κιῃ (from κιόω, 'to go about' or 'to move') and the negative μή expresses the intended outcome of the distribution. The participle ατεμβόμενος ('going about' or 'wandering') modifies the subject of the subjunctive verb and is used with the adjective ἴσης ('equal' or 'balanced'), creating a sense of disorder or imbalance that the distribution aims to prevent. The phrase 'unbalanced' (ατεμβόμενος ἴσης) suggests a state of being out of proportion or lacking equality, which is a common concern in the distribution of spoils in Homeric epics to maintain social harmony and prevent jealousy.",2198
21,"There I indeed urged them with my feet to flee, but those great fools did not obey me.","The sentence employs a clear contrast marked by the correlative conjunctions μέν (indeed/first) and δέ (but/second), which structure the opposition between the speaker's action and the listeners' refusal. The phrase διερώ ποδί (with my foot/feet) is a striking metonymy and likely an idiom for 'I hurried' or 'I urged with haste,' emphasizing the physical urgency of the command. The epithet μέγα νήπιοι (great fools) functions as an ironic and emphatic designation; μέγα intensifies the folly, highlighting the tragic disconnect between the speaker's rational advice and the companions' stubborn, irrational behavior. The syntax features a participial construction (φευγόμεν) dependent on the verb αἰνῶ (I urged), indicating the content of the urging. The use of the dual form in the verb endings is not present here, but the plural subject τοι (those men) contrasts with the singular speaker, underscoring the collective failure of the group against the individual's wisdom.",2199
22,"There, much wine was being drunk, and many sheep were being slaughtered beside the shore, and coiled-horned oxen.","The sentence employs a classic asyndetic-like structure (though marked by a comma) within a 'μέν...δέ' (μέν...δέ) correlative construction to balance two distinct activities: the consumption of wine and the slaughter of livestock. The first clause uses the imperfect passive indicative (ἐπίνετο), emphasizing the ongoing, habitual nature of the drinking, while the second clause uses the imperfect active indicative (ἐσφάζον), describing the action of the participants. The syntax of the second clause is elliptical; the verb 'were being slaughtered' (ἐσφάζον) governs both 'many sheep' (πολλὰ μηλα) and 'oxen' (βοῦς), connected by the coordinating conjunction 'and' (καί). The adjectives 'εἰλιπόδας' (coiled-footed/with coiled horns) and 'ἕλικας' (curled/helical) form a poetic hendiadys or double epithet modifying 'oxen,' a common Homeric device to evoke the physical grandeur of the sacrificial animals. The phrase 'παρὰ θίνα' (beside the shore) sets the scene, likely indicating a ritual sacrifice occurring on the beach. The sentence captures a scene of communal feasting and ritual preparation, typical of the hospitality (xenia) depicted in the Odyssey.",2200
23,"Meanwhile, the Cicones, departing, were shouting out to the Cicones, who were their neighbors, being at the same time more numerous and more brave, dwelling on the mainland, and knowing both how to fight against men from horses and where it is necessary to fight as foot-soldiers.","The sentence employs a complex structure of participial phrases to elaborate on the subject, the Cicones. The participle οιχομένη (departing/moving away) modifies the subject Κίκονες, indicating simultaneous action. The relative clause introduced by οἵ (who) provides a detailed description of these neighbors, utilizing a chiasmic-like balance in the description of their attributes: being more numerous and more brave. The phrase αἰὲν πλεῖονες καὶ ἀρείους (more numerous and more brave) highlights their military superiority. The participles ναιόντες (dwelling) and ἐπίσταμενοι (knowing) further describe the Cicones' lifestyle and skills. The sentence concludes with a coordination of two infinitive clauses (ἀφ' ἵππων ἀνδράσι μάχνασθαι and ὅτι χρή πεζὸν ὄντα) that detail the Cicones' expertise in both mounted and foot combat. The use of μέν...καί... (both...and...) emphasizes the dual nature of their martial prowess. The sentence reflects the Homeric style of extended description and the importance of martial skills in ancient Greek culture.",2201
24,"And I came, just as many leaves and flowers come forth in the season, woolly ones.","The sentence employs a simile characteristic of Homeric epic, comparing the multitude of the speaker's subjects (or perhaps the speaker himself, depending on the immediate context) to the natural proliferation of vegetation. The phrase 'ὅσα φύλλα καὶ ἄνθεα' (as many leaves and flowers) uses the relative pronoun 'ὅσα' (as many as) to denote an indefinite but vast quantity, a common feature in epic enumeration. The verb 'γίγνεται' (comes to be/comes forth) in the present tense contrasts with the aorist 'ἦλθον' (I came), highlighting the ongoing, cyclical nature of the natural world against the specific action of arrival. The adjective 'ἠέριοι' (woolly) is a hapax legomenon in this specific context within the Odyssey (Book 3, line 178), describing the leaves/flowers as downy or soft, a detail that adds tactile texture to the visual imagery. The syntax presents a loose paratactic structure where the simile is appended to the main clause, a typical feature of oral-formulaic composition that allows for expansion and elaboration.",2202
25,"Then indeed the evil fate of Zeus stood by us, those who were doomed to hear evil tidings, so that we might suffer many pains.","This sentence employs the formulaic diction characteristic of Homeric epic, particularly the use of the particles 'δή' and 'ῥα' together to mark a significant narrative turning point. The phrase 'κακὴ Διὸς αἶσα' (evil fate of Zeus) personifies destiny as an active, present agent ('πάρῃσι' - stood by), reflecting the ancient Greek concept of divine will as an immediate, tangible force intervening in human affairs. The participle 'αἰνομόροισιν' (doomed to hear evil tidings) is a rare hapax legomenon in this specific form, functioning as an epithet for the Achaeans; it suggests a state of predestined suffering where the very act of hearing news is linked to their doom. The clause introduced by 'ἵνα' with the optative mood ('παθῷμεν') expresses the intended purpose or result of the fate standing by them, a common structure in epic poetry to link divine action to human consequence. The alliteration and assonance between 'κακή', 'Διός', and 'αἶσα' create a rhythmic emphasis on the inevitability of their suffering.",2203
26,"Having stationed themselves, they engaged in battle by their swift ships, and they hurled one another with bronze spears.","The sentence opens with a masculine plural aorist middle participle (στησάμενοι) in the nominative case, functioning adverbially to indicate the action immediately preceding the main verb (ἐμάχοντο). The verb ἐμάχοντο is in the imperfect middle, which in Homeric usage often denotes a mutual or reciprocal action ('they fought each other'), reinforced here by the reflexive sense of the participle. The phrase 'battle by their swift ships' uses the preposition παρά with the dative plural (νηυσὶ θοησὶ), a standard locative construction in epic poetry to denote proximity during combat. The adjective θοησὶ (swift) is a common epithet for ships in the Odyssey. The second clause employs asyndeton (the omission of a conjunction between clauses is not present here as δέ connects them, but the rhythm is rapid), utilizing the imperfect verb ἐβάλλον to describe the continuous, chaotic nature of the skirmish. The phrase χαλκήρεσιν ἐγχεῖσιν (with bronze spears) uses the dative of instrument. The syntax creates a vivid, two-stage image: the formation of lines followed by the immediate, repetitive violence of the clash.",2204
27,"While the morning was still present and the sacred day was growing, we remained, though we were many, defending ourselves.","The sentence employs a classic chiastic structure of temporal conjunctions: 'οὗ... μέν... καὶ' (while... and) in the first clause is paralleled by 'τόφρα... δέ' (then/meanwhile... but) in the second. This structure emphasizes the duration of the action relative to the passage of time. The participle 'ἀλεξόμενοι' (defending ourselves) is a present middle/passive participle functioning adverbially to describe the manner of the main verb 'μένουμεν' (we remained/stayed). The phrase 'πλεόνας περ ὄντας' utilizes an emphatic particle 'περ' attached to the participle 'ὄντας' (being) to highlight the concessive force of the adjective 'πλεόνας' (many/more), effectively meaning 'even though we were numerous.' The term 'ἱερὸν ἦμαρ' (sacred day) is a Homeric periphrasis for 'day,' reflecting the religious perception of daylight. The syntax illustrates a common Homeric pattern where the subject's persistence is contrasted with the inevitable progression of time.",2205
28,"When the sun turned toward the evening, then the Cicones, having subdued the Achaeans, turned [them] back.","The sentence employs the temporal conjunction ἥμας (hēma) with the augment of the imperfect verb μετανίσσετο (metanisseto), literally meaning 'the sun turned toward the evening' or 'the sun set,' a standard Homeric formula for the transition to night. The adverbial phrase βουλυτόνδε (boulutonde) is an Ionic form of βουλυτόνδε, indicating direction toward the evening or night. The main clause features the aorist participle δαμάσαντες (damasantes) agreeing with the subject Κίκονες (Kikones), which functions as a circumstantial participle indicating the means or circumstance of the main action. The verb κλίνα (klina) is used transitively here, meaning to 'turn' or 'defeat' in a military context, often implying a rout or flight. The use of τοτε (to te) emphasizes the immediacy of the event following the sunset, creating a causal link between the arrival of night and the success of the Cicones. The sentence exhibits a chiasmus-like structure in the arrangement of the temporal clause and the main action, highlighting the contrast between the natural cycle of the sun and the violent reversal of fortune for the Achaeans. The term Αχαιούς (Achaeous) refers to the Greek warriors, a common Homeric designation for the collective force. The sentence captures a pivotal moment in the narrative where the Greeks, having landed and plundered, are now forced to retreat due to the arrival of the Cicones' reinforcements at dusk.",2206
29,And from each ship the well-girded companions perished.,"The sentence employs the epic adjectival epithet 'well-girded' (εὐκνήμιδες), a standard Homeric formula describing warriors or companions, referring to the protective bands worn around the lower legs. The syntax features the adverbial particle δέ ('but/and') attached to the preposition ἐξ ('from'), a common feature in epic verse known as enclisis or postpositive placement that aids in maintaining the dactylic hexameter's rhythm. The phrase ἀφ' ἑκάστης νηός ('from each ship') uses the preposition ἀπό with the genitive case to indicate separation or origin. The verb ὤλοντο is the aorist middle indicative, third person plural of ὄλλυμι; in the middle voice, it often carries a reflexive or intensive meaning, implying 'they perished' or 'they were destroyed,' emphasizing the totality of their fate. The sentence structure places the agent (the companions) after the prepositional phrase, a stylistic choice that delays the subject to build tension before revealing the tragic outcome.",2207
30,"The others, however, fled both death and doom.","The sentence employs the enclitic particle δέ to mark a contrast with a preceding group, translating here as 'however' or 'but.' The conjunction τε...τε creates a balanced, emphatic pairing of the two nouns (thánaton and mónon), a common Homeric device to express totality or inevitability. The pairing of 'death' (θάνατος) and 'doom/fate' (μόρος) is a frequent poetic formula in epic poetry, where μοῖρα or μόρος often personifies an inescapable destiny that accompanies physical death. The syntax uses a simple subject-verb-object structure with the objects coordinated, emphasizing the dual nature of the threat the characters escaped.",2208
31,"From there we sailed onward, our hearts untroubled, rejoicing from death, having lost our dear companions.","This sentence employs a striking contrast between the present state of relief and the past trauma of loss, a common theme in the Odyssey where survival is often shadowed by grief. The syntax features a series of participial and adjectival modifiers attached to the main verb (πλέομεν, 'we sail'): the perfect passive participle (ἀκαχήμενοι, 'untroubled') and the present participle (ἄσμενοι, 'rejoicing') describe the internal state of the sailors, while the aorist active participle (ὀλέσαντες, 'having lost') provides the causal background for their relief. The use of the dual or plural context implies a collective experience of the crew. The phrase 'from death' (ἐκ θανάτοιο) uses the genitive case to denote separation or deliverance from a state. The emotional pivot is marked by the juxtaposition of 'untroubled' and 'rejoicing' against the stark reality of 'having lost companions,' creating a poignant irony where survival brings joy only because death was avoided, yet the cost remains present. The structure is balanced but not strictly chiasmic; rather, it uses asyndeton (lack of conjunctions) between the modifiers to create a flowing, narrative rhythm typical of Homeric verse.",2209
32,"But not yet did the ships with their winding cables depart for me before I had raised each of those wretched companions three times, those who died in the plain, slain by the Cicones.","The sentence employs the particle combination οὐδέ (οὐ + δέ) with ἄρα to create a strong emphatic negative transition, reinforcing the speaker's reluctance or the necessity of the action that follows. The verb κίον is the aorist of κίω (to go), here used with a sense of departure. The adjective ἀμφιέλισσαι (winding, coiled) modifies ναῦες (ships), a vivid Homeric epithet describing the ropes ( cables) wound around the ship's hull or masts, evoking the physical preparation of the vessel for sea. The construction πρὶν + infinitive (ἀῦσαι) establishes a temporal boundary: the departure could not occur until the ritual of lamentation was completed. The phrase τρις ἕκαστον (three times each) highlights the specific, repetitive nature of the ritual mourning, emphasizing the gravity of the loss. The relative clause οἵ θανόν ἐν πεδίῳ introduces an appositional description of the dead, with the aorist passive participle δηιόθεντες (having been destroyed/slain) functioning adverbially to explain the manner of their death. The use of the genitive plural Κίκονων (of the Cicones) after ὑπο indicates the agent of the destruction, a common Homeric syntactic feature. The sentence structure balances the action of departure with the preceding duty of mourning, creating a poignant contrast between movement and stasis, life and death.",2210
33,"And to the ships he roused the wind Boreas, the cloud-gatherer Zeus, with a divine tempest; and with clouds he covered the land and the sea together.","This sentence exemplifies the epic style of Homeric poetry, characterized by the use of divine epithets and formulaic language. The epithet 'νεφεληγερέτα' (cloud-gatherer) is a standard attribute for Zeus in the Homeric epics, emphasizing his control over atmospheric phenomena. The phrase 'λαιλάπι θεσπεσίη' (with a divine tempest) functions as an instrumental ablative (or instrumental dative in this context of ancient usage) modifying the verb 'ἐπώρσεν' (roused), where 'θεσπέσιος' adds a layer of sacred awe to the storm. The sentence employs asyndeton (the omission of conjunctions) between the main clauses, though the particle 'δὲ' connects the verbs, creating a rhythmic flow typical of oral tradition. The final clause uses the adverb 'ὁμοῦ' (together/both) to emphasize the totality of the covering, affecting both the land ('γῆν') and the sea ('πόντον'), a common dualistic pairing in Greek cosmology. The syntax places the object 'νηυσί' (to the ships) before the verb, a common feature in Homeric Greek to set the scene or emphasize the recipients of the divine action.",2211
34,Night rose from the heavens.,"The verb ὀρώρει is a form of ὄρνυμι in the imperfect tense, third person singular, indicating a continuous or habitual action in the past. Here, it personifies Night (νύξ) as an active agent rising or emerging. The prepositional phrase οὐρανόθεν (from the heaven/sky) is in the ablative case, denoting the source or origin of the action. This sentence employs personification, attributing human-like action (rising) to the abstract concept of night. The structure is simple and direct, emphasizing the arrival of night as a natural and inevitable event. The use of the imperfect tense suggests a gradual or ongoing process rather than a sudden occurrence.",2212
35,"Then they carried them crosswise, but the force of the wind tore their sails, threefold and fourfold.","The sentence employs the adversative conjunction 'δέ' (but) to contrast the sailors' deliberate action with the destructive force of nature. The adverb 'ἐπικάρσιαι' (crosswise) describes the specific maneuver of turning the ship or handling the sails to resist the wind, a technique known as heaving-to. The verb 'ἐφέροντ' is an imperfect active indicative, third person plural, indicating continuous or habitual action in the past. The second clause features a striking use of the adverbs 'τριχθα' (threefold) and 'τετραχθα' (fourfold), which function as adverbial accusatives or adverbs of degree, emphasizing the extent of the tearing. This numerical intensification creates a vivid image of the sails being ripped apart into many pieces. The phrase 'ἶς ἀνεμίοιο' (the force/potency of the wind) uses the genitive of possession/source to attribute the destructive action to the wind's power. The syntax relies on 'μέν...δέ' to set up the contrast between human effort and natural disaster, a common epic motif.",2213
36,"And so they lowered the ships into the water, fearing destruction, and they quickly rowed them toward the shore.","This sentence features a clear chiastic structure in the coordination of the two main actions: the first verb phrase (καθεμεν) is followed by a participle (δεισαντες) and an object (ολεθρον), while the second verb phrase (προερεσσαμεν) is followed by an adverb (εσσυμενως) and a directional object (ηπειρονδε). The use of the particle μεν...δέ (μέν...δέ) creates a balanced contrast between the two sequential actions. The participle δεισαντες (fearing) is aorist active, indicating the cause or circumstance of the main action. The adverb εσσυμενως (quickly) emphasizes the urgency of the sailors' retreat. The term ολεθρον (destruction) is a strong word often used in epic poetry to denote total ruin or death, highlighting the peril the sailors faced. The sentence demonstrates typical Homeric narrative style, where actions are described with vivid, immediate verbs and participial clauses that provide context without interrupting the flow of the narrative.",2214
37,"There we lay for two nights and two days continuously, always, together consuming our spirit with toil and pain.","The sentence employs the adverbial phrase 'δύω νύκτας δύο τ’ ἤματα' (two nights and two days), a common Homeric formula for expressing a prolonged period of time. The adjectives 'δύω' and 'δύο' agree with the accusative nouns 'νύκτας' (nights) and 'ἤματα' (days) respectively, both governed by the prepositional sense of duration. The adverb 'συνεχὲς' (continuously) and 'ἀεὶ' (always) reinforce the unbroken nature of the duration. The participle 'ἔδοντες' (consuming/eating), derived from 'ἐσθίω', is used metaphorically to describe the gradual depletion of the spirit ('θυμὸν') by 'καμάτω' (toil) and 'ἄλγεσι' (pain). The phrase 'ὁμοῦ ... καὶ' (together with) links the two sources of suffering, emphasizing the cumulative effect. The construction 'καμάτω τε καὶ ἄλγεσι' uses the enclitic 'τε' and the coordinating conjunction 'καί' to create a balanced, almost chiasmic rhythm between the two nouns, highlighting the dual nature of the hardship. The use of the middle voice 'κείμεθ’' (we lie) suggests a passive state of being subjected to these conditions, rather than an active choice.",2215
38,"But when fair-tressed Dawn had completed the third day, we, having set up the masts and hoisted the white sails, remained there, and the wind and the helmsmen guided them.","The sentence opens with the connective particle 'all' (αλλ'), signaling a narrative shift or resumption. The temporal clause is introduced by 'ote' (when) with the emphatic particle 'de' (δη), which often marks a specific point in a narrative sequence. The epithet 'euplokamos' (fair-tressed) is a traditional Homeric attribute of Eos (Dawn), highlighting the poet's use of formulaic language. The main clause features two aorist participles, 'histous stesamenoi' (having set up the masts) and 'erysantes' (having hoisted), describing the preparatory actions of the crew before the state of 'hemetha' (we remained/were). The phrase 'anath' is a compound of 'ana' and the enclitic 'te', functioning here as an adverbial particle. The final clause employs the coordinating conjunctions 'te...te' (both...and) to link 'anemos' (wind) and 'kybernetai' (helmsmen) as joint subjects of 'ethynon' (guided), illustrating the common ancient belief in the collaboration between divine/natural forces and human skill. The relative pronoun 'tas' (them) refers back to the ship, implied by the context of the masts and sails, demonstrating the frequent elliptical usage of the ship in Homeric Greek where the noun is understood from the context of its parts.",2216
39,"And even so, having been tested, I would have come to my native land.","The sentence employs the potential optative construction (ἱκόμην with κεν/ἄν), expressing a hypothetical outcome that did not occur in the narrative reality; the speaker is reflecting on a possibility that was thwarted. The word καί (and) combined with νύ (indeed/even so) creates a connective particle sequence often used in Homeric epic to introduce a counterfactual or concessive clause. The adjective ἀσκηθὴς (tested, exercised, or worn out) functions as a perfect passive participle in an adverbial sense, modifying the subject of the main verb; it implies a process of hardship or endurance required before arrival. The phrase πατρίδα γαῖαν (native land) is a common poetic hendiadys or attributive construction in Homeric diction, emphasizing the deep emotional and cultural significance of returning to one's homeland. The use of the participle ἀσκηθὴς alongside the optative mood underscores the theme of struggle and the conditional nature of success in the epic tradition.",2217
40,"But the wave and the current bent me around Malea, and the North Wind drove me away, but Cythera struck me off course.","This sentence describes a perilous maritime experience, utilizing a series of active verbs to convey the violence of the sea. The phrase περιγναμπτοντα (bending, twisting, or turning around) is a vivid present participle describing the action of the waves upon the speaker, suggesting a contorted or forced path around the dangerous cape of Malea. The use of the compound verb ἀπέωσε (drove away) with the North Wind (Boreas) personifies the wind as an active agent of expulsion. The final verb, παρεπλάγξεν (struck off course, dashed aside, or threw into confusion), is particularly forceful; it implies a violent collision or a sudden deviation from the intended path, personifying the island of Cythera as the agent that struck the sailor. The sentence structure employs asyndeton in the first clause (omitting a conjunction between the wave/current and the wind before the final 'and'), creating a rapid, breathless rhythm that mimics the chaotic sequence of events. The particle δέ serves to introduce a contrast or a new development in the sequence of disasters.",2218
41,From there I was carried for nine days by the destructive winds over the fishy sea.,"The verb φερόμην is in the imperfect middle/passive indicative, first person singular, indicating a continuous or repeated action in the past ('I was being carried'). The adverb ἔνθεν ('from there') sets the narrative context, likely following a specific event of departure. The time expression ἐννῆμαρ ('for nine days') functions as an adverbial accusative of duration, emphasizing the length of the ordeal. The phrase ὀλοοῖς ἀνέμοισιν ('by the destructive winds') uses the dative case for the agent in a passive construction, modified by the adjective ὀλοός ('destructive' or 'deadly'), which adds a sense of peril and divine hostility. The prepositional phrase ἐπ' ἰχθυόεντα πόντον ('over the fishy sea') describes the path of travel; ἰχθυοῦς is a Homeric epithet for the sea, highlighting its richness and vitality, creating a contrast with the 'destructive' nature of the winds. The sentence exhibits a typical Homeric narrative rhythm, balancing the duration of the journey with the hostile forces and the setting.",2219
42,"However, we landed on the tenth day on the land of the Lotus-eaters, those who eat the flower-like food.","The sentence employs a relative clause (oi̔́... ἔδουσιν) to define the inhabitants of the land, a common Homeric technique for characterization. The adjective ἄνθινον (flower-like) modifies εἶδαρ (food), describing the specific nature of the lotus fruit, which is said to resemble flowers in its edibility and effect. The particle ἀτὰρ functions as a connective adversative, often translated as 'however' or 'but,' marking a transition in the narrative sequence. The phrase Λωτοφάγων (of the Lotus-eaters) is in the genitive case, dependent on γαίης (land), indicating possession or association. The use of the aorist ἐπέβημεν (we landed) contrasts with the present tense ἔδουσιν (they eat), highlighting the immediate action of arrival versus the ongoing habit of the locals. The sentence structure is straightforward, with the relative clause providing essential descriptive information about the setting.",2220
43,There we stepped onto the mainland and drew water; but quickly the companions took a meal beside their swift ships.,"The sentence demonstrates the Homeric narrative style through the use of a compound verb construction: 'βημεν' (we went) and 'αφυσσαμεθ'' (we drew) are coordinated with 'και' (and), indicating a sequential action performed by the first-person plural subject (the narrator and his men). The second clause shifts to a third-person plural subject ('εταροι'), a common technique in Homeric epic to distinguish the collective group from the speaker or to focus on the group's actions. The adverb 'αιψα' (quickly) emphasizes the immediacy of their action, a frequent feature in epic to maintain narrative pace. The phrase 'θοησι παρα νηυσιν' (beside the swift ships) uses an adjective in the dative plural to agree with the dative noun 'νηυσιν', illustrating the typical epithet-heavy style of Homeric poetry, where 'θοος' (swift) is a standard attribute for ships. The sentence also features asyndeton in the transition between the two main clauses, marked by the comma and the particle 'δε' (but), which serves to contrast the arrival and water-drawing with the subsequent meal preparation.",2221
44,"But after we had eaten and drunk, I then sent my companions to go and inquire about the men who were on the land eating bread: two men and a third, a herald, whom they had bound together.","The sentence exhibits a clear narrative progression typical of Homeric style, moving from a completed action (eating and drinking) to a subsequent command. The particle αὐτάρ (here αὐτάρ) serves as a transitional marker, often used to shift focus or indicate a new phase in the narrative sequence. The construction προιέειν πευθέσθαι combines a verb of sending with an infinitive of purpose, a common structure in epic poetry for indicating intent. The use of the participle ἔδοντες (eating) with the genitive σῖτον (bread) highlights the act of consumption, while the phrase ἐπὶ χθονὶ σῖτον ἔδοντες emphasizes the physical presence of the men on the land. The enumeration of the men—two men and a third, a herald—is marked by the use of the accusative case for the objects of the binding action, with the adjective τριτάτον (third) modifying κήρυχ’ (herald). The binding action (ὀπάσσας) suggests a state of captivity or restraint, which is a recurring motif in the Odyssey, particularly in scenes involving encounters with hostile or unknown peoples. The syntax reflects the fluidity and rhythmic quality characteristic of Homeric verse, with participial phrases and relative clauses seamlessly integrated into the narrative flow.",2222
45,"But they, quickly departing, mingled with the Lotus-eating men.","The sentence employs the aorist middle indicative form μίγεν (from μείγνυμι) in the plural, which functions as a narrative perfective action indicating the completion of the mixing or association. The participle οἰχόμενοι (middle/passive present) acts as a temporal adjunct, meaning 'while departing' or 'as they went away,' though in this narrative context, it often implies a transition to a new location. The adjective Λωτοφάγοισιν (Lotus-eating) is a compound noun used attributively with ἀνδράσι (men), a specific cultural reference to the tribe in the Odyssey who consume the lotus plant, inducing a state of forgetfulness and apathy toward their homeland. The particle δ' (δέ) serves as a connective, marking a narrative shift or continuation of the action. The adverb αἶψ' (quickly) emphasizes the swiftness of the departure and the subsequent encounter. The syntax features a typical Homeric narrative structure where the participle precedes the finite verb, establishing the sequence of events clearly.",2223
46,"And the Lotus-eaters did not intend any destruction for our companions, but they gave them the lotus to taste.","The sentence employs a clear antithetical structure marked by the conjunction 'αλλά' (but), contrasting the negative expectation of harm ('οὐ... μηδόνθ'') with the benevolent action of the Lotus-eaters ('ἀλλὰ... δοῦσαν'). The verb 'μηδόνθ'' (from 'μηδόμεναι') is in the imperfect tense, indicating a continuous state of mind or intention in the past ('they were not planning'). The dative plural 'ἡμετέροις' ('our') emphasizes the narrator's personal connection to the companions, while 'σφι' ('to them') serves as the indirect object for the gift. The construction 'δίδωμι' followed by an infinitive ('δώσαν... πασάσθαι') functions as a causative or permissive structure, meaning 'they allowed them to taste' or 'they gave them the opportunity to taste.' The phrase 'λωτοῦ πασάσθαι' uses the genitive 'λωτοῦ' with the verb 'πασάσθαι' (a form of 'πάσσω'), which specifically means to taste or sample, often implying a trial or a brief consumption. This passage is culturally significant as it introduces the Lotus-eaters, a people whose fruit induces forgetfulness of home, a central theme in the Odyssey's exploration of nostalgia and the dangers of complacency.",2224
47,"Of these, whoever should taste the honey-sweet fruit of the lotus, no longer wished to bring word back again, nor to return, but rather wished to remain there with the Lotus-eating men, picking the lotus, and to forget their return home.","This passage illustrates the thematic danger of the lotus-eaters: the loss of memory and the abandonment of duty (nostos, or homecoming). The syntax employs a relative clause (ὃς τις... φαγοι) introducing a conditional scenario, followed by a negative purpose/result (οὐκέτ' ἀπαγγελῆσαι... οὐδὲ νέεσθαι). The structure highlights a stark contrast between the desire to stay (βούλοντο... μενεῖν) and the abandonment of the heroic imperative to return. Stylistically, the sentence uses asyndeton (the omission of conjunctions) in the sequence of infinitives (ἀπαγγελῆσαι, νέεσθαι, μενεῖν, λαθεῖν) to create a flowing, urgent rhythm that mimics the overwhelming nature of the lotus's effect. The phrase 'honey-sweet fruit' (μελιηδέα καρπόν) is a characteristic Homeric epithet, emphasizing the deceptive allure of the plant. The participle ἐρεπτόμενοι (picking/eating) is temporal and instrumental, describing the ongoing action that accompanies the state of remaining. The enclitic τε... τε (here appearing as τε... τε with λαθεῖν) coordinates the final two infinitives, linking the act of staying with the act of forgetting, suggesting that forgetting is an inherent consequence of remaining.",2225
48,"These men I led weeping to the ships by compulsion, having hauled them under the yokes and fastened them in the hollow ships.","The sentence employs a chiasmic structure in its verbal actions: the main clause presents the movement (ἀγον) and the participle (δῆσα) describes the securing, creating a balance between leading and binding. The adverbial phrase 'by compulsion' (ἀνάγκη) is in the dative case, functioning as an instrumental or causal dative, indicating the force driving the action. The participle κλαίοντας (weeping) is a present active participle in the accusative plural, agreeing with the direct object τοὺς, describing the state of the men as they are led. The verb δῆσα is aorist active indicative, indicating a completed action that precedes the main verb. The preposition ὑπὸ with the accusative (ὑπὸ ζυγὰ) refers to the yokes placed over the captives' necks, a common practice in ancient warfare to subjugate prisoners. The adjective γλαφυρησιν (hollow) modifies νηυσί, emphasizing the interior space of the ships where the captives were secured. The sentence uses asyndeton in the final clause, omitting a conjunction between the participles, which creates a rapid, sequential narrative flow typical of Homeric style.",2226
49,"But I urged the others, eager companions, to hasten to board the swift ships, lest someone, having eaten of the lotus, should forget his return home.","The sentence begins with the connective particle αὐτάρ (here accented αὐ̓τὰρ in the text provided, though standard is αὐτάρ), a common Homeric transition meaning 'but' or 'however,' often used to shift focus or contrast with a previous clause. The verb κελόμην is the first-person singular imperfect middle of κελάω (to urge/command), indicating a past ongoing action of exhortation. The adjectives ἐρίηρας (eager/impetuous) and ὠκειάων (swift) are used as epithets, a hallmark of Homeric style, characterizing the companions and the ships respectively. The participle σπερχομένους (hurrying) agrees with the accusative object ἑταίρους (companions) and functions as an adverbial modifier of the infinitive ἐπιβαινέμεν (to board), creating a sense of urgency. The second half of the sentence introduces a negative purpose clause introduced by μή with the future passive subjunctive λάθηται (he may forget/be forgotten). This construction expresses a fear or precaution. The participle φαγὼν (having eaten) is aorist active, indicating an action completed prior to the main verb of the clause. The noun λωτοῦ (of the lotus) refers to the lotus plant from the land of the Lotus-Eaters, a specific mythological reference where consuming the fruit induces a state of forgetfulness regarding one's home and duty. The genitive νοστοῦ (of the return) depends on λανθάνω, which takes a genitive of the thing forgotten. The syntax employs a clear separation between the command (imperative sense) and the reason (purpose clause) to emphasize the peril of the journey.",2227
50,"And they immediately went in and sat down on the keys, and sitting in a row they struck the grey sea with their oars.","The sentence employs asyndeton (the omission of conjunctions) between the first two actions ('went in' and 'sat down') to convey rapid, fluid motion, though the conjunction 'and' (καί) is present in the manuscript text provided. The participle ἐζόμενοι (sitting) functions as an adverbial modifier of manner for the main verb τύπτον (they struck), indicating the posture of the rowers. The phrase εἰς κληΐσι (on the keys) is a literal translation of the dative plural; however, in the context of Homeric shipboard scenes, κληΐς (key) is often interpreted as a bench or seat (possibly derived from a root meaning 'to lean' or 'to rest'), or it may refer to the thwarts where the rowers sit. The epithet πολιήν (grey) applied to the sea (ἅλα) is a characteristic Homeric formula, evoking the color of the sea under a cloudy sky or its foamy appearance. The structure of the second clause (εἶτα/εἶξες... ἐζόμενοι... τύπτον) creates a rhythmic depiction of the synchronized labor of the rowers.",2228
51,"From there we sailed onward, our hearts untroubled.","The participle ἀκαχήμενοι (akachēmenoi), a perfect middle/passive participle of ἀχεύω (to be troubled, grieve), is used in the nominative plural masculine to agree with the subject of the main verb πλέομεν (we sail). In this context, it functions adverbially to describe the state of the sailors, a construction common in Homeric narrative to convey emotional tone alongside physical action. The phrase 'our hearts untroubled' reflects a literary motif where the internal state of the characters mirrors the smoothness of their journey; the absence of grief or anxiety (ἀκενέως) suggests a temporary respite from the trials of the voyage. The word order places the adverbial participle before the direct object of the heart, emphasizing the emotional state. The particle δὲ (de) serves a connective function, linking this action to the preceding narrative sequence. The dative plural ἀκαχήμενοι is not a dative but a nominative participle, which might be a parsing error in the provided metadata; it agrees with the subject of the verb, not an object.",2229
52,"And we came to the land of the arrogant, lawless Cyclopes, who, relying on the immortal gods, neither plant crops with their hands nor plough, but all things grow wild and unploughed for them—wheat and barley and the vine, which bears wine with clusters, and the rain of Zeus nourishes it.","This passage employs a chiastic structure in the description of the Cyclopes' agricultural practices: 'neither plant... nor plough' (οὐ-τε φυτεύουσιν... οὐ-τ' ἀροῦσιν), emphasizing their total lack of human labor and cultivation. The phrase 'arrogant, lawless' (ὑπερφιάλων ἀθεμίστων) uses two adjectives in the genitive plural to characterize the Cyclopes, highlighting their transgression of divine and social norms. The syntax shifts from the narrator's journey to a relative clause describing the Cyclopes' existence, marked by the relative pronoun οἵ. The use of the participle πεποιθότες (having trusted/relying) with the dative θεοῖσι indicates a sense of divine reliance that ironically contrasts with their lawlessness. The enumeration of crops (wheat, barley, vines) followed by the specific mention of wine (οἶνον ἑρισταφύλον, 'grape-laden wine') underscores the fertility of the land despite human neglect. The final clause, 'and the rain of Zeus nourishes it,' personifies nature's bounty as a direct gift from Zeus, reinforcing the theme of divine provision in the absence of human effort. The sentence also features asyndeton in the list of crops, enhancing the rhythmic flow and emphasizing the abundance of natural growth.",2230
53,"For them there are neither assemblies that bring counsel nor divine laws; but they dwell on the peaks of high mountains in hollow caves, and each one gives judgment to his own children and wives, and they care nothing for one another.","This sentence describes the primitive, lawless existence of the Cyclopes, contrasting their isolation with the structured society of civilized Greeks. The syntax employs a 'neither... nor...' construction (οὐ... -τε... οὐ... -τε) to deny the existence of two key pillars of Greek civilization: the public assembly (ἀγοραί) and the established laws (θέμιτες). The phrase 'assemblies that bring counsel' (ἀγοραὶ βουληφόροι) highlights the political function of the assembly in Greek culture, which is entirely absent here. The description of their dwelling places uses the vivid epithet 'hollow caves' (σπέσσι γλαφυροῖσι), a common Homeric formula emphasizing their connection to the earth and lack of civilization. The verb θεμιστεύει (gives judgment) is a poetic formation derived from θέμις (right/law), ironically applied to a context where no such law exists; here, the 'father' acts as judge and lawgiver only within his own family unit, rejecting any communal or legal obligation to others. The final clause, with the negation οὐ... ἀλέγουσιν (they care nothing), underscores the theme of extreme selfishness and social fragmentation, a direct antithesis to the Greek ideal of reciprocity and mutual care (φιλία). The sentence structure moves from the negative (what they lack) to the positive (what they do), ending with a negative to seal their moral isolation.",2231
54,"Then, after the harbor, a small island is stretched out, the land of the Cyclopes, not quite near nor quite far off, wooded.","The sentence describes the geography of the Cyclopes' land. The verb τετάνυσται (is stretched out) is a middle/passive form of τανύω, here used to describe the elongated shape of the island. The preposition παρέκ (from, after) with the genitive λιμένος (harbor) indicates the island's position relative to a previously mentioned harbor. The phrase γαίης Κυκλώπων (land of the Cyclopes) is a genitive of possession, identifying the island's inhabitants. The construction οὔτε... οὔτε... (neither... nor...) with σχεδὸν (near) and ἀποτηλοῦ (far off) emphasizes the island's intermediate distance, a common descriptive technique in epic poetry to create a sense of isolation. The adjective ὑλήεσσ' (wooded) is in the feminine singular dative, agreeing with νῆσος (island), and is used attributively to describe the island's terrain. The sentence employs asyndeton in the final clause, omitting a conjunction before ὑλήεσσ', which adds a concise, descriptive quality typical of Homeric style.",2232
55,"And wild goats, uncountable in number, were born there.","The sentence utilizes the perfect active indicative of γίγνομαι (to be born, to come into being), which here describes a state of existence or origin rather than a simple past action. The adjective ἀπειρέσιαι (uncountable, infinite) is used substantively to emphasize the vastness of the herd, a common Homeric hyperbole to depict the richness of the natural world. The placement of ἄγριαι (wild) at the end of the clause creates a sense of separation, highlighting the untamed nature of the animals. The sentence is an example of asyndeton, where the conjunction between clauses (implied by the δ' particle) is minimal, allowing for a rapid shift in focus to the abundance of wildlife.",2233
56,"For the path of men does not keep it off, nor do hunters track him down, who, following the mountain peaks through the forest, endure sufferings.","The sentence employs a chiastic-like balance between the two negative clauses (οὐ... οὐδέ) to emphasize the inaccessibility of the subject (Odysseus) to human tracking. The use of the relative clause (οἵ τε) with the present participle (ἐφεπόμενοι) creates a vivid, extended image of the hunters' arduous labor. The phrase 'through the forest' (κατὰ ὕλην) combined with 'sufferings' (ἄλγεα) highlights the physical toll of the hunt. The syntax uses a plural subject for the relative clause ('hunters') to describe a general class of people rather than specific individuals, a common Homeric technique to universalize the difficulty of the pursuit. The verb αὐρίζει (απερυκεί) is rare and archaic, adding a solemn tone to the assertion that no human path can deter the wanderer.",2234
57,"It is not ashamed for the flocks, nor for the plowmen, but it remains unplowed and unploughed all the days of men, and it grazes only the long-haired goats.","The sentence employs a chiastic structure in the first clause (negative conjunction 'οὐ...τε' framing the nouns 'ποιμνῆσιν' and 'ἀροτόισιν') to contrast the neglected agricultural domains of flocks and plowing. The negation is reinforced by the repeated 'οὐ...τε' (not...and) construction, creating a strong asyndetic rhythm before the adversative 'ἀλλὰ' (but) introduces the positive assertion of abandonment. The compound adjectives 'ἀσπαρτος' (unplowed) and 'ἀνηρότος' (unploughed, literally 'not turned by the plow') are used in parallel to emphasize the total desolation of the land. The phrase 'ἡμέρας πάντα ἀνδρῶν' (all the days of men) serves as a hyperbolic temporal marker, suggesting a state of perpetual neglect extending through an entire human generation. The final clause shifts to the active presence of only wild goats ('μηκάδας αἴγας'), where the adjective 'μηκάς' (long-haired, shaggy) highlights the untamed, pastoral nature of the remaining inhabitants, contrasting sharply with the lost order of human agriculture.",2235
58,"For there are no ships with rose-red cheeks alongside the Cyclopes, nor are there men skilled in shipbuilding among their cities who might construct well-benched ships, ships which they might complete for every purpose when they come to the cities of men, just as men often cross the sea with ships upon one another.","The sentence relies heavily on the Homeric epithet 'μιλτοπαρήοι' (rosy-cheeked), applied here to ships, a common poetic device that personifies vessels with human features to evoke vitality. The syntax features a complex chain of relative clauses: the first relative clause ('οἵ κε') describes the shipbuilders, while a second relative clause ('αἵ κε') describes the ships themselves, creating a nested structure that emphasizes the lack of both the makers and the tools. The sentence concludes with a simile introduced by 'οἷα τε' (just as), drawing a parallel between the hypothetical construction of ships and the actual practice of men crossing the sea, a common theme in the Odyssey highlighting the contrast between civilized seafaring and the isolated, shipless existence of the Cyclopes. The use of 'γαρ' at the beginning indicates this is an explanatory clause, likely providing the reason for a preceding statement about the Cyclopes' isolation or lack of navigation. The phrase 'ἐπ' ἀλλήλους' (upon one another) in the final clause poetically suggests ships passing each other or perhaps the crowded nature of seafaring activity, contrasting sharply with the Cyclopes' solitary state.",2236
59,Those who would labor for them even a well-built island.,"The sentence features a relative clause introduced by the relative pronoun 'οἵ' (hoi), which functions as the subject of the verb 'ἐκάμοντο' (ekamonto). The particle 'κε' (ke), often paired with the relative pronoun to form a potential or future relative clause ('οἵ κε'), indicates a hypothetical or generalizing sense, translating here as 'those who would...' or 'whoever...'. The verb 'ἐκάμοντο' is a middle voice aorist indicative, meaning 'they labored' or 'they worked', but in this context, combined with 'κε', it suggests a potential action. The object 'νησόν' (nēson) refers to an island, modified by the adjective 'εὐκτιμένην' (euktimēnēn), meaning 'well-built' or 'well-fortified', which is in the accusative case to agree with 'νησόν'. The dative pronoun 'σφιν' (sphin) serves as the indirect object, indicating 'for them'. The conjunction 'καί' (kai) adds emphasis, meaning 'even' or 'also'. The sentence structure highlights the effort required to build or fortify an island for a specific group, emphasizing the magnitude of the task.",2237
60,"For truly she would not be bad, but all the seasons would be brought.","This sentence exhibits a clear contrastive structure marked by the enclitic particles μέν and δέ (μεν...δέ), which set up a juxtaposition between the negation of a negative quality and the affirmation of a positive state. The particle γε attached to κακή strengthens the assertion, adding emphasis to the claim that the subject is not bad. The verb φέροι is an imperfect optative active, third person singular, used here with the modal particle κεν (αὖν) to express a potential or hypothetical action in the present or future. The adjective ὥρια, meaning 'seasonable' or 'timely,' modifies πάντα ('all things') and functions adverbially to describe the manner in which the seasons or times are brought. The syntax reflects a poetic style common in Homeric Greek, where the optative mood with κεν often conveys a wish or a hypothetical scenario, here suggesting an idealized state where all times are favorable.",2238
61,For by the banks of the watered meadows are the green meadows of the gray sea.,"This sentence employs the Homeric epithet 'πολιοῦ αἰὸς' (gray sea), a standard formulaic phrase in the epic tradition where 'πολιός' (gray, hoary, or greenish-gray) describes the sea's appearance. The adjective 'υδρηλοὶ' (watered, moist) modifies 'λειμῶνες' (meadows), creating a vivid contrast between the lush, water-rich land and the saline sea. The syntactic structure uses 'μέν' (indeed) to set up a contrast with a subsequent clause (not included here), a common feature in Homeric narrative to link descriptive passages. The phrase 'παρ' ὀχθὰς' (by the banks) establishes the spatial relationship between the sea and the land, emphasizing the proximity of the fertile meadows to the coast. The sentence showcases the poet's skill in combining sensory details (color, moisture) with spatial organization to create a rich, immersive image of the landscape.",2239
62,"Truly, the vines would be imperishable.","The sentence features the adverb μαλα (very, truly, indeed) intensifying the hypothetical scenario introduced by the particle κ (an abbreviation of αν), which marks the verb εἶεν (were) as a potential or counterfactual optative. The adjective ἄφθιτοι (imperishable, indestructible) serves as a predicate nominative agreeing with the subject ἄμπελοι (vines). The use of the optative mood here suggests a wish or a hypothetical condition, often found in contexts describing ideal states or divine blessings. The phrase 'imperishable vines' may allude to the concept of eternal abundance or the favor of the gods, which is a recurring theme in Homeric poetry. The sentence structure is straightforward, with the adverb preceding the subject and predicate for emphasis.",2240
63,And in the assembly there was a smooth one.,"The sentence relies on the postpositive particle δέ (δ') to connect this clause to the preceding context, indicating a continuation of the narrative flow. The preposition ἐν (en) takes the dative case (implied by the form of the noun) to denote location, meaning 'in' or 'among.' The subject αἴρεσις (here appearing as ἄροσις, a poetic or dialectal variant for ἄροσις, meaning 'assembly' or 'gathering') is in the nominative singular. The adjective λειη (λείη) agrees with the subject in case, number, and gender, literally meaning 'smooth' or 'soft.' In the context of Homeric epic, describing a person or thing in the assembly as 'smooth' (λείη) is highly significant; it typically refers to someone who is eloquent, persuasive, or skilled in speech, contrasting with a rough or blunt speaker. The phrase effectively characterizes an individual who stands out for their rhetorical grace within the public gathering.",2241
64,"For surely, they would constantly gather the deep field into the seasons, since indeed much fatness lies beneath the earth.","This sentence features a conditional construction using the potential optative 'ἀμώμεν' (they would gather/harvest) combined with the particle 'κέν' (often spelled 'κε'), indicating a hypothetical or potential action. The adverb 'μαλα' appears twice for emphasis ('surely', 'indeed'). The phrase 'βαθυ λειον' (deep field) is a poetic epithet common in Homeric diction to describe fertile soil. The second clause, introduced by 'επει' (since), provides the causal justification: the fertility ('πιαρ', literally 'fatness' or 'richness') of the land is the reason for the abundant harvest. The sentence structure juxtaposes the human action of harvesting with the natural state of the soil's richness, reflecting the ancient Greek understanding of agriculture as dependent on the inherent fertility of the land beneath the surface.",2242
65,"But there is a well-harborized port, where there is no need to cast the cable, nor to cast down the bedding, nor to light the sterns, but to cast anchor and remain a while until the heart of the sailors has grown weary and the winds blow upon them.","This sentence illustrates the nautical terminology and procedural logic of ancient seafaring. The phrase 'ἐν δὲ λιμὴν ἐύορμος' (but there is a well-harborized port) sets a scene of safety and stability, contrasting with the dangers of the open sea. The syntax employs a triple asyndetic negative construction ('οὐ... οὐ... οὔ...') to emphatically deny the necessity of three specific dangerous or laborious actions: securing the ship with a cable (πεῖσμα), casting out bedding (ἐὐναις, likely referring to the act of throwing out anchors or mooring lines associated with resting), and lighting the stern (πρυμνησι' ἀνάψαι, a metaphorical or literal reference to signaling or preparing for departure/arrival). This is followed by a positive alternative introduced by 'ἀλλ'' (but): 'to cast anchor and remain' (ἐπικέλλσαντας μείναι). The sentence concludes with a temporal clause introduced by 'εἰς ὃ' (until), containing two aorist subjunctives ('ἐποτρυνήῃ' and 'ἐπιπνεύσωσιν') indicating the completion of the sailors' weariness and the blowing of the winds. The use of 'θυμός' (heart/spirit) for the sailors' state of mind is a common Homeric metonymy. The structure effectively moves from the description of a safe location to the specific conditions required for the sailors to rest, emphasizing the cessation of activity until the natural elements and human fatigue align.",2243
66,"But over the head of the harbor flows a splendid water, a spring beneath the hollow cave.","The sentence employs the epic particle αὐτάρ (autar) to mark a transition or contrast with the preceding narrative context, a common feature in Homeric verse. The phrase 'over the head of the harbor' (ἐπὶ κρατὸς λιμένος) utilizes κρατός (kratos), literally meaning 'head' or 'top,' as a metonymy for the highest point or entrance of the harbor, creating a vivid spatial image. The adjective ἀγλαόν (aglao'n), meaning 'splendid,' 'shining,' or 'glorious,' is a characteristic Homeric epithet used to describe water, emphasizing its clarity and beauty. The syntax features an appositive construction where κρήνη (krenē, 'spring') renames and clarifies the subject ὕδωρ (hýdor, 'water'), a stylistic device often used in oral poetry to reinforce the image or add rhythmic weight. The preposition ὑπό (hypo) with the genitive σπέους (speous, 'cave') indicates the source of the spring, situating it within a sheltered, natural grotto, a typical setting for sacred springs in Greek mythology and landscape description.",2244
67,And poplars have grown all around.,"The sentence employs the perfect tense of φύω (phyóō, 'to grow'), πεφύασιν, which indicates a state resulting from a past action: the poplars are now fully grown and established in their location. The preposition περί (perí), meaning 'around' or 'about,' combined with the enclitic particle δέ (dé) for narrative continuity, creates a spatial setting typical of Homeric descriptions of sacred groves or boundaries. The word order places the prepositional phrase before the subject, a common feature in epic poetry to emphasize the spatial arrangement before introducing the agents of the scene. The use of the plural noun αἵγειροι (aigeîroi, 'poplars') suggests a grove rather than a single tree, evoking imagery often associated with sacred spaces or the periphery of a dwelling in the ancient Greek landscape.",2245
68,"There we sailed, and some god guided [us] through the dark night, nor did he show himself to be seen.","This sentence employs the epic formulaic style characteristic of Homeric poetry. The phrase 'δι' ορφναίην' (through the dark) utilizes the adjective 'ορφναίος' (dark, gloomy), often associated with the night, creating a vivid sensory image. The syntax features a coordinated main clause structure: 'κατεπλέομεν' (we sailed) and 'ηγεμόνευεν' (he guided) are linked by 'καί' (and), followed by a negative coordination 'οὐδέ' (nor/not even) introducing the third verb 'προφαίνετ' (he showed himself). The use of the infinitive 'ἰδέσθαι' (to see) with 'προφαίνετ' (he showed himself) is a standard construction meaning 'to appear' or 'to be visible.' The passive voice of the infinitive 'ἰδέσθαι' here emphasizes the inability of the observers to perceive the god, highlighting the divine nature of the deity who remains unseen. The sentence structure reflects the narrative flow of a journey at sea, a common theme in the Odyssey, where divine intervention often occurs in obscurity.",2246
69,"For the air was deep around the ships, nor did the moon shine forth from the sky, but clouds held it down.","The sentence employs the causal particle γάρ (for) to introduce an explanation for a preceding context (typically the difficulty of navigation or a sense of isolation). The adjective βαθεῖν (deep) modifies the abstract concept of the air (ἀήρ), a common Homeric poetic usage describing a heavy, oppressive atmosphere rather than physical depth. The verb προφαίνω (to shine forth) is used with the moon as its subject, while κατέχω (to hold down, restrain) is used in the middle voice (κατείχετο) with clouds (νεφέεσσι) as the agent, personifying the clouds as an active force suppressing the light. The sentence structure utilizes asyndeton (the omission of conjunctions) between the first two clauses ('nor did the moon shine forth') before introducing the coordinating conjunction δέ (but) to contrast the lack of celestial light with the presence of the obscuring clouds. This creates a rhythmic progression emphasizing the total darkness enveloping the scene.",2247
70,"There, no one has ever set eyes upon this island, nor indeed do we see the long waves rolling toward the land before we have brought our well-benched ships to shore.","The sentence employs a chiastic structure in its negative clauses: the first negation (οὐ) applies to a past perfective action (εἰσδέρακεν, 'has looked at'), while the second negation (οὐδὲ/οὐ…τε) applies to a present action (εἰσιδομεν, 'we see'), creating a contrast between the historical isolation of the island and the immediate experience of the sailors. The use of τε (enclitic) following the second negative (οὐ) forms a double negative construction (οὐ…τε) that emphasizes the totality of the negation, meaning 'neither…nor'. The participle κυλινδόμενα ('rolling') is a present middle/passive participle agreeing with κύματα ('waves'), vividly describing the motion of the sea. The phrase εὐσέλμους ('well-benched' or 'well-oared') is a typical Homeric epithet for ships, emphasizing their readiness and seaworthiness. The preposition πρός with the accusative χέρσον ('land') indicates direction toward the shore. The sentence concludes with a temporal clause introduced by πρίν ('before'), which governs the aorist infinitive ἐπικέλλαι ('to beach/bring to shore'), indicating the sequence of events required to safely approach the land.",2248
71,"Having made the ships secure, we lowered all the sails, and we ourselves stepped out onto the beach of the sea.","The sentence utilizes a dative absolute construction (κελσάσῃσι νεύσι, 'with the ships having been secured') to indicate the preparatory action preceding the main verbs. The participle κελσάσῃσι is aorist passive, agreeing in case, number, and gender with the dative noun νηυσι. The conjunction δε appears twice (after the participle phrase and before the second clause), creating a rhythmic separation between the sequence of actions: securing the vessel, lowering the sails, and disembarking. The use of the intensive pronoun αὐτοι (ourselves) emphasizes the agency of the speakers as they transition from the ship to the shore. The phrase ἐπι ρηγμῖνι θαλάσσης employs a genitive of description/thematic relation (θαλάσσης modifying ρηγμῖνι), a common Homeric idiom for 'the seashore' or 'the beach of the sea,' highlighting the boundary between the maritime and terrestrial worlds. The aorist verbs καθείλομεν and βῆμεν denote punctual, completed actions, typical of epic narrative pacing.",2249
72,"There, having scoured our armor, we waited for rosy-fingered Dawn.","The participle ἀποβρίξαντες (having scoured/cleaned) is aorist active and agrees with the subject of the main verb ἐμείναμεν (we waited), indicating a preceding action that sets the scene for the main clause. The phrase Ἠῶ δῖαν is a fixed epithet for Dawn (Eos), a common Homeric formula used to mark the arrival of morning; the adjective δῖαν (rosy) agrees with the feminine noun Ἠῶ (Dawn) in case, number, and gender. The adverb ἔνθα (there) anchors the action spatially, while the enclitic δ’ (but/and) serves as a connective particle to advance the narrative sequence. The syntax reflects the typical Homeric narrative style, where participial phrases provide vivid, immediate context to the main narrative action.",2250
73,"When rosy-fingered Dawn, the morning-born, had appeared, we wandered about the island in wonder.","The sentence opens with the conventional Homeric epic formula 'ἦμος δ' ἠριγένεια φαίνῃ ῥοδόδακτυλος Ἠώς' (when morning-born, rosy-fingered Dawn had appeared). This phrase is a hallmark of oral tradition, serving as a rhythmic marker to introduce new episodes or actions. The epithet 'ῥοδόδακτυλος' (rosy-fingered) is one of the most famous and enduring metaphors in the Homeric corpus, evoking the visual beauty of the sunrise. The verb 'φαίνω' is in the aorist indicative, marking the completion of the dawn's arrival. The main clause features the imperfect 'ἐδινεόμεσθα' (we were wandering/turning in circles), which conveys a continuous, aimless action rather than a directed journey. This is modified by the present participle 'θαυμάζοντες' (wondering/marveling), which functions as an adverbial modifier of manner, indicating that the wandering is driven by awe. The syntax creates a juxtaposition between the vast, cosmic event of dawn breaking and the small, human-scale activity of the characters moving aimlessly on the island, highlighting their state of confusion or captivation.",2251
74,"And the nymphs, the daughters of aegis-bearing Zeus, roused the mountain goats, so that the companions might dine.","The sentence features a vivid epithet, 'aegis-bearing' (αἰγιόχοιο), applied to Zeus, which emphasizes his protective power and association with the aegis shield. The use of 'daughters' (κοῦραι) as an appositive to 'nymphs' (νύμφαι) highlights their divine lineage and role in the mythological landscape. The verb 'roused' (ὦρσαν) suggests a sudden or forceful action, fitting the context of preparing for a meal. The purpose clause introduced by 'so that' (ἵνα) with the optative mood (δειπνήσειαν) indicates the intended outcome of the nymphs' actions, reflecting a common syntactic structure in Ancient Greek to express purpose. The sentence also demonstrates a balanced structure, with the subject and object clearly defined, enhancing the clarity of the narrative action.",2252
75,"Straight away we took the curved bows and the long-spear ash-wood spears from the ships, and having adorned ourselves with three hair-strips, we began to shoot.","The sentence describes the arming and preparation of the suitors or Odysseus's companions (depending on the immediate context of the epic) for a contest or battle. The phrase 'τρίχα κοσμηθέντες' (having adorned with three hairs) refers to a specific hairstyle or headband, likely the 'trichora' or three locks of hair, which was a common feature of youthful warriors or heroes in the Homeric world, symbolizing their status and vitality. The use of the aorist 'ειλόμεθ' (we took) followed by the present 'βάλλομεν' (we shoot) creates a dynamic shift from the preparatory action to the active engagement. The adjective 'δολιχαύλους' (long-spear) is a compound epithet typical of Homeric diction, emphasizing the length and reach of the weapons. The sentence structure uses a participle ('κοσμηθέντες') to indicate the manner or means by which the action of shooting is performed, adding a layer of descriptive detail to the narrative.",2253
76,But the god immediately gave him a man-like beast.,"The adverb αἶψα (aîpsa), meaning 'immediately' or 'quickly,' often signals a sudden shift in narrative action or divine intervention in Homeric epic. The particle δέ (dé) here serves a connective function, linking this event to the preceding context while maintaining the flow of the narrative. The verb ἐδωκε (édōke) is an aorist indicative of δίδωμι (didōmi), used in the sense of 'giving' or 'granting' a specific ability or form. The adjective μενοεικέα (menoeikea), derived from μένος (ménos, 'force' or 'spirit') and εἴκελος (eîkelos, 'like'), describes the beast as resembling a man in spirit or ferocity, a common epithet in Homeric poetry to emphasize the terrifying nature of the creature. The noun θήρην (thērēn) refers to a 'beast' or 'wild animal,' and in this context, it likely refers to a specific animal form assumed or granted by a deity. The sentence exhibits a typical Homeric style where divine action is described with concise, impactful verbs and adjectives, emphasizing the immediacy and power of the gods.",2254
77,"My twelve ships followed me, but nine goats were allotted to each.","The sentence employs a correlative construction using μέν...δέ (indeed...but/and) to contrast the two clauses. The first clause features the verb ἐπόμην (here ἐπόμενοι) in the imperfect middle/passive, which in this context functions with a sense of 'following' or 'attending to' the subject, a usage common in Homeric narrative to describe the retinue or fleet accompanying a leader. The second clause utilizes the verb λαγχάνω (to obtain by lot) in the imperfect indicative, describing a distribution of resources. The preposition εἰς ('to/toward') governs the accusative singular εἰκάστην ('each one'), indicating the recipient of the allocation. The syntax highlights the specific quantity (twelve ships, nine goats) and the distributive nature of the allocation (nine per ship). The structure is concise and rhythmic, typical of epic verse, where the numerical values are presented clearly without unnecessary elaboration.",2255
78,But I would have taken ten only for myself.,"The sentence features the dative of advantage (ἐμοὶ) indicating the beneficiary of the action, paired with the enclitic particle δὲ which marks a contrast or transition in the narrative flow. The verb ἔξελον is an imperfect indicative active, expressing a wish or potentiality in the past ('I would have taken'), while the enclitic δέκα (here contracted to δέκ') functions as the direct object. The adjective οἴῳ (οἷος) appears in the dative masculine singular to modify the implied subject or the situation, meaning 'only' or 'alone', emphasizing exclusivity. The syntax demonstrates a compact structure typical of Homeric poetry, where the particle δὲ often introduces a speaker's internal reflection or counterfactual thought. The contraction of δεκα to δεκ' is a common feature in epic verse to maintain metrical regularity.",2256
79,"Thus we spent the entire day, until the sun had set down, feasting on limitless meat and sweet wine.","The sentence opens with the correlative particle 'μέν' (μέν) paired with an implied 'δέ' (not present here but structurally implied for contrast with a following clause), a common Homeric device to mark the first half of a temporal or logical sequence. The phrase 'εἰς ἥλιον καταδύντα' (until the sun had set) uses a participle in the accusative to denote the duration of the action, a frequent feature in epic narrative to mark the passage of time. The verb 'δαινύμενοι' (feasting) is a present middle participle modifying the subject, indicating the ongoing nature of the activity. The adjective 'ἄσπετα' (limitless) modifying 'κρέα' (meat) emphasizes the abundance and generosity of the feast, a common theme in Homeric hospitality. The use of 'καὶ' (and) to connect 'κρέα' and 'μέθυ' (wine) highlights the dual components of the banquet. The sentence ends with a period, indicating a complete thought. The overall structure reflects the oral tradition's rhythmic and formulaic style, with a focus on the sensory experience of the feast.",2257
80,"For the red wine had not yet perished from the ships, but it remained.","The sentence employs a negative construction with οὐ... πω (not yet) to emphasize the persistence of the wine's quality. The verb ἐκφθίω (to perish, waste away) is used specifically here to denote the spoilage or exhaustion of the wine, a common concern in ancient maritime contexts where storage was difficult. The adjective ἐρυθρός (red) describes the wine, a standard descriptor for high-quality wine in Homer, contrasting with the modern association of red wine with grape color rather than just 'red' as a category. The sentence structure is balanced by the adversative conjunction ἀλλά (but), which introduces the contrasting state of the wine: it has not been depleted or spoiled. The verb ἐνείμι (to remain, stay) is in the imperfect indicative, reinforcing the ongoing nature of the wine's presence. The phrase νηῶν (of the ships) is in the genitive plural, indicating the source or location from which the wine has not yet perished. The syntax is straightforward, with the subject οἶνος (wine) and the two predicates ἐξεφθίτο (had perished) and ἐνείην (remained) linked by the adversative conjunction.",2258
81,"For we were born from many jars, each of us being a Ciconian.","This sentence relies on the mythological etiology of the Ciconians, a people born from the juice of wine that soaked into the ground (represented by the 'jars' or amphorae) after the Greeks' feast with them. The verb ἀφύσσω (to grow or sprout) is used metaphorically to describe birth, creating a vivid image of the people literally springing from the earth soaked with wine. The construction uses a plural subject implied in the verb form with the distributive adjective ἕκαστοι (each) to emphasize the individual origin of every member of the tribe. The genitive Κικόνων functions as an attribute to the subject, identifying the group. The particle γὰρ indicates that this statement provides the cause or explanation for a preceding context.",2259
82,Having taken the sacred city.,"The participle 'ἐλόντες' (aorist active participle of αἱρέω) is in the nominative plural masculine, agreeing with an implied subject (likely the Achaeans or Greeks) from the broader context of the epic. The noun 'πτολίεθρον' (city) is modified by the adjective 'ἱερόν' (sacred), indicating a place of religious significance or one under divine protection. The construction 'ἐλόντες' functions as a temporal or causal participle, setting the scene for the subsequent action in the narrative. This phrase exemplifies the typical Homeric style where participial phrases provide concise background information, often linked to the hero's actions or the consequences of their deeds.",2260
83,"For we will approach the land of the Cyclopes, who are nearby, and their smoke and their voice, like those of sheep and goats.","The sentence employs the first-person plural future indicative (ἔλευσσομεν), indicating a collective decision or prophetic intent by the speaker (Odysseus) regarding the expedition. The phrase 'who are nearby' (ἐγγὺς ὄντων) is a genitive absolute construction modifying 'Cyclopes,' emphasizing their immediate proximity. The syntax features a series of coordinated genitive nouns (smoke, voice, sheep, goats) linked by the enclitic particle τε...τε...καί, creating a rhythmic enumeration that mirrors the sensory experience of the Cyclopes' presence. The simile 'like those of sheep and goats' (οἵων τε καὶ αιῶν) highlights the primitive, pastoral nature of the Cyclopes, contrasting their bestial sounds with human speech. The use of the genitive plural for 'Cyclopes' (Κυκλώπων) as an attribute to 'land' (γαίαν) is a standard Homeric construction denoting possession or association. The sentence structure reflects the oral tradition of Homeric poetry, with its emphasis on visual and auditory imagery to convey the approach to a mysterious and potentially dangerous land.",2261
84,"But when the sun had sunk and darkness had come, then we slept upon the shore of the sea.","This sentence exemplifies the standard epic formulaic structure for marking the passage of time in Homeric poetry, utilizing the temporal conjunction ἥμος (when) followed by aorist indicatives to denote completed actions (κατέδυ, ἦλθε). The phrase κνέφας ἦλθε (darkness came) is a common metonymic expression for the onset of night. The particle δὲ serves as a connective, while δή τοτε emphasizes the immediate succession of the main action (sleeping) following the temporal condition. The preposition ἐπί with the dative case (ῥηγμίνι) indicates location 'upon' or 'on the surface of' the beach, a typical feature of Homeric spatial description.",2262
85,"When rosy-fingered Dawn, the morning-born, appeared, then I, having called the assembly, spoke to all.","This sentence employs the standard Homeric epic opening formula 'ἦμος δ᾽ ἠριγενεία φάνη ῥοδοδάκτυλος Ἠώς' (when morning-born rosy-fingered Dawn appeared), which serves as a conventional marker for the beginning of a new day or action sequence in the narrative. The epithet 'ῥοδοδάκτυλος' (rosy-fingered) is a characteristic dactylic hexameter device used to describe Eos, highlighting the visual phenomenon of dawn's colors. The syntax features a temporal clause ('ἦμος...') followed by the main clause introduced by 'καὶ τότε' (and then), a common structure in epic poetry to mark sequential events. The participle 'θεμένος' (having set/established) is aorist middle participle of 'τίθημι', here functioning adverbially to indicate the preparatory action taken by the speaker before speaking. The phrase 'μετὰ πᾶσιν' (with all/to all) uses the preposition 'μετά' with the dative plural to denote the audience addressed. The sentence demonstrates asyndeton in the transition between the temporal clause and the main action, though connected here by 'καί' for emphasis on the sequence. The use of the aorist 'εἶπον' (I said) indicates a completed, punctual action within the narrative flow.",2263
86,"Let the others remain here now, but you, my troublesome companions.","The sentence employs a clear contrastive structure using the particles μέν (here placed second in the clause) and an implied contrast for the addressed group, though the δέ particle is elided, a common feature in Homeric verse where the contrast is understood from context. The verb μιμνέτω (appearing here as μιμνέτ', a contracted imperative 2nd plural of μιμνώ) functions as a directive command. The vocative address 'my troublesome companions' (ἐμοὶ ἐριήρες ἐταῖροι) utilizes the adjective ἐριήρης ('troublesome' or 'contentious'), a characteristic epithet for Odysseus's men in the Odyssey, often referring to their tendency to cause trouble or their difficult nature. The syntax separates the general instruction for 'the others' from the specific address to the companions, creating a rhythmic pause that emphasizes the speaker's frustration or authority.",2264
87,"But as for me, coming with my ship and my companions, I shall test these men, who they are: whether they are violent and wild, and neither just, or whether they are hospitable, and whether their mind is god-guided.","The sentence opens with the discourse particle αὐτάρ ('but/as for'), a common Homeric marker used to shift focus or introduce a speaker's personal course of action. The participle ἐλθών ('coming') functions as an adverbial modifier indicating the manner or condition under which the main action (πειρήσομαι, 'I shall test/try') occurs. The structure employs a chiastic arrangement of possibilities: the speaker considers two distinct types of hosts. The first group is characterized by a triple negative/positive contrast: 'violent and wild' (ὑβρισταί τε καὶ ἄγριοι) contrasted with 'not just' (οὐδὲ δίκαιοι). The second group is defined by 'hospitable' (φίλοξενοι) and having a 'god-guided mind' (θεοδηές). The compound adjective θεοδηής is a significant cultural marker, implying that a righteous host possesses a mind directly influenced or guided by the gods, a key concept in the Homeric worldview regarding xenia (guest-friendship). The use of the future tense πειρήσομαι suggests a proactive, investigative stance rather than a passive observation. The sentence structure reflects the oral-formulaic nature of the epic, utilizing parallelism and contrasting epithets to categorize potential encounters.",2265
88,"Having spoken thus, I went up onto the ship, and I ordered the companions to board and to untie the stern cables.","The sentence opens with a temporal aorist participle (εἰπὼν, 'having spoken'), a common Homeric device to link a speech act immediately to the subsequent action. The main verb (ἔβην) is in the aorist indicative, denoting a punctual movement. The preposition ἀνά is used with the genitive (νηὸς) to indicate upward motion onto the vessel. The second clause employs a coordinate structure introduced by the enclitic conjunction δέ, followed by a double infinitive construction (ἀμβαίνειν... λῦσαι) governed by the verb of command (ἐκέλευσα). The use of the postpositive enclitic τε ('and') connecting the two infinitives creates a tight rhythmic link between the actions of boarding and preparing the ship for departure. The noun πρυμνήσια refers specifically to the ropes securing the stern of the ship, a detail that highlights the practical nautical knowledge embedded in the epic narrative.",2266
89,"And they immediately went in and sat upon the keys, and, sitting in a row, they struck the grey sea with their oars.","The sentence employs a sequence of imperfective verbs (εἴσβαινον, ἐκάθιζον, ἐτύπτον) to depict a continuous, repeated action typical of Homeric narrative, conveying the ongoing nature of the crew's activity. The adverb αἴψα emphasizes the swiftness of their entry and seating. The preposition ἐπί with the dative (ἐπὶ κληῖσι) indicates position upon the 'keys' (likely door-bolts or beams, though the exact architectural feature is debated; κληῖς can also mean 'bolt' or 'bar'). The participle ἐζόμενοι (sitting) functions adverbially to describe the manner of the rowing, modified by ἐξῆς (in a row/one after another), creating a visual of disciplined alignment. The epithet πολύη (grey/foamy) for the sea (ἅλα) is a standard Homeric formulaic attribute describing the appearance of the water under certain conditions. The syntax flows with asyndeton between the first two actions (entering and sitting) but uses δὲ to connect the final action (striking), creating a rhythmic progression of movement.",2267
90,"But when we had come to the place nearby, where we saw a cave at the very edge of the sea, close to the water, high and steep with laurels hanging down.","The sentence employs the particle 'δέ' (here as 'δ'') to continue the narrative sequence, a common feature in Homeric epic to link actions. The structure features a relative clause introduced by 'ἐνθά' (where) that describes the specific location of the cave. The description of the cave utilizes a series of adjectives in the accusative case ('ὑψηλόν', 'κατηρεφές') agreeing with 'σπέος' (cave), creating a vivid, static image. The phrase 'δαφνήσι κατηρεφές' uses the dative of material or accompaniment to describe the vegetation covering the cave; 'κατηρεφής' is a compound adjective (from 'κατά' + 'ἕρπω') meaning 'hanging down' or 'overhanging,' a specific epithet often used in Homer to describe the lush, protective cover of caves. The syntax moves from the journey's arrival ('ἀφικόμεθ'') to the visual discovery ('εἴδομεν'), effectively grounding the narrative in a specific topographic setting. The use of 'ἐγγύς' (nearby) modifies 'χῶρον' (place), while 'ἄγχι θαλάσσης' (close to the sea) and 'ἐπ' ἐσχατιαῖ' (at the extremity/edge) reinforce the coastal setting, a crucial element in the Odyssey's geography.",2268
91,"There they were tending many sheep, both ewes and goats.","The sentence features a plural imperfect indicative verb (ἰαύεσκον) denoting continuous or habitual action in the past, typical of narrative descriptions of daily life in the epic. The adjective πολλὰ (many) agrees with the neuter plural noun μηλ᾽ (sheep), which functions as the grammatical subject. The phrase ὄιες τε καὶ αἶγες (both ewes and goats) is an appositive construction elaborating on the type of sheep mentioned; the particle τε (te) is enclitic and used here in the correlative construction τε καὶ (te kai) to mean 'both... and...'. The sentence employs asyndeton (the omission of conjunctions) between the main clause elements and the apposition, though the τε καὶ structure itself provides a specific connective force. Culturally, the distinction between ὄιες (ewes/wool-bearing sheep) and αἶγες (goats) is significant in pastoral economy, as they often grazed together but served different economic purposes.",2269
92,And around the high court was built with hewn stones and long pines and with oaks of lofty foliage.,"The sentence features a passive periphrastic construction (δέδμητο, from δέμω, 'to build' or 'to pave') with a circumstantial prepositional phrase introduced by περι ('around'). The verb is in the imperfect tense, indicating a continuous or repeated action in the past. The sentence lists three types of materials: 'hewn stones' (κατωρυχέεσσι λιθόισι), 'long pines' (μακρησίσι πίτυσσι), and 'oaks of lofty foliage' (δρυσίν ὑψικόμοισι). The use of τε (and) before the final item in a list of three is a common stylistic feature in Homeric Greek, often creating a tripartite structure. The adjectives are carefully chosen to evoke the grandeur and height of the materials, with ὑψηλή ('high') describing the court and ὑψίκομος ('lofty-foliated') describing the oaks, creating a thematic link between the verticality of the court and the trees. The sentence does not use a conjunction before the first item in the list, which is typical for asyndeton in Homeric poetry, enhancing the rhythmic flow.",2270
93,"There, the giant man dwelt, who alone tended the sheep from a distance.","The sentence features the adverb 'ἐνθα' (there) at the beginning, a common epic marker for introducing a new location or scene. The verb 'ἐνιαύε' is an imperfect form of 'ἐνιαυόω', meaning 'to dwell' or 'to stay for a year' (often implying a permanent or long-term residence), which fits the context of the Cyclops' cave. The adjective 'πελώριος' (giant, monstrous) modifies 'ἀνήρ' (man), emphasizing the Cyclops' non-human, terrifying nature. The relative clause introduced by 'ὅς' (who) provides additional description of the man's actions. The adverb 'μόνος' (alone) is used here as 'οἷος', which in this context means 'alone' or 'solitary,' highlighting the isolation of the Cyclops. The verb 'ποιμαίνεσκεν' (tended) is an imperfect form, indicating a continuous or habitual action. The adverb 'ἀπόπροθεν' (from a distance) suggests that the sheep were kept away from the immediate vicinity of the man's dwelling, perhaps for safety or to avoid detection. The sentence structure is straightforward, with a main clause followed by a relative clause that elaborates on the subject's role and habits.",2271
94,"Do not mingle with the others, but remain apart, knowing the deeds are impious.","This sentence features a clear antithetical structure (chiasmus in logic, if not strictly in word order) contrasting participation with isolation: 'not with others' versus 'apart'. The imperative 'πωλεῖτ' (do not mingle/dwell with) is negated by 'οὐδέ' (and not/neither), creating a strong prohibition. The particle 'δέ' following the negative serves to emphasize the contrast with the subsequent clause introduced by 'ἀλλά' (but). The adverb 'ἀπάνευθεν' (apart, from afar) reinforces the physical and social separation required. The construction 'ἑὼν ἤδη' uses the present participle of 'εἰμί' (being) with the perfect 'ἤδη' (I know), a common Homeric idiom meaning 'being aware' or 'knowing'. The adjective 'ἀθεμίστια' (impious, unlawful) functions as a substantive neuter plural ('impious things/deeds'), acting as the object of knowledge. The syntax reflects the archaic style of oral poetry, where direct commands are often paired with immediate justification or state of being.",2272
95,"For a monstrous wonder had been fashioned, which did not seem to belong to a man who eats bread, but rather to a wooded promontory of high mountains, which appears like one from the others.","The sentence employs a strong contrast (antithesis) between the divine or monstrous nature of the Cyclops and human standards, marked by the adversative conjunction 'ἀλλά' (but). The phrase 'σιτοφάγω' (eating grain/bread) is a specific Homeric epithet used to define civilized humanity, distinguishing them from the wild, uncivilized Cyclops. The syntax features a relative clause ('ὅ τε φαίνεται...') modifying 'promontory,' creating a simile where the monster is compared to a mountain peak. The particle 'γάρ' at the beginning provides the causal explanation for the preceding context (Odysseus's description of the Cyclops's dwelling). The use of 'ὡς' (like/as) in 'ὡς ἀπ’ ἄλλων' (like one from the others) emphasizes the unique, unnatural scale of the creature. The sentence structure uses a chiasmus-like rhythm in the comparison of the monster to the mountain, reinforcing the theme of nature's overwhelming power versus human fragility.",2273
96,"So then I ordered the other companions to stay by the ship and drag the vessel; but as for me, having selected the twelve best of the companions, I went.","The sentence employs the particle 'τε...καί' (te...kai) to coordinate the infinitives 'μένειν' (to stay) and 'ἕρυσθαι' (to drag), creating a tight syntactic unit that emphasizes the dual nature of the command given to the companions. The conjunction 'αὐτὰρ' (but/as for) marks a sharp contrast between the actions of the group and the speaker, a common Homeric device for shifting focus. The participle 'κρινας' (having selected) is aorist active, indicating an action completed prior to the main verb 'βῆν' (went). The number 'δωδεκα' (twelve) is metrically elided to 'δωδεκ'' to fit the dactylic hexameter. The term 'ἑταίρους' (companions) is central to the Odyssey's theme of loyalty and leadership, referring to the specific retinue of Odysseus.",2274
97,"But holding a goat-skin flask of dark, sweet wine, which Maron, son of Euanthes, priest of Apollo, gave me—he who dwelt around Ismarus—for we used to besiege him with our son and wife, showing him reverence.","This sentence is a classic example of the Homeric extended relative clause and participial construction used for detailed characterization and backstory. The sentence begins with the postpositive particle 'ἀτὰρ' (but/now), which is typical in Homeric narrative to mark a shift or continuation. The main verb 'ἔχον' (I held) is in the imperfect tense, indicating a past continuous state, while the participle 'ἁζόμενοι' (showing reverence) is a present middle participle that explains the manner or reason for the preceding action. The phrase 'περισχόμεθ' ... ἁζόμενοι' (we used to besiege ... showing reverence) presents a striking juxtaposition: the verb 'περιέχω' can mean to besiege or surround, often with hostile connotations, yet here it is modified by 'ἁζόμενοι' (reverencing), illustrating the complex relationship between the Greeks and the local inhabitants. The relative clause 'ὃς Ἴσμαρον ἀμφιβεβήκει' uses the perfect tense 'ἀμφιβεβήκει' (he dwelt around) to indicate a state resulting from a past action, emphasizing Maron's established presence in Ismarus. The appositional phrases 'Εὐάνθεος υἱός' (son of Euanthes) and 'ἱερεὺς Ἀπόλλωνος' (priest of Apollo) provide essential genealogical and religious context for Maron, highlighting his status. The use of 'οἶνος μέλας' (dark wine) and 'ἡδύς' (sweet) is a common Homeric epithet pairing for wine, emphasizing its quality. The syntactic structure, with the relative clause extending over several lines and the final clause explaining the reason for the gift, demonstrates the oral poetic technique of elaboration and connection.",2275
98,For he was dwelling in a tree-filled grove of Phoebus Apollo.,"The sentence employs the imperfect indicative (ᾠκεῖ) to describe a continuous or habitual state of residence rather than a single completed action. The preposition ἐν governs the dative case (ἄλσει), indicating location. The adjective δένδρηεντι ('tree-filled' or 'wooded') is a compound epithet characteristic of Homeric diction, frequently used to describe sacred spaces associated with deities. The genitive construction Φοίβου Ἀπόλλωνος ('of Phoebus Apollo') identifies the owner or patron of the sacred grove. The particle γάρ ('for') functions as a causal connector, explaining a preceding statement. The term ἄλσος refers specifically to a sacred grove or precinct, often associated with the worship of a god, distinguishing it from a generic forest.",2276
99,But he provided me with splendid gifts.,"The sentence features the enclitic particle δέ, which typically functions as a postpositive conjunction or adverb indicating transition, contrast, or continuation of the narrative thread. The verb πόρεν is a third-person singular aorist indicative active form of πορώ (to provide, bring, or make available), a verb frequently associated with the bestowal of material goods or aid in epic poetry. The adjective ἀγλαὰ (splendid, glorious, bright) agrees with δῶρα (gifts) in gender, number, and case, emphasizing the high value and honor associated with the items bestowed. In the context of Homeric epic, the giving of 'splendid gifts' often marks a significant social transaction, such as xenia (guest-friendship) or the recognition of status between a host and a guest or between gods and mortals.",2277
100,"To me he gave seven talents of goodly gold, and he gave me a bowl all-silvered; but afterwards he poured out twelve jars full of sweet, unmixed wine, a divine drink, for all.","The sentence exhibits a clear tripartite structure marked by the progressive conjunctions μεν (first item), δε (second item), and αυταρ (third item), creating a rhythmic enumeration of gifts. The use of the aorist participles αφυύσσας (pouring out) introduces the final action, describing the manner in which the wine was served. The phrase ηδὐν ἀκηρἀσιον (sweet and unmixed) is a standard Homeric formula for wine; ἀκηρἀσιον specifically denotes wine that has not been diluted with water, a practice that was considered uncivilized in later Greek culture but was often described as the custom of the 'barbarians' or the heroic age in epic poetry. The epithet θεἰον (divine) applied to the drink emphasizes its supernatural quality, suggesting it is fit for gods or heroes. The syntax shifts from direct objects of giving (τἀλαντα, κρητἠρα) to an object of pouring (οἰ̓νον) qualified by a participial phrase and an appositive (ποτον), creating a crescendo of abundance.",2278
101,"No one knew him among the servants, nor among the handmaids in the house, but he himself and his dear wife, a single housekeeper, were alone.","The sentence employs a clear negative-contrast structure marked by the double negative οὐδέ... οὐδέ... (no one... nor...), which is emphatically resolved by the adversative conjunction ἀλλ' (but). The syntax highlights isolation: the subject 'he' is separated from the collective groups of 'servants' and 'handmaids' (δμώων and ἀμφιπόλων) by the negation, only to be reunited in the final clause with his wife. The phrase ἄλοχός τε φίλη ταμίη τε μί’ οἴη demonstrates a chiasmic-like arrangement of the conjunction τε...τε (and...and) surrounding the nouns, while the adjective μί’ (one/single) and οἴη (alone/solitary) create a strong semantic emphasis on their solitude. The use of οἶκος (house) with the preposition ἐνί (in) grounds the domestic setting, contrasting the internal privacy of the couple with the exclusion of the external domestic staff. The epithet φίλη (dear/beloved) for the wife is a standard Homeric formula indicating intimacy and status within the household hierarchy.",2279
102,"And when they were drinking the sweet-scented red wine, having filled one cup with twenty measures of water, he poured [it], and a sweet scent arose from the sacred mixing-bowl.","This passage illustrates the Homeric convention of mixing wine with water, a standard practice in ancient Greek symposia; undiluted wine was considered uncivilized or dangerous. The verb πίνοιεν is an imperfect subjunctive in a temporal clause introduced by ὅτε, indicating repeated or habitual action in the past. The participle ἐμπελάσας (from ἐμπιμπλῆμι) functions adverbially, describing the manner in which the pouring occurs. The numeral εἴκοσι (twenty) modifies μέτρα (measures), suggesting a large volume of water relative to the wine, emphasizing dilution. The phrase θεσπεσίη κρητῆρι (sacred bowl) elevates the mixing vessel with a divine or awe-inspiring adjective, a common Homeric epithet usage. The sentence employs a chiastic structure in its final clause: the scent (ὀσμή) is described as sweet (ἡδεῖα) and rises (ὀδώδει) from the bowl, creating a sensory reversal that emphasizes the aroma's divine quality. The enclitic δὲ connects clauses smoothly, maintaining narrative flow without explicit subjects in the main clauses, relying on context for the agent of pouring.",2280
103,Then it would not have been dear to you to hold back.,"This sentence employs the imperfect indicative of εἰμί (ἦν) combined with the particle ἄν to express a potential condition in the past (often called the 'potential imperfect'). The construction implies a hypothetical scenario: 'at that time, it would not have been your desire to abstain.' The dative pronoun τοι ('to you') serves as the ethical dative or dative of interest, indicating for whom the feeling of 'dear' (φίλον) is relevant. The adjective φίλον functions as a predicate nominative to the infinitive subject ἀποσχἐσθαι ('to hold back' or 'to abstain'), a common construction where the infinitive acts as the subject and the adjective describes its nature. The negation οὔ precedes the verb phrase to negate the entire proposition of the infinitive being pleasant. The sentence exhibits a smooth, rhythmic flow typical of Homeric hexameter, with the elision in τότ' (τότε) aiding the meter. No explicit literary device like chiasmus is present, but the placement of the negation and the conditional particle creates a nuanced expression of missed opportunity or unfulfilled desire.",2281
104,"having filled a large skin of wine, and also provisions in a wineskin.","This sentence fragment exhibits the epic dative of place (κωρύκῳ, 'in a wineskin') used to indicate the container for the provisions. The verb ἐμπλήσας is an aorist participle in the masculine nominative singular, agreeing with an implied subject (likely Odysseus), and functions adverbially to express the means or circumstance of the action. The noun αὐσκόv (αἰσκόv) refers to a skin bottle, typically made of goat or sheep skin, used for carrying liquids; here, the repetition of the container concept ('skin' and 'wineskin') emphasizes the abundance of supplies. The use of καὶ (and) connects two parallel objects: the filled skin of wine and the provisions. The syntax suggests a narrative context where the hero is preparing for a journey, likely in the Odyssey where Odysseus is provisioning himself. The ellipsis of the main verb (implied 'he did' or 'he took') is common in Homeric narrative, where participles often carry the weight of the action.",2282
105,"Immediately, for my proud spirit perceived that a man was approaching, bringing great strength, savage, knowing neither just laws nor divine decrees.","The sentence utilizes the adverb 'αὐτίκα' (immediately) to mark a sudden shift in the narrative, a common Homeric device to heighten dramatic tension. The verb 'οἴσατο' (he perceived) is an aorist middle, indicating a sudden realization or intuition rather than a gradual observation. The participle 'ἐπιειμένον' (bringing/laying upon) modifies the approaching man, describing the physical presence of his strength. The phrase 'ἀγρίον' (savage) is a striking epithet applied to a human, emphasizing the stranger's lack of civilized restraint. The final clause employs asyndeton, omitting the conjunction 'καί' before 'οὔτε... οὔτε' (neither... nor), which accelerates the rhythm and intensifies the enumeration of the man's moral deficiencies. The juxtaposition of 'δίκας' (laws) and 'θέμιστας' (divine decrees/customs) reflects the dual foundation of Greek social order: human law and religious tradition. The negation of both terms characterizes the stranger as an outsider who exists outside the bounds of civilized society.",2283
106,"Swiftly we came to the cave, but we did not find him inside; rather, he was grazing the sheep across the fertile pasture.","The sentence opens with the adverb καρπαλίμως (swiftly), an epic adjective used as an adverb that emphasizes the haste of the travelers. The construction employs a classic chiastic contrast in the second half: the negative οὐδέ (and not) is immediately followed by the positive αλλ' (but/rather), creating a sharp juxtaposition between absence and presence. The verb νομεύω (to graze/guide) is used transitively with the accusative νομόν (pasture/region), a usage characteristic of Homeric Greek where the shepherd is said to 'graze the pasture' (i.e., tend the flock within it) rather than simply 'graze the sheep.' The epithet πίονα (fat/rich/fertile) describes the pasture, highlighting the abundance of the location. The enclitic -δέ attached to οὐ (οὐδέ) serves to reinforce the negation within the coordinate clause. The shift from the aorist indicative (ἡφικόμεθ', εὑρόμεν) describing the arrival and search to the imperfect indicative (ἐνόμευε) describing the ongoing state of the Cyclops creates a vivid temporal contrast between the momentary action of the visitors and the continuous activity of the monster.",2284
107,"Having come into the cave, we looked at everything.","The sentence begins with an aorist active participle (ἔλθοντες), which functions adverbially to indicate the temporal sequence of actions: first they arrived, and then the main verb (the imperfect ἑθεώμεσθα) occurs. The use of the imperfect here suggests a durative or iterative aspect, implying a careful or lingering examination of the cave's contents rather than a single glance. The neuter plural adjective ἐκαστα (from ἕκαστος) serves as the direct object, meaning 'all things' or 'everything,' emphasizing a comprehensive survey of the space. The particle δέ (δ') serves a connective function, linking this event to the preceding narrative. Culturally, the act of entering a cave (ἄντρον) and inspecting its contents is a frequent motif in the Odyssey, often signaling the discovery of provisions, gifts, or potential threats.",2285
108,"The boards groaned under the weight of the cheese, and the pens were crowded with lambs and kids.","This sentence illustrates the use of the enclitic particle μέν...δέ to mark a contrast or parallel between two distinct images: the heavy cheese on the boards and the dense gathering of young livestock in the pens. The verb βριθῶν (from βριθῶ) is in the present participle form but functions here as a finite verb in the epic tradition (or represents a dialectal/epic variation), meaning 'to be heavy' or 'to groan under weight'; it takes the genitive case (τυρῶν) for the weight itself. Similarly, στείνοντο is a middle/passive form meaning 'to be crowded' or 'to be full,' also taking a genitive object (ἄρνων, ἑρίφων) to indicate what fills the space. The phrase ἄρνων ἠδ' ἑρίφων employs ἠδέ (and) to coordinate two genitive plurals, a common Homeric device for listing categories of animals. The imagery evokes a scene of abundance and preparation, likely during a sacrifice or feast, highlighting the material prosperity of the setting. The syntax balances the active weight of the food with the passive congestion of the animals, creating a vivid snapshot of domestic fullness.",2286
109,"But each of them began to be separated, the ancestors apart, the maidens apart, and the dewdrops apart.","The sentence employs a striking anaphoric structure, repeating the adverb 'χωρίς' (apart/separately) three times to emphasize the distinct separation of three categories of beings: ancestors (προγόνοι), maidens (μέτασσαι), and dewdrops (ἔρσαι). This parallelism creates a rhythmic, almost incantatory effect, reinforcing the theme of differentiation. The verb ἐρχομαι (here in the imperfect ἐρχατο) is used in a middle or passive sense ('began to be separated' or 'began to go apart'), indicating a process of division. The use of 'ἔρσαι' (dewdrops) alongside human figures (ancestors and maidens) suggests a poetic conflation of the natural and the divine/human, a common feature in Homeric imagery where elements of nature are personified or treated with equal weight. The particle 'δέ' serves to connect this clause to the preceding context, likely describing a moment of separation or distinction within a larger narrative of creation or order.",2287
110,"I see the dwellings of all the vessels, both the troughs and the bowls, which have been built, with which he painted.","The sentence exhibits a complex syntactic structure where the participle τετυγμένα (built/fashioned) is placed in apposition to the direct object ἄγγεα (vessels), separated by commas, while the relative clause τοῖς ἐναμέλγεν (with which he painted) modifies the same antecedent. The verb ἐναμέλγω is a rare compound meaning 'to paint on' or 'to decorate with paint,' highlighting the artistic nature of the vessels. The use of τε...τε creates a copulative structure listing specific types of containers (γαυλοί, broad troughs or buckets, and σκαφίδες, shallow bowls or small boats). The punctuation suggests a pause before the participial phrase, emphasizing the crafted nature of the objects before introducing their decorative function. The phrase 'I see the dwellings' uses ναιών in a metaphorical sense, treating the vessels as habitations or homes for the liquid contents, a poetic metonymy common in Homeric epithets.",2288
111,"There, first of all, my comrades besought me with words, urging them to return with cheese; but afterwards, swiftly driving out the kids and the lambs from their pens onto the swift ship, they set sail across the salty sea.","This sentence illustrates the Homeric use of the enclitic particle μεν... δε (here realized as μεν... αυταρ) to contrast two sequential actions: the verbal entreaty of the companions and their decisive, physical action of departure. The adverb πρώτισθ' (first of all) introduces the initial interaction, while αυταρ ἔπειτα (but afterwards) marks the shift to the subsequent event. The syntax employs a series of participles to create a narrative flow: τυρῶν αἰνυμένους (urging to go with cheese) modifies the companions' request, while ἐξελάσαντας (driving out) modifies the subject of the main verb ἐπιπλεῖν (to sail upon). The phrase καρπαλίμως (swiftly) is an adverbial modifier that emphasizes the urgency and efficiency of the Greeks' departure, a common theme in the Odyssey. The accumulation of concrete nouns (νῆα θοὴν, ἐρίφους, ἄρνας, σηκῶν, ὕδωρ) creates a vivid, sensory image of the scene. The use of ἁλμυρὸν ὕδωρ (salty water) is a standard Homeric periphrasis for the sea, reinforcing the maritime context. The sentence structure moves from the verbal persuasion (speech act) to the physical action (movement), mirroring the transition from planning to execution in the epic narrative.",2289
112,"But I would not listen; and indeed it would have been far better, so that I might see him and so that he might give me guest-gifts.","The sentence employs a complex syntactic structure contrasting a past decision with a counterfactual condition. The main clause uses the imperfect indicative 'ἐγὼ ... ὀ̓ πιθόμην' (I did not obey), while the apodosis (result clause) of the counterfactual is expressed with the optative 'ἦεν' (it would have been) combined with 'ἂν' and the comparative adjective 'κέρδιον' (better). The purpose of this hypothetical action is introduced by 'ὄφρ’' (so that), which governs two coordinated optative verbs: 'ἴδοιμι' (I might see) and 'δοίη' (he might give). The sentence exhibits epexegetical asyndeton in the second clause, where the explanatory clause 'ἦ τ’ ἂν πολὺ κέρδιον ἦεν' is introduced by the enclitic particle 'τε' without a conjunction, emphasizing the immediacy of the realization. The term 'ξείνια' refers to the customary gifts exchanged between host and guest (xenia), a central cultural institution in Ancient Greece involving reciprocal hospitality and obligation. The use of the optative mood in the purpose clause reflects the potentiality or desire inherent in the speaker's regret.",2290
113,Yet he was not about to appear to his companions as a beloved man.,"The sentence employs the periphrastic construction μελλω + future infinitive (ἔσεσθαι) to express future-in-the-past, indicating an intention or destiny that was imminent but ultimately unrealized in the immediate narrative context. The negative particle οὐ is positioned in the first position of the sentence (enclitic δέ following it) for emphasis, creating a strong contrast with the preceding narrative action. The aorist participle φανεὶς (appearing) functions adverbially to modify the infinitive ἔσεσθαι, indicating the manner or circumstance of the future state. The adjective ἐρατεινός (beloved, dear) is used in a predicate nominative construction with the infinitive, describing the hypothetical appearance of the subject. The dative plural ἑτάροισι (to the companions) serves as the indirect object of the participle, denoting the audience to whom the appearance would be directed. The sentence exhibits a concise, paratactic style typical of Homeric narrative, relying on context to supply the subject (Odysseus) and the specific situation of his disguise.",2291
114,"There, having kindled a fire, we sacrificed and, eating the cheese ourselves, we ate; and we waited for him there inside, sitting, until morning came.","The sentence demonstrates a sequence of actions marked by participles and finite verbs. The participle κήαντες (having kindled) is in the aorist active, indicating an action completed prior to the main verbs. The phrase αὐτοὶ τυρῶν (ourselves [of] cheese) uses the genitive τυρῶν as a partitive genitive, specifying the portion consumed. The use of the middle voice αἰνυμένοι (putting on/attacking/engaging in) with τυρῶν suggests actively preparing or consuming the cheese, though in this context, it is often understood as 'eating' or 'feasting upon' the cheese. The sentence structure employs a series of finite verbs connected by τε...καί (and...and) and ἠδέ (and), creating a rhythmic flow typical of Homeric narrative. The participle ἥμενοι (sitting) functions as a durative aspect, emphasizing the state of waiting. The use of μιν (him) as an object refers to a previously mentioned character, likely Odysseus in the context of the Odyssey. The final clause ἧος ἐπῆλθε νέμων (until morning came, distributing) uses the present participle νέμων to describe the action of dawn arriving, which in Homeric poetry often personifies the arrival of light as an active agent.",2292
115,"Bring a heavy load of dry timber, so that it may be his evening meal; and throwing it inside the cave, he set it in a heap.","The sentence exhibits a clear narrative progression from imperative command to purpose clause, followed by a coordinated main action. The verb φέρε (imperative) initiates a command, while the particle δ' connects this action to the subsequent narrative flow. The phrase ὀβριμον ἄχθος (heavy load) emphasizes the physical burden, with ὀβριμος conveying weight and severity. The adjective αζαλέης (dry, withered) specifies the condition of the wood, crucial for fuel. The purpose clause ἵνα οἱ ποτιδόρπιον εἴη uses the subjunctive εἴη to express the intended outcome, with ποτιδόρπιον (evening meal) referring to a specific mealtime. The syntax shifts to a participial construction βαλὼν (throwing), which functions adverbially to describe the manner of the subsequent action ἔθηκεν (he set). The noun ὀρυμαγδὸν (heap, pile) captures the result of the action, emphasizing the accumulation of the wood. The use of δ' in the second clause (ἐντὸς δ' ἄντροιο) links the actions cohesively, while the preposition ἐντὸς (inside) provides spatial context. The sentence demonstrates Homeric style through its concise yet descriptive phrasing, with a focus on physical action and purpose.",2293
116,"But we, having been afraid, hastened away into the recess of the cave.","The sentence employs an aorist participle (δείσαντες, 'having feared') functioning adverbially to indicate the cause or circumstance of the main action (ἀπεσσύμεθ', 'we hastened away'). The verb ἀποσεύω is a compound form often used in Homeric poetry to denote swift, panicked flight. The phrase ἐς μυχοὺν ἀντρῶν (into the recess of the cave) utilizes a genitive of attribute (ἀντρῶν) to specify the location, emphasizing the depth or innermost part of the dwelling. The particle δέ serves as a connective, marking a transition in the narrative sequence. The imagery evokes the typical heroic response to danger, retreating to a sheltered space.",2294
117,"But he drove all the very fat sheep, as many as he used to milk, into the wide cave, but left the males at the doors, the rams and the goats, from the deep enclosure outside.","This sentence exhibits the characteristic Homeric style of juxtaposing action with detailed description. The use of the particle 'ἀτάρ' (autar) serves as a strong adversative transition, marking a distinct shift in the narrative action. The relative clause 'ὅσσ' ... ἤμελγε' (as many as he used to milk) functions as a parenthetical elaboration on the flock, utilizing the imperfect tense to denote habitual past action, a common feature in epic narratives to establish the routine nature of the scene before the specific event. The sentence employs asyndeton (the omission of conjunctions) between the main actions of driving the sheep and leaving the males, which accelerates the narrative pace. Furthermore, the accumulation of nouns 'ἀρνειούς τε τράγους τε' (rams and goats) connected by the enclitic 'τε' (te) creates a rhythmic enumeration typical of oral poetry, emphasizing the completeness of the separation. The spatial preposition 'ἔκτοθεν' (from outside) combined with 'βαθείης αὐλῆς' (of the deep court) provides a clear spatial hierarchy, contrasting the interior 'σπέος' (cave) with the exterior enclosure, a distinction crucial to the context of a Cyclops' dwelling.",2295
118,"But afterwards he put down the great shield, having lifted it up, a mighty one.","The sentence features the connective particle αὐτάρ (here αὐταρ), which often signals a transition or a contrast to the preceding action, functioning similarly to 'but' or 'now' in narrative. The verb ἐπέθηκε (from ἐπιτίθημι) literally means 'to put upon' or 'to place,' but in the context of handling weapons, it frequently implies setting something down or placing it in a specific position. The action is described using an aorist participle (αἴρας), indicating the manner in which the main verb was performed: he put the shield down *after* having lifted it. The adjective μέγαν (great) modifies θυρεόν (shield), and οἶβριμον (mighty/strong) is placed in apposition at the end of the clause, creating a stylistic emphasis on the weight and power of the object. This placement of οἶβριμον, separated from its head noun by a pause (indicated by the comma), serves to heighten the dramatic effect of the shield's heaviness. The syntax reflects the typical Homeric style of elaborating on physical actions with descriptive adjectives that reinforce the visual and tactile nature of the scene.",2296
119,Not even twenty-two four-wheeled good wagons would shake him up from the ground.,"The sentence employs the potential optative construction (οὐκ ἄν + imperfect optative) to express a hypothetical or counterfactual scenario, emphasizing the extreme difficulty of moving the subject (Odysseus) even under the most powerful conditions imaginable. The numeral phrase 'δύω καὶ εἴκοσι' (twenty-two) is used in its uninflected form, which is common in Homeric Greek when combined with 'καί' (and) before a noun. The adjective 'ἐσθλοί' (good/excellent) and the compound adjective 'τετρακύκλοι' (four-wheeled) function as attributive modifiers to 'ἅμαξαι' (wagons), highlighting the strength and robustness of the vehicles. The prepositional phrase 'ἀπὸ ὑπέδου' (from the ground/earth) specifies the origin of the movement, suggesting the subject's immovable, earth-bound nature. The particle 'γε' adds emphasis to the object pronoun 'τόν' (him), reinforcing the contrast between the immense effort described and the subject's resistance to it. This construction serves to illustrate the hero's superhuman endurance or divine protection.",2297
120,"He placed that massive, sheer rock upon the doors.","The adjective τόσσην (such/great) modifies πέτρην (rock) to emphasize the immense scale of the object, a common feature in Homeric epic to heighten the dramatic tension of the scene. The compound adjective ἠλίβατος (sheer/smooth) is a distinctive Homeric hapax legomenon or rare term describing a rock face that is smooth, steep, or difficult to climb, often used to describe the entrance to a cave or tomb. The verb ἐπέθηκε (placed) is a variation of ἐπιτίθημι, indicating the action of setting something down or placing it against something else. The syntax employs a double accusative construction (or perhaps a dative of reference/advantage depending on specific grammatical interpretation of the preposition's function here, though the tree marks θύρῃσιν as OBJ), where the rock is the direct object and the doors are the target or location of placement. The use of the plural θύρῃσιν (doors) suggests a double door or a gate structure, typical of the massive entrance to a Cyclops' cave. The word order places the heavy, descriptive nouns and adjectives at the beginning of the clause, creating a sense of weight and immovability before the action is even completed.",2298
121,"Sitting, he milked the sheep and the kid goats, all according to due measure, and brought forth the young of each.","The participle ἐζόμενος (sitting) sets the scene, indicating the pastoral context of milking. The verb ἀμέλγω (to milk) is in the imperfect tense, denoting repeated or habitual action. The phrase πᾶντα κατὰ μοῖραν is an important idiom meaning 'all according to due measure' or 'in proper order,' reflecting the Greek concept of μοῖρα as a principle of order and destiny. The use of κατὰ with the accusative μοῖραν emphasizes adherence to a natural or divine order. The final clause υπ' ἔμβρυον ἦκεν (brought forth the young/embryo) uses the preposition ὑπό with the accusative to indicate the source or origin of the action. The sentence employs asyndeton in the first clause (no conjunction between the two objects), creating a rhythmic enumeration of the animals. The structure is balanced, with the milking and the birthing actions connected by a coordinating conjunction, highlighting the completeness of the shepherd's duties.",2299
122,"Immediately, after having milked half the white milk into woven baskets, he put it away; but he set the other half in vessels, so that it might be for drinking to the man who was coming and might be a drink-offering for him.","The sentence employs a clear chiasmus in the distribution of the milk: 'half... he put away' (κατέθηκεν) contrasts with 'half... he set' (ἔστησεν), linked by the correlatives μέν... δέ. The aorist participles θρέψας (having nourished/milked) and αμήσας (having milked/curdled) function as temporal modifiers to the main verbs, describing the preparatory actions. The phrase 'white milk' (λευκοῖο γάλακτος) is a characteristic Homeric epithet emphasizing purity or richness. The syntax shifts from narrative past to a final clause introduced by ὅφρα with the optative (εἴη), expressing purpose. The participle αἰνυμένῳ (to the one who was coming/arriving) uses the present participle to denote the intended recipient in the future relative to the main action, while ποτιδóρπιον (a drink-offering) suggests a ritualistic or hospitable function for the reserved milk.",2300
123,"But when he had hurried to complete his own tasks, then he lit a fire and saw, and he asked us.","The sentence begins with αὐτὰρ (autar), a characteristic Homeric postpositive particle used to introduce a new action or shift the narrative focus, often translated as 'but' or 'however.' The verb σπεύσω (he hurried) is modified by the aorist middle participle πονησάμενος (having toiled/striving), which takes the neuter plural accusative τὰ αἰὰ ἔργα (his own works/tasks) as its object; the adjective αἰὰ functions as a possessive reflexive emphasizing that the tasks belong specifically to the subject. The narrative proceeds through a sequence of actions connected by asyndeton (the omission of conjunctions between clauses) and polysyndeton (the repetition of 'and' via καί), creating a rhythmic, rapid succession of events typical of epic style: lighting the fire, seeing, and then asking. The verb εἴρετο is in the imperfect middle (or deponent) indicative, indicating a continuous or repeated action in the past, and takes the accusative plural ημᾶς (us) as its direct object. The structure highlights the immediacy of the hero's actions following his labor.",2301
124,"Strangers, who are you?","The vocative plural ξεῖνοι (strangers/guests) establishes the immediate social context, invoking the Greek concept of xenia (guest-friendship). The interrogative pronoun τίνες (who) functions as a predicate nominative with the copula ἐστέ (you are), forming a direct inquiry into identity. This phrasing is characteristic of the epic encounter formula, where a host or deity questions the arrival of unknown travelers. The sentence employs asyndeton by omitting a conjunction between the vocative address and the question, creating an abrupt, urgent tone typical of oral formulaic poetry. The use of the present indicative ἐστέ emphasizes the immediate state of being rather than a specific action.",2302
125,From where do many wet paths flow?,"The verb πλεῖθ' (pleith') is a present active indicative, 3rd person singular of πλέω (to flow, to sail, or to be full). In this context, it is used metaphorically to describe the abundance or flow of paths, rather than the physical movement of a vessel or water. The adjective ὑγρὰ (hygrá, wet/moist) modifies κέλευθα (paths/ways), creating a vivid image often associated with the sea or marshy terrain, suggesting routes that are slippery, difficult, or perhaps metaphorically 'fluid' in nature. The sentence structure is an interrogative clause beginning with the interrogative adverb πόθεν (from where), which sets a tone of inquiry regarding the origin of these numerous, damp routes. The syntax relies on the verb governing the accusative plural object κέλευθα, while the adjective agrees in case, number, and gender. This phrasing highlights the overwhelming or perhaps chaotic nature of the journey ahead, a common motif in epic poetry where the landscape itself poses challenges to the hero.",2303
126,"Did you indeed wander in your madness over the accomplishment, as bandits do, over the sea, who, having entrusted their lives, bring evil to foreigners?","The sentence employs a rhetorical question to express strong indignation, beginning with the interrogative particle ἦ (here contracted with τι as ἦ τι, meaning 'indeed?'). The adverb μαψιδίως ('in madness' or 'foolishly') modifies the verb αὐλαλησθε (aorist passive of αὐλάομαι, here meaning 'to wander' or 'to go astray'). The phrase καταπρῆξιν is an accusative of respect or extent, indicating the scope of the wandering. The comparison to λῃσταί ('bandits' or 'pirates') who operate over the sea (ὑπὲρ ἅλα) serves as a vivid metaphor for reckless behavior. The relative clause introduced by ὁίος ('such as') describes the bandits' characteristic action: they entrust their lives (ψυχὰς παρατιθέμενοι) to the sea, often meaning they risk their lives in dangerous voyages, and in doing so, they bring evil (κακόν) to foreigners (ἀλλοδαποῖσι). The use of the present participle φέροντες ('bringing') emphasizes the ongoing nature of their harmful deeds. Stylistically, the sentence features a chiastic structure in the comparison, contrasting the bandits' reckless behavior with the consequences they face, and uses asyndeton (omission of conjunctions) to create a rapid, emphatic flow in the description of the bandits' actions.",2304
127,"So he spoke, and immediately our heart was broken within us, having feared both the deep voice and the monster himself.","The sentence employs the adverb αὐτε (here meaning 'again' or 'immediately') to create a sharp temporal transition from the speaker's utterance to the listener's visceral reaction. The verb κατακλάω (to break in pieces) is used metaphorically for the heart (ἦτορ), a common Homeric hyperbole for overwhelming fear or grief. The genitive absolute construction δεισάντων (having feared) provides the causal context for the heart breaking; notably, the subject of this participle is the collective 'we' (implied by ἡμῖν), while the main verb's subject is the singular 'heart'. The phrase φθόγγον τε βαρὺν αὐτὸν τε πέλωρον exhibits a chiastic structure via the repeated conjunction τε...τε ('both...and'), linking the auditory terror (the deep voice) with the visual terror (the monster). The adjective βαρύς (heavy/deep) here describes the low, resonant quality of the Cyclops's voice, evoking a sense of overwhelming physical presence. The use of the aorist passive indicative κατεκλάσθη suggests a sudden, completed action resulting from the shock.",2305
128,"But, addressing him with words, I spoke to him in this way.","The sentence begins with the conjunction 'αλλα' (alla), meaning 'but' or 'however,' which signals a transition or contrast to the preceding context. The particle 'και' (kai) here functions to add emphasis, often translated as 'even' or simply reinforcing the action. The pronoun 'μιν' (min) is the accusative singular masculine form of 'him,' referring to a male interlocutor, and serves as the object of the main verb 'προσεειπον' (proseepin), meaning 'I spoke to' or 'I said to.' The dative plural 'επεσσιν' (epessin) means 'with words' or 'by means of words,' indicating the instrument or manner of speech. The participle 'αμειβομενος' (ameibomenos), a present middle/passive participle of 'αμειβω' (ameibō), means 'addressing' or 'exchanging,' and is in the nominative singular masculine, agreeing with the implied subject of the main verb (likely 'I' based on the first person singular aorist active indicative 'προσεειπον'). The adverb 'ως' (hōs) introduces the manner or content of the speech, often translated as 'in this way' or 'thus,' though the specific content of the speech follows this sentence. This structure is typical of Homeric narrative, where direct speech is introduced with a formulaic phrase indicating the speaker and the manner of address.",2306
129,"We, the Achaeans, having been driven far from Troy by all kinds of winds over the great gulf of the sea, while longing to return home, came by another path, another road.","This sentence features a striking example of chiasmus in the final clause (ἄλλην ὁδὸν ἄλλα κέλευθα), where the adjective and noun order is inverted to create a balanced, emphatic structure. The use of the perfect passive participle (ἀποπλαγχθέντες) combined with the present participle (ιέμενοι) creates a temporal and causal layering, contrasting the passive experience of being blown off course with the active, internal desire to return. The phrase 'another path, another road' utilizes anaphora of the indefinite adjective (ἄλλην/ἄλλα) to emphasize the total deviation from the expected journey, a common motif in the Odyssey reflecting the theme of nostos (homecoming) and the capriciousness of the gods and nature. The word λαιτμα (gulf or deep water) is a poetic term often used by Homer to denote the vast, open sea, distinct from the shore.",2307
130,Thus indeed Zeus wished to contrive.,"The adverb οὕτως (thus) is strengthened by the modal particle που, which here adds a nuance of probability or affirmation, often translated as 'indeed' or 'surely,' suggesting that this outcome was inevitable or divinely ordained. The verb ἐθέλω (to wish, to will) governs the aorist middle infinitive μητίσασθαι (to contrive, to plot, to devise a plan). In Homeric usage, μητίομαι frequently implies the crafting of a cunning or strategic plan, often associated with the intellect of the gods. The sentence structure is simple, placing the subject Zeus immediately before the verb, emphasizing the divine agency in the unfolding of events. This construction reflects the typical epic style where the will of Zeus is presented as the driving force behind the narrative.",2308
131,"And the people pray to be of Atreides Agamemnon, for of him now indeed there is the greatest fame under the sky.","The sentence features the verb ἐχομαι (here εὐχόμεθ’) used with an infinitive (ἐῖναι) to express a wish or prayer ('pray to be' or 'wish to be'). The phrase 'of Atreides Agamemnon' (Ἀτρεΐδεω Ἀγαμέμνονος) uses two genitives in apposition, where the patronymic (son of Atreus) and the proper name both modify the implied noun 'people' or serve as the object of the wish. The second clause explains the reason for this wish using the particle δή (indeed) and γε (emphatic), which together emphasize the current reality. The superlative μέγιστον (greatest) modifies κλέος (fame/reputation), which is described with the adjective ὑπουράνιον (under the sky), a poetic compound often found in epic to denote universal or cosmic scope. The structure reflects the oral tradition of epic poetry, where the fame (κλέος) of a hero is a central theme and is often presented as a reason for the community's loyalty or prayers.",2309
132,For he devastated a city of such size and destroyed many of the people.,"The sentence features the causal particle γάρ (for), which is enclitic and typically placed second in its clause, providing an explanation for a preceding statement. The verb διαπερθέω (to devastate, lay waste) is a compound of διά and περθέω, often used in epic poetry to describe the thorough destruction of a city. The adjective τοσσην (so great/such) agrees with πόλιν (city) in the accusative case, emphasizing the scale of the destruction. The conjunction καί connects two parallel verb phrases (διεπέρσε... and ἀπώλεσε...), creating a sense of cumulative devastation. The phrase πολλοὺς λαούς (many people) uses λαοί in the plural to denote a multitude or host of people, a common feature in Homeric epic to emphasize the magnitude of loss.",2310
133,"But we, approaching your knees, have arrived; if you happen to be able to give a guest-gift, or perhaps otherwise grant a present, as is the right of guests.","The sentence opens with a vivid physical gesture of supplication: the speakers approach the knees (γονα) of the addressee, a standard Homeric gesture of pleading for protection or mercy. The verb κιχανόμενοι (approaching/seeking) is a present participle modifying the subject 'we', indicating the manner in which the action of arrival (ἴκομεθ') was performed. The clause introduced by εἴ (if) presents a conditional request. The poet uses a deliberate variation in vocabulary for 'gift': ξεινήιον (guest-gift) and δωτίνην (gift/present) are synonyms, creating a subtle hendiadys-like emphasis on hospitality. The phrase αὐτε (again/on the other hand) contrasts the current arrival with a previous context, though here it functions primarily as a discourse marker for the speakers' renewed action. The sentence concludes with a relative clause (ἥ τε) explaining the motivation: hospitality (ξείνων) is not merely a courtesy but a divine law (θέμις), a core cultural concept in the Greek world where Xenia (guest-friendship) was protected by Zeus. The syntax employs a conditional structure followed by an explanatory relative clause, typical of Homeric petitionary speech.",2311
134,"But reverence, most excellent one, the gods.","The sentence begins with the enclitic conjunction 'ἀλλ'' (all'), which here functions as a strong adversative particle meaning 'but' or 'rather,' often used in direct speech to introduce a corrective or emphatic command. The verb 'αἰδεῖο' is a present imperative of 'αἰδέομαι' (to fear, reverence, or respect); in the context of the Odyssey, this term conveys a profound sense of religious awe and moral restraint owed to the divine, rather than simple terror. The vocative phrase 'φέριστε' (most excellent one) is a superlative epithet addressing the listener, highlighting their heroic status while simultaneously establishing the speaker's authority to issue the command. The syntax is a direct imperative with the object 'θεούς' (gods) following the address. Stylistically, the sentence exhibits asyndeton (the lack of a conjunction between the vocative and the object), creating a punchy, urgent rhythm typical of Homeric hexameter. The phrase encapsulates the Greek concept of 'aidos' (respect/reverence) as a binding social and religious duty.",2312
135,"We are petitioners to you, but Zeus is the avenger of petitioners and of guests, Zeus the guest-friend, who follows closely with those guests who are worthy of respect.","The sentence relies heavily on the concept of *xenia* (guest-friendship) and the protection of suppliants (*iketēs*). The phrase 'Zeus the guest-friend' (*Zeus Xenios*) is a specific epithet highlighting his role as the guardian of hospitality. The syntax features an asyndetic list of genitives (*iketōn te xenōn te*) connected by the enclitic *te*... *te* ('both... and'), emphasizing the dual protection Zeus offers. The relative clause uses the adverb *ama* ('together with') and the verb *opadeō* ('to follow closely' or 'to attend'), suggesting an active, protective presence. The adjective *aidoios* ('worthy of respect' or 'reverend') modifies the guests, indicating that this divine protection is particularly associated with those who observe the sacred laws of hospitality. The sentence structure moves from the immediate plea of the speakers to a broader theological assertion about Zeus's nature and actions.",2313
136,"Thus I spoke, and he answered me at once with an unfeeling heart.","The sentence employs a characteristic Homeric narrative structure where a speaker's statement is immediately followed by a reaction, linked by the enclitic coordinating particle -δε (here attached to ο) which emphasizes the sequence of events. The adverb αὐτίκα (at once, immediately) conveys the swift, unhesitating nature of the response, a common feature in epic dialogue to maintain narrative momentum. The phrase νηλἐι θυμὠ̔ (with unfeeling/merciless heart) is a dative of means or manner, describing the emotional state from which the reply originates; νηλἠς is a poetic epithet often used to describe gods or warriors acting with harshness or lack of pity. The verb ἀμείβετο is in the imperfect middle voice, indicating a continuous or repeated action in the past, here functioning to describe the act of replying. The sentence demonstrates the use of asyndeton in the flow of thought, though the conjunction -δε provides a subtle link, and the overall structure reflects the formulaic style of oral poetry where immediate cause and effect are tightly bound.",2314
137,"Fool that you are, stranger, since you have come from afar, who order me to fear the gods or to gather them.","The sentence features a vocative address (ξείν', 'stranger') modified by the adjective νήπιος ('foolish/childish'), which functions as a predicate adjective in the vocative case (νήπιος εἰς). The phrase τηλόθεν εἰλήλουθας ('having come from afar') uses a perfect active participle of ἔρχομαι to indicate a completed action with present relevance, emphasizing the stranger's distant origin. The relative clause introduced by ὅς ('who') contains a verb of command (κελεύω, here κελεύεις in the second person) followed by an infinitive clause (μὴ δειδόμεν ἢ ἀλεᾶσθαι) expressing the content of the command. The use of ἄλλο or ἢ ('or') connects two infinitives (δειδόμεν, 'to fear', and ἀλεᾶσθαι, 'to gather'), creating a parallel structure that highlights the absurdity of the command. The tone is one of irony and rebuke, as the speaker mocks the stranger's demand to both revere and collect the gods, a concept that would be culturally and theologically incongruous in ancient Greek thought.",2315
138,"For the Cyclopes neither care for Zeus of the aegis nor for the blessed gods, since we are far stronger.","The sentence features the emphatic negative particle οὐ (neither) governing the verb αλέγουσιν (care for/take heed of), which is then reinforced by the enclitic -δε (neither... nor) connecting the two objects. The phrase 'Zeus of the aegis' (Διὸς αἰγιόχου) is a standard epithet for Zeus, emphasizing his protection and power. The comparative adjective 'far stronger' (πολυὶ φερώτεροι) highlights the Cyclopes' arrogance and physical superiority over the gods, a key theme in their characterization in the Odyssey. The sentence structure uses a causal clause introduced by εἰπεὶ (since) to justify their disregard for divine authority, reflecting the Cyclopes' lawless and self-reliant nature.",2316
139,"But I would have shunned the hate of Zeus, both you and my companions, if my spirit had not urged me on.","This sentence features a complex conditional structure typical of Homeric poetry, utilizing a potential optative in the main clause (πεφιδοίμην, 'I would have shunned') combined with an optative in the conditional protasis (κελεύοι, 'urged') introduced by εἰ μή ('if not'). The verb φείδομαι governs a genitive object (Διὸς ἔχθος, 'the hate of Zeus'), while the speaker also includes two additional genitives (σευ, 'you', and ἑτάρων, 'of companions') coordinated with a negative construction (οὐ... οὐδέ... οὐδὲ) that is stylistically expanded with enclitic particles (-τε, -θ'). The phrase ἄλευαμένος ('shunning' or 'avoiding') is a present participle in the middle voice, functioning adverbially to modify the main verb. The use of θυμός ('spirit' or 'passion') as the subject of the urging clause highlights the internal psychological conflict often found in Homeric characterization, where human agency is frequently driven or compelled by internal impulses. The syntax employs asyndeton in the coordination of the genitives (you and companions) to create a rapid, emphatic listing of the sources of danger avoided.",2317
140,"But tell me where you have kept your kindly ship, whether at the very edge of the world, or nearby, so that I may know.","The sentence features a direct appeal using the imperative λέγε (here contracted to εἰφ') followed by an interrogative clause οἶδε (where). The speaker asks for the location of the 'kindly ship' (εὐεργέα νηῦα), a phrase emphasizing the vessel's benevolent nature or the favor it represents. The structure employs a disjunctive alternative introduced by ἤ... ἤ (whether... or), presenting two possibilities: at the 'extremity' (ἐσχατίης) of the land or 'nearby' (σχεδόν). This creates a spatial contrast that underscores the speaker's uncertainty. The clause concludes with a purpose clause introduced by ὅφρα (so that), followed by the aorist subjunctive δαείω (may I know), indicating the speaker's desire for immediate knowledge. The use of ἄλλα (but) at the beginning serves as a discourse marker to shift the conversation or introduce a new, urgent question.",2318
141,"Thus he spoke, testing [me]; he did not escape the notice of me, knowing many things, but I answered him with deceitful words, turning him back.","This sentence illustrates a classic Homeric exchange of wits, likely between Odysseus and a disguised god or mortal. The verb πειράζων (testing/probing) is a present active participle modifying φατο (he spoke), indicating the manner of his speech. The clause εμε δ' ου λαθεν ειδότα πολλα contains a periphrastic construction where the perfect participle ειδότα (knowing) agrees with the accusative object εμε (me), emphasizing the subject's prior knowledge. The word αψορρον (backwards, away) is an adverbial accusative that adds spatial and metaphorical depth, suggesting a deflection or repulsion of the other's intent. The phrase δολίοις ἐπέεσσι (with deceitful words) uses the adjective δόλιος (deceitful, crafty) in the dative plural, a common Homeric epithet for speech, highlighting the theme of cunning (mētis). The sentence structure moves from the speaker's action to the listener's awareness, and finally to a counter-action, creating a tight narrative progression. The use of δ' (enclitic particle) after εμε and the conjunction αλλα (but) creates a rhythmic contrast between concealment and revelation.",2319
142,"The new ship Poseidon Earth-Shaker shattered against the rocks, striking it against the cliffs of the land, right up to the peak.","The epithet 'Earth-Shaker' (Ἐνοσίχθων) refers to Poseidon's mythological role as a deity who causes earthquakes, often associated with the violent upheaval of the sea and land during storms. The syntax employs a participial construction (βαλὼν, 'having thrown' or 'striking') to describe the manner in which the ship was destroyed, adding dynamic immediacy to the verb 'shattered' (κατέαξε). The phrase 'against the cliffs of the land' (ἐπὶ πείρασι γαίης) uses the preposition ἐπί with the dative to indicate contact or proximity, emphasizing the force of the impact against the terrestrial boundary. The final phrase 'right up to the peak' (ἄκρῃ προσπελάσας) utilizes the dative of place to specify the precise point of contact, suggesting the ship was driven completely to the highest point of the rocky shore before breaking. The sentence structure reflects the Homeric style of vivid, physical description, where the violence of the sea god's action is conveyed through the forceful verbs and the precise spatial details of the destruction.",2320
143,And the wind brought [him] from the sea.,"The sentence utilizes the postpositive particle δέ (here appearing as δ') to connect this clause to the preceding context, functioning as a narrative connector that often translates as 'and,' 'but,' or 'however,' depending on the flow. The verb εἵνεκεν (aorist of φέρω) is in the indicative active voice, third person singular, indicating a completed action in the past. The preposition ἐκ (from) governs the genitive case πόντου (sea), emphasizing motion out of a specific location. The direct object (the person or thing being brought) is omitted, which is a common feature in Greek narrative when the antecedent is clear from the immediate context; the reader must infer the referent based on the surrounding narrative. The word order places the subject first for emphasis, followed by the particle and prepositional phrase before the verb, a flexible arrangement typical of Homeric verse that prioritizes rhythm and emphasis over rigid syntactic order.",2321
144,"But I, with these men, escaped the terrible destruction.","The sentence begins with the postpositive conjunction 'αὐτάρ' (but/however), which is standard in Homeric verse to mark a shift in speaker or action, often connecting the speaker's actions to a preceding narrative. The subject 'ἐγώ' (I) is explicitly stated for emphasis, a common feature in Homeric epic where the first-person perspective is asserted against the collective group 'τοῖσδε' (with these men). The verb 'ὑπέκφυγον' (I escaped) is an aorist indicative, denoting a completed action in the past. The prepositional phrase 'σὺν τοῖσδε' (with these men) uses the dative case governed by 'σύν' (with), indicating accompaniment. The object 'αἰπὺν ὄλεθρον' (terrible destruction) employs a strong adjective 'αἰπύς' (steep, sharp, terrible) modifying 'ὄλεθρος' (destruction), a collocation frequently found in epic poetry to describe the severity of fate or battle. The syntax places the emphatic 'ἐγώ' immediately after the conjunction, highlighting the speaker's personal agency in surviving a disaster that threatened the entire group.",2322
145,"Thus I spoke, but he answered me nothing in his ruthless heart; rather, he raised his hands to his companions and, seizing two of them like puppies, struck them down against the ground.","The sentence employs a strong contrast between the speaker's attempt at communication (φημί) and the antagonist's violent, non-verbal response. The phrase 'in his ruthless heart' (νηλεῖ θυμῷ) uses the dative of attendant circumstance (or dative of manner), emphasizing the internal, unyielding nature of the hostility. The verb αἱνέω (here αἰνύω/ἀναισσω in the aorist participle αἰνύξας/ἀναισάξας, though the lemma provided is ἀναισσω which is rare; in Homeric context this is likely ἀναισσω/ἀναιρώ meaning 'to raise' or 'to lift up') depicts the physical preparation for violence. The simile introduced by ὡς τε (as) compares the companions to σκύλακας (puppies), a common Homeric device to dehumanize victims or emphasize their helplessness and the brutality of the attacker. The syntax features a series of aorist participles (ἀναισάξας, μάρψας) that precede the main finite verbs (ἔλαλε, ἔκοψε), creating a rapid, sequential narrative flow that mimics the suddenness of the attack. The asyndeton between the actions of raising hands, seizing, and striking contributes to the sense of immediacy and violence.",2323
146,"And his brain flowed out onto the ground, and it wet the earth.","This sentence employs asyndeton (the omission of a conjunction between clauses) in the first clause, though the second clause is connected by the copulative conjunction 'δέ'. The verb 'ῥέε' (flowed) is a vivid aorist form describing the sudden, violent outflow of the brain, a common Homeric description of a fatal wound to the head. The adverb 'χαμαδίς' (to the ground) emphasizes the downward trajectory of the fluid. The verb 'δεῦε' (wet/dampened) is a rare poetic variant of 'δεῦε' (from 'δεύω'), used here to personify the brain's fluid as actively saturating the 'γαῖαν' (earth). The juxtaposition of the internal organ (brain) with the external landscape (earth) creates a stark contrast between the life within the head and the lifeless ground receiving it, a motif often associated with the finality of death in epic poetry. The sentence structure uses parallel verbs ('ῥέε' and 'δεῦε') to describe the continuous action of the brain's exit and its effect on the ground, reinforcing the physical reality of the injury.",2324
147,"But he, having cut the meat through the middle, armed himself for supper.","The verb 'ὡπλίσσατο' (he armed/prepared himself) is a middle voice form of 'ὁπλίζω', used here in the specific sense of 'preparing' or 'equipping' oneself for a meal, a usage characteristic of Homeric Greek where the 'armor' of the body is metaphorically extended to the preparation of sustenance. The participle 'ταμὼν' (having cut) is aorist active, indicating an action completed prior to the main verb. The adverbial phrase 'διὰ μελεϊστι' (through the middle/through the joints) describes the manner of cutting; 'μελεϊστι' is a poetic adverb derived from 'μέλος' (limb/joint), implying the precise butchering of the sacrificial meat into joints. The conjunction 'δε' marks a narrative transition or continuation, linking this action to the preceding context of the banquet preparations. The sentence illustrates the Homeric formulaic style where the preparation of food is described with the same formal, almost martial vocabulary used for warfare.",2325
148,"He ate like a mountain-nurtured lion, and he left nothing behind, neither the entrails nor the flesh nor the marrow-filled bones.","This sentence employs a vivid simile comparing the subject's consumption to that of a 'mountain-nurtured lion' (ὀρεσίτροφος λέων), a common Homeric epithet emphasizing the creature's wild, untamed nature and strength. The syntax features a series of asyndetic-like coordination using the enclitic particles τε (te) before each object in the list ('entrails', 'flesh', 'bones'), followed by the coordinating conjunction καί (kai), creating a rhythmic accumulation that emphasizes the totality of the consumption. The adjective μυελοῦντα (marrow-filled) modifies ὀστέα (bones), highlighting the completeness of the devouring. The negative particle οὐδ' (oude) with the verb ἀπέλειπεν (he left behind) serves to negate any residue, reinforcing the ferocity of the act. The use of the imperfect tense (ἔσθιε, ἀπέλειπεν) indicates ongoing or habitual action in the narrative context, depicting the scene with a sense of continuous, relentless consumption.",2326
149,"We, while weeping, endured [the blow] to Zeus's hands, watching those terrible deeds, and helplessness seized our spirit.","This sentence vividly captures a moment of passive suffering and emotional paralysis. The verb ἀνεσχέθομεν (we endured/sustained) is aorist middle, implying that the subjects underwent the action rather than performing it actively; here, it likely refers to receiving a physical blow or a harsh command from Zeus, with the hands (χεῖρας) serving as the instrument or target of the endurance. The participle κλαίοντες (weeping) and ὁρόωντες (watching/looking upon) are both present active participles modifying the main verb, creating a layered depiction of simultaneous action: the subjects are weeping and witnessing the 'terrible deeds' (σχέτλια ἔργα) while enduring. The adjective σχέτλιος conveys a sense of recklessness, violence, or pitiable cruelty. The second clause, introduced by the enclitic δέ, shifts the focus from the subjects' actions to the internal state of the group: 'helplessness' (ἀμηχανίη) is personified as the subject that seizes (ἔχε) the 'spirit' (θυμόν). This personification is a common Homeric device to illustrate how overwhelming emotion can act as an external force. The syntax features a clear asyndeton between the participial phrases and the main clauses, creating a rapid, breathless rhythm that mirrors the urgency and distress of the scene.",2327
150,"But when the Cyclops had filled his deep belly with the raw flesh of men and was drinking unwatered milk, he lay stretched out within the cave among the sheep.","The sentence employs a vivid juxtaposition of the grotesque and the pastoral. The Cyclops's meal of 'raw flesh of men' (νηδὺν ἀνδρομέα κρέ') is contrasted with his consumption of 'unwatered milk' (ἄκρητον γάλα), the latter being a detail that emphasizes his unnatural, savage diet; 'unwatered' (ἄκρητον) suggests milk consumed straight from the udder without dilution, a practice associated with wild or uncivilized beings. The syntax uses a temporal clause introduced by αὐτὰρ ἐπειὶ (But when) to set the scene for the main verb κείτ' (he lay), which is modified by the participle τανυσσαμένος (stretched out). The prepositional phrase διὰ μηλῶν (among the sheep) creates a striking image of the monster lying in the midst of his flock, highlighting the irony of the Cyclops's role as a shepherd who consumes his own flock. The use of the participle ἐδών (eating) and πίνων (drinking) creates a parallel structure that emphasizes the Cyclops's voracious appetite. The sentence captures a moment of satiated lethargy before the impending danger of Odysseus's escape.",2328
151,"As for him, I resolved to strike him down with my mighty spirit, approaching quickly, drawing a sharp sword from beside my thigh to wound him in the breast, where the mind and the liver reside, my hand having grasped the hilt.","This sentence vividly illustrates the Homeric conception of the human psyche, locating the seat of thought and emotion (φρένες, 'mind/intellect' and ἥπαρ, 'liver') within the physical body, specifically the chest cavity. The prepositional phrase οὗ φρένες ἥπαρ ἔχουσι ('where the mind and liver hold') serves as a metonymic reference to the vital center of life and feeling. Syntactically, the sentence employs a series of aorist participles (ἰών, ἐρυσσάμενος, ἔχουσι, ἐπιμασσάμενος) that function adverbially to describe the sequential actions accompanying the main verb βεβούλευσα ('I resolved'). The use of μεν with the main verb creates a contrastive focus, typical of epic narrative where an action is set against a preceding context. The phrase βουλεύω κατὰ μεγαλήτορα θυμόν is a characteristic Homeric idiom, meaning to resolve or plan with a determined, high-spirited heart. The sentence ends with a participial phrase (χειρ' ἐπιμασσάμενος) that emphasizes the physical grip on the weapon, a detail often used to heighten the immediacy of combat scenes. The word order and the accumulation of verbal forms create a rhythmic, cinematic effect, mimicking the swift, decisive motion of the hero's preparation for violence.",2329
152,But another heart held me back.,"The verb ἐρύκω (to hold back, restrain, or check) is a characteristic Homeric term often used to describe the internal psychological struggle of a hero being detained by a divine impulse or an inner desire. The subject θυμός (thymos) refers to the 'heart' or 'spirit' in the Homeric sense, representing the seat of emotion, will, and passion rather than the physical organ. The use of ἕτερος (another/different) alongside the particle δέ (but/and) creates a contrast, implying a shift in the speaker's motivation or the influence of a new divine force interrupting a previous course of action. The syntax places the adverbial adjective ἕτερος modifying θυμός, emphasizing the distinct nature of this new internal drive.",2330
153,For even we ourselves would have perished by swift destruction.,"This sentence features a periphrastic optative construction (κε + imperfect indicative ἀπωλόμεθ') which, in this context, functions as a potential optative indicating a hypothetical outcome that was narrowly avoided or is being considered in a counterfactual manner. The adverb γάρ (for) provides the causal link to a preceding statement, likely explaining why a certain course of action was necessary or avoided. The particle καὶ (even) placed before the pronoun ἄμμες (we) serves to intensify the subject, emphasizing the inclusion of the speaker and their companions in the near-death experience. The adjective αἰπύν (swift) modifying ὄλεθρον (destruction) creates a vivid, almost personified image of the danger as an immediate and rapid force. The syntax places the causal particle early in the clause, followed by the modal particle and the intensified subject, a common arrangement in Homeric poetry to maintain rhythmic flow and emphasis.",2331
154,"For we should not be able to push back from the high doors a heavy stone with our hands, which he placed there.","This sentence features the use of the particle combination οὐ γὰρ κεν (ou gar ken) to introduce a negative possibility in the future or potential sense, typical of Homeric narrative. The verb δύνασθαι (to be able) is followed by an infinitive απωσασθαι (to push back), creating a periphrastic construction that emphasizes capability. The relative clause introduced by ὃν (whom/which) modifies λιθον (stone) and provides additional context about the stone's placement. The sentence uses asyndeton in the relative clause, omitting a conjunction between the main clause and the relative clause, which is common in Homeric Greek for maintaining narrative flow. The adjective ὀβριμον (heavy) is placed after the noun it modifies, a common Homeric feature for emphasis. The use of χερσίν (with hands) in the dative case indicates the instrument used in the action.",2332
155,"Thus, while we groaned, we waited for the dawn.","The sentence employs the particle μέν to mark a contrastive clause, implying that a contrasting action (introduced by δέ in the subsequent sentence) follows this moment of waiting. The present participle στεναχόντες (groaning) is in the nominative plural and agrees with the subject of the main verb, functioning as an adverbial participle that describes the manner or simultaneous action of the main verb εμείναμεν (we waited). The phrase Ἠῶς δῖαν is a classic Homeric epithet; δῖος (divine, bright, splendid) is frequently used with Ἠώς (Dawn) to personify the morning as a radiant deity, reflecting the cultural significance of dawn as a distinct divine entity in Greek mythology rather than merely a time of day. The adverb ὡς introduces the clause, often translating as 'so' or 'thus,' indicating the immediate consequence of previous events.",2333
156,"When rosy-fingered Dawn, the morning-born, appeared, then he kindled a fire and milked the famous sheep, all according to due measure, and drove each one into the hollow cave.","This sentence exemplifies the Homeric formulaic style, utilizing the epithet 'rosy-fingered' (ῥοδόδακτυλος) for Eos (Dawn), a recurring descriptor in the epic tradition that evokes the visual beauty of the sunrise. The compound adjective 'morning-born' (ἠριγενεία) is a poetic synonym for Dawn, creating a hendiadys-like emphasis on the time of day. The syntax employs a temporal clause introduced by ἥμος (when) followed by a main clause sequence. The main action is a series of coordinated verbs (ἤνεκεν, ἤμελγε, ἤκεν) linked by the repeated conjunction 'and' (καί), creating a rhythmic, list-like progression typical of oral poetry to depict the routine of daily life. The phrase 'all according to due measure' (πάντα κατὰ μοῖραν) uses μοῖραν (fate/portion) to suggest that the shepherd's actions are orderly, proper, and in harmony with the natural or divine order. The verb ἤκεν (drove/pushed) with the preposition ὑπό (under) and the accusative ἔμβρυον (hollow/cavity) describes the specific action of herding the sheep into their nighttime enclosure. The sentence ends with a period, marking the completion of this domestic routine.",2334
157,"But when he had hastened to perform those tasks, he himself, taking two with his hands, prepared dinner.","The sentence utilizes the connective particle 'αὐτάρ' (but/as for him) to shift the narrative focus, a common feature in Homeric verse to mark a transition in action. The phrase 'σπεύσε πονησάμενος' employs a temporal participle ('having labored/performed') to indicate the completion of a prior action before the main verb ('hastened'). The construction 'μαρψας' (having seized/snatched) followed by the dative 'σύν' (with/by means of) and the accusative 'δύω' (two) creates a vivid image of hasty, perhaps unrefined, preparation. The verb 'ὀπλίσσατο' (prepared) is typically used for arming oneself with weapons; here, it is used metaphorically or humorously to describe the preparation of food, equating the meal with a necessary 'armament' for the evening. The enclitic particles 'δέ' and 'γε' serve to emphasize the subject 'ὁ' (he) and maintain the rhythmic flow typical of dactylic hexameter, even in prose representation.",2335
158,"Having dined, he drove out the fat sheep from the cave, easily removing the great shield.","The sentence employs two aorist participles (δειπνήσας and ἀφελὼν) in the active voice to denote actions completed prior to the main verb ἐξήλασε (he drove out). The first participle establishes the temporal sequence of the meal, while the second, separated by a comma, describes the immediate instrumental manner of the main action—specifically, the removal of the shield that had been blocking the entrance. The adjective πίονα (fat/rich) modifies μῆλα (sheep), a detail often associated with the abundance of the Cyclops's herd in the Odyssey. The phrase θυρεὸν μέγαν (great shield) highlights the massive scale of the Cyclops's defense, contrasting with the relative ease (ῥηιδίως) with which Odysseus removes it. The syntax is characterized by a clear narrative flow, moving from the completion of one action (eating) to the execution of another (driving out the sheep) facilitated by a third (removing the shield), all linked through participial phrases that avoid the use of conjunctions (asyndeton) between the participial clauses and the main verb, creating a rapid, action-oriented rhythm.",2336
159,"But afterwards he placed it back on, just as one places the lid upon the quiver.","The sentence employs a simile introduced by the comparative conjunctions ὡς εἴ τε (just as, even as), a common Homeric formulaic device used to describe the manner of an action by comparing it to a familiar, everyday activity. The verb ἐπιτίθημι (to place upon) is used twice: first in the aorist indicative (ἐπεθήχ', a contracted form of ἐπέθηκε) to describe the hero's action, and second in the present optative (ἐπιθείη) within the simile to describe the hypothetical action of a generic person ('one'). The use of the optative here, following the comparative εἴ, is characteristic of Homeric syntax. The imagery of closing a quiver with a lid (πωμά) evokes the care and precision required in handling weapons, suggesting the character's readiness or the completion of a preparatory action. The adverb αὖψ (back, again) indicates the restoration of the object to its original position. The conjunction αὐτὰρ serves to transition the narrative, marking a distinct shift in the sequence of events.",2337
160,"And the Cyclops drove the rich flocks of sheep toward the mountain, with a great noise.","The sentence employs the dative of manner (or instrumental dative) in 'πολλῇ' (greatly/noisily) modifying the action of driving, emphasizing the auditory chaos of the scene. The word 'πολλῇ' here functions adverbially with the noun 'ῥοίζῳ' (noise/rustling), a construction common in Homeric epic to convey the sensory impact of a movement. The verb 'τρέπε' (drove/turned) is in the imperfect indicative, indicating a continuous or habitual action in the narrative past. The adjective 'πίονα' (rich/fat) is a standard epithet for livestock in Homeric poetry, highlighting the value and abundance of the Cyclops's herd. The phrase 'πρὸς ὄρος' (toward the mountain) indicates directionality, a typical feature of the Cyclops's daily routine of driving his flock to the high pastures. The sentence structure places the subject (Cyclops) at the end, a stylistic choice that emphasizes the action and the object (the flock) before revealing the agent, a technique often used to build suspense or focus attention on the immediate action.",2338
161,"But I left, plotting evil things, in case I might take vengeance, and if Athena would grant me glory.","The sentence begins with the adversative particle 'αὐτάρ' (but/however), which serves as a strong discourse marker to contrast the speaker's current action with previous events or the actions of others. The verb 'λιπόμην' (I left) is a middle voice imperfect, indicating a past, ongoing action where the subject acts with personal involvement or interest. The participle 'βυσσοδομῶν' (plotting/hatching schemes) modifies the subject 'ἐγώ' and is qualified by the neuter plural adjective 'κακά' (evil things/wickedness), which functions as its direct object; this construction highlights the speaker's internal deliberation. The conjunction 'εἴ πως' (if somehow) introduces a clause of purpose or result, followed by the aorist optative 'τισαίμην' (that I might avenge myself), expressing a potential desire. The sentence concludes with a parallel optative clause introduced by 'δε' (and), where 'δοίη' (might grant) governs both the dative 'μοι' (to me) and the accusative 'εὔχος' (glory/boast). The subject of this final clause is 'Ἀθηνῇ' (Athena), who is invoked as the divine agent of the speaker's hope. Stylistically, the use of the optative mood in both dependent clauses ('τισαίμην' and 'δοίη') creates a sense of uncertainty and longing, typical of a character reflecting on their strategic motivations and reliance on divine favor.",2339
162,And this plan seemed best to me in my heart.,"The sentence features the dative of the person (μοι) with the impersonal passive verb φανέομαι (appears/seems), a common construction for expressing personal judgment or perception. The phrase 'κατὰ θυμόν' (in the heart/mind) is a standard Homeric idiom indicating deep internal conviction or emotional alignment, rather than a physical location. The adjective 'ἀρίστη' (best) agrees with 'βουλή' (plan/counsel) in gender, number, and case. The sentence exhibits a straightforward subject-predicate structure without complex rhetorical devices, focusing on the internal decision-making process of the speaker.",2340
163,"For the great club of the Cyclops lay beside the pen, green with olive oil.","The sentence employs an epexegetical or appositive construction where the participle-like phrase 'green with olive oil' (χλωρὸν ἐλαίνεον) describes the state of the club. The adjective χλωρός (green/fresh) here metaphorically denotes the fresh, unadulterated, or vibrant quality of the olive oil coating the wood, a detail that emphasizes the practical care given to the weapon. The use of γάρ (for) indicates that this description provides a causal or explanatory link to a preceding statement, likely explaining why the Cyclops could not move or how he was incapacitated. The syntax features a subject-verb inversion (μεγάλο ρόπαλον ... ἐκείτο) which is common in Homeric verse to maintain the dactylic hexameter rhythm while foregrounding the object. The phrase 'beside the pen' (παραὰ σηκῷ) locates the scene within the Cyclops' domestic sphere, contrasting the domestic setting with the monstrous nature of the weapon.",2341
164,"We cut it down, so that it might float on the waves.","The sentence employs the particle μεν to mark the main clause, often anticipating a contrast in a subsequent clause (though not present here). The verb ἐκτέμνω (to cut down) is in the aorist indicative active, first person plural, denoting a completed action by the speakers. The conjunction ὄφρα introduces a final clause expressing purpose, governing the verb φοροίη, which is in the present optative active, third person singular. The optative mood here reflects the intended purpose or potentiality within the context of the main action. The participle αὐανθέν, a present active participle in the neuter accusative singular, functions adverbially with the verb φορεῖν, literally meaning 'while blooming' or 'in a state of flowering,' but in this maritime context, it is a poetic metonymy for 'on the waves' or 'on the billows,' personifying the sea as a blooming surface. This usage highlights the Homeric tendency to use vivid, natural imagery to describe maritime motion.",2342
165,"For we, looking upon the mast of the black twenty-oared ship, the broad cargo-ship, which carries a great gulf, find [it].","This sentence features a complex noun phrase structure where the relative clause (lines 100170853-100170857) describes the ship's capacity. The phrase 'μεγα λαιτμα' (great gulf) is a striking poetic metaphor for the vast amount of cargo or the sea itself that the ship can hold, illustrating the vessel's immense size. The use of 'μεν' (100170839) is a discourse marker that often sets up a contrast or provides a foundational point for a subsequent argument, though the contrasting clause is not present in this excerpt. The participle 'εισορωντες' (100170842) is in the present tense, indicating simultaneous action with the main verb 'εισκομεν' (100170841), suggesting that the act of seeing is the means by which the estimation or finding occurs. The adjective 'ευρειης' (100170851) emphasizes the breadth of the ship, contributing to the visual imagery of its grandeur.",2343
166,"It was as long in extent, as thick to be seen.","The sentence employs a chiasmus-like structure, contrasting 'length' (μήκος) with 'thickness' (πάχος) while repeating the correlative adjective 'as much' (τόσσον) to emphasize the visual magnitude of the subject. The infinitive εἰσορᾶσθαι functions adverbially, modifying the state of being (ἦν) to indicate the manner or extent of visibility. The use of the present infinitive suggests a continuous or general state of observation rather than a single completed act. This construction highlights the physical proportions of the object through direct sensory perception.",2344
167,"Of him, I cut off just as much as a fathom, standing by, and set it before the companions, and I ordered them to shave it off.","The sentence demonstrates a characteristic Homeric narrative style, utilizing a sequence of aorist indicative verbs (ἀπέκοψα, παρετίθηχ', ἐκέλευσα) to convey a rapid succession of actions in the past. The particle μέν...δέ creates a contrastive structure, separating the physical act of cutting and placing the wood from the subsequent command to shave it. The construction οἷόν τ' (as much as is possible/fitting) modifies the extent of the cut. The word οἴργυιαν refers to a fathom (approximately six feet), a specific unit of measurement often used in epic poetry to describe the length of objects like beams or spears. The participle παραστάς (having stood by) functions as an adverbial modifier indicating the manner or position of the subject during the cutting. The verb ἀποξῦναι (to shave off) in the infinitive is the object of the verb ἐκέλευσα (I ordered), forming an accusative and infinitive construction typical of indirect commands. The use of the dative plural ἑτάροισιν (to the companions) highlights the communal aspect of the action, as the wood is prepared for the group. The sentence exhibits asyndeton in the listing of actions, omitting conjunctions between the first two verbs to enhance the sense of immediacy and fluidity.",2345
168,And they made it level.,"The sentence employs the enclitic particle -δε (here appearing as -δ') attached to the article οἱ, serving as a connective particle to link this action to the preceding narrative context, a common feature in Homeric epic to maintain narrative flow. The verb ποιέω (to make/do) takes a direct object that is contextually implied (likely referring to the ground, a path, or a surface) and is modified by the accusative adjective ὁμαλόν (level/smooth), functioning as an object complement (OCOMP) that describes the resulting state of the object. The aorist indicative active ποιήσαν (they made) indicates a completed action. The syntax is straightforward SVO (Subject-Verb-Object/Complement), typical of the concise, action-oriented style of the Odyssey. The phrase exemplifies the epic convention of describing physical alterations to the environment with minimal adjectival elaboration, relying on the verb and a single descriptive term to convey the scene.",2346
169,"But I, having hurriedly approached the tip, immediately seized it and heated it in the blazing fire.","The sentence employs a paratactic structure linked by the enclitic particle δέ (here attached to the initial pronoun ἐγὼ as δ'), which marks a sharp transition or contrast in the narrative sequence. The verb forms ἐθόωσα (aorist active participle) and λαβὼν (aorist active participle) function as adverbial modifiers indicating the manner and immediate sequence of actions preceding the main finite verb ἐπυράκτεον (imperfect active indicative, 1st person singular). The imperfect tense here suggests either a continuous action or, in narrative contexts, a vivid depiction of the process of heating. The phrase κηλέῳ in πυρὶ (blazing fire) utilizes a poetic adjective derived from κηλέω (to burn fiercely), emphasizing the intensity of the fire, a common feature in Homeric diction to heighten sensory detail. The syntax reflects the typical Homeric style of rapid, sequential actions conveyed through participial chains without explicit subordination, creating a sense of immediacy.",2347
170,"And indeed, I buried it well, hiding it beneath dung, and now a great quantity of heavy, foul-smelling liquid was pouring down into the caves.","The sentence employs a clear contrast between the human agent's deliberate action and the resulting natural phenomenon. The adverbial phrase 'κατακρύψας ὑπὸ κώπρω' (hiding it beneath dung) utilizes a vivid, earthy image typical of Homeric descriptions of the underworld or the depths of the earth, where 'dung' (κώπρω) serves as a metaphor for the lowest, most foul substance. The use of 'μεγάλ' ἠλίθα πολλή' (great heavy much) creates a hyperbolic description of the liquid, emphasizing its overwhelming volume and heaviness. The syntactic structure moves from a perfective past action ('κατέθηκα') to a present state of continuous action ('κέχυτο'), highlighting the ongoing nature of the liquid's flow. The adverbial modifiers 'μεγάλ' and 'πολλή' are placed in a chiastic arrangement with 'ἠλίθα', reinforcing the sensory impact of the scene.",2348
171,"But he ordered the others to draw lots; whoever should dare, after lifting the bar with me, to rub it in my eye, when sweet sleep had come upon him.","This sentence features a classic Homeric conditional structure using an optative verb (τολμήσειεν) within a relative clause of characteristic description, implying a potential or hypothetical action. The verb ἄνωγον (he ordered) governs an infinitive clause (πεπαλάσθαι), which is further modified by a relative clause describing the specific condition under which the order applies. The phrase γλυκὺς ὕπνος (sweet sleep) is a well-known poetic epithet in Greek epic, personifying sleep as a gentle force that 'comes upon' (ἱκάνω) the hero. The syntax employs a complex participle construction (ἀείρας... τρῖψαι) to sequence the actions of lifting and rubbing, emphasizing the physical violence of the act against the Cyclops. The sentence is punctuated to separate the general command from the specific, gruesome criteria for the volunteer, creating a dramatic pause that heightens the tension of the scene.",2349
172,"And they drew lots for the men whom they themselves might wish to choose, four men; but as for me, I was counted fifth among them.","This sentence illustrates the use of the dual or plural participle construction with the aorist optative in a relative clause of purpose or potentiality (ἄν κε + ἤθελον ἑλέσθαι), indicating a hypothetical action dependent on the will of the subjects. The particle αὐτὰρ serves as a strong adversative conjunction, marking a sharp transition from the group's action to the speaker's exclusion or separate status. The numeral τέσσαρες (four) functions adverbially, modifying the verb ἔλαχον to specify the quantity of lots drawn, while πέμπτος (fifth) acts as an adverbial predicate nominative describing the speaker's position. The use of the passive aorist ἐλέγμην ('I was counted/assigned') contrasts with the active choice of the others, emphasizing the speaker's passive role in the allocation. The sentence structure employs asyndeton between the two main clauses, enhancing the abruptness of the shift in focus.",2350
173,"And evening came, him tending the sheep of beautiful hair.","The participle νομεύων (tending/guarding) is in the present tense and active voice, functioning adverbially to modify the main verb ἦλθεν (came), indicating the activity of the subject (implicitly the personification of Evening or a specific character) at the time of arrival. The phrase καλλίτριχα (beautiful-haired) is an epithet applied to the sheep (μῆλα), a common Homeric feature where animals are described with attributes that might more typically apply to humans, creating a vivid, almost personified image. The particle δέ (and/but) serves as a connective, linking this clause to the preceding context. The sentence structure employs a straightforward Subject-Verb-Object pattern with an accompanying participial phrase, characteristic of the narrative style of the Odyssey.",2351
174,"Straightaway he drove the very fat sheep into the broad cave; not even one did he leave outside the deep court, whether he knew it or as the god commanded.","The sentence begins with the adverb αὐτίκα (straightaway/immediately), emphasizing the swift and decisive action of the protagonist. The phrase πιόν' ἔλασε (drove the fat ones) utilizes the adjective πιών (fat/rich) to describe the sheep, a common Homeric epithet highlighting the quality of the herd. The syntax features a strong negative clause (οὐδέ τι λείπε) which is emphatic, reinforced by the enclitic τι (even one). The sentence concludes with a disjunctive clause introduced by the particles ἢ... ἤ (whether... or), though the second ἤ is often implied or represented by the structure 'ἢ... ὡς'. Here, the construction 'ἢ τι οἰσάμενος, ἢ καὶ θεὸς ὡς ἐκέλευσεν' presents a contrast between human knowledge and divine command. The participle οἰσάμενος (knowing/recognizing) functions adverbially, suggesting the agent acted either with full awareness or simply in obedience to the god's will. The use of the aorist ἐκέλευσεν (he commanded) underscores the definitive nature of the divine instruction. Stylistically, the sentence employs a rhythmic flow typical of epic hexameter, balancing the description of the physical action (driving the sheep) with the theological or psychological motivation (knowledge vs. divine command).",2352
175,"But afterward he placed the great shield aloft, raising it high; and sitting down, he milked the sheep and the kids, all according to fate, and put each newborn beneath her.","The sentence depicts a routine pastoral activity with a rhythmic, methodical quality typical of Homeric style. The particle 'αὐτὰρ' (but/now) serves as a standard narrative connector, often used to shift focus or mark a new action in the epic sequence. The participle 'ἀείρας' (raising) modifies the main verb 'ἐπέθηκε' (placed), indicating the manner in which the shield was set aside. The verb 'ἤμελγεν' (he milked) is a characteristic Homeric form (imperfect indicative) for repeated or habitual action. The phrase 'κατὰ μοῖραν' (according to fate/due portion) is a common Homeric idiom indicating that the distribution of labor or resources follows a divinely ordained or natural order. The final clause 'ὑπ᾽ ἔμβρυον ἦκεν ἑκάστη' describes the specific act of placing the newborn lamb or kid beneath the mother, likely for nursing. The use of 'ἑκάστη' (each one) with 'ἔμβρυον' (newborn) emphasizes the individual care taken for each offspring. The sentence employs asyndeton (the omission of conjunctions between clauses) in the transition from placing the shield to milking, creating a sense of swift, continuous action, while the conjunction 'καὶ' links the milking and the nursing actions, reinforcing the completeness of the task.",2353
176,"But when he had hurried, having labored over the works, he, seizing two [items] with him, armed himself for supper.","The sentence employs the epic particle αὐτάρ (autar) to mark a sharp transition or new phase in the narrative action, a common feature in Homeric poetry to shift focus or introduce a subsequent action. The participle πονησάμενος (having labored) functions as an aorist middle participle modifying the main verb σπεύσε (he hurried), indicating the means or accompanying circumstance of the haste. The construction μαρψάς (seizing) is an aorist active participle, where the verb μαρπτάω implies a swift, grasping motion, often used for snatching food or weapons. The phrase 'armed himself for supper' (ὡπλίσσατο δόρπον) utilizes the verb ὁπλίζω, which typically means 'to arm' or 'equip,' but here is used metaphorically or idiomatically to mean 'to prepare' or 'get ready' for the meal, treating the act of eating as a necessary engagement. The syntax features a tight sequence of participial phrases (π.σπεύσε πονησάμενος... μαρψάς... ὡπλίσσατο) that creates a sense of rapid, continuous action typical of the Homeric narrative style.",2354
177,"Then I spoke to the Cyclops, standing close by, holding a cup of dark wine in my hands.","The verb προσηύδων (I spoke to) is a compound of πρό (before/near) and αὐδάω (to speak), suggesting a direct, face-to-face address. The participle παραστάς (having stood by) indicates the physical proximity of the speaker, emphasizing the boldness of approaching a dangerous giant. The term κισσύβιον refers to a small drinking cup or bowl, often made of wood or metal, highlighting the domestic or ritual context of offering wine. The phrase μελανος οἴνοιο (of dark wine) uses the adjective μέλας (dark) to describe the wine, which in Homeric poetry often connotes richness, strength, or a specific type of aged wine. The sentence employs a participial construction to convey simultaneous action (speaking while holding the cup), a common feature in Homeric narrative to create vivid, dynamic scenes.",2355
178,"Cyclops, drink this wine, since you have eaten human flesh, so that you may know what kind of drink this is which our ship has been keeping.","This sentence features a direct address (vocative 'Κύκλωψ') followed by an imperative clause ('πίε'). The temporal conjunction 'ἐπεὶ' (since/after) introduces a causal or temporal clause explaining the sequence of events: the consumption of 'ἀνδρόμεα κρέα' (human flesh). The purpose of the drink is introduced by the final particle 'ὄφρ’' (so that), which governs the subjunctive 'εἰδήῃς' (that you may know). The syntax employs a relative clause ('τοῦτο... νῆος... κεύθει') to describe the wine, where 'οἷόν τι ποτόν' emphasizes the specific nature or quality of the beverage. The use of the imperfect 'ἐκεκρύθει' (kept/hidden) suggests a continuous state of concealment or storage aboard the ship. Stylistically, the sentence builds tension through the juxtaposition of the violent act of cannibalism with the ritual of hospitality (offering wine), creating a dramatic irony where the Cyclops is being prepared for intoxication after having violated the laws of xenia (guest-friendship).",2356
179,"Bring me a libation, so that if you have pity on me, you may send me home.","This sentence features a conditional structure introduced by the particle 'εἰ' (if) followed by an aorist indicative verb ('ἐλεήσας' - having pitied/when you pitied) which functions as a condition for the main future optative verb ('πέμψειας' - you might send). The use of the optative mood in the apodosis (the 'then' clause) after a future condition often implies a wish or a request rather than a simple statement of fact. The word 'αὖ' (again) suggests a repetition of an action or a return to a previous state, here emphasizing the act of sending the speaker back home. The noun 'λοιβήν' (libation) refers to a ritual pouring of liquid, typically wine, as an offering to the gods or as a gesture of hospitality and supplication. The sentence exhibits a polite yet urgent tone, typical of a supplicant addressing a host or a deity, requesting both a ritual act and safe passage home.",2357
180,But you are raving now beyond endurance.,"The sentence employs the adversative particle 'δέ' (here 'δε') attached to the second word, creating a sharp contrast with the preceding context, typical of Homeric dialogue to mark a shift in the speaker's attitude or the situation. The verb 'μαίνεαι' is in the present middle/passive indicative, second person singular, meaning 'you are raving' or 'you are mad'; in this context, it functions as an intensification of the speaker's frustration. The phrase 'οὐκέτι ἀνεκτῶς' combines the negative adverb 'οὐκέτι' (no longer) with the adverbial form of the adjective 'ἀνεκτός' (endurable), effectively meaning 'no longer endurably' or 'beyond endurance.' This construction emphasizes the speaker's limit of tolerance. The use of the present tense for 'μαίνεαι' highlights the ongoing, immediate nature of the madness, while the punctuation (a period) indicates a definitive, emphatic conclusion to the thought.",2358
181,"Wretch, how might another man, one of the many men of cities, reach you later, since you have not done what is your due?","The vocative adjective 'σχέτλιε' (wretch/scoundrel) conveys intense anger and contempt, a common feature in Homeric dialogue when a speaker is provoked. The main clause utilizes an optative mood with the particle 'κεν' (ancient 'ἄν') to express a potential or hypothetical future action ('how might... reach you'), suggesting the speaker's disbelief or a rhetorical question about the possibility of such an event. The phrase 'ἄλλος ... ἀνθρώπων' creates a tautological emphasis on the identity of the potential visitor as 'another man' among men. The genitive plural 'πολέων' (of cities) modifies 'ἀνθρώπων' to specify the type of men, emphasizing their social standing as citizens. The subordinate clause introduced by 'ἐπεὶ' (since) provides the causal justification for the rhetorical question: the addressee has acted 'κατὰ μοῖραν' (according to fate/one's due), or rather, has failed to do so. The use of 'οὐ' with the aorist indicative 'ἔρεξας' (you did) highlights a specific, completed failure to act in accordance with divine or social order. The sentence structure relies on the contrast between the hypothetical arrival of another and the definitive failure of the addressee to meet their obligation.",2359
182,"So I said, and he accepted it and drank it.","The sentence utilizes a characteristic Homeric narrative style, often found in scenes of hospitality (xenia) or ritual drinking. The particle ὡς (hōs) functions as a narrative connector, often translated as 'so' or 'thus,' linking the current action to a preceding statement or thought. The verb φημί (phēmi) in the imperfect (ἐφάμην) denotes a continuous or iterative act of speaking, suggesting the delivery of a message or speech. The subject οὗτος (implied by the article ὁ) is the recipient of the speaker's words and actions. The sequence of verbs ἔδεκτο (he received/accepted) and ἔκπιεν (he drank) illustrates a compound action often seen in descriptions of drinking rituals, where the acceptance of a cup is immediately followed by consumption. The conjunction καί (kai) links these two actions in a simple asyndetic-like flow, emphasizing the immediacy and completeness of the action without the need for additional conjunctions. The use of the aorist ἔκπιεν highlights the punctual nature of the drinking event, contrasting with the imperfective aspect of the speaking and receiving.",2360
183,"He enjoyed the sweet drink while drinking, and he asked me to ask again.","The verb ἥσατο (aorist middle indicative of ἥδομαι) denotes the act of enjoying or taking pleasure in something, here specifically the drink. The adverbial participle πίνων (present active participle of πίνω) creates a temporal overlap, indicating that the enjoyment occurred simultaneously with the act of drinking. The adjective ἡδὺ (sweet) modifies ποτὸν (drink), a common epithet in Homeric poetry emphasizing the pleasantness of hospitality. The second clause uses the verb ἤτεε (aorist active indicative of αἰτέω, 'to ask/request') with the first person singular accusative pronoun μ' (me) as its object. The sequence δεύτερον (second time) and αὖτις (again) functions as a hendiadys or pleonastic emphasis, reinforcing the repetition of the request. The conjunction καὶ links the two main predicates, ἥσατο and ἤτεε, in a coordinate relationship. The sentence structure reflects the oral formulaic style of the Odyssey, where action and reaction are presented in a direct, rhythmic sequence typical of epic narrative.",2361
184,"Give me yet another gift, willingly, and tell me your name at once, now, so that I may give you a guest-gift, whichever one you may enjoy.","The sentence employs a chiastic structure in its main clauses: the first clause commands an action from the speaker (δοῦς μοι... προφρων), while the second commands the listener to reveal information (μοι... ὄνομα εἰπε), creating a reciprocal exchange of hospitality (xenia). The adverb προφρων (willingly, cheerfully) modifies the imperative δός, emphasizing the spirit in which the gift should be given, which is a crucial cultural expectation in Homeric society. The temporal adverbs αὐτίκα (at once) and νῦν (now) are stacked for emphasis, heightening the urgency of the request. The subordinate clause introduced by ἵνα (so that) utilizes the optative mood (χαίρησθα/χαίρησ) with the particle κε (if/whichever), forming a potential optative of purpose or result. This construction indicates that the specific gift to be given is contingent upon the stranger's preference or choice, highlighting the flexibility and respect inherent in the guest-host relationship. The term ξείνιον refers specifically to a token of hospitality or a gift exchanged between host and guest, central to the concept of xenia.",2362
185,"For the fertile earth also brings wine to the Cyclopes, and the rain of Zeus also makes it grow for them.","This sentence exhibits a clear parallel structure (isocolon) between the two clauses joined by the coordinating conjunction 'καί' (and), emphasizing the dual sources of sustenance: the earth and the sky. The adjective 'ζειδώρος' (fertile, life-bearing) is a significant Homeric epithet, often applied to the earth, highlighting its life-giving capacity. Similarly, 'εἰρισταφύλος' (grape-bearing) is a compound adjective describing the wine, linking the produce directly to the vine. The use of the dative 'Κυκλώπεσσι' and 'σφιν' (to them) indicates the beneficiaries of these gifts. The syntax relies on the explanatory particle 'γάρ' (for), which provides the reason or justification for a preceding statement, typical of Homeric explanatory digressions. The sentence reflects a worldview where natural phenomena (earth and rain) are divinely ordered, with Zeus's rain being the active force of growth ('αὔξει' - makes grow, increases).",2363
186,But this is the sap of ambrosia and nectar.,"The sentence employs a striking metaphorical image where the 'sap' (ἀπορρώξ) of the divine drink is equated with the drink itself. The use of the enclitic negative conjunction 'ἀλλά' (but) suggests a contrast with a preceding statement, likely shifting the focus from a mundane or earthly substance to a divine one. The word 'τοῦτο' (this, here 'τοδ') acts as the subject, pointing to a specific substance previously mentioned or observed. The genitive constructions 'ἀμβροσίης' and 'νεκτάρος' function as attributes (ATR_CO) modifying 'ἀπορρώξ', indicating the origin or composition of the sap. The term 'ἀπορρώξ' is a hapax legomenon in the Homeric corpus, literally meaning 'branch-shooter' or 'sap', derived from 'ἀπό' (from) and 'ῥώξ' (shoot/sap), emphasizing the fresh, living fluid of the divine tree. The asyndeton between 'ἀμβροσίης' and 'νεκτάρος' (connected by 'καί') highlights the exclusivity and supreme nature of the divine sustenance, combining the two most sacred nectars of the gods.",2364
187,So he spoke; but I again poured for him the dark wine.,"The sentence exhibits the characteristic Homeric asyndeton (the omission of a conjunction between clauses) in the second clause, marked by the adversative particle 'atár' ('but') which stands alone at the beginning of the clause without a preceding conjunction. The verb 'pháti' is in the imperfect active indicative, a standard epic convention for reporting speech acts ('he said'), often functioning as a narrative bridge. The adjective 'aithópa' ('dark' or 'black') is an epithet frequently applied to wine in Homeric poetry, likely referring to the deep color of the wine or the shadowy appearance of the vessel, rather than a literal description of the liquid's taste. The use of the enclitic pronoun 'oi' (dative of 'he') immediately following 'atár' creates a slight emphasis on the recipient of the action. The narrative structure shifts from the previous speaker's dialogue to the narrator's or another character's action, indicated by the first-person subject 'egṓ' ('I'), suggesting a dialogue between the narrator and the hero, or a shift in the narrative voice within the epic tradition.",2365
188,"Three times I gave [it] while carrying it, but three times he drank it away in his folly.","This sentence exhibits a clear chiasmus through the repetition of the adverb 'three times' (τρίς) framing the two contrasting actions: the speaker's giving (ἔδωκα) and the listener's drinking (ἔκπιεν). The conjunction 'μέν...δέ' (indeed...but) establishes a sharp contrast between the deliberate, laborious action of carrying and giving versus the reckless, heedless action of drinking. The present participle 'φερόν' (carrying) functions as an adverbial modifier of manner, emphasizing the physical effort involved in the giving. The verb 'ἔκπιεν' (he drank up) combined with the dative of means 'ἀφραδίῃσιν' (in folly/heedlessness) highlights the character's lack of foresight. The use of the dative case here (ἀφραδίῃσιν) rather than a genitive or prepositional phrase is a notable stylistic choice common in epic poetry to denote the manner or instrument of the action, suggesting the folly was the very medium through which the drinking occurred.",2366
189,"But when the wine had come to the Cyclops' mind, then at that very moment he spoke to him with soothing words.","The sentence employs the connective particle 'αὐτάρ' (autar) to mark a distinct narrative transition, shifting the focus from the previous action to the effect of the wine. The phrase 'περὶ φρένας ἦλθεν οἶνος' (wine came about the mind/heart) utilizes 'φρένες' in its Homeric sense of the seat of thought, emotion, and will, rather than the anatomical heart; the preposition 'περί' here indicates the sphere of influence. The adverb 'τοτε' (then) combined with the particle 'δή' (indeed, emphatic) heightens the immediacy of the action. The verb 'προσηύδων' (spoke to) is a secondary imperfect, describing the ongoing act of speaking. The phrase 'ἐπέσσι μειλίοισι' (with soothing words) uses an instrumental dative to indicate the means, with the adjective 'μειλίοισι' (soothing, gentle, persuasive) modifying 'ἐπέσσι'. This specific adjective is a key Homeric epithet often used to describe speech intended to calm or deceive, fitting the context of Odysseus's interaction with Polyphemus.",2367
190,"Cyclops, if you ask me for my illustrious name, yet I will tell it to you.","The sentence features a conditional clause introduced by the particle εἰ (implied in the form εἰρωτάς, though the full conditional structure is often elliptical in oral formulaic poetry, here functioning as 'if you ask' or 'since you ask'). The verb εἰρωτάς is in the present active indicative, second person singular, while εἰξερέω is in the future active indicative, first person singular, creating a clear temporal progression from the Cyclops's request to the speaker's response. The use of the particle αὐτάρ (translated here as 'yet' or 'but') serves as a strong adversative or emphatic connective, common in Homeric verse to mark a shift in agency or to emphasize the speaker's forthcoming action. The adjective κλυτόν ('illustrious' or 'renowned') is a characteristic Homeric epithet often applied to names, reflecting the cultural importance of fame (kleos). The structure relies on asyndeton between the main clauses connected by αὐτάρ, a typical feature of Homeric syntax that creates a rhythmic, flowing narrative style. The sentence demonstrates the dramatic tension of the encounter, where Odysseus (the speaker) chooses to reveal his name only after establishing the condition of the Cyclops's inquiry, highlighting the theme of identity and the power dynamics of the exchange.",2368
191,"But give me a guest-gift, just as you promised.","The sentence employs the particle 'περ' (per) alongside 'ὡς' (hōs) to create the emphatic phrase 'ὡς περ', meaning 'just as' or 'even as,' which reinforces the manner of the requested action. The verb 'ὑφίστημι' (huphistēmi) in the aorist indicative ('ὑπέστης') carries the specific sense of 'to promise' or 'to pledge oneself,' a common usage in Homeric epic when referring to commitments made between hosts and guests. The noun 'ξείνιον' (xeinion) refers specifically to a gift of hospitality given to a guest, a central concept in the ancient Greek social code of xenia. The sentence structure features a direct imperative ('δοῦς') addressing the second person, preceded by the enclitic particle 'δέ' (de) for contrast or transition, indicating a shift in the speaker's request or the narrative flow.",2369
192,No one is my name.,"This sentence employs a deliberate syntactic inversion and semantic play central to the character's identity. The subject 'ὄνομα' (name) is placed at the end of the clause for emphasis, while the negative indefinite pronoun 'Οὖτις' (No-one/Nobody) occupies the subject position, functioning as a proper noun. The enclitic particle 'γε' adds a nuance of emphasis or assurance to the statement. This utterance is a riddle-like declaration where the speaker's name is defined by negation, relying on the double meaning of 'Οὖτις' as both a grammatical negation of 'anyone' and a specific proper name. The structure creates a paradox: the speaker claims a name that literally means 'no one'.",2370
193,Whom do my mother and father and all the other companions call me?,"The sentence begins with an interrogative pronoun (οὗτιν) in the accusative case, functioning as the object of the main verb, while the verb itself is in the present active indicative, third person plural, indicating a general or habitual action. The subject is a compound of three elements: μητέρα (mother), πατέρα (father), and ἑταῖροι (companions), all linked by the enclitic conjunctions ἠδέ (and) and ἠδ' (and), creating a rhythmic enumeration that emphasizes the collective authority of the speaker's family and peers. The use of the indefinite adjective ἄλλοι (other) with παῦς (all) and ἑταῖροι (companions) suggests a comprehensive group, excluding no one from the act of naming. The syntax reflects the oral tradition of Homeric poetry, where repetition and parallelism are common, and the sentence structure mirrors the social dynamics of the time, where naming was a significant act of identity and belonging.",2371
194,"Thus I spoke, but he immediately answered me with an unfeeling heart.","The sentence employs the dative of manner (or instrumental dative) with the adjective νηλεῖ (unfeeling, pitiless) modifying θυμῷ (heart/spirit), a common Homeric construction for describing the emotional state or manner of an action. The conjunction δέ serves as a postpositive adversative, creating a sharp contrast between the speaker's action and the interlocutor's response. The adverb αὐτίκα (immediately) emphasizes the swiftness of the reply, heightening the dramatic tension. The term θυμός refers not merely to the physical organ but to the seat of emotion and spirit in Greek thought, and its modification by νηλεής suggests a lack of pity or compassion in the responder's demeanor.",2372
195,"Whom shall I eat last with my companions, but the others first.","The sentence features a striking syntactic and semantic contrast between the finality of the first clause and the immediacy of the second, linked by the enclitic coordinating particle -δ' (δέ) which introduces a sharp adversative turn. The phrase 'μετὰ οἷς ἑτάροισιν' (with my companions) uses the dative case for the preposition 'μετά' (with/among), a construction common in Homeric Greek. The adjective 'πύματον' (last) is in the accusative, functioning adverbially to modify the verb 'ἔδομαι' (I shall eat), emphasizing the temporal sequence. The structure relies on an implied ellipsis of the verb in the second clause, relying on the reader to infer 'I shall eat the others first.' This ellipsis creates a rhythmic brevity typical of epic diction. The sentence also exhibits a form of chiasmus in the arrangement of temporal markers: 'last' (πύματον) is paired with 'with companions' (μετὰ...ἑτάροισιν), while 'others' (ἀλλούς) is paired with 'first' (πρόσθεν), creating a mirrored structure that highlights the distinction between the two groups being eaten.",2373
196,But this will be a guest-gift for you.,"The sentence illustrates the archaic dative of possession or interest, where the enclitic pronoun τοι ('to you') functions as an indirect object, indicating the beneficiary of the action. The noun ξεινήιον (xeinēion) is a specific term in Homeric culture referring to a gift given to a guest, distinct from the act of hospitality itself (xenia); it serves as the predicate nominative, equating the subject 'this' with the concept of a gift. The particle δέ (de) at the beginning of the clause serves a connective function, often used in epic poetry to shift focus or continue a narrative thread, here linking the statement to the preceding context of the exchange between host and guest.",2374
197,"And so, reclining, he fell face downward; but afterwards he lay down, having loosened his thick neck, and down upon him came the all-subduing sleep.","The sentence employs a sequence of aorist participles (ἄνακλινθεῖς, ἀποδοχμώσας) followed by finite verbs to create a rapid, cinematic narrative progression, typical of Homeric style. The verb αἱρέω, used here with the preposition κατά (καὶ δέ μιν... ἤρει), carries the specific sense of 'seizing' or 'overcoming,' often used in epic poetry for sleep or death descending upon a person. The epithet πανδάματωρ (all-subduing) is a characteristic Homeric compound adjective attributing an overwhelming, inescapable power to Sleep (Hypnos). The syntactic structure utilizes asyndeton (the omission of conjunctions) between the first two actions and the epexegetic particle αὐτάρ to mark a distinct temporal shift. The word order places the subject ὕπνος after the verb ἤρει, a common epic feature that emphasizes the action of 'seizing' before revealing the agent.",2375
198,"But wine poured out from his throat, and the bread of men.","The sentence depicts the violent expulsion of sustenance, likely resulting from a supernatural encounter or intense fear. The verb ἐξέσσυτο (from ἐκσεύομαι) is a middle voice form meaning 'poured out' or 'flowed forth,' often used for liquids or viscous substances emerging forcefully. The subject is a compound of 'wine' (οἶνος) and 'bread' (ψωμός), connected by the enclitic coordinating particle τε ('and'), which is attached to the second element (ψωμοί τ') rather than the first, a common stylistic feature in Homeric poetry known as 'proclitic τε' placement. The adjective ἀνδρόμεοι (of men) modifies ψωμοί, specifying the type of bread, though the plural form ψωμοί can also imply 'morsels' or 'crumbs.' The use of the genitive φάρυγος ('of the throat') as the object of the preposition (implied by the verb's force) highlights the anatomical source of the outpouring. The scene is likely describing the moment a guest vomits or is overcome by the sight of a monster or divine intervention, a common motif in the Odyssey where the boundaries between the human and the monstrous are blurred. The juxtaposition of wine and bread, the two fundamental staples of the Greek diet, emphasizes the totality of the victim's sustenance being rejected.",2376
199,But he dug a pit for the heavy wines.,"The verb εἰρύω (here in the middle voice, εἰρύετο) in this context means 'to dig' or 'to hollow out,' often used specifically for preparing a pit or trench. The construction with the genitive plural οινοβαρείων (oinobareíōn) functions as an adverbial of purpose or respect, literally 'for the wine-heavy ones' or 'for the heavy wines.' This is a Homeric compound adjective where 'wine' (οἶνος) and 'heavy' (βαρύς) combine to describe the dense, viscous nature of the wine, a common poetic descriptor in epic poetry emphasizing its richness or intoxicating quality. The particle δέ (δ') provides a narrative transition, contrasting this action with the preceding context. The syntax reflects the archaic, formulaic style typical of the Odyssey, where compound adjectives and specific verb constructions create a vivid, rhythmic description of the scene.",2377
200,"Then I drove the bar beneath much ash, so that it might warm up.","The sentence employs a purpose clause introduced by the conjunction ἕως (here functioning as ὅπως, 'so that'), which governs the optative mood (θερμαίνοιτο) with the particle ἄν implied by the context of potentiality. This construction indicates the intended result of the action. The verb ἔλαυσα (aorist active indicative) denotes a forceful, single action of driving or thrusting. The noun μοχλός (bar, lever, or wedge) refers to the tool used to seal or open a container, here likely a large jar or amphora. The prepositional phrase ὑπὸ σποδοῦ πολλῆς ('beneath much ash') describes the location where the bar was driven, suggesting a method of sealing or insulating the vessel using ash as an insulating material. The use of the optative in the purpose clause reflects the subjunctive-like mood often found in Homeric Greek for expressing purpose or result. The sentence demonstrates a concise, direct style typical of Homeric narrative, focusing on the physical action and its immediate purpose.",2378
201,"And with words I encouraged all my companions, lest anyone should spring up from the deep showing fear.","The sentence features a participle construction (ὑποδείσας, 'having shown' or 'showing') modifying the subject of the subordinate clause (τις), functioning adverbially to describe the manner of the action. The verb ἀναδύη ('should spring up') is in the aorist subjunctive, governed by the negative particle μή, introducing a negative purpose or fear clause (often translated as 'lest'). The verb ἀναδύνω literally means 'to rise up' or 'to emerge,' frequently used in nautical contexts for rising from the sea, here metaphorically suggesting a sudden appearance born of cowardice. The phrase 'from the deep' is implied by the root meaning of ἀνα- in this context, referring to the sea. The use of 'words' (ἔπεσσι) as the instrument of encouragement highlights the power of speech in Homeric heroism. The structure emphasizes the leader's active role in maintaining morale against the threat of panic.",2379
202,"But when the olive-wood bar, though green, was soon to catch fire in the flame and shone brilliantly, then I carried it quickly from the fire, and my companions stood around it.","This passage describes a critical moment of tension where an unburnt olive-wood lever (μοχλός) is heated. The phrase 'though green' (χλωρὸς περ ὤν) utilizes the particle περ with a concessive sense to emphasize the contrast between the wood's fresh, unburnt state and its imminent ignition. The verb διεφαινετο is a middle voice form meaning 'to appear' or 'to shine forth,' here describing the wood glowing intensely (αινώς) before it is moved. The syntax employs a clear temporal sequence: the participle clause (μελλεν αψesθαι... διεφαινετο) sets the scene, followed by the main action introduced by 'then' (τότ'). The sentence ends with a coordinated verb structure (φερόν... ἱστάντ) linked by 'and' (καί), illustrating the simultaneous actions of the hero retrieving the tool and the crew positioning themselves. The use of the present participle 'standing' (ἱστάντ) in the aorist indicative context suggests a static, attendant position, a common Homeric feature for depicting the immediate reaction of a group.",2380
203,But a deity breathed great courage into him.,"The sentence employs the adversative particle αὐτάρ (here written as αὐτὰρ due to lack of breathings in the input), which signals a shift in the narrative action or contrasts the current event with the preceding context. The verb ἐνέπνευσεν (from ἐμπνέω) is used metaphorically here; while it literally means 'to breathe into,' in Homeric and later Greek literature, it frequently denotes the divine infusion of abstract qualities such as courage, spirit, or inspiration. The subject δαίμων refers to a divine power or deity acting without a specific personal name, a common feature in epic poetry where gods intervene in human affairs. The adjective μέγα (great) modifies θαρσος (courage), emphasizing the magnitude of the strength imparted. The syntax features a simple S-V-O structure with the adverbial particle initiating the clause.",2381
204,"They, having taken a lever, oiled it, sharp at the tip, and drove it into the eye.","The sentence employs a participial construction (μοχλὸν εἰλόντες, 'having taken the lever') to express the immediate prior action to the main verb (ἐνέρεισαν, 'drove in'), creating a vivid, sequential narrative flow typical of Homeric epic. The adjective ὀξύ (sharp) is used substantively with the preposition ἐπ' (upon/at) and the dative ἄκρῳ (tip/end), describing the specific part of the lever that makes contact. The verb ἐνέρεισαν is a compound of ἐν (in) and εἱρέω (to thrust/dive), denoting a forceful, violent insertion. The syntax features asyndeton (the lack of a conjunction between 'oiled it' and 'sharp at the tip') to accelerate the rhythm of the action, emphasizing the swift and brutal execution of the task. The phrase 'oiled it' (ἐλαίνον) is a crucial detail in the mythological context of the Cyclops, as the olive wood must be softened and lubricated to be driven into the eye without shattering.",2382
205,"But I, leaning over the top, spun round, like when a man drills a ship's beam with a drill, while others underneath pull the thong from either side, and it runs swiftly and steadily.","This sentence employs a vivid simile (Homer's 'extended simile' or 'epic simile') to describe the physical exertion of the speaker spinning in the air. The syntax is complex, utilizing a participial phrase (ἐρεισθείς) to establish the speaker's position relative to the action of spinning (δινεῦον). The comparison introduces a detailed technical scene involving shipbuilding: a man uses a bow-drill (τρυπάνον) to bore a beam (δόρυ νηΐον), while assistants pull the bowstring (ἵμαντι) from both sides (ἑκάτερθε). The verb ὑποσσειούσιν (pulling) and the participle ἁψάμενοι (having grasped) create a dynamic sense of coordinated effort. The final clause describes the drill's motion (τρέχει) as 'steady' (ἐμμενές) and 'always' (αἰεί), emphasizing the relentless, rhythmic nature of the spinning motion. Stylistically, the sentence features asyndeton in the description of the assistants' action (omitting a conjunction before ὑποσσειούσιν in the flow of the thought) and uses the adverbial accusative ἐμμενές to modify the verb of motion, a common Homeric feature for describing manner. The phrase 'drill a ship's beam' refers to the specific ancient technique of boring holes in timber for ship construction, a task requiring significant physical strength and coordination.",2383
206,"Thus, taking the ash-wood stake, we turn it in his eye, and warm blood flowed around it.","This passage describes the blinding of the Cyclops Polyphemus. The syntax features a temporal/causal participle (ἐλόντες, 'having taken') modifying the main verb (δινέομεν, 'we turn'), illustrating a common Homeric narrative technique where the preparation for an action is immediately followed by the action itself. The adjective πυριηκέα ('fire-hardened') is a compound adjective typical of epic diction, referring to the oak or ash stake hardened in fire to make it durable. The use of the enclitic conjunction -δ' (in τοὺν δ') creates a smooth transition between the two clauses, linking the physical action of turning the stake with the visceral consequence of the blood flowing. The phrase περιρρέε... ἐόντα (flowed around... being) uses a present participle with a past tense verb to emphasize the continuous state of the blood's heat during the flow, creating a vivid, sensory image of the injury.",2384
207,"His eyelids and eyebrows were all drawn together by the breath of his burning eye, and his roots were singed by the fire.","This sentence employs vivid physiological metaphor to describe the physical reaction of intense anger or pain. The phrase 'breath of his burning eye' (αὐτμὴ γλήνης καιομένης) is a striking synecdoche where the eye itself is personified as a source of heat, causing the surrounding facial features (eyelids and eyebrows) to contract. The syntax features a chiasmus-like structure in the first clause where the subject 'breath' acts upon the object 'eyelids and eyebrows,' while the second clause mirrors this with 'roots' (referring to the eyelashes or the very base of the eye) being acted upon by 'fire.' The use of the middle voice for 'σφαραγεῦντο' (were singed/scorched) emphasizes the reflexive nature of the damage. The word 'roots' (ῥίζαι) is a poetic metaphor for the eyelashes or the roots of the eyelids, a common Homeric image for the 'hair' of the eye. The sentence demonstrates the epic style's tendency to describe internal emotional states through concrete, elemental imagery (fire and breath).",2385
208,"Just as when a smith, dipping a great axe or an adz into cold water, makes it roar loudly while tempering it.","This sentence is a simile (indicated by ὡς δ' ὅτ', 'just as when') used to describe a preceding action, likely the loud noise of a group of people or the impact of a blow, though the context of the main clause is not provided here. The syntax features a complex participle chain: βαπτῶν (dipping) is the main action governing the scene, modified by the present active participle φαρμάσσων (tempering/making ready). The object of dipping consists of two coordinated nouns, πέλεκυν (axe) and σκέπαρνον (adz), linked by the enclitic ἤ (or). The adverbial participle ἰάχοντα (roaring/making a loud noise) describes the sound produced by the metal upon contact with the water, a vivid auditory detail common in Homeric epic to emphasize the intensity of the action. The phrase ψυχρῷ ὕδατι (cold water) highlights the specific technique of quenching, essential for hardening bronze or iron tools. The use of μέγαν (great) with the axe and μέγ' (greatly/loudly) with the roaring sound creates a subtle internal echo, emphasizing the scale of both the tool and the noise.",2386
209,For indeed the power of iron is such that the eye of the olive-wood beam does not match it.,"The sentence employs a simile introduced by ὡς (such that/as) to contrast the unyielding strength of iron with the fragility of the olive-wood beam (μοχλός) used in the ship's construction. The phrase σιδήρου ... κράτος (power of iron) is an enallage where the material stands for the object made of it, a common metonymic device in Homeric diction. The particle γε emphasizes the assertion of iron's superior strength. The construction περι σιζ' οφθαλμός (the eye of the beam surrounds/encircles) uses a vivid anthropomorphic metaphor, treating the joint or pivot point of the wooden beam as an eye, suggesting the tightness or the focal point of the connection. The sentence structure utilizes a comparative clause to underscore the inevitability of the ship's construction materials yielding to the force of iron, a recurring theme in the Odyssey regarding the durability of metal versus wood.",2387
210,"He gave a terrible, loud cry, and the rock echoed around him; but we, seized with fear, turned and fled.","This sentence employs a vivid auditory progression, moving from the human cry (ᾤμωξεν) to the environmental echo (περιὶ ἴαχε πέτρη), creating an immersive soundscape. The verb ἴαχε (from ἰάχω) is frequently used in epic poetry to describe loud, resonant sounds, particularly when the object is a natural feature like a rock or cave, emphasizing the vastness of the setting. The sentence structure utilizes asyndeton between the first two clauses (omitting a conjunction before 'and the rock echoed'), which accelerates the narrative pace and heightens the sense of sudden shock. The final clause introduces a shift in agency with the aorist participle δεισαντες (having feared), which functions adverbially to explain the cause of the subsequent action (turned and fled). The use of the dual sense of 'rock' echoing around the speaker is a classic Homeric device to convey the scale of the Cyclops's cave or the isolation of the characters.",2388
211,"But he dug out the stake, smeared with much blood, from the eye.","The sentence employs the epic particle αὐτάρ (here as αὐταὶρ in the manuscript tradition provided, functioning as 'but' or 'now') to mark a sharp transition in the narrative action, a common feature in Homeric verse for shifting focus. The verb ἐξέρυσ' (aorist active indicative, 3rd singular) denotes a forceful pulling out or extraction. The participle πεφυρμένον (perfect passive participle of φυρόω, 'to smear') agrees with μοχλόν (the stake), describing its state of being covered in blood, a grim detail emphasizing the violence of the Cyclops's blinding. The construction uses a genitive of source (ὀφθαλμοῖο) with the verb of extraction, literally 'dug out from the eye.' The phrase 'much blood' (αἵματι πολλῷ) uses the dative of material or accompaniment, highlighting the grotesque abundance of blood. This scene is pivotal in the Odyssey, representing the climax of Odysseus's revenge against Polyphemus.",2389
212,"He then cast him from his hands, helpless; but the Cyclopes loudly called out, those who indeed dwelt in the caves through the windy peaks.","The sentence exhibits a classic Homeric contrast structure using the particles μεν (men) and αὐτὰρ (autar) to juxtapose the solitary action of the speaker against the collective response of the Cyclopes. The verb αλυών (alyōn) is a present active participle in the accusative singular masculine, functioning as an adverbial modifier meaning 'being helpless' or 'in distress,' emphasizing the victim's vulnerability. The use of the dative plural χερσί (cher si) with the preposition ἀπό (apo) creates a vivid image of the physical act of discarding the captive. The relative clause introduced by οἵ (hoi) and the particle ῥά (ra) adds an epic explanatory tone, characterizing the Cyclopes by their dwelling place—a detail that reinforces their isolation and wild nature. The epithet 'windy peaks' (αἰγίλας/αἰγίλας, though here ἀκρίας ηνεμοέσσας) is a common Homeric formula describing the rugged, exposed geography of the cave's location.",2390
213,"But the others, crying out, came from one place or another; and standing around the cave, they asked what sorrow possessed them.","The sentence employs a vivid juxtaposition of movement and stasis to depict the collective reaction of the suitors. The participle αἰόντες (crying out/shouting) modifies the main verb ἐφοίτων (came), creating a sense of chaotic, noisy approach. The phrase ἄλλοθεν ἄλλος (one from another/one from here, one from there) functions as an adverbial phrase indicating scattered origins, emphasizing their disorganized arrival. The second clause begins with a new participle, ἵσταμενοι (standing), which contrasts with the previous motion, signaling a shift to a static, investigative posture. The rhetorical question structure is embedded within the verb εἶροντο (they asked), which takes an indirect question introduced by ὅττι (what). The use of κηδοι (possessed/sorrowed) with the accusative object ὅ τι (what) is a notable construction where the verb implies a state of being overcome by an emotion or force, effectively asking 'what grief possessed them?' or 'what sorrow was upon them?'. The sentence is characterized by the asyndeton between the two main clauses (separated only by a comma in modern editions, though the Greek uses δ' to connect the participial actions), creating a rapid narrative flow typical of Homeric style.",2391
214,"Why, Polyphemus, did you, having spoken so loudly, cry out thus through the ambrosial night and keep us sleepless?","This sentence features a direct address (vocative case) to Polyphemus, the Cyclops, highlighting the personal confrontation between the speaker (Odysseus) and the monster. The verb 'αρημένος' (having spoken) is a perfect middle participle, indicating a completed action with present relevance, modifying the subject of the main verb 'εβοησας' (you cried out). The phrase 'δι' αμβροσίην' (through the ambrosial night) uses 'ambrosial' as a poetic epithet for night, elevating the darkness to a divine or ethereal quality, contrasting sharply with the violent context. The use of 'ωδε' (thus) emphasizes the manner of the cry, suggesting a specific, perhaps threatening, tone. The sentence structure employs a chiasmus-like effect with the parallel actions of crying out and keeping the listeners sleepless, underscoring the disruption caused by Polyphemus's behavior. The question mark indicates a rhetorical inquiry, inviting reflection on the absurdity or danger of the situation.",2392
215,Will anyone drive away your sheep against your will?,"The sentence features a direct question introduced by the particle ἤ (here written with a rough breathing and iota subscript as ἠ̓, often functioning as an interrogative particle in Homeric Greek), which sets up a yes/no inquiry. The use of the future indicative (εἰλάμνει) in the main verb indicates a potential or anticipated action, common in questions concerning future threats or uncertainties. The genitive absolute construction (σευ αἰκόντος) highlights the involuntary nature of the action, emphasizing the victim's lack of consent. The phrase 'against your will' (αἰκόντος) is a key element, underscoring the injustice or harm implied in the scenario. Additionally, the word order and the use of the genitive case for both the possessor (σευ) and the action (αἰκόντος) create a compact and emphatic structure typical of Homeric syntax, where conciseness and rhythmic flow are prioritized.",2393
216,Or will someone kill you by your own deceit or by force?,"This sentence features the use of the particle ἤ (here written as ἠὲ due to dialectal or orthographic variation in the source) introducing an alternative question. The construction juxtaposes two distinct means of violence: δόλῳ (by deceit/trickery) and βίῃ (by force), which is a common thematic opposition in Homeric poetry representing the duality of human conflict. The phrase σ’ αὐτὸν (you yourself) functions as a reflexive emphasis, suggesting the irony that the victim might be undone by their own cunning or by the overwhelming power of another. The syntax utilizes an asyndetic-like coordination between the two ablative-like instruments of action, though they are linked by the disjunctive conjunction. The use of the future indicative (κτείνει) in a direct question reflects a concern for a specific, impending fate.",2394
217,"And to them, again, the strong Polyphemus spoke from the cave.","The sentence exhibits the characteristic formulaic style of Homeric epic, utilizing the adverb αὐτε (here αὐτ') to denote repetition or return to a previous action, a common device in oral poetry to maintain rhythm and narrative continuity. The conjunction δέ serves as a connective particle linking this utterance to the preceding context. The adjective κρατερός ('strong' or 'powerful') is an epithet frequently applied to heroes and monsters in the Homeric corpus, emphasizing physical might. The syntax places the subject (Πολύφημος) and its modifier (κρατερός) at the end of the clause, a hyperbaton that delays the identification of the speaker, thereby building a moment of suspense before revealing the Cyclops's voice. The preposition ἐξ ('out of') with the genitive αἰντρου ('cave') establishes the setting, highlighting the confinement of the speaker and the isolation of the scene.",2395
218,"Oh friends, no man is killing me by fraud or by force.","This sentence contains the famous self-deprecating pun on the name 'Outis' (meaning 'no one' or 'nobody'). The speaker, Odysseus, uses this name to deceive the Cyclops Polyphemus. Grammatically, the sentence features a vocative address ('Oh friends') followed by a main clause where 'no man' (Outis) is the subject. The negation 'ou' combines with the enclitic particle 'de' to create a strong emphatic denial. The sentence employs asyndeton in the final phrase 'by fraud or by force' (dōlō ou-de biēsin), omitting a conjunction between the two instrumental nouns to accelerate the rhythm and emphasize the totality of the deception. The use of the instrumental case for both 'fraud' and 'force' highlights the two primary means by which one might be overcome, which the speaker claims are absent in his current situation.",2396
219,"But they, answering one another, spoke winged words.","The sentence features the Homeric epithet 'winged words' (ἐπέα πτερόεντα), a metaphorical expression where speech is likened to birds or swift objects, emphasizing the speed and liveliness of the exchange. The verb αἱρεῖσθαι (here αἱροῦνται, but in this context αἱρεῖσθαι is not used; instead, αἱρεῖσθαι is replaced by ἀμείβομαι) is used here in the middle voice (ἀπαμειβόμενοι), indicating a reciprocal action—speaking back and forth. The use of the dative plural participle ἀπαμειβόμενοι modifies the subject οἱ, indicating the manner in which the action of speaking occurs. The conjunction δέ (δ') is used to continue the narrative, often found in Homeric poetry to link clauses or sentences. The sentence structure is typical of Homeric verse, where participles are used to add descriptive detail to the main verb.",2397
220,"But if anyone is forcing you, as you are, to commit some sin, it is not possible to escape the plague of great Zeus, but pray to father Poseidon, the king.","The sentence employs a conditional structure introduced by 'ei' (if) with the particle 'men' emphasizing the condition, followed by a contrasting main clause introduced by 'alla' (but). The phrase 'oi̓on e̓onta' (as you are) functions as an adverbial modifier of manner, suggesting the speaker is addressing someone in their current state. The noun 'nouson' (disease/plague) is in the accusative case, serving as the object of the infinitive 'aleasthai' (to escape), which is the subject of the impersonal construction 'estin' (it is possible). The genitive 'Dios megalou' (of great Zeus) modifies 'nouson', indicating the source or agency of the plague. The imperative 'euchou' (pray) is addressed to 'sy' (you), with 'patri Poseidoni anakti' (to father Poseidon, the king) in the dative case, indicating the recipient of the prayer. The use of epithets like 'megalou' (great) and 'anakti' (king) highlights the divine status and authority of Zeus and Poseidon, respectively, reflecting the cultural reverence for these deities in ancient Greek society.",2398
221,"Thus they spoke, departing; but my heart laughed within me, because my name and my blameless cunning had deceived him.","The sentence features a striking personification where the speaker's 'heart' (κῆρ) is the subject that laughs (ἐγέλασσε), reflecting the intense internal joy and relief of the speaker (Odysseus) at successfully deceiving his captors. The verb αὐτοῦ (ἄρ') functions as a postpositive particle often used in narrative to mark the conclusion of a speech act or a transition in action ('now,' 'then'). The clause introduced by ὡς (because/since) explains the cause of the heart's laughter. The phrase 'name and blameless cunning' (ὄνομα ... καὶ μῆτις ἀμύμων) employs asyndeton (the omission of a conjunction between the first two items in a list, though here the conjunction 'and' is present, the structure emphasizes the two distinct qualities) and alliteration with the 'm' sounds in μῆτις and ἀμύμων, creating a rhythmic emphasis on the speaker's intellect. The adjective ἀμύμων (blameless, unassailable) is a common epithet in Homeric poetry, particularly associated with Odysseus, highlighting his moral and intellectual superiority in this context. The syntax uses a participial phrase (ἀπιόντες) to indicate the timing of the speech relative to the departure of the speakers.",2399
222,"But the Cyclops, groaning and in pain from his wounds, felt around with his hands; he took a stone from the doors, but he himself sat down at the doors, spreading his hands, in case he might catch anyone among the sheep walking toward the doorway.","The sentence employs a vivid present participle sequence (στεναχῶν, ὠδίνων, ψηλαφῶν) to depict the Cyclops's immediate physical reaction to his injury, creating a sense of urgency and sensory detail. The use of the dative plural χερσί (with hands) functions as an instrumental dative, emphasizing the tactile nature of his search. The particle δέ marks a transition to the Cyclops's subsequent action of blocking the exit. The construction μετ' οἵσσι (among the sheep) highlights the Cyclops's attempt to intercept the sheep, which he mistakes for the intruders. The final clause, introduced by εἰ (in case), uses the optative λαβοί (might catch) to express potentiality or purpose, reflecting the Cyclops's cautious strategy. The imagery of spreading his hands (χεῖρε πετάσσας) while seated at the doorway creates a striking visual of the Cyclops as a physical barrier, reinforcing his role as a guardian of his cave.",2400
223,For thus indeed did he hope that I was a fool in my mind.,"The sentence employs the adverbial particle που (pou) to express a degree of probability or affirmation, often translated as 'indeed' or 'surely,' which adds a tone of resigned acceptance to the speaker's reflection. The phrase ενι φρεσι (eni phresi), literally 'in the mind/hearts,' is a standard Homeric idiom for one's inner thoughts or intentions; the plural φρεσι (dative plural) here refers to the mental faculties collectively. The infinitive εἶναι (einai) functions as the object of the verb ἤλπετ' (elpteto, 'he hoped'), governed by the verb of thinking or hoping. The adjective νἠ̔πιον (nēpion), meaning 'foolish,' 'childish,' or 'naive,' serves as the predicate nominative to the infinitive, describing the state in which the subject was expected to exist. The sentence structure relies on an implied subject for the infinitive clause, which is the same as the object of the main verb (me, μ'), creating a tight syntactic bond between the hope and the anticipated state of the speaker. The use of γαρ (gar) at the beginning indicates that this clause provides a causal explanation for a preceding statement, likely justifying the speaker's current situation or the actions of another character.",2401
224,"But I was deliberating how it might not turn out for the best, if I should find some release from death for my companions and for myself.","The sentence begins with αὐτάρ, a postpositive conjunction often used in Homeric poetry to introduce a shift in speaker or topic, here marking the transition to Odysseus's internal state. The verb βουλεύω (to deliberate/counsel) is in the imperfect indicative, conveying a continuous or repeated action in the past—Odysseus is actively weighing his options. The clause introduced by ὅπως with the aorist optative γένοιτο expresses a purpose or desired outcome, literally 'in such a way that it might not happen.' The phrase ὄχ' ἀρίστα is a contraction of οὐχ ἀρίστα, functioning as a negative adverbial phrase modifying the verb; the use of the superlative ἀρίστα (best) in a negative context suggests a concern that events might turn out worse than they could have. The sentence employs a conditional structure (εἰ + optative) to express a hypothetical possibility in the past. The noun λύσιν (release/deliverance) takes a genitive of source (θανάτου) and is coordinated with two dative objects of benefit: τοῖς ἐταίροισιν (for the companions) and ἐμοὶ αὐτῷ (for myself). The use of αὐτῷ as an intensive pronoun emphasizes the personal nature of the speaker's desire for survival alongside that of his men. Stylistically, the sentence reflects the characteristic Hesiodic or Homeric concern with fate, deliberation, and the precarious balance between human agency and divine will.",2402
225,"Weave all tricks and plans, as if for your very life.","The verb ὑφαίνον (imperfect active imperative 2nd person singular of ὑφαίνω, 'to weave') is used metaphorically here to describe the fabrication of schemes, drawing on the imagery of a weaver creating a complex fabric from threads. The construction ὡς τε (ὡς + τε) introduces a simile meaning 'just as' or 'as if,' emphasizing the intensity and urgency of the action. The preposition περί with the genitive ψυχῆς ('life/soul') denotes the stakes involved, suggesting that the deception is being pursued with the same desperation as one would fight for one's own survival. The phrase πᾶντας δὲ δόλους καὶ μῆτιν combines concrete 'tricks' (δόλους) with abstract 'plans' or 'cunning' (μῆτιν), a common Homeric pairing that highlights both the deceptive act and the strategic mind behind it. The use of the enclitic τε after ὡς creates a rhythmic link typical of epic formulaic language, reinforcing the comparison.",2403
226,For a great evil is at hand.,"The sentence employs the causal particle γάρ ('for'), which in Homeric epic frequently introduces an explanatory clause or shifts the narrative focus to an immediate cause. The adjective μέγα ('great') modifies the neuter noun κακόν ('evil'), emphasizing the severity of the impending danger. The adverb εἰγγύθεν ('nearby', 'at hand') combined with the present tense of the copula εἶναι (here εἶεν) creates a sense of imminent threat. The word order places the adjective μέγα at the very beginning of the clause, a feature known as hyperbaton, which serves to highlight the magnitude of the evil before the subject itself is introduced. This structure is typical of the Homeric style, where emphasis is often achieved through the separation of modifiers from their heads.",2404
227,And this counsel seemed to me the very best according to my heart.,"The sentence utilizes the dative of possession ('μοι') combined with the impersonal passive construction of 'φαίνετο' (to appear, seem), a common Homeric idiom for expressing personal opinion or judgment. The prepositional phrase 'κατὰ θυμόν' (according to the heart/mind) is a standard formulaic expression in epic poetry denoting deep internal conviction or genuine feeling, rather than mere intellectual assent. The adjective 'ἄριστη' (best) is in the superlative degree, emphasizing the speaker's absolute certainty in their decision. The demonstrative pronoun 'ἥδε' (this) creates a strong deictic focus, pointing immediately to the specific plan under discussion. The particle 'δέ' serves a connective function, bridging this thought to the preceding narrative context while maintaining a rhythmic pause typical of hexameter verse.",2405
228,"They were male sheep, well-fed, woolly, beautiful and large, holding a violet-hued fleece.","This sentence employs a series of paratactic adjectives (εὐτρεφεές, δασύμαλλοι, καλοί, μεγάλοι) to create a vivid, cumulative portrait of the sheep's physical condition and appearance, a technique common in Homeric epithets. The use of the connective particle τε (te) in the phrase 'καλοί τε μεγάλοι τε' (beautiful and large and) is an example of polysyndeton, which slows the rhythm of the verse and emphasizes the qualities of the animals. The adjective 'ἰοδνεφές' (violet-hued or purple-shadowed) is a distinctive Homeric compound adjective; 'ἰο-' refers to violet or purple, and '-δνεφές' suggests shadowy or misty, evoking the rich, deep color of the wool. The participle 'ἔχοντες' (holding/possessing) functions attributively to describe the sheep, completing the description with a detail about their fleece. The syntax relies on a nominative subject with a copula and a string of predicates that function as both descriptive attributes and a final participial phrase.",2406
229,"They were unwearying co-workers with the well-woven osiers, on which the monster Cyclops lay sleeping, knowing lawless deeds, while they plied their twisting efforts.","This sentence employs a complex participial structure to layer actions and descriptions. The main verb συνέεργον (they were co-workers) is qualified by two distinct participial phrases. The first, ἔπι Κύκλωψ ἔνδε πέλωρ (on which the monster Cyclops lay), uses the perfect participle ἔνδε (lay/slept) to describe a state, while πέλωρ (monster) serves as an appositive emphasizing the Cyclops's monstrous nature. The second participial phrase, ἀθεμίστια εἰδώς (knowing lawless deeds), uses the perfect participle of ὄδα (to know) to denote a state of being or inherent knowledge of transgression (ἀθεμίστια), a key thematic element in the Cyclops episode regarding the violation of xenia (guest-friendship). The final participle, σύντρεις αἰνύμενος (while they plied their twisting efforts), uses the present middle participle of ἄνυμαι (to ply, to work) modified by the adverb σύντρεις (twistingly, tightly), describing the continuous action of the companions. The syntax creates a chiastic rhythm between the action of the companions (working with osiers) and the state of the Cyclops (sleeping on them), highlighting the contrast between the characters' industriousness and the monster's obliviousness. The adjective ἐυστρεφέεσσι (well-woven) modifies λύγοισιν (osiers), emphasizing the craftsmanship of the binding material used by the companions.",2407
230,"One of them carried a man in the midst, while the other went on either side, saving their companions.","The sentence employs the correlative particles μέν and δ' to contrast two simultaneous actions performed by different individuals within a group. The first clause uses the imperfect indicative φέρεσκε, indicating continuous or habitual action in the past, while the second clause uses the imperfect ἦλθον (ἦν) or rather ἦλθον (ἦλθον) - wait, the lemma is ἔρχομαι, form ἦλθον is aorist, but the form given is ἦλθον? No, the form is ἦλθον? Let's re-examine the form: ἴτην. This is the imperfect of ἔρχομαι (to go), third person singular. The verb φέρεσκε is also imperfect. The adverb εἰκάτερθεν means 'on each side' or 'on either side,' emphasizing the spatial arrangement of the two figures flanking the central figure. The participle σώοντες (present active participle, nominative plural masculine) functions as a circumstantial participle, indicating the purpose or accompanying circumstance of the action 'going on either side.' The syntax highlights a coordinated effort where one carries the central figure while the others secure the surrounding companions. The phrase ἐν μέσῳ ἀνδρα is a striking image of a man being carried in the middle, possibly suggesting a position of honor or vulnerability. The use of the imperfect tense throughout creates a vivid, ongoing narrative scene.",2408
231,But three sheep each carried every man.,"The sentence employs the verb φέρον (imperfect active indicative, 3rd person plural), indicating a continuous or habitual action in the past narrative. The subject οἶες (sheep) is plural, while the direct object φῶτ' (men) is singular, creating a distributive relationship clarified by the distributive adjective ἕκαστον (each/every) modifying φῶτ'. The particle δέ functions as a connective, often used to continue a narrative thread or mark a slight shift in focus. The word order is flexible, typical of Homeric epic, placing the numeral τρεῖς at the beginning for emphasis, followed by the distributive element and the subject-object pair. This structure highlights the distribution of the load (sheep) among the individuals (men), a common motif in descriptions of labor or sacrifice in the Odyssey. The use of the imperfect tense suggests an ongoing action within the broader context of the narrative, possibly describing a repetitive task or a scene of movement.",2409
232,"But as for me, for I was not the best of all the rams among the sheep, I lay down, taking hold of his back and hanging beneath his shaggy belly.","The sentence begins with the emphatic conjunction αὐτάρ (but/as for), which is frequently used in Homeric poetry to mark a sharp transition in narrative focus or to introduce a speaker's perspective distinct from the preceding action. The particle γε following the pronoun ἐγώ adds strong emphasis, reinforcing the speaker's personal identification. The clause αἰνείος γάρ εἴην μηλῶν ὀχ᾽ ἄριστος ἀπάντων contains a hyperbolic self-deprecation; the speaker claims to be the least capable of the flock, a metaphorical description of his vulnerability or lack of status compared to the 'best' rams. The syntax features a participial construction (λαβών) and a perfect passive participle (ἐλυσθείς) functioning adverbially to describe the manner in which the speaker lay down (κειμην). This creates a vivid image of physical entanglement. The phrase 'hanging beneath his shaggy belly' (λασίην ὑπὸ γαστέρ᾽ ἐλυσθείς) utilizes the adjective λασίην (shaggy/hairy) to evoke the texture of the sheep's fleece, adding sensory detail to the action. The use of the aorist participle λαβών followed by the perfect participle ἐλυσθείς indicates a sequence of actions: seizing the back and then remaining in a suspended state. The sentence structure effectively combines the speaker's internal justification with the external physical action, a common technique in Homeric narration to link character motivation with descriptive action.",2410
233,"But, having turned myself swiftly with the hands of the imperishable one, I held on with a spirit of endurance.","The sentence features the enclitic conjunction 'αὐτὰρ' (but/however), which is standard Homeric usage to mark a transition or contrast in narrative action. The participle 'στρεφθείς' (having turned) is aorist middle/passive, indicating a completed action prior to the main verb 'ἐχόμην' (I held/was holding). The phrase 'χερσίν αἰῶτος θεσπεσίοιο' is a notable example of an epithet: 'αἰῶτος θεσπεσίοιο' (of the imperishable/divine one) refers to the sea god Poseidon, whose power over the waves is implied by the speaker's struggle. The dative 'τετληότι θυμῷ' (with an enduring spirit) is an instrumental dative, describing the manner or means by which the action is performed, emphasizing the psychological state of the speaker. The adverb 'νωλεμέως' (swiftly) modifies the participle, highlighting the urgency of the movement. The syntax reflects the oral tradition of Homeric poetry, where the rhythm and meter are maintained through the careful placement of epithets and the use of participial phrases to convey complex actions concisely.",2411
234,"So then, we remained, groaning, until the dawn.","The sentence employs the adverbial conjunction ὡς (hōs) to mean 'so' or 'thus,' often used in Homeric narrative to signal a transition or consequence. The particle μέν (mén) here sets up a contrast for a subsequent clause (which would typically be introduced by δέ, dé, 'but'), a common feature in epic poetry known as the μέν...δέ construction, though only the first part is present here. The participle στεναχόντες (stenachontes), meaning 'groaning' or 'lamenting,' is in the nominative plural, agreeing with the subject of the main verb ἐμείναμεν (emeinamen, 'we remained'), functioning as an adverbial participle of manner. The verb μένω (menō) with the accusative of time (Ἠῶ διῖαν, 'bright dawn') indicates duration, a construction frequently found in Homeric Greek to denote the length of an action. The epithet διῖαν (diian, 'bright' or 'rosy') is a standard Homeric attribute for Dawn (Ἠώς), reflecting the poet's formulaic style and the cultural significance of dawn as a moment of transition and hope.",2412
235,"When early-born Dawn, rosy-fingered, appeared, then afterwards the male sheep were driven out to the pasture, while the ewes remained un-milked around the pens.","The sentence features the iconic Homeric epithet 'rosy-fingered' (ῥοδοδάκτυλος) applied to Dawn (Ἠώς), a standard formulaic device used in oral epic poetry to evoke the visual imagery of sunrise. The syntax employs a temporal clause introduced by ἥμος (when) followed by a main clause indicating the subsequent action. A clear contrast is established in the second half of the sentence through the use of the adversative particle δέ, juxtaposing the active movement of the male sheep (ἀρσένα) driven out with the passive state of the female sheep (θηλείαι) who are described as 'un-milked' (ἀνημέλκτοι) and stationary around the pens (περὶ σηκοῦς). The verb ἐξεσσύτο implies a forceful or hurried driving out, contrasting with the stative perfect μημήκον (they have remained). The phrase 'early-born' (ἠριγενεία) for Dawn is another traditional epithet emphasizing her role as the bringer of the day. The sentence structure effectively mirrors the daily rhythm of pastoral life, highlighting the separation of duties and the specific care required for the flock.",2413
236,For their udders were being milked.,"The sentence employs the imperfect middle/passive indicative of σφαραγέομαι, a verb specifically denoting the act of milking, particularly in a ritual or agricultural context. The use of the imperfect tense suggests a continuous or habitual action occurring in the narrative past. The particle γάρ indicates that this clause provides an explanation or cause for a preceding statement, likely describing the preparation of a meal or the abundance of provisions available. The subject οὐ̓́θατα (udders) is a neuter plural noun, and the verb agrees with it in number and person. The syntax is straightforward, with the subject preceding the verb, a common feature in Ancient Greek for emphasis or clarity.",2414
237,"The overlord, worn down by painful troubles, sought the backs of all the sheep that stood upright.","The participle τειρόμενος (worn down, exhausted) governs the dative plural οδυνησιν κακησιν (by painful troubles), illustrating a common Homeric construction where abstract sufferings are personified or treated as external forces acting upon the subject. The verb ἐπεμαίετο (sought, inspected) takes the accusative νῶτα (backs) as its direct object, indicating a physical search or examination. The relative clause οἷων... ἑσταότων (of which... standing) modifies ὀίων (sheep), with the adjective ὀρθῶν (upright/straight) emphasizing the specific posture of the animals, likely in a pen or enclosure. The use of the imperfect tense ἐπεμαίετο suggests a continuous or repeated action, fitting the context of a search or inspection. The sentence structure relies heavily on participial phrases to convey simultaneous states and actions, a hallmark of Homeric narrative style.",2415
238,"But the fool did not perceive, how the birds with woolly fleece were bound to their chests.","The adjective νηπίος (foolish, ignorant, childlike) functions here as a substantive noun referring to Odysseus in his moment of naivety or self-deception, a common Homeric device where a character is described by their temporary state of mind. The verb εἰνοήσεν (perceived, understood) is in the aorist tense, indicating a punctual failure of comprehension. The clause introduced by ὡς (how) explains the nature of the deception: the 'birds' (οἶες, sheep) are described with the epithet εἰροπόκων (wool-bearing, or woolly-fleeced), a poetic compound highlighting the texture of the fleece. The passive perfect δεδέμτο (were bound) suggests a state resulting from a past action, emphasizing the entrapment. The syntax presents a stark contrast between the subject's lack of understanding and the physical reality of the situation described in the subordinate clause.",2416
239,"The last ram of the flock was making his way to the doorway, being squeezed, and thinking deeply for me.","The verb στείχω (to move, go) is used here in the imperfect tense to describe the ram's movement toward the door (θύραζε, a dative of direction). The participle στεινόμενος (being squeezed/pushed) is a present passive participle modifying the ram, illustrating the physical constraints of the tight space as the sheep attempt to exit. The phrase πυκινὰ φρονέοντι (thinking thickly/deeply) is a striking Homeric epithet; πυκνός (thick/dense) is metaphorically applied to thought, suggesting a mind that is heavy, focused, or perhaps burdened with complex calculation. This usage highlights the ram's perceived role in the narrative, as it is the only animal 'thinking' deeply, likely due to the specific context of the Cyclops's cave where the ram is the only creature capable of sensing or recalling the Odysseus hidden beneath its fleece. The syntax places the ram as the subject (ἀρνειὸς) modified by ὕστατος (last) and μήλων (of sheep), establishing a clear visual hierarchy of the exit sequence.",2417
240,"And, having touched him, strong Polyphemus spoke.","The sentence features a temporal or causal aorist participle (ἐπιμασσαμένος) placed before the finite verb (προσεφή), a common Homeric construction that establishes the action of touching as the immediate precursor to the speech. The adjective κρατερός ('strong' or 'powerful') functions as an epithet for Polyphemus, a standard formulaic device in Homeric epic used to characterize the Cyclops and emphasize his physical dominance. The conjunction δέ (δ') serves as a postpositive connector, linking this utterance to the preceding narrative action. The syntax places the subject (Polyphemus) and his epithet at the end of the clause, creating a slight suspension before the speaker is fully identified, which builds a moment of dramatic focus on the action of speaking.",2418
241,"Ram, my friend, why have you so hurriedly come through the cave as the last of the sheep?","The vocative address 'κριε' (ram) combined with 'πεπον' (my friend/old fellow) is a characteristic example of Homeric irony, where a speaker addresses an inanimate object or animal with a term of endearment typically reserved for humans. The adverb 'ὧδε' (in this manner/here) emphasizes the suddenness or unexpected nature of the action. The syntactic structure places the superlative adjective 'ὕστατος' (last) in apposition to the implied subject of the verb 'ἔσσυο' (you hastened), highlighting the speaker's observation that the addressee is the final one to emerge. The use of the aorist imperative 'ἔσσυο' with the particle 'τι' (why) creates a rhetorical question expressing surprise or reproach. The prepositional phrase 'δια σπεος' (through the cave) sets the spatial context for the hurried movement.",2419
242,"Not indeed did you come behind the others, but you much precede in grazing the tender flowers of the grass, going far; and you are the first to reach the streams of the rivers, and you desire to return to the fold first at evening.","This sentence employs a strong chiasmic structure across its clauses, beginning with a negation of lateness ('not indeed... behind') followed by a triple affirmation of precedence ('first... first... first'). The particle 'γε' attached to 'παρος' adds an emphatic tone to the contrast between the negative and positive assertions. The verb 'νέμω' (to graze or distribute) is used transitively here with 'flowers' as the object, a poetic usage characteristic of the pastoral imagery found in the Odyssey. The phrase 'σταθμόνδε' is a unique adverbial form meaning 'to the fold' or 'to the enclosure,' highlighting the specific destination of the sheep. The repetition of 'πρώτος' (first) at the start of three consecutive clauses creates a rhythmic anaphora that emphasizes the sheep's superior speed and diligence. The syntax uses a series of participles ('βιβάς' - going, 'απονεέσθαι' - to return) to describe the manner and purpose of the actions, typical of Homeric narrative style which often layers action and description within a single sentence flow.",2420
243,"Now, at the very last.","The sentence is a fragment consisting of three adverbs functioning as a temporal and emphatic statement. 'νῦν' (now) sets the immediate temporal context. 'αὖτε' (again/once more) introduces a sense of recurrence or return to a previous state or action. 'πανύστατος' is an adverbial superlative form derived from 'πανύστατος' (last of all, most last), intensifying the finality of the moment. Stylistically, the juxtaposition of these three adverbs creates a rhythmic, emphatic conclusion, typical of Homeric verse where such adverbial stacking marks a decisive turn in the narrative or the end of a specific action. The fragment implies a preceding context of repeated actions or events that have now reached their absolute conclusion.",2421
244,"Surely you miss the eye of your lord, whom a wretched man has destroyed along with his wretched companions, having subdued his mind with wine—Odysseus, whom I do not yet declare to have escaped destruction.","This passage features the verb ποθεῖς (you miss/desire), which conveys a deep longing or yearning for a specific object, here the 'eye' of the lord. The phrase 'the eye of your lord' is a synecdoche, where the eye represents the person or the gaze of the lord. The relative clause introduced by 'whom' (ὅν) describes the fate of this lord, who has been destroyed (ἐξάλωσε) by a 'wretched man' (ἀνὴρ κακός) alongside his 'wretched companions' (λυγροῖς ἐτάροισι). The participle δαμασάμενος (having subdued) indicates the means by which the destruction occurred: by subduing the mind with wine (φρένας οἴνῳ). The name 'Odysseus' (Οὖτις) is used as an appositive, emphasizing the identity of the 'wretched man.' The final clause, 'whom I do not yet declare to have escaped destruction' (ὃν οὐ πῶ φημὶ πεφυγμένον εἶναι ὄλεθρον), uses the perfect passive participle πεφυγμένον to denote a state of having escaped, modified by the adverb πῶ (yet) and the negative οὐ. The sentence structure is complex, with multiple layers of relative clauses and participial phrases, reflecting the intricate narrative style typical of Homeric poetry.",2422
245,"If you are of one mind with me, address me and tell me where that man has driven my strength.","The sentence features a conditional protasis introduced by εἰ (if) combined with the particle δή (indeed/now) and τε, creating a rhetorical tone of urgency or emphasis. The verb γένοιτο (aorist optative of γίγνομαι) expresses a potential wish or condition, common in Homeric dialogue where the speaker hopes for agreement before proceeding. The compound προσφωνεῖς (you address/speak to) implies a direct, personal interaction, fitting the context of a hero seeking counsel or information. The phrase ὅππη (where) introduces an indirect question, functioning as the object of εἰπεῖν (to tell), which itself is the infinitive of purpose or content dependent on the main verb. The use of μένος (strength/energy) refers not merely to physical power but to the vital spirit or martial vigor of the speaker, a recurring motif in Homeric epic to describe the heroic essence. The sentence structure relies on parataxis in the protasis, with τε linking the adjectives οἱμοφρονέοις (of one mind) and the verbal idea, while the main clause flows into the indirect question without a conjunction, showcasing the fluidity typical of Homeric syntax.",2423
246,"His brain would easily spill out of the cave, dropping from one side to the other as he thrust, and my heart would be deprived of all evil, which worthless Nobody gave me.","This sentence exhibits the famous Polyphemus riddle where the Cyclops refers to himself as 'Nobody' (Οὖτις), a pun on the Greek word οὐτις (no one). The verb θεινομένου (thrusting) is a present middle participle modifying the action, while ραίητο (would spill) is an imperfect optative expressing a conditional future event. The phrase 'from one side to the other' (ἀλλυδίς ἄλλη) emphasizes the violent, repetitive motion of the Cyclops' thrusting. The term 'worthless Nobody' (οὐτιδανός Οὖτις) is a powerful oxymoron that highlights the Cyclops' ignorance of the true nature of his enemy, Odysseus. The use of the optative mood throughout the first clause creates a hypothetical scenario, while the final clause shifts to the indicative (ἔδωκεν) to state the factual origin of the 'evil' or misfortune.",2424
247,"Thus, having spoken, he sent the ram away from him outside.","The sentence employs the adverbial participle 'εἰπών' (having spoken) to indicate an action immediately preceding the main verb 'πέμπε' (send), a common narrative technique in Homeric epic to maintain temporal flow without conjunctions. The adverb 'ὡς' here functions to mean 'thus' or 'so,' signaling the completion of a preceding speech act. The phrase 'αὐτοῦ' is represented by the enclitic genitive pronoun 'εὖ' (from 'ἐός'), which in this dialectal context refers back to the subject (the speaker, Odysseus), though the text provided shows 'εὖ' which is likely a textual variant or OCR error for 'ἐός' (his/own) or 'αὐτοῦ'; however, strictly adhering to the provided lemma 'ἐός' (his/own), it translates as 'from his [side]'. The verb 'πέμπε' is an aorist imperative, but in narrative contexts, it often functions as a narrative aorist indicative ('he sent'), especially when the subject is clear from context. The adverb 'θύραζε' (outside the door, out of doors) is a specific Homeric locative adverb that emphasizes the action of expulsion beyond the threshold, a culturally significant boundary in the ancient Greek home. The sentence structure is compact, typical of Homeric style, utilizing asyndeton (lack of conjunctions) between the participle and the main verb to create a swift, rhythmic narrative pace.",2425
248,"Having come there, we were first released from the cave and the courtyard by the ram, and I unbound my companions.","The sentence opens with an aorist active participle (ἐλθόντες) in the nominative plural, which sets the temporal context for the main verbs. The syntax features a striking contrast between the passive voice in the first clause (λυόμην, 'I was released') and the active voice in the second (ὑπέλυσα, 'I unbound'), linked by the coordinating particle δέ. This juxtaposition highlights the shift from the narrator's passive experience of escape (guided by the ram) to his active agency in freeing the men. The preposition ἀπό ('from') governs two accusative nouns, σπείους (cave) and αὐλῆς (courtyard/pen), connected by τε...καί ('both...and'), a common Homeric construction. The phrase ὑπ' ἀρνείου ('by the ram') utilizes the preposition ὑπό with the genitive to indicate the agent of the passive verb, a usage that personifies the ram as the liberator. The verb ὑπολύω ('unloose') is etymologically related to λύω but adds the nuance of undoing a bond or fetter, fitting the context of captivity. The rhythm of the line emphasizes the sequence of events: arrival, release from confinement, and the specific act of freeing the crew.",2426
249,"Swiftly, then, we drove the broad-footed, fat-fleeced sheep, driving them around and around, until we reached the ship.","The sentence exhibits a vivid epic style characteristic of Homeric diction. The adjective 'ταναυπόδα' (broad-footed) is a distinctive epithet for cattle or sheep, emphasizing their robustness and value, while 'πιόνα δώμα' (fat-fleeced) uses a genitive of quality to describe the thickness and richness of the wool. The adverb 'καρπαλίμως' (swiftly) conveys the urgency of the action. The participle 'περιτροπεόντες' (driving around) is modified by 'πολλά' (many times), creating an image of the herd being turned and driven in circles, perhaps to confuse them or gather them before driving them aboard. The use of the conjunction 'δὲ' links this action to previous narrative events without a new subject. The final clause, introduced by 'ὥρ' (until), with the aorist subjunctive 'ἴκομεθ' (we reached), marks the culmination of the action. The syntax flows with a rhythmic quality, typical of oral poetry, where the participle phrase elaborates on the main verb's manner.",2427
250,"We shall appear welcome to our dear companions, who escaped death, but they, grieving, lamented those [men].","The sentence employs a chiastic structure in its logical flow: the speaker's group (who escaped death) is contrasted with the men being lamented. The verb φάνημεν is in the future middle indicative, often used here to mean 'appear' or 'be seen as' with an adverbial modifier (ἀσπάσιοι). The relative clause οἳ φύγομεν θάνατον refers to the speaker's companions, while the demonstrative pronoun τοὺς in the final clause refers to the deceased men being mourned by the companions. The participle γοῶντες (wailing/mourning) agrees with the subject of στενάχοντο (they lamented), which is the companions, creating a poignant contrast between the joy of survival and the sorrow of loss. The use of δὲ in two places serves to connect the clauses and mark a shift in focus. The word φίλοις functions as an adjective modifying ἑτάροισι, emphasizing the close bond between the survivors.",2428
251,"But I was not wishing, nodding to each with my eyebrows, to weep; rather, I ordered them to put the many beautiful-haired sheep quickly into the ship and sail over the salty sea.","This sentence employs a classic 'not X, but Y' (ouk X, alla Y) construction to contrast the narrator's internal restraint with their external command. The verb εἰών (from αἱάω) is a rare Homeric form meaning 'to wish' or 'to intend,' used here in the imperfect tense to describe a state of mind that is being suppressed. The phrase ἄνα δ' οφρυσὶ νεῦον ('nodding with the eyebrows') is a vivid example of synecdoche, where the specific gesture of the eyebrows represents the act of communicating or signaling, a common feature in Homeric descriptions of non-verbal communication. The use of the participle βαλόντας ('having put') followed by the infinitive ἐπιπλεῖν ('to sail') creates a sequence of actions where the command encompasses both the loading and the subsequent journey. The adjective καλλιτρίχα ('beautiful-haired') is a characteristic epithet for sheep in the Homeric tradition, emphasizing their value and the pastoral nature of the setting. The phrase ἅλμυρον ὕδωρ ('salty water') is a standard periphrastic expression for the sea in epic poetry, avoiding the more common noun θάλασσα to maintain the metrical rhythm and elevate the diction.",2429
252,"And they immediately went inside and sat upon the keys, and sitting in a row they struck the grey sea with their oars.","This sentence employs a sequence of three aorist/imperfect indicative verbs (εἰσέβαινον, ἐκάθιζον, ἐτύπτον) to describe a rapid succession of actions, a common narrative technique in Homeric epic to convey urgency and movement. The adverb αἰψά ('immediately') reinforces this swift transition from disembarking to rowing. The phrase ἐπὶ κληῖσι καθίζον ('sat upon the keys') is a notable metonymy; the 'keys' (kleîs) refer specifically to the thwarts or cross-beams of the ship upon which the rowers sat. The participle ἐξομένοι ('sitting in a row' or 'in order') modifies the main verb τυπτον ('struck'), indicating the coordinated manner of their rowing. The epithet πολιοῖν ἅλα ('grey sea') is a standard Homeric formula, where the color grey likely describes the foaming or churning nature of the water under the force of the oars, or perhaps the distant, hazy appearance of the sea. The syntax uses asyndeton (the omission of conjunctions between clauses) in the first part ('they went inside and sat') to increase the pace, before introducing δέ ('and') to link the rowing action, creating a rhythmic shift from rapid movement to sustained effort.",2430
253,"But when he had gone as far as the distance he had called out after shouting, then I addressed the Cyclops with mocking words.","The sentence employs a specific temporal structure using 'ἀλλ' ὅτε' (but when) to introduce a sequence of events. The phrase 'ὅσσον τε γέγωνε βοήσας' contains a participle (βοήσας, 'having shouted') modifying the verb 'gegone' ('he had called out'), indicating the manner of the call. The use of 'τόσσον' (as far) and 'ὅσσον' (as much) creates a parallel structure that emphasizes the distance covered relative to the shout. The verb 'προσαυδάω' (to address or speak to) is often used in contexts of direct confrontation or significant dialogue, here highlighting Odysseus's interaction with the Cyclops. The adjective 'κερτομίοισι' (mocking, taunting) in the dative case describes the manner of speech, adding a layer of psychological strategy to the narrative, as Odysseus employs wit and mockery to manipulate the situation. The sentence structure reflects the oral tradition of epic poetry, where parallelism and rhythmic balance are key stylistic features.",2431
254,"Cyclops, you were not destined to eat the companions of a weakling man in your deep cave with violent force.","The sentence features a vocative address (Κύκλωψ) followed by a periphrastic future construction using μελλω (μελλω + infinitive), which here carries a nuance of fate or destiny rather than simple future intention. The particle αρα (αρ') adds a tone of rhetorical emphasis or surprise, often translated as 'then' or 'indeed,' heightening the irony of the Cyclops's impending doom. The phrase αναλκιδος ανδρος (of a cowardly man) is a striking epithet; the Cyclops, a giant, is here being told he will fall to a man who appears weak but possesses cunning (a key theme in the Odyssey). The syntax includes a double genitive modifier (αναλκιδος modifying ανδρος, which in turn modifies εταιρους), creating a layered description of the victims. The adverbial phrase εν σπηι γλαφυρωι (in the hollow cave) uses the dative case for location, while κρατερηφι βηφι (with violent force) is a dative of manner. The word order emphasizes the contrast between the Cyclops's physical strength (κρατερηφι) and the perceived weakness of his victim (αναλκιδος). The sentence exhibits a dramatic irony typical of Homer, where the giant's overconfidence is undercut by the foreshadowed defeat.",2432
255,"And surely it was destined that evil deeds should come upon you, wretch, because you did not respect strangers to eat in your own house.","The sentence features the periphrastic future construction with μέλλω (to be about to) + infinitive (κιχήσεσθαι), emphasizing the inevitability of the impending punishment. The adverb λιάν (lián) means 'very' or 'exceedingly,' intensifying the certainty of the fate. The vocative σχετλίε (skhetlios) is a strong term of abuse, often translated as 'wretch' or 'ruffian,' used here to express the speaker's outrage. The phrase 'ξείνους οὐκ ἄζεο' (you did not respect strangers) refers to the sacred duty of xenia (guest-friendship), a central cultural and religious obligation in ancient Greek society. The use of the dative case for 'οἴκῳ' (house) with the preposition 'ἐν' (in) indicates the location where the act of hospitality was neglected. The sentence structure is straightforward, with the main clause followed by a causal clause introduced by 'ἐπειδή' (because). There is no chiasmus or asyndeton in this sentence, but the emotional weight is conveyed through the direct address and the clear cause-and-effect relationship between the neglect of hospitality and the coming punishment.",2433
256,May Zeus and the other gods repay you.,"The sentence employs the aorist middle imperative (τίσατο), which functions here as a jussive or optative-like wish, common in curses or blessings within epic poetry. The adverb τῷ (meaning 'thus' or 'so') modifies the verb, indicating that the repayment is to occur in the manner just described or in accordance with the speaker's intent. The structure features a compound subject joined by the coordinating conjunction καὶ (Zeus and the other gods), emphasizing the collective authority of the divine. The use of the middle voice in τίσατο suggests a reflexive or self-directed action, where the gods enact justice or retribution upon the addressee, fitting the thematic context of divine vengeance or reward in the Odyssey.",2434
257,"Thus I spoke, but the other, having grown even more angry with his spirit, broke off the peak of a great mountain and cast it down before the ship with the dark blue prow, the little bird-like tip; he intended to strike the ship's peak, but the sea was stirred by the great rock descending beneath it.","This passage exemplifies the Homeric technique of similes and dynamic action verbs to convey scale and violence. The phrase 'κηρόθι μαλλον' (with his spirit/mind even more) is an idiomatic expression for intensified anger, highlighting the internal state of the Cyclops. The compound adjective 'κυανοπρώροιο' (dark-blue-prowed) is a characteristic Homeric epithet used to describe ships, emphasizing their visual appearance and the danger they face. The verb 'εδευησεν' (he intended to strike) followed by the infinitive 'ικέσθαι' (to reach/strike) illustrates a common construction for expressing purpose or intention in narrative. The final clause 'εκλύσθη δε θαλασσα' uses the passive voice to personify the sea as reacting to the falling rock, a stylistic feature that emphasizes the cosmic scale of the event. The sentence structure uses asyndeton (the omission of conjunctions between clauses) in the sequence of actions to create a sense of rapid, unstoppable motion, while the use of 'δε' (but/and) at the start of several clauses provides a rhythmic transition between the Cyclops's actions and the sea's reaction.",2435
258,"And immediately the ebb-tide wave carried her toward the shore, a flood from the sea, to reach dry land.","This sentence employs vivid Homeric imagery to describe the motion of the sea. The adjective παλιρροθιον (ebb-tide, or flowing back) is a compound formation characteristic of epic diction, emphasizing the rhythmic, oscillating nature of the wave. The noun πλημυρις (flood, tide) functions as an appositive to κυμα (wave), intensifying the force of the water described. The syntax features a paratactic structure linked by the coordinating particle δε, connecting the main action (the wave carrying her) with the infinitive of purpose (θεμωσε... ικεσθαι, to reach dry land). The use of the aorist infinitive ικεσθαι alongside the present imperative φερε creates a sense of immediate completion following the action. The enclitic particle δ' after την serves a connective function, linking this event to the preceding narrative context.",2436
259,"But I, taking in my hands a very long spear, thrust it past them, and having exhorted my companions, I ordered them to throw in their oars, so that they might escape from the evil, nodding with my head.","This sentence exhibits a classic Homeric narrative sequence marked by the particle αὐτάρ (autar), which signals a transition or contrast in the action. The syntax relies heavily on a series of aorist participles (λαβών 'having taken', ὥσα 'thrust', ἐποτρύνας 'having exhorted') to create a rapid, sequential flow of actions performed by the subject 'I'. The main verbs ὥσα and ἐκέλευσα are coordinated, while the final participle κατανεύων ('nodding') is attached to the main clause to indicate the manner of the command. The purpose clause introduced by ἵνα (ἵν') with the optative φυγοίμεν ('they might escape') expresses the intended result of the action. The phrase ὑπὲκ κακοῦ (ὑπὲκ κακοότητα) is a specific Homeric idiom meaning 'to escape from evil' or 'to get away from danger'. The use of the instrumental dative χειρίσσι ('with hands') and κρατί ('with head') emphasizes the physical agency of the speaker. The sentence ends with a vivid, non-verbal gesture (nodding) that reinforces the authority of the command.",2437
260,"But they, having thrown themselves forward, began to row.","The sentence opens with the enclitic particle δέ, which here functions as a discourse marker to signal a continuation or contrast with the preceding narrative action. The participle προπεσόντες (from προπίπτω) is aorist active participle, masculine nominative plural, agreeing with the subject οἱ. In this context, it indicates an action performed immediately prior to the main verb, conveying a sense of dynamic, coordinated movement as the oarsmen lean into their task. The main verb ἐρέσσον is imperfect active indicative, third person plural, denoting an ongoing or repeated action in the past. The syntax highlights the physical exertion required for rowing in the epic tradition, where the collective effort of the crew is often described with visceral verbs of leaning or throwing forward.",2438
261,"But when, having traversed the sea twice that distance, we had departed, then at that very moment I addressed the Cyclops.","The sentence features the particle δὲ (here attached as -δη to οὐτε and τοτε) which adds a sense of temporal immediacy or 'now' to the narrative flow. The construction δις τοσσον... αλα (twice so much sea) is a Homeric idiom indicating a distance equivalent to two days' sail. The participle πρησσοντες (traversing/doing) modifies the subject of the main verb and indicates the action performed during the period of travel. The sentence exhibits a parallel structure between the temporal clauses: 'οτε... τοτε' (when... then), emphasizing the specific moment of the address following the journey. The verb προσηυδων (I addressed) is aorist indicative, marking the completion of the speech act directed at the Cyclops Polyphemus, who is the object in the accusative case.",2439
262,"And his companions, one after another, urged him on from different sides with gentle words.","The sentence features the adverbial repetition ἄλλοθεν ἄλλος (literally 'from another side, another'), a common Homeric formulaic expression indicating that the action is being performed by multiple individuals simultaneously or in succession from various angles. This creates a vivid picture of the companions surrounding the addressee. The use of the dative plural μειλίοις ἐπέεσσιν (with gentle words) functions as an instrumental or means dative, describing the method by which the urging (ἐρήτυον) is accomplished. The verb ἐρήτυον (aorist imperfect indicative of ἐρέτυω) specifically means to urge, encourage, or exhort, often used in contexts of goading someone to action. The enclitic particle -δ' (δέ) following ἀμφί serves a connective function, linking this action to the preceding narrative flow. The phrase highlights the collective and persistent nature of the companions' intervention.",2440
263,"Wretched one, why do you wish to provoke a wild man?","The vocative adjective σχέτλιε (wretched, miserable) functions as a direct address, conveying intense emotion and perhaps a sense of pity or condemnation depending on the speaker's intent. The contraction τίπτ' (τί πὲ) is a common poetic form in Homeric Greek, where the particle πὲ attaches to the interrogative τί, intensifying the question. The verb ἐθέλεις (you wish/want) is in the present indicative, indicating a current desire or intention. The infinitive ἐρεθιζέμεν (to provoke, to incite) serves as the object of the verb ἐθέλεις, forming a periphrastic construction that emphasizes the action of provocation. The adjective ἄγριον (wild, fierce) modifies ἄνδρα (man), highlighting the dangerous or untamed nature of the individual being addressed. The sentence employs a rhetorical question, challenging the addressee's judgment and underscoring the potential consequences of their actions. The use of the vocative and the rhetorical question creates a dramatic and confrontational tone, typical of Homeric dialogue.",2441
264,"He, having cast his spear even now toward the sea, brought the ship back to the mainland; and indeed we said that we were being destroyed there.","The sentence features a participle construction (βαλών) indicating the means or circumstance of the main action (ēgagē), a common Homeric device for narrative flow. The enclitic particle -de attached to pontonde (πόντονδε) emphasizes directionality ('toward the sea'). The adverb autis (αὖθις) conveys the notion of 'again' or 'back,' highlighting the reversal of the ship's course. The verb phamen (φάμεν) is a present indicative used with a past meaning (historical present or gnomic present), which is frequent in Homeric Greek to lend immediacy to reported speech or thought. The infinitive olesthai (ὀλέσθαι) functions as the object of phamen, expressing the content of their belief. The sentence structure juxtaposes a specific divine or heroic intervention (casting the spear to save the ship) with the desperate, mistaken perception of the survivors ('we said we were being destroyed'), creating dramatic irony. The use of de (δή) after kai emphasizes the certainty or vividness of the statement that follows.",2442
265,"But if, having spoken, he heard you speaking, he would immediately strike off our heads and hurl the spear, white with chalk, at us.","This sentence exhibits a classic conditional structure typical of Homeric epic, where the protasis (if-clause) is introduced by εἰ with the enclitic particle δέ for contrast or continuation, and the apodosis (then-clause) employs the potential optative construction (σύν + κεν + optative) to express a future possibility contingent on the condition. The verb αἰσθάνομαι is not present; instead, the participle φθεγξαμένου (aorist middle participle of φθέγγομαι, 'to speak') and the participle αὐδησάντος (aorist active participle of αὐδάω, 'to speak') are used in a hendiadys-like fashion to emphasize the act of vocalizing. The use of σύν here functions as an intensifier meaning 'at once' or 'immediately'. The phrase μαρμάρῳ ὀκριοέντι ('with white marble/chalk') is a vivid epithet describing the spear (δόρυ), a common Homeric device where inanimate objects are described with adjectives that highlight their visual properties. The sentence concludes with a participle βαλὼν ('having thrown'), which is in apposition to the main verb, adding a dynamic, sequential action to the scene.",2443
266,For so far he shoots it.,"The adverb τόσσον (so far/to such a degree) functions as an adverbial modifier of the verb ἵησιν (he shoots/launches), emphasizing the distance or extent of the action. The particle γάρ provides a causal or explanatory link, indicating that this action is the reason for a preceding statement or context. The verb ἵημι, in the third person singular present indicative active, is commonly used in Homeric epic to describe the act of shooting an arrow or casting a spear, often with a connotation of force or precision. The sentence structure is concise, relying on the adverbial phrase to convey the scope of the action without additional elaboration.",2444
267,"Thus they spoke, but they did not persuade my proud spirit, but rather they addressed him as one whose spirit was weary.","This sentence illustrates the Homeric formulaic style where a statement of speech is contrasted with a statement of action or reaction. The structure employs a chiastic-like balance between the failed persuasion ('they did not persuade my spirit') and the subsequent action ('they addressed him'). The epithet 'μεγαλήτορα' (proud-minded/great-spirited) is a standard Homeric attribute for Odysseus, highlighting his nobility. The phrase 'κεκοτηότι θυμῷ' (with a weary spirit) uses a dative of manner or cause, describing the state of the spirit in relation to the action of speaking. The use of 'ἄψορρον' (upwards/aloft) here is somewhat unusual and may be interpreted as 'up to' or 'towards,' indicating the direction of the speech, though its precise nuance can vary in Homeric contexts. The sentence captures a moment of tension where the speaker's internal resolve is challenged by external voices, yet the speaker remains firm in their resolve.",2445
268,"Cyclops, if ever a mortal man should say that your one eye has been blinded, claiming that Odysseus, the sacker of cities, son of Laertes, who holds his house in Ithaca, drove you out, let him say so.","This sentence features a complex conditional structure introduced by 'αἴ κε' (if ever), which sets up a hypothetical scenario regarding the Cyclops's fate. The verb 'εἴρηται' is in the perfect passive, indicating a completed action with present relevance (the blinding has happened and its effects remain). The phrase 'ἀεικελίην ἀλαωτύν' (shameful blinding) uses a strong adjective to emphasize the dishonor of the act. The epithet 'πτολιπόρθιον' (sacker of cities) is a characteristic Homeric formula for Odysseus, highlighting his martial prowess. The sentence employs an appositional structure to identify Odysseus ('son of Laertes') and a present participle ('ἔχοντα') to describe his current state of possessing his home in Ithaca. The syntax culminates in the imperative 'φάσθαι' (let him say), which functions as a curse or a challenge, essentially telling the Cyclops to let the rumor spread if it is true. The use of the infinitive 'ἐξαλαῶσαι' (to drive out/blind) completes the reported speech within the conditional clause.",2446
269,"So I spoke, but he, groaning, answered me with a word.","The sentence begins with the particle ὡς (hōs), which here functions as a temporal or causal connective meaning 'so' or 'thus,' linking the current action to the preceding narrative context. The verb ἐφάμην (ephāmen) is a first-person singular aorist indicative of φημί (phēmi), a verb that often denotes speaking with conviction or declaring. The coordinating conjunction δέ (dé) marks a contrast or shift in focus, introducing the response of the other character. The participle οἰμώξας (oimōxas), aorist active participle of οἰμώζω (oimōzō), literally means 'groaning' or 'lamenting,' and functions adverbially to describe the manner in which the response is delivered, adding emotional weight to the scene. The verb ἡμείβετο (hēmeibeto) is a third-person singular imperfect middle/passive of ἀμείβω (ameibō), meaning 'answered' or 'replied,' often used in dialogue contexts. The object μ' (me) is the contracted form of ἐμέ (emé), the accusative of the first-person singular pronoun. The phrase μύθῳ (mythō) is in the dative case, functioning as an instrumental dative to indicate the means or manner of the action, translating as 'with a word' or 'in words.' The syntax creates a balanced structure between the speaker's declaration and the listener's emotional response, typical of Homeric dialogue, where physical or emotional reactions often accompany speech.",2447
270,"Ah, alas! These old, unfulfilled prophecies have indeed reached me.","The sentence opens with an interjection of lamentation (ὠ πόποι), a standard formula in epic poetry used to express sudden grief or realization. The adjective παλαίφατα (old, long-standing) modifies θέσφαθ' (prophecies, oracles), a term that in Homeric usage often refers to divine decrees that are difficult to fulfill or have long been pending. The use of the perfect tense (ἵκανε) indicates a state of completion: the prophecies have arrived and now stand as a present reality. The particle δή adds emphasis to the adverb μάλα (very/most), intensifying the sense of inevitability. The syntax features a striking chiasmus in the relationship between the subject and the adjective: the prophecies are described as 'old' precisely because they have 'reached' the speaker after a long delay, highlighting the theme of delayed fulfillment common in the Odyssey.",2448
271,"There was once a man there, a fine and great prophet, Telemon son of Eurymedon, who was renowned for his prophetic skill and grew old there while prophesying to the Cyclopes.","The sentence employs the enclitic indefinite pronoun τις (tis) with the imperfect εἶσκε (ēske) to establish a generic yet specific narrative presence, a common Homeric technique for introducing a character without immediate specificity. The phrase εὖς τε μέγας τε (eûs te megas te) demonstrates the use of the enclitic conjunction τε (te) to coordinate adjectives, a feature known as 'enclitic coordination,' which creates a rhythmic balance often found in epithets. The structure οὗς ... ἐκέκαστο and μαντευόμενος ... κατεγήρα creates a chiastic-like balance between the abstract skill (μαντοσύνη) and the concrete action of aging through that skill. The participle μαντευόμενος (manteuómenos) is in the present tense, indicating an action concurrent with the main verb κατεγήρα (kategēra), emphasizing the duration of his prophetic activity. The dative plural Κυκλώπεσσιν (Kyklōpessin) serves as the object of the participle, indicating the recipients of his prophecies, highlighting the cultural context of the Cyclopes as a group encountered by Odysseus and his men.",2449
272,"He said that all these things would come to an end for me, and that I would miss Odysseus even more with the loss of my sight.","This sentence features a reported speech structure introduced by the verb φημί (to say), which governs an indirect statement with a future infinitive (τελευτήσεσθαι) and a subsequent clause of consequence or comparison (ἁμαρτήσεσθαι). The phrase ὀπίσσω (behind/after) functions adverbially to indicate that the events are destined to conclude from this point forward. The construction 'χειρὸς ἐξ' (from the hand) is a poetic periphrasis for 'by the hand' or 'through the agency of the hand,' often used in contexts of physical action or, here, metaphorically implying the loss of sight as a direct consequence of a wound or blow. The noun ὀπωπή (eye) is in the genitive case, functioning as the object of the verb ἁμαρτήσεσθαι (to miss/lose), creating a vivid image of losing one's vision. The use of the future infinitive ἁμαρτήσεσθαι alongside τελευτήσεσθαι creates a parallel structure that emphasizes the inevitability of both the cessation of the current state and the subsequent loss of Odysseus. The sentence employs a tragic irony common in Homeric poetry, where the speaker (likely a blind prophet or a character in a dire situation) foresees their own blindness and the resulting separation from the hero.",2450
273,"But I always expected some great and handsome man to come here, bringing with him great strength.","The sentence features a paratactic construction where the main verb (δέγμην, aorist passive of δέχομαι) governs an infinitive clause (ἐλεύσεσθαι) with its own subject in the accusative (φῶτα). The phrase 'μεγάλην ἐπιειμένον ἀλκήν' is a present active participle agreeing with the subject of the infinitive, describing the manner or accompaniment of the action. The repetition of the adjective 'μέγαν' (great) and 'μεγάλην' (great) creates a stylistic echo, emphasizing the magnitude of both the man and his strength. The term 'φῶτα' (man) is a specific poetic designation often used in Homeric epic to denote a warrior or hero, distinct from the more general 'ἀνήρ'. The use of the aorist passive 'ἐδέγμην' suggests a state of expectation or readiness, common in the Odyssey where characters often anticipate the arrival of a stranger or hero. The sentence also employs the adverb 'αἰεί' (always) to convey a sense of enduring hope or expectation, a recurring theme in the narrative of the Odyssey.",2451
274,"Now, while I was small and insignificant and inexperienced, my eye deceived me, since wine had enslaved me.","This sentence features a striking contrast between the speaker's former state of weakness and the overpowering force of wine. The adjective 'ἄκικυς' (inexperienced/unskilled) is a hapax legomenon in Homer, adding a unique nuance to the speaker's self-deprecation. The clause structure employs a temporal participle 'ἐὼν' (being) to set the scene, followed by a causal clause introduced by 'ἐπεί' (since). The verb 'δαμάσσατο' (enslaved/subdued) is used in the middle voice, emphasizing the passive suffering of the subject under the influence of wine. The sentence also uses asyndeton in the list of adjectives ('ὀλίγος τε καὶ οὐτιδανὸς καὶ ἄκικυς') to create a rapid, cumulative effect, highlighting the speaker's vulnerability. The personification of wine as an enslaving force reflects the ancient Greek cultural view of alcohol as a potent, potentially dangerous substance that could overcome reason and self-control.",2452
275,"But come here, Odysseus, so that I may place the guest-gift for you and urge you to give a fine escort for the earth-shaker.","The sentence begins with the connective particle 'αλλα' (but) combined with an imperative 'αγε' (come), a common Homeric formula to urge action or transition the narrative. The verb 'θειω' (I place) takes 'ξεινια' (guest-gifts) as its object, with the preposition 'παρ' indicating the recipient relationship ('for you'). The conjunction 'τε' (and) links two coordinated infinitival clauses introduced by 'ινα' (so that): 'θειω' (to place) and 'οτρυνω δομεναι' (to urge [someone] to give). The phrase 'οτρυνω δομεναι' uses an accusative and infinitive construction where the subject of the infinitive is the implied 'you' (Odysseus), and 'οτρυνω' acts as a causative verb meaning 'to urge' or 'to press'. The epithet 'κλυτον' (famous/glorious) modifies 'εννοσιγαιον' (Earth-shaker), a traditional Homeric periphrasis for Poseidon, referring to his power over the sea and earth. The syntax features a chiasmus-like balance in the purpose clause, where the actions of the speaker (placing the gift) and the addressee (providing an escort) are interwoven to highlight the reciprocal nature of hospitality (xenia).",2453
276,"For I am his son, but my father wishes to be so.","This sentence employs a distinct contrast between the speaker's established identity and the father's aspirational claim. The use of γάρ (for) at the beginning places the statement in a causal or explanatory relationship to a preceding context, a common Homeric device to justify a speaker's status or actions. The sentence is structured around the adversative conjunction δέ (but), which creates a sharp juxtaposition between the objective reality of the son's lineage (expressed by the present indicative εἰμί, 'I am') and the father's subjective desire (expressed by the deponent verb εὐχεται, 'he wishes/prays,' followed by the infinitive εἶναι, 'to be'). The phrase 'my father' (πατὴρ δ' ἐμός) utilizes an enclitic possessive adjective that follows the noun, a typical Homeric word order that emphasizes the noun before the possession. The syntax highlights a tension between fact and hope, a recurring theme in the Odyssey regarding recognition and identity. The ellipsis of the subject 'he' before εὐχεται is understood from the context of the clause, maintaining the sentence's flow without redundancy.",2454
277,"But he himself will heal [the wound] if he wishes; no other will heal [it], neither of the blessed gods nor of mortal men.","This sentence illustrates the distinction between the active and middle voices in Ancient Greek. The verb ἰήσεται (he will heal) is in the future middle indicative. In Homeric usage, the middle voice of ἰάομαι often carries a reflexive or self-directed nuance, implying 'to heal oneself' or 'to cure [one's own ills],' contrasting with an external agent. The phrase αὐτὸς δέ (he himself) emphasizes the agency and autonomy of the subject, likely Apollo in this context, who alone possesses the power to cure this specific ailment. The sentence employs a strong asyndetic structure in the negative clause, where the conjunction οὐδέ (and not/neither) introduces the exclusion of all other potential healers. This is followed by a parallel construction using the enclitic conjunction τε...τε (both...and) to link the two categories of beings: θεῶν μακάρων (blessed gods) and θνητῶν ἀνθρώπων (mortal men). The genitive plural forms in both phrases (θεῶν, μακάρων, θνητῶν, ἀνθρώπων) function as partitive genitives, indicating 'from the group of.' The use of μακάρων (blessed/happy) as an epithet for the gods is a standard Homeric formula highlighting their divine status. The syntactic separation of the conditional clause (εἰ κ' ἐθέλησ', 'if he should wish') from the main assertion underscores the conditional nature of the healing, which rests entirely on the will of the subject.",2455
278,"Thus he spoke; but I, answering him, addressed him again.","The sentence employs the characteristic Homeric connective particle 'ἀτάρ' (translated here as 'but' or 'however') to mark a sharp transition in narrative focus from one speaker to another, a common feature in epic dialogue. The participle 'ἀμειβόμενος' (answering/responding) is a middle voice form that emphasizes the reciprocal nature of the speech act; the speaker is not merely replying, but engaging in a turn-taking exchange. The verb 'προσέειπον' is a compound of 'πρός' and 'λέγω', often implying speaking to someone directly or addressing them in response. The syntax creates a balanced narrative flow: the first clause establishes the previous speaker's action, while the second clause, introduced by 'ἀτάρ', shifts the agency to the narrator ('I') while simultaneously indicating the continuity of the conversation through the participle.",2456
279,"For I could send you, having made a bed for your life and your breath, to the house of Hades within, so that not even the eye of a man would heal, nor would the Earth-shaker [heal].","The sentence features a complex syntactic structure centered on the potential optative 'δυναίμην' (I could), followed by a genitive absolute construction implied by the participle 'ποιήσας' (having made). The phrase 'ψυχῆς τε καὶ αἰῶνός' (of life and of breath) uses a hendiadys, where two abstract nouns are joined to express a single complex concept of existence or vitality. The participle 'ποιήσας' is a perfect active participle functioning adverbially, indicating the means by which the sending would occur. The clause introduced by 'ὡς' (so that) expresses a result or purpose. The final clause employs asyndeton (the omission of a conjunction) between 'οὐκ' and the implied subject for the second verb, creating a stark contrast. The epithet 'ἐνοσίχθων' (Earth-shaker) is a traditional periphrasis for Poseidon, emphasizing his power over the earth and sea. The use of 'γ' (ge) after 'ὀφθαλμόν' adds a slight emphasis to the negation, reinforcing the impossibility of healing. The sentence is a vivid example of Homeric formulaic language, using epithets and standard syntactic patterns to convey the finality of death and the futility of escape.",2457
280,"So I spoke, and he afterwards prayed to Lord Poseidon, raising his hands toward the starry heaven.","The sentence exhibits the characteristic Homeric narrative rhythm, beginning with the particle 'ὡς' (hōs), which often marks the conclusion of a speech or action, here functioning as 'thus' or 'so'. The conjunction 'δέ' (de) following the subject 'ὁ' (ho, 'he') serves to continue the narrative sequence smoothly. The verb 'εὐχετο' (eucheto) is a middle voice form of 'εὐχομαι', specifically denoting a solemn prayer or vow, frequently used in epic contexts to describe supplication to a deity. The dative case 'Ποσειδαῶνι ἀνκτι' (to the lord Poseidon) indicates the recipient of the prayer. The participle 'ὀρέγων' (oregōn), meaning 'stretching' or 'reaching out', is in the present active form and describes the manner in which the prayer is offered. The phrase 'χεῖρας οἴρων' (raising hands) is a physical gesture of supplication common in ancient Greek religious practice. The prepositional phrase 'εἰς οὐρανὸν ἀστερόεντα' (into the starry heaven) uses the epithet 'ἀστερόεντα' (asteroenta), a poetic adjective meaning 'starry' or 'star-filled', which is a standard Homeric epithet for the sky, highlighting the epic's ornate descriptive style.",2458
281,"Hear me, Poseidon, earth-holding, dark-haired one, if indeed I am yours, and your father claims to be my father; grant that Odysseus, the sacker of cities, son of Laertes, may come home to his house, which he holds in Ithaca.","This sentence features a complex prayer structure typical of Homeric epic, beginning with an aorist imperative (κλύθι) used as a vocative address, followed by a conditional clause (εἰ εἰτέον γε σός εἰμι) establishing the speaker's relationship to the deity. The particle γε emphasizes the truth or certainty of the claim. The phrase 'your father claims to be my father' (πατὴρ δ' ἐμὸς εὔχεαι εἶναι) is a striking example of the divine genealogy where Poseidon is the son of Cronus and Zeus, but here the speaker (likely a mortal or a lower deity, though contextually this is Athena speaking to Poseidon on behalf of Odysseus) uses the verb εὔχομαι ('to boast' or 'claim') to assert a paternal link, likely referring to the shared lineage or a rhetorical device to invoke kinship. The epithet 'sacker of cities' (πτολιπόρθιον) is a standard Homeric attribute for Odysseus, highlighting his role in the Trojan War. The syntax uses a participial phrase (ἔχοντα) to describe Odysseus's possession of his home in Ithaca, emphasizing his rightful claim to his homeland. The sentence structure is characterized by anaphora in the repeated use of possessive pronouns (σός, ἐμός) and a chiastic arrangement of the divine and mortal relationships.",2459
282,"But if it is my destiny to see my friends and reach my well-built home and arrive at my native land, [yet] late I should come, having destroyed all my companions, on a stranger's ship, and find troubles at home.","This sentence features a complex conditional structure where the protasis (the 'if' clause) is implicit in the modal particle 'εἰ' (if), which is often elided in poetic contexts or implied by the subjunctive mood. The main clause utilizes the optative mood ('ἔλθοι', 'εὑροι') to express a potential or uncertain future event, a common feature in Homeric poetry to convey divine will or fate. The syntax is characterized by asyndeton (the omission of conjunctions) between the participial phrase 'ὀλέσας' (having destroyed) and the main verb, creating a sense of abruptness and consequence. The phrase 'νηὸς ἐπ' ἀλλοτρίης' (on a stranger's ship) highlights the theme of alienation and the loss of identity, a recurring motif in the Odyssey. The use of 'εὖκτιμενον' (well-built) for the home contrasts sharply with the 'πηματα' (troubles) awaiting the protagonist, emphasizing the tragedy of a homecoming that is both desired and fraught with peril. The sentence structure mirrors the protagonist's journey: the initial hope of reunion is followed by the grim reality of loss and suffering.",2460
283,"Thus he spoke, praying; and the dark-haired one heard him.","The sentence utilizes the formulaic epithet 'κυανοχαίτης' (dark-haired) to identify the subject, a common Homeric device used for metrical convenience and to evoke the image of Poseidon. The syntax presents a balanced structure: the first clause describes the action of the speaker with a present participle 'εὐχόμενος' (praying) in the nominative, functioning adverbially to describe the manner of speaking. This is followed by an enclitic particle 'δὲ' (and/but) which links the second clause, where the imperative 'ἔκλυε' (hear!) is used in the third person singular, functioning as a jussive or hortatory sense ('let him hear' or 'he heard'), indicating divine attention. The construction highlights the interaction between mortal supplication and divine response, a recurring theme in the epic. The participle 'εὐχόμενος' emphasizes the ritualistic nature of the prayer, while the epithet serves to personify the deity's presence without needing a proper name.",2461
284,"But he, once again, having picked up a stone much larger, came forward and spun it around, and leaned it against the end that is utterly ruinous, and cast the stern of the newly made dark-hulled ship behind, and desired to reach the solitary peak.","This sentence exhibits a classic Homeric narrative sequence characterized by a series of aorist participles followed by a chain of aorist indicative verbs, creating a rapid, kinetic momentum typical of epic battle or action scenes. The opening particle 'αὐτὰρ' (but/now) serves as a narrative marker to introduce a new phase of action by the subject (Odysseus). The phrase 'πολὐ μεἰζονα λἀαν' (a much larger stone) uses the adverb 'πολύ̓' to intensify the comparative adjective 'μεἰζονα', emphasizing the sheer physical effort required. The verb 'ἐπιδινήσας' (having spun around) describes the specific technique of generating centrifugal force before release, a detail crucial for understanding the mechanics of the action. The compound adjective 'κυανοπρώροιο' (dark-hulled) is a standard Homeric epithet for ships, highlighting the visual contrast between the dark wood and the sea. The final verb 'ἐδεὐησεν' (he desired/desired to) followed by an infinitive of purpose ('ἰκέσθαι') shifts the focus from the physical act of throwing to the strategic intent of reaching the 'οἰἠίον ἄκρον' (solitary peak), likely referring to the shore or a specific landmark. The syntax flows linearly, mirroring the physical progression of the throw: lift, spin, position, cast, and aim.",2462
285,The sea was stirred up as a rock descended.,"The verb ἐκλύσθη is the aorist passive indicative of κλύζω, meaning 'to stir up' or 'to disturb,' often used specifically regarding the agitation of the sea by wind or divine intervention. The construction κατερχομένης (genitive absolute) functions adverbially, indicating the temporal circumstance ('as' or 'while') under which the main action occurred. The genitive case of the participle agrees with πετρῆς ('of a rock'), which is governed by the preposition ὑπό ('by') in the main clause, creating a syntactic link between the descending rock and the stirring of the sea. The sentence employs a simple paratactic structure connected by the postpositive particle δέ, which serves to continue the narrative flow without adding a strong adversative or causal force. The imagery evokes the dynamic interaction between natural elements and divine or monstrous agency typical of Homeric epic, where physical landscapes react to the movement of powerful beings or objects.",2463
286,"Carry her forward, wave, and let her arrive at the dry land.","The sentence employs a direct address (vocative implied or contextually understood) to the wave, personifying the sea as an agent capable of carrying the protagonist. The use of the present imperative 'φέρε' (carry) alongside the aorist subjunctive 'θεμώσε' (let her arrive/land) creates a sequence of action: first the transport, then the successful arrival. The particle 'δέ' is used twice to coordinate the two imperatives, creating a balanced structure that emphasizes the dual command. The word 'προσώ' (forward) functions as an adverb of direction, intensifying the command to move the object (the woman, implied) towards safety. The term 'χερσόν' (dry land) contrasts sharply with the sea, highlighting the transition from danger to safety. This sentence is characteristic of Homeric style, where natural elements are often invoked directly, and the syntax reflects the urgency and divine intervention typical of epic poetry.",2464
287,"But when we finally arrived at the island, where other well-benched ships were waiting gathered, and around us our comrades were sitting in lamentation, always awaiting us; having arrived there, we drew the ship up on the sands, and then we ourselves went out onto the shore of the sea.","This passage exhibits several characteristic Homeric features. The sentence is structured with a primary temporal clause (οὔτε δηὖτε...) followed by a relative clause (ἔνθα περ...) that elaborates on the location. The particle περ following the relative adverb ἔνθα emphasizes the specificity of the location ('just there'). The text employs asyndeton in the final clause ('...ἐν ψάμαθοισιν, ἐκ δὲ καὶ αὐτοὶ βήμεν...'), omitting a conjunction between the action of beaching the ship and the action of disembarking to create a swift narrative flow. The use of the dual participle ὀδυρόμενοι (lamenting) and the adverb αἰεί (always) highlights the emotional state of the companions and their prolonged vigil. The phrase εὐσέλμοι (well-benched) is a traditional epithet for ships, emphasizing their quality. The syntactic contrast between the ship being drawn up (ἐκέλσαμεν) and the men going out (βήμεν) is marked by the correlative particles μέν and δὲ, creating a balanced structure to the sequence of actions.",2465
288,"Taking the sheep of the Cyclops from the hollow cave, let us eat our fill, so that no one, coming upon us, might find us equal.","The sentence employs a present participle (ἐλόντες, 'taking') to denote an action preceding the main verb (δασσάμεθ', 'let us eat our fill'), a common structure in narrative to establish sequence. The phrase γλαφυρῆς ἐκ νηός is a notable example of epithet usage; while 'νηός' here refers to a cave (ναῦς can mean 'ship' or 'hollow place'), the adjective 'γλαφυρή' (hollow, smooth, or carved) evokes the specific, enclosed nature of the Cyclops's dwelling, contrasting the human need for shelter with the monster's unnatural lair. The verb αὐτεμβόμενος (coming upon or meeting) is used in the context of a surprise encounter, where the dative μοι (to me/us) indicates the indirect object of the meeting. The clause introduced by ὡς (so that) expresses a purpose or fear of the outcome, with μή introducing a negative result clause. The use of ἴσης (equal) in the accusative with the participle suggests a comparison of status or capability, implying that if the Cyclops finds them 'equal' (perhaps in strength or number), he would be a threat. The sentence reflects the tension between the Greeks' reliance on cunning (metis) and the brute force of the Cyclops, a central theme in the Odyssey. The syntax is tight, with the participle and the purpose clause working together to convey the urgency and strategic thinking of the speaker.",2466
289,"And the ram, which the fair-greaved companions gave to me, was the finest of all the sheep being divided.","This sentence features the epithet 'ἐυκνήμιδες' (fair-greaved), a traditional Homeric formula describing Odysseus's companions, highlighting their noble or well-equipped status. The phrase 'μήλων δαιομένων' (of sheep being divided) uses a present passive participle in the genitive plural, indicating an action contemporaneous with the main verb 'δόσαν' (they gave). The adverb 'ἔξοχα' (excellently, as the finest) emphasizes the ram's superior quality, suggesting it was the prize or best portion in the distribution. The sentence structure places the object 'ἀρνειὸν' at the beginning, drawing immediate attention to the ram, while the relative clause 'ἐμοὶ οἴῳ' (to me alone) underscores the personal significance of the gift. The use of 'δ' (connective particle) links this sentence to the preceding narrative, maintaining continuity in the storytelling.",2467
290,"And he offered to him on the shore, Zeus of the dark cloud, the son of Cronus, who rules over all, the thigh bones, burning them.","The sentence depicts a sacrificial ritual where the thigh bones (μηρία), traditionally the portion reserved for the gods in Greek sacrifice, are burned (καίω) on the shore (θις). The epithets for Zeus, 'κελαινεφεῖ' (dark-clouded) and 'Κρονίδῃ' (son of Cronus), emphasize his supreme power and connection to the sky and lineage. The relative clause 'ὃς πᾶσιν ἄνασσει' (who rules over all) is in apposition to Zeus, reinforcing his dominion. The participle 'ῥέξας' (having sacrificed/offered) is aorist, indicating a completed action that precedes the main verb 'ἔκαιον' (burning). The syntax uses a participle construction to describe the action of offering, followed by the main verb describing the burning of the specific sacrificial parts.",2468
291,"But he did not mock the heroes; rather, he pondered how all his well-benched ships and his high-prowed companions might perish.","The sentence employs a clear antithetical structure introduced by the conjunctions οὐκ... ἀλλά ('not... but'), contrasting the negation of a rash action (mocking) with the internal mental activity of deliberation (πορμηρίζω). The verb μερμηρίζω ('to ponder' or 'to devise') suggests a complex, often anxious calculation of future events, fitting the context of a leader facing a potential disaster. The syntax features a substantive clause of purpose or content introduced by ὅπως ('how') with a verb in the optative (ἀπολοίατο) to express potentiality or indirect question. The description of the ships and companions uses a chiasmic-like arrangement of adjectives: the ships are 'well-benched' (εὐσέλμοι) and the companions are 'high-prowed' (ἐριήρεις). While ἐριήρης literally means 'of high prows' and typically describes ships, its application here to the companions (ἑταῖροι) is a striking poetic metonymy or synecdoche, implying that the men are as formidable and noble as the vessels they command, or perhaps suggesting they are 'high-spirited' or 'proud.' The use of the aorist optative in a subordinate clause following a main verb in the past tense (aorist indicative) is a standard sequence of moods in Attic and Homeric Greek for expressing potentiality in indirect discourse or purpose clauses.",2469
292,"So then, for the whole day, until the sun had set, we remained feasting on endless meat and sweet wine.","The sentence opens with the adverbial conjunction ὡς (hōs) combined with τότε (tote), a common Homeric formulaic phrase meaning 'so then' or 'thus,' which signals a transition in the narrative sequence or the culmination of a preceding action. The particle μέν (men) sets up a contrastive expectation for a subsequent clause (likely introduced by δέ), though that clause is not present here; it emphasizes the duration and nature of the current state. The phrase εἰς ἥλιον καταδύντα uses a participle in the accusative case agreeing with ἥλιον, functioning adverbially to mark the temporal limit of the action ('until the sun had sunk'). The verb ἡμέθα (hēmetha) is a historical imperfect of ἥμαι, denoting a continuous state of being or remaining. The participle δαινύμενοι (dainyomenoi) is a present middle/passive participle agreeing with the subject, indicating the means or manner of their staying ('feasting'). The syntax features a classic anaphora-like structure with the enclitic τε ... καί (te ... kai), linking the two objects of the feast: κρέα ἀσπετα (endless/limitless meat) and μέθυ ἡδύ (sweet wine). The epithet ἀσπετα (aspetta) is a characteristic Homeric hyperbole emphasizing the abundance of the feast, while ἡδύ (hedy) is a standard, almost formulaic, epithet for wine, evoking the sensory pleasure of the symposium. The sentence captures the idyllic, suspended time of the banquet, a recurring theme in the Odyssey where characters momentarily forget their trials in the face of food and drink.",2470
293,"When the sun had set and darkness came, then we slept upon the shore of the sea.","The sentence opens with the temporal conjunction ἥμος (hēmos), often used in Homeric epic to mark a specific transition in time, here followed by the enclitic particle δέ which connects this clause to the preceding narrative context. The verb καταδύω (katusyō) in the aorist active indicative describes the sun 'sinking' or 'setting,' a common metaphorical usage for the end of the day. The noun κνέφας (knéphas) is a distinctive poetic term for 'darkness' or 'gloom,' frequently appearing in Homeric verse to personify the arrival of night. The structure employs asyndeton (the omission of a conjunction between the two coordinate clauses 'the sun set' and 'darkness came') to create a rapid, sequential rhythm that mirrors the swift transition from day to night. The particle δὴ τοτε (dē tote) emphasizes the immediacy of the action, translating to 'then at that very moment,' reinforcing the causal link between the arrival of darkness and the onset of sleep. The preposition ἐπί (epi) with the dative case (ῥηγμίνι) indicates location 'upon' the shore, a standard construction for resting places in the Odyssey. The phrase 'shore of the sea' (ῥηγμίνι θαλάσσης) utilizes a genitive of relationship to specify the type of shore, a typical feature of Homeric diction where the sea is often the defining characteristic of the landscape.",2471
294,"When rosy-fingered Dawn, the morning-born, appeared, then I, having urged on my companions, ordered them both to board and to untie the stern-pieces.","This sentence exhibits the classic Homeric epithet 'ῥοδόδακτυλος' (rosy-fingered) modifying 'Ἠώς' (Dawn), a formulaic phrase used repeatedly in the epic tradition to evoke the visual beauty of sunrise. The compound adjective 'ἠριγενεία' (morning-born) functions as an attribute to Dawn, emphasizing her origin. The temporal clause is introduced by 'ὅτε' (here written as ἠμος) followed by the particle 'δέ' for transition. The main clause begins with 'δή τοτε' (then at that time), a common Homeric formula marking the fulfillment of a temporal condition. The verb 'ἐποτρύνας' (having urged on) is a perfect active participle in the masculine nominative singular, agreeing with the subject 'ἐγώ' (I), indicating an action completed prior to the main verb 'ἐκέλευσα' (I ordered). The construction 'ἐκέλευσα αὐτοὺς ... αἰνεῖν ... τε ... λύσαι' uses an accusative and infinitive structure where the infinitives 'ἀμβαινεῖν' (to board) and 'λύσαι' (to untie) serve as the object of the command. The particle 'τε' is used twice: once to connect the two infinitives (asyndetic coordination) and once to link the main clause with the temporal clause, creating a balanced, rhythmic structure typical of oral poetry. The term 'πρυμνησία' refers specifically to the stern-pieces or the rear part of the ship where the ropes were secured, highlighting the nautical context.",2472
295,"But they immediately went aboard and sat down on the thwarts, and sitting in order they struck the grey sea with their oars.","The sentence exhibits a clear sequence of actions marked by the asyndetic connection of the first two verbs (εἴσβαινον and καθῖζον) followed by the conjunction καὶ, creating a rhythmic narrative flow typical of Homeric epic. The participle ἑζόμενοι (sitting) functions as an adverbial modifier of manner for the main verb τύπτον (they struck), indicating the position of the rowers while performing the action. The phrase πολιὴν ἅλα (grey sea) utilizes the epithet πολιο-ς (grey/foamy), a standard Homeric formula for the sea, which likely describes the color of the water or the white foam generated by the oars. The adverb ἑξῆς (in order/continuously) emphasizes the coordinated and disciplined nature of the rowing. The dative plural ἐρετμοῖς (with oars) is a dative of means or instrument. The use of the imperfect tense throughout (εἴσβαινον, καθῖζον, τύπτον) conveys the continuous, descriptive nature of the scene, painting a vivid picture of the men's activity rather than marking a specific completed event.",2473
296,"From there we sailed onward with hearts untroubled, joyful from death, having lost our dear companions.","The sentence features a striking juxtaposition of emotional states: the participle ἀκαχήμενοι (untroubled, without grief) modifies the heart (ἦτορ), while ἄσμενοι (joyful) modifies the subject's state regarding their escape from death. This creates a complex psychological portrait of the survivors who, having just escaped the underworld or a deadly situation, feel relief rather than mourning for their lost comrades. The construction employs two parallel participial phrases (ἀκαχήμενοι... and ἄσμενοι...) functioning as adverbial modifiers to the main verb πλέομεν (we sailed), creating a balanced rhythm. The phrase φίλους... ἑταίρους uses a genitive attribute (φίλους) with the noun (ἑταίρους) to emphasize the personal bond, where 'friends' qualifies 'companions.' The use of the aorist participle ὀλέσαντες (having lost) indicates an action completed prior to the sailing, highlighting the immediacy of their loss. The word order places the emotional state before the cause (death) and the loss, emphasizing the psychological resilience of the speaker.",2474
