,greek_id,english_word,sent_id,greek_word
0,100630348,come,1,ἥκω
1,100630349,Zeus,1,Διὸς
2,100630350,child,1,παῖς
3,100630351,this,1,τήνδε
4,100630352,Thebans,1,Θηβαίων
5,100630353,land,1,χθόνα
6,100630354,Dionysus,1,Διόνυσος
7,100630356,whom,1,ὃν
8,100630357,bore,1,τίκτει
9,100630358,once,1,ποθ’
10,100630359,the,1,ἡ
11,100630360,Cadmus,1,Κάδμου
12,100630361,daughter,1,κόρη
13,100630362,Semele,1,Σεμέλη
14,100630363,giving,1,λοχευθεῖσ’
15,100630364,lightning-bearing,1,ἀστραπηφόρῳ
16,100630365,fire,1,πυρί
17,100630367,form,2,μορφὴν
18,100630368,Having,2,δ’
19,100630369,exchanged,2,ἀμείψας
20,100630370,for,2,ἐκ
21,100630371,a,2,θεοῦ
22,100630372,mortal,2,βροτησίαν
23,100630373,I,2,πάρειμι
24,100630373,am,2,πάρειμι
25,100630373,present,2,πάρειμι
26,100630374,Dirce,2,Δίρκης
27,100630375,waters,2,νάματ’
28,100630376,Ismenus,2,Ἰσμηνοῦ
29,100630377,and,2,θ’
30,100630378,stream,2,ὕδωρ
31,100630380,see,3,ὁρῶ
32,100630381,the,3,δὲ
33,100630382,mother,3,μητρὸς
34,100630383,tomb,3,μνῆμα
35,100630384,the,3,τῆς
36,100630385,thunder-struck,3,κεραυνίας
37,100630386,this,3,τόδ’
38,100630387,close,3,ἐγγὺς
39,100630388,houses,3,οἴκων
40,100630389,and,3,καὶ
41,100630390,buildings,3,δόμων
42,100630391,ruins,3,ἐρείπια
43,100630392,smoldering,3,τυφόμενα
44,100630393,Zeus's,3,Δίου
45,100630394,fire,3,πυρὸς
46,100630395,even,3,ἔτι
47,100630396,now,3,ζῶσαν
48,100630396,living,3,ζῶσαν
49,100630397,flame,3,φλόγα
50,100630399,immortal,3,ἀθάνατον
51,100630400,Hera,3,Ἥρας
52,100630401,mother,3,μητέρ’
53,100630402,in,3,εἰς
54,100630403,my,3,ἐμὴν
55,100630404,insolence,3,ὕβριν
56,100630406,I praise,4,αἰνῶ
57,100630407,but,4,δὲ
58,100630408,Cadmus,4,Κάδμον
59,100630411,who,4,ὃς
60,100630414,makes,4,τίθησι
61,100630412,ground,4,πέδον
62,100630413,this,4,τόδε
63,100630410,forbidden,4,ἄβατον
64,100630416,daughter's,4,θυγατρὸς
65,100630417,shrine,4,σηκόν
66,100630419,vine,5,ἀμπέλου
67,100630420,all,5,δέ
68,100630421,her,5,νιν
69,100630422,around,5,πέριξ
70,100630423,I,5,ἐγὼ
71,100630424,have covered,5,’κάλυψα
72,100630425,cluster-bearing,5,βοτρυώδει
73,100630426,foliage,5,χλόῃ
74,100630428,Having abandoned,6,λιπὼν
75,100630429,and,6,δὲ
76,100630430,Lydians,6,Λυδῶν
77,100630431,the,6,τοὺς
78,100630432,gold-fenced,6,πολυχρύσους
79,100630433,fields,6,γύας
80,100630434,Phrygians,6,Φρυγῶν
81,100630435,and,6,τε
82,100630437,Persians,6,Περσῶν
83,100630438,and,6,θ’
84,100630439,sun-struck,6,ἡλιοβλήτους
85,100630440,stone slabs,6,πλάκας
86,100630441,Bactrians,6,Βάκτριά
87,100630442,and,6,τε
88,100630443,walls,6,τείχη
89,100630444,the,6,τήν
90,100630445,and,6,τε
91,100630446,hostile,6,δύσχιμον
92,100630447,land,6,χθόνα
93,100630448,Medes,6,Μήδων
94,100630449,having advanced upon,6,ἐπελθὼν
95,100630450,Arabia,6,Ἀραβίαν
96,100630451,and,6,τ’
97,100630452,blessed,6,εὐδαίμονα
98,100630453,Asia,6,Ἀσίαν
99,100630454,and,6,τε
100,100630455,all,6,πᾶσαν
101,100630457,which,6,ἣ
102,100630458,beside,6,παρ’
103,100630459,salty,6,ἁλμυρὰν
104,100630460,sea,6,ἅλα
105,100630461,holds,6,κεῖται
106,100630462,mixed,6,μιγάσιν
107,100630463,Greeks,6,Ἕλλησι
108,100630464,barbarians,6,βαρβάροις
109,100630465,and,6,θ’
110,100630466,together,6,ὁμοῦ
111,100630467,full,6,πλήρεις
112,100630468,of,6,ἔχουσα
113,100630469,well-towered,6,καλλιπυργώτους
114,100630470,cities,6,πόλεις
115,100630472,to,6,ἐς
116,100630473,this,6,τήνδε
117,100630474,first,6,πρῶτον
118,100630475,came,6,ἦλθον
119,100630476,of the Greeks,6,Ἑλλήνων
120,100630477,city,6,πόλιν
121,100630479,the dances,6,τα-
122,100630480,here,6,τἀκεῖ
123,100630481,having danced,6,χορεύσας
124,100630482,and,6,καὶ
125,100630483,established,6,καταστήσας
126,100630484,my own,6,ἐμὰς
127,100630485,rites,6,τελετάς
128,100630487,so that,6,ἵν’
129,100630488,I might be,6,εἴην
130,100630489,visible,6,ἐμφανὴς
131,100630490,god,6,δαίμων
132,100630491,to mortals,6,βροτοῖς
133,100630493,first,7,πρώτας
134,100630494,over,7,δὲ
135,100630495,cities,7,Θήβας
136,100630496,this,7,τῆσδε
137,100630497,land,7,γῆς
138,100630498,Hellenic,7,Ἑλληνίδος
139,100630499,raised a loud cry,7,ἀνωλόλυξα
140,100630501,fawn-skin,7,νεβρίδ’
141,100630502,flung off,7,ἐξάψας
142,100630503,fawn-skin,7,χροὸς
143,100630504,thyrsus,7,θύρσον
144,100630505,and,7,τε
145,100630506,given,7,δοὺς
146,100630507,into,7,ἐς
147,100630508,hand,7,χεῖρα
148,100630510,ivy-tipped,7,κίσσινον
149,100630511,dart,7,βέλος
150,100630513,For,8,ἐπεί
151,100630514,my,8,μ’
152,100630515,sisters,8,ἀδελφαὶ
153,100630518,whom,8,ἃς
154,100630519,least,8,ἥκιστα
155,100630520,expected,8,χρῆν
156,100630522,Dionysus,8,Διόνυσον
157,100630523,not,8,οὐκ
158,100630524,claim,8,ἔφασκον
159,100630525,born,8,ἐκφῦναι
160,100630526,Zeus,8,Διός
161,100630528,Semele,8,Σεμέλην
162,100630530,having been married,8,νυμφευθεῖσαν
163,100630531,to,8,ἐκ
164,100630532,mortal,8,θνητοῦ
165,100630533,a certain,8,τινος
166,100630534,to,8,ἐς
167,100630535,Zeus,8,Ζῆν’
168,100630536,carried,8,ἀναφέρειν
169,100630537,her,8,τὴν
170,100630538,sin,8,ἁμαρτίαν
171,100630539,bed-chamber,8,λέχους
172,100630542,tricks,8,σοφίσμαθ’
173,100630541,Cadmus,8,Κάδμου
174,100630544,which,8,ὧν
175,100630545,he,8,νιν
176,100630546,because,8,οὕνεκα
177,100630547,kill,8,κτανεῖν
178,100630548,Zeus,8,Ζῆν’
179,100630549,boasted,8,ἐξεκαυχῶνθ’
180,100630551,that,8,ὅτι
181,100630552,marriage,8,γάμους
182,100630553,lied,8,ἐψεύσατο
183,100630555,Therefore,9,τοιγάρ
184,100630561,I,9,ἐγὼ
185,100630556,her,9,νιν
186,100630558,out,9,ἐκ
187,100630559,house,9,δόμων
188,100630562,frenzies,9,μανίαις
189,100630564,mountain,9,ὄρος
190,100630566,inhabited,9,οἰκοῦσι
191,100630567,mad,9,παράκοποι
192,100630568,minds,9,φρενῶν
193,100630570,equipment,10,σκευήν
194,100630571,and,10,τ’
195,100630572,carry,10,ἔχειν
196,100630573,forced,10,ἠνάγκασ’
197,100630574,rites,10,ὀργίων
198,100630575,my,10,ἐμῶν
199,100630577,and,10,καὶ
200,100630578,all,10,πᾶν
201,100630579,the,10,τὸ
202,100630580,female,10,θῆλυ
203,100630581,seed,10,σπέρμα
204,100630582,Cadmeians,10,Καδμείων
205,100630584,all,10,ὅσαι
206,100630585,women,10,γυναῖκες
207,100630586,were,10,ἦσαν
208,100630588,drove,10,ἐξέμηνα
209,100630589,houses,10,δωμάτων
210,100630591,And,11,ὁμοῦ
211,100630592,And,11,δὲ
212,100630593,Cadmus,11,Κάδμου
213,100630594,children,11,παισὶν
214,100630595,mixed,11,ἀναμεμειγμέναι
215,100630596,green,11,χλωραῖς
216,100630597,beneath,11,ὑπ’
217,100630598,firs,11,ἐλάταις
218,100630599,roofless,11,ἀνορόφοις
219,100630600,are,11,ἧνται
220,100630601,rocks,11,πέτραις
221,100630603,necessary,12,δεῖ
222,100630604,For,12,γὰρ
223,100630605,city,12,πόλιν
224,100630606,this,12,τήνδ’
225,100630607,learn,12,ἐκμαθεῖν
226,100630609,even,12,κα-
227,100630610,if,12,κεἰ
228,100630611,not,12,μὴ
229,100630612,wishes,12,θέλει
230,100630614,incomplete,12,ἀτέλεστον
231,100630615,being,12,οὖσαν
232,100630616,in,12,τῶν
233,100630617,my,12,ἐμῶν
234,100630618,rites,12,βακχευμάτων
235,100630621,and,12,τε
236,100630623,defend,12,ἀπολογήσασθαί
237,100630624,me,12,μ’
238,100630625,before,12,ὕπερ
239,100630626,appearing,12,φανέντα
240,100630627,mortals,12,θνητοῖς
241,100630628,as,12,δαίμον’
242,100630629,whom,12,ὃν
243,100630630,bore,12,τίκτει
244,100630631,Zeus,12,Διί
245,100630620,Semele,12,Σεμέλης
246,100630622,mother,12,μητρὸς
247,100630633,Cadmus,13,Κάδμος
248,100630634,indeed,13,μὲν
249,100630635,So,13,οὖν
250,100630636,prize,13,γέρας
251,100630637,and,13,τε
252,100630638,and,13,καὶ
253,100630639,kingship,13,τυραννίδα
254,100630640,to Pentheus,13,Πενθεῖ
255,100630641,gives,13,δίδωσι
256,100630642,his daughter,13,θυγατρὸς
257,100630643,born,13,ἐκπεφυκότι
258,100630645,who,13,ὃς
259,100630646,fights,13,θεομαχεῖ
260,100630647,the gods,13,τὰ
261,100630648,concerning,13,κατ’
262,100630649,me,13,ἐμὲ
263,100630650,and,13,καὶ
264,100630651,libations,13,σπονδῶν
265,100630652,away from,13,ἄπο
266,100630653,pushes,13,ὠθεῖ
267,100630654,me,13,μ’
268,100630656,in,13,ἐν
269,100630657,prayers,13,εὐχαῖς
270,100630658,and,13,τ’
271,100630659,no,13,οὐδαμοῦ
272,100630660,memory,13,μνείαν
273,100630661,has,13,ἔχει
274,100630663,this,14,ὧν
275,100630664,reason,14,οὕνεκ’
276,100630667,god,14,γεγὼς
277,100630668,show,14,ἐνδείξομαι
278,100630665,himself,14,αὐτῷ
279,100630669,all,14,πᾶσίν
280,100630671,Thebans,14,Θηβαίοισιν
281,100630674,But,15,δ’
282,100630683,I will set,15,μεταστήσω
283,100630684,foot,15,πόδα
284,100630673,down on,15,ἐς
285,100630675,another,15,ἄλλην
286,100630676,land,15,χθόνα
287,100630679,here,15,τἀνθένδε
288,100630678,it,15,τα-
289,100630680,placing,15,θέμενος
290,100630681,well,15,εὖ
291,100630686,showing,15,δεικνὺς
292,100630687,myself,15,ἐμαυτόν
293,100630689,if,16,ἢν
294,100630690,there,16,δὲ
295,100630691,Thebans,16,Θηβαίων
296,100630692,city,16,πόλις
297,100630693,anger,16,ὀργῇ
298,100630694,with,16,σὺν
299,100630695,weapons,16,ὅπλοις
300,100630696,out,16,ἐξ
301,100630697,mountains,16,ὄρους
302,100630698,Bacchants,16,βάκχας
303,100630699,lead,16,ἄγειν
304,100630700,seeking,16,ζητῇ
305,100630702,join,16,ξυνάψω
306,100630703,battle,16,μαινάσι
307,100630704,leader,16,στρατηλατῶν
308,100630707,For,17,οὕνεκ’
309,100630706,this,17,ὧν
310,100630708,reason,17,εἶδος
311,100630710,having,17,ἀλλάξας
312,100630709,mortal,17,θνητὸν
313,100630712,form,17,μορφήν
314,100630715,I,17,μετέβαλον
315,100630711,have,17,ἔχω
316,100630712,taken,17,μορφήν
317,100630708,on,17,εἶδος
318,100630708,a,17,εἶδος
319,100630712,different,17,μορφήν
320,100630712,shape,17,μορφήν
321,100630713,and,17,τ’
322,100630715,transformed,17,μετέβαλον
323,100630714,my,17,ἐμὴν
324,100630718,own,17,φύσιν
325,100630718,nature,17,φύσιν
326,100630716,into,17,εἰς
327,100630717,that,17,ἀνδρὸς
328,100630717,of,17,ἀνδρὸς
329,100630717,a,17,ἀνδρὸς
330,100630717,man,17,ἀνδρὸς
331,100630720,But,18,ἀλλ’
332,100630722,O,18,ὦ
333,100630723,having left,18,λιποῦσαι
334,100630724,Mount Tmolus,18,Τμῶλον
335,100630725,stronghold,18,ἔρυμα
336,100630726,of Lydia,18,Λυδίας
337,100630728,band,18,θίασος
338,100630729,my,18,ἐμός
339,100630731,women,18,γυναῖκες
340,100630733,whom,18,ἃς
341,100630734,from,18,ἐκ
342,100630735,barbarians,18,βαρβάρων
343,100630736,brought,18,ἐκόμισα
344,100630737,companions,18,παρέδρους
345,100630738,and,18,καὶ
346,100630739,fellow-travelers,18,ξυνεμπόρους
347,100630740,to me,18,ἐμοί
348,100630742,choose,18,αἴρεσθε
349,100630743,these,18,τα-
350,100630744,local,18,τἀπιχώρι’
351,100630745,in,18,ἐν
352,100630746,city,18,πόλει
353,100630747,of the Phrygians,18,Φρυγῶν
354,100630748,drums,18,τύμπανα
355,100630750,of Rhea,18,Ῥέας
356,100630751,and,18,τε
357,100630752,of,18,μητρὸς
358,100630753,my,18,ἐμά
359,100630754,own,18,θ’
360,100630755,discoveries,18,εὑρήματα
361,100630751,and,18,τε
362,100630757,royal,18,βασίλειά
363,100630758,and,18,τ’
364,100630759,about,18,ἀμφὶ
365,100630760,palace,18,δώματ’
366,100630761,having come,18,ἐλθοῦσαι
367,100630762,these,18,τάδε
368,100630763,strike,18,κτυπεῖτε
369,100630764,of Pentheus,18,Πενθέως
370,100630766,so that,18,ὡς
371,100630767,see,18,ὁρᾷ
372,100630768,of Cadmus,18,Κάδμου
373,100630769,city,18,πόλις
374,100630772,But,19,δὲ
375,100630771,I,19,ἐγὼ
376,100630778,having come,19,ἐλθὼν
377,100630775,to,19,ἐς
378,100630773,the Bacchants,19,βάκχαις
379,100630776,of Cithaeron,19,Κιθαιρῶνος
380,100630777,folds,19,πτυχὰς
381,100630779,to,19,ἵν’
382,100630782,will share,19,συμμετασχήσω
383,100630783,chorus,19,χορῶν
384,100630785,Asia,20,Ἀσίας
385,100630786,from,20,ἀπὸ
386,100630787,ground,20,γᾶς
387,100630788,holy,20,ἱερὸν
388,100630789,Mount Tmolus,20,Τμῶλον
389,100630790,Having left,20,ἀμείψασα
390,100630791,hasten,20,θοάζω
391,100630792,Bromius,20,Βρομίῳ
392,100630793,labor,20,πόνον
393,100630794,joyful,20,ἡδὺν
394,100630795,toil,20,κάματόν
395,100630796,and,20,τ’
396,100630797,rejoicing,20,εὐκάματον
397,100630799,Bacchus,20,Βάκχιον
398,100630800,in him,20,εὐαζομένα
399,100630802,Who,21,τίς
400,100630803,road,21,ὁδῷ
401,100630804,Who,21,τίς
402,100630805,road,21,ὁδῷ
403,100630807,Who,22,τίς
404,100630810,outsider,23,ἔκτοπος
405,100630809,chambers,23,μελάθροις
406,100630811,Let,23,ἔστω
407,100630813,mouth,23,στόμα
408,100630814,that,23,τ’
409,100630815,speaks,23,εὔφημον
410,100630816,all,23,ἅπας
411,100630817,expelled,23,ἐξοσιούσθω
412,100630821,For,24,γὰρ
413,100630824,I,24,ὑμνήσω
414,100630824,shall,24,ὑμνήσω
415,100630824,hymn,24,ὑμνήσω
416,100630822,always,24,αἰεὶ
417,100630819,what,24,τὰ
418,100630819,has,24,τὰ
419,100630819,been,24,τὰ
420,100630820,considered,24,νομισθέντα
421,100630823,Dionysus,24,Διόνυσον
422,100630826,O,25,ὦ
423,100630827,blessed,25,μάκαρ
424,100630829,who,25,ὅστις
425,100630830,happy,25,εὐδαίμων
426,100630831,rites,25,τελετὰς
427,100630832,gods,25,θεῶν
428,100630833,knowing,25,εἰδὼς
429,100630834,life,25,βιοτὰν
430,100630835,lives,25,ἁγιστεύει
431,100630836,and,25,καὶ
432,100630837,joins,25,θιασεύεται
433,100630838,sacred,25,ψυχὰν
434,100630839,in,25,ἐν
435,100630840,mountains,25,ὄρεσσι
436,100630841,celebrating,25,βακχεύων
437,100630842,holy,25,ὁσίοις
438,100630843,purifications,25,καθαρμοῖσιν
439,100630845,who,25,τά
440,100630846,and,25,τε
441,100630847,Mother,25,ματρὸς
442,100630848,great,25,μεγάλας
443,100630849,mysteries,25,ὄργια
444,100630850,Cybele,25,Κυβέλας
445,100630851,honors,25,θεμιτεύων
446,100630853,raising,25,ἀνὰ
447,100630854,thyrsus,25,θύρσον
448,100630855,and,25,τε
449,100630856,crowned,25,τινάσσων
450,100630858,ivy,25,κισσῷ
451,100630859,and,25,τε
452,100630860,crowned,25,στεφανωθεὶς
453,100630861,Dionysus,25,Διόνυσον
454,100630862,serves,25,θεραπεύει
455,100630887,who,27,ὅν
456,100630888,once,27,ποτ’
457,100630889,held,27,ἔχουσ’
458,100630890,in,27,ἐν
459,100630891,labor-pangs,27,ὠδίνων
460,100630892,labor-pangs,27,λοχίαις
461,100630893,necessity,27,ἀνάγκαισι
462,100630894,fled,27,πταμένας
463,100630895,thunder,27,Διὸς
464,100630896,thunder,27,βροντᾶς
465,100630897,womb,27,νηδύος
466,100630898,cast out,27,ἔκβολον
467,100630899,mother,27,μάτηρ
468,100630900,bore,27,ἔτεκεν
469,100630902,leaving,27,λιποῦσ’
470,100630903,life,27,αἰῶνα
471,100630904,lightning-blow,27,κεραυνίῳ
472,100630905,lightning-blow,27,πληγᾷ
473,100630908,And,28,δ’
474,100630907,secret,28,λοχίοις
475,100630912,chambers,28,θαλάμαις
476,100630913,Kronion,28,Κρονίδας
477,100630914,Zeus,28,Ζεύς
478,100630909,immediately,28,αὐτίκα
479,100630910,him,28,νιν
480,100630911,received,28,δέξατο
481,100630918,and,28,δὲ
482,100630919,having covered,28,καλύψας
483,100630910,him,28,νιν
484,100630920,golden,28,χρυσέαισιν
485,100630922,pins,28,περόναις
486,100630917,thighs,28,μηρῷ
487,100630923,concealed,28,κρυπτὸν
488,100630924,from,28,ἀφ’
489,100630925,Hera,28,Ἥρας
490,100630927,bore,29,ἔτεκεν
491,100630928,,29,δ’
492,100630930,when,29,ἁνίκα
493,100630931,the Fates,29,Μοῖραι
494,100630932,accomplished,29,τέλεσαν
495,100630934,bull-horned,29,ταυρόκερων
496,100630935,god,29,θεὸν
497,100630937,,29,τε
498,100630936,crowned,29,στεφάνωσέν
499,100630938,serpents,29,δρακόντων
500,100630939,wreaths,29,στεφάνοις
501,100630941,whence,29,ἔνθεν
502,100630944,maenads,29,μαινάδες
503,100630942,hunt,29,ἄγραν
504,100630943,lion-nurturing,29,θηροτρόφον
505,100630945,cast,29,ἀμφιβάλλονται
506,100630946,hair,29,πλοκάμοις
507,100630948,Oh,30,ὦ
508,100630949,nurse,30,Σεμέλας
509,100630950,of,30,τροφοὶ
510,100630951,Semele,30,Θῆβαι
511,100630953,Thebans,30,στεφανοῦσθε
512,100630953,put on,30,στεφανοῦσθε
513,100630954,ivy,30,κισσῷ
514,100630956,Shout,31,βρύετε
515,100630957,shout,31,βρύετε
516,100630958,green,31,χλοήρει
517,100630959,bryony,31,μίλακι
518,100630960,fair,31,καλλικάρπῳ
519,100630961,and,31,καὶ
520,100630962,become,31,καταβακχιοῦσθε
521,100630963,oak,31,δρυὸς
522,100630964,or,31,ἢ
523,100630965,fir,31,ἐλάτας
524,100630966,branches,31,κλάδοισι
525,100630968,spotted,31,στικτῶν
526,100630969,and,31,τ’
527,100630970,crowned,31,ἐνδυτὰ
528,100630971,fawn-skins,31,νεβρίδων
529,100630972,weave,31,στέφετε
530,100630973,white-haired,31,λευκοτρίχων
531,100630974,locks,31,πλοκάμων
532,100630975,wool,31,μαλλοῖς
533,100630977,around,32,ἀμφὶ
534,100630979,them,32,νάρθηκας
535,100630981,consecrate,32,ὁσιοῦσθ’
536,100630979,fennel,32,νάρθηκας
537,100630979,stalks,32,νάρθηκας
538,100630980,bullies,32,ὑβριστὰς
539,100630983,Immediately,33,αὐτίκα
540,100630984,earth,33,γᾶ
541,100630985,all,33,πᾶσα
542,100630986,shall dance,33,χορεύσει
543,100630988,Bromius,33,Βρόμιος
544,100630989,who,33,ὅστις
545,100630990,leads,33,ἄγῃ
546,100630991,the bands,33,θιάσους
547,100630993,to,33,εἰς
548,100630994,the mountain,33,ὄρος
549,100630995,to,33,εἰς
550,100630996,the mountain,33,ὄρος
551,100630998,where,33,ἔνθα
552,100630999,abides,33,μένει
553,100631000,female,33,θηλυγενὴς
554,100631001,crowd,33,ὄχλος
555,100631002,from,33,ἀφ’
556,100631003,looms,33,ἱστῶν
557,100631004,from,33,παρὰ
558,100631005,shuttles,33,κερκίδων
559,100631007,stirred,33,οἰστρηθεὶς
560,100631008,Dionysus,33,Διονύσῳ
561,100631010,O,34,ὦ
562,100631011,chamber,34,θαλάμευμα
563,100631012,Kuretes,34,Κουρήτων
564,100631013,hallowed,34,ζάθεοί
565,100631014,and,34,τε
566,100631015,Cretans,34,Κρήτας
567,100631016,god-born,34,Διογενέτορες
568,100631017,built,34,ἔναυλοι
569,100631019,here,34,ἔνθα
570,100631020,three-horned,34,τρικόρυθες
571,100631021,precincts,34,ἄντροις
572,100631022,skin-shedding,34,βυρσότονον
573,100631023,circle,34,κύκλωμα
574,100631024,this,34,τόδε
575,100631025,me,34,μοι
576,100631026,Corybantes,34,Κορύβαντες
577,100631027,have found,34,ηὗρον
578,100631029,Bacchic,35,βακχείᾳ
579,100631030,But,35,δ’
580,100631031,mixed,35,ἀνὰ
581,100631032,swift,35,συντόνῳ
582,100631033,mixed,35,κέρασαν
583,100631034,sweet-sounding,35,ἁδυβόᾳ
584,100631035,Phrygian,35,Φρυγίων
585,100631036,flutes,35,αὐλῶν
586,100631037,breath,35,πνεύματι
587,100631038,Mother,35,ματρός
588,100631039,and,35,τε
589,100631040,Rhea,35,Ῥέας
590,100631041,in,35,ἐς
591,100631042,hand,35,χέρα
592,100631043,placed,35,θῆκαν
593,100631045,noise,35,κτύπον
594,100631046,hymns,35,εὐάσμασι
595,100631047,Bacchic,35,Βακχᾶν
596,100631049,violated,36,παρὰ
597,100631050,But,36,δὲ
598,100631051,frenzied,36,μαινόμενοι
599,100631052,Satyrs,36,Σάτυροι
600,100631053,mother,36,ματέρος
601,100631055,goddess,36,θεᾶς
602,100631054,have violated,36,ἐξανύσαντο
603,100631057,together,36,ἐς
604,100631058,and,36,δὲ
605,100631059,dances,36,χορεύματα
606,100631060,joined,36,συνῆψαν
607,100631061,three-year-olds,36,τριετηρίδων
608,100631063,in which,36,αἷς
609,100631064,delights,36,χαίρει
610,100631065,Dionysus,36,Διόνυσος
611,100631067,Sweet,37,ἡδὺς
612,100631068,in,37,ἐν
613,100631069,mountains,37,ὄρεσιν
614,100631071,when,37,ὅταν
615,100631072,from,37,ἐκ
616,100631073,throngs,37,θιάσων
617,100631074,running,37,δρομαίων
618,100631075,falls,37,πέσῃ
619,100631076,to the ground,37,πεδόσε
620,100631078,fawn-skin,37,νεβρίδος
621,100631079,holding,37,ἔχων
622,100631080,holy,37,ἱερὸν
623,100631081,garment,37,ἐνδυτόν
624,100631083,hunting,37,ἀγρεύων
625,100631084,blood,37,αἷμα
626,100631085,goat-slaying,37,τραγοκτόνον
627,100631087,raw-eating,37,ὠμοφάγον
628,100631088,favor,37,χάριν
629,100631090,longing,37,ἱέμενος
630,100631091,for,37,ἐς
631,100631092,mountains,37,ὄρεα
632,100631093,Phrygian,37,Φρύγια
633,100631095,Lydian,37,Λύδι’
634,100631097,the,37,ὁ
635,100631098,but,37,δ’
636,100631099,leader,37,ἔξαρχος
637,100631100,Bromios,37,Βρόμιος
638,100631102,Euoi,37,εὐοἷ
639,100631104,flows,38,ῥεῖ
640,100631105,and,38,δὲ
641,100631106,with,38,γάλακτι
642,100631107,ground,38,πέδον
643,100631109,flows,38,ῥεῖ
644,100631110,and,38,δ’
645,100631111,with,38,οἴνῳ
646,100631113,flows,38,ῥεῖ
647,100631114,and,38,δὲ
648,100631115,of,38,μελισσᾶν
649,100631116,nectar,38,νέκταρι
650,100631118,Syrian,39,Συρίας
651,100631119,and,39,δ’
652,100631121,frankincense,39,λιβάνου
653,100631122,smoke,39,καπνὸν
654,100631123,The,39,ὁ
655,100631124,Bacchic,39,Βακχεὺς
656,100631125,follower,39,ἀνέχων
657,100631125,carrying,39,ἀνέχων
658,100631126,pine-flame,39,πυρσώδη
659,100631127,flame,39,φλόγα
660,100631128,pine-flame,39,πεύκας
661,100631129,from,39,ἐκ
662,100631130,fennel-stalk,39,νάρθηκος
663,100631131,runs,39,ἀίσσει
664,100631132,race,39,δρόμῳ
665,100631133,and,39,καὶ
666,100631134,choruses,39,χοροῖσιν
667,100631135,wandering,39,πλανάτας
668,100631136,exciting,39,ἐρεθίζων
669,100631137,shouts,39,ἰαχαῖς
670,100631138,and,39,τ’
671,100631139,leaping,39,ἀναπάλλων
672,100631141,tender,39,τρυφερόν
673,100631143,lock,39,πλόκαμον
674,100631144,into,39,εἰς
675,100631145,sky,39,αἰθέρα
676,100631146,casts,39,ῥίπτων
677,100631149,And,40,δ’
678,100631150,with,40,εὐάσμασι
679,100631151,such,40,τοιάδ’
680,100631151,hymns,40,τοιάδ’
681,100631152,thunders,40,ἐπιβρέμει
682,100631155,Come,41,ἴτε
683,100631159,come,41,ἴτε
684,100631156,Bacchants,41,βάκχαι
685,100631160,Bacchants,41,βάκχαι
686,100631165,Sing,41,μέλπετε
687,100631166,the,41,τὸν
688,100631167,Dionysus,41,Διόνυσον
689,100631162,Mount Tmolus,41,Τμώλου
690,100631163,golden-streaming,41,χρυσορόου
691,100631164,splendor,41,χλιδᾷ
692,100631168,rumbling,41,βαρυβρόμων
693,100631169,under,41,ὑπὸ
694,100631170,drums,41,τυμπάνων
695,100631175,Rejoice,41,ἀγαλλόμεναι
696,100631177,in,41,ἐν
697,100631176,god,41,θεὸν
698,100631172,happy,41,εὔια
699,100631173,the,41,τὸν
700,100631174,happy,41,εὔιον
701,100631178,Phrygian,41,Φρυγίαισι
702,100631179,cries,41,βοαῖς
703,100631180,resonant voices,41,ἐνοπαῖσί
704,100631181,and,41,τε
705,100631184,when,41,ὅταν
706,100631183,lotus,41,λωτὸς
707,100631184,when,41,ὅταν
708,100631186,sacred,41,ἱερὸς
709,100631187,holy,41,ἱερὰ
710,100631188,toys,41,παίγματα
711,100631185,horn-beech,41,εὐκέλαδος
712,100631189,resound,41,βρέμῃ
713,100631191,company,41,σύνοχα
714,100631192,followers,41,φοιτάσιν
715,100631193,goes,41,εἰς
716,100631194,to the mountain,41,ὄρος
717,100631195,goes,41,εἰς
718,100631196,to the mountain,41,ὄρος
719,100631199,But,42,δ’
720,100631198,delighted,42,ἡδομένα
721,100631200,indeed,42,ἄρα
722,100631202,colt,42,πῶλος
723,100631203,as,42,ὅπως
724,100631209,brings,42,ἄγει
725,100631208,limb,42,κῶλον
726,100631210,swift,42,ταχύπουν
727,100631211,leaps,42,σκιρτήμασι
728,100631205,mother,42,ματέρι
729,100631206,mare,42,φορβάδι
730,100631212,bacchant,42,βάκχα
731,100631209,leads,42,ἄγει
732,100631211,leaps,42,σκιρτήμασι
733,100631214,Who,43,τίς
734,100631215,at,43,ἐν
735,100631216,gates,43,πύλαισι
736,100631219,Summon,44,ἐκκάλει
737,100631218,Cadmus,44,Κάδμον
738,100631223,son,44,παῖδ’
739,100631222,Agenor,44,Ἀγήνορος
740,100631219,from,44,ἐκκάλει
741,100631220,the house,44,δόμων
742,100631225,he,44,ὃς
743,100631225,who,44,ὃς
744,100631228,leaving,44,λιπὼν
745,100631226,the,44,πόλιν
746,100631227,Sidonian,44,Σιδωνίαν
747,100631226,city,44,πόλιν
748,100631229,built,44,ἐπύργωσ’
749,100631232,this,44,τόδε
750,100631230,city,44,ἄστυ
751,100631231,of the Thebans,44,Θηβαίων
752,100631234,Let,45,ἴτω
753,100631235,someone,45,τις
754,100631234,go,45,ἴτω
755,100631237,report,45,εἰσάγγελλε
756,100631238,to Tiresias,45,Τειρεσίας
757,100631239,that,45,ὅτι
758,100631240,is seeking,45,ζητεῖ
759,100631241,him,45,νιν
760,100631241,he,45,νιν
761,100631243,I,46,οἶδε
762,100631245,myself,46,αὐτὸς
763,100631247,have come,46,ἥκω
764,100631246,being,46,ὧν
765,100631252,older,46,πρέσβυς
766,100631254,than,46,γεραιτέρῳ
767,100631253,an elder,46,ὢν
768,100631251,having learned,46,ξυνεθέμην
769,100631257,to light,46,ἀνάπτειν
770,100631256,thyrsuses,46,θύρσους
771,100631261,to hold,46,ἔχειν
772,100631259,fawn,46,νεβρῶν
773,100631260,skins,46,δορὰς
774,100631262,to crown,46,στεφανοῦν
775,100631264,heads,46,κρᾶτα
776,100631266,with,46,βλαστήμασιν
777,100631265,ivy,46,κισσίνοις
778,100631266,shoots,46,βλαστήμασιν
779,100631268,friend,47,ὦ
780,100631269,Dearest,47,φίλταθ’
781,100631271,how,47,ὡς
782,100631272,your,47,σὴν
783,100631273,old age,47,γῆρυν
784,100631274,was,47,ᾐσθόμην
785,100631275,to hear,47,κλύων
786,100631276,wise,47,σοφὴν
787,100631277,wise,47,σοφοῦ
788,100631278,from,47,παρ’
789,100631279,man,47,ἀνδρός
790,100631281,in,47,ἐν
791,100631282,house,47,δόμοισιν
792,100631283,were,47,ὤν
793,100631285,arrived,48,ἥκω
794,100631286,ready,48,δ’
795,100631287,ready,48,ἕτοιμος
796,100631288,this,48,τήνδ’
797,100631289,holding,48,ἔχων
798,100631290,equipment,48,σκευὴν
799,100631291,of,48,θεοῦ
800,100631294,For,49,γάρ
801,100631293,it is necessary,49,δεῖ
802,100631295,he,49,νιν
803,100631296,being,49,ὄντα
804,100631297,child,49,παῖδα
805,100631298,of my daughter,49,θυγατρὸς
806,100631299,up,49,ἐξ
807,100631300,our,49,ἐμῆς
808,100631306,as great as possible,49,ὅσον
809,100631307,within,49,καθ’
810,100631308,household,49,ἡμᾶς
811,100631309,possible,49,δυνατὸν
812,100631310,grow,49,αὔξεσθαι
813,100631311,great,49,μέγαν
814,100631313,Where,50,ποῖ
815,100631314,must,50,δεῖ
816,100631315,dance,50,χορεύειν
817,100631317,where,50,ποῖ
818,100631318,set,50,καθιστάναι
819,100631319,foot,50,πόδα
820,100631320,and,50,καὶ
821,100631321,head,50,κρᾶτα
822,100631322,shake,50,σεῖσαι
823,100631323,grey,50,πολιόν
824,100631325,Lead,51,ἐξηγοῦ
825,100631326,the,51,σύ
826,100631327,way,51,μοι
827,100631327,for,51,μοι
828,100631327,me,51,μοι
829,100631328,old,51,γέρων
830,100631328,man,51,γέρων
831,100631329,to,51,γέροντι
832,100631329,an,51,γέροντι
833,100631329,old,51,γέροντι
834,100631329,man,51,γέροντι
835,100631331,Tiresias,51,Τειρεσία
836,100631333,you,52,σὺ
837,100631334,For,52,γὰρ
838,100631335,wise,52,σοφός
839,100631337,How,53,ὡς
840,100631338,not,53,οὐ
841,100631339,tire,53,κάμοιμ’
842,100631340,would,53,ἂν
843,100631341,not,53,οὔ
844,100631342,neither,53,-τε
845,100631343,by,53,νύκτ’
846,100631344,nor,53,οὔ
847,100631345,by,53,-θ’
848,100631346,day,53,ἡμέραν
849,100631347,with,53,θύρσῳ
850,100631348,strike,53,κροτῶν
851,100631349,earth,53,γῆν
852,100631350,.,53,.
853,100631351,forget,54,ἐπιλελήσμεθ’
854,100631353,old men,54,γέροντες
855,100631354,as,54,ὄντες
856,100631356,these,55,τα-
857,100631357,very,55,ταὔτ’
858,100631358,me,55,ἐμοὶ
859,100631359,suffer,55,πάσχεις
860,100631360,So,55,ἄρα
861,100631362,But,56,κα-
862,100631363,yes,56,κἀγὼ
863,100631364,for,56,γὰρ
864,100631365,I am young,56,ἡβῶ
865,100631366,and,56,κα-
866,100631367,I shall attempt,56,κἀπιχειρήσω
867,100631368,choruses,56,χοροῖς
868,100631370,then,57,οὐκοῦν
869,100631371,chariot,57,ὄχοισιν
870,100631372,to,57,εἰς
871,100631373,mountain,57,ὄρος
872,100631374,drive,57,περάσομεν
873,100631376,But,58,ἀλλ’
874,100631377,not,58,οὐχ
875,100631378,same,58,ὁμοίως
876,100631378,way,58,ὁμοίως
877,100631379,would,58,ἂν
878,100631380,the,58,ὁ
879,100631381,god,58,θεὸς
880,100631383,hold,58,ἔχοι
881,100631382,honor,58,τιμὴν
882,100631389,I,59,ἐγώ
883,100631385,old,59,γέρων
884,100631386,man,59,γέροντα
885,100631387,educate,59,παιδαγωγήσω
886,100631386,man,59,γέροντα
887,100631388,an,59,σ’
888,100631391,The,60,ὁ
889,100631392,god,60,θεὸς
890,100631394,placed,60,κεῖσε
891,100631395,us,60,νῷν
892,100631393,without,60,ἀμοχθὶ
893,100631396,will,60,ἡγήσεται
894,100631396,lead,60,ἡγήσεται
895,100631395,us,60,νῷν
896,100631398,alone,61,μόνοι
897,100631399,Will,61,δὲ
898,100631400,city,61,πόλεως
899,100631401,Bacchic,61,Βακχίῳ
900,100631402,dance,61,χορεύσομεν
901,100631403,songs,61,;
902,100631405,For,62,γὰρ
903,100631404,only,62,μόνοι
904,100631407,we think,62,φρονοῦμεν
905,100631406,rightly,62,εὖ
906,100631410,but,62,δ’
907,100631409,the,62,οἱ
908,100631411,others,62,ἄλλοι
909,100631412,wrongly,62,κακῶς
910,100631414,long,63,μακρὸν
911,100631415,To,63,τὸ
912,100631416,wait,63,μέλλειν
913,100631418,But,64,ἀλλ’
914,100631419,your,64,ἐμῆς
915,100631420,hold,64,ἔχου
916,100631421,hand,64,χερός
917,100631423,Look,65,ἰδού
918,100631425,join,65,ξύναπτε
919,100631426,and,65,καὶ
920,100631427,clasp,65,ξυνωρίζου
921,100631428,hands,65,χέρα
922,100631430,do not,66,οὐ
923,100631431,despise,66,καταφρονῶ
924,100631432,I,66,’γὼ
925,100631433,the,66,τῶν
926,100631434,gods,66,θεῶν
927,100631435,mortal,66,θνητὸς
928,100631436,as,66,γεγώς
929,100631438,not,67,οὐδὲν
930,100631439,use,67,σοφιζόμεσθα
931,100631440,with,67,τοῖσι
932,100631441,gods,67,δαίμοσιν
933,100631443,ancestral,68,πατρίους
934,100631444,traditions,68,παραδοχάς
935,100631446,which,68,ἅς
936,100631447,we,68,θ’
937,100631448,companion,68,ὁμήλικας
938,100631449,through,68,χρόνῳ
939,100631450,acquired,68,κεκτήμεθ’
940,100631452,No,68,οὐδεὶς
941,100631455,word,68,λόγος
942,100631454,overthrow,68,καταβαλεῖ
943,100631457,nor,68,οὐ
944,100631458,nor,68,-δ’
945,100631459,is,68,εἰ
946,100631460,through,68,δι’
947,100631461,utmost,68,ἄκρων
948,100631462,limits,68,τὸ
949,100631463,wise,68,σοφὸν
950,100631464,discovered,68,ηὕρηται
951,100631465,minds,68,φρενῶν
952,100631467,Will,69,ἐρεῖ
953,100631468,someone,69,τις
954,100631469,that,69,ὡς
955,100631470,I,69,τὸ
956,100631473,am,69,αἰσχύνομαι
957,100631472,not,69,οὐκ
958,100631473,ashamed,69,αἰσχύνομαι
959,100631470,of,69,τὸ
960,100631471,old age,69,γῆρας
961,100631475,about,69,μέλλων
962,100631476,to dance,69,χορεύειν
963,100631477,with,69,κρᾶτα
964,100631477,my,69,κρᾶτα
965,100631479,my,69,ἐμόν
966,100631477,head,69,κρᾶτα
967,100631478,crowned,69,κισσώσας
968,100631478,with,69,κισσώσας
969,100631478,ivy,69,κισσώσας
970,100631482,For,70,γὰρ
971,100631484,the,70,ὁ
972,100631485,god,70,θεός
973,100631483,has,70,διῄρηχ’
974,100631481,not,70,οὐ
975,100631483,distinguished,70,διῄρηχ’
976,100631487,does,70,οὔ
977,100631488,not,70,-τε
978,100631502,wish,70,βούλεται
979,100631489,the,70,τὸν
980,100631490,young,70,νέον
981,100631491,to,70,εἰ
982,100631493,dance,70,χορεύειν
983,100631494,nor,70,οὔ
984,100631495,the,70,-τε
985,100631497,old,70,γεραίτερον
986,100631499,but,70,ἀλλ’
987,100631502,desires,70,βούλεται
988,100631503,honors,70,τιμὰς
989,100631504,to,70,ἔχειν
990,100631505,be,70,κοινάς
991,100631505,shared,70,κοινάς
992,100631500,by,70,ἐξ
993,100631501,all,70,ἁπάντων
994,100631507,while,70,διαριθμῶν
995,100631507,counting,70,διαριθμῶν
996,100631508,and,70,δ’
997,100631509,nothing,70,οὐδέν’
998,100631510,to,70,αὔξεσθαι
999,100631511,wishes,70,θέλει
1000,100631510,increase,70,αὔξεσθαι
1001,100631513,Since,71,ἐπεὶ
1002,100631514,you,71,σὺ
1003,100631515,light,71,φέγγος
1004,100631517,Tiresias,71,Τειρεσία
1005,100631519,this,71,τόδ’
1006,100631520,do,71,οὐχ
1007,100631521,not,71,ὁρᾷς
1008,100631521,see,71,ὁρᾷς
1009,100631523,I,71,ἐγὼ
1010,100631524,prophet,71,προφήτης
1011,100631525,for,71,σοι
1012,100631526,these,71,λόγων
1013,100631527,matters,71,γενήσομαι
1014,100631529,Pentheus,72,Πενθεὺς
1015,100631530,to,72,πρὸς
1016,100631531,houses,72,οἴκους
1017,100631532,these,72,ὅδε
1018,100631533,in,72,διὰ
1019,100631534,haste,72,σπουδῆς
1020,100631535,comes,72,περᾷ
1021,100631537,Echion,72,Ἐχίονος
1022,100631538,son,72,παῖς
1023,100631540,you,72,ᾧ
1024,100631541,power,72,κράτος
1025,100631542,give,72,δίδωμι
1026,100631543,land,72,γῆς
1027,100631545,How,73,ὡς
1028,100631546,terrified,73,ἐπτόηται
1029,100631548,What,74,τί
1030,100631549,new,74,ποτ’
1031,100631550,say,74,ἐρεῖ
1032,100631551,thing,74,νεώτερον
1033,100631553,away,75,ἔκδημος
1034,100631554,Being,75,ὢν
1035,100631553,home,75,ἔκδημος
1036,100631557,happened,75,ἐτύγχανον
1037,100631556,this,75,τῆσδ’
1038,100631558,land,75,χθονός
1039,100631560,hear,75,κλύω
1040,100631562,new,75,νεοχμὰ
1041,100631563,this,75,τήνδ’
1042,100631564,in,75,ἀνὰ
1043,100631565,city,75,πτόλιν
1044,100631566,terrible,75,κακά
1045,100631568,women,75,γυναῖκας
1046,100631571,abandoned,75,ἐκλελοιπέναι
1047,100631569,our,75,ἡμῖν
1048,100631570,houses,75,δώματ’
1049,100631572,fabricated,75,πλασταῖσι
1050,100631573,rites,75,βακχείαισιν
1051,100631579,dancing,75,θοάζειν
1052,100631577,wooded,75,δασκίοις
1053,100631578,mountains,75,ὄρεσι
1054,100631582,recently,75,νεωστὶ
1055,100631583,deity,75,δαίμονα
1056,100631584,Dionysus,75,Διόνυσον
1057,100631586,who,75,ὅστις
1058,100631587,is,75,ἔστι
1059,100631589,honored,75,τιμώσας
1060,100631590,choruses,75,χοροῖς
1061,100631597,stand,76,ἑστάναι
1062,100631592,full,76,πλήρεις
1063,100631593,of,76,δὲ
1064,100631594,revels,76,θιάσοις
1065,100631595,in,76,ἐν
1066,100631596,the midst,76,μέσοισιν
1067,100631598,mixing-bowls,76,κρατῆρας
1068,100631600,another,76,ἄλλην
1069,100631602,one,76,ἄλλοσ’
1070,100631603,after,76,εἰς
1071,100631602,another,76,ἄλλοσ’
1072,100631605,goes,76,πτώσσουσαν
1073,100631604,solitude,76,ἐρημίαν
1074,100631608,serve,76,ὑπηρετεῖν
1075,100631606,beds,76,εὐναῖς
1076,100631607,men,76,ἀρσένων
1077,100631610,pretext,76,πρόφασιν
1078,100631612,indeed,76,ὡς
1079,100631613,that,76,δὴ
1080,100631614,they,76,μαινάδας
1081,100631615,sacrificing,76,θυοσκόους
1082,100631615,to,76,θυοσκόους
1083,100631614,frenzied,76,μαινάδας
1084,100631615,maenads,76,θυοσκόους
1085,100631618,but,76,δ’
1086,100631621,leading,76,ἄγειν
1087,100631620,forth,76,πρόσθ’
1088,100631619,Aphrodite,76,Ἀφροδίτην
1089,100631620,before,76,πρόσθ’
1090,100631623,Bacchus,76,Βακχίου
1091,100631637,as many as,78,ὅσαι
1092,100631638,But,78,δ’
1093,100631639,go away,78,ἄπεισιν
1094,100631641,beyond,78,ἐξ
1095,100631642,boundaries,78,ὄρους
1096,100631643,hunt,78,θηράσομαι
1097,100631662,And,79,καὶ
1098,100631663,them,79,σφᾶς
1099,100631664,iron,79,σιδηραῖς
1100,100631665,bound,79,ἁρμόσας
1101,100631666,with,79,ἐν
1102,100631667,nets,79,ἄρκυσιν
1103,100631668,stop,79,παύσω
1104,100631669,criminal,79,κακούργου
1105,100631670,this,79,τῆσδε
1106,100631671,Bacchic,79,βακχείας
1107,100631672,soon,79,τάχα
1108,100631663,these,79,σφᾶς
1109,100631674,say,80,λέγουσι
1110,100631675,say,80,δ’
1111,100631676,that,80,ὥς
1112,100631677,a,80,τις
1113,100631678,has entered,80,εἰσελήλυθε
1114,100631679,stranger,80,ξένος
1115,100631681,sorcerer,80,γόης
1116,100631682,from,80,ἐπῳδὸς
1117,100631683,Lydian,80,Λυδίας
1118,100631684,from,80,ἀπὸ
1119,100631685,land,80,χθονός
1120,100631687,golden,80,ξανθοῖσι
1121,100631688,locks,80,βοστρύχοισιν
1122,100631689,emitting,80,εὐοσμῶν
1123,100631690,fragrance,80,κόμην
1124,100631692,dark-eyed,80,οἰνῶπας
1125,100631693,eyes,80,ὄσσοις
1126,100631694,charms,80,χάριτας
1127,100631695,of,80,Ἀφροδίτης
1128,100631696,possessing,80,ἔχων
1129,100631698,who,80,ὃς
1130,100631699,men,80,ἡμέρας
1131,100631700,and,80,τε
1132,100631701,and,80,κα-
1133,100631702,foolish,80,κεὐφρόνας
1134,100631703,associates,80,συγγίγνεται
1135,100631704,rites,80,τελετὰς
1136,100631705,offering,80,προτείνων
1137,100631706,auspicious,80,εὐίους
1138,100631707,young,80,νεάνισιν
1139,100631709,But,81,εἰ
1140,100631710,But,81,δ’
1141,100631711,him,81,αὐτὸν
1142,100631712,inside,81,εἴσω
1143,100631713,this,81,τῆσδε
1144,100631714,will take,81,λήψομαι
1145,100631715,house,81,στέγης
1146,100631717,I will stop,81,παύσω
1147,100631711,him,81,αὐτὸν
1148,100631718,beating,81,κτυποῦντα
1149,100631719,the thyrsus,81,θύρσον
1150,100631720,shaking,81,ἀνασείοντά
1151,100631721,and,81,τε
1152,100631722,his locks,81,κόμας
1153,100631724,his neck,81,τράχηλον
1154,100631725,from his body,81,σώματος
1155,100631726,off,81,χωρὶς
1156,100631727,having cut,81,τεμών
1157,100631729,That,82,ἐκεῖνος
1158,100631730,is,82,εἶναί
1159,100631731,says,82,φησι
1160,100631732,Dionysus,82,Διόνυσον
1161,100631733,a god,82,θεόν
1162,100631735,man,82,ἐκεῖνος
1163,100631736,into,82,ἐν
1164,100631737,thigh,82,μηρῷ
1165,100631738,once,82,ποτ’
1166,100631739,was sewn,82,ἐρράφθαι
1167,100631740,Zeus's,82,Διός
1168,100631742,who,82,ὃς
1169,100631743,is burned,82,ἐκπυροῦται
1170,100631744,torches,82,λαμπάσιν
1171,100631745,lightning,82,κεραυνίαις
1172,100631746,with,82,σὺν
1173,100631747,together with his mother,82,μητρί
1174,100631750,because,82,ὅτι
1175,100631751,marriages,82,γάμους
1176,100631752,deceived,82,ἐψεύσατο
1177,100631755,not,83,οὐχὶ
1178,100631754,these,83,ταῦτ’
1179,100631756,terrible,83,δεινῆς
1180,100631757,hanging,83,ἀγχόνης
1181,100631758,Are,83,ἔστ’
1182,100631759,worthy,83,ἄξια
1183,100631761,insolence,83,ὕβρεις
1184,100631762,practice,83,ὑβρίζειν
1185,100631764,whoever,83,ὅστις
1186,100631765,one,83,ἔστιν
1187,100631766,is,83,ὁ
1188,100631767,stranger,83,ξένος
1189,100631769,However,84,ἀτὰρ
1190,100631770,here,84,τόδ’
1191,100631771,another,84,ἄλλο
1192,100631772,wonder,84,θαῦμα
1193,100631774,the,84,τὸν
1194,100631775,prophet,84,τερασκόπον
1195,100631776,in,84,ἐν
1196,100631777,variegated,84,ποικίλαισι
1197,100631778,fawnskins,84,νεβρίσι
1198,100631779,Teiresias,84,Τειρεσίαν
1199,100631780,see,84,ὁρῶ
1200,100631781,father,84,πατέρα
1201,100631782,of,84,τε
1202,100631783,mother,84,μητρὸς
1203,100631784,of,84,τῆς
1204,100631785,my,84,ἐμῆς
1205,100631787,clad,84,πολὺν
1206,100631788,clad,84,γέλων
1207,100631790,holding,84,νάρθηκι
1208,100631791,Bacchic,84,βακχεύοντ’
1209,100631793,destroyed,85,ἀναίνομαι
1210,100631795,father,85,πάτερ
1211,100631797,as,85,τὸ
1212,100631798,see,85,γῆρας
1213,100631800,seeing,85,εἰσορῶν
1214,100631799,your,85,ὑμῶν
1215,100631798,old age,85,γῆρας
1216,100631801,mind,85,νοῦν
1217,100631802,lacking,85,οὐκ
1218,100631803,lacking,85,ἔχον
1219,100631805,not,86,οὐκ
1220,100631806,shake off,86,ἀποτινάξεις
1221,100631807,ivy,86,κισσόν
1222,100631812,release,87,μεθήσεις
1223,100631809,not,87,οὐκ
1224,100631810,free,87,ἐλευθέραν
1225,100631811,thyrsus,87,θύρσου
1226,100631813,hand,87,χεῖρ’
1227,100631815,my,87,ἐμῆς
1228,100631816,mother's,87,μητρὸς
1229,100631817,father's,87,πάτερ
1230,100631819,You,88,σὺ
1231,100631820,this,88,ταῦτ’
1232,100631821,persuaded,88,ἔπεισας
1233,100631823,Tiresias,88,Τειρεσία
1234,100631827,wish,89,θέλεις
1235,100631825,this,89,τόνδ’
1236,100631828,god,89,τὸν
1237,100631829,god,89,δαίμον’
1238,100631832,new,89,νέον
1239,100631831,bring,89,ἐσφέρων
1240,100631838,bring,89,φέρειν
1241,100631830,men,89,ἀνθρώποισιν
1242,100631833,watch,89,σκοπεῖν
1243,100631834,winged,89,πτερωτοὺς
1244,100631836,crooked,89,κἀμπύρων
1245,100631835,and,89,κα-
1246,100631837,rewards,89,μισθοὺς
1247,100631840,If,90,εἰ
1248,100631841,not,90,μή
1249,100631842,you,90,σε
1250,100631843,old age,90,γῆρας
1251,100631844,gray,90,πολιὸν
1252,100631845,drained,90,ἐξερρύετο
1253,100631847,sitting,90,καθῆσ’
1254,100631848,would,90,ἂν
1255,100631849,in,90,ἐν
1256,100631850,Bacchants,90,βάκχαισι
1257,100631851,captive,90,δέσμιος
1258,100631852,midst,90,μέσαις
1259,100631854,rites,90,τελετὰς
1260,100631855,wretched,90,πονηρὰς
1261,100631856,leading,90,εἰσάγων
1262,100631859,For,91,γὰρ
1263,100631860,wherever,91,ὅπου
1264,100631861,from,91,βότρυος
1265,100631865,delight,91,γάνος
1266,100631858,women,91,γυναιξὶ
1267,100631862,at,91,ἐν
1268,100631863,banquet,91,δαιτὶ
1269,100631864,arises,91,γίγνεται
1270,100631867,no,91,οὐχ
1271,100631870,longer,91,ἔτι
1272,100631871,speak,91,λέγω
1273,100631869,anything,91,οὐδὲν
1274,100631872,of,91,τῶν
1275,100631873,sacred rites,91,ὀργίων
1276,100631868,healthy,91,ὑγιὲς
1277,100631875,Of,92,τῆς
1278,100631876,impiety,92,δυσσεβείας
1279,100631878,Ah,93,ὦ
1280,100631879,stranger,93,ξέν’
1281,100631881,not,93,οὐκ
1282,100631882,fear,93,αἰδῇ
1283,100631883,gods,93,θεοὺς
1284,100631884,Cadmus,93,Κάδμον
1285,100631886,the,93,τὸν
1286,100631887,sowed,93,σπείραντα
1287,100631888,earth-born,93,γηγενῆ
1288,100631889,grain,93,στάχυν
1289,100631891,of,93,Ἐχίονος
1290,100631892,and,93,δ’
1291,100631893,being,93,ὢν
1292,100631894,son,93,παῖς
1293,100631895,bring,93,καταισχύνεις
1294,100631896,race,93,γένος
1295,100631898,Whenever,94,ὅταν
1296,100631899,takes,94,λάβῃ
1297,100631900,a,94,τις
1298,100631903,man,94,ἀνὴρ
1299,100631904,wise,94,σοφὸς
1300,100631901,from,94,τῶν
1301,100631902,speeches,94,λόγων
1302,100631905,good,94,καλὰς
1303,100631906,starting points,94,ἀφορμάς
1304,100631909,great,94,μέγ’
1305,100631910,work,94,ἔργον
1306,100631908,not,94,οὐ
1307,100631911,well,94,εὖ
1308,100631912,speak,94,λέγειν
1309,100631915,But,95,δ’
1310,100631914,you,95,σὺ
1311,100631916,skillful,95,εὔτροχον
1312,100631918,tongue,95,γλῶσσαν
1313,100631919,as,95,ὡς
1314,100631920,were,95,φρονῶν
1315,100631921,possess,95,ἔχεις
1316,100631923,in,95,ἐν
1317,100631924,your,95,τοῖς
1318,100631925,words,95,λόγοισι
1319,100631926,your,95,δ’
1320,100631930,mind,95,φρένες
1321,100631927,not,95,οὐκ
1322,100631928,is,95,ἔνεισί
1323,100631929,present,95,σοι
1324,100631932,boldness,96,θράσει
1325,100631933,one,96,δὲ
1326,100631934,capable,96,δυνατὸς
1327,100631936,speaking,96,λέγειν
1328,100631937,like,96,οἷός
1329,100631939,man,96,ἀνὴρ
1330,100631942,becomes,96,γίγνεται
1331,100631940,bad,96,κακὸς
1332,100631941,citizen,96,πολίτης
1333,100631945,having,96,ἔχων
1334,100631943,sense,96,νοῦν
1335,100631947,this,97,οὗτος
1336,100631948,But,97,δ’
1337,100631950,deity,97,δαίμων
1338,100631952,new,97,νέος
1339,100631954,whom,97,ὃν
1340,100631955,you,97,σὺ
1341,100631956,mock,97,διαγελᾷς
1342,100631958,not,97,οὐκ
1343,100631959,could,97,ἂν
1344,100631960,describe,97,δυναίμην
1345,100631961,magnitude,97,μέγεθος
1346,100631963,how,97,ὅσος
1347,100631964,throughout,97,καθ’
1348,100631965,Greece,97,Ἑλλάδ’
1349,100631966,be,97,ἔσται
1350,100631969,For,98,γάρ
1351,100631968,two,98,δύο
1352,100631971,are,98,ὦ
1353,100631974,the,98,τὰ
1354,100631975,first,98,πρῶτ’
1355,100631972,things,98,νεανία
1356,100631976,in,98,ἐν
1357,100631977,human,98,ἀνθρώποισι
1358,100631979,Demeter,99,Δημήτηρ
1359,100631980,goddess,99,θεά
1360,100631982,Earth,99,γῆ
1361,100631983,but,99,δ’
1362,100631984,is,99,ἐστίν
1363,100631986,name,99,ὄνομα
1364,100631987,but,99,δ’
1365,100631988,what,99,ὁπότερον
1366,100631989,wish,99,βούλῃ
1367,100631990,call,99,κάλει
1368,100631992,This,100,αὕτη
1369,100631993,one,100,μὲν
1370,100631996,raises,100,ἐκτρέφει
1371,100631997,mortals,100,βροτούς
1372,100631994,in,100,ἐν
1373,100631995,dry,100,ξηροῖσιν
1374,100631998,places,100,.
1375,100632000,And,101,δ’
1376,100631999,when,101,ὃς
1377,100632001,he arrived,101,ἦλθ’
1378,100632002,he found,101,ἔπειτ’
1379,100632004,the rival,101,ἀντίπαλον
1380,100632005,of Semele's,101,ὁ
1381,100632006,son,101,Σεμέλης
1382,100632007,the wet,101,γόνος
1383,100632008,drink,101,βότρυος
1384,100632009,of the grape,101,ὑγρὸν
1385,100632012,and,101,κα-
1386,100632013,brought it,101,κεἰσηνέγκατο
1387,100632014,to mortals,101,θνητοῖς
1388,100632016,this one,101,ὃ
1389,100632017,stops,101,παύει
1390,100632018,the wretched,101,τοὺς
1391,100632019,men,101,ταλαιπώρους
1392,100632020,from,101,βροτοὺς
1393,100632021,grief,101,λύπης
1394,100632023,when,101,ὅταν
1395,100632024,they are filled,101,πλησθῶσιν
1396,100632025,with the flow,101,ἀμπέλου
1397,100632026,of the vine,101,ῥοῆς
1398,100632029,and,101,τε
1399,100632028,it gives sleep,101,ὕπνον
1400,100632030,and forgetfulness,101,λήθην
1401,100632031,of the,101,τῶν
1402,100632032,evils,101,καθ’
1403,100632033,of the day,101,ἡμέραν
1404,100632035,gives,101,δίδωσιν
1405,100632037,nor,101,οὐ
1406,100632038,is there,101,-δ’
1407,100632039,any other,101,ἔστ’
1408,100632040,remedy,101,ἄλλο
1409,100632042,for labors,101,πόνων
1410,100632044,This,102,οὗτος
1411,100632045,gods,102,θεοῖσι
1412,100632046,libation,102,σπένδεται
1413,100632047,god,102,θεὸς
1414,100632048,born,102,γεγώς
1415,100632050,so,102,ὥστε
1416,100632051,through,102,διὰ
1417,100632052,this,102,τοῦτον
1418,100632053,these,102,τα-
1419,100632054,good,102,τἀγάθ’
1420,100632055,men,102,ἀνθρώπους
1421,100632056,possess,102,ἔχειν
1422,100632058,And,103,καὶ
1423,100632059,laughingstock,103,καταγελᾷς
1424,100632060,she,103,νιν
1425,100632062,as,103,ὡς
1426,100632063,were stitched,103,ἐνερράφη
1427,100632064,Zeus,103,Διὸς
1428,100632065,thigh,103,μηρῷ
1429,100632067,teach,104,διδάξω
1430,100632068,you,104,σ’
1431,100632069,how,104,ὡς
1432,100632070,well,104,καλῶς
1433,100632071,stands,104,ἔχει
1434,100632072,this,104,τόδε
1435,100632074,For,105,ἐπεί
1436,100632075,him,105,νιν
1437,100632076,snatched,105,ἥρπασ’
1438,100632077,from,105,ἐκ
1439,100632078,fire,105,πυρὸς
1440,100632079,lightning-bolt,105,κεραυνίου
1441,100632080,Zeus,105,Ζεύς
1442,100632083,and,105,δ’
1443,100632086,brought,105,ἀνήγαγεν
1444,100632085,the child,105,βρέφος
1445,100632087,god,105,θεόν
1446,100632082,to,105,ἐς
1447,100632084,Olympus,105,Ὄλυμπον
1448,100632091,wanted,105,ἤθελ’
1449,100632090,him,105,νιν
1450,100632092,cast,105,ἐκβαλεῖν
1451,100632093,out,105,ἀπ’
1452,100632094,from,105,οὐρανοῦ
1453,100632094,sky,105,οὐρανοῦ
1454,100632096,Zeus,106,Ζεὺς
1455,100632097,But,106,δ’
1456,100632098,devised,106,ἀντεμηχανήσαθ’
1457,100632099,as,106,οἷα
1458,100632100,befits,106,δὴ
1459,100632101,god,106,θεός
1460,100632103,Having broken,107,ῥήξας
1461,100632104,off,107,μέρος
1462,100632105,a,107,τι
1463,100632106,portion,107,τοῦ
1464,100632107,of,107,χθόν’
1465,100632108,the,107,ἐγκυκλουμένου
1466,100632109,surrounding,107,αἰθέρος
1467,100632110,ether,107,","
1468,100632111,from,107,ἔθηκε
1469,100632112,the,107,τόνδ’
1470,100632113,earth,107,ὅμηρον
1471,100632114,he placed,107,ἐκδιδούς
1472,100632115,this,107,","
1473,100632116,hostage,107,G?
1474,100632117,giving,107,Διόνυσον
1475,100632118,him,107,Ἥρας
1476,100632119,up,107,νεικέων
1477,100632120,Dionysus,107,.
1478,100632121,in,107,
1479,100632122,strife,107,
1480,100632123,with,107,
1481,100632124,Hera,107,
1482,100632121,time,108,χρόνῳ
1483,100632122,that,108,δέ
1484,100632123,him,108,νιν
1485,100632124,People,108,βροτοὶ
1486,100632125,stitched,108,ῥαφῆναί
1487,100632126,say,108,φασιν
1488,100632127,in,108,ἐν
1489,100632128,thigh,108,μηρῷ
1490,100632129,Zeus,108,Διός
1491,100632131,name,108,ὄνομα
1492,100632132,changed,108,μεταστήσαντες
1493,100632134,because,108,ὅτι
1494,100632135,goddess,108,θεᾷ
1495,100632136,god,108,θεὸς
1496,100632137,Hera,108,Ἥρᾳ
1497,100632138,once,108,ποθ’
1498,100632139,played,108,ὡμήρευσε
1499,100632141,composed,108,συνθέντες
1500,100632142,tale,108,λόγον
1501,100632145,But,109,δ’
1502,100632146,this,109,ὁ
1503,100632147,god,109,δαίμων
1504,100632148,is,109,ὅδε
1505,100632144,a prophet,109,μάντις
1506,100632151,For,110,γὰρ
1507,100632150,the,110,τὸ
1508,100632152,Bacchic,110,βακχεύσιμον
1509,100632153,and,110,καὶ
1510,100632154,the,110,τὸ
1511,100632155,maniacal,110,μανιῶδες
1512,100632156,divination,110,μαντικὴν
1513,100632157,much,110,πολλὴν
1514,100632158,possess,110,ἔχει
1515,100632161,For,111,γὰρ
1516,100632160,whenever,111,ὅταν
1517,100632162,a,111,ὁ
1518,100632163,god,111,θεὸς
1519,100632167,comes,111,ἔλθῃ
1520,100632164,into,111,ἐς
1521,100632165,the,111,τὸ
1522,100632166,body,111,σῶμ’
1523,100632168,abundance,111,πολύς
1524,100632175,compels,111,ποιεῖ
1525,100632173,those,111,τοὺς
1526,100632174,possessed,111,μεμηνότας
1527,100632170,speak,111,λέγειν
1528,100632171,the,111,τὸ
1529,100632172,future,111,μέλλον
1530,100632177,Ares,112,Ἄρεώς
1531,100632178,and,112,τε
1532,100632179,share,112,μοῖραν
1533,100632180,Having received,112,μεταλαβὼν
1534,100632181,holds,112,ἔχει
1535,100632182,something,112,τινά
1536,100632185,For,113,γὰρ
1537,100632192,fear,113,φόβος
1538,100632193,struck,113,διεπτόησε
1539,100632184,army,113,στρατὸν
1540,100632186,in,113,ἐν
1541,100632187,arms,113,ὅπλοις
1542,100632188,which,113,ὄντα
1543,100632189,and,113,κα-
1544,100632190,in,113,κἀπὶ
1545,100632191,ranks,113,τάξεσιν
1546,100632194,before,113,πρὶν
1547,100632195,spear,113,λόγχης
1548,100632196,touched,113,θιγεῖν
1549,100632198,madness,114,μανία
1550,100632199,too,114,δὲ
1551,100632200,too,114,καὶ
1552,100632201,This,114,τοῦτ’
1553,100632202,is,114,ἐστὶ
1554,100632203,of Dionysus,114,Διονύσου
1555,100632204,from,114,πάρα
1556,100632206,And,115,ἔτ’
1557,100632207,him,115,αὐτὸν
1558,100632208,see,115,ὄψῃ
1559,100632209,jumping,115,κα-
1560,100632210,upon,115,κἀπὶ
1561,100632211,dolphin-shaped,115,Δελφίσιν
1562,100632212,rocks,115,πέτραις
1563,100632213,jumping,115,πηδῶντα
1564,100632214,with,115,σὺν
1565,100632215,pine-torches,115,πεύκαισι
1566,100632216,two-peaked,115,δικόρυφον
1567,100632217,slab,115,πλάκα
1568,100632219,shaking,115,πάλλοντα
1569,100632220,and,115,καὶ
1570,100632221,waving,115,σείοντα
1571,100632222,Bacchic,115,βακχεῖον
1572,100632223,branch,115,κλάδον
1573,100632225,great,115,μέγαν
1574,100632226,all,115,τ’
1575,100632227,throughout,115,ἀν’
1576,100632228,Hellas,115,Ἑλλάδα
1577,100632230,But,116,ἀλλ’
1578,100632235,obey,116,πιθοῦ
1579,100632231,me,116,ἐμοί
1580,100632233,Pentheus,116,Πενθεῦ
1581,100632264,But,118,δ’
1582,100632267,receive,118,δέχου
1583,100632262,the,118,τὸν
1584,100632263,god,118,θεὸν
1585,100632265,into,118,ἐς
1586,100632266,the,118,γῆν
1587,100632269,pour,118,σπένδε
1588,100632268,libations,118,καὶ
1589,100632271,celebrate,118,βάκχευε
1590,100632270,the,118,καὶ
1591,100632272,Bacchic,118,καὶ
1592,100632273,crown,118,στέφου
1593,100632274,head,118,κάρα
1594,100632270,your,118,καὶ
1595,100632276,not,119,οὐχ
1596,100632277,Dionysus,119,ὁ
1597,100632278,Dionysus,119,Διόνυσος
1598,100632279,consider,119,σωφρονεῖν
1599,100632280,compel,119,ἀναγκάσει
1600,100632281,women,119,γυναῖκας
1601,100632282,to,119,ἐς
1602,100632283,Cyprus,119,τὴν
1603,100632284,Cyprus,119,Κύπριν
1604,100632286,but,119,ἀλλ’
1605,100632287,in,119,ἐν
1606,100632288,nature,119,τῇ
1607,100632289,nature,119,φύσει
1608,100632297,this,119,τοῦτο
1609,100632298,consider,119,σκοπεῖν
1610,100632299,must,119,χρή
1611,100632302,For,120,γὰρ
1612,100632303,in,120,ἐν
1613,100632304,Bacchic,120,βακχεύμασιν
1614,100632304,rites,120,βακχεύμασιν
1615,100632305,who is,120,οὖσ’
1616,100632306,the,120,ἥ
1617,100632307,truly,120,γε
1618,100632308,prudent,120,σώφρων
1619,100632310,will be corrupted,120,διαφθαρήσεται
1620,100632309,not,120,οὐ
1621,100632312,see,121,ὁρᾷς
1622,100632314,You,121,σὺ
1623,100632315,rejoice,121,χαίρεις
1624,100632317,when,121,ὅταν
1625,100632318,standing,121,ἐφεστῶσιν
1626,100632319,gates,121,πύλαις
1627,100632320,many,121,πολλοί
1628,100632322,the,121,τὸ
1629,100632323,Pentheus,121,Πενθέως
1630,100632324,but,121,δ’
1631,100632325,name,121,ὄνομα
1632,100632326,magnifies,121,μεγαλύνῃ
1633,100632327,city,121,πόλις
1634,100632329,And,122,κα-
1635,100632330,he,122,κἀκεῖνος
1636,100632332,I,122,οἶμαι
1637,100632334,takes,122,τέρπεται
1638,100632335,honored,122,τιμώμενος
1639,100632337,me,123,ἐγὼ
1640,100632338,me,123,μὲν
1641,100632339,then,123,οὖν
1642,100632340,and,123,καὶ
1643,100632341,Cadmus,123,Κάδμος
1644,100632343,whom,123,ὃν
1645,100632344,you,123,σὺ
1646,100632345,mock,123,διαγελᾷς
1647,100632349,cover,123,ἐρεψόμεσθα
1648,100632347,ivy,123,κισσῷ
1649,100632351,dance,123,χορεύσομεν
1650,100632353,grey-haired,123,πολιὰ
1651,100632354,band,123,ξυνωρίς
1652,100632358,dancing,123,χορευτέον
1653,100632360,and,123,κα-
1654,100632362,fight,123,θεομαχήσω
1655,100632363,god,123,σῶν
1656,100632365,persuaded,123,πεισθεὶς
1657,100632366,by,123,ὕπο
1658,100632364,words,123,λόγων
1659,100632369,For,124,γὰρ
1660,100632368,you,124,μαίνῃ
1661,100632368,are,124,μαίνῃ
1662,100632368,mad,124,μαίνῃ
1663,100632370,beyond,124,ὡς
1664,100632371,all,124,ἄλγιστα
1665,100632371,pain,124,ἄλγιστα
1666,100632373,and,124,κα-
1667,100632374,if,124,κοὔ
1668,100632376,remedies,124,φαρμάκοις
1669,100632377,you,124,ἄκη
1670,100632378,took,124,λάβοις
1671,100632379,would,124,ἂν
1672,100632380,not,124,οὔ
1673,100632384,be,124,νοσεῖς
1674,100632384,sick,124,νοσεῖς
1675,100632382,without,124,ἄνευ
1676,100632383,these,124,τούτων
1677,100632386,Ah,125,ὦ
1678,100632387,old man,125,πρέσβυ
1679,100632389,Phoebus,125,Φοῖβόν
1680,100632390,nor,125,τ’
1681,100632391,do not,125,οὐ
1682,100632392,shame,125,καταισχύνεις
1683,100632393,words,125,λόγοις
1684,100632395,show reverence,125,τιμῶν
1685,100632396,by,125,τε
1686,100632397,Bromius,125,Βρόμιον
1687,100632398,acting prudently,125,σωφρονεῖς
1688,100632400,great,125,μέγαν
1689,100632401,god,125,θεόν
1690,100632403,Oh,126,ὦ
1691,100632404,boy,126,παῖ
1692,100632406,well,126,καλῶς
1693,100632407,you,126,σοι
1694,100632408,Tiresias,126,Τειρεσίας
1695,100632409,has advised,126,παρῄνεσεν
1696,100632411,dwells,127,οἴκει
1697,100632412,among,127,μεθ’
1698,100632413,us,127,ἡμῶν
1699,100632415,not,127,μὴ
1700,100632416,drive,127,θύραζε
1701,100632417,the,127,τῶν
1702,100632418,laws,127,νόμων
1703,100632421,For,128,γὰρ
1704,100632420,now,128,νῦν
1705,100632422,flying,128,πέτῃ
1706,100632423,or,128,τε
1707,100632424,or,128,καὶ
1708,100632425,thinking,128,φρονῶν
1709,100632427,understand,128,φρονεῖς
1710,100632426,nothing,128,οὐδὲν
1711,100632429,And,129,κα-
1712,100632430,even,129,κεἰ
1713,100632431,not,129,μὴ
1714,100632432,for,129,γὰρ
1715,100632433,is,129,ἔστιν
1716,100632434,this,129,ὁ
1717,100632435,god,129,θεὸς
1718,100632436,reason,129,οὗτος
1719,100632438,as,129,ὡς
1720,100632439,you,129,σὺ
1721,100632440,say,129,φῄς
1722,100632442,beside,129,παρὰ
1723,100632443,you,129,σοὶ
1724,100632444,spoken,129,λεγέσθω
1725,100632446,And,130,καὶ
1726,100632447,lie,130,καταψεύδου
1727,100632448,well,130,καλῶς
1728,100632449,as,130,ὡς
1729,100632450,is,130,ἔστι
1730,100632452,true,130,Σεμέλη
1731,100632453,that,130,θ’
1732,100632454,that,130,ἵνα
1733,100632455,might seem,130,δοκῇ
1734,100632456,god,130,θεὸν
1735,100632457,bear,130,τεκεῖν
1736,100632459,you,130,ἡμῖν
1737,100632460,and,130,τε
1738,100632461,honor,130,τιμὴ
1739,100632462,due,130,παντὶ
1740,100632463,to,130,τῷ
1741,100632464,our,130,γένει
1742,100632465,from,130,προσῇ
1743,100632467,see,131,ὁρᾷς
1744,100632468,the,131,τὸν
1745,100632470,wretched,131,ἄθλιον
1746,100632471,fate,131,μόρον
1747,100632469,of Actaeon,131,Ἀκτέωνος
1748,100632473,whom,131,ὃν
1749,100632474,hateful,131,ὠμόσιτοι
1750,100632475,hounds,131,σκύλακες
1751,100632477,reared,131,ἐθρέψατο
1752,100632478,scattered,131,διεσπάσαντο
1753,100632480,better,131,κρείσσον’
1754,100632484,to be,131,εἶναι
1755,100632485,boasted,131,κομπάσαντ’
1756,100632481,in,131,ἐν
1757,100632482,hunts,131,κυναγίαις
1758,100632483,of Artemis,131,Ἀρτέμιδος
1759,100632487,in,131,ἐν
1760,100632488,fields,131,ὀργάσιν
1761,100632491,not,132,μὴ
1762,100632492,suffer,132,πάθῃς
1763,100632493,anything,132,σύ
1764,100632495,Come,133,δεῦρό
1765,100632496,your,133,σου
1766,100632497,I will crown,133,στέψω
1767,100632498,head,133,κάρα
1768,100632499,with ivy,133,κισσῷ
1769,100632501,along with,134,μεθ’
1770,100632502,us,134,ἡμῶν
1771,100632503,the,134,τῷ
1772,100632504,god,134,θεῷ
1773,100632505,honor,134,τιμὴν
1774,100632506,Give,134,δίδου
1775,100632508,not,135,οὐ
1776,100632509,Do,135,μὴ
1777,100632510,stretch,135,προσοίσεις
1778,100632511,out,135,χεῖρα
1779,100632512,hand,135,","
1780,100632514,but,135,δ’
1781,100632513,you,135,βακχεύσεις
1782,100632515,will,135,ἰών
1783,100632517,and,135,μη
1784,100632518,worship,135,-δ’
1785,100632519,and,135,ἐξομόρξῃ
1786,100632520,do,135,μωρίαν
1787,100632521,not,135,τὴν
1788,100632522,purify,135,σὴν
1789,100632523,your,135,ἐμοί
1790,100632524,foolishness,135,;
1791,100632525,from,135,
1792,100632526,me,135,
1793,100632525,your,136,τῆς
1794,100632526,your,136,σῆς
1795,100632527,and,136,δ’
1796,100632528,folly,136,ἀνοίας
1797,100632529,this,136,τόνδε
1798,100632530,teacher,136,τὸν
1799,100632531,teacher,136,διδάσκαλον
1800,100632532,punishment,136,δίκην
1801,100632533,come,136,μέτειμι
1802,100632535,Let,137,στειχέτω
1803,100632536,someone,137,τις
1804,100632535,go,137,στειχέτω
1805,100632537,as,137,ὡς
1806,100632538,quickly,137,τάχος
1807,100632540,when,137,ἐλθὼν
1808,100632540,he,137,ἐλθὼν
1809,100632540,comes,137,ἐλθὼν
1810,100632541,and,137,δὲ
1811,100632542,the,137,θάκους
1812,100632542,seat,137,θάκους
1813,100632543,this,137,τοῦδ’
1814,100632544,let,137,ἵν’
1815,100632544,him,137,ἵν’
1816,100632545,examine,137,οἰωνοσκοπεῖ
1817,100632546,of,137,μοχλοῖς
1818,100632546,the,137,μοχλοῖς
1819,100632546,bolts,137,μοχλοῖς
1820,100632547,turn,137,τριαίνου
1821,100632548,upside,137,κα-
1822,100632549,down,137,κἀνάτρεψον
1823,100632554,everything,137,τὰ
1824,100632552,top,137,ἄνω
1825,100632553,to,137,κάτω
1826,100632553,bottom,137,κάτω
1827,100632555,all,137,πάντα
1828,100632556,at,137,συγχέας
1829,100632557,once,137,ὁμοῦ
1830,100632559,and,137,καὶ
1831,100632564,let,137,μέθες
1832,100632564,him,137,μέθες
1833,100632564,release,137,μέθες
1834,100632560,the,137,στέμματ’
1835,100632560,wreaths,137,στέμματ’
1836,100632561,to,137,ἀνέμοις
1837,100632561,the,137,ἀνέμοις
1838,100632561,winds,137,ἀνέμοις
1839,100632562,and,137,καὶ
1840,100632563,the,137,θυέλλαισιν
1841,100632563,storms,137,θυέλλαισιν
1842,100632566,fiercely,138,μάλιστα
1843,100632567,For,138,γάρ
1844,100632568,him,138,νιν
1845,100632569,bite,138,δήξομαι
1846,100632570,doing,138,δράσας
1847,100632571,things,138,τάδε
1848,100632573,you,139,οἳ
1849,100632574,who,139,δ’
1850,100632575,up,139,ἀνὰ
1851,100632576,city,139,πόλιν
1852,100632577,have gone,139,στείχοντες
1853,100632578,have tracked down,139,ἐξιχνεύσατε
1854,100632579,that,139,τὸν
1855,100632580,woman-shaped,139,θηλύμορφον
1856,100632581,stranger,139,ξένον
1857,100632583,who,139,ὃς
1858,100632584,brings,139,ἐσφέρει
1859,100632585,disease,139,νόσον
1860,100632586,new,139,καινὴν
1861,100632587,to women,139,γυναιξὶ
1862,100632589,beds,139,λέχη
1863,100632590,defiles,139,λυμαίνεται
1864,100632592,And,140,κα-
1865,100632593,even if,140,κἄνπερ
1866,100632594,seize,140,λάβητε
1867,100632596,him,140,δέσμιον
1868,100632597,lead,140,πορεύσατε
1869,100632598,here,140,δεῦρ’
1870,100632599,as,140,αὐτόν
1871,100632601,so that,140,ὡς
1872,100632603,having,140,λευσίμου
1873,100632604,escaped,140,δίκης
1874,100632605,a,140,τυχὼν
1875,100632606,fine,140,θάνῃ
1876,100632607,he,140,","
1877,100632608,may,140,πικρὰν
1878,100632609,die,140,βάκχευσιν
1879,100632610,having,140,ἐν
1880,100632611,witnessed,140,Θήβαις
1881,100632612,a,140,ἰδών
1882,100632613,bitter,140,.
1883,100632614,Bacchic,140,
1884,100632615,revelry,140,
1885,100632616,in,140,
1886,100632617,Thebes,140,
1887,100632614,O,141,ὦ
1888,100632615,wretched,141,σχέτλι’
1889,100632617,how,141,ὡς
1890,100632618,do not,141,οὐκ
1891,100632619,know,141,οἶσθα
1892,100632620,at some point,141,ποῦ
1893,100632621,or other,141,ποτ’
1894,100632622,are,141,εἶ
1895,100632623,man,141,λόγων
1896,100632625,mad,142,μέμηνας
1897,100632626,already,142,ἤδη
1898,100632628,And,143,καὶ
1899,100632629,before,143,πρὶν
1900,100632630,are out,143,ἐξέστης
1901,100632631,your mind,143,φρενῶν
1902,100632633,Let,144,στείχωμεν
1903,100632633,us,144,στείχωμεν
1904,100632633,go,144,στείχωμεν
1905,100632634,us,144,ἡμεῖς
1906,100632636,Cadmus,144,Κάδμε
1907,100632638,and,144,κα-
1908,100632639,let,144,κἀξαιτώμεθα
1909,100632639,us,144,κἀξαιτώμεθα
1910,100632639,beg,144,κἀξαιτώμεθα
1911,100632646,on,144,ὑπέρ
1912,100632646,behalf,144,ὑπέρ
1913,100632646,of,144,ὑπέρ
1914,100632647,and,144,τε
1915,100632648,the,144,πόλεως
1916,100632648,city,144,πόλεως
1917,100632649,the,144,τὸν
1918,100632650,god,144,θεὸν
1919,100632651,nothing,144,μηδὲν
1920,100632652,new,144,νέον
1921,100632653,to,144,δρᾶν
1922,100632653,do,144,δρᾶν
1923,100632643,though,144,καίπερ
1924,100632644,he,144,ὄντος
1925,100632644,is,144,ὄντος
1926,100632645,savage,144,ἀγρίου
1927,100632640,on,144,ὑπέρ
1928,100632640,behalf,144,ὑπέρ
1929,100632640,of,144,ὑπέρ
1930,100632641,and,144,τε
1931,100632642,this,144,τούτου
1932,100632642,man,144,τούτου
1933,100632655,But,145,ἀλλ’
1934,100632656,follow,145,ἕπου
1935,100632657,me,145,μοι
1936,100632660,with,145,μέτα
1937,100632658,ivy,145,κισσίνου
1938,100632659,staff,145,βάκτρου
1939,100632663,and,145,δ’
1940,100632662,try,145,πειρῶ
1941,100632664,lift,145,ἀνορθοῦν
1942,100632665,body,145,σῶμ’
1943,100632666,my,145,ἐμόν
1944,100632668,and,145,κα-
1945,100632669,I,145,κἀγὼ
1946,100632670,yours,145,τὸ
1947,100632673,Old,146,γέροντε
1948,100632673,man,146,γέροντε
1949,100632674,it,146,δ’
1950,100632675,shameful,146,αἰσχρὸν
1951,100632676,two,146,δύο
1952,100632677,fall,146,πεσεῖν
1953,100632679,go,147,ἴτω
1954,100632680,however,147,δ’
1955,100632681,however,147,ὅμως
1956,100632683,one,147,τῷ
1957,100632684,Dionysus,147,Βακχίῳ
1958,100632685,for,147,γὰρ
1959,100632686,Zeus,147,τῷ
1960,100632687,Zeus,147,Διὸς
1961,100632688,serve,147,δουλευτέον
1962,100632691,And,148,δ’
1963,100632690,Pentheus,148,Πενθεὺς
1964,100632692,how,148,ὅπως
1965,100632693,not,148,μὴ
1966,100632695,bring,148,εἰσοίσει
1967,100632694,mourning,148,πένθος
1968,100632696,to,148,δόμοις
1969,100632697,your,148,τοῖς
1970,100632698,house,148,σοῖσι
1971,100632700,Cadmus,148,Κάδμε
1972,100632705,speak,149,λέγω
1973,100632704,not,149,οὐ
1974,100632702,prophecy,149,μαντικῇ
1975,100632709,but,149,δέ
1976,100632708,events,149,πράγμασιν
1977,100632712,For,150,γὰρ
1978,100632711,madman,150,μῶρα
1979,100632714,speaks,150,λέγει
1980,100632713,madness,150,μῶρος
1981,100632716,Holy,151,ὁσία
1982,100632717,lady,151,πότνα
1983,100632718,gods,151,θεῶν
1984,100632720,Holy,151,Ὁσία
1985,100632721,and,151,δ’
1986,100632722,who,151,ἃ
1987,100632723,above,151,κατὰ
1988,100632724,earth,151,γᾶν
1989,100632725,golden,151,χρυσέαν
1990,100632726,wing,151,πτέρυγα
1991,100632727,bears,151,φέρεις
1992,100632729,these,151,τάδε
1993,100632730,things,151,Πενθέως
1994,100632731,fly,151,ἀίεις
1995,100632733,consider,152,ἀίεις
1996,100632734,not,152,οὐχ
1997,100632735,impious,152,ὁσίαν
1998,100632736,insolence,152,ὕβριν
1999,100632737,toward,152,ἐς
2000,100632738,Bromius,152,τὸν
2001,100632741,the,152,τὸν
2002,100632742,son,152,Σεμέλας
2003,100632744,first,152,τὸν
2004,100632745,alongside,152,παρὰ
2005,100632746,most beautiful-crowned,152,καλλιστεφάνοις
2006,100632747,joy,152,εὐφροσύναις
2007,100632748,deity,152,δαίμονα
2008,100632750,blessed,152,μακάρων
2009,100632752,Whoever,153,ὃς
2010,100632753,these,153,τάδ’
2011,100632754,holds,153,ἔχει
2012,100632756,to,153,θιασεύειν
2013,100632756,dance,153,θιασεύειν
2014,100632757,in,153,τε
2015,100632758,choruses,153,χοροῖς
2016,100632759,and,153,μετά
2017,100632760,with,153,τ’
2018,100632761,flutes,153,αὐλοῦ
2019,100632762,to,153,γελάσαι
2020,100632762,laugh,153,γελάσαι
2021,100632763,and,153,ἀποπαῦσαί
2022,100632763,to,153,ἀποπαῦσαί
2023,100632763,cease,153,ἀποπαῦσαί
2024,100632764,from,153,τε
2025,100632765,cares,153,μερίμνας
2026,100632767,whenever,153,ὁπόταν
2027,100632768,the,153,βότρυος
2028,100632768,beauty,153,βότρυος
2029,100632769,of,153,ἔλθῃ
2030,100632769,the,153,ἔλθῃ
2031,100632769,grape,153,ἔλθῃ
2032,100632770,comes,153,γάνος
2033,100632771,to,153,ἐν
2034,100632772,a,153,δαιτὶ
2035,100632772,banquet,153,δαιτὶ
2036,100632773,of,153,θεῶν
2037,100632773,gods,153,θεῶν
2038,100632775,and,153,κισσοφόροις
2039,100632776,among,153,δ’
2040,100632777,the,153,ἐν
2041,100632777,revels,153,ἐν
2042,100632778,of,153,θαλίαις
2043,100632778,ivy-bearing,153,θαλίαις
2044,100632779,men,153,ἀνδράσι
2045,100632780,the,153,κρατὴρ
2046,100632780,mixing-bowl,153,κρατὴρ
2047,100632781,throws,153,ὕπνον
2048,100632782,sleep,153,ἀμφιβάλλῃ
2049,100632783,around,153,ἀχαλίνων
2050,100632784,their,153,στομάτων
2051,100632784,untethered,153,στομάτων
2052,100632785,mouths,153,ἀνόμου
2053,100632786,and,153,τ’
2054,100632787,the,153,ἀφροσύνας
2055,100632787,end,153,ἀφροσύνας
2056,100632788,of,153,τὸ
2057,100632788,their,153,τὸ
2058,100632789,lawless,153,τέλος
2059,100632790,frolic,153,δυστυχία
2060,100632790,is,153,δυστυχία
2061,100632790,misfortune,153,δυστυχία
2062,100632808,For,155,γὰρ
2063,100632810,immortals,155,αἰθέρα
2064,100632811,who,155,ναίοντες
2065,100632812,dwell,155,ὁρῶσιν
2066,100632807,in,155,πόρσω
2067,100632810,the ether,155,αἰθέρα
2068,100632812,see,155,ὁρῶσιν
2069,100632813,the,155,τὰ
2070,100632814,things,155,βροτῶν
2071,100632814,of mortals,155,βροτῶν
2072,100632809,however,155,ὅμως
2073,100632817,The,156,τὸ
2074,100632818,wise,156,σοφὸν
2075,100632819,but,156,δ’
2076,100632820,not,156,οὐ
2077,100632821,wisdom,156,σοφία
2078,100632822,the,156,τό
2079,100632826,thinking,156,φρονεῖν
2080,100632823,of,156,τε
2081,100632825,mortals,156,θνητὰ
2082,100632824,not,156,μὴ
2083,100632818,wise,156,σοφὸν
2084,100632828,Short,157,βραχὺς
2085,100632829,life,157,αἰών
2086,100632831,On,158,ἐπὶ
2087,100632832,this,158,τούτῳ
2088,100632833,account,158,δέ
2089,100632834,someone,158,τις
2090,100632837,pursuing,158,διώκων
2091,100632836,great,158,μεγάλα
2092,100632838,the,158,τὰ
2093,100632839,present,158,παρόντ’
2094,100632840,not,158,οὐχὶ
2095,100632841,bring,158,φέροι
2096,100632835,will,158,ἂν
2097,100632844,These,159,οἵδε
2098,100632845,are,159,τρόποι
2099,100632845,ways,159,τρόποι
2100,100632843,of men,159,μαινομένων
2101,100632847,who are mad and evil-minded,159,κακοβούλων
2102,100632848,in my presence,159,παρ’
2103,100632849,in my presence,159,ἔμοιγε
2104,100632852,I wish,160,ἱκοίμαν
2105,100632853,to,160,ποτὶ
2106,100632854,reach,160,Κύπρον
2107,100632856,island,160,νᾶσον
2108,100632857,the,160,τᾶς
2109,100632858,of,160,Ἀφροδίτας
2110,100632860,so that,160,ἵν’
2111,100632861,the,160,οἱ
2112,100632862,love-gods,160,θελξίφρονες
2113,100632863,dwell,160,νέμονται
2114,100632864,among,160,θνατοῖσιν
2115,100632865,Loves,160,Ἔρωτες
2116,100632867,Paphos,160,Πάφον
2117,100632868,and,160,θ’
2118,100632869,let,160,ἃν
2119,100632870,hundred-mouthed,160,ἑκατόστομοι
2120,100632871,barbarian,160,βαρβάρου
2121,100632872,river,160,ποταμοῦ
2122,100632873,streams,160,ῥοαὶ
2123,100632874,yield,160,καρπίζουσιν
2124,100632875,their,160,ἄνομβροι
2125,100632876,fruit,160,.
2126,100632877,But,161,οὗ
2127,100632878,you,161,δ’
2128,100632880,most beautiful,161,καλλιστευομένα
2129,100632883,seat,161,ἕδρα
2130,100632881,Pierian,161,Πιερία
2131,100632882,Muse,161,μούσειος
2132,100632886,summit,161,κλιτὺς
2133,100632887,of Olympus,161,Ὀλύμπου
2134,100632885,sacred,161,σεμνὰ
2135,100632890,lead,161,ἄγε
2136,100632891,me,161,με
2137,100632889,there,161,ἐκεῖσ’
2138,100632893,Bromios,161,Βρόμιε
2139,100632894,Bromios,161,Βρόμιε
2140,100632896,Bacchus,161,πρόβακχ’
2141,100632897,holy,161,εὔιε
2142,100632898,god,161,δαῖμον
2143,100632900,There,162,ἐκεῖ
2144,100632901,are,162,Χάριτες
2145,100632901,the,162,Χάριτες
2146,100632901,Graces,162,Χάριτες
2147,100632903,there,162,ἐκεῖ
2148,100632905,is,162,Πόθος
2149,100632905,Desire,162,Πόθος
2150,100632907,There,163,ἐκεῖ
2151,100632908,however,163,δὲ
2152,100632909,bacchants,163,βάκχαις
2153,100632910,lawful,163,θέμις
2154,100632911,rites,163,ὀργιάζειν
2155,100632913,The,164,ὁ
2156,100632914,god,164,δαίμων
2157,100632915,the,164,ὁ
2158,100632916,of,164,Διὸς
2159,100632917,Zeus,164,παῖς
2160,100632917,son,164,παῖς
2161,100632918,rejoices,164,χαίρει
2162,100632919,,164,μὲν
2163,100632920,revels,164,θαλίαισιν
2164,100632922,loves,164,φιλεῖ
2165,100632923,and,164,δ’
2166,100632924,giver,164,ὀλβοδότειραν
2167,100632925,Peace,164,Εἰρήναν
2168,100632925,wealth,164,Εἰρήναν
2169,100632927,nurse,164,κουροτρόφον
2170,100632928,youths,164,θεάν
2171,100632930,went,165,ἴσαν
2172,100632931,and,165,δ’
2173,100632932,into,165,ἔς
2174,100632933,and,165,τε
2175,100632934,the,165,τὸν
2176,100632935,blessed,165,ὄλβιον
2177,100632936,that,165,τόν
2178,100632937,of,165,τε
2179,100632938,wretched,165,χείρονα
2180,100632939,having,165,δῶκ’
2181,100632940,joy,165,ἔχειν
2182,100632941,wine,165,οἴνου
2183,100632942,joy,165,τέρψιν
2184,100632943,painless,165,ἄλυπον
2185,100632945,hates,166,μισεῖ
2186,100632947,those,166,ᾧ
2187,100632948,not,166,μὴ
2188,100632949,these,166,ταῦτα
2189,100632950,care,166,μέλει
2190,100632952,through,166,κατὰ
2191,100632953,light,166,φάος
2192,100632954,nights,166,νύκτας
2193,100632956,beloved,166,φίλας
2194,100632957,life,166,εὐαίωνα
2195,100632958,live,166,διαζῆν
2196,100632960,wise,166,σοφὰν
2197,100632962,keep,166,ἀπέχειν
2198,100632963,mind,166,πραπίδα
2199,100632964,heart,166,φρένα
2200,100632967,apart,166,παρὰ
2201,100632968,men,166,φωτῶν
2202,100632966,excesses,166,περισσῶν
2203,100632970,the,167,τὸ
2204,100632971,multitude,167,πλῆθος
2205,100632972,whatever,167,ὅ
2206,100632973,it,167,τι
2207,100632974,the,167,τὸ
2208,100632975,basest,167,φαυλότερον
2209,100632976,deemed,167,ἐνόμισε
2210,100632977,I,167,χρῆταί
2211,100632978,would,167,τε
2212,100632980,that,167,τόδ’
2213,100632981,accept,167,ἂν
2214,100632984,Pentheus,168,Πενθεῦ
2215,100632986,come,168,πάρεσμεν
2216,100632987,this,168,τήνδ’
2217,100632988,hunt,168,ἄγραν
2218,100632989,sent,168,ἠγρευκότες
2219,100632990,to,168,ἐφ’
2220,100632991,which,168,ἣν
2221,100632992,sent,168,ἔπεμψας
2222,100632994,not,168,οὐ
2223,100632995,but,168,-δ’
2224,100632996,top,168,ἄκρανθ’
2225,100632997,rush,168,ὡρμήσαμεν
2226,100633003,us,169,ἡμῖν
2227,100633000,beast,169,θὴρ
2228,100633002,this,169,ὅδ’
2229,100633004,gentle,169,πρᾶος
2230,100633005,not,169,οὐ
2231,100633007,drawn,169,ὑπέσπασεν
2232,100633009,foot,169,πόδ’
2233,100633008,in flight,169,φυγῇ
2234,100633011,rather,169,ἀλλ’
2235,100633012,has given,169,ἔδωκεν
2236,100633015,his hands,169,χέρας
2237,100633013,not,169,οὐκ
2238,100633014,unwillingly,169,ἄκων
2239,100633016,nor,169,οὐ
2240,100633018,pale,169,ὠχρός
2241,100633020,nor,169,οὐ
2242,100633022,has changed,169,ἤλλαξεν
2243,100633023,wine-colored,169,οἰνωπὸν
2244,100633024,cheek,169,γένυν
2245,100633026,laughing,169,γελῶν
2246,100633029,to cause,169,δεῖν
2247,100633030,terrible,169,κα-
2248,100633031,fear,169,κἀπάγειν
2249,100633032,has remained,169,ἐφίετο
2250,100633033,making,169,ἔμενέ
2251,100633036,this,169,το-
2252,100633037,his,169,τοὐμὸν
2253,100633038,proper,169,εὐτρεπὲς
2254,100633039,conduct,169,ποιούμενος
2255,100633041,Ah,170,κα-
2256,100633042,and,170,κἀγὼ
2257,100633042,I,170,κἀγὼ
2258,100633045,spoke,170,εἶπον
2259,100633043,out,170,δι’
2260,100633044,of,170,αἰδοῦς
2261,100633044,respect,170,αἰδοῦς
2262,100633047,O,171,ὦ
2263,100633048,stranger,171,ξέν’
2264,100633050,unwillingly,171,οὐχ
2265,100633051,unwillingly,171,ἑκὼν
2266,100633052,lead,171,ἄγω
2267,100633053,you,171,σε
2268,100633055,he,171,Πενθέως
2269,100633056,but,171,δ’
2270,100633057,he,171,ὅς
2271,100633058,me,171,μ’
2272,100633059,sent,171,ἔπεμψ’
2273,100633060,with,171,ἐπιστολαῖς
2274,100633063,But,172,δ’
2275,100633064,now,172,αὖ
2276,100633067,having bound,172,εἷρξας
2277,100633066,the bacchants,172,βάκχας
2278,100633069,whom,172,ἃς
2279,100633070,you seized,172,συνήρπασας
2280,100633071,and,172,κα-
2281,100633072,chained,172,κἄδησας
2282,100633073,in,172,ἐν
2283,100633074,the bonds,172,δεσμοῖσι
2284,100633075,of a public,172,πανδήμου
2285,100633076,house,172,στέγης
2286,100633080,those,172,ἐκεῖναι
2287,100633078,women,172,φροῦδαί
2288,100633081,having been released,172,λελυμέναι
2289,100633084,leap,172,σκιρτῶσι
2290,100633082,toward,172,πρὸς
2291,100633083,the meadows,172,ὀργάδας
2292,100633086,calling,172,ἀνακαλούμεναι
2293,100633087,upon,172,θεόν
2294,100633085,Bromios,172,Βρόμιον
2295,100633087,the god,172,θεόν
2296,100633089,themselves,173,αὐτόματα
2297,100633090,And,173,δ’
2298,100633091,their,173,αὐταῖς
2299,100633092,foot-chains,173,δεσμὰ
2300,100633093,were loosened,173,διελύθη
2301,100633094,foot-chains,173,ποδῶν
2302,100633095,keys,173,κλῇδές
2303,100633096,and,173,τ’
2304,100633097,released,173,ἀνῆκαν
2305,100633098,doors,173,θύρετρ’
2306,100633099,without,173,ἄνευ
2307,100633100,mortal,173,θνητῆς
2308,100633101,hand,173,χερός
2309,100633103,many,174,πολλῶν
2310,100633104,and,174,δ’
2311,100633105,This,174,ὅδ’
2312,100633106,man,174,ἁνὴρ
2313,100633107,wonders,174,θαυμάτων
2314,100633108,has come,174,ἥκει
2315,100633109,full,174,πλέως
2316,100633110,to,174,ἐς
2317,100633111,these,174,τάσδε
2318,100633112,Thebans,174,Θήβας
2319,100633114,for you,175,σοὶ
2320,100633115,But,175,δὲ
2321,100633116,the,175,τα-
2322,100633117,rest,175,τἄλλα
2323,100633118,must,175,χρὴ
2324,100633119,concern,175,μέλειν
2325,100633121,Release,176,μέθεσθε
2326,100633122,hands,176,χειρῶν
2327,100633123,man,176,τοῦδ’
2328,100633127,For,177,γὰρ
2329,100633125,in,177,ἐν
2330,100633126,nets,177,ἄρκυσιν
2331,100633128,being,177,ὢν
2332,100633134,I,177,μ’
2333,100633130,am,177,ἔστιν
2334,100633129,not,177,οὐκ
2335,100633131,so,177,οὕτως
2336,100633132,swift,177,ὠκὺς
2337,100633133,that,177,ὥστε
2338,100633134,I,177,μ’
2339,100633135,escape,177,ἐκφυγεῖν
2340,100633137,Nevertheless,178,ἀτὰρ
2341,100633138,your,178,τὸ
2342,100633140,body,178,σῶμ’
2343,100633141,not,178,οὐκ
2344,100633142,without,178,ἄμορφος
2345,100633143,beauty,178,εἶ
2346,100633145,stranger,178,ξένε
2347,100633147,like,178,ὡς
2348,100633149,those,178,γυναῖκας
2349,100633149,of,178,γυναῖκας
2350,100633151,on,178,ἐφ’
2351,100633152,account,178,ὅπερ
2352,100633152,which,178,ὅπερ
2353,100633153,you,178,ἐς
2354,100633155,have,178,πάρει
2355,100633155,come,178,πάρει
2356,100633154,to,178,Θήβας
2357,100633154,Thebes,178,Θήβας
2358,100633159,For,179,γάρ
2359,100633160,your,179,σου
2360,100633161,long,179,ταναός
2361,100633157,lock,179,πλόκαμός
2362,100633163,not,179,οὐ
2363,100633164,wrestle,179,πάλης
2364,100633165,by,179,ὕπο
2365,100633167,crushed,179,γένυν
2366,100633170,poured,179,κεχυμένος
2367,100633168,down,179,παρ’
2368,100633168,beside,179,παρ’
2369,100633169,your,179,αὐτὴν
2370,100633167,cheek,179,γένυν
2371,100633173,is,179,πλέως
2372,100633172,of,179,πόθου
2373,100633172,longing,179,πόθου
2374,100633173,full,179,πλέως
2375,100633175,white,180,λευκὴν
2376,100633176,but,180,δὲ
2377,100633177,complexion,180,χροιὰν
2378,100633178,from,180,ἐκ
2379,100633179,preparation,180,παρασκευῆς
2380,100633180,have,180,ἔχεις
2381,100633182,not,180,οὐχ
2382,100633183,sun's,180,ἡλίου
2383,100633184,beams,180,βολαῖσιν
2384,100633186,but,180,ἀλλ’
2385,100633187,from,180,ὑπὸ
2386,100633188,shade,180,σκιᾶς
2387,100633190,the,180,τὴν
2388,100633191,Aphrodite,180,Ἀφροδίτην
2389,100633192,beauty,180,καλλονῇ
2390,100633193,hunt,180,θηρώμενος
2391,100633195,First,181,πρῶτον
2392,100633197,then,181,οὖν
2393,100633199,tell,181,λέξον
2394,100633198,me,181,μοι
2395,100633200,who,181,ὅστις
2396,100633201,is,181,εἶ
2397,100633202,lineage,181,γένος
2398,100633204,no,182,οὐ
2399,100633205,boast,182,κόμπος
2400,100633206,no,182,οὐδείς
2401,100633208,easy,183,ῥᾴδιον
2402,100633209,It,183,δ’
2403,100633210,say,183,εἰπεῖν
2404,100633211,this,183,τόδε
2405,100633213,the,184,τὸν
2406,100633214,flower-decked,184,ἀνθεμώδη
2407,100633215,Mount,184,Τμῶλον
2408,100633215,Tmolus,184,Τμῶλον
2409,100633216,You,184,οἶσθά
2410,100633216,know,184,οἶσθά
2411,100633217,surely,184,που
2412,100633218,having,184,κλύων
2413,100633218,heard,184,κλύων
2414,100633222,who,185,ὃς
2415,100633223,the,185,τὸ
2416,100633224,Sardians,185,Σάρδεων
2417,100633225,city,185,ἄστυ
2418,100633226,encircles,185,περιβάλλει
2419,100633227,in a circle,185,κύκλῳ
2420,100633229,From,186,ἐντεῦθέν
2421,100633230,come,186,εἰμι
2422,100633232,Lydia,186,Λυδία
2423,100633233,is,186,δέ
2424,100633234,my,186,μοι
2425,100633235,native land,186,πατρίς
2426,100633237,From,187,πόθεν
2427,100633238,do,187,δὲ
2428,100633239,bring,187,τελετὰς
2429,100633240,these,187,τάσδ’
2430,100633241,rites,187,ἄγεις
2431,100633242,into,187,ἐς
2432,100633243,Greece,187,Ἑλλάδα
2433,100633245,Dionysus,188,Διόνυσος
2434,100633246,us,188,ἡμᾶς
2435,100633247,brought,188,εἰσέβησ’
2436,100633247,in,188,εἰσέβησ’
2437,100633249,who,188,ὁ
2438,100633250,of,188,τοῦ
2439,100633251,Zeus,188,Διός
2440,100633255,Is,189,ἔστ’
2441,100633256,there,189,ἐκεῖ
2442,100633257,some,189,τις
2443,100633253,Zeus,189,Ζεὺς
2444,100633254,perhaps,189,δ’
2445,100633259,who,189,ὃς
2446,100633261,begets,189,τίκτει
2447,100633260,new,189,νέους
2448,100633262,gods,189,θεούς
2449,100633264,No,190,οὔκ
2450,100633266,but,190,ἀλλ’
2451,100633270,having joined,190,ζεύξας
2452,100633268,Semele,190,Σεμέλην
2453,100633269,here,190,ἐνθάδε
2454,100633271,in marriage,190,γάμοις
2455,100633273,Or,191,πότερα
2456,100633274,did,191,δὲ
2457,100633275,night,191,νύκτωρ
2458,100633276,you,191,σ’
2459,100633277,close,191,ἢ
2460,100633278,your,191,κατ’
2461,100633279,eyes,191,ὄμμ’
2462,100633280,force,191,ἠνάγκασεν
2463,100633282,Seeing,192,ὁρῶν
2464,100633283,seeing,192,ὁρῶντα
2465,100633285,he,192,καὶ
2466,100633286,gives,192,δίδωσιν
2467,100633287,rites,192,ὄργια
2468,100633289,But,193,τὰ
2469,100633290,do,193,δ’
2470,100633291,rites,193,ὄργι’
2471,100633292,have,193,ἐστὶ
2472,100633293,some,193,τίν’
2473,100633294,appearance,193,ἰδέαν
2474,100633295,have,193,ἔχοντά
2475,100633296,for,193,σοι
2476,100633298,uttered,194,ἄρρητ’
2477,100633299,seen,194,ἀβακχεύτοισιν
2478,100633300,seen,194,εἰδέναι
2479,100633301,mortal,194,βροτῶν
2480,100633303,hold,195,ἔχει
2481,100633304,Does,195,δ’
2482,100633305,advantage,195,ὄνησιν
2483,100633306,for,195,τοῖσι
2484,100633307,who sacrifice,195,θύουσιν
2485,100633308,some,195,τίνα
2486,100633310,not,196,οὐ
2487,100633311,right,196,θέμις
2488,100633312,hear,196,ἀκοῦσαί
2489,100633313,you,196,σ’
2490,100633315,is,196,ἔστι
2491,100633316,but,196,δ’
2492,100633317,fitting,196,ἄξι’
2493,100633318,know,196,εἰδέναι
2494,100633320,indeed,197,εὖ
2495,100633321,this,197,τοῦτ’
2496,100633322,practiced deception,197,ἐκιβδήλευσας
2497,100633324,so,197,ἵν’
2498,100633325,hear,197,ἀκοῦσαι
2499,100633326,may,197,θέλω
2500,100633329,practices,198,ἀσκοῦντ’
2501,100633328,impiety,198,ἀσέβειαν
2502,100633331,is hateful,198,ἐχθαίρει
2503,100633332,god,198,θεοῦ
2504,100633337,For,199,γὰρ
2505,100633338,you say,199,φῂς
2506,100633339,clearly,199,σαφῶς
2507,100633334,the,199,τὸν
2508,100633335,god,199,θεὸν
2509,100633336,see,199,ὁρᾶν
2510,100633341,what,199,ποῖός
2511,100633342,sort,199,τις
2512,100633343,was,199,ἦν
2513,100633334,he,199,τὸν
2514,100633345,Whoever,200,ὁποῖος
2515,100633346,wanted,200,ἤθελ’
2516,100633348,not,201,οὐκ
2517,100633349,I,201,ἐγὼ
2518,100633350,am ... arranging,201,’τασσον
2519,100633351,this,201,τόδε
2520,100633353,this,202,τοῦτ’
2521,100633354,very,202,αὖ
2522,100633355,deceived,202,παρωχέτευσας
2523,100633357,without,202,κα-
2524,100633358,a,202,κοὐδὲν
2525,100633359,single,202,λέγων
2526,100633361,seem,203,δόξει
2527,100633362,man,203,τις
2528,100633365,speaking,203,λέγων
2529,100633363,foolishly,203,ἀμαθεῖ
2530,100633364,wise,203,σοφὰ
2531,100633366,not,203,οὐκ
2532,100633367,well,203,εὖ
2533,100633368,think,203,φρονεῖν
2534,100633370,come,204,ἦλθες
2535,100633371,Did,204,δὲ
2536,100633372,first,204,πρῶτα
2537,100633373,here,204,δεῦρ’
2538,100633374,leading,204,ἄγων
2539,100633375,the,204,τὸν
2540,100633376,deity,204,δαίμονα
2541,100633378,All,205,πᾶς
2542,100633379,dancing,205,ἀναχορεύει
2543,100633380,barbarians,205,βαρβάρων
2544,100633381,the,205,τάδ’
2545,100633382,rites,205,ὄργια
2546,100633385,For,206,γὰρ
2547,100633384,they think,206,φρονοῦσι
2548,100633388,many,206,πολύ
2549,100633387,Greeks,206,Ἑλλήνων
2550,100633386,worse,206,κάκιον
2551,100633390,These,207,τάδ’
2552,100633391,better,207,εὖ
2553,100633392,indeed,207,γε
2554,100633393,far,207,μᾶλλον
2555,100633395,The,208,οἱ
2556,100633396,laws,208,νόμοι
2557,100633397,however,208,δὲ
2558,100633398,different,208,διάφοροι
2559,100633401,But,209,δ’
2560,100633400,the,209,τὰ
2561,100633402,sacred rites,209,ἱερὰ
2562,100633407,completed,209,τελεῖς
2563,100633403,at night,209,νύκτωρ
2564,100633404,or,209,ἢ
2565,100633405,during,209,μεθ’
2566,100633406,the day,209,ἡμέραν
2567,100633409,By,210,νύκτωρ
2568,100633410,the,210,τὰ
2569,100633411,many,210,πολλά
2570,100633411,things,210,πολλά
2571,100633415,Darkness,211,σκότος
2572,100633414,possesses,211,ἔχει
2573,100633413,stateliness,211,σεμνότητ’
2574,100633417,This,212,τοῦτ’
2575,100633421,is,212,ἐστι
2576,100633420,treacherous,212,δόλιόν
2577,100633423,corrupt,212,σαθρόν
2578,100633418,for,212,ἐς
2579,100633419,women,212,γυναῖκας
2580,100633425,But,213,κα-
2581,100633426,in,213,κἀν
2582,100633427,this day,213,ἡμέρᾳ
2583,100633428,this,213,τό
2584,100633429,perhaps,213,γ’
2585,100633430,shameful,213,αἰσχρὸν
2586,100633431,might discover,213,ἐξεύροι
2587,100633432,someone,213,τις
2588,100633433,something,213,ἄν
2589,100633438,It,214,δεῖ
2590,100633438,is,214,δεῖ
2591,100633438,necessary,214,δεῖ
2592,100633437,to,214,δοῦναι
2593,100633437,give,214,δοῦναι
2594,100633435,the,214,δίκην
2595,100633435,punishment,214,δίκην
2596,100633436,you,214,σε
2597,100633439,of,214,σοφισμάτων
2598,100633440,evil,214,κακῶν
2599,100633439,wiles,214,σοφισμάτων
2600,100633443,But,215,δ’
2601,100633442,you,215,σὲ
2602,100633444,ignorance,215,ἀμαθίας
2603,100633445,full,215,γε
2604,100633446,and,215,κα-
2605,100633447,blaspheming,215,κἀσεβοῦντ’
2606,100633448,against,215,ἐς
2607,100633449,the,215,τὸν
2608,100633450,god,215,θεόν
2609,100633452,How,216,ὡς
2610,100633453,bold,216,θρασὺς
2611,100633454,the,216,ὁ
2612,100633455,Bacchant,216,βάκχος
2613,100633456,how,216,κα-
2614,100633457,not,216,κοὐκ
2615,100633458,unpracticed,216,ἀγύμναστος
2616,100633459,words,216,λόγων
2617,100633461,Say,217,εἴφ’
2618,100633462,what,217,ὅ
2619,100633463,what,217,τι
2620,100633464,to suffer,217,παθεῖν
2621,100633465,necessary,217,δεῖ
2622,100633473,First,219,πρῶτον
2623,100633474,I,219,μὲν
2624,100633475,soft,219,ἁβρὸν
2625,100633476,lock,219,βόστρυχον
2626,100633477,cut,219,τεμῶ
2627,100633478,your,219,σέθεν
2628,100633480,holy,220,ἱερὸς
2629,100633481,The,220,ὁ
2630,100633482,hair,220,πλόκαμος
2631,100633484,for,221,τῷ
2632,100633485,god,221,θεῷ
2633,100633486,But,221,δ’
2634,100633487,him,221,αὐτὸν
2635,100633488,raising,221,τρέφω
2636,100633490,Then,222,ἔπειτα
2637,100633493,hand over,222,παράδος
2638,100633491,thyrsus,222,θύρσον
2639,100633492,this,222,τόνδε
2640,100633494,from,222,ἐκ
2641,100633495,your hands,222,χεροῖν
2642,100633497,yourself,223,αὐτός
2643,100633498,me,223,μ’
2644,100633499,Seize,223,ἀφαιροῦ
2645,100633501,This,224,τόνδε
2646,100633502,Dionysus,224,Διονύσου
2647,100633503,carry,224,φορῶ
2648,100633505,kept,225,εἱρκταῖσί
2649,100633506,and,225,τ’
2650,100633507,inside,225,ἔνδον
2651,100633508,body,225,σῶμα
2652,100633509,your,225,σὸν
2653,100633510,guard,225,φυλάξομεν
2654,100633514,The,226,ὁ
2655,100633515,god,226,δαίμων
2656,100633516,himself,226,αὐτός
2657,100633512,will release,226,λύσει
2658,100633513,me,226,μ’
2659,100633518,whenever,226,ὅταν
2660,100633519,I,226,ἐγὼ
2661,100633520,wish,226,θέλω
2662,100633522,When,227,ὅταν
2663,100633523,when,227,γε
2664,100633524,call,227,καλέσῃς
2665,100633525,him,227,αὐτὸν
2666,100633526,among,227,ἐν
2667,100633527,Bacchants,227,βάκχαις
2668,100633528,standing,227,σταθείς
2669,100633530,And,228,καὶ
2670,100633531,now,228,νῦν
2671,100633532,I,228,ἃ
2672,100633533,suffer,228,πάσχω
2673,100633534,nearby,228,πλησίον
2674,100633535,present,228,παρὼν
2675,100633536,behold,228,ὁρᾷ
2676,100633538,But,229,καὶ
2677,100633539,perhaps,229,ποῦ
2678,100633540,is,229,’στιν
2679,100633543,For,230,γὰρ
2680,100633544,manifest,230,φανερὸς
2681,100633542,not,230,οὐ
2682,100633545,eyes,230,ὄμμασίν
2683,100633546,he,230,γ’
2684,100633547,my,230,ἐμοῖς
2685,100633549,With,231,παρ’
2686,100633550,me,231,ἐμοί
2687,100633553,But,232,δ’
2688,100633552,you,232,σὺ
2689,100633555,yourself,232,αὐτὸς
2690,100633554,impious,232,ἀσεβὴς
2691,100633556,are,232,ὢν
2692,100633558,perceive,232,εἰσορᾷς
2693,100633557,not,232,οὐκ
2694,100633560,away,233,λάζυσθε
2695,100633562,despises,234,καταφρονεῖ
2696,100633563,me,234,με
2697,100633564,and,234,καὶ
2698,100633565,city,234,Θήβας
2699,100633566,this,234,ὅδε
2700,100633568,speak,235,αὐδῶ
2701,100633569,it,235,με
2702,100633570,not,235,μὴ
2703,100633571,necessary,235,δεῖν
2704,100633572,prudent,235,σωφρονῶν
2705,100633573,not,235,οὐ
2706,100633574,prudent,235,σώφροσιν
2707,100633577,But,236,δὲ
2708,100633576,I,236,ἐγὼ
2709,100633579,indeed,236,γε
2710,100633578,terrible,236,δεῖν
2711,100633581,powerful,236,κυριώτερος
2712,100633582,you,236,σέθεν
2713,100633584,do,237,οὐκ
2714,100633585,know,237,οἶσθ’
2715,100633586,what,237,ὅ
2716,100633587,what,237,τι
2717,100633588,live,237,ζῇς
2718,100633590,nor,237,οὐ
2719,100633591,nor,237,-δ’
2720,100633592,what,237,ὃ
2721,100633593,see,237,δρᾷς
2722,100633595,nor,237,οὐ
2723,100633596,nor,237,-δ’
2724,100633597,who,237,ὅστις
2725,100633598,are,237,εἶ
2726,100633600,Pentheus,238,Πενθεύς
2727,100633602,Agave,238,Ἀγαύης
2728,100633603,son,238,παῖς
2729,100633605,father,238,πατρὸς
2730,100633606,and,238,δ’
2731,100633607,Echion,238,Ἐχίονος
2732,100633609,clothed,239,ἐνδυστυχῆσαι
2733,100633610,that,239,το-
2734,100633611,name,239,τοὔνομ’
2735,100633612,suitable,239,ἐπιτήδειος
2736,100633613,is,239,εἶ
2737,100633615,Go,240,χώρει
2738,100633617,Bind,241,καθείρξατ’
2739,100633618,him,241,αὐτὸν
2740,100633619,horse-troughs,241,ἱππικαῖς
2741,100633620,nearby,241,πέλας
2742,100633621,horse-troughs,241,φάτναισιν
2743,100633623,so,241,ὡς
2744,100633624,that,241,ἂν
2745,100633625,dark,241,σκότιον
2746,100633626,see,241,εἰσορᾷ
2747,100633627,gloom,241,κνέφας
2748,100633629,There,242,ἐκεῖ
2749,100633630,dance,242,χόρευε
2750,100633633,Bring,243,δ’
2751,100633634,these,243,ἃς
2752,100633635,women,243,ἄγων
2753,100633636,here,243,πάρει
2754,100633637,as,243,κακῶν
2755,100633638,accomplices,243,συνεργοὺς
2756,100633639,to,243,ἢ
2757,100633640,your,243,διεμπολήσομεν
2758,100633641,evils,243,ἢ
2759,100633642,or,243,χεῖρα
2760,100633643,having,243,δούπου
2761,100633644,ceased,243,τοῦδε
2762,100633645,the,243,καὶ
2763,100633646,hand,243,βύρσης
2764,100633647,of,243,κτύπου
2765,100633648,this,243,παύσας
2766,100633649,beating,243,","
2767,100633650,and,243,ἐφ’
2768,100633651,the,243,ἱστοῖς
2769,100633652,sound,243,δμωίδας
2770,100633653,of,243,κεκτήσομαι
2771,100633654,the,243,.
2772,100633655,hide,243,
2773,100633656,I,243,
2774,100633657,shall,243,
2775,100633658,acquire,243,
2776,100633659,maidens,243,
2777,100633660,for,243,
2778,100633661,my,243,
2779,100633662,looms,243,
2780,100633655,going,244,στείχοιμ’
2781,100633656,would,244,ἄν
2782,100633660,For,245,γὰρ
2783,100633658,whatever,245,ὅ
2784,100633659,is,245,τι
2785,100633661,not,245,μὴ
2786,100633662,necessary,245,χρεών
2787,100633664,it is not,245,οὔτοι
2788,100633665,necessary,245,χρεὼν
2789,100633666,to suffer,245,παθεῖν
2790,100633659,that,245,τι
2791,100633668,But,246,ἀτάρ
2792,100633674,Dionysus,246,Διόνυσός
2793,100633673,comes,246,μέτεισι
2794,100633671,ransom,246,ἄποιν’
2795,100633670,these,246,τῶνδ’
2796,100633672,insults,246,ὑβρισμάτων
2797,100633677,one,246,ὃν
2798,100633678,does not,246,οὐκ
2799,100633679,exist,246,εἶναι
2800,100633680,you say,246,λέγεις
2801,100633683,For,247,γὰρ
2802,100633684,wronging,247,ἀδικῶν
2803,100633682,us,247,ἡμᾶς
2804,100633688,lead,247,ἄγεις
2805,100633685,him,247,κεῖνον
2806,100633686,to,247,εἰς
2807,100633687,chains,247,δεσμοὺς
2808,100633690,Daughter,248,G?
2809,100633691,of Achelous,248,Ἀχελῴου
2810,100633692,Daughter,248,θύγατερ
2811,100633694,mistress,248,πότνι’
2812,100633695,fertile,248,εὐπάρθενε
2813,100633696,Dirce,248,Δίρκα
2814,100633698,you,248,σὺ
2815,100633699,for,248,γὰρ
2816,100633700,on,248,ἐν
2817,100633701,your,248,σαῖς
2818,100633702,once,248,ποτε
2819,100633703,springs,248,παγαῖς
2820,100633704,the,248,τὸ
2821,100633705,of Zeus,248,Διὸς
2822,100633706,child,248,βρέφος
2823,100633707,received,248,ἔλαβες
2824,100633709,when,248,ὅτε
2825,100633710,thigh,248,μηρῷ
2826,100633711,fire,248,πυρὸς
2827,100633712,from,248,ἐξ
2828,100633713,immortal,248,ἀθανάτου
2829,100633714,Zeus,248,Ζεὺς
2830,100633715,having begotten,248,ὁ
2831,100633716,having begotten,248,τεκὼν
2832,100633717,snatched,248,ἥρπασέ
2833,100633718,him,248,νιν
2834,100633720,these words,248,τάδ’
2835,100633721,crying out,248,ἀναβοάσας
2836,100633723,Go,249,ἴθι
2837,100633725,Dithyrambus,249,Διθύραμβ’
2838,100633727,my,249,ἐμὰν
2839,100633728,male,249,ἄρσενα
2840,100633729,enter,249,τάνδε
2841,100633730,enter,249,βᾶθι
2842,100633731,womb,249,νηδύν
2843,100633733,remove,250,ἀναφαίνω
2844,100633734,you,250,σε
2845,100633735,this,250,τόδ’
2846,100633737,O,250,ὦ
2847,100633738,Bacchus,250,Βάκχιε
2848,100633740,Thebes,250,Θήβαις
2849,100633741,call,250,ὀνομάζειν
2850,100633743,you,251,σὺ
2851,100633744,But,251,δέ
2852,100633745,me,251,μ’
2853,100633747,O,251,ὦ
2854,100633748,blessed,251,μάκαιρα
2855,100633749,Dirce,251,Δίρκα
2856,100633751,garland-bearing,251,στεφανηφόρους
2857,100633752,cast away,251,ἀπωθῇ
2858,100633753,thiasoi,251,θιάσους
2859,100633754,hold,251,ἔχουσαν
2860,100633755,within,251,ἐν
2861,100633756,you,251,σοί
2862,100633758,Why,252,τί
2863,100633759,me,252,μ’
2864,100633760,forbidding,252,ἀναίνῃ
2865,100633762,Why,253,τί
2866,100633763,me,253,με
2867,100633764,flee,253,φεύγεις
2868,100633766,Still,254,ἔτι
2869,100633767,yes,254,ναὶ
2870,100633768,the,254,τὰν
2871,100633769,grape-bearing,254,βοτρυώδη
2872,100633770,of Dionysus,254,Διονύσου
2873,100633771,vine,254,χάριν
2874,100633772,vine,254,οἴνας
2875,100633774,still,254,ἔτι
2876,100633775,yours,254,σοι
2877,100633776,of,254,τοῦ
2878,100633777,Bromios,254,Βρομίου
2879,100633778,will be,254,μελήσει
2880,100633780,What,255,οἵαν
2881,100633781,anger,255,οἵαν
2882,100633782,earth-born,255,ὀργὰν
2883,100633783,revealed,255,ἀναφαίνει
2884,100633784,earth-born,255,χθόνιον
2885,100633785,race,255,γένος
2886,100633786,offspring,255,ἐκφύς
2887,100633787,of,255,τε
2888,100633788,serpent,255,δράκοντός
2889,100633789,once,255,ποτε
2890,100633790,revealed,255,Πενθεύς
2891,100633792,Whom,255,ὃν
2892,100633793,Echion,255,Ἐχίων
2893,100633794,planted,255,ἐφύτευσε
2894,100633795,earth-born,255,χθόνιος
2895,100633797,fierce,255,ἀγριωπὸν
2896,100633798,monster,255,τέρας
2897,100633800,not,255,οὐ
2898,100633801,mortal,255,φῶτα
2899,100633802,man,255,βρότειον
2900,100633804,murderous,255,φόνιον
2901,100633806,like,255,ὥστε
2902,100633807,giant,255,γίγαντ’
2903,100633808,adversary,255,ἀντίπαλον
2904,100633809,gods,255,θεοῖς
2905,100633811,Who,256,ὃς
2906,100633812,me,256,ἔμ’
2907,100633813,in,256,ἐν
2908,100633814,snares,256,βρόχοισι
2909,100633815,the,256,τὰν
2910,100633816,of,256,τοῦ
2911,100633817,Bromius,256,Βρομίου
2912,100633818,now,256,τάχα
2913,100633819,joined,256,ξυνάψει
2914,100633821,who,256,τὸν
2915,100633822,my,256,ἐμὸν
2916,100633823,companion,256,δ’
2917,100633824,within,256,ἐντὸς
2918,100633825,holds,256,ἔχει
2919,100633826,house,256,δώματος
2920,100633827,already,256,ἤδη
2921,100633828,companion,256,θιασώταν
2922,100633829,dark,256,σκοτίαις
2923,100633830,hidden,256,κρυπτὸν
2924,100633831,in,256,ἐν
2925,100633832,prisons,256,εἱρκταῖς
2926,100633834,Have,257,ἐσορᾷς
2927,100633834,you,257,ἐσορᾷς
2928,100633834,seen,257,ἐσορᾷς
2929,100633835,these,257,τάδ’
2930,100633837,O,257,ὦ
2931,100633838,Zeus,257,Διὸς
2932,100633839,child,257,παῖ
2933,100633840,Dionysus,257,Διόνυσε
2934,100633842,your,257,σοὺς
2935,100633843,prophets,257,προφήτας
2936,100633844,in,257,ἐν
2937,100633845,contests,257,ἁμίλλαισιν
2938,100633846,of,257,ἀνάγκας
2939,100633846,necessity,257,ἀνάγκας
2940,100633848,Come,258,μόλε
2941,100633850,golden-eyed,258,χρυσῶπα
2942,100633851,shaking,258,τινάσσων
2943,100633853,lord,258,ἄνα
2944,100633855,thyrsus,258,θύρσον
2945,100633856,towards,258,κατ’
2946,100633857,Olympus,258,Ὄλυμπον
2947,100633860,and,258,δ’
2948,100633861,man,258,ἀνδρὸς
2949,100633862,violence,258,ὕβριν
2950,100633863,restrain,258,κατάσχες
2951,100633859,bloody,258,φονίου
2952,100633865,Where,259,πόθι
2953,100633866,of Nysa,259,Νύσας
2954,100633867,then,259,ἄρα
2955,100633870,lead,259,θυρσοφορεῖς
2956,100633868,the,259,τᾶς
2957,100633869,beast-tending,259,θηροτρόφου
2958,100633871,throngs,259,θιάσους
2959,100633873,O,259,ὦ
2960,100633874,Dionysus,259,Διόνυσ’
2961,100633876,or,259,ἢ
2962,100633877,peaks,259,κορυφαῖς
2963,100633878,Corycian,259,Κωρυκίαις
2964,100633880,Soon,260,τάχα
2965,100633881,in,260,δ’
2966,100633882,in,260,ἐν
2967,100633883,the,260,ταῖς
2968,100633884,trees,260,πολυδένδρεσσιν
2969,100633885,Olympus,260,Ὀλύμπου
2970,100633886,chambers,260,θαλάμαις
2971,100633888,where,260,ἔνθα
2972,100633889,once,260,ποτ’
2973,100633890,Orpheus,260,Ὀρφεὺς
2974,100633891,playing,260,κιθαρίζων
2975,100633892,gathered,260,σύναγεν
2976,100633893,trees,260,δένδρεα
2977,100633894,Muses,260,μούσαις
2978,100633896,gathered,260,σύναγεν
2979,100633897,beasts,260,θῆρας
2980,100633898,wild,260,ἀγρώτας
2981,100633901,O,261,ὦ
2982,100633900,blessed,261,μάκαρ
2983,100633902,Pieria,261,Πιερία
2984,100633904,venerates,261,σέβεταί
2985,100633905,you,261,σ’
2986,100633906,Euios,261,Εὔιος
2987,100633909,and,261,τε
2988,100633908,he will come,261,ἥξει
2989,100633910,dancing,261,χορεύσων
2990,100633911,together,261,ἅμα
2991,100633912,with the Bacchic rites,261,βακχεύμασι
2992,100633921,he will lead,261,ἄξει
2993,100633916,swift-flowing,261,ὠκυρόαν
2994,100633918,Axion,261,Ἀξιὸν
2995,100633915,and,261,τ’
2996,100633919,twirling,261,εἱλισσομένας
2997,100633920,Maenads,261,Μαινάδας
2998,100633923,Lydian,261,Λυδίαν
2999,100633924,father,261,πατέρα
3000,100633927,he who,261,τὸν
3001,100633931,gives,261,ὀλβοδόταν
3002,100633929,blessed happiness,261,εὐδαιμονίας
3003,100633930,to mortals,261,βροτοῖς
3004,100633933,he who,261,τὸν
3005,100633934,is renowned,261,ἔκλυον
3006,100633935,for making,261,εὔιππον
3007,100633936,the fair-horsed land,261,χώραν
3008,100633939,irrigate,261,λιπαίνειν
3009,100633937,with the finest waters,261,ὕδασιν
3010,100633938,finest,261,καλλίστοισι
3011,100633941,Io,262,ἰώ
3012,100633943,hear,262,κλύετ’
3013,100633944,us,262,ἐμᾶς
3014,100633945,hear,262,κλύετ’
3015,100633946,voice,262,αὐδᾶς
3016,100633948,Io,262,ἰὼ
3017,100633949,Bacchae,262,βάκχαι
3018,100633951,Io,262,ἰὼ
3019,100633952,Bacchae,262,βάκχαι
3020,100633954,Who,263,τίς
3021,100633955,this,263,ὅδε
3022,100633957,who,263,τίς
3023,100633958,this,263,ὅδε
3024,100633959,where,263,πόθεν
3025,100633960,this,263,ὁ
3026,100633961,noise,263,κέλαδος
3027,100633963,me,263,μ’
3028,100633964,call,263,ἐκάλεσεν
3029,100633965,Euripus,263,Εὐίου
3030,100633967,Io,264,ἰὼ
3031,100633968,io,264,ἰώ
3032,100633970,again,264,πάλιν
3033,100633971,Sing,264,αὐδῶ
3034,100633974,Semele,264,Σεμέλας
3035,100633977,Zeus,264,Διὸς
3036,100633978,son,264,παῖς
3037,100633980,Io,265,ἰὼ
3038,100633981,io,265,ἰὼ
3039,100633982,Lord,265,δέσποτα
3040,100633983,Lord,265,δέσποτα
3041,100633985,come,265,μόλε
3042,100633986,now,265,νυν
3043,100633987,our,265,ἡμέτερον
3044,100633988,to,265,ἐς
3045,100633989,thiasos,265,θίασον
3046,100633991,O,265,ὦ
3047,100633992,Bromios,265,Βρόμιε
3048,100633993,Bromios,265,Βρόμιε
3049,100633995,Shake,266,σεῖε
3050,100633996,ground,266,πέδον
3051,100633997,of,266,χθονὸς
3052,100633997,Earth-shaker,266,χθονὸς
3053,100633998,Earth-shaker,266,Ἔννοσι
3054,100633999,Lady,266,πότνια
3055,100634001,Ah,267,ἆ
3056,100634002,ah,267,ἆ
3057,100634004,soon,267,τάχα
3058,100634005,halls,267,τὰ
3059,100634006,of Pentheus,267,Πενθέως
3060,100634007,halls,267,μέλαθρα
3061,100634008,shaken,267,διατινάξεται
3062,100634009,falls,267,πεσήμασιν
3063,100634012,Dionysus,268,ὁ
3064,100634013,Dionysus,268,Διόνυσος
3065,100634014,to,268,ἀνὰ
3066,100634015,halls,268,μέλαθρα
3067,100634017,Honor,269,σέβετέ
3068,100634018,him,269,νιν
3069,100634021,worship,270,σέβομεν
3070,100634022,O,270,ὤ
3071,100634025,see,271,εἴδετε
3072,100634026,wedges,271,λάινα
3073,100634027,columns,271,κίοσιν
3074,100634028,driven,271,ἔμβολα
3075,100634029,running-beams,271,διάδρομα
3076,100634030,these,271,τάδε
3077,100634033,Here,272,ὅδ’
3078,100634032,Bromios,272,Βρόμιος
3079,100634034,shouting,272,ἀλαλάζεται
3080,100634035,breaking down,272,λάζεται
3081,100634036,roofs,272,στέγας
3082,100634037,inside,272,ἔσω
3083,100634039,Seize,273,ἅπτε
3084,100634040,thunderbolt-like,273,κεραύνιον
3085,100634041,blazing,273,αἴθοπα
3086,100634042,torch,273,λαμπάδα
3087,100634044,Blast,274,σύμφλεγε
3088,100634045,together,274,σύμφλεγε
3089,100634046,halls,274,δώματα
3090,100634047,of,274,Πενθέος
3091,100634047,Pentheus,274,Πενθέος
3092,100634049,Ah,275,ἆ
3093,100634050,ah,275,ἆ
3094,100634052,fire,275,πῦρ
3095,100634053,not,275,οὐ
3096,100634054,see,275,λεύσσεις
3097,100634056,not,275,οὐ
3098,100634057,nor,275,-δ’
3099,100634058,flicker,275,αὐγάζῃ
3100,100634062,around,275,ἀμφὶ
3101,100634063,tomb,275,τάφον
3102,100634061,sacred,275,ἱερὸν
3103,100634060,Semele,275,Σεμέλας
3104,100634065,wherever,275,ἅν
3105,100634066,ever,275,ποτε
3106,100634067,thunder-striking,275,κεραυνόβολος
3107,100634068,left,275,ἔλιπε
3108,100634069,flame,275,φλόγα
3109,100634070,Zeus,275,Δίου
3110,100634071,thunder,275,βροντᾶς
3111,100634073,Stretch,276,δίκετε
3112,100634074,ground,276,πεδόσε
3113,100634075,Stretch,276,τρομερὰ
3114,100634076,bodies,276,σώματα
3115,100634077,out,276,δίκετε
3116,100634079,Maenads,276,Μαινάδες
3117,100634082,For,277,γὰρ
3118,100634081,the,277,ὁ
3119,100634083,Lord,277,ἄναξ
3120,100634086,placing,277,τιθεὶς
3121,100634084,upper,277,ἄνω
3122,100634085,lower,277,κάτω
3123,100634087,leads,277,ἔπεισι
3124,100634089,these,277,τάδε
3125,100634088,halls,277,μέλαθρα
3126,100634091,son,277,γόνος
3127,100634090,Zeus,277,Διὸς
3128,100634093,Barbarian,278,βάρβαροι
3129,100634094,women,278,γυναῖκες
3130,100634096,utterly,278,οὕτως
3131,100634097,struck,278,ἐκπεπληγμέναι
3132,100634098,fear,278,φόβῳ
3133,100634099,to,278,πρὸς
3134,100634100,ground,278,πέδῳ
3135,100634101,fallen,278,πεπτώκατ’
3136,100634103,felt,279,ᾔσθησθ’
3137,100634105,as,279,ὡς
3138,100634106,seems,279,ἔοικε
3139,100634108,Bacchus,279,Βακχίου
3140,100634109,shaken,279,διατινάξαντος
3141,100634111,house,279,δῶμα
3142,100634112,Pentheus',279,Πενθέως
3143,100634114,But,280,ἀλλ’
3144,100634115,stand,280,ἐξανίστατε
3145,100634116,up,280,†
3146,100634118,and,280,καὶ
3147,100634119,take,280,θαρσεῖτε
3148,100634120,courage,280,σαρκὸς
3149,100634121,having,280,ἐξαμείψασαι
3150,100634117,exchanged,280,σῶμα
3151,100634122,the,280,τρόμον
3152,100634122,trembling,280,τρόμον
3153,100634120,of,280,σαρκὸς
3154,100634120,the,280,σαρκὸς
3155,100634120,flesh,280,σαρκὸς
3156,100634124,O,281,ὦ
3157,100634125,light,281,φάος
3158,100634126,greatest,281,μέγιστον
3159,100634127,for us,281,ἡμῖν
3160,100634128,happy,281,εὐίου
3161,100634129,revelry,281,βακχεύματος
3162,100634131,as,281,ὡς
3163,100634132,beheld,281,ἐσεῖδον
3164,100634133,with joy,281,ἀσμένη
3165,100634134,you,281,σε
3166,100634136,alone,281,μονάδ’
3167,100634137,hold,281,ἔχουσ’
3168,100634138,desert,281,ἐρημίαν
3169,100634140,into,282,εἰς
3170,100634141,despair,282,ἀθυμίαν
3171,100634142,arrive,282,ἀφίκεσθ’
3172,100634144,when,282,ἡνίκ’
3173,100634145,sent,282,εἰσεπεμπόμην
3174,100634147,Pentheus,282,Πενθέως
3175,100634148,as,282,ὡς
3176,100634149,into,282,ἐς
3177,100634150,dark,282,σκοτεινὰς
3178,100634151,abysses,282,ὁρκάνας
3179,100634152,falling,282,πεσούμενος
3180,100634154,How,283,πῶς
3181,100634155,could,283,γὰρ
3182,100634156,not,283,οὔ
3183,100634157,be,283,;
3184,100634158,Who,284,τίς
3185,100634159,for,284,μοι
3186,100634160,guard,284,φύλαξ
3187,100634161,be,284,ἦν
3188,100634163,if,284,εἰ
3189,100634164,you,284,σὺ
3190,100634165,calamity,284,συμφορᾶς
3191,100634166,encounter,284,τύχοις
3192,100634168,But,285,ἀλλὰ
3193,100634169,how,285,πῶς
3194,100634170,were you freed,285,ἠλευθερώθης
3195,100634171,man,285,ἀνδρὸς
3196,100634172,impious,285,ἀνοσίου
3197,100634173,having happened upon,285,τυχών
3198,100634175,I,286,αὐτὸς
3199,100634176,freed,286,ἐξέσῳσ’
3200,100634177,myself,286,ἐμαυτὸν
3201,100634178,easily,286,ῥᾳδίως
3202,100634179,from,286,ἄνευ
3203,100634180,labor,286,πόνου
3204,100634182,not,287,οὐ
3205,100634183,Did,287,-δέ
3206,100634184,your,287,σου
3207,100634185,join,287,συνῆψε
3208,100634186,hands,287,χεῖρε
3209,100634187,together,287,δεσμίοισιν
3210,100634188,in,287,ἐν
3211,100634189,snares,287,βρόχοις
3212,100634192,And,288,καὶ
3213,100634191,this,288,ταῦτα
3214,100634193,insulted,288,καθύβρισ’
3215,100634194,him,288,αὐτόν
3216,100634196,since,288,ὅτι
3217,100634199,thinking,288,δοκῶν
3218,100634198,bind,288,δεσμεύειν
3219,100634197,me,288,με
3220,100634200,neither,288,οὔ
3221,100634201,nor,288,-τ’
3222,100634202,touched,288,ἔθιγεν
3223,100634203,nor,288,οὔ
3224,100634204,nor,288,-θ’
3225,100634205,laid,288,ἥψαθ’
3226,100634206,on us,288,ἡμῶν
3227,100634208,on,288,ἐλπίσιν
3228,100634209,but,288,δ’
3229,100634210,were fed,288,ἐβόσκετο
3230,100634208,hopes,288,ἐλπίσιν
3231,100634212,At,289,πρὸς
3232,100634213,mangers,289,φάτναις
3233,100634214,finding,289,δὲ
3234,100634215,bull,289,ταῦρον
3235,100634216,whom,289,εὑρών
3236,100634219,chain,289,καθεῖρξ’
3237,100634221,he,289,ἄγων
3238,100634223,these,289,τῷδε
3239,100634224,snares,289,περὶ
3240,100634226,cast,289,ἔβαλλε
3241,100634227,down,289,γόνασι
3242,100634228,with,289,καὶ
3243,100634229,knees,289,χηλαῖς
3244,100634230,hooves,289,ποδῶν
3245,100634232,spirit,289,θυμὸν
3246,100634233,expiring,289,ἐκπνέων
3247,100634235,sweat,289,ἱδρῶτα
3248,100634236,body,289,σώματος
3249,100634237,dripping,289,στάζων
3250,100634238,from,289,ἄπο
3251,100634240,lips,289,χείλεσιν
3252,100634241,showing,289,διδοὺς
3253,100634242,teeth,289,ὀδόντας
3254,100634244,nearby,290,πλησίον
3255,100634245,But,290,δ’
3256,100634246,I,290,ἐγὼ
3257,100634247,standing,290,παρὼν
3258,100634248,quietly,290,ἥσυχος
3259,100634249,swiftly,290,θάσσων
3260,100634250,came,290,ἔλευσσον
3261,100634252,at,291,ἐν
3262,100634253,And,291,δὲ
3263,100634254,this,291,τῷδε
3264,100634255,very,291,τῷ
3265,100634256,time,291,χρόνῳ
3266,100634257,overturned,291,ἀνετίναξ’
3267,100634258,having come,291,ἐλθὼν
3268,100634259,Bacchus,291,ὁ
3269,100634260,Bacchus,291,Βάκχος
3270,100634261,house,291,δῶμα
3271,100634262,and,291,καὶ
3272,100634263,mother's,291,μητρὸς
3273,100634264,grave,291,τάφῳ
3274,100634265,fire,291,πῦρ
3275,100634266,lit,291,ἀνῆψ’
3276,100634268,He,292,ὃ
3277,100634269,however,292,δ’
3278,100634270,as soon as,292,ὡς
3279,100634271,he saw,292,ἐσεῖδε
3280,100634273,them,292,δώματ’
3281,100634274,was empty,292,αἴθεσθαι
3282,100634275,thinking,292,δοκῶν
3283,100634277,went,292,ᾖσσ’
3284,100634278,back,292,ἐκεῖσε
3285,100634279,and,292,κα-
3286,100634280,forth,292,κᾆτ’
3287,100634281,there,292,ἐκεῖσε
3288,100634283,his,292,δμωσὶν
3289,100634284,servants,292,Ἀχελῷον
3290,100634285,to carry,292,φέρειν
3291,100634286,ordering,292,ἐννέπων
3292,100634288,everyone,292,ἅπας
3293,100634289,and,292,δ’
3294,100634290,was,292,ἐν
3295,100634291,a slave,292,ἔργῳ
3296,100634292,in the,292,δοῦλος
3297,100634293,work,292,ἦν
3298,100634295,in vain,292,μάτην
3299,100634296,laboring,292,πονῶν
3300,100634298,Having escaped,293,διαμεθεὶς
3301,100634299,since,293,δὲ
3302,100634300,this,293,τόνδε
3303,100634301,toil,293,μόχθον
3304,100634304,I have,293,ἐμοῦ
3305,100634305,fled,293,πεφευγότος
3306,100634307,runs,293,ἵεται
3307,100634308,sword,293,ξίφος
3308,100634309,dark,293,κελαινὸν
3309,100634310,seizing,293,ἁρπάσας
3310,100634311,house,293,δόμων
3311,100634312,inside,293,ἔσω
3312,100634314,And,294,κα-
3313,100634315,then,294,κᾆθ’
3314,100634319,as,294,ὡς
3315,100634320,me,294,ἔμοιγε
3316,100634321,seems,294,φαίνεται
3317,100634324,speak,294,λέγω
3318,100634323,reputation,294,δόξαν
3319,100634326,phantom,294,φάσμ’
3320,100634327,created,294,ἐποίησεν
3321,100634328,across,294,κατ’
3322,100634329,courtyard,294,αὐλήν
3323,100634331,he,295,ὃ
3324,100634332,And,295,δ’
3325,100634333,upon,295,ἐπὶ
3326,100634334,this,295,τοῦθ’
3327,100634335,having rushed,295,ὡρμημένος
3328,100634336,struck,295,ᾖσσε
3329,100634337,and,295,κα-
3330,100634338,pierced,295,κἀκέντει
3331,100634339,shining,295,φαεννὸν
3332,100634340,sky,295,αἰθέρ’
3333,100634342,as,295,ὡς
3334,100634343,slaughtering,295,σφάζων
3335,100634344,me,295,ἐμέ
3336,100634346,to,296,πρὸς
3337,100634347,And,296,δὲ
3338,100634348,these,296,τοῖσδ’
3339,100634349,his,296,αὐτῷ
3340,100634350,things,296,τάδ’
3341,100634351,very,296,ἄλλα
3342,100634352,Bakchios,296,Βάκχιος
3343,100634353,destroying,296,λυμαίνεται
3344,100634355,house,297,δώματ’
3345,100634356,smashed,297,ἔρρηξεν
3346,100634357,ground,297,χαμᾶζε
3347,100634359,shattered,298,συντεθράνωται
3348,100634360,for,298,δ’
3349,100634361,entire,298,ἅπαν
3350,100634362,bitter,298,πικροτάτους
3351,100634363,seeing,298,ἰδόντι
3352,100634364,bonds,298,δεσμοὺς
3353,100634365,my,298,τοὺς
3354,100634366,my,298,ἐμούς
3355,100634368,toil,299,κόπου
3356,100634369,Having,299,δ’
3357,100634370,been,299,ὕπο
3358,100634371,exhausted,299,διαμεθεὶς
3359,100634372,sword,299,ξίφος
3360,100634373,set down,299,παρεῖται
3361,100634377,For,300,γὰρ
3362,100634378,being,300,ὢν
3363,100634379,man,300,ἀνὴρ
3364,100634383,dared,300,ἐτόλμησε
3365,100634382,to come,300,ἐλθεῖν
3366,100634375,to,300,πρὸς
3367,100634381,battle,300,μάχην
3368,100634385,Quietly,301,ἥσυχος
3369,100634386,and,301,δ’
3370,100634387,stepped,301,ἐκβὰς
3371,100634388,I,301,ἐγὼ
3372,100634389,from,301,δωμάτων
3373,100634390,come,301,ἥκω
3374,100634391,to,301,πρὸς
3375,100634392,you,301,ὑμᾶς
3376,100634394,Pentheus,301,Πενθέως
3377,100634395,no,301,οὐ
3378,100634396,heed,301,φροντίσας
3379,100634398,As,302,ὡς
3380,100634399,indeed,302,δέ
3381,100634400,me,302,μοι
3382,100634401,seems,302,δοκεῖ
3383,100634403,rustling,302,ψοφεῖ
3384,100634404,the,302,γοῦν
3385,100634405,boots,302,ἀρβύλη
3386,100634406,of,302,δόμων
3387,100634407,the,302,ἔσω
3388,100634409,door,302,ἐς
3389,100634411,immediately,302,αὐτίχ’
3390,100634412,will be opened,302,ἥξει
3391,100634414,what,303,τί
3392,100634415,what,303,ποτ’
3393,100634416,So,303,ἄρ’
3394,100634417,from,303,ἐκ
3395,100634418,among,303,τούτων
3396,100634419,say,303,ἐρεῖ
3397,100634419,will,303,ἐρεῖ
3398,100634422,For,304,γὰρ
3399,100634421,easily,304,ῥᾳδίως
3400,100634424,I shall carry,304,οἴσω
3401,100634423,him,304,αὐτὸν
3402,100634426,and,304,κα-
3403,100634427,if,304,κἂν
3404,100634428,panting,304,πνέων
3405,100634429,comes,304,ἔλθῃ
3406,100634430,greatly,304,μέγα
3407,100634433,wise,305,σοφοῦ
3408,100634434,For,305,γὰρ
3409,100634435,man,305,ἀνδρὸς
3410,100634436,practice,305,ἀσκεῖν
3411,100634437,judgment,305,σώφρον’
3412,100634438,sound,305,εὐοργησίαν
3413,100634432,alongside,305,πρὸς
3414,100634440,have suffered,306,πέπονθα
3415,100634441,terrible things,306,δεινά
3416,100634443,escaped,307,διαπέφευγέ
3417,100634444,me,307,μ’
3418,100634445,The,307,ὁ
3419,100634446,stranger,307,ξένος
3420,100634448,he,307,ὃς
3421,100634449,now,307,ἄρτι
3422,100634450,shackles,307,δεσμοῖς
3423,100634451,was,307,ἦν
3424,100634452,compelled,307,κατηναγκασμένος
3425,100634454,Ho!,308,ἔα
3426,100634455,Ho!,308,ἔα
3427,100634457,This,309,ὅδ’
3428,100634458,is,309,ἐστὶν
3429,100634459,man,309,ἁνήρ
3430,100634461,What,310,τί
3431,100634462,these,310,τάδε
3432,100634464,How,311,πῶς
3433,100634465,front-facing,311,προνώπιος
3434,100634466,appear,311,φαίνῃ
3435,100634467,before,311,πρὸς
3436,100634468,house,311,οἴκοις
3437,100634469,own,311,τοῖς
3438,100634470,my,311,ἐμοῖς
3439,100634472,outside,311,ἔξω
3440,100634473,having,311,βεβώς
3441,100634475,Plant,312,στῆσον
3442,100634476,foot,312,πόδ’
3443,100634478,angry,312,ὀργῇ
3444,100634479,and,312,δ’
3445,100634480,lay down,312,ὑπόθες
3446,100634481,quiet,312,ἥσυχον
3447,100634482,repose,312,πόδα
3448,100634484,From,313,πόθεν
3449,100634484,where,313,πόθεν
3450,100634485,you,313,σὺ
3451,100634486,chains,313,δεσμὰ
3452,100634487,escaped,313,διαφυγὼν
3453,100634488,cross,313,ἔξω
3454,100634489,boundary,313,περᾷς
3455,100634491,not,314,οὐκ
3456,100634492,say,314,εἶπον
3457,100634494,did,314,ἢ
3458,100634495,not,314,οὐκ
3459,100634496,hear,314,ἤκουσας
3460,100634498,that,314,ὅτι
3461,100634499,release,314,λύσει
3462,100634500,me,314,μέ
3463,100634501,someone,314,τις
3464,100634503,Who,315,τίς
3465,100634507,For,316,γὰρ
3466,100634505,you,316,τοὺς
3467,100634508,bring in,316,ἐσφέρεις
3468,100634509,new,316,καινοὺς
3469,100634506,words,316,λόγους
3470,100634510,always,316,ἀεί
3471,100634512,who,317,ὃς
3472,100634513,the,317,τὴν
3473,100634514,many-fruiting,317,πολύβοτρυν
3474,100634515,vine,317,ἄμπελον
3475,100634516,cultivates,317,φύει
3476,100634517,for mortals,317,βροτοῖς
3477,100634520,have shamed,319,ὠνείδισας
3478,100634521,with,319,δὴ
3479,100634522,this,319,τοῦτο
3480,100634523,Dionysus,319,Διονύσῳ
3481,100634524,noble,319,καλόν
3482,100634527,command,320,κελεύω
3483,100634528,every,320,πάντα
3484,100634529,tower,320,πύργον
3485,100634526,called,320,κλῄειν
3486,100634530,within,320,ἐν
3487,100634531,circle,320,κύκλῳ
3488,100634533,What,321,τί
3489,100634534,then,321,δ’
3490,100634536,not,322,οὐχ
3491,100634537,cross,322,ὑπερβαίνουσι
3492,100634538,even,322,καὶ
3493,100634539,walls,322,τείχη
3494,100634540,gods,322,θεοί
3495,100634542,wise,323,σοφὸς
3496,100634543,wise,323,σοφὸς
3497,100634544,You,323,σύ
3498,100634546,yet,323,πλὴν
3499,100634547,you,323,ἃ
3500,100634548,must,323,δεῖ
3501,100634549,be,323,σ’
3502,100634550,wise,323,εἶναι
3503,100634551,wise,323,σοφόν
3504,100634553,that,324,ἃ
3505,100634554,is,324,δεῖ
3506,100634555,most,324,μάλιστα
3507,100634557,this,324,ταῦτ’
3508,100634558,I,324,ἔγωγ’
3509,100634559,was,324,ἔφυν
3510,100634560,wise,324,σοφός
3511,100634565,First,325,πρῶτα
3512,100634568,learn,325,μάθε
3513,100634566,the,325,τοὺς
3514,100634567,words,325,λόγους
3515,100634562,of,325,κείνου
3516,100634563,that,325,δ’
3517,100634570,who,325,ὃς
3518,100634573,stands,325,πάρεστιν
3519,100634571,outside,325,ἐξ
3520,100634572,the,325,ὄρους
3521,100634564,border,325,ἀκούσας
3522,100634574,to,325,ἀγγελῶν
3523,100634575,bring,325,τί
3524,100634576,you,325,σοι
3525,100634564,a,325,ἀκούσας
3526,100634564,message,325,ἀκούσας
3527,100634579,But,326,δέ
3528,100634578,we,326,ἡμεῖς
3529,100634581,shall remain,326,μενοῦμεν
3530,100634580,for you,326,σοι
3531,100634583,shall not,326,οὐ
3532,100634584,flee,326,φευξούμεθα
3533,100634586,I,327,Πενθεῦ
3534,100634587,strengthening,327,κρατύνων
3535,100634588,this,327,τῆσδε
3536,100634589,Thebes,327,Θηβαίας
3537,100634590,land,327,χθονός
3538,100634592,come,327,ἥκω
3539,100634593,Cithaeron,327,Κιθαιρῶν’
3540,100634594,abandoned,327,ἐκλιπών
3541,100634596,so,327,ἵν’
3542,100634597,never,327,οὔποτε
3543,100634598,white,327,λευκῆς
3544,100634599,snow,327,χιόνος
3545,100634600,rise,327,ἀνεῖσαν
3546,100634601,beams,327,εὐαγεῖς
3547,100634611,Bacchic,329,βάκχας
3548,100634612,mistresses,329,ποτνιάδας
3549,100634613,Having,329,εἰσιδών
3550,100634615,they,329,αἳ
3551,100634616,this,329,τῆσδε
3552,100634617,land,329,γῆς
3553,100634618,frenzy,329,οἴστροισι
3554,100634619,white,329,λευκὸν
3555,100634620,neck,329,κῶλον
3556,100634621,struck,329,ἐξηκόντισαν
3557,100634623,have come,329,ἥκω
3558,100634624,declare,329,φράσαι
3559,100634625,you,329,σοὶ
3560,100634626,and,329,καὶ
3561,100634627,city,329,πόλει
3562,100634630,lord,329,ἄναξ
3563,100634632,what,329,ὡς
3564,100634633,terrible,329,δεινὰ
3565,100634634,do,329,δρῶσι
3566,100634635,wonders,329,θαυμάτων
3567,100634636,and,329,τε
3568,100634637,stronger,329,κρείσσονα
3569,100634639,wish,330,θέλω
3570,100634640,But,330,δ’
3571,100634641,hear,330,ἀκοῦσαι
3572,100634643,whether,330,πότερά
3573,100634644,I,330,σοι
3574,100634646,speak,330,φράσω
3575,100634645,frankly,330,παρρησίᾳ
3576,100634644,to you,330,σοι
3577,100634647,about those,330,τὰ
3578,100634648,matters,330,κεῖθεν
3579,100634649,or,330,ἢ
3580,100634643,whether,330,πότερά
3581,100634651,we should send,330,στειλώμεθα
3582,100634650,a message,330,λόγον
3583,100634654,For,331,γὰρ
3584,100634659,fear,331,δέδοικ’
3585,100634653,the,331,τὸ
3586,100634655,speed,331,τάχος
3587,100634657,of,331,τῶν
3588,100634656,your,331,σου
3589,100634658,mind,331,φρενῶν
3590,100634661,king,331,ἄναξ
3591,100634663,and,331,καὶ
3592,100634664,your,331,το-
3593,100634665,quick,331,τοὐξύθυμον
3594,100634666,and,331,καὶ
3595,100634667,your,331,τὸ
3596,100634668,royal,331,βασιλικὸν
3597,100634669,much,331,λίαν
3598,100634653,nature,331,τὸ
3599,100634671,Speak,332,λέγ’
3600,100634673,that,332,ὡς
3601,100634674,innocent,332,ἀθῷος
3602,100634675,from,332,ἐξ
3603,100634676,me,332,ἐμοῦ
3604,100634677,entirely,332,πάντως
3605,100634678,be,332,ἔσῃ
3606,100634681,For,333,γὰρ
3607,100634680,the,333,τοῖς
3608,100634682,just,333,δικαίοις
3609,100634683,not,333,οὐχὶ
3610,100634685,necessary,333,χρεών
3611,100634684,to be angry,333,θυμοῦσθαι
3612,100634688,And,334,δ’
3613,100634687,whatever,334,ὅσῳ
3614,100634689,things,334,ἂν
3615,100634690,speak,334,εἴπῃς
3616,100634691,terrible,334,δεινότερα
3617,100634692,Bacchants,334,βακχῶν
3618,100634695,that,334,τοσῷδε
3619,100634696,extent,334,μᾶλλον
3620,100634697,this,334,τὸν
3621,100634702,justice,334,τόνδε
3622,100634704,against,334,δίκῃ
3623,100634698,one,334,ὑποθέντα
3624,100634700,arts,334,τέχνας
3625,100634701,women,334,γυναιξὶ
3626,100634705,add,334,προσθήσομεν
3627,100634708,The,335,μὲν
3628,100634707,herds,335,ἀγελαῖα
3629,100634709,were,335,βοσκήματ’
3630,100634710,just,335,ἄρτι
3631,100634714,grazing,335,ὑπεξήκριζον
3632,100634711,near,335,πρὸς
3633,100634712,the,335,λέπας
3634,100634713,crags,335,μόσχων
3635,100634713,of,335,μόσχων
3636,100634713,the,335,μόσχων
3637,100634713,calves,335,μόσχων
3638,100634716,when,335,ἡνίχ’
3639,100634717,the,335,ἥλιος
3640,100634717,sun,335,ἥλιος
3641,100634720,warming,335,θερμαίνων
3642,100634721,the,335,χθόνα
3643,100634721,earth,335,χθόνα
3644,100634719,sends,335,ἐξίησι
3645,100634718,forth,335,ἀκτῖνας
3646,100634718,its,335,ἀκτῖνας
3647,100634718,rays,335,ἀκτῖνας
3648,100634723,I,336,ὁρῶ
3649,100634723,see,336,ὁρῶ
3650,100634724,and,336,δὲ
3651,100634725,thiasoi,336,θιάσους
3652,100634726,three,336,τρεῖς
3653,100634727,women's,336,γυναικείων
3654,100634728,choruses,336,χορῶν
3655,100634730,of which,336,ὧν
3656,100634731,led,336,ἦρχ’
3657,100634732,first,336,ἑνὸς
3658,100634734,Autonoe,336,Αὐτονόη
3659,100634737,second,336,δευτέρου
3660,100634738,mother,336,μήτηρ
3661,100634739,Agave,336,Ἀγαύη
3662,100634740,my,336,σή
3663,100634742,third,336,τρίτου
3664,100634743,and,336,δ’
3665,100634744,Ino,336,Ἰνὼ
3666,100634747,slept,337,ηὗδον
3667,100634748,And,337,δὲ
3668,100634749,all,337,πᾶσαι
3669,100634750,of them,337,σώμασιν
3670,100634751,leaning,337,παρειμέναι
3671,100634753,some,337,αἳ
3672,100634755,against,337,πρὸς
3673,100634756,fir,337,ἐλάτης
3674,100634757,backs,337,νῶτ’
3675,100634758,having leaned,337,ἐρείσασαι
3676,100634759,safety,337,φόβην
3677,100634761,others,337,αἳ
3678,100634763,amidst,337,ἐν
3679,100634764,oak,337,δρυὸς
3680,100634765,leaves,337,φύλλοισι
3681,100634766,upon,337,πρὸς
3682,100634767,ground,337,πέδῳ
3683,100634768,heads,337,κάρα
3684,100634769,casually,337,εἰκῇ
3685,100634770,having cast,337,βαλοῦσαι
3686,100634771,with modesty,337,σωφρόνως
3687,100634773,not,337,οὐχ
3688,100634774,as,337,ὡς
3689,100634775,you,337,σὺ
3690,100634776,say,337,φῂς
3691,100634777,drunk,337,ᾠνωμένας
3692,100634778,goblets,337,κρατῆρι
3693,100634779,and,337,καὶ
3694,100634780,lotus,337,λωτοῦ
3695,100634781,noise,337,ψόφῳ
3696,100634782,hunted,337,θηρᾶν
3697,100634783,through,337,καθ’
3698,100634784,forest,337,ὕλην
3699,100634785,Cypria,337,Κύπριν
3700,100634786,while,337,ἠρημωμένας
3701,100634788,And,338,ἡ
3702,100634789,her,338,σὴ
3703,100634790,but,338,δὲ
3704,100634791,mother,338,μήτηρ
3705,100634792,wailed,338,ὠλόλυξεν
3706,100634793,among,338,ἐν
3707,100634794,the middle,338,μέσαις
3708,100634795,standing,338,σταθεῖσα
3709,100634796,Bacchae,338,βάκχαις
3710,100634798,from,338,ἐξ
3711,100634799,sleep,338,ὕπνου
3712,100634800,stir,338,κινεῖν
3713,100634801,body,338,δέμας
3714,100634803,bellowing,338,μυκήμαθ’
3715,100634804,just as,338,ὡς
3716,100634805,heard,338,ἤκουσε
3717,100634806,horn-bearing,338,κεροφόρων
3718,100634807,oxen,338,βοῶν
3719,100634810,And,339,δ’
3720,100634811,having cast off,339,ἀποβαλοῦσαι
3721,100634812,fresh,339,θαλερὸν
3722,100634814,sleep,339,ὕπνον
3723,100634813,of their eyes,339,ὀμμάτων
3724,100634809,they,339,αἳ
3725,100634815,stood,339,ἀνῇξαν
3726,100634816,upright,339,ὀρθαί
3727,100634818,a marvel,339,θαῦμ’
3728,100634819,to behold,339,ἰδεῖν
3729,100634820,,339,εὐκοσμίας
3730,100634822,young,339,νέαι
3731,100634823,and old,339,παλαιαὶ
3732,100634824,maidens,339,παρθένοι
3733,100634826,still,339,ἔτ’
3734,100634827,untouched,339,ἄζυγες
3735,100634830,First,340,πρῶτα
3736,100634832,lowered,340,καθεῖσαν
3737,100634835,hair,340,κόμας
3738,100634834,shoulders,340,ὤμους
3739,100634833,onto,340,εἰς
3740,100634836,fawn-skins,340,νεβρίδας
3741,100634838,drew,340,ἀνεστείλανθ’
3742,100634839,from,340,ὅσαισιν
3743,100634840,knots,340,ἁμμάτων
3744,100634841,fastenings,340,σύνδεσμ’
3745,100634842,had been loosened,340,ἐλέλυτο
3746,100634845,spotted,340,καταστίκτους
3747,100634846,hides,340,δορὰς
3748,100634848,girded,340,κατεζώσαντο
3749,100634847,snakes,340,ὄφεσι
3750,100634849,licking,340,λιχμῶσιν
3751,100634850,chins,340,γένυν
3752,100634852,And,341,αἳ
3753,100634853,those,341,δ’
3754,100634865,who,341,ὅσαις
3755,100634854,in their arms,341,ἀγκάλαισι
3756,100634855,gazelle,341,δορκάδ’
3757,100634856,and,341,ἢ
3758,100634857,wolf,341,σκύμνους
3759,100634858,cubs,341,λύκων
3760,100634859,wolf,341,ἀγρίους
3761,100634860,fed,341,ἔχουσαι
3762,100634861,white,341,λευκὸν
3763,100634863,milk,341,γάλα
3764,100634872,abandoned,341,λιπούσαις
3765,100634871,infants,341,βρέφη
3766,100634866,having recently given birth,341,νεοτόκοις
3767,100634867,breasts,341,μαστὸς
3768,100634868,were,341,ἦν
3769,100634869,flowing,341,σπαργῶν
3770,100634870,still,341,ἔτι
3771,100634874,placed,342,ἐπὶ
3772,100634875,And,342,δ’
3773,100634876,placed,342,ἔθεντο
3774,100634877,ivy,342,κισσίνους
3775,100634878,wreaths,342,στεφάνους
3776,100634879,oak,342,δρυός
3777,100634880,and,342,τε
3778,100634881,bindweed,342,μίλακός
3779,100634882,and,342,τ’
3780,100634883,flowering,342,ἀνθεσφόρου
3781,100634885,thyrsus,343,θύρσον
3782,100634886,but,343,δέ
3783,100634887,Someone,343,τις
3784,100634888,taking,343,λαβοῦσ’
3785,100634889,struck,343,ἔπαισεν
3786,100634890,against,343,ἐς
3787,100634891,rock,343,πέτραν
3788,100634893,from which,343,ὅθεν
3789,100634894,dewy,343,δροσώδης
3790,100634895,of water,343,ὕδατος
3791,100634896,gushed forth,343,ἐκπηδᾷ
3792,100634897,moisture,343,νοτίς
3793,100634899,Another,344,ἄλλη
3794,100634901,rush,344,νάρθηκ’
3795,100634904,has fallen,344,καθῆκε
3796,100634902,to,344,ἐς
3797,100634903,the,344,πέδον
3798,100634905,earth,344,γῆς
3799,100634907,and,344,καὶ
3800,100634908,this,344,τῇδε
3801,100634909,spring,344,κρήνην
3802,100634910,has been burst open,344,ἐξανῆκ’
3803,100634912,god,344,θεός
3804,100634911,wine,344,οἴνου
3805,100634914,those,345,ὅσαις
3806,100634914,women,345,ὅσαις
3807,100634914,whom,345,ὅσαις
3808,100634915,For,345,δὲ
3809,100634916,white,345,λευκοῦ
3810,100634917,wine,345,πώματος
3811,100634918,desire,345,πόθος
3812,100634919,was present,345,παρῆν
3813,100634921,with,345,ἄκροισι
3814,100634921,their,345,ἄκροισι
3815,100634921,fingertips,345,ἄκροισι
3816,100634922,fingertips,345,δακτύλοισι
3817,100634923,squeezed,345,διαμῶσαι
3818,100634924,earth,345,χθόνα
3819,100634925,milk,345,γάλακτος
3820,100634926,swarms,345,ἑσμοὺς
3821,100634927,they held,345,εἶχον
3822,100634927,to be,345,εἶχον
3823,100634936,streams,346,ῥοαί
3824,100634931,ivy,346,κισσίνων
3825,100634932,thyrsi,346,θύρσων
3826,100634933,sweet,346,γλυκεῖαι
3827,100634934,honey,346,μέλιτος
3828,100634935,dripped,346,ἔσταζον
3829,100634929,from,346,ἐκ
3830,100634938,So,347,ὥστ’
3831,100634940,if,347,εἰ
3832,100634941,you were present,347,παρῆσθα
3833,100634943,this,347,τὸν
3834,100634944,god,347,θεὸν
3835,100634945,this,347,τὸν
3836,100634946,now,347,νῦν
3837,100634947,blamed,347,ψέγεις
3838,100634948,with prayers,347,εὐχαῖσιν
3839,100634949,since,347,ἂν
3840,100634950,have come,347,μετῆλθες
3841,100634951,to look upon,347,εἰσιδὼν
3842,100634952,these,347,τάδε
3843,100634954,gathered,348,ξυνήλθομεν
3844,100634955,have,348,δὲ
3845,100634956,herdsmen,348,βουκόλοι
3846,100634957,and,348,καὶ
3847,100634958,shepherds,348,ποιμένες
3848,100634960,common,348,κοινῶν
3849,100634961,words,348,λόγων
3850,100634962,given,348,δώσοντες
3851,100634963,one,348,ἀλλήλοις
3852,100634964,quarrel,348,ἔριν
3853,100634965,in,348,ὡς
3854,100634966,terrible,348,δεινὰ
3855,100634967,perform,348,δρῶσι
3856,100634968,wonders,348,θαυμάτων
3857,100634969,and,348,τ’
3858,100634970,worthy,348,ἐπάξια
3859,100634972,And,349,καί
3860,100634973,a,349,τις
3861,100634974,wanderer,349,πλάνης
3862,100634975,through,349,κατ’
3863,100634976,the,349,ἄστυ
3864,100634977,and,349,καὶ
3865,100634978,beggar,349,τρίβων
3866,100634979,words,349,λόγων
3867,100634980,spoke,349,ἔλεξεν
3868,100634981,to,349,εἰς
3869,100634982,everyone,349,ἅπαντας
3870,100634984,do,350,ὦ
3871,100634985,venerable,350,σεμνὰς
3872,100634986,rocks,350,πλάκας
3873,100634987,Living,350,ναίοντες
3874,100634988,mountains,350,ὀρέων
3875,100634990,wish,350,θέλετε
3876,100634991,hunt,350,θηρασώμεθα
3877,100634992,Pentheus',350,Πενθέως
3878,100634993,Agave,350,Ἀγαύην
3879,100634994,mother,350,μητέρ’
3880,100634995,from,350,ἐκ
3881,100634996,revelries,350,βακχευμάτων
3882,100634997,gift,350,χάριν
3883,100634998,and,350,τ’
3884,100634999,Lord,350,ἄνακτι
3885,100635000,offer,350,θώμεθα
3886,100635003,And,351,δ’
3887,100635006,seemed,351,ἔδοξε
3888,100635002,good,351,εὖ
3889,100635004,to us,351,ἡμῖν
3890,100635005,to speak,351,λέγειν
3891,100635009,and,351,δ’
3892,100635010,we have concealed,351,ἐλλοχίζομεν
3893,100635013,them,351,αὑτούς
3894,100635008,the thickets,351,θάμνων
3895,100635012,hiding,351,κρύψαντες
3896,100635011,from the leaves,351,φόβαις
3897,100635015,And,352,αἳ
3898,100635016,at,352,δὲ
3899,100635017,the,352,τὴν
3900,100635018,appointed,352,τεταγμένην
3901,100635019,hour,352,ὥραν
3902,100635020,began to shake,352,ἐκίνουν
3903,100635021,the thyrsus,352,θύρσον
3904,100635022,for,352,ἐς
3905,100635023,the rites,352,βακχεύματα
3906,100635025,Iacchus,352,Ἴακχον
3907,100635026,calling,352,ἀθρόῳ
3908,100635027,with a loud voice,352,στόματι
3909,100635028,the,352,τὸν
3910,100635029,of Zeus,352,Διὸς
3911,100635030,son,352,γόνον
3912,100635031,Bromius,352,Βρόμιον
3913,100635034,whole,353,πᾶν
3914,100635035,And,353,δὲ
3915,100635036,frenzy,353,συνεβάκχευ’
3916,100635037,mountain,353,ὄρος
3917,100635038,along with,353,καὶ
3918,100635039,beasts,353,θῆρες
3919,100635041,nothing,353,οὐδὲν
3920,100635042,was,353,δ’
3921,100635043,was,353,ἦν
3922,100635044,motionless,353,ἀκίνητον
3923,100635045,rush,353,δρόμῳ
3924,100635047,ruling,354,κυρεῖ
3925,100635048,over,354,δ’
3926,100635049,Agave,354,Ἀγαύη
3927,100635050,near,354,πλησίον
3928,100635051,runs,354,θρῴσκουσά
3929,100635052,me,354,μου
3930,100635054,Ah,355,κα-
3931,100635055,I,355,κἀγὼ
3932,100635055,too,355,κἀγὼ
3933,100635056,jumped,355,’ξεπήδησ’
3934,100635056,out,355,’ξεπήδησ’
3935,100635059,wishing,355,θέλων
3936,100635058,snatch,355,συναρπάσαι
3937,100635058,away,355,συναρπάσαι
3938,100635062,emptied,355,κενώσας
3939,100635061,thicket,355,λόχμην
3940,100635063,where,355,ἔνθ’
3941,100635064,hidden,355,ἐκρυπτόμην
3942,100635065,body,355,δέμας
3943,100635067,she,356,ἣ
3944,100635068,And,356,δ’
3945,100635069,cried,356,ἀνεβόησεν
3946,100635071,Oh,357,ὦ
3947,100635072,running,357,δρομάδες
3948,100635074,dogs,357,κύνες
3949,100635073,yours,357,ἐμαὶ
3950,100635076,let us hunt,357,θηρώμεθ’
3951,100635078,these,357,τῶνδ’
3952,100635077,men,357,ἀνδρῶν
3953,100635081,But,358,ἀλλ’
3954,100635082,follow,358,ἕπεσθέ
3955,100635083,me,358,μοι
3956,100635085,follow,358,ἕπεσθε
3957,100635083,me,358,μοι
3958,100635086,thyrsi,358,θύρσοις
3959,100635087,through,358,διὰ
3960,100635088,hands,358,χερῶν
3961,100635089,armed,358,ὡπλισμέναι
3962,100635091,We,359,ἡμεῖς
3963,100635092,therefore,359,μὲν
3964,100635093,therefore,359,οὖν
3965,100635094,fled,359,φεύγοντες
3966,100635095,came,359,ἐξηλύξαμεν
3967,100635096,Bacchae,359,βακχῶν
3968,100635097,frenzy,359,σπαραγμόν
3969,100635099,to,359,αἳ
3970,100635100,to,359,δὲ
3971,100635101,grazing,359,νεμομέναις
3972,100635102,grass,359,χλόην
3973,100635103,heifers,359,μόσχοις
3974,100635104,came,359,ἐπῆλθον
3975,100635105,hands,359,χειρὸς
3976,100635106,iron,359,ἀσιδήρου
3977,100635107,with,359,μέτα
3978,100635109,And,360,καὶ
3979,100635110,that,360,τὴν
3980,100635111,one,360,μὲν
3981,100635112,straight-timbered,360,ἂν
3982,100635113,carry,360,προσεῖδες
3983,100635114,pine,360,εὔθηλον
3984,100635115,crying,360,πόριν
3985,100635116,out,360,μυκωμένην
3986,100635117,your,360,ἔχουσαν
3987,100635118,hands,360,ἐν
3988,100635119,without,360,χεροῖν
3989,100635122,others,360,ἄλλαι
3990,100635123,but,360,δὲ
3991,100635124,heifers,360,δαμάλας
3992,100635125,carried,360,διεφόρουν
3993,100635126,limbs,360,σπαράγμασιν
3994,100635128,seen,361,εἶδες
3995,100635129,then,361,δ’
3996,100635130,how,361,ἂν
3997,100635131,we,361,ἢ
3998,100635132,two-wheeled,361,πλεύρ’
3999,100635134,tub,361,δίχηλον
4000,100635136,cast,361,ῥιπτόμεν’
4001,100635137,air,361,ἄνω
4002,100635138,both,361,τε
4003,100635139,and,361,καὶ
4004,100635140,down,361,κάτω
4005,100635143,And,362,δὲ
4006,100635144,stood,362,ἔσταζ’
4007,100635142,suspended,362,κρεμαστὰ
4008,100635145,under,362,ὑπ’
4009,100635146,fir,362,ἐλάταις
4010,100635147,smeared,362,ἀναπεφυρμέν’
4011,100635148,blood,362,αἵματι
4012,100635150,bulls,363,ταῦροι
4013,100635151,But,363,δ’
4014,100635152,bullies,363,ὑβρισταὶ
4015,100635153,with,363,κα-
4016,100635154,with,363,κἀς
4017,100635155,horns,363,κέρας
4018,100635156,full of fury,363,θυμούμενοι
4019,100635159,struck,363,ἐσφάλλοντο
4020,100635162,bodies,363,δέμας
4021,100635160,against,363,πρὸς
4022,100635161,earth,363,γαῖαν
4023,100635158,before,363,πρόσθεν
4024,100635166,being led,363,ἀγόμενοι
4025,100635164,countless,363,μυριάσι
4026,100635165,hands,363,χειρῶν
4027,100635167,maidens,363,νεανίδων
4028,100635169,constantly,364,θᾶσσον
4029,100635170,rather,364,δὲ
4030,100635171,bringing,364,διεφοροῦντο
4031,100635172,flesh,364,σαρκὸς
4032,100635173,put,364,ἐνδυτὰ
4033,100635174,than,364,ἢ
4034,100635175,your,364,σὲ
4035,100635176,joining,364,ξυνάψαι
4036,100635177,eyelids,364,βλέφαρα
4037,100635178,royal,364,βασιλείοις
4038,100635179,maidens,364,κόραις
4039,100635181,move,365,χωροῦσι
4040,100635182,as,365,δ’
4041,100635183,as,365,ὥστ’
4042,100635184,birds,365,ὄρνιθες
4043,100635185,having risen,365,ἀρθεῖσαι
4044,100635186,running,365,δρόμῳ
4045,100635187,plains',365,πεδίων
4046,100635188,slopes,365,ὑποτάσεις
4047,100635190,which,365,αἳ
4048,100635191,by,365,παρ’
4049,100635192,Asopus,365,Ἀσωποῦ
4050,100635193,streams,365,ῥοαῖς
4051,100635194,fruitful,365,εὔκαρπον
4052,100635195,cast forth,365,ἐκβάλλουσι
4053,100635196,Thebans,365,Θηβαίων
4054,100635197,ear,365,στάχυν
4055,100635199,Hyasians,366,Ὑσιάς
4056,100635200,and,366,τ’
4057,100635201,Erythraeans,366,Ἐρυθράς
4058,100635204,who,366,αἳ
4059,100635204,dwell,366,αἳ
4060,100635205,beneath,366,Κιθαιρῶνος
4061,100635206,the,366,λέπας
4062,100635206,crag,366,λέπας
4063,100635205,of,366,Κιθαιρῶνος
4064,100635205,Cithaeron,366,Κιθαιρῶνος
4065,100635207,beneath,366,νέρθεν
4066,100635208,were,366,κατῳκήκασιν
4067,100635208,such,366,κατῳκήκασιν
4068,100635208,that,366,κατῳκήκασιν
4069,100635213,when,366,ἐπεσπεσοῦσαι
4070,100635213,they,366,ἐπεσπεσοῦσαι
4071,100635213,had,366,ἐπεσπεσοῦσαι
4072,100635213,rushed,366,ἐπεσπεσοῦσαι
4073,100635213,upon,366,ἐπεσπεσοῦσαι
4074,100635214,them,366,πάντ’
4075,100635214,everything,366,πάντ’
4076,100635215,up,366,ἄνω
4077,100635216,and,366,τε
4078,100635217,and,366,καὶ
4079,100635218,down,366,κάτω
4080,100635219,were,366,διέφερον
4081,100635219,carrying,366,διέφερον
4082,100635219,through,366,διέφερον
4083,100635221,snatching,367,ἥρπαζον
4084,100635222,the,367,μὲν
4085,100635223,from,367,ἐκ
4086,100635224,houses,367,δόμων
4087,100635225,children,367,τέκνα
4088,100635227,as many things as,368,ὁπόσα
4089,100635228,However,368,δ’
4090,100635229,upon,368,ἐπ’
4091,100635230,shoulders,368,ὤμοις
4092,100635231,placed,368,ἔθεσαν
4093,100635233,did not,368,οὐ
4094,100635234,bondage,368,δεσμῶν
4095,100635235,of,368,ὕπο
4096,100635236,bring forth,368,προσείχετ’
4097,100635237,nor,368,οὐ
4098,100635239,fall,368,ἔπιπτεν
4099,100635240,to,368,ἐς
4100,100635241,dark,368,μέλαν
4101,100635242,ground,368,πέδον
4102,100635244,neither,368,οὐ
4103,100635245,bronze,368,χαλκός
4104,100635247,nor,368,οὐ
4105,100635248,iron,368,σίδηρος
4106,100635253,fire,369,πῦρ
4107,100635254,brought,369,ἔφερον
4108,100635252,locks,369,βοστρύχοις
4109,100635250,upon,369,ἐπὶ
4110,100635251,but,369,δὲ
4111,100635258,burn,369,ἔκαιεν
4112,100635256,not,369,οὐ
4113,100635260,they,370,οἳ
4114,100635261,But,370,δ’
4115,100635262,anger,370,ὀργῆς
4116,100635263,driven,370,ὕπο
4117,100635264,into,370,ἐς
4118,100635265,arms,370,ὅπλ’
4119,100635266,marched,370,ἐχώρουν
4120,100635267,carried,370,φερόμενοι
4121,100635268,Bacchants,370,βακχῶν
4122,100635269,by,370,ὕπο
4123,100635271,This,371,οὗπερ
4124,100635272,the,371,τὸ
4125,100635273,fearful,371,δεινὸν
4126,100635274,was,371,ἦν
4127,100635275,spectacle,371,θέαμ’
4128,100635276,behold,371,ἰδεῖν
4129,100635278,lord,371,ἄναξ
4130,100635282,For,372,γὰρ
4131,100635280,they,372,τοῖς
4132,100635283,not,372,οὐχ
4133,100635284,strike,372,ᾕμασσε
4134,100635285,spear-pointed,372,λογχωτὸν
4135,100635286,dart,372,βέλος
4136,100635289,but,372,δὲ
4137,100635288,those,372,κεῖναι
4138,100635297,women,372,γυναῖκες
4139,100635291,having drawn back,372,ἐξανιεῖσαι
4140,100635290,their,372,θύρσους
4141,100635292,thyrsi,372,χερῶν
4142,100635293,wounded,372,ἐτραυμάτιζον
4143,100635298,men,372,ἄνδρας
4144,100635296,as they fled,372,φυγῇ
4145,100635294,and,372,κα-
4146,100635295,struck,372,κἀπενώτιζον
4147,100635281,them,372,μὲν
4148,100635300,not,372,οὐκ
4149,100635301,without,372,ἄνευ
4150,100635302,some,372,θεῶν
4151,100635303,god's,372,τινος
4152,100635287,",",372,","
4153,100635299,",",372,","
4154,100635304,.,372,.
4155,100635305,again,373,πάλιν
4156,100635306,And,373,δ’
4157,100635307,retreated,373,ἐχώρουν
4158,100635308,from,373,ὅθεν
4159,100635309,place,373,ἐκίνησαν
4160,100635310,foot,373,πόδα
4161,100635312,springs,373,κρήνας
4162,100635313,to,373,ἐπ’
4163,100635315,which,373,ἃς
4164,100635316,opened,373,ἀνῆκ’
4165,100635318,god,373,θεός
4166,100635316,way,373,ἀνῆκ’
4167,100635333,him,375,τὸν
4168,100635334,god,375,δαίμον’
4169,100635335,So,375,οὖν
4170,100635336,this,375,τόνδ’
4171,100635337,whoever,375,ὅστις
4172,100635338,may be,375,ἔστ’
4173,100635340,O,375,ὦ
4174,100635341,master,375,δέσποτα
4175,100635343,welcome,375,δέχου
4176,100635344,city,375,πόλει
4177,100635345,this,375,τῇδ’
4178,100635347,Such,376,ὡς
4179,100635348,is,376,τά
4180,100635349,the,376,τ’
4181,100635350,other,376,ἄλλ’
4182,100635351,things,376,ἐστὶν
4183,100635352,greatness,376,μέγας
4184,100635354,and,376,κα-
4185,100635355,they,376,κἀκεῖνό
4186,100635356,say,376,φασιν
4187,100635357,that,376,αὐτόν
4188,100635359,he,376,ὡς
4189,100635360,too,376,ἐγὼ
4190,100635361,gives,376,κλύω
4191,100635363,to,376,τὴν
4192,100635364,men,376,παυσίλυπον
4193,100635365,the,376,ἄμπελον
4194,100635366,pain-stopping,376,δοῦναι
4195,100635367,vine,376,βροτοῖς
4196,100635359,as,376,ὡς
4197,100635360,I,376,ἐγὼ
4198,100635361,hear,376,κλύω
4199,100635369,wine,377,οἴνου
4200,100635370,But,377,δὲ
4201,100635371,no longer,377,μηκέτ’
4202,100635372,present,377,ὄντος
4203,100635373,no,377,οὐκ
4204,100635374,is,377,ἔστιν
4205,100635375,Venus,377,Κύπρις
4206,100635376,no,377,οὐ
4207,100635377,nor,377,-δ’
4208,100635378,other,377,ἄλλο
4209,100635379,pleasure,377,τερπνὸν
4210,100635380,any,377,οὐδὲν
4211,100635381,people,377,ἀνθρώποις
4212,100635382,at all,377,ἔτι
4213,100635384,fear,378,ταρβῶ
4214,100635385,I,378,μὲν
4215,100635386,speak,378,εἰπεῖν
4216,100635387,words,378,τοὺς
4217,100635388,free,378,λόγους
4218,100635389,words,378,ἐλευθέρους
4219,100635390,to,378,πρὸς
4220,100635391,tyrant,378,τὸν
4221,100635392,tyrant,378,τύραννον
4222,100635394,but,378,ἀλλ’
4223,100635395,nevertheless,378,ὅμως
4224,100635396,spoken,378,εἰρήσεται
4225,100635398,Dionysus,379,Διόνυσος
4226,100635399,inferior,379,ἥσσων
4227,100635400,no,379,οὐδενὸς
4228,100635401,god,379,θεῶν
4229,100635402,born,379,ἔφυ
4230,100635404,Already,380,ἤδη
4231,100635405,this,380,τόδ’
4232,100635406,near,380,ἐγγὺς
4233,100635407,so that,380,ὥστε
4234,100635408,fire,380,πῦρ
4235,100635411,bacchants',380,βακχῶν
4236,100635410,outrage,380,ὕβρισμα
4237,100635409,is kindled,380,ὑφάπτεται
4238,100635413,reproach,380,ψόγος
4239,100635416,great,380,μέγας
4240,100635414,against,380,ἐς
4241,100635415,Greeks,380,Ἕλληνας
4242,100635418,But,381,ἀλλ’
4243,100635419,not,381,οὐκ
4244,100635420,hesitate,381,ὀκνεῖν
4245,100635421,must,381,δεῖ
4246,100635423,Go,382,στεῖχ’
4247,100635424,to,382,ἐπ’
4248,100635425,Electra,382,Ἠλέκτρας
4249,100635426,the,382,ἰὼν
4250,100635427,gates,382,πύλας
4251,100635429,Order,383,κέλευε
4252,100635430,all,383,πάντας
4253,100635431,spear-bearers,383,ἀσπιδηφόρους
4254,100635433,and,383,τ’
4255,100635434,all,383,ἀπαντᾶν
4256,100635435,swift-footed,383,ταχυπόδων
4257,100635436,riders,383,ἐπεμβάτας
4258,100635432,horses,383,ἵππων
4259,100635438,and,383,θ’
4260,100635439,all,383,ὅσοι
4261,100635437,shield-bearers,383,πέλτας
4262,100635439,who,383,ὅσοι
4263,100635440,wield,383,πάλλουσι
4264,100635441,and,383,καὶ
4265,100635447,so,383,ὡς
4266,100635442,bows,383,τόξων
4267,100635443,with,383,χερὶ
4268,100635444,pluck,383,ψάλλουσι
4269,100635445,strings,383,νευράς
4270,100635447,that,383,ὡς
4271,100635448,march,383,ἐπιστρατεύσομεν
4272,100635449,Bacchants,383,βάκχαισιν
4273,100635451,No,384,οὐ
4274,100635452,for,384,γὰρ
4275,100635454,exceed,384,ὑπερβάλλει
4276,100635455,these,384,τάδε
4277,100635457,if,384,εἰ
4278,100635458,from,384,πρὸς
4279,100635459,women,384,γυναικῶν
4280,100635460,suffer,384,πεισόμεσθ’
4281,100635461,anything,384,ἃ
4282,100635462,suffer,384,πάσχομεν
4283,100635461,what,384,ἃ
4284,100635462,suffer,384,πάσχομεν
4285,100635464,persuade,385,πείθῃ
4286,100635465,not,385,μὲν
4287,100635466,not,385,οὐδέν
4288,100635468,by,385,τῶν
4289,100635469,my,385,ἐμῶν
4290,100635470,words,385,λόγων
4291,100635471,listening,385,κλύων
4292,100635473,Pentheus,385,Πενθεῦ
4293,100635479,Suffering,386,πάσχων
4294,100635475,wrongly,386,κακῶς
4295,100635477,towards,386,πρὸς
4296,100635478,you,386,σέθεν
4297,100635480,however,386,ὅμως
4298,100635482,I,386,φημι
4299,100635481,not,386,οὔ
4300,100635482,say,386,φημι
4301,100635484,you,386,σ’
4302,100635483,ought,386,χρῆναί
4303,100635486,lift,386,ἐπαίρεσθαι
4304,100635485,weapons,386,ὅπλ’
4305,100635487,the god,386,θεῷ
4306,100635489,but,386,ἀλλ’
4307,100635490,to be still,386,ἡσυχάζειν
4308,100635492,Bromius,387,Βρόμιος
4309,100635493,not,387,οὐκ
4310,100635494,tolerate,387,ἀνέξεται
4311,100635495,moving,387,κινοῦντα
4312,100635496,Bacchae,387,βάκχας
4313,100635497,you,387,σ’
4314,100635498,him,387,εὐίων
4315,100635499,mountain,387,ὀρῶν
4316,100635500,from,387,ἄπο
4317,100635502,not,388,οὐ
4318,100635503,not,388,μὴ
4319,100635504,drive,388,φρενώσεις
4320,100635505,me,388,μ’
4321,100635504,mad,388,φρενώσεις
4322,100635507,but,388,ἀλλὰ
4323,100635508,prisoner,388,δέσμιος
4324,100635509,escape,388,φυγὼν
4325,100635510,save,388,σῴσῃ
4326,100635511,this,388,τόδ’
4327,100635513,Shall,389,ἢ
4328,100635514,you,389,σοὶ
4329,100635515,back,389,πάλιν
4330,100635516,turn,389,ἀναστρέψω
4331,100635517,judgment,389,δίκην
4332,100635519,sacrifice,390,θύοιμ’
4333,100635520,would,390,ἂν
4334,100635521,him,390,αὐτῷ
4335,100635524,in a rage,390,θυμούμενος
4336,100635525,to,390,πρὸς
4337,100635526,goads,390,κέντρα
4338,100635527,kick,390,λακτίζοιμι
4339,100635528,mortal,390,θνητὸς
4340,100635529,as,390,ὢν
4341,100635530,a god,390,θεῷ
4342,100635532,sacrifice,391,θύσω
4343,100635534,murder,391,φόνον
4344,100635535,indeed,391,γε
4345,100635536,female,391,θῆλυν
4346,100635538,just,391,ὥσπερ
4347,100635539,worthy,391,ἄξιαι
4348,100635541,much,391,πολὺν
4349,100635542,caused,391,ταράξας
4350,100635543,in,391,ἐν
4351,100635544,Cithaeron,391,Κιθαιρῶνος
4352,100635545,folds,391,πτυχαῖς
4353,100635547,flee,392,φεύξεσθε
4354,100635548,all,392,πάντες
4355,100635550,And,393,καὶ
4356,100635551,this,393,τόδ’
4357,100635552,shameful,393,αἰσχρόν
4358,100635554,shields,393,ἀσπίδας
4359,100635555,thyrsi,393,θύρσοισι
4360,100635556,Bacchae,393,βακχῶν
4361,100635557,turn,393,ἐκτρέπειν
4362,100635558,bronze-beaten,393,χαλκηλάτους
4363,100635559,at,394,ἀπόρῳ
4364,100635560,a,394,γε
4365,100635561,loss,394,τῷδε
4366,100635562,with,394,συμπεπλέγμεθα
4367,100635563,this,394,ξένῳ
4368,100635564,stranger,394,","
4369,100635566,who,394,οὔ
4370,100635567,will,394,-τε
4371,100635568,not,394,πάσχων
4372,100635569,keep,394,οὔ
4373,100635570,silent,394,-τε
4374,100635571,whether,394,δρῶν
4375,100635572,he,394,σιγήσεται
4376,100635573,is,394,.
4377,100635560,suffering,394,γε
4378,100635561,or,394,τῷδε
4379,100635562,doing,394,συμπεπλέγμεθα
4380,100635563,anything,394,ξένῳ
4381,100635574,Oh,395,ὦ
4382,100635575,woman,395,τᾶν
4383,100635577,if,395,ἔτ’
4384,100635578,is,395,ἔστιν
4385,100635579,well,395,εὖ
4386,100635580,arrange,395,καταστῆσαι
4387,100635581,these,395,τάδε
4388,100635583,What,396,τί
4389,100635584,doing,396,δρῶντα
4390,100635586,enslaved,397,δουλεύοντα
4391,100635587,chains,397,δουλείαις
4392,100635588,own,397,ἐμαῖς
4393,100635590,I,398,ἐγὼ
4394,100635591,women,398,γυναῖκας
4395,100635592,here,398,δεῦρ’
4396,100635593,weapons,398,ὅπλων
4397,100635594,lead,398,ἄξω
4398,100635595,without,398,δίχα
4399,100635597,Alas,399,οἴμοι
4400,100635600,Already,400,ἤδη
4401,100635599,this,400,τόδ’
4402,100635601,treacherous,400,δόλιον
4403,100635604,scheme,400,μηχανᾷ
4404,100635602,against,400,ἔς
4405,100635603,me,400,με
4406,100635606,What,401,ποῖόν
4407,100635607,sort,401,τι
4408,100635609,save,401,σῷσαί
4409,100635610,you,401,σ’
4410,100635611,wish,401,εἰ
4411,100635612,wish,401,θέλω
4412,100635613,arts,401,τέχναις
4413,100635614,my,401,ἐμαῖς
4414,100635616,join,402,ξυνέθεσθε
4415,100635617,common,402,κοινῇ
4416,100635618,custom,402,τάδ’
4417,100635620,so,402,ἵνα
4418,100635621,be,402,βακχεύητ’
4419,100635622,always,402,ἀεί
4420,100635624,And,403,καὶ
4421,100635625,indeed,403,μὴν
4422,100635626,made a compact agreement,403,ξυνεθέμην
4423,100635628,this,403,τοῦτό
4424,100635629,at least,403,γ’
4425,100635632,with the,403,τῷ
4426,100635633,god,403,θεῷ
4427,100635635,Bring,404,ἐκφέρετέ
4428,100635638,weapons,404,ὅπλα
4429,100635637,here,404,δεῦρ’
4430,100635636,to me,404,μοι
4431,100635640,you,404,σὺ
4432,100635642,stop,404,παῦσαι
4433,100635643,speaking,404,λέγων
4434,100635647,wish,406,βούλῃ
4435,100635648,them,406,σφ’
4436,100635649,in,406,ἐν
4437,100635650,mountains,406,ὄρεσι
4438,100635651,seated,406,συγκαθημένας
4439,100635652,see,406,ἰδεῖν
4440,100635654,Most,407,μάλιστα
4441,100635656,of,407,μυρίον
4442,100635657,all,407,γε
4443,100635658,giving,407,δοὺς
4444,100635656,weight,407,μυρίον
4445,100635659,of,407,χρυσοῦ
4446,100635660,ten,407,σταθμόν
4447,100635659,thousand,407,χρυσοῦ
4448,100635663,But,408,δ’
4449,100635664,into,408,εἰς
4450,100635662,what,408,τί
4451,100635668,great,408,μέγαν
4452,100635665,love,408,ἔρωτα
4453,100635667,have you fallen,408,πέπτωκας
4454,100635670,hateful,409,λυπρῶς
4455,100635671,them,409,νιν
4456,100635672,see,409,εἰσίδοιμ’
4457,100635673,May,409,ἂν
4458,100635674,outside,409,ἐξῳνωμένας
4459,100635676,Nevertheless,410,ὅμως
4460,100635677,would,410,δ’
4461,100635678,see,410,ἴδοις
4462,100635679,would,410,ἂν
4463,100635680,sweetly,410,ἡδέως
4464,100635681,this,410,ἅ
4465,100635682,yourself,410,σοι
4466,100635683,pleasantly,410,πικρά
4467,100635685,clearly,411,σάφ’
4468,100635686,Know,411,ἴσθι
4469,100635687,this,411,","
4470,100635688,silence,411,σιγῇ
4471,100635689,sitting,411,γ’
4472,100635690,beneath,411,ὑπ’
4473,100635691,firs,411,ἐλάταις
4474,100635692,in,411,καθήμενος
4475,100635694,But,412,ἀλλ’
4476,100635695,will track,412,ἐξιχνεύσουσίν
4477,100635695,down,412,ἐξιχνεύσουσίν
4478,100635696,you,412,σε
4479,100635699,even,412,κἂν
4480,100635699,if,412,κἂν
4481,100635700,you,412,ἔλθῃς
4482,100635700,come,412,ἔλθῃς
4483,100635701,secretly,412,λάθρᾳ
4484,100635703,But,413,ἀλλ’
4485,100635704,clearly,413,ἐμφανῶς
4486,100635707,For,414,γὰρ
4487,100635708,spoken,414,ἐξεῖπας
4488,100635706,well,414,καλῶς
4489,100635709,things,414,τάδε
4490,100635711,Let,415,ἄγωμεν
4491,100635712,then,415,οὖν
4492,100635713,you,415,σε
4493,100635714,and,415,κα-
4494,100635715,set,415,κἀπιχειρήσεις
4495,100635716,journey,415,ὁδῷ
4496,100635718,Come,416,ἄγ’
4497,100635719,as,416,ὡς
4498,100635720,quickly,416,τάχιστα
4499,100635722,of,416,τοῦ
4500,100635723,time,416,χρόνου
4501,100635724,then,416,δέ
4502,100635725,you,416,σοι
4503,100635726,jealous,416,φθονῶ
4504,100635728,send,417,στεῖλαί
4505,100635729,Now,417,νυν
4506,100635730,around,417,ἀμφὶ
4507,100635731,skin,417,χρωτὶ
4508,100635732,purple-dyed,417,βυσσίνους
4509,100635733,robes,417,πέπλους
4510,100635735,What,418,τί
4511,100635736,is,418,δὴ
4512,100635737,this,418,τόδ’
4513,100635736,then,418,δὴ
4514,100635739,To,419,ἐς
4515,100635740,women,419,γυναῖκας
4516,100635741,from,419,ἐξ
4517,100635742,a,419,ἀνδρὸς
4518,100635742,man,419,ἀνδρὸς
4519,100635743,paid,419,τελῶ
4520,100635745,Do,420,μή
4521,100635746,you,420,σε
4522,100635747,kill,420,κτάνωσιν
4523,100635749,if,420,ἢν
4524,100635750,a,420,ἀνὴρ
4525,100635751,man,420,ὀφθῇς
4526,100635751,has,420,ὀφθῇς
4527,100635751,been,420,ὀφθῇς
4528,100635751,seen,420,ὀφθῇς
4529,100635752,there,420,ἐκεῖ
4530,100635754,Well,421,εὖ
4531,100635755,very,421,γ’
4532,100635756,spoken,421,εἶπας
4533,100635757,you,421,αὖ
4534,100635758,this,421,τόδ’
4535,100635760,As,422,ὥς
4536,100635761,someone,422,τις
4537,100635762,were,422,εἶ
4538,100635764,wise,422,σοφός
4539,100635763,long ago,422,πάλαι
4540,100635766,Dionysus,423,Διόνυσος
4541,100635767,us,423,ἡμᾶς
4542,100635768,strangers,423,ἐξεμούσωσεν
4543,100635769,these,423,τάδε
4544,100635771,How,424,πῶς
4545,100635772,then,424,οὖν
4546,100635773,could it be,424,γένοιτ’
4547,100635774,that,424,ἂν
4548,100635775,you,424,ἃ
4549,100635777,me,424,με
4550,100635778,admonishing,424,νουθετεῖς
4551,100635779,well,424,καλῶς
4552,100635781,I,425,ἐγὼ
4553,100635782,will send,425,στελῶ
4554,100635783,you,425,σε
4555,100635784,house,425,δωμάτων
4556,100635785,inside,425,ἔσω
4557,100635788,What,426,τίνα
4558,100635789,garment,426,στολήν
4559,100635791,A,427,ἦ
4560,100635792,female,427,θῆλυν
4561,100635794,But,428,ἀλλ’
4562,100635795,shame,428,αἰδώς
4563,100635796,me,428,μ’
4564,100635797,holds,428,ἔχει
4565,100635799,no longer,429,οὐκέτι
4566,100635800,spectator,429,θεατὴς
4567,100635801,maenads,429,μαινάδων
4568,100635802,willing,429,πρόθυμος
4569,100635803,am,429,εἶ
4570,100635805,garment,430,στολὴν
4571,100635806,Do,430,δὲ
4572,100635807,someone,430,τίνα
4573,100635808,say,430,φῂς
4574,100635809,over,430,ἀμφὶ
4575,100635810,skin,430,χρῶτ’
4576,100635811,my,430,ἐμὸν
4577,100635812,throw,430,βαλεῖν
4578,100635820,Stretch,431,ἐκτενῶ
4579,100635817,your,431,σῷ
4580,100635819,long,431,ταναὸν
4581,100635814,hair,431,κόμην
4582,100635816,over,431,ἐπὶ
4583,100635815,your,431,μὲν
4584,100635818,head,431,κρατὶ
4585,100635822,the,432,τὸ
4586,100635823,second,432,δεύτερον
4587,100635824,then,432,δὲ
4588,100635825,form,432,σχῆμα
4589,100635826,of,432,τοῦ
4590,100635827,the universe,432,κόσμου
4591,100635828,What,432,τί
4592,100635829,for me,432,μοι
4593,100635831,Robes,433,πέπλοι
4594,100635832,reach,433,ποδήρεις
4595,100635836,And,434,δ’
4596,100635834,upon,434,ἐπὶ
4597,100635835,head,434,κάρᾳ
4598,100635837,will be,434,ἔσται
4599,100635838,a fillet,434,μίτρα
4600,100635841,And,435,καί
4601,100635846,will you add,435,προσθήσεις
4602,100635842,anything,435,τι
4603,100635845,else,435,ἄλλο
4604,100635843,to,435,πρὸς
4605,100635844,these,435,τοῖσδ’
4606,100635847,me,435,ἐμοί
4607,100635849,thyrse,436,θύρσον
4608,100635850,indeed,436,γε
4609,100635851,hand,436,χειρὶ
4610,100635852,and,436,καὶ
4611,100635853,fawn,436,νεβροῦ
4612,100635854,speckled,436,στικτὸν
4613,100635855,hide,436,δέρας
4614,100635857,not,437,οὐκ
4615,100635858,would,437,ἂν
4616,100635859,be able,437,δυναίμην
4617,100635859,I,437,δυναίμην
4618,100635860,woman's,437,θῆλυν
4619,100635861,put on,437,ἐνδῦναι
4620,100635862,gown,437,στολήν
4621,100635864,But,438,ἀλλ’
4622,100635865,blood,438,αἷμα
4623,100635866,shed,438,θήσεις
4624,100635867,engaging,438,συμβαλὼν
4625,100635868,with,438,βάκχαις
4626,100635869,battle,438,μάχην
4627,100635866,will,438,θήσεις
4628,100635871,Correctly,439,ὀρθῶς
4629,100635874,necessary,440,χρὴ
4630,100635873,go,440,μολεῖν
4631,100635875,first,440,πρῶτον
4632,100635876,for,440,εἰς
4633,100635877,reconnaissance,440,κατασκοπήν
4634,100635879,wiser,441,σοφώτερον
4635,100635880,Therefore,441,γοῦν
4636,100635881,,441,ἢ
4637,100635882,bad,441,κακοῖς
4638,100635883,hunt,441,θηρᾶν
4639,100635884,things,441,κακά
4640,100635886,And,442,καὶ
4641,100635887,how,442,πῶς
4642,100635888,past,442,δι’
4643,100635889,city,442,ἄστεως
4644,100635890,am,442,εἶμι
4645,100635891,Cadmeans,442,Καδμείους
4646,100635892,slipped,442,λαθών
4647,100635894,Roads,443,ὁδοὺς
4648,100635895,desolate,443,ἐρήμους
4649,100635896,go,443,ἴμεν
4650,100635898,I,444,ἐγὼ
4651,100635900,lead,444,ἡγήσομαι
4652,100635899,And,444,δ’
4653,100635902,Everything,445,πᾶν
4654,100635903,better,445,κρεῖσσον
4655,100635904,than,445,ὥστε
4656,100635905,announcing,445,μὴ
4657,100635906,announcing,445,’γγελᾶν
4658,100635907,the,445,βάκχας
4659,100635908,me,445,ἐμοί
4660,100635910,Having come,446,ἐλθόντ’
4661,100635911,into,446,ἐς
4662,100635912,the house,446,οἴκους
4663,100635913,what,446,G?
4664,100635914,seems,446,ἃν
4665,100635915,good,446,δοκῇ
4666,100635916,I will deliberate,446,βουλεύσομαι
4667,100635918,permitted,447,ἔξεστι
4668,100635920,everywhere,448,πάντῃ
4669,100635921,I,448,τό
4670,100635923,I,448,ἐμὸν
4671,100635924,at hand,448,εὐτρεπὲς
4672,100635925,at hand,448,πάρα
4673,100635927,be,449,στείχοιμ’
4674,100635927,on,449,στείχοιμ’
4675,100635927,my,449,στείχοιμ’
4676,100635927,way,449,στείχοιμ’
4677,100635928,would,449,ἄν
4678,100635931,For,450,γὰρ
4679,100635932,armed,450,ὅπλ’
4680,100635933,armed,450,ἔχων
4681,100635934,go,450,πορεύσομαι
4682,100635935,and,450,ἢ
4683,100635938,obey,450,πείσομαι
4684,100635936,your,450,τοῖσι
4685,100635937,your,450,σοῖσι
4686,100635939,plans,450,βουλεύμασιν
4687,100635941,Women,451,γυναῖκες
4688,100635943,a man,451,ἁνὴρ
4689,100635944,into,451,ἐς
4690,100635945,a net,451,βόλον
4691,100635946,is being placed,451,καθίσταται
4692,100635948,he will bring,451,ἥξει
4693,100635949,and,451,δὲ
4694,100635950,Bacchants,451,βάκχας
4695,100635949,and,451,δὲ
4696,100635952,not,451,οὗ
4697,100635954,pay,451,δώσει
4698,100635955,the penalty,451,δίκην
4699,100635953,by dying,451,θανὼν
4700,100635957,Dionysus,452,Διόνυσε
4701,100635959,now,452,νῦν
4702,100635960,your,452,σὸν
4703,100635961,work,452,ἔργον
4704,100635963,not,453,οὐ
4705,100635964,For,453,γὰρ
4706,100635965,am,453,εἶ
4707,100635966,forward,453,πρόσω
4708,100635968,punish,454,τεισώμεθ’
4709,100635969,him,454,αὐτόν
4710,100635971,First,455,πρῶτα
4711,100635972,,455,δ’
4712,100635973,stand apart,455,ἔκστησον
4713,100635974,thoughts,455,φρενῶν
4714,100635976,bring,455,ἐνεὶς
4715,100635977,light,455,ἐλαφρὰν
4716,100635978,madness,455,λύσσαν
4717,100635980,As,456,ὡς
4718,100635981,thinks,456,φρονῶν
4719,100635982,well,456,μὲν
4720,100635983,well,456,εὖ
4721,100635984,not,456,οὐ
4722,100635985,not,456,μὴ
4723,100635986,wish,456,θελήσῃ
4724,100635987,woman's,456,θῆλυν
4725,100635988,put on,456,ἐνδῦναι
4726,100635989,robe,456,στολήν
4727,100635991,dressed,456,ἔξω
4728,100635992,but,456,δ’
4729,100635993,one,456,ἐλαύνων
4730,100635994,who,456,τοῦ
4731,100635995,thinks,456,φρονεῖν
4732,100635996,will be dressed,456,ἐνδύσεται
4733,100635998,demands,457,χρῄζω
4734,100635999,that,457,δέ
4735,100636000,he,457,νιν
4736,100636003,owe,457,ὀφλεῖν
4737,100636001,laughter,457,γέλωτα
4738,100636004,woman-shaped,457,γυναικόμορφον
4739,100636005,being,457,ἀγόμενον
4740,100636006,through,457,δι’
4741,100636007,city,457,ἄστεως
4742,100636008,from,457,ἐκ
4743,100636009,the,457,τῶν
4744,100636010,threats,457,ἀπειλῶν
4745,100636011,that,457,τῶν
4746,100636012,were,457,πρίν
4747,100636014,before,457,αἷσι
4748,100636015,terrible,457,δεινὸς
4749,100636016,was,457,ἦν
4750,100636018,But,458,ἀλλ’
4751,100636019,am,458,εἶμι
4752,100636025,going,458,ἄπεισι
4753,100636020,decoration,458,κόσμον
4754,100636021,that,458,ὅνπερ
4755,100636024,have taken,458,λαβὼν
4756,100636022,to,458,εἰς
4757,100636023,Hades,458,Ἅιδου
4758,100636029,slaughtered,458,κατασφαγείς
4759,100636026,mother's,458,μητρὸς
4760,100636027,by,458,ἐκ
4761,100636028,hands,458,χεροῖν
4762,100636032,join,458,προσάψων
4763,100636031,Pentheus,458,Πενθεῖ
4764,100636034,known,459,γνώσεται
4765,100636035,but,459,δὲ
4766,100636036,son,459,τὸν
4767,100636037,Zeus,459,Διὸς
4768,100636038,Dionysus,459,Διόνυσον
4769,100636040,who,459,ὃς
4770,100636041,is,459,πέφυκεν
4771,100636042,of,459,ἐν
4772,100636043,things,459,τέλει
4773,100636044,god,459,θεός
4774,100636046,fearsome,459,δεινότατος
4775,100636048,men,459,ἀνθρώποισι
4776,100636049,most,459,δ’
4777,100636050,gentle,459,ἠπιώτατος
4778,100636052,Shall,460,ἆρ’
4779,100636056,set,460,θήσω
4780,100636053,in,460,ἐν
4781,100636054,all-night,460,παννυχίοις
4782,100636055,choruses,460,χοροῖς
4783,100636058,white,460,λευκὸν
4784,100636059,foot,460,πόδ’
4785,100636060,dance,460,ἀναβακχεύουσα
4786,100636066,tossing,460,ῥίπτουσ’
4787,100636062,neck,460,δέραν
4788,100636063,to,460,εἰς
4789,100636064,air,460,αἰθέρα
4790,100636065,cool,460,δροσερὸν
4791,100636068,like,460,ὡς
4792,100636069,fawn,460,νεβρὸς
4793,100636071,mocking,460,ἐμπαίζουσα
4794,100636073,pleasures,460,ἡδοναῖς
4795,100636072,meadow,460,λείμακος
4796,100636070,green,460,χλοεραῖς
4797,100636075,when,460,ἡνίκ’
4798,100636076,it,460,ἂν
4799,100636078,flees,460,φύγῃ
4800,100636077,fearsome,460,φοβερὰν
4801,100636079,prey,460,θήραν
4802,100636080,beyond,460,ἔξω
4803,100636081,watch,460,φυλακᾶς
4804,100636082,intricately,460,εὐπλέκτων
4805,100636084,woven,460,ἀρκύων
4806,100636083,nets,460,ὑπὲρ
4807,100636087,while,460,δὲ
4808,100636088,hunters,460,κυναγέτας
4809,100636089,strain,460,συντείνῃ
4810,100636090,rush,460,δράμημα
4811,100636091,dogs',460,κυνῶν
4812,100636093,laborious,461,μόχθοις
4813,100636094,and,461,τ’
4814,100636095,swift-footed,461,ὠκυδρόμοις
4815,100636096,and,461,τ’
4816,100636097,whirlwinds,461,ἀέλλαις
4817,100636098,leaps,461,θρῴσκει
4818,100636099,plains,461,πεδίον
4819,100636100,streamside,461,παραποτάμιον
4820,100636102,delighting,461,ἡδομένα
4821,100636103,mortals,461,βροτῶν
4822,100636104,solitudes,461,ἐρημίαις
4823,100636105,shadow-tending,461,σκιαροκόμοιό
4824,100636106,and,461,τ’
4825,100636107,forest-shoots,461,ἔρνεσιν
4826,100636108,woods,461,ὕλας
4827,100636110,What,462,τί
4828,100636111,the,462,τὸ
4829,100636112,noble,462,σοφόν
4830,100636113,thing,462,;
4831,100636114,Is,463,ἢ
4832,100636115,it,463,τί
4833,100636116,not,463,τὸ
4834,100636117,more,463,κάλλιον
4835,100636118,beautiful,463,παρὰ
4836,100636119,prize,463,θεῶν
4837,100636120,from,463,γέρας
4838,100636121,the,463,ἐν
4839,100636122,gods,463,βροτοῖς
4840,100636123,to,463,ἢ
4841,100636124,hold,463,χεῖρ’
4842,100636125,the,463,ὑπὲρ
4843,100636126,hands,463,κορυφᾶς
4844,100636127,of,463,τῶν
4845,100636128,enemies,463,ἐχθρῶν
4846,100636129,above,463,κρείσσω
4847,100636130,their,463,κατέχειν
4848,100636131,heads,463,;
4849,100636132,in,463,
4850,100636133,the,463,
4851,100636134,world,463,
4852,100636135,of,463,
4853,100636136,mortals,463,
4854,100636132,Whatever,464,ὅ
4855,100636133,Whatever,464,τι
4856,100636134,beautiful,464,καλὸν
4857,100636135,dear,464,φίλον
4858,100636136,always,464,ἀεί
4859,100636138,rushes,465,ὁρμᾶται
4860,100636139,with difficulty,465,μόλις
4861,100636141,yet,465,ἀλλ’
4862,100636142,nevertheless,465,ὅμως
4863,100636145,the,465,τὸ
4864,100636146,divine,465,θεῖον
4865,100636147,power,465,σθένος
4866,100636143,reliable,465,πιστόν
4867,100636144,something,465,τι
4868,100636149,turns,466,ἀπευθύνει
4869,100636150,away,466,δὲ
4870,100636151,from,466,βροτῶν
4871,100636152,those,466,τούς
4872,100636153,who,466,τ’
4873,100636154,in,466,ἀγνωμοσύναν
4874,100636155,a,466,τιμῶντας
4875,100636156,deluded,466,καὶ
4876,100636157,opinion,466,μὴ
4877,100636158,either,466,τὰ
4878,100636159,punish,466,θεῶν
4879,100636160,ingratitude,466,αὔξοντας
4880,100636161,or,466,σὺν
4881,100636162,fail,466,μαινομένᾳ
4882,100636163,to,466,δόξᾳ
4883,100636164,increase,466,.
4884,100636165,the,466,
4885,100636166,honors,466,
4886,100636167,of,466,
4887,100636168,the,466,
4888,100636169,gods,466,
4889,100636165,hide,467,κρυπτεύουσι
4890,100636166,which,467,δὲ
4891,100636167,in various ways,467,ποικίλως
4892,100636168,long,467,δαρὸν
4893,100636169,time,467,χρόνου
4894,100636170,foot,467,πόδα
4895,100636171,and,467,καὶ
4896,100636172,hunt,467,θηρῶσιν
4897,100636173,the,467,τὸν
4898,100636174,unhallowed,467,ἄσεπτον
4899,100636176,never,468,οὐ
4900,100636177,For,468,γὰρ
4901,100636183,one,468,χρὴ
4902,100636183,should,468,χρὴ
4903,100636178,better,468,κρεῖσσόν
4904,100636179,never,468,ποτε
4905,100636180,than,468,τῶν
4906,100636181,the laws,468,νόμων
4907,100636182,learn,468,γιγνώσκειν
4908,100636184,and,468,καὶ
4909,100636185,study,468,μελετᾶν
4910,100636188,For,469,γὰρ
4911,100636187,light,469,κούφα
4912,100636189,expense,469,δαπάνα
4913,100636190,believe,469,νομίζειν
4914,100636192,this,469,τόδ’
4915,100636191,power,469,ἰσχὺν
4916,100636193,belongs,469,ἔχειν
4917,100636195,which,469,ὅ
4918,100636196,it,469,τι
4919,100636197,may,469,ποτ’
4920,100636198,be,469,ἄρα
4921,100636199,the,469,τὸ
4922,100636200,divine,469,δαιμόνιον
4923,100636202,that,469,τό
4924,100636203,is,469,τ’
4925,100636204,lawful,469,ἐν
4926,100636205,long,469,χρόνῳ
4927,100636206,time,469,μακρῷ
4928,100636207,and,469,νόμιμον
4929,100636208,has,469,ἀεὶ
4930,100636209,grown,469,φύσει
4931,100636211,by,469,πεφυκός
4932,100636210,nature,469,τε
4933,100636213,What,470,τί
4934,100636214,the,470,τὸ
4935,100636215,wise,470,σοφόν
4936,100636217,Or,471,ἢ
4937,100636218,is,471,τί
4938,100636219,a,471,τὸ
4939,100636220,more,471,κάλλιον
4940,100636221,beautiful,471,παρὰ
4941,100636222,prize,471,θεῶν
4942,100636223,from,471,γέρας
4943,100636224,the,471,ἐν
4944,100636225,gods,471,βροτοῖς
4945,100636226,to,471,ἢ
4946,100636227,hold,471,χεῖρ’
4947,100636228,in,471,ὑπὲρ
4948,100636229,the,471,κορυφᾶς
4949,100636230,hands,471,τῶν
4950,100636231,of,471,ἐχθρῶν
4951,100636232,mortals,471,κρείσσω
4952,100636233,than,471,κατέχειν
4953,100636234,to,471,;
4954,100636235,hold,471,
4955,100636236,power,471,
4956,100636237,over,471,
4957,100636238,the,471,
4958,100636239,heads,471,
4959,100636240,of,471,
4960,100636241,enemies,471,
4961,100636235,What,472,ὅ
4962,100636236,is,472,τι
4963,100636237,beautiful,472,καλὸν
4964,100636238,is,472,φίλον
4965,100636239,always,472,ἀεί
4966,100636241,Blessed,473,εὐδαίμων
4967,100636243,he,473,ὃς
4968,100636246,has escaped,473,ἔφυγε
4969,100636247,the storm,473,χεῖμα
4970,100636244,from,473,ἐκ
4971,100636245,the sea,473,θαλάσσας
4972,100636251,reached,473,ἔκιχεν
4973,100636249,the harbor,473,λιμένα
4974,100636253,Happy,474,εὐδαίμων
4975,100636254,is,474,δ’
4976,100636255,he,474,ὃς
4977,100636256,above,474,ὕπερθε
4978,100636257,toil,474,μόχθων
4979,100636258,born,474,ἐγένεθ’
4980,100636262,Another,475,ἕτερος
4981,100636263,another,475,ἕτερον
4982,100636267,came,475,παρῆλθεν
4983,100636264,in,475,ὄλβῳ
4984,100636265,and,475,καὶ
4985,100636266,power,475,δυνάμει
4986,100636269,countless,476,μυρίαι
4987,100636270,Yet,476,δ’
4988,100636271,still,476,ἔτι
4989,100636272,countless,476,μυρίοις
4990,100636273,exist,476,εἰσὶν
4991,100636274,hopes,476,ἐλπίδες
4992,100636276,Some,477,αἳ
4993,100636277,men,477,μὲν
4994,100636278,die,477,τελευτῶσιν
4995,100636279,in,477,ἐν
4996,100636280,prosperity,477,ὄλβῳ
4997,100636281,men,477,βροτοῖς
4998,100636283,others,477,αἳ
4999,100636285,have departed,477,ἀπέβησαν
5000,100636288,And,478,δὲ
5001,100636287,the,478,τὸ
5002,100636292,life,478,βίοτος
5003,100636290,day,478,ἦμαρ
5004,100636289,by,478,κατ’
5005,100636290,day,478,ἦμαρ
5006,100636291,lived,478,ὅτῳ
5007,100636293,blessed,478,εὐδαίμων
5008,100636291,that,478,ὅτῳ
5009,100636295,call,478,μακαρίζω
5010,100636295,blessed,478,μακαρίζω
5011,100636297,You,479,σὲ
5012,100636298,who,479,τὸν
5013,100636299,eager,479,πρόθυμον
5014,100636300,are,479,ὄνθ’
5015,100636301,what,479,ἃ
5016,100636302,not,479,μὴ
5017,100636303,necessary,479,χρεὼν
5018,100636304,to see,479,ὁρᾶν
5019,100636305,hasten,479,σπεύδοντά
5020,100636306,nor,479,τ’
5021,100636307,purpose,479,ἀσπούδαστα
5022,100636309,Pentheus,479,Πενθέα
5023,100636310,say,479,λέγω
5024,100636312,go,479,ἔξιθι
5025,100636313,forth,479,πάροιθε
5026,100636314,doors,479,δωμάτων
5027,100636316,appear,479,ὄφθητί
5028,100636317,me,479,μοι
5029,100636319,attire,479,σκευὴν
5030,100636320,woman,479,γυναικὸς
5031,100636321,frenzied,479,μαινάδος
5032,100636322,Bacchant,479,βάκχης
5033,100636323,carrying,479,ἔχων
5034,100636325,mother,479,μητρός
5035,100636326,both,479,τε
5036,100636327,your,479,τῆς
5037,100636328,her,479,σῆς
5038,100636329,and,479,καὶ
5039,100636330,birth,479,λόχου
5040,100636331,spy,479,κατάσκοπος
5041,100636333,fit,480,πρέπεις
5042,100636335,Cadmus's,480,Κάδμου
5043,100636336,one,480,θυγατέρων
5044,100636337,form,480,μορφὴν
5045,100636338,single,480,μιᾷ
5046,100636340,And,481,καὶ
5047,100636341,truly,481,μὴν
5048,100636342,see,481,ὁρᾶν
5049,100636343,me,481,μοι
5050,100636347,seems,481,δοκῶ
5051,100636344,two,481,δύο
5052,100636346,suns,481,ἡλίους
5053,1006349,two,481,
5054,1006351,Thebes,481,
5055,1006352,and,481,
5056,1006353,city,481,
5057,1006354,seven-gated,481,
5058,100636356,And,482,καὶ
5059,100636357,bull,482,ταῦρος
5060,100636358,us,482,ἡμῖν
5061,100636359,before,482,πρόσθεν
5062,100636360,lead,482,ἡγεῖσθαι
5063,100636361,seem,482,δοκεῖς
5064,100636362,and,482,καὶ
5065,100636363,your,482,σῷ
5066,100636364,horns,482,κέρατα
5067,100636365,head,482,κρατὶ
5068,100636366,fused,482,προσπεφυκέναι
5069,100636368,But,483,ἀλλ’
5070,100636369,you,483,ἦ
5071,100636370,once,483,ποτ’
5072,100636371,know,483,ἦσθα
5073,100636372,beast,483,θήρ
5074,100636374,crucified,484,τεταύρωσαι
5075,100636375,For,484,γὰρ
5076,100636376,you,484,οὖν
5077,100636378,The,485,ὁ
5078,100636379,god,485,θεὸς
5079,100636380,is,485,ὁμαρτεῖ
5080,100636382,before,485,πρόσθεν
5081,100636383,having,485,ὢν
5082,100636384,not,485,οὐκ
5083,100636385,favorable,485,εὐμενής
5084,100636387,favorable,485,ἔνσπονδος
5085,100636388,to us,485,ἡμῖν
5086,100636390,Now,486,νῦν
5087,100636391,see,486,δ’
5088,100636392,see,486,ὁρᾷς
5089,100636393,what,486,ἃ
5090,100636394,ought,486,χρή
5091,100636395,you,486,σ’
5092,100636396,see,486,ὁρᾶν
5093,100636398,What,487,τί
5094,100636399,appear,487,φαίνομαι
5095,100636399,to be,487,φαίνομαι
5096,100636400,then,487,δῆτ’
5097,100636402,not,488,οὐχὶ
5098,100636403,sake,488,τὴν
5099,100636404,Ino's,488,Ἰνοῦς
5100,100636405,uprising,488,στάσιν
5101,100636406,that,488,ἢ
5102,100636407,sake,488,τὴν
5103,100636408,Agave,488,Ἀγαύης
5104,100636409,stood,488,ἑστάναι
5105,100636411,mother's,488,μητρός
5106,100636412,very,488,γ’
5107,100636413,my,488,ἐμῆς
5108,100636418,seem,489,δοκῶ
5109,100636419,I,489,σ’
5110,100636420,look,489,ὁρῶν
5111,100636417,see,489,εἰσορᾶν
5112,100636415,them,489,αὐτὰς
5113,100636416,there,489,ἐκείνας
5114,100636422,But,490,ἀλλ’
5115,100636423,from,490,ἐξ
5116,100636424,seat,490,ἕδρας
5117,100636425,for you,490,σοι
5118,100636426,lock,490,πλόκαμος
5119,100636427,has sprung,490,ἐξέστηχ’
5120,100636428,this,490,ὅδε
5121,100636430,not,490,οὐχ
5122,100636431,as,490,ὡς
5123,100636432,I,490,ἐγώ
5124,100636433,it,490,νιν
5125,100636434,under,490,ὑπὸ
5126,100636435,fillet,490,μίτρᾳ
5127,100636436,had adjusted,490,καθήρμοσα
5128,100636436,Inside,491,
5129,100636439,approached,491,προσείων
5130,100636440,him,491,αὐτὸν
5131,100636441,shaking,491,ἀνασείων
5132,100636443,I,491,ἐγὼ
5133,100636445,chanting,491,βακχιάζων
5134,100636446,Bacchic,491,ἐξ
5135,100636447,rites,491,ἕδρας
5136,100636448,dragged,491,μεθώρμισα
5137,100636449,from,491,.
5138,100636450,his,491,
5139,100636451,seat,491,
5140,100636450,But,492,ἀλλ’
5141,100636452,we,492,ἡμεῖς
5142,100636454,whom,492,οἷς
5143,100636455,your,492,σε
5144,100636456,serve,492,θεραπεύειν
5145,100636457,concern,492,μέλει
5146,100636459,back,492,πάλιν
5147,100636460,send,492,καταστελοῦμεν
5148,100636462,But,493,ἀλλ’
5149,100636463,straighten,493,ὄρθου
5150,100636464,head,493,κάρα
5151,100636466,Look,494,ἰδού
5152,100636468,you,494,σὺ
5153,100636469,are arranging,494,κόσμει
5154,100636472,For,495,γὰρ
5155,100636473,recline,495,ἀνακείμεσθα
5156,100636471,you,495,σοὶ
5157,100636476,Girdles,496,ζῶναί
5158,100636477,and,496,τέ
5159,100636478,for you,496,σοι
5160,100636479,loosen,496,χαλῶσι
5161,100636480,the,496,κα-
5162,100636481,do not,496,κοὐχ
5163,100636482,in a continuous line,496,ἑξῆς
5164,100636483,of robes,496,πέπλων
5165,100636484,decorative bands,496,στολίδες
5166,100636485,down,496,ὑπὸ
5167,100636486,from your ankles,496,σφυροῖσι
5168,100636487,stretch,496,τείνουσιν
5169,100636488,your,496,σέθεν
5170,100636490,But,497,κα-
5171,100636491,me,497,κἀμοὶ
5172,100636492,seems,497,δοκοῦσι
5173,100636493,right,497,παρά
5174,100636495,foot,497,δεξιὸν
5175,100636496,is,497,πόδα
5176,100636494,first,497,γε
5177,100636498,The,498,τα-
5178,100636499,from,498,τἀνθένδε
5179,100636500,here,498,δ’
5180,100636501,correctly,498,ὀρθῶς
5181,100636502,held,498,παρὰ
5182,100636503,stretched,498,τένοντ’
5183,100636504,is,498,ἔχει
5184,100636505,robe,498,πέπλος
5185,100636507,Surely,499,ἦ
5186,100636508,you,499,πού
5187,100636509,me,499,με
5188,100636510,among,499,τῶν
5189,100636511,your,499,σῶν
5190,100636512,first,499,πρῶτον
5191,100636513,count,499,ἡγήσῃ
5192,100636514,friends,499,φίλων
5193,100636516,when,499,ὅταν
5194,100636517,see,499,παρὰ
5195,100636518,sober,499,λόγον
5196,100636519,Bacchants,499,σώφρονας
5197,100636520,Bacchants,499,βάκχας
5198,100636523,Which,500,πότερα
5199,100636524,shall,500,δὲ
5200,100636525,thyrsus,500,θύρσον
5201,100636526,right,500,δεξιᾷ
5202,100636527,take,500,λαβὼν
5203,100636528,hand,500,χερὶ
5204,100636529,or,500,ἢ
5205,100636530,this,500,τῇδε
5206,100636532,like,500,βάκχῃ
5207,100636533,more,500,μᾶλλον
5208,100636534,Bacchant,500,εἰκασθήσομαι
5209,100636536,right,501,ἐν
5210,100636537,right,501,δεξιᾷ
5211,100636538,It,501,χρὴ
5212,100636539,and,501,κα-
5213,100636540,to,501,χἄμα
5214,100636541,right,501,δεξιῷ
5215,100636542,foot,501,ποδὶ
5216,100636543,raise,501,αἴρειν
5217,100636544,him,501,νιν
5218,100636540,to,501,χἄμα
5219,100636546,praise,502,αἰνῶ
5220,100636547,because,502,δ’
5221,100636549,departed,502,μεθέστηκας
5222,100636550,mind,502,φρενῶν
5223,100636553,Could,503,ἂν
5224,100636554,I,503,δυναίμην
5225,100636555,the,503,τὰς
5226,100636556,Cithaeron,503,Κιθαιρῶνος
5227,100636557,folds,503,πτυχὰς
5228,100636562,shoulders,503,ὤμοις
5229,100636563,carry,503,φέρειν
5230,100636558,these,503,αὐταῖσι
5231,100636559,Bacchae,503,βάκχαις
5232,100636560,my,503,τοῖς
5233,100636561,own,503,ἐμοῖς
5234,100636565,entered,504,δύναι’
5235,100636566,could,504,ἄν
5236,100636568,if,504,εἰ
5237,100636569,had wished,504,βούλοιο
5238,100636572,But,505,δὲ
5239,100636576,did not have,505,εἶχες
5240,100636575,not,505,οὐκ
5241,100636574,minds,505,φρένας
5242,100636577,sound,505,ὑγιεῖς
5243,100636579,now,505,νῦν
5244,100636580,however,505,δ’
5245,100636581,have,505,ἔχεις
5246,100636582,those,505,οἵας
5247,100636583,you,505,σε
5248,100636584,need,505,δεῖ
5249,100636586,levers,506,μοχλοὺς
5250,100636587,carry,506,φέρωμεν
5251,100636590,hand,507,χεροῖν
5252,100636591,raise,507,ἀνασπάσω
5253,100636592,peaks,507,κορυφαῖς
5254,100636593,placing,507,ὑποβαλὼν
5255,100636594,shoulder,507,ὦμον
5256,100636595,or,507,ἢ
5257,100636596,arm,507,βραχίονα
5258,100636593,beneath,507,ὑποβαλὼν
5259,100636598,not,508,μὴ
5260,100636599,you,508,σύ
5261,100636600,I,508,γε
5262,100636603,destroy,508,διολέσῃς
5263,100636601,the,508,τὰ
5264,100636602,Nymphs,508,Νυμφῶν
5265,100636604,shrines,508,ἱδρύματα
5266,100636605,or,508,καὶ
5267,100636606,Pan,508,Πανὸς
5268,100636607,seats,508,ἕδρας
5269,100636608,where,508,ἔνθ’
5270,100636609,he,508,ἔχει
5271,100636610,pipes,508,συρίγματα
5272,100636612,well,509,καλῶς
5273,100636613,spoken,509,ἔλεξας
5274,100636615,must,510,οὐ
5275,100636616,strength,510,σθένει
5276,100636617,conquer,510,νικητέον
5277,100636618,women,510,γυναῖκας
5278,100636621,And,511,δ’
5279,100636623,shall hide,511,κρύψω
5280,100636622,my,511,ἐμὸν
5281,100636624,body,511,δέμας
5282,100636620,fir,511,ἐλάταισιν
5283,100636626,concealment,512,κρύψῃ
5284,100636627,you,512,σὺ
5285,100636628,hiding,512,κρύψιν
5286,100636629,the one,512,ἥν
5287,100636630,you,512,σε
5288,100636631,be hidden,512,κρυφθῆναι
5289,100636632,must,512,χρεών
5290,100636634,having come,512,ἐλθόντα
5291,100636635,treacherous,512,δόλιον
5292,100636636,Maenads,512,μαινάδων
5293,100636637,spy,512,κατάσκοπον
5294,100636639,And,513,καὶ
5295,100636640,indeed,513,μὴν
5296,100636641,think,513,δοκῶ
5297,100636642,they,513,σφᾶς
5298,100636648,hold,513,ἔχεσθαι
5299,100636645,birds,513,ὄρνιθας
5300,100636646,like,513,ὣς
5301,100636644,brushwood,513,λόχμαις
5302,100636647,those,513,λέκτρων
5303,100636643,in,513,ἐν
5304,100636649,dearest,513,φιλτάτοις
5305,100636650,in,513,ἐν
5306,100636651,enclosures,513,ἕρκεσιν
5307,100636653,So,514,οὐκοῦν
5308,100636654,to,514,ἐπ’
5309,100636655,very,514,αὐτὸ
5310,100636656,that,514,τοῦτ’
5311,100636657,send,514,ἀποστέλλῃ
5312,100636658,guard,514,φύλαξ
5313,100636656,spot,514,τοῦτ’
5314,100636662,Perhaps,515,ἴσως
5315,100636660,capture,515,λήψῃ
5316,100636661,will come,515,δ’
5317,100636663,to you,515,σφᾶς
5318,100636665,if,515,ἢν
5319,100636666,you,515,σὺ
5320,100636667,are not,515,μὴ
5321,100636668,captured,515,ληφθῇς
5322,100636669,beforehand,515,πάρος
5323,100636671,Bring,516,κόμιζε
5324,100636674,me,516,με
5325,100636672,through,516,διὰ
5326,100636673,midst,516,μέσης
5327,100636675,Theban,516,Θηβαίας
5328,100636676,land,516,χθονός
5329,100636679,For,517,γὰρ
5330,100636681,am,517,εἰμ’
5331,100636678,only,517,μόνος
5332,100636682,man,517,ἀνὴρ
5333,100636683,daring,517,τολμῶν
5334,100636684,this,517,τόδε
5335,100636686,alone,518,μόνος
5336,100636687,You,518,σὺ
5337,100636688,city,518,πόλεως
5338,100636689,this,518,τῆσδ’
5339,100636690,overcome,518,ὑπερκάμνεις
5340,100636692,alone,518,μόνος
5341,100636694,Therefore,519,τοιγάρ
5342,100636695,you,519,σ’
5343,100636696,contests,519,ἀγῶνες
5344,100636697,await,519,ἀναμένουσιν
5345,100636698,which,519,οὓς
5346,100636699,necessary,519,ἐχρῆν
5347,100636701,Follow,520,ἕπου
5348,100636702,then,520,δέ
5349,100636704,escort,521,πομπὸς
5350,100636706,am,521,εἶμ’
5351,100636707,I,521,ἐγὼ
5352,100636708,salvation,521,σωτήριος
5353,100636710,from,521,κεῖθεν
5354,100636711,there,521,δ’
5355,100636712,will lead away,521,ἀπάξει
5356,100636713,you,521,σ’
5357,100636714,another,521,ἄλλος
5358,100636716,one,522,ἡ
5359,100636717,gave,522,τεκοῦσά
5360,100636718,indeed,522,γε
5361,100636720,conspicuous,523,ἐπίσημον
5362,100636721,Being,523,ὄντα
5363,100636722,to,523,πᾶσιν
5364,100636724,For,524,ἐπὶ
5365,100636725,this,524,τόδ’
5366,100636726,come,524,ἔρχομαι
5367,100636728,Being,525,φερόμενος
5368,100636729,arrive,525,ἥξεις
5369,100636730,led,525,G?
5370,100636731,luxury,526,ἁβρότητ’
5371,100636732,my,526,ἐμὴν
5372,100636733,speak,526,λέγεις
5373,100636735,in,527,ἐν
5374,100636736,hands,527,χερσὶ
5375,100636737,mother,527,μητρός
5376,100636739,And,528,καὶ
5377,100636740,luxury,528,τρυφᾶν
5378,100636741,me,528,μ’
5379,100636742,force,528,ἀναγκάσεις
5380,100636744,luxuries,529,τρυφάς
5381,100636745,indeed,529,γε
5382,100636746,Such,529,τοιάσδε
5383,100636748,worthy,530,ἀξίων
5384,100636750,touched,530,ἅπτομαι
5385,100636752,Terrible,531,δεινὸς
5386,100636753,you,531,σὺ
5387,100636754,terrible,531,δεινὸς
5388,100636755,and,531,κα-
5389,100636756,terrible,531,κἀπὶ
5390,100636757,indeed,531,δείν’
5391,100636758,shall begin,531,ἔρχῃ
5392,100636759,sufferings,531,πάθη
5393,100636761,so that,531,ὥστ’
5394,100636762,you,531,οὐρανῷ
5395,100636763,will discover,531,στηρίζον
5396,100636764,fame,531,εὑρήσεις
5397,100636765,that supports,531,κλέος
5398,100636766,sky,531,.
5399,100636767,Stretch,532,ἔκτειν’
5400,100636769,Agave,532,Ἀγαύη
5401,100636771,hands,532,χεῖρας
5402,100636772,too,532,αἵ
5403,100636773,and,532,θ’
5404,100636774,born,532,ὁμόσποροι
5405,100636775,Cadmus,532,Κάδμου
5406,100636776,daughters,532,θυγατέρες
5407,100636778,this,533,τὸν
5408,100636779,young man,533,νεανίαν
5409,100636780,lead,533,ἄγω
5410,100636781,this,533,τόνδ’
5411,100636782,to,533,εἰς
5412,100636783,contest,533,ἀγῶνα
5413,100636784,great,533,μέγαν
5414,100636786,victors,533,ὁ
5415,100636787,victors,533,νικήσων
5416,100636789,I,533,ἐγὼ
5417,100636790,and,533,καὶ
5418,100636791,Bromius,533,Βρόμιος
5419,100636792,shall be,533,ἔσται
5420,100636796,But,534,δ’
5421,100636794,the,534,τα-
5422,100636795,rest,534,τἄλλα
5423,100636797,he,534,αὐτὸ
5424,100636797,himself,534,αὐτὸ
5425,100636798,will signify,534,σημανεῖ
5426,100636800,Run,535,ἴτε
5427,100636801,swift,535,θοαὶ
5428,100636802,madness,535,Λύσσας
5429,100636803,hounds,535,κύνες
5430,100636804,Go,535,ἴτ’
5431,100636805,to,535,εἰς
5432,100636806,mountain,535,ὄρος
5433,100636808,band,535,θίασον
5434,100636809,where,535,ἔνθ’
5435,100636810,hold,535,ἔχουσι
5436,100636811,of,535,Κάδμου
5437,100636812,daughters,535,κόραι
5438,100636814,Turn,535,ἀνοιστρήσατέ
5439,100636815,him,535,νιν
5440,100636816,round,535,ἐπὶ
5441,100636817,to,535,τὸν
5442,100636818,that,535,ἐν
5443,100636819,woman-mimicking,535,γυναικομίμῳ
5444,100636820,gown,535,στολᾷ
5445,100636821,frenzied,535,λυσσώδη
5446,100636822,spy,535,κατάσκοπον
5447,100636823,maenads',535,μαινάδων
5448,100636825,mother,536,μάτηρ
5449,100636826,first,536,πρῶτά
5450,100636827,him,536,νιν
5451,100636828,white,536,λευρᾶς
5452,100636829,from,536,ἀπὸ
5453,100636830,rock,536,πέτρας
5454,100636831,or,536,ἢ
5455,100636832,stake,536,σκόλοπος
5456,100636833,will see,536,ὄψεται
5457,100636834,plotting,536,δοκεύοντα
5458,100636836,maenads,536,μαινάσιν
5459,100636837,but,536,δ’
5460,100636838,ward,536,ἀπύσει
5461,100636840,Who,537,τίς
5462,100636841,is,537,ὅδ’
5463,100636842,dancers,537,ὀρειδρόμων
5464,100636843,seeker,537,μαστὴρ
5465,100636844,of,537,Καδμείων
5466,100636845,to,537,ἐς
5467,100636846,the,537,ὄρος
5468,100636847,to,537,ἐς
5469,100636848,the,537,ὄρος
5470,100636849,has,537,ἔμολ’
5471,100636850,come,537,ἔμολεν
5472,100636852,Oh,537,ὦ
5473,100636853,Bacchants,537,βάκχαι
5474,100636855,Who,538,τίς
5475,100636856,then,538,ἄρα
5476,100636857,her,538,νιν
5477,100636858,gave birth to,538,ἔτεκεν
5478,100636860,For,539,οὐ
5479,100636861,For,539,γὰρ
5480,100636862,from,539,ἐξ
5481,100636863,blood,539,αἵματος
5482,100636864,women,539,γυναικῶν
5483,100636865,grow,539,ἔφυ
5484,100636867,lioness,539,λεαίνας
5485,100636868,but,539,δέ
5486,100636869,certain,539,τινος
5487,100636870,this,539,ὅδ’
5488,100636871,is,539,ἢ
5489,100636872,Gorgons,539,Γοργόνων
5490,100636873,Libyan,539,Λιβυσσᾶν
5491,100636874,race,539,γένος
5492,100636876,Let,540,ἴτω
5493,100636877,Justice,540,δίκα
5494,100636878,manifest,540,φανερός
5495,100636880,come,540,ἴτω
5496,100636881,sword-bearing,540,ξιφηφόρος
5497,100636882,killing,540,φονεύουσα
5498,100636883,throat,540,λαιμῶν
5499,100636884,piercing,540,διαμπὰξ
5500,100636885,the,540,τὸν
5501,100636886,godless,540,ἄθεον
5502,100636887,lawless,540,ἄνομον
5503,100636888,unjust,540,ἄδικον
5504,100636890,son,540,γόνον
5505,100636889,of,540,Ἐχίονος
5506,100636889,Echion,540,Ἐχίονος
5507,100636891,earth-born,540,γηγενῆ
5508,100636893,Whoever,541,ὃς
5509,100636894,unjust,541,ἀδίκῳ
5510,100636895,opinion,541,γνώμᾳ
5511,100636896,lawless,541,παρανόμῳ
5512,100636898,anger,541,ὀργᾷ
5513,100636899,against,541,περὶ
5514,100636900,your,541,σὰ
5515,100636901,Bacchus,541,Βάκχι’
5516,100636903,rites,541,ὄργια
5517,100636904,mother,541,ματρός
5518,100636906,your,541,σᾶς
5519,100636907,mad,541,μανείσᾳ
5520,100636908,mind,541,πραπίδι
5521,100636909,rash,541,παρακόπῳ
5522,100636911,courage,541,λήματι
5523,100636912,is sent,541,στέλλεται
5524,100636916,as,541,ὡς
5525,100636917,will triumph,541,κρατήσων
5526,100636918,violence,541,βίᾳ
5527,100636920,opinion,541,γνωμᾶν
5528,100636921,prudent,541,σωφρόνα
5529,100636922,death,541,θάνατος
5530,100636923,without excuse,541,ἀπροφάσιστος
5531,100636924,for,541,ἐς
5532,100636926,gods,541,θεῶν
5533,100636927,born,541,ἔφυ
5534,100636929,mortal,542,βροτείως
5535,100636930,must,542,τ’
5536,100636931,lived,542,ἔχειν
5537,100636932,without,542,ἄλυπος
5538,100636933,life,542,βίος
5539,100636932,sorrow,542,ἄλυπος
5540,100636935,the,543,τὸ
5541,100636936,wise,543,σοφὸν
5542,100636937,not,543,οὐ
5543,100636938,envy,543,φθονῶ
5544,100636940,rejoice,544,χαίρω
5545,100636941,hunting,544,θηρεύουσα
5546,100636944,But,545,δ’
5547,100636943,the,545,τὰ
5548,100636945,other,545,ἕτερα
5549,100636946,great,545,μεγάλα
5550,100636947,manifest,545,φανερά
5551,100636948,and,545,τ’
5552,100636950,Ah,546,ὤ
5553,100636952,dwell,546,νάειν
5554,100636953,upon,546,ἐπὶ
5555,100636954,beautiful,546,τὰ
5556,100636955,beautiful,546,καλὰ
5557,100636956,life,546,βίον
5558,100636958,day,546,ἦμαρ
5559,100636959,until,546,ἐς
5560,100636960,night,546,νύκτα
5561,100636961,and,546,τ’
5562,100636962,celebrate,546,εὐαγοῦντ’
5563,100636963,piety,546,εὐσεβεῖν
5564,100636966,and,546,δ’
5565,100636971,honor,546,τιμᾶν
5566,100636972,gods,546,θεούς
5567,100636970,casting,546,ἐκβαλόντα
5568,100636967,outsiders,546,ἔξω
5569,100636968,laws,546,νόμιμα
5570,100636969,judgments,546,δίκας
5571,100636974,Let,547,ἴτω
5572,100636975,Justice,547,δίκα
5573,100636976,visible,547,φανερός
5574,100636978,let,547,ἴτω
5575,100636979,sword-bearing,547,ξιφηφόρος
5576,100636980,slaying,547,φονεύουσα
5577,100636981,throats,547,λαιμῶν
5578,100636982,through,547,διαμπὰξ
5579,100636983,the,547,τὸν
5580,100636984,godless,547,ἄθεον
5581,100636985,lawless,547,ἄνομον
5582,100636986,unjust,547,ἄδικον
5583,100636987,of,547,Ἐχίονος
5584,100636988,son,547,τόκον
5585,100636989,earth-born,547,γηγενῆ
5586,100636991,Appear,548,φάνηθι
5587,100636992,bull,548,ταῦρος
5588,100636993,or,548,ἢ
5589,100636994,many-horned,548,πολύκρανος
5590,100636995,seen,548,ἰδεῖν
5591,100636996,dragon,548,δράκων
5592,100636997,or,548,ἢ
5593,100636998,fire-burning,548,πυριφλέγων
5594,100636999,seen,548,ὁρᾶσθαι
5595,100637000,lion,548,λέων
5596,100637002,Come,549,ἴθ’
5597,100637004,O,549,ὦ
5598,100637005,Bacchus,549,Βάκχε
5599,100637007,hunter,549,θηραγρευτᾷ
5600,100637008,of,549,βακχᾶν
5601,100637008,bacchants,549,βακχᾶν
5602,100637011,cast,549,περίβαλε
5603,100637012,noose,549,βρόχον
5604,100637013,death-bringing,549,θανάσιμον
5605,100637011,around,549,περίβαλε
5606,100637010,face,549,προσώπῳ
5607,100637017,the,549,τὰν
5608,100637016,one,549,πεσόντι
5609,100637016,who,549,πεσόντι
5610,100637016,falls,549,πεσόντι
5611,100637014,under,549,ὑπ’
5612,100637015,herd,549,ἀγέλαν
5613,100637018,of,549,μαινάδων
5614,100637018,maenads,549,μαινάδων
5615,100637020,O,550,ὦ
5616,100637021,house,550,δῶμ’
5617,100637023,formerly,550,πρίν
5618,100637024,formerly,550,ποτ’
5619,100637025,blessed,550,εὐτύχεις
5620,100637026,throughout,550,ἀν’
5621,100637027,Hellas,550,Ἑλλάδα
5622,100637029,Sidonian,550,Σιδωνίου
5623,100637030,elder,550,γέροντος
5624,100637032,who,550,ὃς
5625,100637036,sowed,550,ἔσπειρ’
5626,100637033,the,550,τὸ
5627,100637034,earth-born,550,γηγενὲς
5628,100637035,teeth,550,δράκοντος
5629,100637037,snake,550,Ὄφεος
5630,100637038,in,550,ἐν
5631,100637039,summer,550,γαίᾳ
5632,100637042,thus,550,ὥς
5633,100637043,you,550,σε
5634,100637044,lament,550,στενάζω
5635,100637046,slave,550,δοῦλος
5636,100637047,a,550,ὢν
5637,100637050,though,550,ἀλλ’
5638,100637051,nevertheless,550,ὅμως
5639,100637059,But,551,δ’
5640,100637058,what,551,τί
5641,100637060,is,551,ἔστιν
5642,100637062,From,552,ἐκ
5643,100637063,among,552,βακχῶν
5644,100637064,something,552,τι
5645,100637065,reporting,552,μηνύεις
5646,100637066,new,552,νέον
5647,100637068,Pentheus,553,Πενθεὺς
5648,100637069,destroyed,553,ὄλωλεν
5649,100637071,son,553,παῖς
5650,100637072,Echion,553,Ἐχίονος
5651,100637073,father,553,πατρός
5652,100637075,O,554,ὠ-
5653,100637076,king,554,ὦναξ
5654,100637077,Bromios,554,Βρόμιε
5655,100637080,show,554,φαίνῃ
5656,100637081,great,554,μέγας
5657,100637079,god,554,θεὸς
5658,100637083,How,555,πῶς
5659,100637084,say,555,φῄς
5660,100637086,What,556,τί
5661,100637087,this,556,τοῦτ’
5662,100637088,did you say,556,ἔλεξας
5663,100637090,Do,557,ἦ
5664,100637091,at,557,’πὶ
5665,100637092,the,557,τοῖς
5666,100637093,my,557,ἐμοῖς
5667,100637094,rejoice,557,χαίρεις
5668,100637095,misfortunes,557,κακῶς
5669,100637096,managing,557,πράσσουσι
5670,100637097,masters,557,δεσπόταις
5671,100637101,tune,558,εὐάζω
5672,100637102,foreign,558,ξένα
5673,100637103,songs,558,μέλεσι
5674,100637104,barbarian,558,βαρβάροις
5675,100637107,For,559,γὰρ
5676,100637106,no longer,559,οὐκέτι
5677,100637111,tremble,559,πτήσσω
5678,100637109,under,559,ὑπὸ
5679,100637110,fear,559,φόβῳ
5680,100637108,of chains,559,δεσμῶν
5681,100637113,Thebes,560,Θήβας
5682,100637114,And,560,δ’
5683,100637116,how,560,ὧδ’
5684,100637115,men,560,ἀνάνδρους
5685,100637115,without courage,560,ἀνάνδρους
5686,100637117,lead,560,ἄγεις
5687,100637117,do,560,ἄγεις
5688,100637117,you,560,ἄγεις
5689,100637120,O,561,ὁ
5690,100637121,Dionysus,561,Διόνυσος
5691,100637122,O,561,ὁ
5692,100637123,Dionysus,561,Διόνυσος
5693,100637126,Thebes,561,Θῆβαι
5694,100637125,not,561,οὐ
5695,100637127,have,561,κράτος
5696,100637128,have,561,ἔχουσ’
5697,100637129,my,561,ἐμόν
5698,100637127,power,561,κράτος
5699,100637131,excusable,562,συγγνωστὰ
5700,100637133,for you,562,σοι
5701,100637135,but,562,πλὴν
5702,100637136,over,562,ἐπ’
5703,100637137,accomplished,562,ἐξειργασμένοις
5704,100637138,evils,562,κακοῖσι
5705,100637139,to rejoice,562,χαίρειν
5706,100637141,women,562,ὦ
5707,100637144,not,562,οὐ
5708,100637145,fine,562,καλόν
5709,100637147,Tell,563,ἔννεπέ
5710,100637148,me,563,μοι
5711,100637150,explain,563,φράσον
5712,100637152,what,563,τίνι
5713,100637153,doom,563,μόρῳ
5714,100637154,die,563,θνῄσκει
5715,100637155,unjust,563,ἄδικος
5716,100637159,man,563,ἀνήρ
5717,100637158,bringing,563,ἐκπορίζων
5718,100637156,unjust,563,ἄδικά
5719,100637166,Having abandoned,564,λιπόντες
5720,100637162,servants,564,θεράπνας
5721,100637163,of this,564,τῆσδε
5722,100637165,land,564,χθονὸς
5723,100637164,Thebes,564,Θηβαίας
5724,100637167,went down,564,ἐξέβημεν
5725,100637168,Asopus,564,Ἀσωποῦ
5726,100637169,streams,564,ῥοάς
5727,100637171,rock,564,λέπας
5728,100637172,Cithaeron,564,Κιθαιρώνειον
5729,100637174,Pentheus,564,Πενθεύς
5730,100637177,I,564,κἀγώ
5731,100637181,said,564,εἱπόμην
5732,100637179,lord,564,δεσπότῃ
5733,100637183,stranger,564,ξένος
5734,100637185,who,564,ὃς
5735,100637186,our,564,ἡμῖν
5736,100637187,guide,564,πομπὸς
5737,100637189,pilgrimage,564,θεωρίας
5738,100637191,First,565,πρῶτον
5739,100637192,then,565,μὲν
5740,100637193,then,565,οὖν
5741,100637195,sit,565,ἵζομεν
5742,100637194,silent,565,ποιηρὸν
5743,100637196,ravine,565,νάπος
5744,100637206,saving,565,σῴζοντες
5745,100637198,both,565,τά
5746,100637201,feet,565,ποδῶν
5747,100637200,from,565,ἐκ
5748,100637202,silent,565,σιγηλὰ
5749,100637203,and,565,καὶ
5750,100637204,tongue,565,γλώσσης
5751,100637205,from,565,ἄπο
5752,100637208,as,565,ὡς
5753,100637209,see,565,ὁρῷμεν
5754,100637210,without,565,οὐχ
5755,100637211,being seen,565,ὁρώμενοι
5756,100637213,was,566,ἦν
5757,100637214,And,566,δ’
5758,100637215,glen,566,ἄγκος
5759,100637216,overhanging,566,ἀμφίκρημνον
5760,100637218,with,566,ὕδασι
5761,100637218,water,566,ὕδασι
5762,100637219,soaked,566,διάβροχον
5763,100637221,by,566,πεύκαισι
5764,100637221,pines,566,πεύκαισι
5765,100637222,shaded,566,συσκιάζον
5766,100637224,where,566,ἔνθα
5767,100637225,the,566,μαινάδες
5768,100637225,maenads,566,μαινάδες
5769,100637226,were,566,καθῆντ’
5770,100637226,sitting,566,καθῆντ’
5771,100637227,holding,566,ἔχουσαι
5772,100637228,their,566,χεῖρας
5773,100637228,hands,566,χεῖρας
5774,100637229,in,566,ἐν
5775,100637230,delightful,566,τερπνοῖς
5776,100637231,labors,566,πόνοις
5777,100637233,some,567,αἳ
5778,100637234,some,567,μὲν
5779,100637235,For,567,γὰρ
5780,100637236,their,567,αὐτῶν
5781,100637237,thyrsus,567,θύρσον
5782,100637238,left,567,ἐκλελοιπότα
5783,100637239,ivy,567,κισσῷ
5784,100637240,trailing,567,κομήτην
5785,100637241,again,567,αὖθις
5786,100637242,crowned,567,ἐξανέστεφον
5787,100637243,behind,567,","
5788,100637244,others,567,αἳ
5789,100637245,while,567,δ’
5790,100637247,left,567,ἐκλιποῦσαι
5791,100637248,various,567,ποικίλ’
5792,100637251,yokes,567,ζυγά
5793,100637252,behind,567,","
5794,100637249,like,567,ὡς
5795,100637250,colts,567,πῶλοι
5796,100637253,Bacchic,567,βακχεῖον
5797,100637254,shouted,567,ἀντέκλαζον
5798,100637255,to one another,567,ἀλλήλαις
5799,100637256,song,567,μέλος
5800,100637258,Pentheus,568,Πενθεὺς
5801,100637259,But,568,δ’
5802,100637260,the,568,ὁ
5803,100637261,wretched,568,τλήμων
5804,100637262,female,568,θῆλυν
5805,100637263,not,568,οὐχ
5806,100637264,seeing,568,ὁρῶν
5807,100637265,crowd,568,ὄχλον
5808,100637266,spoke,568,ἔλεξε
5809,100637267,these,568,τοιάδ’
5810,100637269,O,569,ὦ
5811,100637270,stranger,569,ξέν’
5812,100637272,but,569,οὗ
5813,100637273,indeed,569,μὲν
5814,100637274,have stood,569,ἕσταμεν
5815,100637276,do not,569,οὐκ
5816,100637277,reach,569,ἐξικνοῦμαι
5817,100637278,madwomen,569,μαινάδων
5818,100637279,eyes,569,ὄσσοις
5819,100637280,illegitimate,569,νόθων
5820,100637283,And,570,δ’
5821,100637286,climbed,570,ἀμβὰς
5822,100637284,upon,570,ἔπ’
5823,100637282,ridges,570,ὄχθων
5824,100637287,at,570,ἐς
5825,100637288,fir,570,ἐλάτην
5826,100637289,lofty,570,ὑψαύχενα
5827,100637291,see,570,ἴδοιμ’
5828,100637295,shameful deeds,570,αἰσχρουργίαν
5829,100637294,Maenads,570,μαινάδων
5830,100637293,correctly,570,ὀρθῶς
5831,100637297,the,571,το-
5832,100637298,from,571,τοὐντεῦθεν
5833,100637299,Already,571,ἤδη
5834,100637300,the,571,τοῦ
5835,100637301,stranger,571,ξένου
5836,100637302,the,571,τὸ
5837,100637303,wonder,571,θαῦμ’
5838,100637304,see,571,ὁρῶ
5839,100637307,For,572,γὰρ
5840,100637306,taking,572,λαβὼν
5841,100637308,fir,572,ἐλάτης
5842,100637309,heavenly,572,οὐράνιον
5843,100637310,topmost,572,ἄκρον
5844,100637311,branch,572,κλάδον
5845,100637312,led,572,κατῆγεν
5846,100637314,led,572,ἦγεν
5847,100637316,led,572,ἦγεν
5848,100637317,to,572,ἐς
5849,100637318,black,572,μέλαν
5850,100637319,ground,572,πέδον
5851,100637321,turned,573,κυκλοῦτο
5852,100637322,just,573,δ’
5853,100637323,as,573,ὥστε
5854,100637324,bow,573,τόξον
5855,100637325,is,573,ἢ
5856,100637326,curved,573,κυρτὸς
5857,100637327,wheel,573,τροχὸς
5858,100637328,lathe,573,τόρνῳ
5859,100637329,traced,573,γραφόμενος
5860,100637330,circular,573,περιφορὰν
5861,100637331,draws,573,ἕλκει
5862,100637332,path,573,δρόμον
5863,100637334,as,574,ὣς
5864,100637335,branch,574,κλῶν’
5865,100637336,mountain,574,ὄρειον
5866,100637337,a,574,ὁ
5867,100637338,stranger,574,ξένος
5868,100637339,with his hands,574,χεροῖν
5869,100637340,performing,574,ἄγων
5870,100637341,bent,574,ἔκαμπτεν
5871,100637342,down,574,ἐς
5872,100637343,to the ground,574,γῆν
5873,100637345,deeds,574,ἔργματ’
5874,100637346,not,574,οὐχὶ
5875,100637347,mortal,574,θνητὰ
5876,100637348,doing,574,δρῶν
5877,100637352,Having,575,ἱδρύσας
5878,100637352,set,575,ἱδρύσας
5879,100637350,Pentheus,575,Πενθέα
5880,100637352,upon,575,ἱδρύσας
5881,100637353,branch,575,ἐλατίνων
5882,100637354,of,575,ὄζων
5883,100637354,a,575,ὄζων
5884,100637354,pine,575,ὄζων
5885,100637354,tree,575,ὄζων
5886,100637358,she,575,μεθίει
5887,100637358,released,575,μεθίει
5888,100637368,his,575,νιν
5889,100637370,upright,575,ὀρθὴ
5890,100637357,body,575,ὀρθὸν
5891,100637373,straight,575,ὀρθὸν
5892,100637362,up,575,ἄνω
5893,100637359,through,575,διὰ
5894,100637360,her,575,χερῶν
5895,100637360,hands,575,χερῶν
5896,100637361,a,575,βλάστημ’
5897,100637361,shoot,575,βλάστημ’
5898,100637363,without,575,ἀτρέμα
5899,100637363,trembling,575,ἀτρέμα
5900,100637365,watching,575,φυλάσσων
5901,100637366,that,575,μὴ
5902,100637366,it,575,μὴ
5903,100637367,might,575,ἀναχαιτίσειέ
5904,100637367,not,575,ἀναχαιτίσειέ
5905,100637367,stumble,575,ἀναχαιτίσειέ
5906,100637371,and,575,δ’
5907,100637375,she,575,ἐστηρίζετο
5908,100637375,stood,575,ἐστηρίζετο
5909,100637370,upright,575,ὀρθὴ
5910,100637372,poised,575,ἐς
5911,100637372,toward,575,ἐς
5912,100637373,the,575,ὀρθὸν
5913,100637373,upright,575,ὀρθὸν
5914,100637374,sky,575,αἰθέρ’
5915,100637377,holding,575,ἔχουσα
5916,100637379,her,575,δεσπότην
5917,100637379,master,575,δεσπότην
5918,100637380,reclining,575,ἐφήμενον
5919,100637378,upon,575,νώτοις
5920,100637378,her,575,νώτοις
5921,100637378,back,575,νώτοις
5922,100637382,was,576,ὤφθη
5923,100637382,seen,576,ὤφθη
5924,100637383,rather,576,δὲ
5925,100637384,than,576,μᾶλλον
5926,100637385,gazed,576,ἢ
5927,100637385,upon,576,ἢ
5928,100637386,maenads,576,κατεῖδε
5929,100637387,maenads,576,μαινάδας
5930,100637390,For,577,γὰρ
5931,100637389,since,577,ὅσον
5932,100637393,was,577,ἦν
5933,100637391,not yet,577,οὔπω
5934,100637392,manifest,577,δῆλος
5935,100637394,faster,577,θάσσων
5936,100637395,above,577,ἄνω
5937,100637397,and,577,καὶ
5938,100637398,it,577,τὸν
5939,100637403,was,577,παρῆν
5940,100637401,no longer,577,οὐκέτ’
5941,100637402,possible to see,577,εἰσορᾶν
5942,100637399,the stranger,577,ξένον
5943,100637405,from,577,ἐκ
5944,100637407,the air,577,αἰθέρος
5945,100637408,voice,577,φωνή
5946,100637416,cried out,577,ἀνεβόησεν
5947,100637411,as,577,ὡς
5948,100637413,one might guess,577,εἰκάσαι
5949,100637414,Dionysus,577,Διόνυσος
5950,100637418,O,578,ὦ
5951,100637419,young women,578,νεάνιδες
5952,100637421,lead,578,ἄγω
5953,100637422,you,578,τὸν
5954,100637423,you,578,ὑμᾶς
5955,100637424,and,578,κα-
5956,100637425,myself,578,κἀμὲ
5957,100637426,these,578,τα-
5958,100637427,rites,578,τἀμά
5959,100637428,with,578,τ’
5960,100637429,rites,578,ὄργια
5961,100637430,smile,578,γέλων
5962,100637431,placing,578,τιθέμενον
5963,100637433,But,579,ἀλλὰ
5964,100637434,punish,579,τιμωρεῖσθέ
5965,100637435,him,579,νιν
5966,100637437,And,580,καὶ
5967,100637438,things,580,ταῦθ’
5968,100637439,while,580,ἅμ’
5969,100637440,uttering,580,ἠγόρευε
5970,100637441,both,580,καὶ
5971,100637442,toward,580,πρὸς
5972,100637443,sky,580,οὐρανὸν
5973,100637444,and,580,καὶ
5974,100637445,earth,580,γαῖαν
5975,100637446,fixed,580,ἐστήριξε
5976,100637447,gaze,580,φῶς
5977,100637448,sacred,580,σεμνοῦ
5978,100637449,fire,580,πυρός
5979,100637447,light,580,φῶς
5980,100637453,The air,581,αἰθήρ
5981,100637451,fell silent,581,σίγησε
5982,100637452,and,581,δ’
5983,100637457,leafy,581,ὕλιμος
5984,100637458,glen,581,νάπη
5985,100637460,held,581,εἶχε
5986,100637455,silence,581,σῖγα
5987,100637456,and,581,δ’
5988,100637466,you would have heard,581,ἤκουσας
5989,100637464,not,581,οὐκ
5990,100637465,would,581,ἂν
5991,100637467,cry,581,βοήν
5992,100637462,of wild beasts,581,θηρῶν
5993,100637463,and,581,δ’
5994,100637475,having,582,δεδεγμέναι
5995,100637475,received,582,δεδεγμέναι
5996,100637474,clearly,582,σαφῶς
5997,100637473,not,582,οὐ
5998,100637472,sound,582,ἠχὴν
5999,100637471,the,582,ὠσὶν
6000,100637476,stood,582,ἔστησαν
6001,100637477,upright,582,ὀρθαὶ
6002,100637479,carried,582,διήνεγκαν
6003,100637480,girls,582,κόρας
6004,100637482,he,583,ὃ
6005,100637483,But,583,δ’
6006,100637484,again,583,αὖθις
6007,100637485,commanded,583,ἐπεκέλευσεν
6008,100637487,When,584,ὡς
6009,100637488,they,584,δ’
6010,100637489,recognized,584,ἐγνώρισαν
6011,100637490,clear,584,σαφῆ
6012,100637491,command,584,κελευσμὸν
6013,100637492,of Bacchus,584,Βακχίου
6014,100637493,of Cadmus,584,Κάδμου
6015,100637494,the daughters,584,κόραι
6016,100637496,flew,584,ᾖξαν
6017,100637497,like doves,584,πελείας
6018,100637498,swiftness,584,ὠκύτητ’
6019,100637499,not,584,οὐχ
6020,100637500,less,584,ἥσσονες
6021,100637501,of feet,584,ποδῶν
6022,100637502,run,584,τρέχουσαι
6023,100637503,swift,584,συντόνοις
6024,100637504,bounds,584,δραμήμασι
6025,100637506,mother,584,μήτηρ
6026,100637507,Agave,584,Ἀγαύη
6027,100637508,kindred,584,σύγγονοί
6028,100637510,of the same seed,584,ὁμόσποροι
6029,100637511,all,584,πᾶσαί
6030,100637513,bacchantes,584,βάκχαι
6031,100637516,And,585,δὲ
6032,100637515,over,585,διὰ
6033,100637517,torrent,585,χειμάρρου
6034,100637518,ravine,585,νάπης
6035,100637520,and,585,τ’
6036,100637519,crags,585,ἀγμῶν
6037,100637521,leaping,585,ἐπήδων
6038,100637524,inspired,585,ἐμμανεῖς
6039,100637523,breath,585,πνοαῖσιν
6040,100637522,god,585,θεοῦ
6041,100637526,when,586,ὡς
6042,100637527,And,586,δ’
6043,100637528,saw,586,εἶδον
6044,100637529,fir,586,ἐλάτῃ
6045,100637530,master,586,δεσπότην
6046,100637531,sitting,586,ἐφήμενον
6047,100637533,first,586,πρῶτον
6048,100637534,they,586,μὲν
6049,100637535,him,586,αὐτοῦ
6050,100637536,boulders,586,χερμάδας
6051,100637537,strong-throwing,586,κραταιβόλους
6052,100637538,threw,586,ἔρριπτον
6053,100637540,tower,586,ἀντίπυργον
6054,100637541,scaling,586,ἐπιβᾶσαι
6055,100637542,rock,586,πέτραν
6056,100637544,branches,586,ὄζοισί
6057,100637545,and,586,τ’
6058,100637546,fir,586,ἐλατίνοισιν
6059,100637547,hurled,586,ἠκοντίζετο
6060,100637549,Others,587,ἄλλαι
6061,100637550,threw,587,δὲ
6062,100637551,thyrsi,587,θύρσους
6063,100637552,threw,587,ἵεσαν
6064,100637553,through,587,δι’
6065,100637554,air,587,αἰθέρος
6066,100637555,Pentheus,587,Πενθέως
6067,100637557,target,587,στόχον
6068,100637558,wretched,587,δύστηνον
6069,100637560,But,588,ἀλλ’
6070,100637561,not,588,οὐκ
6071,100637562,adorned,588,ἤνυτον
6072,100637564,better,589,κρεῖσσον
6073,100637565,For,589,γὰρ
6074,100637572,wretched,589,τλήμων
6075,100637570,sitting,589,καθῆσθ’
6076,100637566,head,589,ὕψος
6077,100637567,held,589,τῆς
6078,100637568,high,589,προθυμίας
6079,100637574,perplexity,589,ἀπορίᾳ
6080,100637575,seized,589,λελημμένος
6081,100637569,man,589,ἔχων
6082,100637577,Finally,590,τέλος
6083,100637578,",",590,δὲ
6084,100637580,having struck,590,συγκεραυνοῦσαι
6085,100637579,oak,590,δρυΐνους
6086,100637581,branches,590,κλάδους
6087,100637580,down,590,συγκεραυνοῦσαι
6088,100637580,with lightning,590,συγκεραυνοῦσαι
6089,100637583,they tore up,590,ἀνεσπάρασσον
6090,100637582,the roots,590,ῥίζας
6091,100637584,with iron,590,ἀσιδήροις
6092,100637585,bars,590,μοχλοῖς
6093,100637587,since,591,ἐπεὶ
6094,100637588,And,591,δὲ
6095,100637589,labors,591,μόχθων
6096,100637590,end,591,τέρματ’
6097,100637591,no,591,οὐκ
6098,100637592,had,591,ἐξήνυτον
6099,100637594,spoke,591,ἔλεξ’
6100,100637595,Agave,591,Ἀγαύη
6101,100637597,Come,592,φέρε
6102,100637599,encircle,592,περιστᾶσαι
6103,100637600,encircle,592,κύκλῳ
6104,100637601,branch,592,πτόρθου
6105,100637602,seize,592,λάβεσθε
6106,100637602,it,592,λάβεσθε
6107,100637604,Maenads,592,μαινάδες
6108,100637609,so that,592,ὡς
6109,100637610,capture,592,ἕλωμεν
6110,100637612,no,592,μη
6111,100637613,one,592,-δ’
6112,100637614,announce,592,ἀπαγγείλῃ
6113,100637615,god,592,θεοῦ
6114,100637616,choruses,592,χοροὺς
6115,100637617,secret,592,κρυφαίους
6116,100637619,And,593,αἳ
6117,100637620,they,593,δὲ
6118,100637621,myriads,593,μυρίαν
6119,100637622,of hands,593,χέρα
6120,100637623,added,593,προσέθεσαν
6121,100637624,of fir,593,ἐλάτῃ
6122,100637625,and,593,κα-
6123,100637626,dragged,593,κἀξανέσπασαν
6124,100637627,the earth,593,χθονός
6125,100637629,ground-grazer,594,ὑψοῦ
6126,100637630,And,594,δὲ
6127,100637631,more swiftly,594,θάσσων
6128,100637632,from above,594,ὑψόθεν
6129,100637633,ground-grazer,594,χαμαιριφὴς
6130,100637634,falls,594,πίπτει
6131,100637635,to,594,πρὸς
6132,100637636,earth,594,οὖδας
6133,100637637,myriads,594,μυρίοις
6134,100637638,groans,594,οἰμώγμασιν
6135,100637639,Pentheus,594,Πενθεύς
6136,100637642,For,595,γὰρ
6137,100637645,learning,595,ἐμάνθανεν
6138,100637644,was,595,ὢν
6139,100637641,evil,595,κακοῦ
6140,100637643,near,595,ἐγγὺς
6141,100637647,first,596,πρώτη
6142,100637648,was,596,δὲ
6143,100637649,mother,596,μήτηρ
6144,100637650,begin,596,ἦρξεν
6145,100637651,priest,596,ἱερέα
6146,100637652,murder,596,φόνου
6147,100637653,and,596,καὶ
6148,100637654,throws,596,προσπίτνει
6149,100637655,him,596,νιν
6150,100637678,I,598,ἐγώ
6151,100637679,indeed,598,τοι
6152,100637681,mother,598,μῆτερ
6153,100637683,am,598,εἰμί
6154,100637685,son,598,παῖς
6155,100637686,of you,598,σέθεν
6156,100637687,Pentheus,598,Πενθεύς
6157,100637689,whom,598,ὃν
6158,100637690,you bore,598,ἔτεκες
6159,100637691,in,598,ἐν
6160,100637692,house,598,δόμοις
6161,100637693,of Echion,598,Ἐχίονος
6162,100637695,pity,599,οἴκτιρε
6163,100637696,and,599,δ’
6164,100637697,mother,599,ὦ
6165,100637698,mother,599,μῆτέρ
6166,100637699,me,599,με
6167,100637701,not,599,μη
6168,100637702,kill,599,-δὲ
6169,100637703,my,599,ταῖς
6170,100637704,my,599,ἐμαῖς
6171,100637705,errors,599,ἁμαρτίαισι
6172,100637706,son,599,παῖδα
6173,100637707,your,599,σὸν
6174,100637708,kill,599,κατακτάνῃς
6175,100637711,She,600,δ’
6176,100637713,having,600,ἐξιεῖσα
6177,100637712,cast,600,ἀφρὸν
6178,100637715,aside,600,διαστρόφους
6179,100637716,her,600,κόρας
6180,100637722,senses,600,χρὴ
6181,100637717,twisting,600,ἑλίσσουσ’
6182,100637715,the,600,διαστρόφους
6183,100637716,misguided,600,κόρας
6184,100637716,girls,600,κόρας
6185,100637727,holding,600,κατείχετ’
6186,100637729,back,600,οὐ
6187,100637729,those,600,οὐ
6188,100637719,who,600,οὐ
6189,100637719,did,600,οὐ
6190,100637719,not,600,οὐ
6191,100637720,understand,600,φρονοῦσ’
6192,100637721,what,600,ἃ
6193,100637722,they,600,χρὴ
6194,100637723,ought,600,φρονεῖν
6195,100637722,to,600,χρὴ
6196,100637720,understand,600,φρονοῦσ’
6197,100637727,held,600,κατείχετ’
6198,100637732,them,600,νιν
6199,100637725,from,600,ἐκ
6200,100637726,Bacchus,600,Βακχίου
6201,100637710,but,600,ἣ
6202,100637729,did,600,οὐ
6203,100637729,not,600,οὐ
6204,100637731,persuade,600,ἔπειθέ
6205,100637732,her,600,νιν
6206,100637734,Taking,601,λαβοῦσα
6207,100637735,the,601,δ’
6208,100637736,left,601,ὠλένης
6209,100637737,hand,601,ἀριστερὰν
6210,100637738,of,601,χέρα
6211,100637739,the,601,","
6212,100637740,woman,601,πλευραῖσιν
6213,100637741,she,601,ἀντιβᾶσα
6214,100637742,braced,601,τοῦ
6215,100637743,herself,601,δυσδαίμονος
6216,100637744,against,601,ἀπεσπάραξεν
6217,100637745,her,601,ὦμον
6218,100637746,sides,601,","
6219,100637747,and,601,οὐχ
6220,100637748,tore,601,ὑπὸ
6221,100637749,off,601,σθένους
6222,100637750,the,601,","
6223,100637751,shoulder,601,ἀλλ’
6224,100637752,of,601,ὁ
6225,100637753,the,601,θεὸς
6226,100637754,wretched,601,εὐμάρειαν
6227,100637755,one,601,ἐπεδίδου
6228,100637756,not,601,χεροῖν
6229,100637757,by,601,.
6230,100637758,strength,601,
6231,100637759,but,601,
6232,100637760,the,601,
6233,100637761,god,601,
6234,100637762,was,601,
6235,100637763,giving,601,
6236,100637764,ease,601,
6237,100637765,to,601,
6238,100637766,her,601,
6239,100637767,hands,601,
6240,100637758,Ino,602,Ἰνὼ
6241,100637759,was,602,δὲ
6242,100637760,these,602,τα-
6243,100637761,on,602,τἀπὶ
6244,100637762,opposite,602,θάτερ’
6245,100637763,working,602,ἐξειργάζετο
6246,100637765,tearing,602,ῥηγνῦσα
6247,100637766,flesh,602,σάρκας
6248,100637768,Autonoë,602,Αὐτονόη
6249,100637769,and,602,τ’
6250,100637770,crowd,602,ὄχλος
6251,100637771,and,602,τε
6252,100637772,whole,602,πᾶς
6253,100637773,were,602,ἐπεῖχε
6254,100637774,rushing,602,βακχῶν
6255,100637776,There,603,ἦν
6256,100637777,but,603,δὲ
6257,100637778,general,603,πᾶσ’
6258,100637779,outcry,603,ὁμοῦ
6259,100637780,outcry,603,βοή
6260,100637782,some,603,ὃ
6261,100637783,some,603,μὲν
6262,100637784,wailing,603,στενάζων
6263,100637785,as,603,ὅσον
6264,100637786,loudly,603,ἐτύγχαν’
6265,100637787,as,603,ἐμπνέων
6266,100637789,they,603,αἳ
6267,100637790,others,603,δ’
6268,100637791,shrieked,603,ἠλάλαζον
6269,100637793,brought,604,ἔφερε
6270,100637794,and,604,δ’
6271,100637795,She,604,ἣ
6272,100637797,arm,604,ὠλένην
6273,100637799,to,604,ἣ
6274,100637800,her,604,δ’
6275,100637801,footprint,604,ἴχνος
6276,100637802,sandals,604,αὐταῖς
6277,100637805,stripped,605,γυμνοῦντο
6278,100637806,And,605,δὲ
6279,100637807,sides,605,πλευραὶ
6280,100637808,rending,605,σπαραγμοῖς
6281,100637810,every,606,πᾶσα
6282,100637811,And,606,δ’
6283,100637812,stained,606,ᾑματωμένη
6284,100637813,hand,606,χεῖρας
6285,100637814,battering,606,διεσφαίριζε
6286,100637815,flesh,606,σάρκα
6287,100637816,Pentheus,606,Πενθέως
6288,100637818,lies,607,κεῖται
6289,100637819,part,607,δὲ
6290,100637820,apart,607,χωρὶς
6291,100637821,body,607,σῶμα
6292,100637823,part,607,τὸ
6293,100637825,under,607,ὑπὸ
6294,100637826,rugged,607,στύφλοις
6295,100637827,rocks,607,πέτραις
6296,100637829,part,607,τὸ
6297,100637831,fear,607,ὕλης
6298,100637832,of,607,ἐν
6299,100637833,deep-timbered,607,βαθυξύλῳ
6300,100637834,forest,607,φόβῃ
6301,100637836,not,607,οὐ
6302,100637837,easy,607,ῥᾴδιον
6303,100637838,task,607,ζήτημα
6304,100637845,Carrying,608,λαβοῦσα
6305,100637842,wretched,608,ἄθλιον
6306,100637840,head,608,κρᾶτα
6307,100637844,which,608,ὅπερ
6308,100637847,the mother,608,μήτηρ
6309,100637845,taking,608,λαβοῦσα
6310,100637844,it,608,ὅπερ
6311,100637848,her hands,608,χεροῖν
6312,100637850,has fastened,608,πήξασ’
6313,100637851,upon,608,ἐπ’
6314,100637852,the tip,608,ἄκρον
6315,100637853,of the thyrsus,608,θύρσον
6316,100637854,like,608,ὡς
6317,100637856,that,608,φέρει
6318,100637855,of a lioness,608,ὀρεστέρου
6319,100637857,from,608,λέοντος
6320,100637859,the very middle,608,Κιθαιρῶνος
6321,100637860,of Cithaeron,608,μέσου
6322,100637862,leaving,608,λιποῦσ’
6323,100637863,her sisters,608,ἀδελφὰς
6324,100637864,in,608,ἐν
6325,100637865,the dances,608,χοροῖσι
6326,100637866,of the maenads,608,μαινάδων
6327,100637868,goes,609,χωρεῖ
6328,100637869,pursuing,609,δὲ
6329,100637870,hunt,609,θήρᾳ
6330,100637871,wretched,609,δυσπότμῳ
6331,100637872,exulting,609,γαυρουμένη
6332,100637873,walls,609,τειχέων
6333,100637874,inside,609,ἔσω
6334,100637875,these,609,τῶνδ’
6335,100637877,calling,609,ἀνακαλοῦσα
6336,100637878,Bacchus,609,Βάκχιον
6337,100637879,hound-hunter,609,τὸν
6338,100637880,hound-hunter,609,ξυγκύναγον
6339,100637882,partner,609,τὸν
6340,100637883,partner,609,ξυνεργάτην
6341,100637884,chase,609,ἄγρας
6342,100637886,victor,609,τὸν
6343,100637887,beautiful,609,καλλίνικον
6344,100637889,whom,609,ᾧ
6345,100637890,tears,609,δάκρυα
6346,100637891,triumph,609,νικηφορεῖ
6347,100637893,I,610,ἐγὼ
6348,100637894,therefore,610,μὲν
6349,100637895,therefore,610,οὖν
6350,100637896,this,610,τῇδ’
6351,100637897,out,610,ἐκποδὼν
6352,100637898,of,610,τῇ
6353,100637899,misfortune,610,ξυμφορᾷ
6354,100637900,going,610,ἄπειμ’
6355,100637902,Agave,610,Ἀγαύην
6356,100637903,before,610,πρὶν
6357,100637904,go,610,μολεῖν
6358,100637905,to,610,πρὸς
6359,100637906,house,610,δώματα
6360,100637908,the,611,τὸ
6361,100637909,exercise,611,σωφρονεῖν
6362,100637910,and,611,δὲ
6363,100637911,and,611,καὶ
6364,100637912,revere,611,σέβειν
6365,100637913,the,611,τὰ
6366,100637914,things,611,τῶν
6367,100637915,of,611,θεῶν
6368,100637916,most,611,κάλλιστον
6369,100637929,dance,613,ἀναχορεύσωμεν
6370,100637930,Bacchic,613,Βάκχιον
6371,100637932,shout,613,ἀναβοάσωμεν
6372,100637933,calamity,613,ξυμφορὰν
6373,100637934,the,613,τὰν
6374,100637935,of,613,τοῦ
6375,100637936,dragon,613,δράκοντος
6376,100637937,Pentheus,613,Πενθέος
6377,100637938,born,613,ἐκγενέτα
6378,100637940,who,614,ὃς
6379,100637941,the,614,τὰν
6380,100637942,female,614,θηλυγενῆ
6381,100637943,attire,614,στολὰν
6382,100637944,nard,614,νάρθηκά
6383,100637945,and,614,τε
6384,100637947,faithful,614,πιστὸν
6385,100637948,Hades,614,Ἅιδαν
6386,100637950,took,614,ἔλαβεν
6387,100637951,straight,614,εὔθυρσον
6388,100637953,bull,614,ταῦρον
6389,100637954,leader,614,προηγητῆρα
6390,100637955,misfortunes,614,συμφορᾶς
6391,100637956,holding,614,ἔχων
6392,100637958,Bacchants,615,βάκχαι
6393,100637959,Cadmus,615,Καδμεῖαι
6394,100637961,a,615,τὸν
6395,100637962,glorious,615,καλλίνικον
6396,100637963,famous,615,κλεινὸν
6397,100637964,accomplished,615,ἐξεπράξατε
6398,100637965,into,615,ἐς
6399,100637966,groan,615,στόνον
6400,100637968,into,615,ἐς
6401,100637969,tears,615,δάκρυα
6402,100637971,fine,616,καλὸς
6403,100637972,contest,616,ἀγών
6404,100637974,hand,616,χέρ’
6405,100637975,dripping,616,αἵματι
6406,100637976,dripping,616,στάζουσαν
6407,100637977,wrap,616,περιβαλεῖν
6408,100637978,child's,616,τέκνου
6409,100637980,But,617,ἀλλ’
6410,100637982,see,617,εἰσορῶ
6411,100637983,since,617,γὰρ
6412,100637988,Agave,617,Ἀγαύην
6413,100637989,mother,617,μητέρ’
6414,100637987,of Pentheus,617,Πενθέως
6415,100637986,rushing,617,ὁρμωμένην
6416,100637984,into,617,ἐς
6417,100637985,the houses,617,δόμους
6418,100637992,eyes,617,ὄσσοις
6419,100637991,in a frenzy,617,διαστρόφοις
6420,100637994,receive,617,δέχεσθε
6421,100637995,the revelry,617,κῶμον
6422,100637996,of the happy,617,εὐίου
6423,100637997,god,617,θεοῦ
6424,100637999,Asian,618,Ἀσιάδες
6425,100638000,bacchants,618,βάκχαι
6426,100638002,Why,619,τί
6427,100638003,me,619,μ’
6428,100638004,pushing,619,ὀροθύνεις
6429,100638006,you,619,ὤ
6430,100638008,bring,620,φέρομεν
6431,100638009,from,620,ἐξ
6432,100638010,mountains,620,ὀρέων
6433,100638011,tendril,620,ἕλικα
6434,100638012,newly,620,νεότομον
6435,100638013,to,620,ἐπὶ
6436,100638014,halls,620,μέλαθρα
6437,100638016,blessed,620,μακάριον
6438,100638017,prey,620,θήραν
6439,100638019,see,621,ὁρῶ
6440,100638020,and,621,καί
6441,100638021,you,621,σε
6442,100638021,you,621,σε
6443,100638022,welcome,621,δέξομαι
6444,100638023,fellow reveler,621,σύγκωμον
6445,100638025,seized,622,ἔμαρψα
6446,100638026,this,622,τόνδ’
6447,100638031,youth,622,νέον
6448,100638032,youth,622,ἶνιν
6449,100638027,free,622,ἄνευ
6450,100638028,from,622,βρόχων
6451,100638029,lion,622,λέοντος
6452,100638030,lion,622,ἀγροτέρου
6453,100638034,So,623,ὡς
6454,100638035,see,623,ὁρᾶν
6455,100638036,beside,623,πάρα
6456,100638038,From,624,πόθεν
6457,100638039,desert,624,ἐρημίας
6458,100638041,Cithaeron,625,Κιθαιρὼν
6459,100638043,Cithaeron,626,Κιθαιρών
6460,100638045,slaughtered,627,κατεφόνευσέ
6461,100638046,him,627,νιν
6462,100638048,Who,628,τίς
6463,100638049,cast,628,ἁ
6464,100638050,cast,628,βαλοῦσα
6465,100638052,First,629,πρῶτον
6466,100638053,my,629,ἐμὸν
6467,100638055,prize,629,γέρας
6468,100638057,Happy,630,μάκαιρ’
6469,100638058,Agave,630,Ἀγαύη
6470,100638059,are,630,κλῃζόμεθ’
6471,100638059,called,630,κλῃζόμεθ’
6472,100638060,in,630,ἐν
6473,100638061,thyrsus-bands,630,θιάσοις
6474,100638063,Who,631,τίς
6475,100638064,else,631,ἄλλα
6476,100638066,The,632,τὰ
6477,100638067,of Cadmus,632,Κάδμου
6478,100638068,things,632,G?
6479,100638069,What,633,τί
6480,100638070,Cadmus,633,Κάδμου
6481,100638078,Touch,634,ἔθιγε
6482,100638077,this,634,τοῦδ’
6483,100638079,beast's,634,θηρός
6484,100638074,birth,634,ἐμὲ
6485,100638078,touch,634,ἔθιγε
6486,100638079,it,634,θηρός
6487,100638073,with,634,μετ’
6488,100638074,me,634,ἐμὲ
6489,100638075,with,634,μετ’
6490,100638076,me,634,ἐμὲ
6491,100638072,birth,634,γένεθλα
6492,100638081,fortunate,635,εὐτυχής
6493,100638082,is,635,γ’
6494,100638083,This,635,ἅδ’
6495,100638084,hunt,635,ἄγρα
6496,100638086,G?,636,G?
6497,100638087,Partake,637,μέτεχέ
6498,100638088,now,637,νυν
6499,100638089,banquet,637,θοίνας
6500,100638091,What,638,τί
6501,100638093,share,639,μετέχω
6502,100638095,suffering,639,τλᾶμον
6503,100638097,new,640,νέος
6504,100638098,A,640,ὁ
6505,100638099,calf,640,μόσχος
6506,100638100,just,640,ἄρτι
6507,100638101,born,640,γένυν
6508,100638106,sprouts,640,θάλλει
6509,100638102,beneath,640,ὑπὸ
6510,100638103,helmet,640,κόρυθ’
6511,100638104,soft,640,ἁπαλότριχα
6512,100638105,drooping,640,κατάκομον
6513,100638108,necessary,641,πρέπει
6514,100638109,then,641,γ’
6515,100638110,that,641,ὥστε
6516,100638111,wild beast,641,θὴρ
6517,100638112,wild,641,ἄγραυλος
6518,100638113,leaf,641,φόβῃ
6519,100638115,The,642,ὁ
6520,100638116,Bacchic,642,Βάκχιος
6521,100638117,hunter,642,κυναγέτας
6522,100638118,wise,642,σοφὸς
6523,100638119,wisely,642,σοφῶς
6524,100638120,spoke,642,ἀνέπηλ’
6525,100638121,against,642,ἐπὶ
6526,100638123,this,642,τόνδε
6527,100638122,beast,642,θῆρα
6528,100638124,the maenads,642,μαινάδας
6529,100638127,For,643,γὰρ
6530,100638126,the,643,ὁ
6531,100638128,lord,643,ἄναξ
6532,100638129,hunter,643,ἀγρεύς
6533,100638131,praising,644,ἐπαινεῖς
6534,100638133,praise,645,ἐπαινῶ
6535,100638135,Soon,646,τάχα
6536,100638136,the,646,δὲ
6537,100638137,Cadmeans,646,Καδμεῖοι
6538,100638139,And,647,καὶ
6539,100638140,child,647,παῖς
6540,100638141,indeed,647,γε
6541,100638142,Pentheus,647,Πενθεὺς
6542,100638144,mother,648,ματέρ’
6543,100638145,will be praised,648,ἐπαινέσεται
6544,100638147,having taken,648,λαβοῦσαν
6545,100638148,prey,648,ἄγραν
6546,100638149,this,648,τάνδε
6547,100638150,lion-born,648,λεοντοφυῆ
6548,100638152,Excess,649,περισσάν
6549,100638154,Excessively,650,περισσῶς
6550,100638156,Rejoice,651,ἀγάλλῃ
6551,100638158,rejoice,652,γέγηθα
6552,100638160,great,652,μεγάλα
6553,100638161,great,652,μεγάλα
6554,100638163,clear,652,φανερὰ
6555,100638164,these,652,τᾷδ’
6556,100638165,deeds,652,ἄγρᾳ
6557,100638166,accomplished,652,κατειργασμένα
6558,100638169,Now,653,νυν
6559,100638168,show,653,δεῖξόν
6560,100638172,wretched,653,τάλαινα
6561,100638174,your,653,σὴν
6562,100638175,victory-winning,653,νικηφόρον
6563,100638177,hunt,653,ἄγραν
6564,100638178,that,653,ἣν
6565,100638179,brought,653,φέρουσ’
6566,100638180,you have come,653,ἐλήλυθας
6567,100638182,O,654,ὦ
6568,100638183,fair-towered,654,καλλίπυργον
6569,100638184,city,654,ἄστυ
6570,100638185,Boeotian,654,Θηβαίας
6571,100638186,land,654,χθονὸς
6572,100638187,inhabitants,654,ναίοντες
6573,100638189,come,654,ἔλθεθ’
6574,100638190,so that,654,ὡς
6575,100638191,may see,654,ἴδητε
6576,100638192,this,654,τήνδ’
6577,100638193,hunt,654,ἄγραν
6578,100638195,Cadmus',654,Κάδμου
6579,100638196,daughters,654,θυγατέρες
6580,100638197,hunt,654,θηρὸς
6581,100638198,which,654,ἣν
6582,100638199,have captured,654,ἠγρεύσαμεν
6583,100638201,not,654,οὐκ
6584,100638202,curved,654,ἀγκυλητοῖς
6585,100638203,Thessalians,654,Θεσσαλῶν
6586,100638204,aim,654,στοχάσμασιν
6587,100638206,nor,654,οὐ
6588,100638207,nets,654,δικτύοισιν
6589,100638209,but,654,ἀλλὰ
6590,100638210,white-armed,654,λευκοπήχεσι
6591,100638211,hands,654,χειρῶν
6592,100638212,strength,654,ἀκμαῖσιν
6593,100638214,and,655,κα-
6594,100638215,Shall,655,κᾆτα
6595,100638216,go forth in triumph,655,κομπάζειν
6596,100638218,and,655,καὶ
6597,100638219,spear-maker,655,λογχοποιῶν
6598,100638220,tools,655,ὄργανα
6599,100638221,acquire,655,κτᾶσθαι
6600,100638222,in vain,655,μάτην
6601,100638224,we,656,ἡμεῖς
6602,100638225,But,656,δέ
6603,100638226,ourselves,656,γ’
6604,100638227,this,656,αὐτῇ
6605,100638228,hand,656,χειρὶ
6606,100638229,him,656,τόνδε
6607,100638230,and,656,θ’
6608,100638231,chosen,656,εἵλομεν
6609,100638233,apart,656,χωρίς
6610,100638234,from,656,τε
6611,100638235,beast,656,θηρὸς
6612,100638236,limbs,656,ἄρθρα
6613,100638237,carried,656,διεφορήσαμεν
6614,100638237,off,656,διεφορήσαμεν
6615,100638239,Where,657,ποῦ
6616,100638240,my,657,μοι
6617,100638241,father,657,πατὴρ
6618,100638242,the,657,ὁ
6619,100638243,old,657,πρέσβυς
6620,100638245,come,658,ἐλθέτω
6621,100638246,near,658,πέλας
6622,100638248,Pentheus,659,Πενθεύς
6623,100638250,my,659,ἐμὸς
6624,100638251,son,659,παῖς
6625,100638253,here,659,’στιν
6626,100638252,indeed,659,ποῦ
6627,100638255,Let,660,αἰρέσθω
6628,100638255,take,660,αἰρέσθω
6629,100638256,approaching,660,λαβὼν
6630,100638258,upon,660,πρὸς
6631,100638259,the,660,οἴκους
6632,100638259,houses,660,οἴκους
6633,100638260,of,660,κλιμάκων
6634,100638261,climbing-ladders,660,προσαμβάσεις
6635,100638267,this,660,τόδε
6636,100638268,lion's,660,λέοντος
6637,100638265,head,660,κρᾶτα
6638,100638263,so,660,ὡς
6639,100638263,that,660,ὡς
6640,100638264,may,660,πασσαλεύσῃ
6641,100638264,peg,660,πασσαλεύσῃ
6642,100638266,with,660,τριγλύφοις
6643,100638266,the,660,τριγλύφοις
6644,100638266,triglyphs,660,τριγλύφοις
6645,100638269,which,660,ὃν
6646,100638270,have,660,πάρειμι
6647,100638270,brought,660,πάρειμι
6648,100638270,as,660,πάρειμι
6649,100638270,a,660,πάρειμι
6650,100638270,trophy,660,πάρειμι
6651,100638274,Follow,661,ἕπεσθέ
6652,100638275,me,661,μοι
6653,100638276,carrying,661,φέροντες
6654,100638277,wretched,661,ἄθλιον
6655,100638278,burden,661,βάρος
6656,100638279,of Pentheus,661,Πενθέως
6657,100638281,Follow,661,ἕπεσθε
6658,100638283,attendants,661,πρόσπολοι
6659,100638285,houses,661,δόμων
6660,100638286,past,661,πάρος
6661,100638288,which,661,οὗ
6662,100638289,body,661,σῶμα
6663,100638290,I found,661,μοχθῶν
6664,100638291,torn apart,661,μυρίοις
6665,100638292,in,661,ζητήμασιν
6666,100638293,carry,661,φέρω
6667,100638294,this,661,τόδ’
6668,100638296,I found,661,εὑρὼν
6669,100638297,in,661,ἐν
6670,100638298,of Cithaeron,661,Κιθαιρῶνος
6671,100638299,folds,661,πτυχαῖς
6672,100638300,torn apart,661,διασπαρακτόν
6673,100638302,and,661,κα-
6674,100638303,nothing,661,κοὐδὲν
6675,100638304,at all,661,ἐν
6676,100638305,this,661,τα-
6677,100638306,very,661,ταὐτῷ
6678,100638307,plain,661,πέδῳ
6679,100638308,having taken,661,λαβών
6680,100638310,in,661,ἐν
6681,100638311,forest,661,ὕλῃ
6682,100638312,lying,661,κείμενον
6683,100638313,hard to discover,661,δυσευρέτῳ
6684,100638315,heard,662,ἤκουσα
6685,100638316,For,662,γάρ
6686,100638317,the,662,του
6687,100638318,daughters,662,θυγατέρων
6688,100638319,daring deeds,662,τολμήματα
6689,100638321,already,662,ἤδη
6690,100638322,inside,662,κατ’
6691,100638323,city,662,ἄστυ
6692,100638324,walls,662,τειχέων
6693,100638326,having gone,662,βεβὼς
6694,100638327,alongside,662,σὺν
6695,100638328,the,662,τῷ
6696,100638329,old man,662,γέροντι
6697,100638330,Tiresias,662,Τειρεσίᾳ
6698,100638331,Bacchants,662,Βακχῶν
6699,100638332,with,662,πάρα
6700,100638334,Again,663,πάλιν
6701,100638335,turning,663,δὲ
6702,100638336,back,663,κάμψας
6703,100638337,toward,663,εἰς
6704,100638338,the mountain,663,ὄρος
6705,100638339,I am bringing back,663,κομίζομαι
6706,100638340,the,663,τὸν
6707,100638341,dead,663,κατθανόντα
6708,100638342,child,663,παῖδα
6709,100638343,Maenads,663,Μαινάδων
6710,100638344,under,663,ὕπο
6711,100638353,saw,664,εἶδον
6712,100638349,Actaeon's,664,Ἀκτέων’
6713,100638352,mother,664,τεκοῦσαν
6714,100638354,Autonoe,664,Αὐτονόην
6715,100638356,and,664,θ’
6716,100638355,Ino,664,Ἰνώ
6717,100638357,together,664,ἅμα
6718,100638365,and,664,δ’
6719,100638366,told,664,εἶπέ
6720,100638367,someone,664,τίς
6721,100638368,me,664,μοι
6722,100638369,that,664,δεῦρο
6723,100638373,Agave,664,Ἀγαύην
6724,100638372,coming,664,στείχειν
6725,100638369,here,664,δεῦρο
6726,100638370,Bacchic,664,βακχείῳ
6727,100638371,foot,664,ποδὶ
6728,100638375,not,664,οὐ
6729,100638378,heard,664,ἠκούσαμεν
6730,100638377,of,664,ἄκραντ’
6731,100638376,being,664,-δ’
6732,100638377,at,664,ἄκραντ’
6733,100638377,the,664,ἄκραντ’
6734,100638377,very,664,ἄκραντ’
6735,100638377,top,664,ἄκραντ’
6736,100638346,I,664,καὶ
6737,100638350,Actaeon's,664,Ἀρισταίῳ
6738,100638358,again,664,ἔτ’
6739,100638359,amidst,664,ἀμφὶ
6740,100638360,the,664,δρυμοὺς
6741,100638361,throng,664,οἰστροπλῆγας
6742,100638362,wretched,664,ἀθλίας
6743,100638361,goaded,664,οἰστροπλῆγας
6744,100638361,throng,664,οἰστροπλῆγας
6745,100638359,around,664,ἀμφὶ
6746,100638360,grove,664,δρυμοὺς
6747,100638376,but,664,-δ’
6748,100638380,see,665,λεύσσω
6749,100638381,For,665,γὰρ
6750,100638382,her,665,αὐτήν
6751,100638384,vision,665,ὄψιν
6752,100638385,not,665,οὐκ
6753,100638386,happiness,665,εὐδαίμονα
6754,100638388,Father,666,πάτερ
6755,100638390,most,666,μέγιστον
6756,100638391,boast,666,κομπάσαι
6757,100638392,is possible,666,πάρεστί
6758,100638393,you,666,σοι
6759,100638395,all,666,πάντων
6760,100638396,best,666,ἀρίστας
6761,100638397,daughters,666,θυγατέρας
6762,100638398,sow,666,σπεῖραι
6763,100638399,greatly,666,μακρῷ
6764,100638400,mortals,666,θνητῶν
6765,100638402,all,667,ἁπάσας
6766,100638403,told,667,εἶπον
6767,100638405,especially,667,ἐξόχως
6768,100638406,and,667,δ’
6769,100638407,me,667,ἐμέ
6770,100638409,I,667,ἣ
6771,100638410,the,667,τὰς
6772,100638411,by,667,παρ’
6773,100638412,the looms,667,ἱστοῖς
6774,100638413,having left,667,ἐκλιποῦσα
6775,100638414,the shuttles,667,κερκίδας
6776,100638415,to,667,ἐς
6777,100638416,greater,667,μείζον’
6778,100638417,have come,667,ἥκω
6779,100638419,beasts,667,θῆρας
6780,100638420,hunt,667,ἀγρεύειν
6781,100638421,with my hands,667,χεροῖν
6782,100638423,carry,668,φέρω
6783,100638424,these,668,δ’
6784,100638425,in,668,ἐν
6785,100638426,arms,668,ὠλέναισιν
6786,100638428,as,668,ὡς
6787,100638429,see,668,ὁρᾷς
6788,100638431,these,668,τάδε
6789,100638432,offerings,668,λαβοῦσα
6790,100638433,breakfast,668,τα-
6791,100638434,breakfast,668,τἀριστεῖα
6792,100638436,your,668,σοῖσι
6793,100638437,before,668,πρὸς
6794,100638438,house,668,δόμοις
6795,100638439,hang,668,ὡς
6796,100638440,them,668,ἀγκρεμασθῇ
6797,100638442,you,669,σὺ
6798,100638443,But,669,δέ
6799,100638445,father,669,πάτερ
6800,100638447,receive,669,δέξαι
6801,100638448,with,669,χεροῖν
6802,100638450,Rejoicing,670,γαυρούμενος
6803,100638453,my,670,ἐμοῖς
6804,100638454,hunts,670,ἀγρεύμασιν
6805,100638455,invite,670,κάλει
6806,100638456,friends,670,φίλους
6807,100638457,to,670,ἐς
6808,100638458,banquet,670,δαῖτα
6809,100638461,For,671,γὰρ
6810,100638462,he,671,εἶ
6811,100638464,blessed,671,μακάριος
6812,100638466,these,671,ἡμῶν
6813,100638467,such,671,τοιάδ’
6814,100638468,accomplished,671,ἐξειργασμένων
6815,100638470,Oh,672,ὦ
6816,100638471,grief,672,πένθος
6817,100638472,immeasurable,672,οὐ
6818,100638473,measurable,672,μετρητὸν
6819,100638474,not,672,οὐ
6820,100638475,nor,672,-δ’
6821,100638476,it,672,οἷόν
6822,100638477,possible,672,τ’
6823,100638478,to behold,672,ἰδεῖν
6824,100638480,murder,672,φόνον
6825,100638481,wretched,672,ταλαίναις
6826,100638482,hands,672,χερσὶν
6827,100638483,wrought,672,ἐξειργασμένων
6828,100638488,Having sacrificed,673,καταβαλοῦσα
6829,100638485,beautiful,673,καλὸν
6830,100638486,a,673,τὸ
6831,100638487,victim,673,θῦμα
6832,100638489,to the gods,673,δαίμοσιν
6833,100638490,for,673,ἐπὶ
6834,100638491,a banquet,673,δαῖτα
6835,100638496,you invite,673,παρακαλεῖς
6836,100638493,these,673,τάσδε
6837,100638492,Thebans,673,Θήβας
6838,100638494,and,673,κα-
6839,100638495,me,673,κἀμὲ
6840,100638498,Alas,674,οἴμοι
6841,100638499,woes,674,κακῶν
6842,100638500,first,674,μὲν
6843,100638501,first,674,πρῶτα
6844,100638502,my,674,σῶν
6845,100638504,then,674,ἔπειτ’
6846,100638505,my,674,ἐμῶν
6847,100638507,So,675,ὡς
6848,100638508,the,675,ὁ
6849,100638509,god,675,θεὸς
6850,100638511,justly,675,ἐνδίκως
6851,100638510,us,675,ἡμᾶς
6852,100638512,though,675,μέν
6853,100638514,yet,675,ἀλλ’
6854,100638515,too,675,ἄγαν
6855,100638517,Bromios,675,Βρόμιος
6856,100638518,lord,675,ἄναξ
6857,100638520,our,675,οἰκεῖος
6858,100638519,destroyed,675,ἀπώλεσ’
6859,100638521,come to be,675,γεγώς
6860,100638523,How,676,ὡς
6861,100638524,difficult,676,δύσκολον
6862,100638525,old,676,τὸ
6863,100638526,age,676,γῆρας
6864,100638527,for humans,676,ἀνθρώποις
6865,100638528,has become,676,ἔφυ
6866,100638529,in,676,ἔν
6867,100638530,and,676,τ’
6868,100638531,eyes,676,ὄμμασι
6869,100638532,gloomy,676,σκυθρωπόν
6870,100638534,Would,677,εἴθε
6871,100638535,son,677,παῖς
6872,100638536,my,677,ἐμὸς
6873,100638537,carefree,677,εὔθηρος
6874,100638538,were,677,εἴη
6875,100638540,mother's,677,μητρὸς
6876,100638541,resembling,677,εἰκασθεὶς
6877,100638542,ways,677,τρόποις
6878,100638544,when,677,ὅτ’
6879,100638545,together,677,ἐν
6880,100638546,youths,677,νεανίαισι
6881,100638547,Theban,677,Θηβαίοις
6882,100638548,alongside,677,ἅμα
6883,100638549,beasts,677,θηρῶν
6884,100638550,hunting,677,ὀριγνῷτ’
6885,100638552,But,678,ἀλλὰ
6886,100638553,fight against,678,θεομαχεῖν
6887,100638554,only,678,μόνον
6888,100638555,alone,678,οἷός
6889,100638557,he,678,ἐκεῖνος
6890,100638556,worthy,678,τ’
6891,100638559,admonished,679,νουθετητέος
6892,100638561,father,679,πάτερ
6893,100638563,you,679,σο-
6894,100638564,are,679,σοὐστίν
6895,100638566,Who,680,τίς
6896,100638569,would,680,ἂν
6897,100638573,summon,680,καλέσειεν
6898,100638567,him,680,αὐτὸν
6899,100638568,here,680,δεῦρ’
6900,100638571,to,680,εἰς
6901,100638572,my,680,ἐμὴν
6902,100638570,sight,680,ὄψιν
6903,100638575,so,680,ὡς
6904,100638576,see,680,ἴδῃ
6905,100638577,me,680,με
6906,100638578,the,680,τὴν
6907,100638579,blessed,680,εὐδαίμονα
6908,100638579,one,680,εὐδαίμονα
6909,100638581,Away!,681,φεῦ
6910,100638582,Away!,681,φεῦ
6911,100638584,acted,682,φρονήσασαι
6912,100638585,with,682,μὲν
6913,100638586,madman,682,οἷ’
6914,100638587,acted,682,ἐδράσατε
6915,100638588,suffer,682,ἀλγήσετ’
6916,100638589,pain,682,ἄλγος
6917,100638590,terrible,682,δεινόν
6918,100638593,But,683,δὲ
6919,100638592,if,683,εἰ
6920,100638594,to the very end,683,διὰ
6921,100638595,end,683,τέλους
6922,100638596,in,683,ἐν
6923,100638597,this,683,τῷδ’
6924,100638598,always,683,ἀεὶ
6925,100638599,remained,683,μενεῖτ’
6926,100638600,in,683,ἐν
6927,100638601,the same,683,ᾧ
6928,100638602,have taken your stand,683,καθέστατε
6929,100638604,not,683,οὐκ
6930,100638605,fortunate,683,εὐτυχοῦσαι
6931,100638606,appear,683,δόξετ’
6932,100638607,though,683,οὐχὶ
6933,100638608,unhappy,683,δυστυχεῖν
6934,100638611,But,684,δ’
6935,100638610,why,684,τί
6936,100638612,not,684,οὐ
6937,100638613,well,684,καλῶς
6938,100638614,to one of these,684,τῶνδ’
6939,100638615,that,684,ἢ
6940,100638616,it,684,τί
6941,100638617,distressing,684,λυπηρῶς
6942,100638618,seems,684,ἔχει
6943,100638620,First,685,πρῶτον
6944,100638621,let,685,μὲν
6945,100638622,go,685,ἐς
6946,100638623,of,685,τόνδ’
6947,100638624,your,685,αἰθέρ’
6948,100638625,eye,685,ὄμμα
6949,100638626,into,685,σὸν
6950,100638627,this,685,μέθες
6951,100638628,air,685,.
6952,100638629,Look,686,ἰδού
6953,100638631,Why,687,τί
6954,100638632,me,687,μοι
6955,100638634,persuaded,687,ἐξυπεῖπας
6956,100638635,look,687,εἰσορᾶν
6957,100638633,this,687,τόνδ’
6958,100638638,you,688,αὑτὸς
6959,100638638,yourself,688,αὑτὸς
6960,100638639,will undergo,688,ἤ
6961,100638640,you,688,σοι
6962,100638641,change,688,μεταβολὰς
6963,100638643,think,688,δοκεῖ
6964,100638645,Brighter,689,λαμπρότερος
6965,100638646,than,689,ἢ
6966,100638647,before,689,πρὶν
6967,100638648,and,689,καὶ
6968,100638649,piercing,689,διειπετέστερος
6969,100638652,But,690,δὲ
6970,100638653,frightened,690,πτοηθὲν
6971,100638654,this,690,τόδ’
6972,100638655,still,690,ἔτι
6973,100638656,your,690,σῇ
6974,100638657,soul,690,ψυχῇ
6975,100638658,beside,690,πάρα
6976,100638660,not,691,οὐκ
6977,100638661,know,691,οἶδα
6978,100638662,word,691,το-
6979,100638663,word,691,τοὔπος
6980,100638664,this,691,τοῦτο
6981,100638666,become,692,γίγνομαι
6982,100638667,somehow,692,δέ
6983,100638668,sane,692,πως
6984,100638669,having,692,ἔννους
6985,100638671,shifted,692,μετασταθεῖσα
6986,100638672,my,692,τῶν
6987,100638673,mind,692,πάρος
6988,100638674,from,692,φρενῶν
6989,100638675,its,692,.
6990,100638676,former,692,
6991,100638677,state,692,
6992,100638676,hear,693,κλύοις
6993,100638677,Would,693,ἂν
6994,100638678,then,693,οὖν
6995,100638679,something,693,τι
6996,100638680,or,693,κα-
6997,100638681,answer,693,κἀποκρίναι’
6998,100638682,perhaps,693,ἂν
6999,100638683,clearly,693,σαφῶς
7000,100638685,As,694,ὡς
7001,100638686,I have been forgotten,694,ἐκλέλησμαί
7002,100638688,what,694,ἃ
7003,100638689,before,694,πάρος
7004,100638690,we said,694,εἴπομεν
7005,100638692,father,694,πάτερ
7006,100638694,To,695,ἐς
7007,100638695,what,695,ποῖον
7008,100638697,house,695,οἶκον
7009,100638698,wedding,695,ὑμεναίων
7010,100638699,guests,695,μέτα
7011,100638696,come,695,ἦλθες
7012,100638701,Spartoi,696,Σπαρτῷ
7013,100638702,me,696,μ’
7014,100638703,have given,696,ἔδωκας
7015,100638705,as,696,ὡς
7016,100638706,they say,696,λέγουσ’
7017,100638708,Echion,696,Ἐχίονι
7018,100638710,who,697,τίς
7019,100638711,then,697,οὖν
7020,100638712,in,697,ἐν
7021,100638713,house,697,οἴκοις
7022,100638714,son,697,παῖς
7023,100638715,born,697,ἐγένετο
7024,100638716,you,697,σῷ
7025,100638717,as,697,πόσει
7026,100638719,Pentheus,698,Πενθεύς
7027,100638721,myself,698,ἐμῇ
7028,100638722,both,698,τε
7029,100638723,both,698,καὶ
7030,100638724,my,698,πατρὸς
7031,100638725,fellowship,698,κοινωνίᾳ
7032,100638727,Whose,699,τίνος
7033,100638728,face,699,πρόσωπον
7034,100638729,then,699,δῆτ’
7035,100638732,do you hold,699,ἔχεις
7036,100638730,in,699,ἐν
7037,100638731,arms,699,ἀγκάλαις
7038,100638734,Of,700,λέοντος
7039,100638734,lion,700,λέοντος
7040,100638736,as,700,ὥς
7041,100638737,they,700,γ’
7042,100638738,said,700,ἔφασκον
7043,100638739,they,700,αἱ
7044,100638740,hunting,700,θηρώμεναι
7045,100638743,Now,701,νυν
7046,100638742,look,701,σκέψαι
7047,100638744,carefully,701,ὀρθῶς
7048,100638746,short,702,βραχὺς
7049,100638747,The,702,ὁ
7050,100638748,labor,702,μόχθος
7051,100638749,see,702,εἰσιδεῖν
7052,100638751,Stop,703,ἔα
7053,100638753,what,703,τί
7054,100638754,see,703,λεύσσω
7055,100638756,What,704,τί
7056,100638757,am I carrying,704,φέρομαι
7057,100638758,carrying,704,τόδ’
7058,100638759,in,704,ἐν
7059,100638760,hands,704,χεροῖν
7060,100638762,Observe,705,ἄθρησον
7061,100638763,it,705,αὐτὸ
7062,100638765,more clearly,705,σαφέστερον
7063,100638764,and,705,καὶ
7064,100638766,learn,705,μάθε
7065,100638763,it,705,αὐτὸ
7066,100638768,see,706,ὁρῶ
7067,100638769,greatest,706,μέγιστον
7068,100638770,grief,706,ἄλγος
7069,100638771,the,706,ἡ
7070,100638772,wretched,706,τάλαιν’
7071,100638773,me,706,ἐγώ
7072,100638775,like,707,μῶν
7073,100638776,you,707,σοι
7074,100638777,lion,707,λέοντι
7075,100638778,seem,707,φαίνεται
7076,100638779,approaching,707,προσεικέναι
7077,100638781,No,708,οὔκ
7078,100638783,but,708,ἀλλὰ
7079,100638784,of,708,Πενθέως
7080,100638785,I,708,ἡ
7081,100638786,poor,708,τάλαιν’
7082,100638786,wretch,708,τάλαιν’
7083,100638787,have,708,ἔχω
7084,100638788,head,708,κάρα
7085,100638784,Pentheus,708,Πενθέως
7086,100638790,wailing,709,ᾠμωγμένον
7087,100638792,before,709,πρόσθεν
7088,100638794,you,709,σὲ
7089,100638795,know,709,γνωρίσαι
7090,100638791,I,709,γε
7091,100638793,got,709,ἢ
7092,100638797,Who,710,τίς
7093,100638798,killed,710,ἔκτανέν
7094,100638799,him,710,νιν
7095,100638802,How,711,πῶς
7096,100638803,my,711,ἐμὰς
7097,100638805,hands,711,χέρας
7098,100638804,come,711,ἦλθεν
7099,100638807,Wretched,712,δύστην’
7100,100638808,truth,712,ἀλήθει’
7101,100638810,how,712,ὡς
7102,100638811,at,712,ἐν
7103,100638812,unseasonable,712,οὐ
7104,100638813,time,712,καιρῷ
7105,100638814,has passed,712,πάρει
7106,100638816,Speak,713,λέγ’
7107,100638818,for,713,ὡς
7108,100638819,the,713,τὸ
7109,100638820,future,713,μέλλον
7110,100638821,heart,713,καρδία
7111,100638822,leap,713,πήδημ’
7112,100638823,holds,713,ἔχει
7113,100638825,You,714,σύ
7114,100638826,him,714,νιν
7115,100638827,destroyed,714,κατέκτας
7116,100638828,and,714,καὶ
7117,100638829,sisters,714,κασίγνηται
7118,100638830,your,714,σέθεν
7119,100638830,from,714,σέθεν
7120,100638832,Where,715,ποῦ
7121,100638833,has,715,δ’
7122,100638834,perished,715,ὤλετ’
7123,100638836,Is,716,ἦ
7124,100638837,inside,716,κατ’
7125,100638838,house,716,οἶκον
7126,100638840,In,717,ἢ
7127,100638841,what,717,ποίοις
7128,100638842,places,717,τόποις
7129,100638844,reason,718,οὗπερ
7130,100638845,previously,718,πρὶν
7131,100638846,Actaeon,718,Ἀκτέωνα
7132,100638847,drove,718,διέλαχον
7133,100638848,hounds,718,κύνες
7134,100638851,But,719,δ’
7135,100638850,where,719,τί
7136,100638852,to,719,ἐς
7137,100638853,Cithaeron,719,Κιθαιρῶν’
7138,100638854,come,719,ἦλθε
7139,100638855,wretched,719,δυσδαίμων
7140,100638856,one,719,ὅδε
7141,100638858,mock,720,ἐκερτόμει
7142,100638859,god,720,θεὸν
7143,100638860,your,720,σάς
7144,100638861,and,720,τε
7145,100638862,Bacchic,720,βακχείας
7146,100638863,come,720,μολών
7147,100638866,But,721,δ’
7148,100638867,there,721,ἐκεῖσε
7149,100638868,how,721,τίνι
7150,100638869,way,721,τρόπῳ
7151,100638870,curse,721,κατήραμεν
7152,100638872,You,722,ἐμάνητε
7153,100638872,have,722,ἐμάνητε
7154,100638872,gone,722,ἐμάνητε
7155,100638872,mad,722,ἐμάνητε
7156,100638874,the,722,πᾶσά
7157,100638874,entire,722,πᾶσά
7158,100638875,and,722,τ’
7159,100638876,has,722,ἐξεβακχεύθη
7160,100638876,been,722,ἐξεβακχεύθη
7161,100638876,thrown,722,ἐξεβακχεύθη
7162,100638876,into,722,ἐξεβακχεύθη
7163,100638876,Bacchic,722,ἐξεβακχεύθη
7164,100638876,frenzy,722,ἐξεβακχεύθη
7165,100638877,city,722,πόλις
7166,100638879,Dionysus,723,Διόνυσος
7167,100638880,us,723,ἡμᾶς
7168,100638881,destroyed,723,ὤλεσ’
7169,100638883,now,723,ἄρτι
7170,100638884,realize,723,μανθάνω
7171,100638886,Insolence,724,ὕβριν
7172,100638887,when,724,γ’
7173,100638888,insulted,724,ὑβρισθείς
7174,100638891,For,725,γὰρ
7175,100638893,lead,725,ἡγεῖσθέ
7176,100638892,not,725,οὐχ
7177,100638894,the,725,νιν
7178,100638890,god,725,θεὸν
7179,100638896,The,726,τὸ
7180,100638897,dearest,726,φίλτατον
7181,100638899,body,726,σῶμα
7182,100638901,son,726,παιδός
7183,100638903,father,726,πάτερ
7184,100638905,I,727,ἐγὼ
7185,100638906,barely,727,μόλις
7186,100638907,this,727,τόδ’
7187,100638908,discovered,727,ἐξερευνήσας
7188,100638909,bringing,727,φέρω
7189,100638912,everything,728,πᾶν
7190,100638913,in,728,ἐν
7191,100638914,joints,728,ἄρθροις
7192,100638915,well-knit,728,συγκεκλῃμένον
7193,100638916,well-knit,728,καλῶς
7194,100638918,G,729,G?
7195,100638919,Pentheus,730,Πενθεῖ
7196,100638920,And,730,δὲ
7197,100638921,what,730,τί
7198,100638922,part,730,μέρος
7199,100638923,of,730,ἀφροσύνης
7200,100638924,is attributed,730,προσῆκ’
7201,100638925,my,730,ἐμῆς
7202,100638923,folly,730,ἀφροσύνης
7203,100638927,You,731,ὑμῖν
7204,100638928,have become,731,ἐγένεθ’
7205,100638929,like,731,ὅμοιος
7206,100638931,not,731,οὐ
7207,100638932,worshipping,731,σέβων
7208,100638933,god,731,θεόν
7209,100638935,Therefore,732,τοιγὰρ
7210,100638936,joined,732,συνῆψε
7211,100638937,all,732,πάντας
7212,100638938,to,732,ἐς
7213,100638939,a,732,μίαν
7214,100638940,ruin,732,βλάβην
7215,100638942,you,732,ὑμᾶς
7216,100638943,both,732,τε
7217,100638944,this,732,τόνδε
7218,100638945,man,732,θ’
7219,100638947,so,732,ὥστε
7220,100638948,destroy,732,διολέσαι
7221,100638949,house,732,δόμους
7222,100638950,and,732,κα-
7223,100638951,me,732,κἄμ’
7224,100638953,who,732,ὅστις
7225,100638954,childless,732,ἄτεκνος
7226,100638955,man,732,ἀρσένων
7227,100638956,of,732,παίδων
7228,100638957,born,732,γεγὼς
7229,100638958,your,732,τῆς
7230,100638959,blood,732,σῆς
7231,100638960,this,732,τόδ’
7232,100638961,shoot,732,ἔρνος
7233,100638963,oh,732,ὦ
7234,100638964,wretched,732,τάλαινα
7235,100638966,one,732,νηδύος
7236,100638967,wretched,732,αἴσχιστα
7237,100638968,most,732,καὶ
7238,100638969,shameful,732,κάκιστα
7239,100638970,wretched,732,κατθανόνθ’
7240,100638971,I,732,ὁρῶ
7241,100638973,oh,732,ᾧ
7242,100638974,house,732,δῶμ’
7243,100638975,looked,732,ἀνέβλεφ’
7244,100638977,who,732,ὃς
7245,100638978,held,732,συνεῖχες
7246,100638980,oh,732,ὦ
7247,100638981,child,732,τέκνον
7248,100638983,the,732,το-
7249,100638984,my,732,τοὐμὸν
7250,100638985,home,732,μέλαθρον
7251,100638987,son,732,παιδὸς
7252,100638988,from,732,ἐξ
7253,100638989,my,732,ἐμῆς
7254,100638990,being,732,γεγώς
7255,100638992,city,732,πόλει
7256,100638993,and,732,τε
7257,100638994,terror,732,τάρβος
7258,100638995,were,732,ἦσθα
7259,100638997,the,733,τὸν
7260,100638998,old man,733,γέροντα
7261,100639000,No one,733,οὐδεὶς
7262,100639001,insult,733,ὑβρίζειν
7263,100639002,would wish,733,ἤθελ’
7264,100639003,seeing,733,εἰσορῶν
7265,100639004,your,733,τὸ
7266,100639005,head,733,σὸν
7267,100639009,For,734,γὰρ
7268,100639011,you were receiving,734,ἐλάμβανες
7269,100639008,punishment,734,δίκην
7270,100639010,worthy,734,ἀξίαν
7271,100639013,Now,735,νῦν
7272,100639017,dishonored,735,ἄτιμος
7273,100639015,out,735,ἐκ
7274,100639016,house,735,δόμων
7275,100639018,expelled,735,ἐκβεβλήσομαι
7276,100639014,I,735,δ’
7277,100639020,Cadmus,735,Κάδμος
7278,100639022,great,735,μέγας
7279,100639024,who,735,ὃς
7280,100639028,sowed,735,ἔσπειρα
7281,100639025,the,735,τὸ
7282,100639027,race,735,γένος
7283,100639026,Thebans,735,Θηβαίων
7284,100639029,and,735,κα-
7285,100639030,cultivated,735,κἀξήμησα
7286,100639031,finest,735,κάλλιστον
7287,100639032,harvest,735,θέρος
7288,100639034,O,736,ὦ
7289,100639035,dearest,736,φίλτατ’
7290,100639036,of,736,ἀνδρῶν
7291,100639036,men,736,ἀνδρῶν
7292,100639038,for,736,καὶ
7293,100639039,even,736,γὰρ
7294,100639040,no,736,οὐκέτ’
7295,100639040,longer,736,οὐκέτ’
7296,100639041,one,736,ὢν
7297,100639042,though,736,ὅμως
7298,100639042,I,736,ὅμως
7299,100639043,am,736,τῶν
7300,100639044,of,736,φιλτάτων
7301,100639044,those,736,φιλτάτων
7302,100639045,to,736,ἔμοιγ’
7303,100639045,me,736,ἔμοιγ’
7304,100639046,count,736,ἀριθμήσῃ
7305,100639048,you,736,τέκνον
7306,100639048,child,736,τέκνον
7307,100639050,no,736,οὐκέτι
7308,100639050,longer,736,οὐκέτι
7309,100639051,touching,736,γενείου
7310,100639052,this,736,τοῦδε
7311,100639052,chin,736,τοῦδε
7312,100639054,with,736,χερί
7313,100639054,hand,736,χερί
7314,100639056,embrace,736,τὸν
7315,100639057,the,736,μητρὸς
7316,100639057,father,736,μητρὸς
7317,100639058,of,736,αὐδῶν
7318,100639058,the,736,αὐδῶν
7319,100639058,one,736,αὐδῶν
7320,100639058,who,736,αὐδῶν
7321,100639058,speaks,736,αὐδῶν
7322,100639058,of,736,αὐδῶν
7323,100639058,the,736,αὐδῶν
7324,100639058,mother,736,αὐδῶν
7325,100639060,shall,736,προσπτύξῃ
7326,100639062,child,736,τέκνον
7327,100639064,speaking,736,λέγων
7328,100639066,Who,737,τίς
7329,100639067,wronging,737,ἀδικεῖ
7330,100639069,who,737,τίς
7331,100639070,you,737,σ’
7332,100639071,insulting,737,ἀτιμάζει
7333,100639070,you,737,σ’
7334,100639073,old man,737,γέρον
7335,100639075,Who,738,τίς
7336,100639079,sorrowful,738,λυπηρὸς
7337,100639080,being,738,ὤν
7338,100639077,disturbs,738,ταράσσει
7339,100639076,your,738,σὴν
7340,100639078,heart,738,καρδίαν
7341,100639082,Speak,739,λέγ’
7342,100639084,so,739,ὡς
7343,100639085,punish,739,κολάζω
7344,100639086,the,739,τὸν
7345,100639087,one,739,ἀδικοῦντά
7346,100639088,you,739,σ’
7347,100639090,O,739,ὦ
7348,100639091,father,739,πάτερ
7349,100639093,Now,740,νῦν
7350,100639094,but,740,δ’
7351,100639095,wretched,740,ἄθλιος
7352,100639096,I,740,μέν
7353,100639097,am,740,εἰμ’
7354,100639098,I,740,ἐγώ
7355,100639100,pitiable,740,τλήμων
7356,100639101,but,740,δὲ
7357,100639102,you,740,σύ
7358,100639104,pitiable,741,οἰκτρὰ
7359,100639105,and,741,δὲ
7360,100639106,mother,741,μήτηρ
7361,100639108,pitiable,741,τλήμονες
7362,100639109,and,741,δὲ
7363,100639110,siblings,741,σύγγονοι
7364,100639113,But,742,δ’
7365,100639114,there is,742,ἔστιν
7366,100639115,anyone,742,ὅστις
7367,100639115,who,742,ὅστις
7368,100639117,is overwise,742,ὑπερφρονεῖ
7369,100639116,among,742,δαιμόνων
7370,100639124,the gods,742,θεούς
7371,100639123,let him,742,ἡγείσθω
7372,100639121,having looked,742,ἀθρήσας
7373,100639120,upon,742,τοῦδ’
7374,100639122,this death,742,θάνατον
7375,100639123,count,742,ἡγείσθω
7376,100639124,the gods,742,θεούς
7377,100639126,Your,743,τὸ
7378,100639128,Your,743,σὸν
7379,100639129,grief,743,ἀλγῶ
7380,100639131,Cadmus,743,Κάδμε
7381,100639134,But,744,δ’
7382,100639133,your,744,σὸς
7383,100639137,son,744,παῖς
7384,100639135,has,744,ἔχει
7385,100639136,punishment,744,δίκην
7386,100639139,worthy,744,ἀξίαν
7387,100639138,of a son,744,παιδὸς
7388,100639133,your,744,σὸς
7389,100639142,painful,744,ἀλγεινὴν
7390,100639146,O,745,ὦ
7391,100639147,father,745,πάτερ
7392,100639149,you see,745,ὁρᾷς
7393,100639150,for,745,γὰρ
7394,100639151,these,745,τα-
7395,100639152,things,745,τἄμ’
7396,100639153,how,745,ὅσῳ
7397,100639154,have been turned upside down,745,μετεστράφη
7398,100639157,dragon,746,δράκων
7399,100639158,will become,746,γενήσῃ
7400,100639159,changing,746,μεταβαλών
7401,100639161,wife,746,δάμαρ
7402,100639162,and,746,τε
7403,100639163,your,746,σὴ
7404,100639164,having been turned,746,ἐκθηριωθεῖσ’
7405,100639165,into,746,ὄφεος
7406,100639166,will exchange,746,ἀλλάξει
7407,100639167,form,746,τύπον
7408,100639169,which,746,ἣν
7409,100639170,of Ares,746,Ἄρεος
7410,100639171,possessed,746,ἔσχες
7411,100639172,Harmonia,746,Ἁρμονίαν
7412,100639173,mortal,746,θνητὸς
7413,100639174,man,746,γεγώς
7414,100639176,chariot,747,ὄχον
7415,100639177,But,747,δὲ
7416,100639178,heifers,747,μόσχων
7417,100639180,oracle,747,χρησμὸς
7418,100639181,as,747,ὡς
7419,100639182,says,747,λέγει
7420,100639183,Zeus,747,Διός
7421,100639185,drive,747,ἐλᾷς
7422,100639186,with,747,μετ’
7423,100639187,wife,747,ἀλόχου
7424,100639189,barbarians,747,βαρβάρων
7425,100639190,leading,747,ἡγούμενος
7426,100639192,many,748,πολλὰς
7427,100639193,has,748,δὲ
7428,100639194,sacked,748,πέρσεις
7429,100639195,innumerable,748,ἀναρίθμῳ
7430,100639196,army,748,στρατεύματι
7431,100639197,cities,748,πόλεις
7432,100639199,When,749,ὅταν
7433,100639200,they,749,δὲ
7434,100639201,Phoebus,749,Λοξίου
7435,100639202,oracle,749,χρηστήριον
7436,100639203,have seized,749,διαρπάσωσι
7437,100639205,return,749,νόστον
7438,100639206,wretched,749,ἄθλιον
7439,100639207,back,749,πάλιν
7440,100639208,will bring,749,σχήσουσι
7441,100639211,But,750,δ’
7442,100639212,Ares,750,Ἄρης
7443,100639215,forge,750,ῥύσεται
7444,100639213,Harmonia,750,Ἁρμονίαν
7445,100639214,and,750,τε
7446,100639221,establish,750,καθιδρύσει
7447,100639220,your,750,σὸν
7448,100639222,life,750,βίον
7449,100639218,in,750,ἐς
7450,100639219,the land,750,αἶαν
7451,100639216,of the blessed,750,μακάρων
7452,100639224,as,751,ταῦτ’
7453,100639225,Not,751,οὐχὶ
7454,100639226,mortal,751,θνητοῦ
7455,100639227,father,751,πατρὸς
7456,100639228,as,751,ἐκγεγὼς
7457,100639229,speaking,751,λέγω
7458,100639230,as,751,Διόνυσος
7459,100639232,but,751,ἀλλὰ
7460,100639233,Zeus,751,Ζηνός
7461,100639235,if,752,εἰ
7462,100639236,But,752,δὲ
7463,100639237,sensible,752,σωφρονεῖν
7464,100639238,come to know,752,ἔγνωθ’
7465,100639240,when,752,ὅτ’
7466,100639241,not,752,οὐκ
7467,100639242,wish,752,ἠθέλετε
7468,100639244,Dionysus,752,τὸν
7469,100639245,Zeus,752,Διὸς
7470,100639246,son,752,γόνον
7471,100639247,happy,752,εὐδαιμονεῖτ’
7472,100639248,would,752,ἂν
7473,100639249,ally,752,σύμμαχον
7474,100639250,having,752,κεκτημένοι
7475,100639252,Dionysus,753,Διόνυσε
7476,100639254,beseech,753,λισσόμεσθά
7477,100639255,you,753,σ’
7478,100639257,acted,753,ἠδικήκαμεν
7479,100639259,Too late,754,ὄψ’
7480,100639260,learned,754,ἐμάθεθ’
7481,100639261,us,754,ἡμᾶς
7482,100639263,when,754,ὅτε
7483,100639264,ought,754,δὲ
7484,100639265,ought,754,χρῆν
7485,100639267,not,754,οὐκ
7486,100639268,known,754,ᾔδετε
7487,100639270,know,755,ἐγνώκαμεν
7488,100639271,this,755,ταῦτ’
7489,100639273,But,756,ἀλλ’
7490,100639274,approach,756,ἐπεξέρχῃ
7491,100639275,too,756,λίαν
7492,100639277,even,757,καὶ
7493,100639278,For,757,γὰρ
7494,100639279,before,757,πρὸς
7495,100639280,you,757,ὑμῶν
7496,100639281,god,757,θεὸς
7497,100639282,was being,757,γεγὼς
7498,100639283,insulted,757,ὑβριζόμην
7499,100639286,fitting,758,πρέπει
7500,100639285,wrath,758,ὀργὰς
7501,100639287,gods,758,θεοὺς
7502,100639288,not,758,οὐχ
7503,100639289,resemble,758,ὁμοιοῦσθαι
7504,100639290,mortals,758,βροτοῖς
7505,100639292,Long ago,759,πάλαι
7506,100639294,Zeus,759,Ζεὺς
7507,100639296,my,759,οὑμὸς
7508,100639298,father,759,πατήρ
7509,100639297,nodded,759,ἐπένευσεν
7510,100639293,these,759,τάδε
7511,100639300,Alas,760,αἰαῖ
7512,100639302,decided,760,δέδοκται
7513,100639304,old,760,πρέσβυ
7514,100639304,man,760,πρέσβυ
7515,100639306,wretched,760,τλήμονες
7516,100639307,exiles,760,φυγαί
7517,100639309,what,761,τί
7518,100639310,then,761,δῆτα
7519,100639311,are,761,μέλλεθ’
7520,100639312,that,761,ἅπερ
7521,100639313,necessary,761,ἀναγκαίως
7522,100639314,do,761,ἔχει
7523,100639316,Oh,762,ὦ
7524,100639317,child,762,τέκνον
7525,100639319,into,762,ὡς
7526,100639320,a,762,ἐς
7527,100639321,terrible,762,δεινὸν
7528,100639322,we have,762,ἤλθομεν
7529,100639323,evil,762,κακὸν
7530,100639324,all,762,πάντες
7531,100639326,you,762,σύ
7532,100639327,and,762,θ’
7533,100639326,you,762,σύ
7534,100639329,wretched,762,τάλαινα
7535,100639330,one,762,σύγγονοί
7536,100639331,and,762,τε
7537,100639332,your,762,σαί
7538,100639334,I,762,ἐγώ
7539,100639335,and,762,θ’
7540,100639337,sufferer,762,τλήμων
7541,100639340,arrive,763,ἀφίξομαι
7542,100639339,barbarians,763,βαρβάρους
7543,100639341,old man,763,γέρων
7544,100639342,alien,763,μέτοικος
7545,100639344,still,764,ἔτι
7546,100639345,Yet,764,δέ
7547,100639346,I,764,μοι
7548,100639347,the,764,τὸ
7549,100639348,oracle,764,θέσφατον
7550,100639349,to,764,ἐς
7551,100639350,Greece,764,Ἑλλάδ’
7552,100639351,bring,764,ἀγαγεῖν
7553,100639352,mixed,764,μιγάδα
7554,100639353,barbarian,764,βάρβαρον
7555,100639354,army,764,στρατόν
7556,100639370,I,765,ἄξω
7557,100639370,shall,765,ἄξω
7558,100639370,lead,765,ἄξω
7559,100639356,the,765,καὶ
7560,100639357,the,765,τὴν
7561,100639359,child,765,παῖδ’
7562,100639356,of,765,καὶ
7563,100639358,Ares,765,Ἄρεως
7564,100639360,Harmony,765,Ἁρμονίαν
7565,100639363,my,765,ἐμήν
7566,100639363,own,765,ἐμήν
7567,100639362,wife,765,δάμαρτ’
7568,100639368,possesses,765,ἔχουσαν
7569,100639356,the,765,καὶ
7570,100639369,savage,765,ἀγρίαν
7571,100639367,nature,765,φύσιν
7572,100639356,of,765,καὶ
7573,100639365,a,765,δράκων
7574,100639365,dragon,765,δράκων
7575,100639356,and,765,καὶ
7576,100639366,a,765,δρακαίνης
7577,100639366,dragoness,765,δρακαίνης
7578,100639370,to,765,ἄξω
7579,100639375,Greek,765,Ἑλληνικούς
7580,100639372,altars,765,βωμοὺς
7581,100639373,and,765,καὶ
7582,100639374,graves,765,τάφους
7583,100639377,driving,765,ἡγούμενος
7584,100639378,her,765,λόγχαισιν
7585,100639378,with,765,λόγχαισιν
7586,100639378,spears,765,λόγχαισιν
7587,100639382,cease,766,παύσομαι
7588,100639380,not,766,οὐ
7589,100639381,from,766,-δὲ
7590,100639383,sufferings,766,κακῶν
7591,100639385,wretched,766,τλήμων
7592,100639384,one,766,ὁ
7593,100639387,nor,766,οὐ
7594,100639388,having,766,-δὲ
7595,100639392,sailed,766,πλεύσας
7596,100639390,descent,766,καταιβάτην
7597,100639389,of,766,τὸν
7598,100639391,Acheron,766,Ἀχέροντα
7599,100639394,become,766,γενήσομαι
7600,100639393,at rest,766,ἥσυχος
7601,100639396,Oh,767,ὦ
7602,100639397,father,767,πάτερ
7603,100639399,I,767,ἐγὼ
7604,100639400,shall,767,δὲ
7605,100639401,you,767,σοῦ
7606,100639402,having been deprived of,767,στερεῖσα
7607,100639403,flee,767,φεύξομαι
7608,100639405,Why,768,τί
7609,100639406,you,768,μ’
7610,100639407,wrap,768,ἀμφιβάλλεις
7611,100639406,me,768,μ’
7612,100639408,with,768,χερσίν
7613,100639408,hands,768,χερσίν
7614,100639411,wretched,768,τάλαινα
7615,100639412,child,768,παῖ
7616,100639414,bird,768,ὄρνις
7617,100639418,swan,768,κύκνος
7618,100639417,white-feathered,768,πολιόχρων
7619,100639415,how,768,ὅπως
7620,100639416,drone,768,κηφῆνα
7621,100639421,For,769,γὰρ
7622,100639420,where,769,ποῖ
7623,100639422,turn,769,τράπωμαι
7624,100639423,country,769,πατρίδος
7625,100639424,cast out,769,ἐκβεβλημένη
7626,100639426,not,770,οὐκ
7627,100639427,know,770,οἶδα
7628,100639429,child,770,τέκνον
7629,100639431,small,771,μικρὸς
7630,100639432,ally,771,ἐπίκουρος
7631,100639433,father,771,πατήρ
7632,100639435,Hail,772,χαῖρ’
7633,100639437,Hail,772,ὦ
7634,100639438,house,772,μέλαθρον
7635,100639440,Hail,772,χαῖρ’
7636,100639442,native,772,ὦ
7637,100639443,native,772,πατρία
7638,100639444,city,772,πόλις
7639,100639446,cast,773,ἐκλείπω
7640,100639447,you,773,σ’
7641,100639446,out,773,ἐκλείπω
7642,100639448,as,773,ἐπὶ
7643,100639450,fugitive,773,φυγὰς
7644,100639449,misfortune,773,δυστυχίᾳ
7645,100639451,from,773,ἐκ
7646,100639452,chambers,773,θαλάμων
7647,100639454,Go,774,στεῖχέ
7648,100639455,now,774,νυν
7649,100639457,son,774,ὦ
7650,100639458,son,774,παῖ
7651,100639460,along,774,τὸν
7652,100639461,Aristaeus,774,Ἀρισταίου
7653,100639462,path,774,G?
7654,100639464,anguish,775,στένομαί
7655,100639465,you,775,σε
7656,100639467,father,775,πάτερ
7657,100639469,I,776,κα-
7658,100639470,I,776,κἀγὼ
7659,100639471,you,776,σέ
7660,100639473,child,776,τέκνον
7661,100639475,and,776,καὶ
7662,100639476,your,776,σὰς
7663,100639477,wept,776,ἐδάκρυσα
7664,100639478,sisters,776,κασιγνήτας
7665,100639481,For,777,γὰρ
7666,100639480,dreadfully,777,δεινῶς
7667,100639484,Dionysus,777,Διόνυσος
7668,100639485,lord,777,ἄναξ
7669,100639482,this,777,τάνδ’
7670,100639483,curse,777,αἰκείαν
7671,100639490,brought,777,ἔφερεν
7672,100639488,to,777,εἰς
7673,100639486,your,777,τοὺς
7674,100639487,house,777,σοὺς
7675,100639493,For,778,γὰρ
7676,100639494,suffered,778,ἔπασχον
7677,100639495,terrible,778,δεινὰ
7678,100639495,things,778,δεινὰ
7679,100639496,from,778,πρὸς
7680,100639497,you,778,ὑμῶν
7681,100639499,uncollected,778,ἀγέραστον
7682,100639500,having,778,ἔχων
7683,100639501,name,778,ὄνομ’
7684,100639502,in,778,ἐν
7685,100639503,Thebes,778,Θήβαις
7686,100639505,Rejoice,779,χαῖρε
7687,100639507,father,779,πάτερ
7688,100639509,me,779,μοι
7689,100639511,Rejoice,780,χαῖρ’
7690,100639513,my,780,ὦ
7691,100639514,darling,780,μελέα
7692,100639515,daughter,780,θύγατερ
7693,100639517,difficulty,781,χαλεπῶς
7694,100639518,And,781,δ’
7695,100639519,at,781,ἐς
7696,100639520,this,781,τόδ’
7697,100639521,would,781,ἂν
7698,100639522,arrive,781,ἥκοις
7699,100639524,Come,782,ἄγετ’
7700,100639526,O,782,ὦ
7701,100639527,escorts,782,πομποί
7702,100639529,my,782,με
7703,100639530,sisters,782,κασιγνήτας
7704,100639531,so,782,ἵνα
7705,100639532,fellow,782,συμφυγάδας
7706,100639533,take,782,ληψόμεθ’
7707,100639534,pitiable,782,οἰκτράς
7708,100639536,wish,783,ἔλθοιμι
7709,100639538,where,783,ὅπου
7710,100639539,neither,783,μή
7711,100639540,nor,783,-τε
7712,100639541,Cithaeron,783,Κιθαιρὼν
7713,100639542,me,783,ἔμ’
7714,100639543,see,783,ἴδοι
7715,100639544,accursed,783,μιαρὸς
7716,100639548,eyes,783,ὄσσοισιν
7717,100639551,nor,783,μή
7718,100639553,where,783,ὅθι
7719,100639554,thyrsus,783,θύρσου
7720,100639555,memorial,783,μνῆμ’
7721,100639556,set up,783,ἀνάκειται
7722,100639558,bacchants,784,βάκχαις
7723,100639559,be,784,δ’
7724,100639560,other,784,ἄλλαισι
7725,100639561,care,784,μέλοιεν
7726,100639563,Many,785,πολλαὶ
7727,100639564,are,785,μορφαὶ
7728,100639565,the,785,τῶν
7729,100639566,divine,785,δαιμονίων
7730,100639568,many,785,πολλὰ
7731,100639569,do,785,δ’
7732,100639570,without,785,ἀέλπτως
7733,100639571,warning,785,κραίνουσι
7734,100639572,gods,785,θεοί
7735,100639573,strike,785,.
7736,100639574,And,786,καὶ
7737,100639575,what,786,τὰ
7738,100639576,seemed,786,δοκηθέντ’
7739,100639577,not,786,οὐκ
7740,100639578,come,786,ἐτελέσθη
7741,100639580,through,786,τῶν
7742,100639581,but,786,δ’
7743,100639582,had,786,ἀδοκήτων
7744,100639583,way,786,πόρον
7745,100639584,found,786,ηὗρε
7746,100639585,god,786,θεός
7747,100639576,likely,786,δοκηθέντ’
7748,100639578,to,786,ἐτελέσθη
7749,100639578,pass,786,ἐτελέσθη
7750,100639582,not,786,ἀδοκήτων
7751,100639582,been,786,ἀδοκήτων
7752,100639582,thought,786,ἀδοκήτων
7753,100639587,Such,787,τοιόνδ’
7754,100639588,has happened,787,ἀπέβη
7755,100639589,thing,787,τόδε
7756,100639590,thing,787,πρᾶγμα
