Unnamed: 0,translation,notes,sent_id
0,"I, the child of Zeus, Dionysus, have come to this land of the Thebans, whom once the daughter of Cadmus, Semele, bore while giving birth in lightning-bearing fire.","The sentence features a prominent appositional structure where 'Διοὺς παῖς' (child of Zeus) and 'Διόνυσος' (Dionysus) are placed in apposition to the subject 'ἡκω' (I have come), creating a self-introduction that emphasizes divine lineage. The verb 'ἡκω' (I have come) is in the perfect tense, indicating a present state resulting from a past action, here signifying the god's arrival and current presence in Thebes. The relative clause 'ὃν τίκτει...' (whom... bore) provides the genealogical background, identifying Semele as the mother and Cadmus as the grandfather. The phrase 'λοχευθεῖσ' ἄστραπτοφόρῳ πυρί' (giving birth in lightning-bearing fire) uses the aorist middle participle 'λοχευθεῖσ' (giving birth) to describe the manner of birth, which is a key mythological element: Semele was consumed by Zeus's lightning while pregnant with Dionysus, necessitating his birth from Zeus's thigh. The use of 'ποθ'' (once/sometime) adds a temporal distance to the event, contrasting the past tragedy with the present arrival. The syntax flows from the declaration of identity to the location, then to the divine parentage, culminating in the dramatic circumstances of birth. The phrase 'ἄστραπτοφόρῳ πυρί' (lightning-bearing fire) is a compound adjective that vividly personifies the lightning as a carrier of fire, enhancing the imagery of the divine intervention. The sentence structure is typical of tragic monody, where the protagonist reveals their identity and origins in a single, powerful statement.",0
1,"Having exchanged my form for a mortal one, I am present at the waters of Dirce and the stream of the Ismenus.","The sentence employs a perfective aorist participle (ἀμείψας) to denote a completed action occurring prior to the main verb (παρειμι), a common narrative strategy to establish the speaker's transformed state before asserting their current presence. The phrase 'μορφήν... βροτησίαν' (a mortal form) highlights the central theme of the play: the god Dionysus assuming human guise to challenge the Theban king. The use of the enclitic conjunction '-τε' (here written as θ') creates a copulative link between the two geographical water sources, Dirce and Ismenus, which are sacred springs in Thebes. The asyndeton between the participle clause and the main verb creates a swift, declarative rhythm, emphasizing the immediacy of the god's appearance. The choice of 'ναμάτων' (waters/springs) and 'ὕδωρ' (water) for the same location serves to elevate the local geography to a sacred context appropriate for a deity's introduction.",1
2,"I see the tomb of my mother, the thunder-struck one, this close by the houses and the ruins of the buildings, smoldering with the flame of Zeus's fire, even now living, the immortal mother of Hera, in response to my insolence.","The sentence features a complex appositional structure where 'φλόγα' (flame) is equated with 'Ἥρας μητέρα' (mother of Hera), creating a striking theological and mythological paradox: the living fire of Zeus is identified as the mother of Hera. The participle 'τυφόμενα' (smoldering) and the perfect active participle 'ζώσαν' (living) create a vivid image of the tomb as an active, burning entity rather than a static monument. The use of 'ὑβρίν' (insolence/hubris) as the object of 'εἰς' (toward/against) highlights the Greek tragic theme of divine retribution against human arrogance. The syntax places the physical description of the ruins before the theological identification of the fire, emphasizing the tangible evidence of the gods' wrath. The sentence also exhibits a form of asyndeton in the listing of locations ('οἴκων και δόμων') which are closely linked, though a conjunction is present, the density of the genitive phrases creates a compressed, breathless rhythm typical of Euripidean choral odes describing catastrophe.",2
3,"I praise Cadmus, who makes this ground a forbidden place, the shrine of his daughter.","The sentence employs a participial relative clause (ὅς τιθήσι) to describe Cadmus's action. The adjective ἄβατον (forbidden, inaccessible) modifies the accusative noun πῆδον (ground/earth), emphasizing the sacred and restricted nature of the location. The phrase σηκόν θυγατρός (shrine of the daughter) functions as an apposition to πῆδον, identifying the specific purpose of the ground. The construction highlights the duality of Cadmus's role: he is both the founder of Thebes and the one who designates a specific, sacred area (likely the cave of the Nymphs or a similar spot) as off-limits to mortals, consecrated to his daughter Agave. The use of the demonstrative adjective τοῦδε (this) draws immediate attention to the specific spot being discussed in the dramatic context. The syntax reflects the solemn tone of a choral ode, praising the king while simultaneously marking the sanctity of the divine space he has established.",3
4,I have covered her all around with the verdant cluster-bearing foliage of the vine.,"The sentence features a strong emphatic structure where the direct object 'her' (νιν) is placed immediately after the conjunction 'but' (δέ), creating a focal point before the subject 'I' (ἐγώ) appears. The verb καλύπτω (to cover/shroud) is in the aorist active indicative, denoting a completed action of concealment or protection. The preposition περίξ (all around) combined with the genitive αμπέλου (of the vine) establishes a spatial enclosure. The phrase βοτρυώδει χλόῃ utilizes a dative of means or instrument, describing the material used for covering: the 'grass' or 'foliage' (χλόη) is qualified by the adjective 'cluster-bearing' (βοτρυώδης), a specific epithet highlighting the fertility and wild nature of the vine associated with Dionysiac worship. The imagery evokes the ritualistic wrapping or hiding of a figure (likely a devotee or the god himself in disguise) within the lush, untamed vegetation of the vineyard, a common motif in the cult of Dionysus symbolizing both concealment and the intoxicating power of nature.",4
5,"Having abandoned the gold-fenced fields of the Lydians and the Phrygians, and the sun-struck stone slabs of the Persians, and having advanced upon the walls of the Bactrians and the hostile land of the Medes, and having come to the blessed Arabia and to all of Asia, which lies beside the salty sea and holds mixed assemblies of Greeks and barbarians together, full of well-towered cities, I first came to this city of the Greeks, having danced the dances here and established my own rites, so that I might be a visible god to mortals.","This passage exemplifies the grand, enumerative style characteristic of Dionysiac theophany in tragedy. The speaker, Dionysus, employs a long, sweeping list of geographic locations (Lydians, Phrygians, Persians, Bactrians, Medes, Arabia, Asia) connected by the copulative particle 'τε' (te) and the enclitic '-θ' (th') to convey the vastness of his conquests and the universality of his cult. The syntax creates a rhythmic accumulation of power before the climax of his arrival in Thebes ('this city of the Greeks'). The phrase 'μιγασίν Ἕλλησι βάρβαροις θ' ὁμοῦ' (mixed Greeks and barbarians together) highlights the central theme of the play: the dissolution of traditional cultural boundaries and the unifying, often chaotic, power of the god. The use of participles ('λιπών', 'ἐπελθών') creates a temporal sequence leading to the main verb ('ἤλθον'), emphasizing the journey as a prelude to the current revelation. The final clause introduced by 'ἵνα' (hina) with the optative 'εἴην' (eīēn) expresses the purpose of this arrival: to manifest his divinity ('ἐμφανής δαίμων') to humanity ('βροτοῖς'), a key motif in Euripides' exploration of the nature of the divine.",5
6,"I first raised a loud cry over the first cities of this Hellenic land, having flung off the fawn-skin, and having given the thyrsus into my hand, the ivy-tipped dart.","The sentence employs a series of aorist participles (ἐξαψας, δούς) that function adverbially, modifying the main verb (ἠνωλόλυξα) to describe the accompanying actions of the speaker. The use of the demonstrative pronoun ὁδε (τησδε) emphasizes the immediate presence of the 'Hellenic land' in the context of the speaker's arrival. The phrase κισσινον βελος (ivy-tipped dart) serves as an apposition to θυρσον (thyrsus), a common rhetorical device in Greek tragedy to clarify or intensify the imagery of the god's attribute. The syntactic structure creates a vivid, sequential narrative of transformation, moving from the act of shouting to the physical preparation of the god's regalia. The term νεβριδ' refers to the skin of a fawn, a distinctive garment associated with the worship of Dionysus and his retinue, symbolizing the god's connection to the wild and untamed nature.",6
7,"For my sisters, whom I should least have expected, did not claim that Dionysus was born from Zeus, but reported that Semele, having been married to a certain mortal, carried her bed-chamber sin to Zeus, the tricks of Cadmus, for which he boasted that Zeus ought to kill her, because she had lied about the marriage.","This sentence features a complex periodic structure with multiple layers of subordinate clauses. The main verb 'ἐφάσκον' (they claimed) governs two contrasting infinitive phrases connected by 'δέ' (but): first, the denial of Dionysus's divine birth, and second, the accusation regarding Semele. The phrase 'ἡκιστα χρὴ' (it was least necessary/expected) uses an impersonal construction with the genitive relative pronoun 'ἃς' (whom) to express strong surprise at the sisters' lack of faith. The syntax shifts from the sisters' speech to the content of their report, introducing Cadmus's 'σοφίσματα' (tricks/stratagems) as the cause of the deception. The relative clause 'ὧν οὕνεκα' (for which reason) links Cadmus's boasting to the specific lie about the marriage ('γάμους ἐψεύσατο'). The use of 'λεχῆς ἀμαρτίαν' (sin of the bed) is a euphemistic periphrasis for adultery, highlighting the sexual nature of the deception. The sentence employs asyndeton in the listing of accusations and a chiastic flow in the attribution of truth and falsehood between the sisters, Semele, and Cadmus.",7
8,"Therefore, I myself drove her out from the house with frenzies, but the mountain is inhabited by those mad in their minds.","The sentence exhibits a clear antithetical structure contrasting the speaker's action with the location of the subjects. The particle τοιγαρ (therefore) indicates a conclusion drawn from previous context. The use of the intensifying pronoun αυτας (myself/themselves, here emphatic for the subject) with νιν (her) highlights the personal agency of the speaker. The verb οἰστρησ' (drove/goaded) implies a forceful expulsion, driven by μανίαις (frenzies/raves), an instrumental dative plural indicating the means or manner of the action. The second clause introduces a shift in subject to ὀρος (the mountain), described as being inhabited (οικουσι) by παρακοποι φρενων (those mad in their minds). The phrase παρακοποι φρενων is a poetic construction where the adjective 'mad' is qualified by the genitive plural of 'mind', creating a compact image of mental derangement. The sentence employs a chiasmus-like balance between the human action of driving out and the divine/mountain dwelling of the mad, reflecting the Bacchic theme of the boundaries between the domestic sphere and the wild, ecstatic state.",8
9,"He forced [them] to carry the equipment of my rites, and he drove all the female seed of the Cadmeians, all the women who were [there], out of the houses.","The sentence employs a compound predicate structure coordinated by 'καί' (and), where the first verb 'ἠνάγκασε' (he forced) governs an infinitive clause ('ἔχειν' - to have/carry), while the second verb 'ἐξήμηνα' (he drove out) governs a direct object phrase. The phrase 'σπερμα θηλυ' (female seed) is a striking metaphorical construction where 'seed' (σπέρμα) denotes the collective female population, emphasizing their biological role or lineage under the rule of Cadmus. The relative clause 'ὅσαι γυναικες ἦσαν' (all the women who were) functions as an apposition to 'σπέρμα', clarifying the extent of the group affected. The syntax moves from a specific command regarding sacred objects ('σκευὴν... ὀργίων') to a sweeping, violent expulsion of the entire female demographic from domestic spaces ('ἐξήμηνα δωματων'). The use of the perfective aorist for both main verbs ('ἠνάγκασε', 'ἐξήμηνα') suggests a completed, decisive action by the speaker (Dionysus), marking the total subversion of traditional domestic order.",9
10,And mixed with the children of Cadmus are the green rocks beneath the roofless firs.,"This sentence employs a passive periphrastic construction (ἧνται) with a dative of agent or location context, though here the prepositional phrase (ὑπ’ ἐλάταις) functions adverbially to denote location ('beneath the firs'). The adjective ἀνορόφοις ('roofless' or 'without a roof') is used poetically to describe the firs, attributing a human architectural quality to nature, a common technique in Greek tragedy to evoke the wild, untamed state of the mountainous setting. The word order creates a chiasmus-like effect between the prepositional phrase modifying the subject and the subject itself, emphasizing the integration of the natural elements (rocks and trees) with the human figures (the children of Cadmus). The phrase 'children of Cadmus' refers to the Maenads, the female followers of Dionysus, who are often depicted as blending with nature in their ecstatic rituals. The use of χλωραῖς ('green') for the firs highlights the vitality and freshness of the natural setting, contrasting with the potential danger or madness associated with the scene.",10
11,"For it is necessary to learn this city, even if it does not wish to, as being incomplete in my rites, and to defend me before mortals, appearing as a god whom Semele, the mother, bore to Zeus.","The sentence opens with an impersonal construction using the dative of the infinitive (here expressed via the accusative-infinitive structure with δεἰ γὰρ) to establish a necessity. The phrase 'even if it does not wish to' (καί κει μη̂ θελεῖ) introduces a concessive clause, highlighting the resistance of the city (Thebes) to the divine message. The adjective ατελεστον (incomplete/unfinished) describes the city's current state regarding the Bacchic rites, implying that without Dionysus's worship, the city is spiritually deficient. The use of the future active participle φανέντα (having appeared) with the accusative object μ' (me) creates a dynamic sense of the god revealing himself to mortals. The relative clause 'whom Semele... bore to Zeus' (ὅν... τίκτει Διί) serves to clarify Dionysus's divine parentage, emphasizing his dual nature as both mortal-born (through Semele) and divine (through Zeus). The sentence employs a chiastic structure in the final clause, where the order of the mother and father mirrors the birth process, reinforcing the divine lineage. The use of τε (and) to connect the two infinitives (to learn and to defend) suggests a dual purpose for the city's transformation.",11
12,"So now Cadmus indeed gives the prize and the kingship to Pentheus, who was born of his daughter, since he fights against the gods concerning me and pushes me away from the libations, and he has no memory of me in his prayers.","The sentence employs a chiastic structure in the final clause regarding the omission of the speaker: Pentheus acts against the speaker ('fights against me', 'pushes me away') while simultaneously ignoring the speaker in religious contexts ('no memory in prayers'). The verb θεομαχεῖ (fights against the gods) is a powerful compound indicating impiety, a central theme in the Bacchae where Pentheus resists Dionysus. The participle ἐκπεφυκόντι (having been born from) is a periphrastic construction emphasizing the origin of Pentheus from the daughter (Semele). The use of μέν... δέ (implied by the context of the relative clause contrasting with the main action) and the enclitic τε... τε... (connecting the accusations) highlights the systematic nature of Pentheus's offenses. The phrase σπονδῶν ἀπὸ ὠθεῖ (pushes away from libations) metaphorically suggests the exclusion of the speaker from the sacred rites and community.",12
13,"For this reason, I, a god, will show myself to him and to all the Thebans.","The sentence features the connective particle 'τε' (te) coordinating the dative objects 'αὐτῷ' (to him) and 'Θηβαίοισιν' (to the Thebans), a common structure in tragic dialogue to group recipients of an action. The phrase 'ὧν ἕνεκα' (for which reason/for these things) functions as a causal adverbial modifier derived from the relative pronoun 'ὧν' (genitive plural), linking this declaration to the preceding context of divine manifestation. The use of the middle voice 'ἐνδείξομαι' (I will show myself) is significant, as it emphasizes the deity's self-revelation rather than a transitive act performed upon an object. The particle 'γέ' (here attached as 'γε' after 'θεός') adds emphasis, reinforcing the speaker's divine identity ('I, a god'). The dative case for both recipients indicates the indirect objects of the verb 'to show,' while the plural 'Θηβαίοισιν' specifically targets the collective citizenry of Thebes, highlighting the public nature of the impending revelation.",13
14,"But I will set my foot down on another land, here placing it well, showing myself.","The sentence features a prominent use of the present active participle 'θεμένης' (from τιθήμι, though here used in the middle/passive form 'θεμένης' or 'θεμένη' depending on dialectal variation, here parsed as a middle participle 'θεμένης' acting adverbially) alongside the future active indicative 'μεταστήσω'. The adverb 'εὖ' (well, happily) modifies the action of placing the foot, suggesting a favorable or auspicious arrival. The phrase 'δεικνύς εμαυτόν' (showing myself) utilizes the middle voice of the participle to indicate the subject acting upon himself, emphasizing self-revelation or the assertion of presence. The sentence structure employs asyndeton, lacking a conjunction between the participial clauses and the main verb, creating a rapid, decisive rhythm that mirrors the action of stepping onto new ground. The use of 'χθόνα' (land/earth) is culturally significant in Greek tragedy, often marking a shift from the known to the unknown or the sacred to the profane. The enjambment of 'τα-' and 'τανθένδε' (from this place) highlights the spatial transition from the current location to the new land.",14
15,"For if there is a city of the Thebans seeking to lead Bacchants with weapons out of the mountains in anger, I shall join battle with the leader of the mad ones.","The sentence opens with a conditional clause introduced by the particle ἐάν (here appearing as ἢν due to prosodic elision or scribal variation common in transmitted texts), setting a hypothetical scenario. The subject of the conditional clause is πόλις (city), which is personified as the agent performing the action of 'seeking' (ζητεῖν) to lead the Bacchants. The phrase ὀργῇ (with anger/due to wrath) functions as an adverbial of cause or manner, coloring the city's motivation. The prepositional phrases σύν ὅπλοις (with weapons) and ἐξ ὅρους (out of the mountain) depict the specific circumstances of this potential incursion, highlighting the martial and extraterritorial nature of the threat. The main clause employs the future indicative ξυναψῶ (I shall join/connect), which in this military context implies engaging in battle or linking forces against the enemy. The object of this joining is the dative plural μαινάσι (to the mad ones), modified by στρατηλάτων (of the leaders/commanders), creating a vivid image of the speaker preparing to fight the commanders of the frenzied followers. The syntax juxtaposes the collective, potentially chaotic action of the 'city' with the singular, decisive action of the speaker. The use of the plural στρατηλάτων with the singular implied 'leader' or the collective 'leaders' suggests a focus on the command structure of the enemy force.",15
16,"For this reason, having exchanged my mortal form, I have taken on a different shape and transformed my own nature into that of a man.","The sentence employs a periphrastic construction where the participle αλλαξας (having exchanged) sets up a causal context for the main verbs εχω (I have) and μετεβαλον (I transformed), connected by the enclitic coordinating particle τε (and). The phrase ων ουνεκ' (for this reason) acts as a causal adverbial modifier, likely referring to a preceding argument regarding the necessity of the transformation. Stylistically, the text utilizes a chiastic-like balance between 'exchanging form' (ειδος... αλλαξας) and 'transforming nature' (μορφην... μετεβαλον), emphasizing the completeness of the deity's disguise. The specific reference to 'nature' (φυσιν) highlights a metaphysical shift rather than merely a superficial change in appearance, a common theme in Euripides' depiction of Dionysus, who blurs the boundaries between divine and mortal realities. The genitive ανδρος (of a man) modifying φυσιν indicates the specific type of nature assumed, contrasting with the 'mortal' (θνητον) nature previously possessed.",16
17,"But, having left the stronghold of Lydia, Mount Tmolus, my band, women, whom I brought from barbarians as companions and fellow-travelers to me, choose for yourselves these local drums in the city of the Phrygians, and the discoveries of Rhea and of my own mother, and, having come to these royal houses, strike them about the palace of Pentheus, so that the city of Cadmus may see [it].","The sentence opens with an apostrophe to the Maenads, addressing them as 'my band' (θιάσος) and 'women' (γυναῖκες). The speaker (Dionysus) recalls his act of gathering them from 'barbarians' (βαρβάρων), a term used here not to denote foreignness in a negative sense but to highlight their origin outside the Greek polis of Thebes, emphasizing their transformation into his sacred followers. The phrase 'companions and fellow-travelers' (παρέδρους καὶ ξυνεμπόρους) uses alliteration and asyndeton-like rhythm to bind the women closely to the god. The instruction to 'choose' (αἱρέσθε) local Phrygian drums (τύμπανα) and the 'discoveries' (εὑρήματα) of Rhea and 'my own mother' (a reference to Semele) serves to legitimize the ritual through divine lineage. The verb 'strike' (κτυπεῖτε) is a vivid imperative describing the frenzied ritual dance. The final clause 'so that the city of Cadmus may see' (ὡς ὄρα Καδμῶν πόλις) employs a purpose clause with the subjunctive (ὄρα), creating a dramatic irony: the city is meant to witness the divine power that will ultimately destroy it. The syntax features a complex series of participles (λιποῦσαι, ἐλθοῦσαι) framing the imperatives, creating a sense of continuous action and ritual progression.",17
18,"But I, having come to the folds of Cithaeron to join the Bacchants, will share in their chorus.","The sentence features the conjunction 'δέ' (de) used as a connective particle to signal a contrast or transition, often translated as 'but' or 'and,' which here emphasizes the speaker's deliberate action following previous context. The verb 'συμμετασχήσω' (symmetaschēsō) is a future active indicative first-person singular, meaning 'I will share' or 'I will participate,' derived from 'συμμετέχω' (to share with), indicating a communal involvement. The participle 'ἐλθὼν' (elthōn), from 'ἔρχομαι' (to come), is aorist active participle masculine singular, functioning adverbially to indicate the means or timing of the main action. The preposition 'εἰς' (eis) with the accusative plural 'πτυχὰς' (ptychas, 'folds' or 'slopes') refers to the mountainous terrain of Cithaeron, a location deeply associated with Dionysian worship in Greek mythology. The purpose clause introduced by 'ἵνα' (hina) with the subjunctive 'εἰσί' (eisi, 'they may be') expresses the intention behind the speaker's arrival. The phrase 'συμμετασχήσω χορῶν' involves a genitive plural 'χορῶν' (chorōn, 'of choruses'), indicating the specific aspect of participation. The sentence employs a balanced structure with the participle 'ἐλθὼν' setting the stage for the main verb, creating a clear sequence of events.",18
19,"Having left Asia from the holy ground of Mount Tmolus, I hasten with joyful labor and toil to Bromius, Bacchus, rejoicing in him.","The sentence employs a participial construction (ἀμείψασα, 'having left/changed') to set the scene for the main verb (θοάζω, 'I hasten'), indicating movement from a specific geographical location (Asia, specifically Mount Tmolus, a mountain in Lydia known for its sacredness) to the divine presence of Dionysus. The phrase 'joyful labor and toil' (πόνον ἡδὺν κάματον τ' εὐκάματον) uses a pleonastic pairing of synonyms (πόνος and κάματος both meaning 'toil' or 'labor') modified by 'sweet' and 'well-toiled' respectively, creating a rhythmic emphasis on the paradoxical nature of the Bacchic experience where suffering is transformed into ecstatic joy. The name 'Bromius' (Βρόμιος) is an epithet of Dionysus meaning 'the roaring one' or 'the tumultuous one,' highlighting the wild, noisy nature of his cult. The participle εὐαζομένα ('rejoicing' or 'praising well') at the end reinforces the celebratory mood of the speaker, likely a Maenad or the god himself in a prophetic voice, emphasizing the divine connection achieved through the journey. The use of τε (and) with the enclitic -τ' connects the two nouns in a balanced, rhythmic structure typical of tragic choral odes.",19
20,Who is on the road? Who is on the road?,"This utterance employs epizeuxis (immediate repetition) of the phrase 'tis hodō' to convey a sense of urgent, frantic inquiry, characteristic of the chorus's heightened emotional state in Euripides' 'Bacchae'. The repetition emphasizes the speaker's anxiety and the perceived presence of an intruder or the god Dionysus himself. Syntactically, the sentence consists of two identical interrogative clauses lacking an explicit verb; the verb 'to be' (esti) is understood elliptically, a common feature in Greek dramatic dialogue for creating immediacy. The adverbial use of the accusative singular 'hodō' (road) functions to indicate location ('on the road' or 'in the way'), while the interrogative pronoun 'tis' seeks to identify an unspecified person or entity. The lack of a subject-verb agreement marker highlights the archaic or dramatic style where the focus remains entirely on the questioner's suspicion.",20
21,Who?,"The interrogative pronoun τίς (tis) appears here in its nominative form, functioning as the subject of an implied verb (typically 'is' or 'says'). The brevity of the sentence, consisting of a single word followed immediately by a question mark, creates a dramatic effect known as aposiopesis or abrupt inquiry, often used in tragedy to convey sudden shock, suspicion, or urgency. The lack of a verb forces the listener to supply the context from the preceding dialogue, heightening the tension.",21
22,"Let the chambers of the outsider be, and let a mouth that speaks well be expelled from all.","The sentence employs a jussive subjunctive construction (ἔστω, ἐξοσιούσθω) to issue a solemn command or curse. The first clause uses μελάθροις (dative plural) as a dative of location or state, paired with the predicate adjective ἔκτοπος (genitive singular of 'outsider' or 'stranger'), creating a stark image of foreignness. The second clause introduces a chiastic structure through the coordination τ’ (te) and the juxtaposition of the 'mouth' (στόμα) with the action of being 'expelled' (ἐξοσιούσθω). The adjective ἔφημον (of good speech) is used ironically here; in the context of the Bacchae, the 'good speech' of the outsider is actually blasphemy or sacrilege, hence the command to expel it. The use of the middle/passive voice for ἐξοσιούσθω emphasizes the passive reception of this expulsion. The sentence is a classic example of the dramatic irony and ritualistic language found in Euripides, where the definition of 'outsider' (ξένος) is tied to religious pollution.",22
23,For I shall always hymn what has been considered [to be] Dionysus.,"The sentence features the particle γάρ (for), which provides a causal or explanatory link to preceding context, often used in dramatic monologues to justify an action or declaration. The relative clause ταὐ νομισθέντα (what has been considered) is a neuter plural accusative participle functioning as the direct object of the future active verb ὑμνήσω (I shall hymn). The use of the perfect passive participle νομισθέντα implies a state resulting from a past action, suggesting that the identity of Dionysus is established by common belief or tradition. The adverb αἰεί (always) emphasizes the perpetual nature of the speaker's devotion. The sentence employs a rhetorical strategy common in the Bacchae, where the protagonist (Pentheus) or the chorus affirms the god's presence through the lens of societal perception ('what is thought to be'), highlighting the tension between human convention and divine reality. The syntax places the causal particle early, drawing attention to the reasoning behind the act of hymning.",23
24,"O blessed one, he who, knowing the rites of the gods, lives a happy life and joins the sacred thiasos, celebrating in the mountains with holy purifications, and who honors the great mysteries of the Mother Cybele, raising the thyrsus and crowned with ivy, serves Dionysus.","The sentence employs a complex periodic structure centered on the relative pronoun 'ὅστις' (who), which governs a series of participial phrases that elaborate on the blessed life of the initiate. The syntax builds through coordinated participles ('εἰδὼς', 'βακχεύων', 'θεμιτεύων', 'τινάσσων', 'στεφανωθεὶς') that modify the subject, culminating in the main finite verb 'θεραπεύει' (serves/worships) at the very end of the sentence, creating a sense of accumulation and climax. Stylistically, the text uses asyndeton (the omission of conjunctions between clauses or phrases) in the series of participial actions to mimic the frenzied, continuous motion of the ritual. The vocabulary is deeply rooted in the cultic context of Dionysus: 'τελεταὶ θεῶν' refers to initiation rites; 'θιασεύεται' and 'βακχεύων' describe the ecstatic dancing and revelry of the maenads and satyrs; 'θυρσὸν' is the pine-cone-tipped staff carried by Dionysiac followers; and 'κισσός' (ivy) is a sacred plant associated with Dionysus. The phrase 'ἁγιστεύει' (lives a holy/pious life) contrasts with the wild 'βακχεύων', highlighting the dual nature of the Dionysiac experience as both ecstatic and ritually pure. The mention of 'Μήτηρ Μεγάλη' (Cybele) alongside Dionysus reflects the syncretic nature of mystery cults in the Hellenistic world, where the Great Mother's rites were often paralleled with or integrated into Dionysiac worship.",24
25,"Come, Bacchants, come, Bacchants, leading down Bromius, the child of a god, the god Dionysus, from the Phrygian mountains of Hellas into the wide-streeted streets, Bromius.","The sentence opens with a striking example of anaphora, repeating the imperative 'ἴτε' (come) and the vocative 'βάκχαι' (Bacchants) to create a rhythmic, incantatory call that mimics the frenzied movement of the Maenads. The participle 'κατάγουσαι' (leading down) functions adverbially, describing the action of the Bacchants as they guide the deity. The phrase 'παῖδα θεὸν θεοῦ Διόνυσον' employs a hendiadys-like accumulation of appositives to emphasize the divine nature of Dionysus, explicitly linking him to Zeus ('θεοῦ Διόνυσον' implying 'Dionysus, son of Zeus') while using the epithet 'Bromius' (associated with the roaring of the sacred rite) at both the beginning and end of the clause, creating a loose chiasmus that frames the deity. The transition from 'Φρυγίων... Ἑλλάδος' (Phrygian... of Hellas) reflects the mythological tradition of Dionysus's Asian origins (Phrygia) entering the Greek world. The term 'εὐρυχόρους ἀγυιάς' (wide-streeted streets) is a distinctive epithet for the urban spaces of Thebes, contrasting the wild mountain terrain with the organized civic space, suggesting the god's power to transform the city itself.",25
26,"She, who had fled through the labor-pangs of thunder, the mother who bore the one whom she once held in the thunder's necessity, cast out a child from the womb, leaving the life of the lightning-blow.","This sentence employs a complex periodic structure with multiple participial phrases modifying the subject 'mother' (Semele). The syntax centers on the main verb 'ἔτεκεν' (bore), which is delayed by the participial phrase 'πτᾰμενᾰς' (flying/fleeing) and the relative clause 'ὃν ποτ' ἔχουσ'...' (whom she once held...). The phrase 'ἐν ὠδίνων λοχίαις ἀνάγκαισι' (in the necessity of labor-pangs) uses a genitive plural with a preposition to describe the intense circumstances of birth, metaphorically equating them with the thunder of Zeus. The term 'νηδυός' refers specifically to the womb, and 'ἐκβολον' (cast out) suggests a violent or sudden expulsion, likely alluding to the myth where Semele is destroyed by Zeus's lightning. The final participial phrase 'λιποῦσα αἰῶνα κεραυνίω πληγᾷ' (leaving the life of the lightning-blow) uses an instrumental or ablative-like dative 'πληγᾷ' to indicate the means by which her life ended. The sentence features a high degree of epithets and compound-like constructions typical of Euripidean tragedy, emphasizing the divine and violent nature of the event.",26
27,"And in his secret chambers Kronion Zeus immediately received him, and having covered him with golden pins on his thighs, he concealed him from Hera.","The sentence depicts a moment of divine concealment, utilizing specific vocabulary to evoke intimacy and secrecy. The term λοχιος (lokhios) is an epithet often associated with childbirth or secret places, here describing the chambers (θαλάμαις) as a hidden, perhaps womb-like, space suitable for hiding the infant Dionysus. The verb δεχομαι (dechomai) carries the sense of 'receiving' or 'welcoming' someone into one's care or presence. The phrase κατα μηρων (kata mērōn) literally means 'over the thighs,' referring to the practice of pinning the garment or the child to the body. The use of χρυσησι περοναισιν (chryseaisin peronais) highlights the precious nature of the fasteners, contrasting the divine status of Zeus with the vulnerability of the infant. The aorist participle καλυψας (kalypsas) indicates an action completed prior to the main verb συνερειδει (synereidei), which means 'to support' or 'to hold fast,' suggesting that the pins not only covered but also secured the child. The prepositional phrase αφ' Ηρας (aph' Hēras) emphasizes the secrecy of the act, as Hera is the primary antagonist in the mythological narrative concerning the birth of Dionysus. The sentence structure employs a series of coordinated verbs (δεξατο... συνερειδει) connected by the conjunction δε, creating a rhythmic flow that mirrors the swift and decisive actions of Zeus. The use of the epithet Κρονιδας (Kronidas) for Zeus reinforces his lineage and authority, while the entire passage showcases the poet's skill in depicting divine intervention with both precision and dramatic tension.",27
28,"She bore him, when the Fates accomplished their task, the bull-horned god, and crowned him with wreaths of serpents, from whence the maenads cast their lion-nurturing hunt with their hair.","The sentence employs a complex narrative structure typical of tragic choral odes, blending mythological birth imagery with ritualistic action. The phrase 'ταυρόκερων θεόν' (bull-horned god) is a compound adjective highlighting the dual nature of Dionysus as both a youthful deity and a force of untamed nature. The syntax features a main clause interrupted by a temporal clause ('when the Fates accomplished their task'), emphasizing the inevitability of the divine birth. The verb 'στεφανώσεν' (crowned) paired with 'στεφάνοις' (wreaths) creates a lexical repetition (epanalepsis) that reinforces the ritual significance of the act. The final clause uses 'ἄγραν θηροτρόφον' (lion-nurturing hunt) as a metaphor for the maenads' frenzied pursuit, where 'θηροτρόφον' suggests the wild, predatory nature of their ecstatic state. The sentence concludes with 'ἀμφιβάλλονται πλόκαμοις' (they cast with their hair), a vivid image of the maenads' disheveled hair symbolizing their loss of control and connection to the divine madness. The use of 'ἐνθεν' (from whence) creates a spatial link between the divine birth and the subsequent ritual frenzy, suggesting a causal or symbolic continuity.",28
29,"Oh nurse of Semele, Thebans, put on ivy wreaths.","The vocative plural noun 'Thebans' (Θῆβαι) is displaced from its usual position and placed in apposition to the vocative 'nurse' (τροφῶι), creating a direct address to the citizens as a collective group. The verb 'στεφανοῦσθε' is a present middle/passive imperative, here functioning as a deponent imperative meaning 'put on' or 'crown yourselves.' The noun 'ivy' (κισσός) is the direct object; in the cult of Dionysus, ivy was a sacred plant symbolizing the god's presence and the intoxicating power of wine. The invocation of Semele, the mother of Dionysus, reinforces the local Theban context of the ritual. The sentence exemplifies the choral command typical of the Bacchae, where the chorus urges the city to participate in the divine rites.",29
30,"Shout, shout with the green bryony of fair fruit, and become bacchant with the branches of oak or fir; and crowned in the spotted fawn-skins, weave your crowns with the wool of the white-haired locks.","This passage exemplifies the frenzied, ritualistic style characteristic of the Bacchic hymn in Euripides' 'Bacchae'. The syntax employs strong imperative verbs (βρύετε, καταβακχιοῦσθε, στέφετε) to command immediate action, creating a sense of urgency and divine possession. The phrase 'καλλικάρπω' (of fair fruit) serves as an epithet for the bryony, highlighting the paradoxical nature of the ritual where wild, often poisonous plants are sanctified. The use of 'στικτῶν νεβρίδων' (spotted fawn-skins) refers to the specific attire of the Maenads, symbolizing their wild, untamed nature and connection to the hunt. The genitive plural 'πλοκάμων' (locks) with 'μαλλοῖς' (wool) suggests the incorporation of the women's own hair into the wreaths, blurring the boundary between the human and the natural. The sentence structure is rhythmic and repetitive, using asyndeton (the omission of conjunctions between clauses) to accelerate the pace, mimicking the rapid, ecstatic movements of the dancers. The chiasmus in the second half, where the act of weaving is linked to the wool of the hair, emphasizes the personal and physical nature of the ritual.",30
31,"And around them they will consecrate the fennel stalks, the bullies.","The sentence features a vocative construction where νάρθηκας (fennel stalks) and ὑβριστὰς (bullies) function as parallel objects or appositives addressed to the fennel stalks, personifying them as 'bullies' or impious ones. The verb ὁσιόω (to make sacred, consecrate) is in the future middle/passive indicative, here likely functioning as a deponent middle with a future sense. The particle δέ serves as a connective, linking this action to a preceding context. The imagery of consecrating fennel stalks (a plant associated with Dionysian rites and victory) while addressing them as 'bullies' creates a paradoxical or ironic tone, possibly reflecting the chaotic or subversive nature of Dionysian worship where the profane is sanctified. The use of the accusative plural for both nouns suggests they are the direct objects of the verb, with the second noun serving as an epithet or descriptive label for the first.",31
32,"Immediately, all the earth shall dance — Bromius, who leads the bands — to the mountain, to the mountain, where the female crowd abides, stirred from looms and shuttles by Dionysus.","This sentence employs a striking chiasmus in the repetition 'εἰς ὄρος εἰς ὄρος' (to the mountain, to the mountain), emphasizing the urgency and the dual nature of the destination (the sacred mountain). The word 'Βρόμιος' (Bromius) is an epithet of Dionysus meaning 'the roaring one' or 'the mighty,' highlighting his power over the ecstatic movement of his followers. The phrase 'θηλυγενής ὄχλος' (female crowd) refers specifically to the Maenads, the female devotees of Dionysus. The participial phrase 'ἀφ' ἱστῶν παρὰ κερκίδων τ' ὠστρηθείς' (stirred from looms and shuttles) uses synecdoche, where the tools of domestic weaving (looms and shuttles) represent the domestic sphere that the women have abandoned. The verb 'ὠστρηθείς' (stirred/impelled) carries a double sense of being physically agitated and spiritually incited, a common theme in Dionysiac cult where the god drives his followers to abandon their social roles. The sentence structure uses a parenthetical clause set off by dashes to insert the name and function of the god, creating a rhythmic pause that mimics the sudden onset of the dance.",32
33,"O hallowed bridal chamber of the Kuretes and of the god-born, holy Cretans, built within the sacred precincts, here the Corybantes, the three-horned ones, have found for me this skin-shedding circle.","The sentence opens with a vocative address ('ὠ') to the bridal chamber ('θαλάμευμα'), a metaphorical designation for the sacred space of the Dionysian mysteries, likely referring to the cave where the infant Dionysus was hidden from the Titans. The text employs a dense accumulation of epithets: 'Kuretes' and 'Cretans' identify the divine guardians, while 'Dio-generoteres' (god-born) and 'za-theoi' (holy) emphasize the divine nature of the participants and the location. The adjective 'enaulyos' (within the house/shrine) suggests an enclosed, ritual space. The syntax features a relative clause introduced by 'entha' (where), which shifts the focus to the action of the Corybantes. The Corybantes are described as 'trikorythes' (three-horned), a unique and enigmatic epithet possibly alluding to their headdresses or a symbolic reference to the three stages of initiation, though its exact meaning is debated. The phrase 'byrsotonon kukloma' (skin-shedding circle) is a striking metaphor; 'byrsotonos' literally means 'skin-tanning' or 'skin-stretching,' but here it likely refers to the ritual shedding of the old self or the animal skins worn by the initiates during the frenzied dances. The use of the perfect tense 'heuron' (have found) implies a discovery that has lasting ritual significance. The sentence structure is characterized by asyndeton in the listing of epithets, creating a rhythmic, incantatory effect typical of choral odes in tragedy.",33
34,"But they mixed the swift Bacchic wine with the breath of the sweet-sounding Phrygian flutes and placed it in the hand of Rhea, the Mother, a noise of Bacchic hymns.","The sentence employs a striking synesthetic imagery where the abstract 'breath' (πνεύματι) of the Phrygian flutes is treated as an ingredient to be mixed with wine, reflecting the ecstatic, intoxicating atmosphere of Dionysian ritual. The phrase 'sweet-sounding' (ἁδυβοᾶς) modifies the 'breath' or the flutes, emphasizing the auditory pleasure of the instrumentation. The construction uses a double predicate (κεράσαν... ἔθηκαν) connected by the copulative particle τε, indicating a sequence of ritual actions: mixing and then presenting. The genitive 'of the Mother Rhea' (μητρὸς τε Ῥέας) is in apposition to 'hand' in a possessive sense, highlighting the divine origin of the ritual vessel or the act itself. The final phrase 'a noise of Bacchic hymns' (κτύπον εὐάσμασι Βακχῶν) functions as an appositive to the hand, metaphorically suggesting that the vessel itself resonates with the sound of the cult's songs, or that the offering itself is the sound. The syntax features a chiasmus-like arrangement in the modifiers surrounding the central action, enhancing the rhythmic quality of the verse.",34
35,"But the frenzied Satyrs have violated the mother goddess, and they have joined together the dances of the three-year-olds, in which Dionysus delights.","The sentence employs a paratactic structure linked by the copulative conjunction 'δέ' (δέ... δέ), creating a rhythmic progression of actions. The participle 'μαινομένοι' (frenzied/mad) is in the dative case, functioning adverbially to describe the state of the subject 'Σάτυροι' during the action. The verb 'ἐξανύσαντο' (they violated/defiled) is a middle voice aorist, implying a reflexive or intense action directed at the object 'μητέρος θεᾶς' (mother goddess), a specific epithet for the goddess Rhea or Cybele in the context of Dionysian rites. The phrase 'χορεύματα τριετηρίδων' refers to dances performed by youths who have been initiated at the age of three, a ritual practice associated with the Dionysian mysteries. The relative clause 'αἷς χαίρει Διόνυσος' (in which Dionysus delights) uses the dative relative pronoun 'αἷς' to refer back to the dances, and the verb 'χαίρει' (delights) is in the present tense, indicating a timeless characteristic of the god's preference for these specific rituals. The syntax balances the violent act of violation with the communal joy of the dance, reflecting the dual nature of Dionysian worship.",35
36,"Sweet in the mountains, when from the running throngs he falls to the ground, holding a holy fawn-skin garment, hunting bloody goat-slaying blood, a favor of raw eating, longing for the Phrygian mountains, Lydian ones; but Bromios is the leader. Euoi!","This passage describes the ecstatic and violent nature of Dionysian worship. The syntax relies heavily on a series of participial phrases (πεσοῦσα, ἔχων, ἀγρεύων, ἰεμένος) modifying the implied subject (Dionysus or his follower) to create a vivid, flowing image of movement and action. The phrase 'bloody goat-slaying blood' (αἷμα τραγοκτόνον) uses a compound adjective to emphasize the ritualistic killing of the goat, a central element of the cult. The term 'raw eating' (ωμοφάγον) refers to the practice of omophagia, where worshippers consumed raw flesh as a means of uniting with the god. The sentence culminates in a direct address or invocation, 'Euoi,' a traditional cry of joy and triumph used in Dionysian rites. The structure contrasts the chaotic, frenzied movement of the followers with the steady, leading presence of Bromios (Dionysus) himself, who is identified as the 'leader' (ἔξαρχος).",36
37,"The ground flows with milk, and it flows with wine, and it flows with the nectar of bees.","The sentence employs anaphora, the repetition of the verb 'flows' (ῥεῖ) at the beginning of each clause, to create a rhythmic and emphatic description of the miraculous abundance brought by Dionysus. This tricolon structure (a series of three parallel clauses) builds a sense of escalating wonder. The use of the dative case for the substances (milk, wine, nectar) indicates accompaniment or means. The specific imagery of the earth flowing with these divine liquids is a classic motif in Dionysian worship, symbolizing the overturning of natural order and the superabundant fertility associated with the god. The phrase 'nectar of bees' (μελισσῶν νέκταρι) combines the mundane (bees) with the divine (nectar, often reserved for the gods), further blurring the line between the natural and the supernatural.",37
38,"The Bacchic follower, carrying Syrian frankincense smoke and a pine-flame from the fennel-stalk, runs with a race and, exciting wandering choruses with shouts and leaping, casts his tender lock into the sky.","This sentence is rich in synesthetic imagery and ritualistic action, describing the movement of a follower of Dionysus (referred to here as 'the Bacchic follower'). The phrase 'Syrian frankincense smoke' (Συρίας δ' ὡς λιβάνου καπνόν) establishes an exotic, aromatic atmosphere, while 'pine-flame' (πυρσώδη φλόγα) describes a torch made of pine, a material traditionally associated with Dionysiac rites. The source of the flame, 'from the fennel-stalk' (ἐκ νάρθηκος), is a crucial cultic detail; the fennel-staff (thyrsus) is the primary symbol of the Dionysian retinue, often topped with a pine cone or wreath and sometimes used to hold fire. The syntax employs a series of present participles (ἀνεχῶν, ἐρεθίζων, ἀναπάλλων, ῥίπτων) governed by the main verb αἴσσει (runs/moves swiftly), creating a dynamic, flowing rhythm that mimics the ecstatic motion of the dancer. The word ἰαχαῖς (shouts/cries) refers specifically to the ritual cries of the maenads. The verb ἀναπάλλων (leaping) conveys the physical intensity of the dance. The final image of casting the 'tender lock' (τρυφερόν τε πλοκάμον) into the air (εἰς αἰθέρα) is a gesture of offering or ecstatic abandonment, symbolizing the release of the self into the divine sphere. The use of 'wandering choruses' (πλανήτας) highlights the frenzied, uncontrolled nature of the Dionysian procession.",38
39,And with such hymns he thunders down.,"The verb ἐπιβρέμει (epibrémei) is a compound of ἐπί (upon) and βρέμω (to roar, thunder, or roar loudly), often used in tragic poetry to describe the terrifying, storm-like voice of a god or the roar of a crowd. Here, it personifies the sound of the Maenads' hymns as a divine thunderclap, a common metaphor in the Bacchae for the overwhelming power of Dionysus. The adverb ἅμα (hama, 'at the same time') combined with the dative plural εὐάσμασι (hymns/songs of praise) suggests a simultaneous convergence of sound and presence. The enclitic δέ (de) serves as a connective particle, linking this action to previous events in the scene, while τοιαῦτα (such things) emphasizes the specific, powerful nature of the hymns being sung. The sentence structure relies on the dative of means (εὐάσμασι) to indicate the instrument through which the action (thundering) is performed.",39
40,"Come, come, Bacchants, come, Bacchants! Sing the splendor of golden-streaming Mount Tmolus, Dionysus, under the rumbling of drums. Rejoice in the happy god, the happy one, with Phrygian cries and resonant voices, when the lotus, when the sacred, the holy, the sacred toys of the horn-beech resound; the company of followers goes to the mountain, goes to the mountain.","This passage exhibits several distinct stylistic features characteristic of Euripidean choral lyric. The sentence opens with an emphatic tricolon of vocatives and imperatives ('come, come, Bacchants, come, Bacchants'), utilizing anaphora to create a rhythmic, incantatory effect that mimics the movement of the chorus. The phrase 'golden-streaming' (χρυσοροῦ) is a compound adjective, a common poetic device used to evoke the richness of the landscape associated with Dionysus. The syntax features a complex participial construction (ἀγαλλόμεναι) governing a series of ablative or instrumental phrases (Phrygian cries, resonant voices) that describe the manner of the celebration. A notable literary device is the repetition of the preposition 'into' (εἰς) with 'mountain' (ὄρος) at the end of the sentence, creating a sense of relentless, cyclical movement or procession. The phrase 'toys of the horn-beech' refers to the sacred flutes or pipes made from the hornbeam tree, central to Dionysian worship. The use of the optative mood in 'when... resound' (ὅταν βρέμη) within a temporal clause highlights the conditional and ritualistic nature of the music triggering the procession.",40
41,"But they, delighted, indeed, as a colt brings its swift limb with leaps to its mother the mare, so the bacchant leads with joyful leaps.","The sentence employs a simile (ὡς/ὅπως construction) comparing the Bacchant's movement to that of a young colt following its mother. The phrase 'as a colt... to its mother the mare' (πῶλος ὅπως ἅμα ματέρι φορβάδι) creates a vivid image of youthful energy and instinctual joy. The use of the dative plural σκιρτήμασι (with leaps/jumps) as an adverbial of manner emphasizes the dynamic, leaping motion of the dance. The word ἡδόμενα (delighted, enjoying oneself) is a present middle/passive participle modifying the subject Βάκχα (Bacchant), highlighting the ecstatic state of the worshipper. The particle δέ (but/however) serves as a connective, likely contrasting the Bacchant's behavior with a preceding description or setting a new scene. The phrase 'swift limb' (ταχύπουν κῶλον) is a synecdoche, where the limb represents the entire body or the act of running/dancing. The sentence structure mirrors the natural rhythm of the dance described, with the simile embedded within the main clause.",41
42,Who is at the gates?,"This sentence is a concise interrogative clause consisting of an interrogative pronoun (τίς) followed by a prepositional phrase (ἐν πύλαισι). The preposition ἐν governs the dative plural form of πύλη (πύλαισι), indicating location ('at' or 'in'). The use of the plural 'gates' (πύλαι) is a common metonymy in Greek literature for the entrance to a fortified structure or a household, implying a boundary between the public and private spheres. The brevity of the question, lacking a verb of being (which is often implied in such contexts), creates an immediate sense of urgency or sudden inquiry, typical of dramatic dialogue where a character demands to know the identity of an intruder or visitor.",42
43,"Summon Cadmus, son of Agenor, from the house, he who, leaving the Sidonian city, built this city of the Thebans.","The sentence features an emphatic apostrophe or direct address to a messenger (implied by the imperative 'summon'), followed by a descriptive apposition ('son of Agenor') and a relative clause providing etiological background. The relative clause uses a present active participle (λιπών, 'leaving') to indicate an action preceding the main verb of the relative clause (ἐπύργωσ', 'built'), a common construction in Greek narrative to establish chronological sequence. The phrase 'Sidonian city' refers to Tyre or Sidon, the Phoenician homeland of Cadmus, contrasting with the 'city of the Thebans' (Thebes) he founded. The use of the deictic adjective 'this' (τοῦδε) at the end of the sentence creates a strong visual connection between the speaker and the physical location of Thebes, emphasizing the act of foundation. The syntax is dense, packing the identification of the subject, his lineage, his origin, and his founding act into a single complex sentence structure typical of tragic dialogue where exposition is delivered rapidly.",43
44,"Let someone go, report to Tiresias that he is seeking him.","The sentence begins with an imperative of motion (ἴτω) followed by a second imperative (εἰσάγγελλε), creating a tight syntactic sequence typical of dramatic urgency. The use of τις ('someone') as an indefinite subject in the first clause contrasts with the specific addressee Τειρεσίας (Tiresias) in the second, highlighting a shift from a general command to a specific instruction. The particle ὅτι introduces an indirect statement reporting the action of seeking (ζητεῖ), with νιν (him) serving as the object of that seeking. The pronoun νιν is the Attic form of αὐτόν, often used in tragedy to maintain metrical rhythm or stylistic variation. The sentence structure reflects the urgency of the moment, likely involving a search for Dionysus or his followers, given the context of the Bacchae. The use of the aorist imperative in εἰσάγγελλε emphasizes the immediacy of the command.",44
45,"I, myself, have come, being older than an elder, having learned to light thyrsuses and to hold fawn skins, and to crown heads with ivy shoots.","The sentence employs a striking chiastic structure in the final clause, linking the act of crowning (στεφανοῦν) with the instrument (κισσινοῖς βλαστήμασιν) in a way that emphasizes the sacred nature of the rites. The speaker uses the emphatic αὐτὸς to assert personal authority and direct presence. The phrase πρεσβὺς ὢν γεραιτέρω is a hyperbolic paradox (or oxymoron) meaning 'being older than an elder,' a self-description typical of Dionysus in his theophany, asserting his status as the god of age and time who transcends mortal hierarchies. The three infinitives (ἀναπτέειν, ἔχειν, στεφανοῦν) form a parallel series describing the ritual duties of the maenads or the speaker's own divine powers, connected by the enclitic τε...τε...καί construction, which adds a rhythmic, incantatory quality to the list of sacred actions. The use of the perfect participle ξυνεθέμην (from συντίθημι) suggests a completed, authoritative establishment of these rites, implying that the speaker is the originator or master of these practices.",45
46,"Dearest friend, how glad I was to hear of your old age, that it was wise, from a wise man, while you were in the house.","The vocative 'φίλταθ'' (most dear) establishes an intimate, affectionate tone. The sentence features a striking chiasmus in the repetition of the root 'σοφ-' (wise): 'σοφὴν' (wise, modifying old age) is followed by 'σοφοῦ' (wise, modifying the man), creating a symmetrical emphasis on wisdom that is both internal (the quality of the age) and external (the source of the news). The participle 'κλύων' (having heard) functions as an adverbial modifier of the main verb 'ἠσθόμην' (I was glad), indicating the cause of the emotion. The final participial phrase 'ἐν δόμοισιν ὤν' (being in the house) uses the dative of place, a common construction in Attic tragedy to denote location, here likely referring to the domestic sphere of the addressee, contrasting with the public or wild settings often associated with the Bacchae's themes.",46
47,"I have arrived, ready, holding this equipment of the god.","The sentence employs a perfective present (ἥκω) to denote arrival, a common feature in tragic dialogue for dramatic entrance. The adjective ἕτοιμος (ready) functions adverbially, describing the manner of the arrival. The participle ἔχων (holding) modifies the subject and introduces the object σκευήν (equipment), which is a specific term often used in the context of Dionysian rites, referring to the ritual paraphernalia or 'holy gear' associated with the god. The phrase τήνδ' ... θεοῦ creates a strong emphasis on the sacred nature of the items, with the genitive θεοῦ defining the equipment as belonging specifically to the deity. The enclitic particle δέ serves to connect this statement to the preceding context, often marking a shift in focus or a continuation of action.",47
48,"For it is necessary that he, being a child of my daughter, grow up as great as possible within our household.","The sentence begins with the modal particle γάρ (for), which provides a causal explanation or justification, often linking back to a preceding argument about the necessity of raising the child. The construction δεἰ (it is necessary) governs the infinitive αὔξεσθαι (to grow up), with the subject of the infinitive expressed by the accusative participle ὄντα (being) and the accusative noun παἰδα (child), forming a classic accusative and infinitive construction typical of indirect discourse or dependent clauses in Ancient Greek. The phrase ἐκ ἐμῆς θυγατρὸς (from my daughter) specifies the child's lineage, emphasizing the maternal connection. The adverbial phrase ὅσον καθ᾽ ἡμᾶς δυνατὸν (as much as possible within our house) modifies the infinitive, indicating the extent or limit of the growth. The adjective μέγαν (great) serves as a predicative complement to the infinitive, highlighting the desired outcome of the child's development. Stylistically, the sentence employs a balanced structure, with the causal clause introduced by γάρ followed by a concise yet detailed description of the child's identity and the conditions of his upbringing. The use of ὅσον ... δυνατὸν (as much as possible) reflects a common rhetorical device in Greek literature to express an ideal or maximum effort within given constraints.",48
49,"Where must one dance, where must one set the foot and shake the grey head?","This sentence employs asyndeton, the omission of conjunctions between coordinate clauses, creating a rapid, rhythmic cadence that mimics the frenzied movement of the Maenads. The repetition of the interrogative adverb ποι (where) at the beginning of the clauses is a form of anaphora, emphasizing the search for the correct location for the ritual action. The phrase 'shake the grey head' (κρατα σεισαι πολιον) utilizes synecdoche, where 'head' represents the entire body, and the epithet 'grey' (polion) likely refers to the white hair of the aged or the white foam of the wine, evoking the imagery of Dionysian ecstasy. The syntactic structure features a main verb of obligation (dei) governing two infinitives (chreuein and kathistanai), with the latter taking a coordinated object phrase.",49
50,"Lead the way for me, old man, to an old man, Tiresias.","The sentence features a striking chiasmus in the phrase 'γέρον γέροντι' (an old man to an old man), where the nominative and dative forms of the noun 'old man' mirror each other, emphasizing the shared status and experience between the speaker (the King) and the prophet Tiresias. The verb 'ἐξηγοῦ' is a present imperative middle (or deponent) form, literally meaning 'lead the way' or 'guide,' often used in the context of leading someone to a destination or through a difficult situation. The vocative 'Τειρεσία' is used to directly address the prophet, highlighting the personal and urgent nature of the request. The use of the particle 'γε' adds emphasis, underscoring the necessity or immediacy of the action.",50
51,For you are wise.,"The sentence consists of a subject pronoun (σύ), the postpositive causal particle (γάρ), and a predicate adjective (σοφός). The placement of γάρ immediately after the subject is a common metrical and syntactic feature in Greek verse, particularly in tragedy, where it serves to connect the statement to the preceding context by providing a reason or justification. The construction uses the copula 'to be' (εἰμί) in the present tense, which is omitted in Greek but implied in the nominative subject and predicate adjective agreement. The adjective σοφός, meaning 'wise' or 'skilled,' often carries connotations of practical intelligence or cunning in tragic contexts, sometimes with ironic overtones depending on the speaker's intent. The sentence structure is simple yet rhetorically effective, relying on the direct assertion of wisdom to persuade or provoke a response.",51
52,"How I would not tire, if I did not strike the earth with my thyrsus, neither by night nor by day.","The sentence features a conditional construction introduced by 'ὡς' (how/that), expressing a hypothetical state of not being weary ('οὐ κάμοιμ᾽ ἄν' with optative 'κάμοιμ᾽'). The negative conjunction 'οὔτε... οὔτε...' (neither... nor...) creates a balanced structure emphasizing the continuous nature of the action across time, covering both 'νύκτα' (night) and 'ἡμέραν' (day). The participle 'κροτῶν' (striking/clapping) with its instrumental object 'θυρσῷ' (with the thyrsus) and direct object 'γῆν' (earth) describes the physical action that prevents the speaker from tiring. The thyrsus is a ritual staff carried by followers of Dionysus, often topped with ivy or pine cones, symbolizing the ecstatic worship and divine frenzy associated with the god. The sentence employs asyndeton in the listing of night and day, enhancing the rhythmic flow and emphasizing the unceasing nature of the activity.",52
53,"Let us forget, as old men, our troubles.","The verb ἐπιλελήσμεθ' is a first-person plural present middle/passive imperative (or, in some dialectal or poetic contexts, a hortatory subjunctive functioning as a command), derived from ἐπιλανθάνομαι, which typically means 'to forget' or 'to be forgetful of.' The construction uses the genitive of the thing forgotten, though here it is implied rather than explicitly stated in this fragment. The adverb ἡδέως (pleasantly, agreeably) modifies the verb, suggesting a voluntary or agreeable act of forgetting. γέροντες ὄντες is a present participle construction (γέροντες being the substantive participle and ὄντες being the present participle of ἐμι, 'to be'), functioning as an adverbial phrase that qualifies the subject of the imperative. This construction emphasizes the identity or condition of the subjects, here 'old men,' and suggests a cultural or thematic resonance with the wisdom or resignation often attributed to age in Greek literature. The sentence exhibits a concise, aphoristic style, common in choral odes or reflective passages in tragedy, where the speaker addresses a collective identity and invokes a shared emotional or philosophical stance.",53
54,So you suffer these very things from me.,"The sentence exhibits a marked use of the particle 'ταὔτ’' (these very things) as a direct object, emphasizing the specific nature of the suffering inflicted. The dative 'ἐμοὶ' (from me) functions as an agentive or source dative, a common construction in Greek where the person causing the suffering is indicated in the dative rather than the genitive or by a prepositional phrase. The particle 'ἄρα' introduces a concluding or inferential tone, often used in dramatic contexts to express a realization or a rhetorical confirmation of a previously stated or implied fact. The repetition of 'τα-' at the beginning of the sentence serves as a stammer or hesitation, possibly indicating the speaker's emotional state or a dramatic pause, adding to the intensity of the utterance. This construction is typical of Euripidean drama, where characters often express deep emotional turmoil and complex relationships through such syntactic choices.",54
55,"But—yes, for I am young—and I shall attempt [to join] the choruses.","The sentence exhibits a dramatic hesitation or stammer, marked by the repetition of the particle 'κα-' (a colloquial or dialectal form of 'καί') at the beginning and middle of the clause. This rhetorical device, known as stuttering or anaphora in a spoken context, conveys the speaker's sudden resolve or emotional agitation. The particle 'γαρ' (for) provides a causal justification for the speaker's youth ('ἡβῶ', first person singular present indicative), which serves as the reason for their ability or willingness to join the 'χοροῖς' (dative plural of 'χορός', meaning 'choruses' or 'dancing groups'). The verb 'ἐπιχειρήσω' (future active indicative) suggests an attempt or undertaking, often implying a bold or daring action. The dative case of 'χοροῖς' functions as an adverbial complement to the verb, indicating the sphere in which the action takes place. The sentence reflects the cultural context of the 'Bacchae,' where participation in choruses is central to the worship of Dionysus and the expression of divine ecstasy.",55
56,Shall we then drive the chariot across to the mountain?,"The sentence begins with οὐκοῦν, a particle used to introduce a conclusion or to propose a next step in a logical sequence, here functioning as 'then' or 'so then' to signal a shift to action. The verb περάσομεν is a first-person plural future active indicative of περάω, meaning 'to cross' or 'to drive across,' which is appropriate for the context of transporting something over terrain. The noun ὄχοισιν is in the dative plural, functioning here as an instrumental or means, indicating 'by means of chariots' or 'in chariots,' rather than a direct object, despite the tree annotation labeling it as OBJ; in this context, it denotes the mode of transport. The preposition εἰς with the accusative ὄρος specifies direction 'toward the mountain.' The sentence is a question posed by a character, likely a leader, addressing a group (including themselves) about the immediate course of action, reflecting the urgency and collective decision-making typical of choral or group dialogue in tragedy. The structure is straightforward, with no complex rhetorical devices, but the use of the future tense in a question form suggests a proposal for immediate execution.",56
57,But the god would not hold honor in the same way.,"The sentence employs a conditional construction marked by the particle ἄν (an) combined with the optative mood of the verb ἔχοι (echei, 'would hold'), indicating a hypothetical or potential situation. The adverb ὁμοίως (homoiōs, 'in the same way') modifies the verb, suggesting a contrast with a previous statement regarding how mortals or other entities might be treated. The use of the definite article ὁ (ho) with θεός (theos, 'god') emphasizes the specific deity in question, likely Dionysus in the context of the Bacchae. The negation οὐχ (oukh) is used before the vowel-initial word ὁμοίως, adhering to the rule of elision for smoother pronunciation. The sentence structure is straightforward, with the subject (ὁ θεός) followed by the direct object (τιμήν) and the adverbial modifier, creating a clear and concise statement of divine behavior.",57
58,"I, an old man, will educate an old man.","This sentence exhibits a striking chiasmus through the repetition of the root word for 'old man' (γέρων) in the nominative and accusative cases, framed by the emphatic personal pronoun (ἐγώ) and the enclitic object pronoun (σ'). The verb παιδαγωγέω, while literally meaning 'to lead a child' or 'to be a tutor,' here takes on a broader sense of moral or behavioral instruction, often implying a correction of conduct. The construction highlights the irony of an elder instructing another elder, a common theme in Greek tragedy where the wisdom of age is challenged or where the 'old' must be re-educated by the divine or by circumstance. The word order places the subject (ἐγώ) and the object (σ') at the ends of the clause, sandwiching the core action and the two 'old men' in the center, creating a rhythmic and emphatic structure that underscores the paradoxical nature of the statement.",58
59,The god placed us in a place without furrows; he will lead us.,"The sentence employs a striking juxtaposition between the static, agricultural connotation of 'without furrows' (ἄμοχθος) and the dynamic, directional action of 'leading' (ἡγήσεται). The adjective ἄμοχθος (without furrows) is a hapax legomenon in this specific context within Euripides, evoking a primordial, untamed landscape that stands in contrast to the civilized, plowed fields of human society. This imagery underscores the theme of the Dionysiac return to a wild, pre-civilized state. The use of the future indicative ἡγήσεται implies a prophetic assurance of divine guidance, a common motif in tragedy where the god's will dictates the path of the characters. The syntax features a paratactic structure where two independent clauses are linked without a conjunction, creating a rhythmic, oracular tone typical of choral or divine speech in Greek tragedy. The first clause establishes a state of being (having been placed), while the second clause asserts a future action, creating a logical progression from divine action to divine purpose.",59
60,Will we alone dance to the songs of the Bacchic city?,"The sentence features the adverbial use of the adjective μόνος (alone), which functions as an adverbial modifier (ADV) to the verb, emphasizing exclusivity. The verb χορεύσωμεν is in the future indicative active, first person plural, indicating a future action or intention. The noun πόλεως (city) is in the genitive singular, modified by the adjective Βακχείω (Bacchic), suggesting a city associated with the worship of Bacchus (Dionysus). The rhetorical question structure invites reflection on the exclusivity of the dance, potentially alluding to the unique and exclusive nature of the Dionysian rites. The sentence does not exhibit complex literary devices like chiasmus or asyndeton, but the use of μόνος adds a layer of emphasis to the action of dancing.",60
61,"For only we think rightly, but the others think wrongly.","This sentence presents a sharp antithesis between the speaker's group (the initiated or those possessed by Dionysus) and the rest of humanity. The structure relies on the contrast between μόνοι (only/we alone) and οἱ ἄλλοι (the others), as well as the adverbs εὖ (well/rightly) and κακῶς (badly/wrongly). The use of γάρ (for) indicates that this statement serves as an explanation or justification for a preceding claim. The syntax employs a clear asyndetic balance in the second clause, where the verb is elided but understood from the first clause, a common feature in tragic dialogue to heighten the rhetorical impact. The phrase reflects the Dionysian theme of divine madness versus human ignorance, suggesting that true wisdom or 'right thinking' is accessible only through the god's influence.",61
62,To wait is long.,"This sentence exemplifies a predicate adjective construction where μακρόν (long) functions as a predicative adjective describing the subject infinitive μελεῖν (to wait). The neuter singular form of the adjective agrees with the neuter singular infinitive, a standard syntactic pattern in Ancient Greek where abstract actions or concepts are treated as neuter singular nouns. The article τὸ is used here to nominalize the infinitive, a common feature in Greek that emphasizes the concept of 'waiting' as a distinct entity or state. The brevity of the sentence, consisting of only three words, creates a stark and emphatic statement, likely reflecting the dramatic tension or philosophical weight of the moment in the play. The syntax highlights the enduring nature of the wait, suggesting that the passage of time feels prolonged due to the emotional or situational context.",62
63,But hold back your hand.,"The sentence begins with the enclitic particle αλλ’ (from αλλα), functioning here as a strong adversative conjunction meaning 'but' or 'however,' often used to introduce a sudden change of action or a counter-command in dramatic dialogue. The verb ἔχου is the second person singular present imperative of χοόω (to hold, grasp, or keep), directing the addressee to perform the action of restraint. The phrase employs a metonymic construction where χερός (genitive of χείρ, 'hand') is used with the verb to denote the physical act of holding or restraining one's hand, a common idiom in Ancient Greek for stopping an action or preventing violence. The genitive χερός acts as the object of the imperative verb, while the possessive adjective ἐμῆς (my) modifies it, creating a direct and personal appeal. The brevity of the sentence, devoid of additional clauses or particles beyond the initial αλλ’, contributes to an urgent, dramatic tone typical of Euripidean tragedy, where characters often issue sharp, immediate commands to halt an impending deed.",63
64,"Look, join hands and clasp hands.","The sentence features a strong imperative tone, utilizing the second person singular present active imperative for both verbs: ξύναπτε ('join' or 'clasp together') and σύνωριζου ('join' or 'unite'). The verb ξυνωρίζω is a compound of σύν ('together') and ὀρίζω (to bound or mark), often used metaphorically to mean 'to join' or 'to unite' in a ritualistic or physical sense. The repetition of the 'joining' action through two distinct but semantically similar verbs creates a sense of intensification or emphasis, typical of ritual commands in tragedy. The noun χέρα (accusative singular of χείρ, 'hand') serves as the direct object for the second verb, while the first verb implicitly shares this object. The particle ἰδοὺ ('look' or 'behold') serves as an attention-getter, common in dramatic contexts to direct the audience or characters to a significant action. The sentence exemplifies the rhythmic and repetitive style often found in choral or ritual speech in Greek tragedy.",64
65,"I, as a mortal, do not despise the gods.","The sentence employs a striking hyperbolic denial (negation of contempt) to assert piety or humility. The adjective 'θνητοὺς' (mortal) functions as a predicative nominative in a gnomic construction, emphasizing the speaker's human limitation in contrast to the divine. The word order places the emphatic pronoun 'ἐγώ' (I) immediately after the negation, highlighting the personal stance of the speaker. The use of the perfect participle 'γεγώς' (having become) from 'γίγνομαι' implies a state of being rather than a mere birth, suggesting an ongoing condition of mortality. This structure is typical of tragic monologues where characters reflect on the boundary between human and divine, often using asyndeton to create a solemn, declarative tone. The negation 'οὐ' with the present indicative 'καταφρονῶ' suggests a habitual or general truth rather than a specific action, reinforcing the moral or philosophical weight of the statement.",65
66,We do not use trickery with the gods.,"The verb σοφιζόμεσθα is in the middle voice (present indicative, first person plural), deriving from σοφίζω. While the middle voice often implies reflexive action or action for oneself, here it likely carries a nuanced sense of 'dealing with' or 'maneuvering' regarding the object. The object τοῖς δαίμοσιν is in the dative case, indicating the sphere or sphere of influence in which the action takes place ('with' or 'towards' the gods). The use of the negative οὐδέν (nothing) modifies the verb, negating the existence of any 'trickery' or 'craftiness' in this interaction. Stylistically, the sentence employs a straightforward, declarative structure typical of tragic dialogue where a speaker asserts a moral or theological boundary. The term δαίμων here refers to divine beings or deities in a general sense, rather than the specific god Dionysus, though the context of the Bacchae involves divine power. The absence of a copula is standard for this construction, and the sentence relies on the verb and its complements to convey the full meaning.",66
67,"No word shall overthrow our ancestral traditions, which we have acquired as companions through time, nor is the wise thing discovered through the utmost limits of minds.","This sentence employs a powerful chiasmus in its second clause: 'through the utmost limits' (δι' ἄκρων) modifies 'minds' (φρενῶν), creating a spatial metaphor for the extent of human intellect. The phrase 'ὁμήλικας χρόνῳ' (companions of time) personifies time as a traveling companion, suggesting that these traditions have accompanied the community through generations. The use of the perfect tense 'κεκτήμεθ' (we have acquired) emphasizes the enduring possession of these traditions, while the present passive 'ηὕρηται' (is discovered) in the final clause contrasts human effort with the static nature of divine or natural wisdom. The sentence reflects the tension between ancestral authority and the limits of human reason, a central theme in Euripides' exploration of the divine and the rational.",67
68,"Will someone say that I am not ashamed of old age, about to dance with my head crowned with ivy?","The sentence employs a rhetorical question structure introduced by the indefinite pronoun τις (someone) and the future tense of λεγω (to say), implying a challenge to potential critics. The verb αισχύνωμαι (to be ashamed) is deponent, taking an accusative object (γη̃ρας, old age). The participle μελλών (about to) governs the infinitive χορεῦειν (to dance), indicating imminent action. The phrase κρα̂τα κισσω̃σας ἐμόν is a striking example of synesthesia and vivid imagery: κρα̂τα (heads) is in the accusative, functioning as the object of the participle κισσω̃σας (wreathed with ivy), while ἐμόν (my) modifies κρα̂τα. This describes the Bacchic ritual practice of wearing ivy wreaths, a symbol of Dionysus. The juxtaposition of the shamelessness of old age with the youthful, ecstatic act of dancing creates a paradoxical tension, highlighting the transformative power of Dionysian worship which transcends natural life stages. The sentence structure uses a direct question to engage the audience, inviting them to consider the absurdity or the divine nature of the speaker's actions.",68
69,"For the god has not distinguished [between them]; he does not wish the young to dance, nor the old, but desires honors to be shared by all, and, while counting them, he wishes nothing to increase.","This sentence employs a clear antithetical structure (chiasmus-like in its logic) contrasting exclusion ('not distinguished', 'not young, nor old') with universal inclusion ('from all', 'honors shared'). The construction 'οὐ... οὐδέ... ἀλλ᾽' (not... nor... but) creates a strong rhythmic balance. The verb 'διαριθμῶν' (counting/distinguishing) is used ironically here: the god does not 'count' or 'distinguish' individuals to elevate one over another, but rather ensures equality. The term 'τιμαὺς κοινὰς' (shared honors) reflects the religious ideal of communal worship where status is not based on age or hierarchy. The syntax features a present active participle ('διαριθμῶν') modifying the subject to explain the manner in which the divine will is executed, emphasizing a continuous, deliberate action of the deity.",69
70,"Since you do not see this light, Tiresias, I shall become a prophet for you concerning these matters.","The sentence employs a causal structure introduced by ἐπεὶ (since/because), setting up a contrast between Tiresias's current blindness (metaphorical or literal) and Dionysus's future role as a revealer. The term φέγγος (light) functions as a metaphor for divine revelation or truth, a common motif in tragedy where physical sight is contrasted with spiritual insight. The vocative Τειρεσία is placed immediately after the object φέγγος, creating a slight interruption that emphasizes the direct address. The verb γενήσομαι (I shall become) is future indicative, indicating a transformation or new role that the speaker will assume. The genitive λόγων (of words/matters) modifies προφήτης, suggesting the prophetic role is specifically related to the words or truths being discussed. The sentence structure uses asyndeton (lack of conjunctions) between the two main clauses, which creates a sense of immediacy and directness in the declaration.",70
71,"Pentheus, son of Echion, comes to these houses in haste; I give power over the land to you.","The sentence exhibits a dramatic shift in syntactic person and perspective. The first clause (Πενθεὺς... περᾷ) describes Pentheus's action in the third person, while the second clause (ὡ κράτος δίδωμι γῆς) abruptly switches to the first person (I give), indicating the speaker is addressing Pentheus directly. The vocative particle 'ὡ' (ho) introduces the direct address 'κράτος' (power) as the object of the speech act, functioning as a vocative of address rather than a standard relative pronoun, though the parsing label suggests a relative form used vocatively. The phrase 'δια σπουδῆς' (in haste) uses the genitive of manner, emphasizing the urgency of Pentheus's arrival. The genitive 'γῆς' (of the land) is a genitive of separation or source, indicating the extent of the power being granted. The juxtaposition of 'οἴκους' (houses) and 'γῆς' (land) creates a spatial contrast between the domestic and the political realm. The sentence structure employs a paratactic style, common in tragic dialogue, where two independent clauses are linked by a comma to convey a sudden shift from observation to declaration.",71
72,How he is terrified!,"The sentence consists of the adverbial conjunction ὡς (hōs), meaning 'how' or 'so,' which introduces an exclamatory clause indicating the intensity of a state. The verb ἐπτοήται is a perfect middle/passive indicative form of πτοέω (ptoéō), meaning 'to be terrified' or 'to be struck with fear.' In the perfect tense, this verb often denotes a state resulting from a past action—in this case, the subject is currently in a state of terror. The use of ὡς with the perfect indicative creates a vivid emotional exclamation, emphasizing the subject's current psychological condition. This construction is typical in tragic dialogue for expressing sudden realization or intense emotional reaction.",72
73,What new thing will you say?,"This is a question in the future indicative, where the verb λέγω (to say) is in the second person singular future form (ἐρεῖς), though here appearing as the contracted form εἴρει (or similar dialectal/atticized variant εἴρει/εἴρει) depending on the manuscript tradition, but in this specific parse, it is labeled as a future indicative form of λέγω. The adverb ποτέ (pot') functions as an intensifier in questions, often translated as 'ever' or 'pray', adding a tone of urgency or anticipation. The adjective νεώτερον is in the neuter singular accusative, agreeing with the implied neuter noun 'thing' (πράγμα or τὸ λεγόμενον), and is used as a substantive. The syntax is a straightforward interrogative sentence with the interrogative pronoun τίς (τί) as the object, modified by ποτέ and νεώτερον. The sentence reflects the dramatic tension typical of Euripides, where characters often challenge one another to reveal new insights or threats.",73
74,"Being away from home, I happened to be on this land, and I hear that new and terrible things have happened in this city: women have abandoned our houses for the fabricated rites of the Bacchae, and in the wooded mountains they are dancing, this recently arrived deity Dionysus, who he is, having honored him with choruses.","The sentence employs a complex structure typical of tragic monody, utilizing a series of coordinated and subordinate clauses to build dramatic tension. The sentence opens with the adverbial participle 'ἔκδημος ὢν' (being away from home), which sets the scene for the narrator's external perspective. The core narrative is driven by the main verb 'κλύω' (I hear), which introduces a reported speech structure containing infinitival clauses ('ἐκλελοιπέναι', 'θοάζειν') that describe the actions of the women. The phrase 'πλασταῖσι βακχείαισιν' (for the fabricated/made-up rites) uses an adjective to characterize the new cult practices as artificial or counterfeit, reflecting the traditionalist anxiety towards the foreign god. The syntax features a parenthetical relative clause 'ὅστις ἔστι' (who he is) inserted between the noun 'Διόνυσον' and its modifier 'τιμώσας', creating a moment of emphasis or hesitation. The final participle 'τιμώσας' (having honored) is in the aorist tense, indicating the completion of the act of worship that has triggered the current state of affairs. The sentence ends with a strong anaphoric structure implied by the listing of actions, though the primary stylistic feature here is the accumulation of participial and infinitival phrases to convey a sense of chaotic movement and widespread social disruption.",74
75,"For they stand full of revels in the midst of the mixing-bowls, and another, one after another, goes stumbling into solitude to serve the beds of men, with the pretext indeed that they are sacrificing to frenzied maenads, but actually leading forth Aphrodite before Bacchus.","This sentence illustrates the deceptive nature of the Bacchic rites as perceived by the skeptic speaker (Pentheus). The syntax relies heavily on a series of infinitives (ἑστάναι, ὑπηρετεῖν, ἀγεῖν) functioning as the main predicates, linked by the coordinating conjunction δέ and the correlative structure μέν... δέ ('indeed... but'). The phrase πρόφασιν μὲν ὡς... τὴν δ’ Ἀφροδίτην... presents a sharp contrast between the stated excuse (religious sacrifice to maenads) and the alleged reality (sexual promiscuity under the guise of Aphrodite). The use of ὡς ('as if') with the accusative μαινάδας introduces a layer of reported speech or false justification. Stylistically, the sentence employs asyndeton in the rapid succession of actions and a chiasmus-like structure in the contrast between the 'pretext' and the 'truth' regarding the goddesses. The word ἄλλοσ’ (another time/one after another) modifies πτώσσουσαν ('stumbling'), emphasizing the chaotic and disorderly movement of the participants. The term πτώσσουσαν (stumbling) carries connotations of intoxication or divine frenzy, while ἐρημίαν (solitude) ironically contrasts with the crowded 'midst' of the mixing-bowls mentioned earlier.",75
76,"As many as I have received, my bound hands are preserved by servants with all the city's roofs.","The sentence employs a chiastic structure in its argumentation, contrasting the specific (the hands) with the universal (all the roofs). The relative clause 'ὅσας... εἴληφα' (as many as I have received) functions as the object of the main verb, creating a sense of accumulation or totality. The use of 'δεσμίους χεῖρας' (bound hands) is a poignant image of captivity, while 'προσπόλοι' (servants) refers to the household staff or attendants, here acting as the agents of preservation. The phrase 'πανδήμοισι στέγαις' (with all the city's roofs) is a synecdoche, where 'roofs' stands for the entire city or its inhabitants, emphasizing the comprehensive nature of the safety provided. The sentence reflects the tension between the speaker's captivity and the communal effort to protect them, a common theme in Euripides' exploration of social and religious dynamics.",76
77,"But as many as go away, I will hunt them beyond the mountain boundaries.","The sentence features a relative clause (ὅσαι... ἄπεισιν) functioning as the subject of the main clause. The particle δέ (δ') serves a connective function, often indicating a contrast or a shift in the speaker's thought (e.g., 'but' or 'however'). The verb θηράσομαι is in the future middle (or passive) indicative first person singular; in this context, it is deponent in meaning, translating as 'I will hunt' or 'I will pursue,' emphasizing the speaker's active intent. The preposition ἐξ (ἐξ) takes the accusative case (ὄρους), indicating motion out of or beyond a boundary. The phrase 'beyond the mountain boundaries' (ἐξ ὄρους) establishes a geographical limit for the hunt, implying that those who flee the immediate area will be pursued into the wilderness. The syntax creates a conditional threat: if they flee, the speaker will follow them across the natural borders.",77
78,And I shall soon stop these Bacchic frenzies of this criminal by having bound them with iron nets.,"The sentence employs a future active indicative main verb (παύσω) governing an aorist active participle (ἀρμόσας) in an adverbial (circumstantial) function, indicating the means or manner by which the action of the main verb will be accomplished. The participle is translated as a perfective action occurring prior to or simultaneous with the main verb's intent. The object of the participle (σφᾶς) refers to the Bacchants or their chaotic influence, while the prepositional phrase (ἐν ἀρύκσισι) with the dative plural indicates location or instrument ('in/with nets'). The adjective σιδηραῖς ('iron') emphasizes the inescapable and harsh nature of the binding. The phrase κακουργῆς τῆσδε βακχείας uses the demonstrative adjective οὗδε (τῆσδε) to create immediacy, pointing directly to the specific madness present. The adverb τάχα ('soon') adds a sense of imminent resolution. The syntax creates a causal link: the binding in iron nets is the method by which the madness will be halted. The term βακχεῖαι here refers not merely to the followers but to the state of divine frenzy itself.",78
79,"They say that a stranger has entered, a sorcerer from the Lydian land, with golden locks emitting a sweet fragrance, possessing the dark-eyed charms of Aphrodite, who associates with men and foolish nights, offering auspicious rites to young women.","This sentence employs a series of participial phrases (εὐοσμῶν, ἔχων, προτείνων) and a relative clause (ὅς) to create a cumulative, descriptive portrait of the stranger (Dionysus). The syntax uses asyndeton (the omission of conjunctions between the descriptive phrases) to accelerate the rhythm and build a sense of overwhelming presence. The phrase 'dark-eyed charms of Aphrodite' (ὀινώπας ὀσσοῖς χάριτας) utilizes synesthesia, blending visual color (wine-dark) with abstract divine favor. The term 'foolish nights' (κευφρόνας ἡμέρας) is a poetic antithesis; 'foolish' (κευφρών) here likely refers to the unthinking, ecstatic, or intoxicated state induced by the rites, contrasting with the 'days' of rational thought. The alliteration in 'ξανθοῖσι βοστρύχοισιν' (golden locks) and 'εὐοσμῶν κόμην' (sweet-smelling hair) emphasizes the sensory appeal of the figure. The sentence structure mirrors the mysterious and multifaceted nature of the deity being described.",79
80,"But I will take him inside this house; I will stop him from beating the thyrsus and shaking his locks, having cut off his neck from his body.","The sentence features a dramatic shift in tone from the threat of confinement to the graphic violence of decapitation. The verb ληψομαι (I will take) is used in the future tense to indicate a resolved intention. The phrase αυτον εισω τησδε στεγης (him inside this house) utilizes a specific prepositional construction where εισω (inside) governs the genitive case. The main verb παυσω (I will stop) is followed by an accusative and present participle construction (κτυπουντα... ἀνασειοντα) describing the actions to be ceased: beating the thyrsus and shaking the long hair (komas), which are characteristic rituals of the Bacchic cult. The sentence concludes with a powerful aorist participle τεμων (having cut), which functions as a gerundive or circumstantial participle indicating the means or manner of the cessation. The phrase χωρις τεμων (cutting off/separate) combined with τραχηλον (neck) and σωματος (of the body) creates a stark, physical separation. The structure moves from a command to capture, to a prohibition of specific violent acts, and finally to the ultimate act of violence, employing asyndeton in the final clause for abrupt, shocking effect.",80
81,"That man says that Dionysus is a god, that man once was sewn into Zeus's thigh, who is burned with lightning torches together with his mother, because he deceived Zeus's marriages.","This sentence features a striking anaphora with the repetition of 'εκεινος' (that man), emphasizing the speaker's contempt for the subject (the chorus or a character referring to Pentheus or the prophet). The syntax employs a complex series of infinitival and relative clauses to elaborate on the nature of Dionysus. The phrase 'εν μηρω' (in the thigh) is a specific cultural reference to the birth myth of Dionysus, who was born from Zeus's thigh after his mother Semele died. The verb 'εψευσατο' (deceived) in the context of 'γαμους' (marriages) refers to the deception of Zeus's wife Hera, often interpreted as the trickery involving the disguise of Semele or the secret birth. The use of 'λαμπασιν κεραυνιαις' (lightning torches) alludes to the destructive power of Zeus's lightning that killed Semele, which is now being used as a metaphor for the punishment of the deceiver. The sentence structure is dense, with multiple participial and relative clauses that layer the narrative of Dionysus's origin and the consequences of his father's actions.",81
82,"Are these things not worthy of a terrible hanging, for insolence to practice insolence, whoever one is who is a stranger?","The sentence employs a rhetorical question to condemn the act of hubris (ὕβρις). The phrase 'insolence to practice insolence' (ὕβρεις ὑβρίζειν) utilizes a striking rhetorical device known as pleonasm or tautology, where the noun and verb share the same root to emphasize the excessive and self-reinforcing nature of the crime. The syntax features a fronted subject 'these things' (ταῦτ') followed by the negative question particle 'ou̓chi' (not). The relative clause 'whoever one is who is a stranger' (ὅστις ἔστιν ὁ ξένος) serves as a conditional qualification, suggesting that no one, regardless of their status as an outsider, is exempt from the penalty for such arrogance. The hanging (ἀγχόνης) represents the ultimate divine retribution for violating the natural order, a central theme in the play. The structure creates a sense of inescapable justice, where the very identity of the stranger does not mitigate the gravity of the offense.",82
83,"However, here is another wonder: I see the prophet Teiresias, father of my mother, clad in variegated fawnskins and holding a fennel stalk in Bacchic frenzy.","The sentence features a strong contrast between the speaker's expectation of a miracle and the grotesque reality of Teiresias's appearance. The term 'θαῦμα' (wonder) is used ironically; while the speaker introduces the scene as a marvel, the visual of a blind prophet dressed in animal skins and wielding a fennel stalk (the thyrsus) is absurd rather than divine. The adjective 'ποικίλαισι' (variegated/multi-colored) modifies 'νεβρίσι' (fawnskins), emphasizing the chaotic and untamed nature of the Dionysian rites. The parenthetical insertion 'πολὺν γελοῦν' (much laughter/smiling) serves as an interjection, highlighting the ridiculousness of the scene to the observer. The construction 'πατέρα τε μητρὸς τῆς ἐμῆς' uses the genitive 'μητρὸς' with 'πατέρα' to denote paternity through the maternal line, a common Greek idiom for identifying lineage. The use of 'ναρθηκί' (fennel) as an instrumental case with 'βακχεύοντ' (reveling) points to the specific ritual implements of the Dionysian cult, where the fennel stalk (thyrsus) was a primary symbol of the god's power.",83
84,"I am destroyed, father, as I see your old age, lacking mind.","The sentence features a striking use of the present middle/passive indicative 'ἀναιρόμαι' (I am destroyed) which, in this tragic context, conveys a sense of being overwhelmed or undone by the sight of aging. The vocative 'πατήρ' (father) serves as a direct address, heightening the emotional intensity and personal stake in the observation. The participle 'εἰσορῶν' (seeing) functions adverbially, indicating the cause of the speaker's distress, while the subsequent participle 'ἔχων' (having) with the negative 'οὐκ' (not) creates a participial phrase describing the speaker's mental state: 'lacking mind.' This construction effectively juxtaposes the physical reality of aging with the speaker's internal disintegration, a common theme in Greek tragedy where the sight of decay leads to madness or despair. The use of 'γῆρας' (old age) as the object of 'εἰσορῶν' emphasizes the visual impact of aging, a motif often associated with loss of vitality and reason in Greek literature.",84
85,You will not shake off the ivy?,"The verb ἀποτινάξεις is a future active indicative second person singular form of ἀποτινάσσω (to shake off), used here in a rhetorical question that functions as a strong threat or challenge. The negative particle οὐκ precedes the verb, and the elision of the final nu of οὐ before the vowel-initial verb is standard in Attic Greek. The object κισσόν (ivy) is in the accusative case, referring to the ivy leaves and vines worn by the devotees of Dionysus (the Bacchae). In the context of the play, this line is spoken by the Chorus Leader to Pentheus, implying that his attempt to resist the divine power of Dionysus is futile; he will not be able to remove the sacred garland that signifies his involuntary initiation or his impending doom. The sentence relies on the cultural significance of ivy as a plant sacred to Dionysus, symbolizing the inescapable nature of his cultic influence.",85
86,Will you not release my mother's father's hand from the free thyrsus?,"The sentence features a direct question addressed to a specific individual (the father of the speaker's mother, i.e., the grandfather), using the vocative case (πάτερ) to establish a direct, confrontational tone. The phrase 'my mother's father' (ἐμῆς μητρὸς πάτερ) is a specific genealogical identifier used to address the addressee. The use of the future tense (μεθήσεις) in a negative question (οὐκ) suggests a challenge or a rhetorical query regarding the addressee's intent or action. The term 'thyrsus' (θύρσου) refers to the staff carried by followers of Dionysus, often topped with a pine cone and ivy, symbolizing the god's power and the ecstatic state of his worshippers. The adjective 'free' (ἐλευθέραν) modifying 'hand' (χεῖρ') adds a layer of meaning, possibly implying the hand is currently bound or restricted, or emphasizing the hand's inherent freedom. The sentence structure is straightforward, with the main verb at the end, typical of Greek syntax, and the use of the vocative case creates a sense of immediacy and personal engagement.",86
87,"You have persuaded [me] to do this, Tiresias.","The verb πειθω (peithō) in the second person singular aorist indicative active (ἔπεισας) carries the meaning of having successfully convinced or persuaded someone to act. In this context, the subject 'you' (συ) is the agent of persuasion, while the direct object 'these things' (ταῦτ') refers to the specific actions or course of conduct previously discussed. The vocative address 'Tiresias' (Τειρεσία) indicates a direct appeal to the blind prophet, a figure of immense authority in the play. The sentence structure is a direct statement of accomplished action, where the speaker acknowledges their own submission to Tiresias' will. There are no complex rhetorical devices like chiasmus or asyndeton present in this brief clause, though the direct address creates a dramatic pause, emphasizing the speaker's concession to the prophet's influence.",87
88,"Do you wish to bring this new god to men, to watch for him to bring the rewards of winged and crooked fires?","The sentence features a complex infinitival construction where θελεῖς (you wish) governs two coordinated infinitives: σκοπεῖν (to watch/expect) and φέρειν (to bring), linked by καί. The syntax of σκοπεῖν here is idiomatic, taking an accusative subject (τὸν δαίμονα) and an infinitive (φέρειν) to express the content of the 'watching' or 'expecting.' The phrase πτερωτοὺς καὶ καμπύρους (winged and crooked) modifies μισθοὺς (rewards), creating a striking paradox; 'rewards' are typically positive, yet they are described as 'crooked' (deceitful or crooked in path) and associated with 'winged fires,' likely referring to the unpredictable, swift, and destructive nature of the god's influence or the lightning-like speed of his retribution. The adverb αὖ (again/now) adds a sense of renewed inquiry or emphasis. The use of τόνδε (this) points directly to the deity present or being discussed, emphasizing immediacy.",88
89,"If gray old age had not drained you away, you would be sitting as a captive in the midst of the Bacchants, leading their wretched rites.","This sentence presents a counterfactual conditional construction typical of tragic rhetoric, utilizing the optative mood in the apodosis ('καθήσ' αν'') combined with the imperfect indicative in the protasis ('εξερρύετο') to express an unreal past condition. The verb 'ἐκρύομαι' (to melt away, drain off) is used metaphorically here to describe the wasting away of the body by old age, a vivid image of physical decay. The phrase 'ἐν βάκχαισι μέσαις' (in the midst of the Bacchants) employs a hyperbolic image of the captive being surrounded by the frenzied female devotees of Dionysus, contrasting his static imprisonment with their chaotic energy. The participle 'εἰσάγων' (leading/introducing) modifies the main verb, suggesting that the captive is not merely a prisoner but an unwilling participant forced to preside over the 'πονηρὰς τελετάς' (wretched/evil rites). The adjective 'πονηρὰς' carries a strong moral and religious connotation, characterizing the rites as not just difficult, but morally corrupt or wicked, which is central to the Theban perspective on Dionysian worship in this play. The syntax creates a sharp contrast between the speaker's current vitality (implied by the condition not being met) and the alternative fate of the addressee.",89
90,"For wherever delight from a grape cluster arises at a banquet for women, I no longer speak of anything of the sacred rites as healthy.","The sentence employs the dative of reference (γυναιξι) to specify the group for whom the condition applies, highlighting the exclusion of women from the 'healthy' or 'proper' observance of the rites when intoxicated. The construction 'οὐδὲν ... υγιὲς' (nothing ... healthy) functions as a strong negative predicate emphasizing the total corruption of the situation. The term 'γάνος' (delight/brightness) is used metonymically here for the intoxicating effect of the wine. The phrase 'τῶν ὀργίων' (of the rites) refers specifically to the Bacchic mysteries; the speaker (Dionysus) asserts that the presence of uncontrolled revelry among women renders any claim of ritual purity or health (υγιές) impossible. The causal particle 'γάρ' links this observation to a preceding argument about the dangers of wine. The syntax creates a conditional clause ('wherever...') that establishes a scenario where the sacred (ὀργία) is compromised by the profane excess (γάνος) associated with female participation in drinking.",90
91,Of the impiety.,"This fragment consists of a genitive singular feminine noun (δυσσεβείας) modified by a definite article (τῆς), forming a noun phrase that functions as an object or complement. The use of the genitive case here likely indicates possession, attribution, or the object of a preceding verb or preposition that is absent in this fragment. The term 'impiety' (δυσσεβεία) is a significant concept in Greek tragedy, often referring to the violation of divine laws or moral order, particularly relevant in the context of Euripides' Bacchae, where themes of religious transgression and the consequences of hubris are central. The sentence structure is simple, with no additional clauses or modifiers, emphasizing the gravity of the concept itself.",91
92,"Ah, stranger, do you not fear the gods, Cadmus, the one who sowed the earth-born grain, and, being the son of Echion, do you bring disgrace upon your race?","The sentence opens with the vocative 'ὠ ξένε' (Ah, stranger), a standard dramatic address that immediately establishes the speaker's confrontational tone toward an outsider. The core of the accusation is framed as a rhetorical question, a common device in tragedy to emphasize the absurdity of the addressee's actions by implying the answer is obvious (i.e., 'you should fear them'). The syntax employs a complex appositional structure: 'Cadmus' is not just named but defined by the participial phrase 'the one who sowed the earth-born grain' (τοὺν σπεῖραντα γηγενῆ στάχυν). This allusion to the myth of Cadmus sowing the dragon's teeth (which grew into armed men, the Spartoi) serves as a powerful reminder of his divine origins and the miraculous nature of his lineage, which he is now betraying. The sentence is divided into two coordinated clauses linked by the enclitic particle 'δ' (but/and), creating a contrast between his ancestral duty and his current behavior. The second clause, 'being the son of Echion, do you bring disgrace upon your race,' utilizes the participle 'ὢν' (being) to provide the causal context for the verb 'καταισχύνεις' (you bring to shame/disgrace). The use of 'καταισχύνεις' is particularly significant, as it implies a public loss of honor and social standing, a central theme in Greek culture. The sentence structure mirrors the duality of Cadmus's identity: the founder of Thebes through divine intervention and the current head of a family that is collapsing into madness and impiety.",92
93,"Whenever a wise man takes good starting points from the speeches, it is not a great work to speak well.","This sentence presents a gnomic reflection on the nature of eloquence and wisdom. The clause introduced by ὅταν (whenever) with the subjunctive λαβῇ sets up a general condition. The subject of the main clause is the infinitive λέγειν (to speak), which functions as the grammatical subject of the verb implied in the predicate adjective construction (with εἶναι understood). The phrase μέγ' ἔργον (a great work) is a common idiom for a difficult or significant task. The adjective σοφός (wise) modifies ἀνήρ (man), suggesting that wisdom provides the necessary foundation (καλὰς ἀφορμάς, good starting points/opportunities) for effective speech derived from existing discourse (τῶν λόγων). The sentence emphasizes that eloquence is not an isolated feat but relies on the ability to draw upon and refine existing arguments or topics.",93
94,"But you, though you possess a skillful tongue as if you were sensible, in your words your mind is not present.","This sentence employs a striking chiasmus in its structure, contrasting the physical ability to speak (γλῶσσαν...ἔχεις) with the mental capacity (φρένες...οὐκ ἔνεισι). The adverbial participle φρονῶν ('thinking/sensible') is modified by ὡς ('as if'), indicating that the character's apparent wisdom is merely an illusion or pretense. The phrase 'mind is not present' (φρένες οὐκ ἔνεισι) uses a metaphor where the 'phrenes' (the seat of intellect and emotion in ancient Greek thought) are described as absent from the discourse. The use of μέν...δέ creates a sharp juxtaposition between the form (eloquent speech) and the substance (lack of understanding), highlighting a common tragic theme where rhetoric masks a void of true intelligence.",94
95,"By boldness, one who is capable of speaking like a man becomes a bad citizen, not having sense.","The sentence presents a paradoxical critique of excessive confidence (thrasos). The construction 'dynamatos... legein' (capable of speaking) modifies the subject, while the participle 'echon' (having) with the negative 'ouk' (not) qualifies the resulting state of the 'kakos polites' (bad citizen). The phrase 'hoios te anēr' (such as a man) emphasizes the masculine ideal of rhetorical prowess, which, when divorced from nous (mind/reason/common sense), leads to civic failure. The syntax uses a genitive of quality ('thrasei') to indicate the means by which the transformation occurs. The sentence structure highlights the contrast between the appearance of capability and the internal lack of reason, a common theme in tragic literature regarding the dangers of hubris and the necessity of self-control (sophrosyne) for civic health.",95
96,"But this new deity, whom you mock, I could not describe the magnitude of how great he will be throughout Greece.","This sentence features a complex syntactic structure where the subject of the main clause is the relative clause 'this new deity' (ὅς...), which is then modified by a participial phrase 'whom you mock' (ὃν συ διαγελάς). The verb δυναιμην (I could) is in the optative mood with the particle αν, indicating a potential or hypothetical action, suggesting the speaker's inability to fully articulate the god's power due to its overwhelming nature. The phrase καθ' Ελλάδ' (throughout Greece) uses the preposition κατά with the accusative to denote extent or scope. The sentence also employs a rhetorical device known as anastrophe, where the natural word order is altered for emphasis, placing the object 'magnitude' (μέγεθος) before the infinitive 'to tell out' (ἐξειπεῖν) to highlight the inexpressible nature of the deity's power. The use of 'new deity' (ὁ νέος δαίμων) reflects the dramatic tension in the Bacchae, where the arrival of Dionysus is perceived as a novel and disruptive force by the characters.",96
97,For two are the first things in human affairs.,"This sentence illustrates a common tragic aphorism regarding the duality of human experience. The particle γάρ (for) indicates that this statement provides a reason or explanation for a preceding context, likely concerning the unpredictability of fate or the oscillation between good and bad fortune. The vocative νεανία (young man) is a direct address, creating an intimate, didactic tone typical of choral odes or monologues in tragedy. The phrase πρῶτ' ἐν ἀνθρώποισι (the first things in human affairs) alludes to the fundamental binary nature of existence often explored in Greek thought, such as the alternation of joy and sorrow, or the coexistence of opposing forces. The syntax places the numeral δύo as the subject, with the adjective πρῶτος (first) functioning substantively, implying 'the two primary things.' The use of the dative plural ἀνθρώποισι (in human affairs/lives) generalizes the statement to the human condition as a whole. The brevity and balance of the clause contribute to its proverbial quality.",97
98,"Demeter, goddess—for she is the Earth—but what name you wish to call her.","The sentence employs a parenthetical asyndeton (the em dash) to insert the explanatory clause '— γῆ δ' ἐστιν' (for she is the Earth), which clarifies the identity of Demeter before returning to the main syntactic thread. This structure creates a momentary pause for emphasis on her elemental nature. The phrase 'ὄνομα δ' ὁπότερον βούλῃ κάλει' utilizes an infinitival construction where the infinitive 'καλεῖν' is implied or elided, functioning as a relative clause of purpose or result dependent on the verb 'βούλεσθε' (you wish). The use of the dual form 'ὁπότερον' (whichever of the two) is significant in a context where a choice is being offered between two names (often 'Demeter' and 'Rhea' in the play), reflecting the dramatic tension of nomenclature. The sentence demonstrates the flexibility of Greek word order, allowing the object 'ὄνομα' to precede the verb while maintaining clarity through case marking.",98
99,This one raises mortals in the dry places.,"The sentence utilizes the enclitic particle μέν to mark a contrastive focus, implying that while this subject (the Theban women or the Maenads) performs an action in one setting, another subject or action will be described in opposition (typically in a subsequent clause). The preposition ἐν with the dative plural ξηροῖσιν (dry) creates a stark spatial contrast to the moist, fertile environments usually associated with the nurturing of humans, emphasizing the wild, untamed, and desolate nature of the Maenads' existence. The verb ἐκτρέφει carries the specific sense of 'to rear' or 'to bring up,' often implying a process of development or nourishment, here applied paradoxically to 'mortals' (βροτούς) in an arid landscape. The syntax places the subject (αὕτη) at the very beginning for emphasis, highlighting the specific agent responsible for this unusual act of rearing.",99
100,"And when he arrived, he found the wet drink of the grape, the rival of Semele's son, and brought it to mortals; this one stops the wretched men from grief when they are filled with the flow of the vine, and it gives sleep and forgetfulness of the evils of the day; nor is there any other remedy for labors.","The sentence employs a complex syntactic structure typical of Euripidean choral odes, utilizing a relative clause ('ὅς') that functions as a temporal marker ('when he arrived') rather than a simple attributive one. The phrase 'ἀντίπαλον... γόνος' creates a striking chiasmus in meaning: the grape (fruit) is the 'rival' (ἀντίπαλον) to the son (γόνος) of Semele, highlighting the dual nature of wine as both a divine offspring and a potent, competing force. The asyndeton between 'ὑπνον' and 'λήθην' linked by 'τε' (enclitic) emphasizes the inseparable nature of sleep and oblivion as therapeutic effects. The use of 'φαρμακον' (remedy/drug) for wine is a key cultural concept in the play, framing the god Dionysus's gift as a medicinal cure for human suffering, despite its potential for madness. The genitive 'λυπης' after 'παύει' indicates the cessation of a state, while the dative 'θνητοῖς' marks the beneficiaries of the gift.",100
101,"This god, having been born a god, is poured out as a libation to the gods, so that through this men may possess these good things.","The sentence features the theological concept of Dionysus (the 'this god') sacrificing himself or being sacrificed as a ritual act ('poured out as a libation') to the other gods. The participle 'γεγώς' (having been born) is a perfect middle/passive participle of 'γίγνομαι', emphasizing the state of being born divine. The construction 'σπεύδεται' with the dative 'θεοῖσι' indicates the recipients of the libation. The result clause introduced by 'ὥστε' explains the purpose or consequence of this divine sacrifice: the preservation or granting of 'good things' (ταῦτα ἀγαθά) to humanity. The use of 'τοῦτον' (this one) creates a specific reference to the deity in question, likely Dionysus himself, highlighting his dual nature as both sacrificer and sacrifice. The sentence structure is complex, with the main verb 'σπεύδεται' governing the dative object, and the result clause providing the broader theological implication.",101
102,"And she is a laughingstock, as if she were stitched into the thigh of Zeus?","The sentence features a rhetorical question expressing disbelief and mockery. The particle 'καί' (and) connects this remark to a preceding context, likely emphasizing the absurdity of the situation. The verb 'καταγελαῖς' (you are a laughingstock) is in the present indicative, indicating a current state of ridicule. The particle 'ὡς' introduces a comparative clause, suggesting a simile or metaphor. The verb 'ἐνράφη' (were stitched) is in the aorist passive indicative, referring to a completed action in the past, here used to describe a mythical or exaggerated scenario. The phrase 'Διὸς μηρῷ' (into the thigh of Zeus) alludes to the myth of Zeus birthing Athena from his own head, a story that might be twisted or mocked here to imply an unnatural or impossible conception. The sentence employs a rhetorical device to highlight the perceived absurdity of the subject's situation.",102
103,I will teach you how well this stands.,"The verb διδάξω is a future indicative active, first person singular, indicating a confident promise or declaration by the speaker (Dionysus) to the listener. The pronoun σ’ is the enclitic accusative form of σύ, serving as the direct object of διδάξω. The clause introduced by ὡς functions as an object clause dependent on διδάξω, explaining the content of the teaching. Within this clause, ὡς καλῶς (literally 'how well') acts as an adverbial modifier of the verb ἔχει, where καλῶς is derived from the adjective καλός but functions here as an adverb of manner. The verb ἔχει is in the present indicative active, third person singular, and τοῦδε (neuter singular nominative of οὗτος) serves as the subject of ἔχει. The construction ὡς καλῶς ἔχει is a common idiom meaning 'how well things stand' or 'how good a state of affairs it is.' The sentence exhibits a direct and assertive tone typical of the god Dionysus revealing the truth to Pentheus, employing a straightforward subject-verb-object structure without complex rhetorical devices like chiasmus or asyndeton, relying instead on the force of the future tense and the demonstrative τοῦδε to emphasize the immediate reality of the situation.",103
104,"For Zeus snatched him from the lightning-bolt fire, and brought the child, a god, to Olympus; but Hera wanted to cast him out from the sky.","This sentence employs a clear chiasmus in the first clause, where the agent (Zeus) and the object (him/child) are positioned around the verb of snatching, emphasizing the action of rescue. The term 'βρέφος' (child/infant) is used ironically or pathetically here to describe Dionysus, a fully divine being, highlighting his vulnerability as an infant against Hera's wrath. The juxtaposition of 'πυρός κεραυνίου' (lightning fire) and 'οὐρανοῦ' (sky) creates a spatial contrast between the destructive power of Zeus and the divine realm. The particle 'δέ' (δ') serves as a connective that introduces a sharp contrast between Zeus's saving action and Hera's destructive intent, a common feature in Greek tragedy to heighten dramatic tension. The use of the infinitive 'ἐκβαλεῖν' (to cast out) following 'ἤθελεν' (wanted) illustrates the construction of desire or volition, where the infinitive functions as the object of the verb of wishing.",104
105,"But Zeus devised a counter-plan, as befits a god.","The verb ἀντιμηχανάομαι (to devise a counter-plan or scheme against) is a compound of ἀντί (against) and μηχανάομαι (to contrive), highlighting the theme of divine rivalry and strategic maneuvering central to the play. The particle δέ serves as a connective, contrasting Zeus's action with the preceding events or the limitations of mortals. The relative clause οἷα (such as, as befits) functions adverbially, modifying the verb to express the appropriateness of the action to the subject's nature. The phrase θεοῦ (of a god) is implied in the relative construction, emphasizing the inherent superiority and capability of the divine compared to human limitation. The sentence structure relies on a concise, declarative style typical of tragic choral odes or reflective statements, reinforcing the inevitability of divine will.",105
106,"Having broken off a portion of the surrounding ether from the earth, he placed this hostage, giving him up, Dionysus, in strife with Hera.","The sentence employs a striking aorist participle (ῥήξας, 'having broken') to describe a cosmological act of separation between the earth (χθών) and the ether (αἰθήρ), reflecting the chthonic and celestial duality central to Dionysiac mystery cults. The term ὅμηρον ('hostage') is used metaphorically for Dionysus, portraying the god not as a conqueror but as a captive figure bound by ritual or divine conflict. The genitive plural νείκεων ('strifes') with Ἥρας ('of Hera') functions as a qualitative genitive, indicating the nature of the conflict surrounding Dionysus's placement. The syntax creates a dramatic pause with the participle ἐκδίδους ('giving up'), emphasizing the act of surrender. The phrase 'surrounding ether' (ἐγκυκλούμενου αἰθέρος) suggests the cyclical or all-encompassing nature of the heavens, contrasting with the fractured earth. The sentence structure mirrors the tension between order (the placement) and chaos (the strife), a recurring theme in the Bacchae.",106
107,"People say that in the time of Zeus they stitched him into the thigh, having changed his name, because a goddess once played the god Hera, having composed a tale.","This sentence employs a complex narrative structure involving participial phrases (μεταστησάντες and συνθέντες) that explain the circumstances surrounding the main actions. The verb ῥάφηναι (aorist passive infinitive of ῥάπτω) is used metaphorically here to mean 'to stitch' or 'to sew,' referring to the mythological account of Zeus sewing the unborn Dionysus into his thigh. The sentence features a striking paradox and wordplay: θεᾶ θεὸς Ἥρᾠ ('a goddess... the god Hera'), where the generic term for goddess (θεᾶ) is immediately followed by the specific name of a female deity (Ἥρᾠ) acting in a male role (θεός), highlighting the fluidity of divine identity in this context. The use of ὁμηρεύω (to play the part of, or to impersonate) is rare and likely a poetic or dramatic coinage emphasizing the artificial nature of the deception. The phrase συνθέντες λόγον ('having composed a tale/story') suggests that the entire event is a constructed narrative or myth, rather than a literal historical fact, adding a layer of meta-commentary on the nature of storytelling itself.",107
108,But this god is a prophet.,"The sentence employs a direct nominative construction where the predicate noun (μάτις, 'prophet') and the subject (δαίμων, 'god') are linked by an implied copula, a common feature in Ancient Greek syntax. The enclitic particle δέ serves a connective function here, likely marking a transition or contrast with a preceding statement, perhaps shifting focus from human oracles to divine agency. The demonstrative adjective ὅδε ('this') is used to point out the specific deity present, adding immediacy to the declaration. Stylistically, the brevity and declarative nature of the sentence emphasize the certainty of the divine insight, a theme often explored in Euripidean drama where the boundaries between human and divine knowledge are fluid. The use of δαίμων here may carry connotations of a specific divine power or presence, rather than a generic deity, reflecting the complex religious landscape of classical Athens.",108
109,For the Bacchic frenzy and the maniacal state possess much divination.,"The sentence employs the particle γάρ (for) to provide a causal explanation or justification for a preceding argument. The subject consists of two neuter adjectives, βακχεύσιμον (Bacchic frenzy) and μανιῶδες (maniacal state), linked by the coordinating conjunction καί (and), which function as substantive nouns referring to specific states of religious ecstasy associated with the worship of Dionysus. The verb ἔχει (possesses/holds) takes μαντικὴν πολλὴν (much divination/prophetic power) as its direct object. The construction highlights the ancient Greek belief that states of irrational madness (μανία) were not merely pathological but could be a vessel for divine knowledge and prophetic insight, a central theme in the worship of Dionysus.",109
110,"For whenever a god comes into the body in abundance, it compels those who are possessed to speak the future.","This sentence illustrates the concept of divine possession (enthousiasmos) central to the worship of Dionysus in the Bacchae. The adjective 'πολύς' (polys) functions adverbially here, modifying the verb 'ἐλθῇ' (to come), to convey the intensity of the deity's presence—'in abundance' or 'in full measure'—rather than describing the god's size. The construction 'τὸ μέλλον' (the future) serves as a neuter singular substantive, referring to prophetic knowledge or future events. The participle 'μεμηνότας' (possessed/mad) derives from 'μαινομαι' and describes the state of the individuals, who are rendered prophetic oracles by the divine influx. The syntax employs a temporal clause introduced by 'ὅταν' (whenever) followed by a causal 'γάρ' (for), establishing a general principle of how divine inspiration operates.",110
111,"Having received a share of Ares, he holds something.","The sentence employs a present participle (μεταλαβών, 'having received' or 'having taken part') to express an action completed prior to the main verb (ἔχει, 'he holds'). The genitive Ἀρεώς (of Ares) functions as an attribute to μοῖραν (share/portion), indicating the specific domain or deity associated with this portion of fate. The particle τε connects this clause to a preceding thought, suggesting an additive relationship. The indefinite pronoun τινα (something/someone) at the end of the sentence creates a sense of vagueness or suspense, leaving the object of 'holding' unspecified, which may imply a latent threat or a hidden consequence of sharing in the god of war's lot. The phrase 'μοῖραν μεταλαβών' alludes to the Greek concept of μοῖρα as a divinely apportioned destiny; to 'take part' in Ares' μοῖρα is to be destined for conflict or violence.",111
112,"For fear struck the army, which was in arms and in ranks, before it touched the spear.","The sentence employs a participial construction ('ὄντα', 'being') to modify the subject 'στρατόν' (army), describing its state as fully armed and organized. The preposition 'ἐν' governs the dative plural 'ὁπλοῖς' (arms) and 'τάξεσιν' (ranks/formations), emphasizing the collective discipline of the soldiers. The verb 'διεπτοήσε' (struck through, terrified) suggests a panic that permeates the entire group. The clause introduced by 'πρίν' (before) with the infinitive 'θιγεῖν' (to touch) creates a temporal boundary, indicating that the army was overcome by terror even before engaging in actual combat or physical contact with the enemy's weapons. This highlights the psychological power of fear over military preparedness.",112
113,This too is madness from Dionysus.,"The sentence utilizes a simple copular construction (ἐστιν) where the subject is effectively doubled by the noun μανία (madness/frenzy) and the demonstrative pronoun τοῦτο (this), linked by the conjunction καί to emphasize the inclusiveness of the statement. The preposition παρά (para) with the genitive Διονύσου (of Dionysus) indicates the source or origin of the madness, a common motif in the play where divine possession is distinguished from human folly. Stylistically, the sentence employs a direct, declarative tone characteristic of the messenger or a character realizing the divine nature of the events. The use of δε (de) serves as a connective particle, often translating as 'but' or 'and,' here linking this observation to a preceding context of suffering or revelation. The phrase captures the core theme of the Bacchae: that the divine madness inflicted upon the characters is an intrinsic part of Dionysus's power, not merely a human psychological state.",113
114,"And may you see him jumping upon the dolphin-shaped rocks with pine-torches, a two-peaked slab, shaking and waving the Bacchic branch, great throughout all Hellas.","The sentence employs a series of present active participles (πηδῶντα, παλῶντα, σείοντα) that modify the accusative object αὐτόν, creating a vivid, dynamic image of the god's movement. The phrase 'dolphin-shaped rocks' (Δελφισίν πέτραις) is a specific reference to the rocky promontory at Delphi, which was mythologically associated with the Python and the god Apollo, here juxtaposed with the Dionysian reveler. The epithet 'two-peaked' (δικορύφον) applied to the 'slab' (πλάκα) likely refers to the double-peaked mountain of Parnassus or the rocky terrain of Delphi itself, emphasizing the god's dominion over the landscape. The sentence concludes with a grand hyperbolic statement ('great throughout all Hellas'), utilizing the preposition ἀνά with the accusative to denote extension across the entire region. The syntax relies on the imperative or optative force of the verb ὄψῃ (though here appearing as a 2nd person singular future indicative or aorist optative depending on the specific manuscript reading, contextually functioning as a wish or command to the audience) to direct the viewer's attention to the spectacle.",114
115,"But obey me, Pentheus.","The sentence opens with αλλ' (all'), the enclitic form of ἀλλά, functioning here as an adversative conjunction ('but' or 'however') to introduce a sharp shift in tone, likely marking a transition from threat to a final, desperate plea. The verb πιθοῦ is the second person singular aorist imperative middle of πείθω, meaning 'obey' or 'be persuaded'; the middle voice often implies acting for one's own interest or being influenced by an external agent. The pronoun ἐμοί is in the dative case, serving as the indirect object of the imperative, specifying the person to whom one must yield obedience. The name Πενθεύς (Pentheus) is in the vocative case, directly addressing the addressee, and is set off by commas, emphasizing the personal and dramatic nature of the appeal. Stylistically, the sentence is concise and direct, typical of dramatic dialogue where urgency overrides elaborate syntax. The juxtaposition of the adversative particle with the imperative creates a moment of rhetorical tension, underscoring the speaker's attempt to override the addressee's resistance.",115
116,"Do not let power boast that it has strength over humans, nor—should you seem to have an opinion—let your opinion seem to be sick, thinking it knows anything.","This sentence employs a solemn, gnomic imperative structure typical of Greek tragedy, warning against the hubris of power and the fragility of human opinion. The syntax features a chiasmus-like balance between the two main prohibitions: the first forbids power from boasting, while the second forbids the individual from letting their opinion appear diseased (νοσή). The phrase 'should you seem' (ἡν δοκῇς) introduces a conditional clause using the subjunctive mood, emphasizing that the danger lies not in the possession of opinion itself, but in the appearance of its validity. The verb νοσεῖν (to be sick) is used metaphorically here to describe a corrupted or unstable state of mind, contrasting with the healthy, rational mind (φρονεῖν). The sentence utilizes asyndeton (the omission of conjunctions) in the transition between the main clauses to create a sense of urgency and rhythmic tension. The use of the particle μέν...δέ creates a contrast between the subjective appearance (δοκῇς) and the objective reality of the opinion's health (νοσή). The final clause 'thinking it knows anything' (φρονεῖν τι) is a participial phrase modifying the subject of the preceding clause, highlighting the delusion of self-assuredness that accompanies a 'sick' opinion.",116
117,"But receive the god into the earth, pour libations, celebrate the Bacchic rites, and crown your head.","This sentence employs a striking anaphora, utilizing the particle 'καί' (and) to connect a series of four imperative verbs: 'δέχου' (receive), 'σπένδε' (pour libations), 'βάκχευε' (celebrate the rites), and 'στέφου' (crown). This repetitive structure creates a rhythmic, incantatory quality, emphasizing the urgency and necessity of the ritual actions. The verb 'σπένδε' specifically refers to the pouring of a liquid offering (usually wine) onto the ground or an altar as a sacrifice. 'Βάκχευε' is a technical term derived from the name of the god Dionysus (Bacchus), referring to the ecstatic worship or frenzy associated with his cult. The final command, 'στέφου κάρα' (crown your head), uses the noun 'κάρα' (head) in the accusative case as the direct object of the middle voice imperative 'στέφου' (crown yourself), a common construction in ritual contexts where the action is reflexive or self-directed. The particle 'δέ' following 'θεόν' serves a connective function, often translating as 'but' or simply acting as a postpositive particle to link this instruction to a preceding context.",117
118,"Is it not Dionysus who will compel the women to come to Cyprus? No, but this one must consider in nature.","The sentence employs a rhetorical question structure (οὐχ...;) expecting a negative answer, followed by a correction introduced by ἀλλὰ. The phrase 'come to Cyprus' (εἰς τὴν Κύπριν) is a metonymy for coming to the cult of Aphrodite (Kypris), as Cyprus was the island sacred to her. The syntax features an infinitive clause (σωφρονεῖν... εἰς τὴν Κύπριν) functioning as the object of the future verb ἀναγκάσει. The second clause uses an impersonal construction with χρὴ (it is necessary) where the subject is the infinitive phrase τοῦτο σκοπεῖν (to consider this), which is displaced by the neuter demonstrative pronoun τοῦτο. The dative of instrument or sphere (ἐν τῇ φύσει) indicates the sphere in which the consideration must take place. The sentence highlights a contrast between external compulsion (divine force) and internal natural law (physis).",118
119,"For even in the Bacchic rites, the one who is truly prudent will not be corrupted.","The sentence employs the particle combination 'καὶ γάρ' (for even/also), where 'καί' adds emphasis to the scope of the condition and 'γάρ' provides the causal explanation. The word 'σωφρών' (prudent/moderate) functions as a substantive noun referring to a person of self-control. The phrase 'ἐν βακχεύμασιν' (in the Bacchic rites) creates a striking semantic contrast with 'σωφρών', highlighting the tension between the frenzied, ecstatic nature of Dionysian worship and the rational self-control of the wise individual. The use of the future passive indicative 'διαφθαρήσεται' (will be corrupted/destroyed) suggests a moral or spiritual ruin rather than mere physical death. The sentence structure emphasizes the resilience of the virtuous mind even when exposed to the most intense forms of religious ecstasy.",119
120,"You see, you rejoice when many are standing by the gates, but the city magnifies the name of Pentheus.","This sentence employs a contrastive structure marked by the enclitic particle δέ ('but'), juxtaposing the general rejoicing of the populace at the sight of the gates being guarded with the specific, ominous action of the city 'magnifying' (μεγαλύνω) the name of Pentheus. The verb εἰσφίστημι (here εἱστωσιν, a form of ἐφίστημι) implies standing near or at one's side, often with a connotation of guarding or attending. The use of the present indicative in the main clauses (ὁρᾶς, χαίρεις) alongside the present subjunctive in the temporal clause (ὅταν ἐφίστωσιν) establishes a general truth or habitual action: whenever this scene occurs, the reaction is one of joy. However, the final clause shifts the focus to the city's collective voice, which elevates Pentheus's name, likely in a context of impending doom or tragic irony, as the 'rejoicing' masks a deeper, darker reality. The syntax is paratactic in the main clauses, connected by the coordinating particle δέ, creating a rhythmic contrast between the public's emotional state and the city's declarative action.",120
121,"And he, I think, takes pleasure in being honored.","The sentence exhibits a hesitant opening with the truncated conjunction 'κα-' (a form of καί), indicating a sudden interruption or the speaker's attempt to recall or formulate the thought before continuing with 'καὶ ἐκεῖνος'. The verb 'οἶμαι' (I think) is an epistemic modal marker inserted parenthetically, creating a rhetorical pause that emphasizes the speaker's personal conviction while maintaining a degree of modesty or uncertainty. The participle 'τιμώμενος' (being honored) is in the present middle/passive, functioning adverbially to modify 'τέρπεται' (takes pleasure); the middle voice suggests that the subject is the beneficiary of the action, implying a reciprocal or reflexive satisfaction derived from the honor received. The syntax places the subject 'ἐκεῖνος' early, followed immediately by the parenthetical comment, which is a common stylistic feature in dramatic dialogue to convey a character's internal reflection or hesitation.",121
122,"As for me, then, I and Cadmus, whom you mock, shall cover ourselves with ivy and dance, a grey-haired band; yet dancing must be done, and I shall fight against the god, though persuaded by your words.","The sentence opens with the adversative pair μεν/αλλα, a common structural device to contrast a concession with a stronger counter-assertion. The phrase 'whom you mock' (ον συ διαγελας) is a relative clause modifying Cadmus, highlighting the dramatic tension between the old king and the younger, arrogant speaker (Pentheus). The verb ερεψομεσθα (we shall cover) is used here in the sense of 'to cover oneself with leaves,' a specific ritual action associated with the worship of Dionysus, where participants wreathed themselves in ivy (kisso). The term polia synoris ('grey-haired band') is a striking epithet; 'grey-haired' (polia) refers to the aged appearance of Cadmus and the speaker, contrasting with the typical youthful vigor of Dionysiac followers, while 'band' (synoris) denotes the communal group. The shift from the future active ερεψομεσθα and χορευσομεν to the impersonal present neuter participle χορευτεον (it must be danced/dancing must be done) introduces a sense of inevitability and fate, suggesting that the ritual is now obligatory regardless of personal will. The final clause features a participle πεισθεις (having been persuaded) governing the action of θεομαχεσω (I shall fight against the god), creating a paradoxical image: the speaker claims to be acting under the persuasion of the addressee's words, yet these words lead him to the ultimate act of defiance against the deity. The use of the compound verb θεομαχεω (to fight against a god) is particularly significant in the context of the play, as it defines the central conflict of hubris against divine authority.",122
123,"For you are mad beyond all pain; and if you took remedies, you would not be sick without these.","This sentence employs a conditional structure (indicated by the optative λαβοις with αν) to argue that the current state of madness is preferable to the alternative of illness without the god's presence. The phrase ως αλγιστα functions as a superlative adverbial modifier meaning 'most painfully' or 'beyond all pain,' emphasizing the intensity of the madness. The syntax features a coordinated main clause followed by a conditional clause linked by τε, which here serves a connective function rather than its typical copulative use. The term φαρμάκοις (remedies/drugs) is used metaphorically here, contrasting physical cures with the spiritual or divine 'cure' offered by Dionysus. The sentence also uses anaphora-like repetition of the negative particles οὐ and οὐκ (implied in the structure) to reinforce the exclusivity of the cure.",123
124,"Ah, old man, you do not shame Phoebus with your words, nor do you show reverence to Bromius by acting prudently, [but you treat] a great god [as such].","The sentence employs a chiastic structure in its accusation: the first clause accuses the addressee of shaming a god (Phoebus) through speech (λόγοις), while the second clause ironically accuses him of failing to honor a god (Bromius) through proper action (σωφρονεῖς). The particle τε...τε connects two parallel negative predicates (καταισχύνεις...σωφρονεῖς), creating a balanced rhetorical contrast. The vocative πρέσβυ (old man) is addressed directly, likely to the Chorus Leader or an elder, emphasizing the gravity of the accusation against someone of status. The term Βρόμιος (Bromius) is an epithet for Dionysus, referring to his ecstatic, thunderous nature, while Φοῖβος (Phoebus) refers to Apollo, representing order and reason. The irony lies in the juxtaposition: the addressee is accused of using words to insult Apollo while simultaneously failing to show true piety (σωφροσύνη) toward Dionysus, the very god of the play. The final phrase μέγαν θεόν (a great god) serves as an appositive to Βρόμιον, reinforcing the magnitude of the deity being dishonored. The syntax uses a present indicative verb form for both actions, suggesting ongoing behavior. The sentence exemplifies the tragic tension between rational order (Apollo) and divine madness (Dionysus), central to the themes of the Bacchae.",124
125,"Oh boy, Tiresias has advised you well.","The vocative particle ὠ (ō) combined with the vocative παι (pais) creates an intimate, emotional address, typical of a father speaking to a son in moments of crisis or reassurance. The adverb καλῶς (kalōs) modifies the verb παρήνεσεν (parēnesen, 'advised' or 'urged'), emphasizing the quality and appropriateness of the counsel given. The syntax features a clear subject-verb-object structure with the vocative serving as an exclamation. The use of the perfect tense for παρήνεσεν indicates a completed action with present relevance, suggesting that the advice remains valid and beneficial at the moment of speaking.",125
126,Let it dwell among us; do not drive out the laws.,"The verb οἰκεῖ (from οἰκέω) is used here metaphorically to mean 'to dwell' or 'to reside' in the sense of being accepted or established within a community, rather than merely occupying a physical house. The phrase μεθ' ἡμῶν emphasizes internal inclusion. The second clause employs a strong imperative prohibition (μὴ + aorist imperative) with the verb θυράζω (literally 'to drive to the door'), which is a vivid metonymy for expulsion or rejection. This creates a sharp contrast between the desired state of the laws residing within the community and the violent act of casting them out. The sentence structure juxtaposes a positive assertion of presence with a negative command of exclusion, highlighting the tension between social order (nomos) and disorder.",126
127,"For now, whether flying or thinking, you understand nothing.","This sentence employs a sharp contrast between physical motion (flying, πετέσθαι) and mental activity (thinking, φρονέω). The present participle φρονῶν (thinking) agrees in case, number, and gender with the implied subject of the main verb φρονεῖς (you understand/think), functioning adverbially to indicate the circumstances under which the main action occurs. The conjunction τε ... καί (both ... and / whether ... and) links the two participles, creating a sense of simultaneity that is negated by the main verb's object οὐδὲν (nothing). The sentence features a striking irony: the subject is described as being in a state of active thought (φρονῶν) yet is simultaneously characterized as understanding nothing (οὐδὲν φρονεῖς), highlighting a paradox where the appearance of wisdom or mental activity masks a complete lack of true insight. The particle γάρ provides a causal or explanatory force, suggesting this statement justifies a preceding assertion about the subject's state.",127
128,"And not even for this reason is this god, as you say, to be spoken of beside you.","The sentence features a crasis in the first two words, κα- and κεἰ (καί + γέ), forming the connective particle καίκεῖ (or καίκεῖ), which often introduces a strong assertion or transition. The negative μή combined with γάρ creates a rhetorical emphasis, suggesting that the speaker is refuting a previous assumption or statement. The phrase ως σύ φῃς ('as you say') is a common parenthetical expression used to acknowledge or dismiss an interlocutor's claim, often with a tone of skepticism or irony. The construction παραὰ σοι λέγεσθω uses the preposition παρα (beside/alongside) with the dative σοι (you), emphasizing the idea that the god should not be discussed in the presence or with the approval of the listener, possibly hinting at a theme of exclusion or secrecy. The passive infinitive λέγεσθω suggests a general or impersonal action, reinforcing the idea that the matter is not to be brought up at all.",128
129,"And lie well, as it is true, that you might seem to bear a god, and that honor might be due to us from all our race.","The verb καταψεύδου is an aorist imperative, meaning 'to lie' or 'to tell a falsehood,' which creates a striking dramatic irony here: the speaker commands someone to fabricate a story precisely because that fabrication is presented as a necessary 'truth' for social and religious cohesion. The phrase 'as it is true' (ὡς ἐστὶ) functions rhetorically to validate the lie; the lie is 'true' in its consequences, not its factual accuracy. The sentence employs a double ἵνα clause (with the particle τε connecting the two purposes) to outline the dual benefits of the deception: the personal divine status for the subject (Semele) and the collective honor for the community (the Chorus). The word τε appearing after Σεμέλη is an enclitic conjunction meaning 'and,' linking the name to the implied subject of the subsequent purpose clauses. The use of the dative plural γένει with the prepositional sense implied by προσῇ (due/appropriate) indicates that the honor is to be accorded to the entire lineage or race. This sentence exemplifies the tragic theme where falsehood is elevated to a necessary social virtue.",129
130,"Do you see the wretched fate of Actaeon, whom the hateful hounds he reared scattered? It was better for him to have boasted of being superior in the hunts of Artemis, in the fields.","The sentence employs a rhetorical question ('Do you see...') to engage the audience in the tragic spectacle. The syntax features a relative clause ('whom the hateful hounds...') with a complex internal structure: the verb 'reared' (ἐθρέψατο) is a middle voice form indicating Actaeon's agency in raising the dogs, which now turn against him, a classic example of dramatic irony. The adjective 'hateful' (ὠμόσιτοι) describes the dogs as savage or bloodthirsty, emphasizing the cruelty of the punishment. The phrase 'It was better' (κρείσσον... ἐναι) introduces a gnomic or reflective comment on the nature of hubris; the participle 'boasting' (κομπάσαντ') suggests that Actaeon's pride in his hunting prowess, specifically his claim to rival Artemis, precipitated his destruction. The final prepositional phrase 'in the fields' (ἐν ὀργάσιν) refers to the hayfields or meadows where the tragedy unfolded, grounding the abstract concept of fate in a specific physical location. The sentence structure creates a sharp contrast between the dogs' past loyalty (reared by Actaeon) and their current violence (scattering him), highlighting the theme of the gods' wrath against human pride.",130
131,Do not suffer anything!,"This sentence is a negative imperative command. The verb πάσχω (to suffer, experience) is in the aorist subjunctive, which, when combined with the negative particle μή, forms a prohibition against the action occurring in the future. The pronoun σύ (you) is explicitly stated for emphasis, highlighting the direct address to the listener. The use of the indefinite relative pronoun ὅς (who/that) here functions as an indefinite pronoun meaning 'anything' or 'something,' intensifying the command to avoid any suffering whatsoever. The syntax is concise and direct, typical of dramatic dialogue where characters issue urgent warnings or commands.",131
132,Come here; I will crown your head with ivy.,"The adverb δεῦρο functions as an imperative of invitation, calling the addressee to approach the speaker. The verb στεφῶ (future indicative of στεφῶ) denotes the act of crowning, a ritual action often associated with initiation into the mysteries of Dionysus. The object καρά is the head, and the instrumental adverbial κισσῷ (here marked as ADV in the dependency tree, functioning as an instrumental ablative of means/material) specifies the material of the crown: ivy (κισσός), which is the primary sacred plant of Dionysus. The phrase κισσῷ στεφῶ is a typical example of a poetic periphrasis where the material is used adverbially to describe the action. The sentence exhibits a concise, direct style characteristic of choral or actor speech in tragedy, where the speaker asserts authority and initiates a ritual transformation.",132
133,Give the god honor along with us.,"The sentence features a direct imperative command (δέου, second person singular present active imperative) directed at an audience to perform a ritual act. The prepositional phrase μεθ’ ἡμῶν (with us) uses the preposition μετά with the genitive case, indicating accompanition. The noun θεός (god) is in the dative case, functioning as the indirect object of the verb διδου (give), while τιμὴν (honor) is the direct object in the accusative case. This construction highlights the dual nature of the offering: the act of giving honor is performed both to the deity and in the company of the speaker's group. The syntax reflects a communal religious practice where the community acts in unison, a common theme in Greek tragedy to emphasize collective piety or the necessity of adhering to divine law.",133
134,"Do not stretch out your hand, but you will go and worship, and do not purify your foolishness from me.","This sentence features a series of strong prohibitions and predictions characteristic of the Bacchae's dramatic tension. The initial clause uses a double negative construction (οὐ μή) with the future indicative προσοίσεις to issue a forceful, emphatic prohibition: 'do not dare to' or 'certainly not.' The particle δὲ connects the first command to the second clause, which shifts from an imperative to a future indicative (βακχεύσεις), predicting the listener's inevitable participation in the rites of Bacchus. The participle ἰὼν ('going') modifies βακχεύσεις, indicating the manner or timing of the worship. The final clause introduces another prohibition (μὴ with the aorist subjunctive ἐξομόργνυς), where the verb ἐξομόργνυμι ('to cleanse/purify') takes a double accusative object: μωρίαν ('folly') and ἐμοί ('me'). This construction implies removing one's own folly from the speaker's presence or company, a rhetorical device highlighting the speaker's rejection of the listener's irrationality. The sentence structure employs asyndeton in the final clause (omitting a conjunction before μὴ δὲ) to create a rapid, urgent rhythm, emphasizing the immediacy of the command. The term 'folly' (μωρία) is used here as a substantive noun, personifying the listener's irrational state as an object to be purged.",134
135,"I will come to you in person for your folly, this teacher.","The sentence features a striking use of the verb μετερχομαι (meteormai) in the future indicative, which carries the specific sense of 'to come to someone' or 'to visit,' often with connotations of retribution or a decisive encounter. The construction uses a double accusative object: δίκην (punishment) as the direct object of the action, and διδάσκαλον (teacher) as a predicate accusative, effectively equating the 'teacher' with the agent of punishment or the target of the visit. The phrase τῆς σῆς ἀνοίας (of your folly) functions as a genitive of cause or respect, explaining the reason for the visit. The demonstrative τόνδε (this) creates a pointed, immediate reference to the addressee, heightening the dramatic tension. The particle δ' (de) serves to connect this utterance to the preceding discourse while emphasizing the speaker's resolve. The tone is accusatory and threatening, characteristic of the Chorus or Dionysus in the Bacchae, asserting divine authority over human hubris.",135
136,"Let someone go as quickly as possible; and when he comes, let him examine the divination of the bolts of this seat, turn everything upside down, top to bottom, all at once, and let him release the wreaths to the winds and the storms.","This passage features a series of imperative and optative commands driven by the initial subjunctive 'στείχετω' (let someone go), creating a sense of urgent ritual action. The syntax employs a participle 'ἐλθών' (coming) to sequence the actions, indicating that the inspection and subsequent destruction must occur upon arrival. The phrase 'ἄνω κάτω' (up down) functions as an adverbial pair emphasizing total upheaval, while 'σὺν ὅμου' (all together/at once) intensifies the simultaneity of the chaos. The command to release the wreaths to the 'ἀνεμοῖς' (winds) and 'θυέλλαισιν' (storms) personifies these natural forces, suggesting a deliberate offering of ritual purity to the elements of the storm god, Dionysus. The text exhibits a rhythmic progression from specific instruction to general chaos, utilizing asyndeton in the listing of 'ἀνεμοῖς' and 'θυέλλαισιν' to accelerate the pace of the final command.",136
137,For I shall bite him most fiercely for doing these things.,"The verb δακνῶ (to bite) is used here metaphorically, a common rhetorical device in tragedy to express intense emotional aggression or the desire for retribution, equating the speaker's anger with a physical attack. The adverb μάλιστα intensifies the action, suggesting the biting will be at its most extreme degree. The construction uses a future indicative (δήξομαι) combined with an aorist active participle (δράσας), indicating that the biting will occur as a direct consequence of the action already completed (or perceived as completed) by the object. The particle γάρ provides the causal link, explaining the motivation behind the threat. The pronoun νιν is the accusative form of αὐτόν, used here as the direct object of the biting.",137
138,"And you who have gone up the city have tracked down that woman-shaped stranger, who brings a new disease to women and defiles their beds.","The sentence employs a vivid compound verb, 'ἐξιχνεύσατε' (you have tracked down/investigated), which combines the preposition 'ἐξ' with 'ἰχνεύω' (to follow the track), emphasizing the act of pursuing a trail. The participle 'στείχοντες' (going/marching) with the prefix 'ἀνά' (up) suggests an ascent into the city, likely referring to the Theban women's ecstatic entry into the urban space. The adjective 'θηλύμορφον' (woman-shaped) is a striking epithet for the male stranger (Dionysus), highlighting the blurring of gender boundaries central to the play's themes; it describes his appearance rather than his essential nature. The relative clause 'ὃς...' uses a chiasmus-like structure in its predicates: 'ἐσφέρει' (brings in) pairs with 'λυμαίνεται' (defiles/corrupts), both describing the stranger's harmful influence. The noun 'λέχη' (beds) is used metonymically for the marital bed or the sanctity of the household, and 'λυμαίνεται' (defiles) carries strong connotations of ritual pollution and sexual corruption, reflecting the Bacchic disruption of social and domestic order.",138
139,"And even if you seize him, lead him here as a prisoner, so that, having escaped a fine, he may die, having witnessed a bitter Bacchic revelry in Thebes.","The sentence begins with a stuttered repetition of the particle 'κα' (κα- κἄνπερ), indicating a moment of hesitation or urgency in the speaker's delivery. The main clause is an imperative (πορεύσατε, 'lead'), modified by a conditional clause introduced by κἄνπερ (even if) with the subjunctive λάβητε (you seize). The purpose of the action is introduced by ὡς (so that), followed by a future optative θάνη (he may die) conditioned by the particle ἄν. The participle τυχὼν (having obtained/escaped) governs the genitive λευσίμου δίκης (of a fine/penalty), a specific legal term where λευσιμος denotes the payment of a fine to secure release. The final participial phrase (ἰδὼν... εἰδώς) creates a dramatic irony: the prisoner is to die only after witnessing the very ritual (the Bacchic revelry) that caused his arrest, described here as 'bitter' (πικράν) to highlight the tragic outcome of the cult's power.",139
140,"O wretched one, how you do not know at some point or other that you are a man!","The vocative adjective σχετλιε (here elided as σχετλί') expresses intense pity or contempt, often used by the Chorus or a character addressing someone in a state of tragic ignorance. The particle ὡς introduces an exclamatory clause emphasizing the extent of the subject's lack of knowledge. The phrase που ποτ' (with elision) is an emphatic adverbial construction meaning 'at some time or other' or 'ever,' stressing the inevitability of the realization. The verb εἶ (from εἰμί) functions as the predicate of the subordinate clause, asserting the fundamental truth of the addressee's identity as a human (λόγων here likely implies 'a man' in the sense of 'one who speaks' or 'rational being,' though the specific nuance of 'man' is implied by the context of the play where Pentheus is being told he is mortal and subject to divine power). The sentence structure uses asyndeton (lack of conjunctions) to create a sense of urgency and directness in the speaker's rebuke.",140
141,You are already mad.,"The verb μέμηνας is the second person singular perfect active indicative of μαίνομαι (to be mad, to rage, to be in a frenzy). The perfect tense here indicates a present state resulting from a past action: the subject is currently in a state of madness. The adverb ἤδη (already) intensifies the immediacy of this condition, suggesting that the onset of madness has occurred prior to the current moment of speech. In the context of the Bacchae, this line is spoken by a character (likely the Chorus or Pentheus himself in a moment of realization) to another who is succumbing to the divine frenzy of Dionysus. The sentence is a direct address, emphasizing the psychological and spiritual transformation induced by the god. The use of the perfect tense with this verb is significant in Greek tragedy to denote a permanent or deeply ingrained state of being, rather than a temporary condition.",141
142,And before you are out of your mind.,"The verb ἐξέστης (second person singular aorist indicative active of ἐξίστημι) literally means 'you stand out' or 'you have stood out,' but in this context, it functions as a fixed idiom meaning 'you are out of your mind' or 'you are insane.' The construction with the genitive φρενῶν (of the mind/thoughts) is a classic example of a partitive genitive, specifying the domain in which the state of 'standing out' occurs. The conjunction καὶ (and) connects this clause to a preceding thought, while πρὶν (before) introduces a temporal clause. The use of the aorist indicative here, rather than the subjunctive often found with πρὶν, suggests a factual or emphatic temporal marker, implying 'before you actually become insane.' This phrase captures a moment of critical intervention, urging the addressee to remain rational before succumbing to madness.",142
143,"Let us go, Cadmus, and let us beg the god, though he is savage, on behalf of this man and on behalf of the city, to do nothing new.","The sentence employs a double hortatory subjunctive (στείχωμεν, κἀξαιτώμεθα) to express a collective, urgent proposal. The conjunction τε...τε creates a parallel structure linking the two beneficiaries of the plea: 'on behalf of this man' (τούτου) and 'on behalf of the city' (πόλεως). The phrase καίπερ ὄντος ἀγρίου functions as a concessive genitive absolute ('though he is savage'), highlighting the difficulty of the request given Dionysus's nature. The final infinitive δρᾶν with the negation μηδὲν νέον ('to do nothing new') serves as the object of the plea, indicating a desire to maintain the status quo despite the god's potential for disruption. The use of ἀγρίου (savage/wild) is particularly significant in the context of Dionysus, who is often associated with untamed, primal forces. The sentence ends with a period, marking the completion of the proposal.",143
144,"But follow me with the ivy staff, and try to lift my body; and I [will try] to lift yours.","This sentence features a symmetrical structure known as chiasmus in the final clause: the speaker promises to reciprocate the action of the addressee. The phrase 'ivy staff' (κισσίνου βάκτρου) is a specific cultic attribute of Dionysus and his followers (maenads), symbolizing their ecstatic rites. The verb πειραω (to try/attempt) followed by the present infinitive ἀνορθου̂ν (to set upright/raise) suggests a physical struggle to stand, likely alluding to the protagonist's intoxication or exhaustion. The ellipsis of the verb in the final clause ('I [will try] to lift yours') creates a concise, reciprocal rhythm that emphasizes the bond between the two characters. The enclitic particle δ' (but/and) and the conjunction καί (and) link the imperatives smoothly, creating a flow of command and promise.",144
145,"Old man, it is shameful for two to fall.","The vocative γέροντε addresses a single individual, while the infinitive construction πεσεῖν (to fall) functions as the subject of the impersonal adjective αἰσχρὸν (shameful). The numeral δύο (two) agrees in number with the implied plural subject of the infinitive, creating a tension between the singular addressee and the plural action. The sentence exhibits a stark, aphoristic style typical of tragic gnomic utterances, where the speaker highlights the indignity of a specific situation. The particle δ' (δέ) serves to connect this statement to the preceding context, likely emphasizing a contrast or a logical consequence regarding the current predicament. The structure relies on the accusative and infinitive construction functioning nominally, a common syntactic feature in Greek for expressing general truths or evaluations of actions.",145
146,"Let him go, however; for one must serve Dionysus, the son of Zeus.","The sentence employs the impersonal passive participle δουλευτέον (from δουλεύω), a gerundive construction indicating necessity or obligation ('one must serve' or 'it is necessary to serve'). This form agrees with the implied neuter subject of the infinitive sense. The particle δέ (here attached as -δ') serves a connective function, often introducing a contrast or continuation ('however' or 'but'), while γάρ provides the causal justification for the command to let the subject depart. The epithet Βάκχειος (Bacchic) applied to Dionysus emphasizes his role as the god of ecstatic ritual, and the patronymic 'son of Zeus' (Διός) reinforces his divine lineage and authority, grounding the obligation to serve in his status as an Olympian deity. The syntax moves from a jussive command (ἴτω) to a theological rationale, a common structure in choral odes to establish the inevitability of divine will.",146
147,"And Pentheus, how he will not bring mourning to your house, Cadmus.","The sentence features a direct address (vocative 'Cadmus') at the end, a common rhetorical device in tragedy that emphasizes the addressee's involvement or impending fate. The verb 'εἰσοίσει' (future active indicative of εἰσφέρω) combined with the dative 'δόμοις' indicates bringing something into a place. The use of 'πένθος' (mourning) creates a poignant thematic link to the name 'Πενθεύς' (Pentheus), a form of wordplay known as etymological punning, where the character's name foreshadows the grief he will bring or suffer. The sentence is structured as an exclamatory or rhetorical question fragment, relying on context to convey the full meaning of the speaker's intent.",147
148,"I do not speak of prophecy, but of events.","The sentence employs the correlative conjunctions μεν...δε (indeed...but) to create a sharp contrast between abstract divine knowledge and concrete human experience. The construction is a classic example of asyndeton, where the conjunction is omitted before the second element to heighten the contrast and create a staccato rhythm typical of dramatic dialogue. The verb λεγω here is used in the sense of 'to interpret' or 'to declare' rather than merely 'to say'. The phrase τοις πραγμασιν (to the things/events) uses the dative case to indicate the sphere or subject matter of the speech, a common usage in Greek to denote the field of discourse. This line reflects the play's central tension between the rational, human world (represented by events) and the irrational, divine forces (represented by prophecy). The syntax is balanced and antithetical, emphasizing the speaker's rejection of oracular claims in favor of observable reality.",148
149,For a madman speaks madness.,"This sentence employs a striking chiasmus, mirroring the adjective 'mad' (μωρός) in the vocative (μωρά) and the predicate adjective (μωρός) with the noun 'madness' (implied in the first μωρά as a substantive or attribute of the speaker). The vocative μωρά addresses the listener directly, likely a character in the play who is acting foolishly. The particle γὰρ indicates that this statement provides a reason or explanation for a preceding action or assertion. The use of μωρός as both an adjective describing the speaker and as a substantive for 'madness' highlights the theme of irrationality and the blurring of the line between the mad person and their actions. The sentence is concise and aphoristic, typical of the dramatic style in Euripides' Bacchae, where characters often express profound truths in brief, memorable phrases.",149
150,"Holy lady, mistress of the gods, and Holy One, who bears a golden wing above the earth, do you fly these things? Or: do you come to these things?","The sentence employs the vocative address 'πότνα θεῶν' (mistress of the gods), a common epithet for Dionysus's female followers or the god himself in a feminine context, though here applied to the god in his mysterious aspect. The repetition of 'ὁσία' (holy) creates a parallel structure that emphasizes the sacred nature of the subject. The verb 'ἄιεις' (you fly) is a poetic and rare form, likely used for metrical or stylistic effect, and carries the dual sense of flying through the air and coming swiftly. The phrase 'κατὰ γαῖαν χρυσεὰν πτέρυγα φέρεις' (bearing a golden wing over the earth) uses synecdoche, where 'wing' represents the divine power or the god's presence. The rhetorical question 'ταῦτα Πενθέως ἄιεις;' (do you come to these things, Pentheus's things?) highlights the dramatic irony, as the speaker (a follower of Dionysus) is addressing the god while questioning his intentions towards Pentheus. The sentence exhibits a chiastic structure in the addressing and the description of the god's attributes, enhancing the solemnity and reverence of the invocation.",150
151,"Do you not consider it impious insolence toward Bromius, the son of Semele, the first deity of the blessed ones, to come alongside the joy of the most beautiful-crowned ones?","The sentence employs a rhetorical question structure to accuse the addressee (Pentheus) of hubris. The noun 'ὕβριν' (insolence/hubris) is modified by the adjective 'ὁσίαν' (pious/impious in a negative context, implying 'unholy'), creating a chiasmus-like conceptual tension where the act is described as the opposite of piety. The phrase 'πρῶτον μακάρων' (first of the blessed ones) is a common epithet for Dionysus, emphasizing his primacy among the gods. The syntax features a series of appositions to 'Δαίμονα' (deity): 'τὸν Σεμέλας' (son of Semele) and 'τὸν... δαίμονα' with its modifiers. The prepositional phrase 'παρὰ καλλιστεφάνοις εὐφροσύναις' (alongside the joys of the most beautiful-crowned ones) uses the dative plural to indicate accompaniment, referring to the Maenads. The adjective 'καλλιστεφάνοις' (most beautiful-crowned) is a compound adjective, highlighting the distinctive headgear of the worshippers. The use of the present infinitive 'εἶναι' (implied or elided in some editions, but here the verb 'αἰεῖς' functions as 'to consider/hold') suggests a continuous state of judgment. The sentence structure builds intensity through the accumulation of epithets and the specific targeting of Dionysus's lineage and status.",151
152,"Whoever holds these things, to dance in choruses and with flutes to laugh and to cease from cares, whenever the beauty of the grape comes to a banquet of gods, and among the revels of ivy-bearing men, the mixing-bowl throws sleep around their untethered mouths and the end of their lawless frolic is misfortune.","This passage utilizes a series of infinitives (θιασεῦειν, γελάσαι, ἀποπαῦσαι) governed by the main verb ἔχει ('to hold' or 'to possess'), creating a rhythmic accumulation of Bacchic activities. The syntax shifts from general permission or description to a conditional temporal clause introduced by ὅταν ('whenever'), marking the transition from the joy of the Dionysian feast to its inevitable tragic conclusion. The imagery relies heavily on synecdoche and metonymy: 'the beauty of the grape' (βότρυος γάνος) refers to the wine itself, and the 'mixing-bowl' (κρατήρ) is personified as the agent that 'throws sleep' (ὑπνὸν ἀμφιβάλλη) around the drinkers' mouths. The phrase 'untethered mouths' (ἀχαλίνων στομάτων) is a powerful metaphor for the loss of self-control and rational speech typical of the Dionysian state. The sentence concludes with a striking chiasmus of thought: the physical act of drinking leads to sleep, which culminates in the abstract 'end' (τέλος) being 'misfortune' (δυστυχία), encapsulating the Greek tragic worldview that excessive revelry inevitably leads to ruin. The use of τε... τε... and τε... δέ... creates a balanced, almost incantatory structure that mimics the rhythmic nature of the dance and the cyclical nature of the ritual.",152
153,But a life of tranquility and the practice of wisdom remain unshaken and hold fast the houses.,"The sentence employs a chiasmic structure in its syntactic arrangement, pairing the abstract qualities of 'life' (βίος) and 'wisdom/thought' (φρονεῖν) with their respective effects: remaining 'unshaken' (ἀσάλευτον) and 'holding together' (συνέχει). The use of the present tense (μένει, συνέχει) for both verbs suggests a timeless, enduring truth rather than a specific historical event. The adjective ἀσάλευτον functions as a predicative adjective describing the state of the subject (life and wisdom). The verb συνεχεῖ, derived from συν-έχω, carries the specific sense of 'holding together' or 'preserving,' implying that a tranquil and wise life acts as a stabilizing force for the domestic sphere (δῶματα). The conjunction τε...καί connects the two subjects, while the second καί links the two predicative verbs, creating a balanced rhythm typical of gnomic or didactic poetry.",153
154,"For the immortals, who dwell in the ether, see the things of mortals, however.","The sentence features a participial phrase (ναιόντες, 'dwelling') modifying the subject (οὐρανίδαι, 'immortals'), which is placed in the vocative or nominative case depending on interpretation, though syntactically here it functions as the subject of the main verb (ὁρῶσιν). The use of γάρ indicates a causal or explanatory relationship, suggesting this statement supports a preceding argument. The word οὔτως or ὅμως (here ὅμως) adds a concessive tone, implying that despite the vast distance or difference in nature between the divine and human realms, the gods still observe human affairs. The term οὐρανίδαι is a poetic periphrasis for gods, emphasizing their celestial origin. The phrase ταὶ βροτῶν refers to 'the things of mortals,' highlighting the transient and limited nature of human existence compared to the eternal divine perspective.",154
155,"The wise thing is not wisdom, but the thinking of mortals not to be wise.","This sentence presents a gnomic paradox typical of tragic wisdom, utilizing a chiastic structure to contrast 'wisdom' (σοφία) with the 'wise' (τὸ σοφόν). The first clause negates the equation of the state of being wise with the abstract quality of wisdom itself. The second clause, introduced by the enclitic τε (te) often paired with a preceding δέ (de) for contrast or addition, defines true wisdom as the limitation of human thought: the recognition of human mortality and the restraint of not overreaching (μὴ θνητὰ φρονεῖν). The phrase 'thinking not to be wise' (μὴ θνητὰ φρονεῖν) is a striking example of the 'wise ignorance' found in Greek thought, where acknowledging one's limits is the highest form of prudence. The syntax employs a neuter adjective (τὸ σοφόν) as a substantive subject, with σοφία as the predicate nominative, and the infinitive phrase φρονεῖν θνητὰ μὴ functioning as the second subject of the copula implied in the contrast.",155
156,Short is the life.,"This sentence is a gnomic statement employing asyndeton (the omission of a copula verb, here 'to be') to create a stark, aphoristic tone. The adjective 'βραχὺς' (short) is placed in the initial position for emphasis, highlighting the brevity of existence before revealing the subject 'αἰών' (life/time/age). The neuter singular forms agree in gender, number, and case (nominative), with the adjective functioning attributively to the subject. The phrase encapsulates a recurring tragic motif in Greek literature: the transience of human life contrasted with the enduring nature of the divine or the cosmos. The use of the present tense (implied by the structure) suggests a timeless truth rather than a specific observation about a single individual's lifespan.",156
157,"On this account, someone pursuing great things will not bring forth the present.","The sentence employs an optative mood (φεροί) combined with the particle ἄν to express a potential or hypothetical situation, a common construction in Greek for general truths or possibilities. The adverbial phrase ἐπὶ τούτῳ (on this account/for this reason) sets the logical condition for the statement. The participle διώκων (pursuing) functions adverbially, describing the subject's action. The object ταῦτα παρόντα (the present things) is in the accusative plural neuter, modified by the definite article. The negative οὐχί is used to negate the verb, emphasizing the futility of seeking grand achievements while ignoring immediate circumstances. The sentence structure reflects a philosophical reflection on the tension between ambition and presence, a recurring theme in Greek literature.",157
158,"These are the ways of men who are mad and evil-minded, in my presence.","The sentence utilizes a genitive absolute construction with the participle μαινομένων (of men going mad/raving), which functions adverbially to describe the source or nature of the 'ways' (τρόποι). The demonstrative pronoun οὗδε (these) is placed prominently at the beginning to emphasize the immediacy and proximity of the observed behavior. The compound adjective κακοβούλων (evil-minded) is a characteristic term in tragedy for describing moral corruption or malicious intent. The enclitic γε (in ἐμοίγε) adds emphasis to the prepositional phrase παρ' ἐμοί, highlighting the speaker's presence as the witness or the locus of this observation. The syntax creates a stark contrast between the speaker's authority and the chaotic nature of the subjects, a common thematic element in the Bacchae regarding the disruption of social order by divine madness.",158
159,"I wish to reach Cyprus, the island of Aphrodite, so that the love-gods who charm the mind dwell among mortals; and let the hundred-mouthed streams of the barbarian river, which bring no rain, yield their fruit in Paphos.","This sentence features a primary optative verb (ἴκοιμαν, 'I wish to reach') expressing a prayer or strong desire, followed by a purpose clause introduced by ἵν' (so that) with a present indicative verb (νέμονται). The syntax employs asyndeton (the omission of conjunctions between clauses) between the two main clauses of the wish, linked only by the coordinating particle -θ' (τε) attached to the second clause. The adjective θελξιφρόνες ('mind-charming') is a compound epithet describing the Erotes, highlighting their power over human intellect. The phrase ἑκατόστομοι ('hundred-mouthed') is a hyperbolic epithet applied to the river streams, evoking a sense of overwhelming abundance or diverse sources. The term 'barbarian' (βαρβάρου) is used here not necessarily as a pejorative but to denote the river's non-Greek, exotic origin, likely referring to the river Asopus or a similar local watercourse associated with Paphos in Cypriot mythology. The imagery of 'fruit' (καρπιζουσιν) in relation to water is a metaphorical extension, suggesting the rivers produce the bounty of the island. The structure creates a chiastic effect in the description of the divine and the natural, linking the charm of the gods with the productivity of the rivers.",159
160,"But you, most beautiful seat of the Pierian Muse, sacred summit of Olympus, lead me there, Bromios, Bromios, Bacchus, holy god.","This sentence is a prayer addressed to Dionysus, employing a complex appositional structure where the addressee is defined through multiple epithets before the main verb of the prayer. The phrase 'Πιερία μούσειος ἕδρα' (Pierian Muse's seat) refers to Mount Helicon, the traditional home of the Muses, while 'σεμνὰ κλιτὺς Ὀλύμπου' (sacred summit of Olympus) elevates the setting to the highest divine realm. The repetition of 'Βρόμιε' (Bromios) functions as anaphora, emphasizing the god's power and the urgency of the plea. The vocative 'δαῖμον' (god) serves as an expanded exhortation, linked to the imperative 'ἄγε' (lead). The use of 'καλλιστευομένα' (most beautiful, superlative participle) as an attributive modifier highlights the aesthetic and divine quality of the place being invoked. The syntax creates a rhythm of invocation, moving from the location of the Muses to the mountain of Zeus, and finally to the direct address of the god himself.",160
161,"There are the Graces, and there is Desire.","This sentence exhibits a striking paratactic structure, linking two nominal clauses with the coordinating particle δέ (de) to create a rhythmic balance. The repetition of the adverb εἰκεῖ (ekei, 'there') at the beginning of both clauses creates anaphora, emphasizing the simultaneous presence of these divine entities in the location being described. The sentence omits the verb 'to be' (εἰσί), a common feature in Ancient Greek that lends a sense of immediacy and vividness (enargeia) to the description. Stylistically, the juxtaposition of the Charites (Graces), representing charm and social harmony, with Eros/Desire (Pothos), representing intense longing and erotic passion, encapsulates the dual nature of the Dionysian experience: the festive joy and the overwhelming, often chaotic, force of desire.",161
162,"There, however, it is lawful for the bacchants to perform the rites.","The sentence utilizes the neuter singular noun θεμίς ('what is right,' 'law,' or 'divine ordinance') functioning as a predicate nominative (PNOM) in an impersonal construction. The subject of the clause is the infinitive οργιάζειν ('to perform rites'), which is in the present active infinitive form. This construction (θεμίς + infinitive) is a standard way to express moral or divine permissibility in Greek. The dative plural βακχαῖς ('for the bacchants') functions as the object (OBJ) of the infinitive, indicating the agents who are permitted to act. The adverb ἐκεῖ ('there') sets a specific spatial context, likely referring to the mountainous sanctuary of Cithaeron where the worship occurs. The particle δέ ('however') introduces a contrast or a new point in the discourse, shifting the focus to the legitimacy of the rites in that specific location. The verb οργιάζω is specifically associated with the ecstatic, Dionysiac worship practices, distinguishing it from generic terms for worship.",162
163,"The god, the son of Zeus, rejoices in revels, and loves Peace, the giver of wealth, the nurse of youths.","This sentence presents a formal characterization of Dionysus through a series of epithets and attributes. The phrase 'son of Zeus' (Διὸς παῖς) is a standard patronymic, but here it serves to distinguish this deity's divine lineage. The verb 'rejoices' (χαίρει) takes the dative of means or sphere (θαλίαισιν), referring to the ecstatic celebrations or banquets associated with the god. The sentence employs a chiastic-like balance in the second clause: 'loves Peace' (φιλεῖ... Εἰρήνην), where Peace is further described by two appositives: 'wealth-giving' (ὀλβοδοτείραν) and 'nurse of youths' (κουροτρόφον). These epithets highlight the dual nature of Dionysus's influence: while he brings the chaos of revelry, he also fosters social harmony (Peace) and the continuity of the community through the nurturing of the next generation (youths). The use of the particles 'μέν' and 'δέ' (μέν... δέ) creates a clear contrastive structure, separating the god's joy in revelry from his affection for peace and societal order.",163
164,"They went into the house of the blessed and into that of the wretched, having the joy of wine, painless.","The sentence employs the correlative conjunctions τε...τε (both...and) to link two distinct destinations: the house of the blessed (τοῦ ὀλβίου) and the house of the wretched (τοῦ χείρονα). This juxtaposition highlights the universal reach of Dionysian intoxication, which transcends social and moral boundaries. The construction uses a genitive of possession (οἴνου) modifying 'delight' (τέρψιν), a common poetic usage where the source of pleasure is specified. The adjective ἀλύπον (painless) is placed in final position, creating a striking contrast with the preceding notion of 'wretchedness' and emphasizing the unique, soothing nature of the wine-fueled state. The syntax features an accusative of respect or content following the verb 'to have' (ἔχειν), where the 'joy' is the object possessed. The use of the aorist indicative (ἴσαν) alongside the present infinitive (ἔχειν) suggests a sequence where the action of entering the houses is completed, while the state of possessing the joy is concurrent with or resulting from that entry.",164
165,"He hates those who do not care about these things: to live a blessed life through the light and the beloved nights, and to keep a wise mind and heart apart from the excesses of men.","The sentence employs a complex structure where the verb 'hates' (μισεῖ) takes two coordinated infinitival clauses as its objects: 'to live' (διαζῆν) and 'to keep' (ἀπέχειν). The first infinitive is governed by the dative of interest 'μελεῖ' (it matters to) with the subject 'who' (ὅς) and negated by 'μή'. The phrase 'through the light and the beloved nights' (κατὰ φάος νύκτας τὲ φίλας) uses the preposition 'κατά' with the accusative to denote the manner or sphere of life, contrasting the natural cycles of day and night. The second infinitive clause uses 'ἀπέχειν' with the preposition 'παρά' (away from) and the genitive plural 'τῶν περισσῶν' (of the excesses/extravagances) to express the idea of maintaining distance from the vices of ordinary men. The use of 'σοφὰν' (wise) modifying both 'πραπίδα' (mind) and 'φρένα' (heart) highlights the internal, intellectual virtue required. The sentence utilizes asyndeton in the listing of 'φάος' and 'νύκτας' connected by 'τε', and the chiasmic relationship between 'σοφὰν' and 'περισσῶν' (wisdom vs. excess) reinforces the moral dichotomy. The term 'περισσῶν' (excesses) refers to the unrestrained passions or hubris characteristic of unwise humanity, contrasting with the 'ευαίων' (blessed/happy) life advocated here.",165
166,"As for the multitude, whatever it has deemed the basest, I would accept that.","This sentence exhibits a complex relative clause structure where the relative pronoun ὅ τι functions as a neuter singular accusative object for the verb ἐνόμισε ('deemed'), with the comparative adjective φαυλότερον ('the basest/worst') serving as the object complement (accusative of respect). The main clause features the verb δεχοίμαν ('I would accept') in the present optative mood with the particle ἂν, indicating a potential or conditional action. The conjunction τε is used here to connect the two verbal ideas of 'deeming' and 'using' (χρῆται), creating a hendiadys-like effect where the action of the multitude is summarized as their habitual practice or judgment. The syntax relies on the relative clause to define the specific group or thing that the speaker is willing to accept, emphasizing a total submission to the collective judgment of the 'multitude' (πλήθος). The use of the optative with ἂν suggests a hypothetical stance, perhaps reflecting the speaker's willingness to submit to the mob's low standards if that is the only path available.",166
167,"Pentheus, we have come to this hunt which you sent us to, but we did not rush to the top.","The vocative Πενθεῦ (Pentheus) directly addresses the king, a common dramatic device to establish immediacy. The sentence employs a perfect participle (ἠγρευκότες, 'having hunted') functioning adverbially to explain the manner or reason for the main verb πάρεσμεν ('we have come'). The relative clause ἐφ' ἣν ἔπεμψας ('to which you sent') modifies ἄγραν ('hunt'), with the preposition ἐπί taking the accusative to indicate direction towards the target. The second clause introduces a contrast via the enclitic -δ' attached to the negative οὐ, forming οὐδέ ('but not'). The adjective ἄκρανθ' (from ἄκραντος, 'untopped' or 'without a peak') functions as a substantive accusative object of ὡρμήσαμεν ('we rushed'), likely metaphorically referring to the summit of the mountain or the height of the action. The syntax relies on two coordinated finite verbs (πάρεσμεν and ὡρμήσαμεν) linked by the negative conjunction, creating a rhythmic balance between arrival and the refusal of further ascent.",167
168,"And this beast has not been gentle to us, nor has he drawn back his foot in flight; rather, he has given up his hands, not unwillingly, nor is he pale, nor has he changed his wine-colored cheek. Instead, while laughing and wishing to cause terrible fear, he has remained, making this his proper conduct.","The sentence employs a series of negative clauses introduced by the compound particle 'οὐδέ' (οὐ + δέ) to create a rhythmic accumulation of denials, emphasizing the unnatural and terrifying nature of the 'beast' (the god Dionysus in disguise). The syntax juxtaposes the expectation of a fleeing, terrified victim (pale, changing color, retreating) with the reality of the character's calm, smiling, and stationary demeanor. The phrase 'wine-colored cheek' (οἰνωπὸν γένυν) is a striking visual metonymy, likely alluding to the physical effects of wine or the god's own association with the vine, which contrasts sharply with the pallor expected of a victim. The use of the participle 'ποιούμενος' (making/considering) with 'εὐτρεπές' (proper/fitting) suggests a deliberate, almost ritualistic acceptance of the situation, highlighting the thematic tension between the mortal's perception of danger and the god's control over the scene.",168
169,"Ah, and I spoke out of respect.","The sentence begins with a disyllabic interjection or hesitation marker 'κα-' (a form of the conjunction 'καί' used to express suddenness, hesitation, or a break in thought), which is a common feature in dramatic dialogue to indicate a character's emotional state or a pause in speech. The subject 'ἐγώ' (I) is explicitly stated for emphasis, which is typical in Greek when the speaker wishes to contrast themselves with others or assert their own agency. The preposition 'διὰ' + genitive 'αἰδούς' (shame/respect) indicates the motive or cause of the action. 'Αἰδώς' is a complex cultural concept in Ancient Greece, encompassing shame, respect, reverence, and a sense of propriety; here it suggests the speaker acted cautiously or with deference rather than out of boldness. The verb 'εἶπον' is the aorist indicative active of 'λέγω' (to say), and its use here in the aorist points to a completed action in the past, fitting the narrative context of a dramatic monologue or dialogue.",169
170,"O stranger, I lead you unwillingly, but [I lead you] because he sent me with letters.","The vocative 'ὦ ξένε' (here contracted to 'ὦ ξέν' before the enclitic) is a standard formula of address for foreigners or guests in Greek tragedy, immediately establishing a social distance. The phrase 'οὐχ ἑκών' (unwillingly) is a significant oxymoron of action and will; the verb 'ἄγω' (I lead) implies force or authority, yet the speaker claims a lack of volition, highlighting the theme of compulsion by divine or royal command. The sentence employs asyndeton (the omission of a conjunction between clauses) in the first part, creating a sharp, abrupt tone, which is then balanced by the coordinating particle 'δέ' in the second clause. The relative clause 'ὃς ἐπέμψ'...' functions adverbially to explain the cause of the action, a common syntactic feature in dramatic monologues to justify a character's reluctant behavior. The dative 'ἐπιστολαῖς' (with letters) indicates the means or instrument of the sending, underscoring the bureaucratic or formal nature of the command compared to the personal reluctance of the speaker.",170
171,"But now, having bound the bacchants whom you seized and chained in the bonds of a public house, let those women, having been released, leap toward the meadows, calling upon Bromios the god.","The sentence employs a chiastic structure in the participial phrases: the first part describes the binding (εἵρξας, συνήρπασας, κατέδησας), while the second describes the release and movement (λελυμέναι, σκιρτώσι). The use of the aorist participles (εἵρξας, συνήρπασας, κατέδησας) followed by the perfect participle (λελυμέναι) creates a sharp contrast between the past act of confinement and the present state of freedom. The verb σκιρτάω (to leap or spring) is a vivid, dynamic verb often associated with the ecstatic movements of the maenads, emphasizing their physical and spiritual liberation. The phrase 'public house' (πανδήμου στέγης) likely refers to a communal dwelling or a specific building where the women were held captive, highlighting the public nature of their imprisonment. The invocation of 'Bromios' (Bromius) is a cult title for Dionysus, associated with the roaring sound of the maenads' cries and the intoxicating power of the god. The particle γ' (ge) adds emphasis to the adjective φρουδαί (free), underscoring the significance of their liberation.",171
172,"And their foot-chains were loosened by themselves, and the keys released the doors without a mortal hand.","This sentence describes a supernatural event where divine intervention bypasses human agency. The syntax employs asyndeton in the first clause (omitting a conjunction between the subject and the passive verb implied by context) and a clear coordination with the enclitic particle τ' (te) connecting the two main actions. The adjective αὐτόματα (automata) functions predicatively or adverbially to emphasize the self-acting nature of the unbinding, a common motif in Euripidean tragedy where the gods or Dionysus manipulate the physical world directly. The phrase ἄνευ θνητῆς χερός (without a mortal hand) serves as a stark contrast to the divine power at work, highlighting the theme of the 'uncanny' or the 'automatic' (automaton) in the play. The use of the dual number in ποδῶν (feet) and the specific vocabulary of keys (κλῇδές) and doors (θύρετρ') creates a vivid image of imprisonment and sudden, inexplicable release.",172
173,This man has come to these Thebans full of many wonders.,"The sentence features a striking pleonasm (redundancy) through the repetition of the root *polu-*: the genitive plural *pollōn* ('many') and the adjective *pleōs* ('full') both modify the concept of abundance. This construction (*pollōn ... pleōs*) emphasizes the overwhelming nature of the wonders brought by the stranger. The pronoun *hoûtos* (here *hoûd'*) is used deictically to point emphatically at the speaker's immediate presence. The verb *hēkei* (aorist of *hēkō*) indicates a completed arrival, often carrying a nuance of 'having come to' in a dramatic context. The use of *thaumátōn* (genitive of wonder/miracle) in the genitive of respect (or quality) with *anēr* is a common poetic construction in tragedy to describe a person characterized by the things they bring or possess. The sentence exhibits a specific rhythmic quality typical of Euripidean dialogue, balancing the heavy genitive phrase with the descriptive adjective.",173
174,"But for you, the rest must be a matter of concern.","The sentence utilizes the impersonal construction of the verb μέλω (to be a matter of concern to), where the thing that is of concern is the subject (ταῦτα τὰ ἄλλα, 'these other things') and the person to whom it is a concern is in the dative case (σοί, 'to you'). The particle δέ serves as a postpositive conjunction, creating a contrast with the preceding context, likely implying that the addressee should no longer worry about a specific prior matter but must now attend to these other things. The phrase ταῦτα τὰ ἄλλα functions as a specific noun phrase where the demonstrative pronoun (ταῦτα) modifies the adjective (ἄλλα), emphasizing 'these other things' specifically. The use of the future infinitive μελεῖν with the impersonal χρη is a standard way to express obligation or necessity regarding a state of care or worry. The syntax reflects a common rhetorical structure in Greek tragedy where a character is directed to shift their emotional or practical focus.",174
175,Release the hands of this man.,"The verb μεθέσθε is a second person plural present active imperative (or middle deponent imperative) of μεθίημι, used here with a forceful command to 'let go' or 'release.' The noun χειρῶν is a genitive plural of χείρ (hand), functioning as the object of the verb, a construction where the genitive denotes the thing being released or let go (partitive or objective genitive). The demonstrative pronoun οὗτος (here τοῦδ', a contracted form) specifies the person whose hands are to be released. The sentence exhibits a direct, dramatic imperative typical of tragic dialogue, where characters command immediate physical action. The contraction τοῦδ' for τοῦδε is a standard feature of Attic Greek, reflecting the elision of the final epsilon in certain metrical contexts or colloquial speech. The phrase is syntactically simple but carries significant emotional weight, as it likely occurs in a moment of tension or confrontation involving physical restraint.",175
176,"For being in the nets, I am not so swift that I can escape from you.","The sentence employs a causal γάρ clause to explain the speaker's current inability to flee. The construction ὠς + ὥστε (here realized as οὕτως ... ὥστε) creates a result clause indicating the degree of swiftness; literally, 'not so swift that I can escape.' The verb ἐκφυγεῖν is in the aorist infinitive, dependent on the comparative construction, expressing a potential action that is negated by the main clause's assertion of the speaker's trapped state. The term ἀρκύς (nets/traps) carries strong connotations of entrapment, often used metaphorically in tragedy to denote inescapable fate or divine power. The use of the first-person singular pronoun μ' (me) emphasizes personal helplessness against the overwhelming force (implied to be Dionysus). The sentence reflects a dramatic moment where the character acknowledges their vulnerability and the inevitability of their capture.",176
177,"Nevertheless, your body is not without beauty, stranger, like those of women, on account of which you have come to Thebes.","The sentence employs the adverbial conjunction 'ἀτὰρ' (however/nevertheless) to introduce a concession or contrast, likely responding to a previous observation about the addressee's appearance or status. The adjective 'ἄμορφος' (without form/beauty) is negated by 'ὀὐκ' to form a litotes, a rhetorical device where a positive is expressed by negating its opposite, thereby emphasizing the subject's attractiveness in a subtle, understated manner. The vocative 'ξένε' (stranger) marks direct address, a common feature in dramatic dialogue that establishes a relationship between the speaker and the addressee. The clause 'ὠς ἐς γυναῖκας' uses 'ὠς' to indicate comparison, suggesting a similarity in physical appearance between the stranger and women, which in the context of the 'Bacchae' alludes to the effeminate or androgynous appearance often associated with the god Dionysus or his followers. The relative clause 'ἐφ' ὅπερ ἐς Θήβας πάρει' ('on account of which you have come to Thebes') uses the relative pronoun 'ὅπερ' (which/for which) to link the stranger's arrival to his physical appearance, implying that his beauty is the reason for his journey or the cause of his reception. The verb 'πάρει' (have come) is a compound of 'παρέρχομαι' (to come by, to pass by), here used with the preposition 'ἐς' to denote direction towards Thebes. The sentence structure is complex, weaving together a main clause with a comparative phrase and a causal relative clause, demonstrating the intricate syntax typical of Euripidean tragedy.",177
178,"For your long lock, not crushed by a wrestle, poured down beside your cheek, is full of longing.","This sentence employs a complex, extended description of a single physical attribute (the hair) to convey an internal emotional state (desire). The syntax features a parenthetical clause (οὐ πάλης ὕπο) that interrupts the main subject-verb connection to emphasize the hair's pristine, untouched state, contrasting the violence of 'wrestling' with the tenderness of 'longing.' The verb κεχυμένος (poured down) is a vivid participle often used for liquids, here applied to hair to suggest a cascading, fluid motion. The phrase πλέως (full) functions predicatively, creating a metaphor where the physical volume of the hair is equated to the saturation of desire. The sentence structure creates a chiasmus-like balance between the physical description (long, not crushed, poured beside cheek) and the abstract quality (full of longing).",178
179,"You have a white complexion, not from the sun's beams, but from the shade, as you hunt Aphrodite for her beauty.","The sentence employs a chiastic structure in the comparison of the complexion's origin: 'not from the sun's beams, but from the shade' (οὐχ ἡλίου βολαῖσιν, ἀλλ' ὑπὸ σκιᾶς). The verb θηρώμενος (hunting/trapping) is a present middle participle functioning as an adverbial modifier, indicating the manner or purpose of the action. The use of βολαῖσιν (beams/rays) with ἡλίου (of the sun) creates a vivid image of direct solar exposure, contrasted with the cool, indirect light of σκιᾶς (shadow/shade). The phrase 'hunting Aphrodite for her beauty' (τὴν Ἀφροδίτην καλλονῇ θηρώμενος) uses personification, where the subject actively pursues the goddess of love and beauty as a prey animal, suggesting a deliberate and perhaps dangerous attempt to capture divine grace through natural means.",179
180,"First, then, tell me: who is your lineage?","The sentence employs the correlative particle pair μέν... (implied) to mark the first point in a series of questions or commands, often followed by δέ in subsequent clauses to mark the next step. The enclitic particle οὖν adds a connective force, indicating that this inquiry follows logically from the preceding context. The verb λέξον is an aorist imperative, a form often used in dramatic dialogue to issue a direct, urgent command. The use of the relative pronoun ὅστις (whoever/what sort of) combined with the verb 'to be' and the noun γένος (lineage, birth, race) creates a specific inquiry into the speaker's social status and family origin, a critical element in Greek tragedy where identity often dictates fate. The word order places the interrogative element οὐ τις (who) at the center of the clause, emphasizing the unknown identity as the primary focus of the command.",180
181,There is no boast.,"The sentence consists of the negative adverb οὐ combined with the indefinite adjective οὐδεὶς (neither/no one) modifying the masculine singular nominative noun κόμπος (boast, boastful claim). The syntax creates a strong emphatic negation: 'not even a single boast.' This construction is typical of the Bacchae, where the god Dionysus often dismantles the pretensions of the Theban elite. The brevity of the sentence, consisting of only three words (including the negative), functions as a staccato declaration of the futility of human pride in the face of divine power. The absence of a verb (copula understood) is a common feature in Greek dramatic dialogue for immediate, punchy assertions. The word κόμπος carries connotations of empty, self-aggrandizing speech, often contrasted with the authentic, albeit terrifying, revelation of the god.",181
182,It is easy to say this.,"The sentence utilizes a neuter singular adjective (ῥάδιον) functioning as a predicate nominative with an understood copula, a common construction for expressing general truths or opinions. The infinitive (εἰπεῖν) serves as the subject, while the demonstrative pronoun (τοῦτο/τοῦδε) acts as the object. The enclitic particle δέ introduces a contrast or transition, often implying that while speaking is simple, the corresponding action or consequence may be difficult. This juxtaposition of ease of speech against the complexity of reality is a frequent theme in Greek tragedy.",182
183,"You surely know, having heard it, the flower-decked Mount Tmolus.","The sentence features the verb οἶσθα (second person singular perfect active indicative of οἶδα), which denotes knowledge gained through experience rather than immediate perception. The participle κλύων (present active participle of κλύω) functions adverbially, indicating the source or means of this knowledge ('having heard'). The adverb που serves as an inferential particle, adding the nuance of 'surely' or 'no doubt,' suggesting that the existence of Tmolus is a well-known fact that requires no further proof. The epithet ἀνθεμώδη ('flower-decked' or 'flowery') is a poetic attribute applied to Mount Tmolus, reflecting its mythological association with nature and the worship of Dionysus. The word order places the object (Τμωλον) before the verb, a common feature in poetic syntax for emphasis or metrical reasons.",183
184,"He, who encircles the city of the Sardians in a circle.","The sentence features a relative clause (ὃς) functioning as a subject complement to the implied subject of the main verb οἶδα ('I know'), though the main verb here appears to be elliptical or part of a larger dialogue context where the subject 'I' is understood from the previous line. The phrase 'city of the Sardians' (Σάρδεων ἄστυ) refers to Sardis, the capital of Lydia. The construction περιβάλλει... κύκλῳ uses the dative of manner or instrument ('in a circle'), emphasizing the encircling action. The repetition of the root concept in 'encircles' and 'circle' creates a subtle semantic echo, highlighting the totality of the enclosure. The sentence is likely part of a description of a deity's power or a geographical feature, given the context of the Bacchae, where Dionysus's influence is often depicted as all-encompassing.",184
185,"From here I come, and Lydia is my native land.","The sentence utilizes asyndeton (the omission of a conjunction) between the two main clauses if the δέ is interpreted as a postpositive particle rather than a coordinating conjunction, though the provided analysis marks it as a coordinator. Here, δέ functions to add a contrasting or explanatory clause, linking the speaker's origin ('from here') with their specific homeland. The phrase 'ἐντεῦθεν εἰμί' employs a verb of motion/state (εἰμί) with an adverb of place, a common construction for establishing presence or origin. The dative pronoun μοι with πατρίς indicates possession or association ('my native land'), a standard idiom in Greek. The sentence presents a chiastic-like structure in its logic: the speaker identifies a point of departure (ἐντεῦθεν) and then a point of origin (Λυδία), creating a contrast between the immediate location and the ancestral home. This is characteristic of the Bacchae, where the chorus or the god Dionysus often emphasizes the tension between the local (Thebes) and the foreign (Lydia/Bacchic lands).",185
186,From where do you bring these rites into Greece?,"The particle δέ (de) functions here as a connective, linking this question to the preceding dialogue and adding a sense of 'but' or 'and then' to the inquiry. The verb αἴρεις (from ἄγω) is used in the sense of 'bringing' or 'introducing' something from a foreign origin. The demonstrative adjective ταύτας (contracted to τασδ' before the following vowel in some editions, though here appearing as τασδ' before the vowel of the next word in the original text's context, or simply pointing to the specific rituals just mentioned) emphasizes the immediacy and specificity of the 'rites' being discussed. The preposition εἰς (eis) with the accusative Ελλάδα (Hellada) indicates direction or motion into the land. The word order is somewhat flexible, with the interrogative ποθέν (from where) placed at the very beginning for emphasis, highlighting the foreign or mysterious origin of the practices. This sentence reflects the central conflict of the play: the introduction of foreign Dionysian cults into the traditional Greek city-state, a theme that raises questions about religious purity, civic order, and the nature of the gods.",186
187,"Dionysus has brought us in, he who is of Zeus.","The verb εἰσέβησ' (from εἰσβαίνω) is a contracted form of the aorist indicative active, third person singular, meaning 'has entered' or 'has brought in.' In this context, the prefix εἰς- implies movement into a sacred or enclosed space, likely the palace or the house of Pentheus. The phrase ὁ τοῦ Διός is a genitive of origin or descent, functioning as an appositive to Διόνυσος. This construction emphasizes the divine lineage of the god, reinforcing his authority and connection to the king of the gods. The sentence exhibits a brief pause after the verb, marked by the comma, which separates the action from the descriptive clause, creating a moment of emphasis on the god's identity. The use of the definite article ὁ before τοῦ Διός highlights the specificity and uniqueness of Dionysus's relationship to Zeus.",187
188,"Is there perhaps some Zeus, who begets new gods?","The sentence features a rhetorical question challenging the nature of divinity. The particle δέ (δ') serves as an adversative or continuative connective, often used to introduce a counter-argument or a shift in perspective. The indefinite pronoun τις (tis) combined with the adverb εἴκει (here spelled εἴκει in some editions, but εἴκει/εἰκεῖ in the text provided) suggests an uncertainty or a hypothetical existence, translating roughly to 'some' or 'perhaps.' The relative clause οὗς (hos) defines the nature of this Zeus, specifically his capacity to generate 'new gods' (νεὺς θεούς). This phrase is thematically significant in the Bacchae, as it alludes to the paradox of Dionysus being a 'new' god despite being the son of Zeus, challenging traditional genealogies. The syntax places the verb τίκτει (begets) within the relative clause, emphasizing the generative power attributed to this figure. The sentence structure employs a paratactic flow typical of tragic dialogue, where questions often serve to highlight the absurdity or the terrifying novelty of the situation.",188
189,"No, but having joined Semele here in marriage.","The sentence begins with a strong negative particle (οὐκ) immediately followed by a pause (indicated by the comma in the text), which is then contrasted by αλλὰ ('but'). This creates an immediate rhetorical pivot, rejecting a previous implication to introduce a new action. The verb ζεύξας is an aorist active participle in the masculine nominative singular, agreeing with the implied subject (the speaker, likely Pentheus or the chorus addressing a god). The verb ζεύγνυμι literally means 'to yoke' (as with oxen), but here it is used metaphorically to mean 'to join in marriage' or 'to unite'. The dative plural γάμοις ('with marriages' or 'in the bonds of marriage') functions as an instrumental or manner complement to the participle. The adverb ἐνθάδε ('here') specifies the location of this union, which is significant given the dramatic context of the play where the arrival of Dionysus brings the memory of Semele's union with Zeus into the present space of Thebes. The syntax is elliptical, omitting the finite verb of the main clause, relying on the participle to convey the completed action that explains the speaker's current stance.",189
190,Or did night force you to close your eyes?,"The sentence begins with the correlative adverb 'pótera' (whether), which introduces an indirect question or an alternative choice, often paired with 'de' (or) to present a contrasting possibility. The verb 'anankasen' (he/she/it forced) is in the aorist indicative active, third person singular, indicating a completed action in the past. The adverb 'nyktōr' (at night) modifies the verb, specifying the time of the action. The phrase 'kat' omma' (through the eyes) is an idiomatic expression meaning 'to close one's eyes' or 'to fall asleep,' where 'kate' (down) combined with 'omma' (eye) suggests the action of lowering the eyelids. The use of 's' (you) as the object of the verb emphasizes the personal nature of the action. This sentence likely reflects a moment of concern or inquiry about someone's state, possibly in a context where sleep or rest is being questioned. The rhetorical structure, with its use of 'pótera' and 'de,' creates a sense of uncertainty or hesitation, inviting the listener to consider the possibility of the alternative action.",190
191,"Seeing him seeing, he gives the sacred rites.","The sentence features a striking use of the present active participle 'ὁρῶν' (seeing) modifying the subject of the main verb 'δίδωσιν' (he gives), with its object being the present active participle 'ὁρῶντα' (seeing). This creates a recursive visual motif where the act of seeing is itself the object of seeing. The phrase 'ὀργια' (sacred rites) refers specifically to the secret religious ceremonies associated with the worship of Dionysus, which are central to the themes of revelation and madness in Euripides' play. The syntax emphasizes the immediacy and intensity of the divine experience, as the subject simultaneously perceives the divine vision and participates in the ritual. The repetition of the root 'ὁρα-' (to see) creates a subtle assonance that reinforces the thematic focus on vision and perception.",191
192,But do these rites have some appearance for you?,"The sentence features the postpositive particle δέ (δ') attached to the demonstrative article ταῦ (τα), creating a strong adversative or transitional link ('but' or 'now') that contrasts the current inquiry with preceding context. The neuter plural noun ὄργια (rites/sacred mysteries) functions as the subject, while the verb εἰστί (is) serves as a copula linking the subject to the predicative participle ἔχοντα (having). The participle agrees in case, number, and gender with the subject, a common construction where the participle functions as a predicate adjective. The phrase τιν' ἰδέαν (some appearance/form) employs the indefinite adjective τίς in the accusative singular feminine to modify ἰδέαν, suggesting an unspecified or particular aspect being perceived. The dative pronoun σοι (to you) acts as the indirect object of the participle, indicating the perspective from which the rites are viewed. The interrogative structure is formed by the presence of the question particle implied by the syntax and the final question mark, inviting the addressee to consider the nature or legitimacy of the rites from their own standpoint.",192
193,It is not to be uttered or seen by mortal men.,"The sentence utilizes a striking asyndeton (the omission of conjunctions) between the two participles/adjectives ἄρρητ' (unspeakable) and ἀβακχεύτοισιν (uninitiated/unexperienced in the mysteries), creating a forceful juxtaposition of silence and ignorance. The neuter plural accusative ἄρρητ' functions as a predicate adjective with the infinitive εἰδέναι (to know/see), implying a prohibition or impossibility. The dative ἀβακχεύτοισιν modifies the implied subject of the infinitive, referring to those who have not participated in the divine rites (the Bacchic mysteries). The genitive plural βροτῶν (of mortals) acts as an attribute to ἄρρητ', emphasizing the limitation of human knowledge regarding the divine. This construction reflects the Greek concept of 'holy silence' surrounding sacred mysteries, where certain truths are forbidden to be spoken or witnessed by the uninitiated.",193
194,Does it hold some advantage for those who sacrifice?,"The sentence employs a rhetorical question structure typical of dramatic dialogue, where the interrogative particle 'δέ' (here attached to the first word as 'δ') adds a connective or transitional force, often implying 'and' or 'but' in a nuanced way. The verb 'ἔχει' (holds/has) is used in a sense of possession or benefit, with 'ὄνησιν' (advantage) as the direct object. The dative phrase 'τοῖσι θύουσιν' (for those who sacrifice) functions as an indirect object, with 'θύουσιν' being a present active participle in the dative plural, agreeing with the article 'τοῖσι'. The adjective 'τίνα' (some) modifies 'ὄνησιν', introducing an element of uncertainty or generality. Stylistically, the sentence may reflect a chiasmic or balanced structure common in Greek tragedy, emphasizing the relationship between sacrifice and benefit. The use of the dative case for both the beneficiary and the agent of the participle highlights the reciprocal nature of the action and its perceived value.",194
195,"It is not right for you to hear, but it is fitting to know.","The sentence employs a clear antithesis (contrast) between 'hearing' (ἀκοῦσαι) and 'knowing' (εἰδέναι), framed by the negative θέμις (it is not right) and the positive ἄξι’ (it is fitting/worthy). The construction uses the neuter singular nominative θέμις and ἄξιος as predicates with the impersonal verb ἔστι (it is), while the infinitives ἀκοῦσαι and εἰδέναι function as subjects. The use of the perfect infinitive εἰδέναι (from οἶδα) is significant, as οἶδα implies a state of having seen or known, suggesting that true knowledge is an internalized, experienced reality rather than merely auditory information. The sentence reflects a common dramatic motif in tragedy where the revelation of divine or horrific truths is restricted: some things are forbidden to be heard (perhaps to preserve sanity or order), while others are worthy of being known (perhaps through direct experience or revelation). The particle δ’ (but) creates a sharp juxtaposition between the prohibition and the permission.",195
196,"You have indeed practiced deception in this, so that I may hear.","The sentence features the adverb εὖ (well, rightly, indeed) placed at the beginning for emphasis, modifying the verb κιβδηλεύω (to counterfeit, deceive, or practice fraud). The verb is in the perfect active indicative, indicating a completed action with ongoing relevance or a state of having been deceptive. The particle ινα (here contracted to ιν') introduces a final clause expressing purpose ('so that'). The syntax of the purpose clause is notable: the verb θέλω (I wish/want) is in the indicative present, functioning as the main verb of the subordinate clause, while the infinitive ἀκούσαι (to hear) serves as its object. This construction (verb of wishing + infinitive) within a purpose clause emphasizes the speaker's active desire to witness the result of the deception. The use of the perfect tense with εὖ suggests a tone of ironic or resigned acknowledgment of the character's cunning.",196
197,One who practices impiety is hateful to the rites of the god.,"The sentence features a present active participle (ἀσκοῦντ') in the accusative singular feminine, functioning as an adjectival modifier for an implied subject (one who practices), which serves as the logical subject of the passive verb. The construction highlights the inherent incompatibility between human transgression (ἀσέβειαν) and sacred order (θεοῦ ὄργι'). The use of the neuter plural noun ὄργι' (rites) as the subject of the verb ἐχθαίρει (is hateful) personifies the rituals themselves as entities that actively reject the impious individual. This reflects a key cultural concept in Greek religion where the sanctity of the rite is autonomous and reactive to human behavior, rather than merely a static object of worship. The sentence structure employs a concise, gnomic style typical of tragic sententiae, delivering a universal moral truth about the relationship between the impious and the divine.",197
198,For you say clearly that you see the god: what sort of person was he?,"The sentence features a rhetorical shift from a declarative statement to an interrogative inquiry. The particle γάρ (for) provides the causal link to the previous context, justifying the speaker's question based on the assertion of vision. The verb φησί (you say) governs the infinitive ὁρᾶν (to see), forming an indirect statement where the subject of the infinitive is understood to be the same as the subject of the main verb ('you'). The adjective σαφῶς (clearly) functions adverbially, modifying the act of seeing. The second clause introduces a sudden change in focus: having established the vision of the deity, the speaker immediately questions the identity or nature of the being perceived, using ποιός τις (what sort of) to probe the characteristics of the god. This juxtaposition highlights the tension between the certainty of the visual experience and the ambiguity of the divine identity.",198
199,Whoever wanted.,"This fragment is a truncated clause consisting of a relative pronoun (ὁποῖος, 'whatever kind of' or 'whoever') functioning as the subject, and an imperfect verb (ἤθελεν, 'wanted' or 'wished') with an elided final -ν. The relative pronoun ὁποῖος is typically used to introduce a clause of condition or concession, often implying 'whoever might be of such a nature.' In the context of the *Bacchae*, this likely precedes a main clause that is now missing, where the speaker refers to anyone who had a desire (perhaps to see the rites or to follow the god). The elision of the final nu in ἤθελεν before the period is a standard feature of Greek prose and poetry, indicating the pause or the end of the utterance. The syntax is simple: a nominal subject governed by a finite verb in the indicative imperfect, suggesting a past habitual or continuous action that was interrupted or left incomplete.",199
200,I am not arranging this.,"The sentence features a strong negative assertion using οὐκ (ouk) with the present indicative active verb τάσσω (tássō), meaning 'to arrange,' 'to order,' or 'to set in order.' The use of the first-person singular pronoun ἐγώ (egṓ) is emphatic, placed immediately after the negation to highlight the speaker's personal agency or refusal to act. The demonstrative pronoun τόδε (tóde) refers to a specific object, situation, or command currently in view or under discussion. In the context of the Bacchae, this line likely represents a moment of resistance or defiance against a divine command or a specific ritual arrangement, emphasizing the speaker's refusal to comply with an imposed order. The syntax is straightforward, with the verb as the predicate and the pronouns serving as subject and object, respectively.",200
201,"You have been deceived by this very thing, without speaking a single word.","The sentence employs a striking contrast between the passive experience of deception (παροχετεύω, 'to be led astray' or 'deceived') and the active silence of the subject. The adverb αὖ (here attached to the pronoun as αὖτ' due to elision) adds an emphatic, almost accusatory tone, meaning 'again' or 'even,' highlighting the irony that the deception was so complete that no words were needed to effect it. The phrase καὶ οὐδὲν λέγων ('and saying nothing') functions as a present participle in an adverbial sense, emphasizing the total passivity of the subject during the event. The use of αὐτὸ (this very thing) as the object creates a specific focus on the immediate circumstance, suggesting that the situation itself was the agent of the delusion. The sentence structure, with the negative participle following the main verb, creates a sense of abrupt finality, underscoring the futility of the subject's silence in the face of deception.",201
202,"A man speaking foolishly will seem to be wise, but he does not think well.","This sentence presents a striking antithesis between appearance and reality, a common theme in the *Bacchae* regarding the deceptive nature of divine madness and human perception. The syntax relies on a participle construction (λέγων) that functions adverbially, modifying the main verb δοξεῖ, while the infinitive φρονεῖν serves as the subject of the adjective σοφός. The phrase 'speaking foolishly' (μαθῇ λέγων) creates an ironic juxtaposition with 'seems wise' (δοξεῖ σοφός), highlighting the paradox where the act of speaking (λέγων) masks the lack of true understanding (οὐκ εὖ φρονεῖν). The use of the indefinite pronoun τις (someone/a man) generalizes the observation, making it a universal statement about human folly rather than a specific individual. The contrast between the external appearance of wisdom (σοφός) and the internal reality of poor judgment (οὐκ εὖ φρονεῖν) is central to the play's exploration of the limits of human reason.",202
203,"Did you come here first, leading the deity?","The sentence features a present active participle (ἄγων) functioning as an adverbial modifier of manner or accompaniment, indicating the action performed simultaneously with the main verb. The use of the enclitic particle δέ (here attached to the first word) serves to connect this question to a preceding context, often implying a contrast or a shift in the dialogue. The noun δαίμονα is used in the sense of a divine being or god, a common usage in tragedy to refer to the unseen divine forces at play. The word order places the participle before its object (τὸν δαίμονα), which can emphasize the action of leading or the manner in which the subject arrived. The question mark indicates that this is a direct inquiry, likely part of a dramatic confrontation or accusation.",203
204,All the rites of the barbarians are now dancing in procession.,"The sentence employs a striking personification where abstract 'rites' (ὀργία) are described as performing the physical action of dancing (ἀναχορεύει). The verb ἀναχορεύω specifically denotes a solemn, often religious, dance or procession, here applied metaphorically to the rituals themselves. The adjective παῦς (all) functions as the subject, creating a sense of universal participation or totality in this ecstatic movement. The term βαρβάρων (of barbarians) highlights the cultural distinction between the Greek observer and the foreign, Dionysiac nature of the rites, a common theme in the Bacchae where Dionysian worship is associated with non-Greek origins and chaotic energy. The use of ταῦτ' (these) points to specific, immediate rituals being observed, while the present tense of the verb suggests an ongoing, living action. The syntax places the subject first, emphasizing the collective nature of the phenomenon before revealing the action.",204
205,For they think the many Greeks are worse.,"This sentence features a comparative adjective (κακίον, 'worse') used as an adverbial modifier of the verb (φρονούσι, 'they think'), a construction where the comparative implies a degree of inferiority in the object of thought. The phrase 'πολλοὶ Ἑλλήνων' (the many of the Greeks) utilizes a partitive genitive, where 'Ἑλλήνων' specifies the group from which the 'many' are drawn. The particle γάρ provides the causal link, suggesting this thought is the reason for a preceding action or statement. The syntax relies on the verb 'to think' governing a predicate adjective that characterizes the subject of the subordinate clause (implied or elided), here describing the collective character of the Greeks.",205
206,These things are far better indeed.,"This fragment features a demonstrative pronoun (ταῦδ', contracted from ταῦτα + δέ) functioning as the subject, referring to the immediate situation or actions just witnessed. The adverbial phrase combines εὖ (well), γε (a particle emphasizing the preceding word, often translated as 'indeed' or 'at least'), and μᾶλλον (comparative of 'much' or 'well', here meaning 'much better' or 'far better'). The syntax is elliptical, omitting the verb 'to be' (ἐστί), which is common in dramatic Greek where the context supplies the copula. The particle γε adds a tone of affirmation or concession, while the comparative μᾶλλον suggests a preference or a shift in judgment regarding the current events. The exclamation mark in the source text reflects the emotional intensity typical of tragic dialogue.",206
207,"The laws, however, are different.","The sentence employs a simple subject-predicate structure with a copular adjective (διάφοροι) functioning as a predicative nominative. The particle δέ (de) serves as a postpositive connective, introducing a contrast or transition relative to a preceding context, often implying 'but' or 'however' without requiring an explicit adversative clause. The noun νόμοι (nomoi) refers to established customs, statutes, or divine ordinances, a concept central to Greek legal and religious thought, particularly in the context of the Bacchae where human laws clash with divine will. The adjective διάφοροι suggests diversity or contradiction, hinting at the thematic conflict between rigid societal norms and the fluid, irrational forces represented by Dionysus. The sentence is stylistically concise, relying on the juxtaposition of the connective particle and the adjective to convey a significant philosophical point without elaboration.",207
208,But are the sacred rites completed at night or during the day?,"The sentence employs a direct interrogative structure typical of Greek drama, where the verb (τελεῖς, 'you complete' or 'are completed') is placed at the end for emphasis, though here it functions as the predicate of a question about the timing of a ritual. The particle δέ (δ') serves as a connective, often translating as 'but' or 'and,' linking this query to a preceding thought. The phrase νυκτὸς ἢ ἡμέραν (at night or during the day) presents a temporal contrast, highlighting the dichotomy between night and day, which is a common motif in Greek religious contexts regarding the timing of sacred acts. The use of ἱερά (sacred rites) refers specifically to religious ceremonies, often involving sacrifices or initiations, which were strictly regulated by time and circumstance. The sentence reflects the uncertainty or inquiry about whether the rites have been performed correctly, a concern central to the themes of ritual purity and divine favor in Greek culture.",208
209,"By night, the many things.","This fragment presents a striking example of asyndeton and elliptical syntax common in tragic choral odes. The adverb νυκτωρ ('by night' or 'at night') governs the implied action, while the neuter plural substantive πολλα ('many things'), modified by the definite article τα, stands as the direct object of a verb that has been omitted. This ellipsis relies heavily on the immediate dramatic context for the reader or listener to supply the missing verbal idea (such as 'happens,' 'is done,' or 'is seen'). The phrase creates a sense of ominous vagueness, emphasizing the multiplicity of unseen or hidden events occurring under the cover of darkness, a frequent motif in the Bacchae associated with the unpredictability of Dionysiac rites.",209
210,Darkness possesses stateliness.,"This sentence features a striking personification, attributing the abstract quality of 'stateliness' (σεμνότητ') to 'darkness' (σκότος), a natural phenomenon. The syntax is concise, utilizing a simple Subject-Verb-Object structure where the verb 'has' (ἔχει) functions to denote possession or embodiment of the quality. The elision of the final sigma in σεμνότητ' before the vowel-initial verb ἔχει demonstrates standard Attic elision. The juxtaposition of the heavy, solemn concept of 'stateliness' with the often chaotic or fearful connotation of 'darkness' creates a paradoxical image, elevating the darkness to a dignified, almost divine status, which aligns with the Chorus's tendency to revere the mysterious and terrifying aspects of the god Dionysus in the Bacchae.",210
211,This is a treacherous and corrupt thing for women.,"The sentence employs a stark, emphatic structure using the neuter singular demonstrative pronoun 'τούτ' (tout) as the subject, followed by a copula 'ἐστί' (esti). The adjective 'δόλιον' (dolion) conveys meanings of deceitfulness, treachery, or craftiness, while 'σαθρόν' (sathron) suggests something rotten, corrupt, or morally decayed. These two adjectives form a coordinate pair linked by 'καί' (kai), creating a double negative characterization of the subject. The prepositional phrase 'εἰς γυναῖκας' (eis gynaikas) uses the preposition 'εἰς' with the accusative to indicate the sphere or domain affected, literally 'into women' but functioning idiomatically here as 'for women' or 'in the case of women.' The sentence is a gnomic statement, offering a general truth about the perceived dangers or moral pitfalls associated with women, reflecting the gendered anxieties often present in tragic literature. The lack of a specific antecedent for 'τούτ' suggests the referent is either contextually obvious from the preceding dialogue or intentionally vague to universalize the warning.",211
212,But perhaps in this day someone might discover something shameful.,"The sentence exhibits a clear case of aposiopesis, marked by the initial 'κα-' which represents a broken-off word (καί) that is immediately resumed as 'κἀν' (καί + ἐν). This rhetorical device conveys hesitation, emotional disturbance, or a sudden shift in thought, common in the dramatic monologues of Euripides. The verb ἐξεύροι is an aorist active subjunctive third person singular, paired with the particle ἄν to form a potential optative-like construction (often termed the 'potential optative' in older grammars, though technically an aorist subjunctive with ἀν indicating possibility). The indefinite pronoun τις ('someone') functions as the subject, while the adjective αἰσχρὸν ('shameful' or 'disgraceful') serves as the object. The particle γε adds a slight emphasis or limitation to the adjective, suggesting 'at least something shameful.' The temporal phrase 'κἀν ἡμέρα' (in this day) is idiomatic, often implying 'today' or 'in the course of this day,' setting a specific timeframe for the potential discovery.",212
213,It is necessary to give you the punishment of evil wiles.,"The sentence employs an impersonal construction with the verb δεῖ (it is necessary), where the infinitive δοῦναι (to give) functions as the subject of the impersonal verb. The accusative σέ (you) serves as the object of the infinitive δοῦναι, while δίκην (punishment) is the direct object of the same infinitive, creating a double accusative structure typical of verbs of giving or considering. The genitive phrase σοφισμάτων κακῶν (of evil wiles/contrivances) modifies δίκην, specifying the nature of the punishment. The term σοφίσματα in this context refers to cunning devices or traps, often associated with the deceptive arts of the antagonist, rather than the positive connotation of 'wisdom' found in other contexts. The adjective κακῶν (evil) emphasizes the malicious intent behind these devices. The sentence structure is direct and forceful, characteristic of the dramatic tension in Euripides' works, where characters often face inevitable retribution for their hubris or deceit.",213
214,"But you, full of ignorance and blaspheming against the god.","The sentence utilizes a strong emphatic particle combination: 'σε' (accusative of 'you') is immediately followed by the postpositive 'δέ' (but/and), creating a sharp contrast or transition to the addressee. The adverbial participle 'ἀσεβούντ' (blaspheming) modifies the subject 'σε', describing their state or action. The noun 'ἀμαθίας' (ignorance) is in the genitive case, functioning as an attribute or cause linked to the participle, suggesting the ignorance is inherent to the act of blasphemy. The enclitic 'γε' adds emphasis to 'ἀμαθίας', highlighting the severity of the ignorance. The prepositional phrase 'εἰς τὸν θεόν' (against the god) indicates the target of the blasphemy. The sentence exhibits a chiasmic structure in the conceptual pairing of the abstract noun 'ignorance' and the active participle 'blaspheming', both directed towards the divine. The use of the participle without a finite verb creates an elliptical construction, common in dramatic dialogue for expressing accusation or immediate emotional response.",214
215,"How bold is the Bacchant, and how not unpracticed in words!","The sentence employs a rhetorical exclamation (ὡς) to express admiration or surprise at the character's eloquence. The structure utilizes asyndeton (the omission of a conjunction between clauses) in its second part, where 'καί' (and) is elided before the second predicate, creating a sharp, emphatic rhythm. The phrase 'ἀγυμναστὸς λόγων' is a metaphorical usage; literally meaning 'untrained' or 'unexercised,' it is used here in the negative ('not unpracticed') to suggest that the speaker is highly skilled in rhetoric or speech. This is a classic example of litotes (affirmation by denying the opposite), emphasizing the Bacchant's unexpected mastery of language. The word 'λόγων' (of words/speech) is in the genitive case, functioning as a complement to the adjective 'ἀγυμναστὸς,' a construction common in Greek to denote the sphere in which one is trained or untrained.",215
216,Say what it is necessary to suffer.,"This sentence features a striking use of the imperative verb λέγω ('say') in the form εἰπέ (contracted here as εἰφ' due to elision of the final epsilon before the following vowel, though the form provided is εἰφ' which is a dialectal or textual variant of εἰπέ). The relative clause ὅ τι παθεῖν δεῖ functions as the direct object of 'say'. The phrase ὅ τι is an indefinite relative pronoun meaning 'whatever' or 'what', serving as the object of the infinitive παθεῖν (to suffer). The construction ὅ τι ... δεῖ (what ... is necessary) is a common idiom in Greek for expressing fate or divine will. The syntax is compact, with the infinitive παθεῖν acting as the subject of the impersonal verb δεῖ (it is necessary). The sentence lacks a subject for the imperative, which is typical for Greek, where the subject is implied to be the second person singular. The tone is authoritative and fatalistic, reflecting the theme of inevitable suffering in the context of the play.",216
217,What terrible thing has he done to me?,"The sentence features an exclamatory question (interrogative-exclamatory) where the interrogative pronoun τί (what) functions adverbially to modify the adjective δεινόν (terrible, fearful, powerful). The adjective δεινόν, in this context, carries a dual sense of 'fearful' (inspiring terror) and 'terrible' (harmful), a common feature in tragic literature where divine or monstrous actions are both awe-inspiring and destructive. The verb ἐργάση (aorist subjunctive, though functioning here as a perfective indicative in a rhetorical question regarding completed action) is middle/passive in form but active in meaning ('to do' or 'to accomplish'), taking the accusative object με (me). The structure places the interrogative element at the very beginning for emphasis, highlighting the speaker's shock and confusion regarding the specific nature of the harm inflicted.",217
218,"First, I will cut your soft lock of hair.","The sentence employs the particle combination μέν with the implied δέ (not present here but standard in such constructions) to set up a contrast with a subsequent action, marking this as the initial step in a ritual sequence. The adjective ἄβρων (soft/delicate) describes the βόστρυχον (lock of hair), a detail significant in ancient Greek culture where hair was often a symbol of vitality, beauty, and status; cutting it could signify mourning, sacrifice, or a transition into a new state (such as initiation or madness). The verb τεμῶ is a future indicative active, indicating a decisive, immediate action by the speaker (Dionysus) upon the addressee (Pentheus). The syntax is direct, with the object βοστρυχον modified by the possessive pronoun σεθεν (of you), emphasizing the personal violation or transformation involved. The rhythm and choice of words reflect the dramatic tension of the moment, where a seemingly simple act carries heavy ritual and psychological weight.",218
219,The hair is holy.,"The sentence is a brief exclamatory declaration consisting of a predicate adjective (ἱερός) and a subject noun (πλόκαμος) with a definite article. The adjective precedes the noun, a common word order in Greek that emphasizes the quality of the hair as sacred. The term πλόκαμος specifically refers to a lock or curl of hair, often associated with ritual offerings or the sacred locks of priests and devotees. In the context of the Bacchae, this likely refers to the disheveled or ritual hair of the maenads, signifying their consecration to Dionysus. The use of the definite article (ὁ) indicates a specific, recognized lock of hair, possibly one that has been cut as an offering or is worn as a symbol of devotion. The sentence's simplicity and declarative nature underscore the solemnity of the sacred act being described.",219
220,But I myself am raising him for the god.,"The sentence features the enclitic particle δέ (here rendered as δ') indicating a transition or contrast with previous discourse. The reflexive pronoun αὐτόν is used emphatically to mean 'himself,' reinforcing the agent's direct involvement in the action. The verb τρέφω ('I nourish' or 'I raise') takes a double accusative construction, governing both the direct object αὐτόν ('him') and the predicate accusative θεω ('the god'), a construction often found in contexts of fostering or dedicating someone to a deity. This reflects the cultural practice of dedicating a child or youth to the care of a god, often in the context of oracles or divine selection. The sentence is stylistically simple but carries significant religious and cultural weight, as it implies a personal, active role in a sacred duty.",220
221,"Then, hand over this thyrsus from your hands.","The sentence employs the aorist imperative (παραδόδος) to issue a direct, urgent command. The adverb εἶτα ('then') marks a sequential progression in the action, often indicating the next step in a ritual or dramatic sequence. The noun θυρσός ('thyrsus') is the distinctive staff carried by followers of Dionysus, typically topped with a pine cone and wrapped in ivy, serving as a key symbol of the god's cult and the ecstatic rites of the Maenads. The phrase 'from your hands' (ἐκ χειρῶν) emphasizes the physical transfer of the object, highlighting the relinquishment of the sacred implement. The demonstrative pronoun ὅδε ('this') points to an object immediately present, a common feature in dramatic dialogue where characters interact with props. The syntax places the object (θυρσόν) before the verb, a typical word order in Greek that can serve to emphasize the item being commanded to be handed over.",221
222,Seize me yourself!,"The verb ἀφαιροῦ (aorist imperative, active, second person singular of ἀφαιρέω) literally means 'to take away' or 'to carry off,' but in the context of tragedy and confrontation with a god, it conveys the forceful action of abduction or violent removal. The emphatic pronoun ἀὐτός is used in the adverbial accusative (or emphatic nominative depending on analysis, here marked as ADV) to stress the agent, translating as 'yourself' or 'personally.' This construction highlights the immediacy and personal agency of the command. The sentence is a dramatic imperative, characteristic of the high emotional intensity found in Euripides, where the speaker (Pentheus) is paradoxically commanding the god (Dionysus) or a follower to take him, often signaling a moment of surrender, madness, or tragic irony where the character unknowingly invites their own destruction.",222
223,"This one, I carry on my shoulders as a burden of Dionysus.","The sentence exhibits a dramatic apostrophe or self-reference where the speaker identifies themselves as the bearer of the god. The demonstrative adjective 'τόνδε' (this one) is in the accusative case, serving as the direct object of the verb 'φορῶ' (I carry), indicating the speaker is carrying a physical or metaphorical burden. The genitive 'Διονύσου' (of Dionysus) functions as a possessive or attributive genitive, specifying the nature of the burden as belonging to or associated with the god. The verb 'φορῶ' is in the first person singular present indicative active, suggesting a continuous action or state of being. The use of 'φορεῖν' in this context may allude to the ritualistic carrying of the god's image or symbols during the Dionysian mysteries, highlighting the theme of divine possession or the burden of divine presence in the play.",223
224,"They are kept in prison, and we shall guard your body inside.","The sentence employs a striking juxtaposition of passive and active voices: the first clause ('they are kept') describes a state of confinement, while the second ('we shall guard') introduces a future active duty. The enclitic particle τε (τ') links the two clauses, adding a sense of connection or accompaniment ('and'). The adverb εἰρκτήσι (here functioning as a dative of place or perhaps a locative dative indicating 'in prison') combined with ἔνδον ('inside') creates a spatial enclosure that emphasizes the physical restriction of the subject. The use of the future indicative φυλάξομεν ('we shall guard') indicates a decisive action taken by the speaker and their group, likely in response to the current situation of the prisoners. The possessive adjective σὸν ('your') directly addresses the listener, creating an intimate yet commanding tone. Stylistically, the sentence uses asyndeton (lack of conjunctions between clauses) only partially, as the τε provides a subtle link, but the overall structure is concise and forceful, typical of dramatic dialogue where characters assert control over a situation.",224
225,"The god himself will release me, whenever I wish.","The sentence features the emphatic use of the intensive pronoun αὐτός (αὐτός) modifying δαίμων (god/divine power), stressing that the deity, and not a human agent or circumstance, is the direct cause of the speaker's liberation. The main verb λύσει is in the future indicative active, third person singular, indicating a definitive future action dependent on the condition set by the subordinate clause. The subordinate clause introduced by ὅταν (whenever) takes the present indicative (θέλω) rather than the subjunctive, which is a common construction in Attic Greek to denote a recurring or indefinite future condition where the action is viewed as a matter of fact or simple volition. The structure creates a balance between the agency of the divine and the autonomy of the human will, suggesting a harmony between fate and personal desire.",225
226,When you call him while standing among the Bacchants.,"The sentence utilizes a temporal clause introduced by ὅταν (hotan) with the aorist subjunctive καλέσῃς (kaleseis), indicating a future or general condition. The particle γε (ge) adds emphasis to the temporal marker. The verb καλέσω (to call) takes the accusative αὐτόν (auton, 'him') as its object. The participle σταθείς (statheis), aorist passive participle of ἵστημι (histēmi, 'to stand'), functions adverbially to describe the manner or circumstance of the calling; it agrees with the implied subject of the main clause (you). The preposition ἐν (en) with the dative plural βακχαῖς (bakchais, 'Bacchants') specifies the location. The term 'Bacchants' refers to the female followers of Dionysus, central to the cultic imagery of the play, often associated with ecstatic ritual and mountainous settings. The phrase captures the specific ritual context of summoning a figure within the sacred, frenzied gathering of the maenads.",226
227,"And now, while I am present nearby, behold what I suffer.","The sentence features a present imperative (οἶδε, though here it is ὁρᾷ with a contracted form ὁρᾶ) used to draw attention to the speaker's immediate suffering. The particle νῦν emphasizes the immediacy of the situation. The adverb πλησίον (nearby) and the present participle παρών (being present) create a spatial and temporal proximity, highlighting the speaker's vulnerability. The use of the relative pronoun ὅ (ἅ) introduces a clause that specifies the nature of the suffering, making the statement more vivid and personal. The sentence structure is straightforward, with the main verb ὁρᾷ (behold) commanding the audience to witness the speaker's plight.",227
228,But is there perhaps?,"The particle 'και' (kai) here functions as an affirmative or reinforcing particle often translated as 'but' or 'indeed' in interrogative contexts, introducing a rhetorical question. The adverb 'που' (pou) adds a sense of uncertainty or possibility, meaning 'perhaps' or 'maybe.' The verb 'ἔστιν' (estin) is the third-person singular present indicative of 'εἰμί' (to be), serving as the predicate of the sentence. The sentence structure is elliptical, omitting the subject, which is implied by the context of the dialogue. The use of the interrogative particle combined with 'που' creates a tentative inquiry, suggesting the speaker is questioning the existence or presence of something with a degree of doubt. The sentence is concise and relies on the interplay of particles to convey nuance, a common feature in Greek tragedy where brevity often carries significant emotional or dramatic weight.",228
229,For he is not manifest to my eyes.,"The sentence employs the negative particle οὐ (ou) with the enclitic postpositive γάρ (gar), meaning 'for' or 'because,' which often initiates a clause providing a reason or explanation. The adjective φανερός (phanerós) means 'clear,' 'visible,' or 'manifest,' functioning here as a predicate adjective with the verb 'to be' understood. The dative plural οὐμμασίν (omma-sin), meaning 'eyes,' is used with the prepositional sense 'to' or 'in the sight of,' modified by the possessive adjective ἐμοῖς (emois), meaning 'my.' The enclitic γε (ge) adds a slight emphatic or restrictive nuance, often translated as 'indeed' or 'at least,' though it can be subtle in English. The structure reflects a common tragic motif of blindness or lack of perception, where the physical act of seeing is contrasted with the inability to perceive divine or hidden truths.",229
230,With me.,"This fragment consists of a preposition (παρά) with its contracted form before the dative pronoun (ἐμοί). The preposition παρά with the dative case typically denotes proximity or presence, translating here as 'with me' or 'in my company.' In the context of dramatic monologue or dialogue, this short phrase often implies that the speaker is the sole locus of a specific quality (such as madness, insight, or divine presence) or that the addressee should look to the speaker for guidance or companionship. The brevity and the lack of a verb (ellipsis) create an abrupt, emphatic tone, characteristic of tragic declamation where the speaker asserts their immediate authority or presence without elaboration.",230
231,"But you, though you yourself are impious, will not perceive it.","The sentence employs a present participle (ὤν) to create a concessive adverbial clause ('though you are...'), contrasting the subject's moral state with their inability to perceive the truth. The emphatic use of the reflexive adjective (αὐτός) alongside the pronoun (σύ) intensifies the accusation, highlighting the subject's personal responsibility and blindness. The particle δέ marks a sharp adversative transition, likely following a description of the god's power or the chorus's realization. The verb εἰσοράω (to perceive, see clearly) is often used in tragic contexts to denote spiritual or moral insight rather than mere physical sight; here, it underscores the irony that the impious are spiritually blind. The syntax places the subject (σύ) and the concessive clause before the main verb, a common tragic structure that builds tension before delivering the judgment.",231
232,Go away!,"The verb λαζύω (here in the middle/passive imperative form λαζύσθε) is a rare and highly colloquial term meaning 'to flee,' 'to run away,' or 'to scamper off.' It often carries a derogatory or dismissive connotation, implying that the addressees should leave in a hurried, perhaps undignified, manner. The use of the second-person plural imperative (λαζύσθε) addresses a group, likely the maenads or followers of Dionysus, commanding them to disperse. The term is stylistically marked by its vulgarity and lack of epic or tragic gravitas, fitting the chaotic and visceral nature of the Bacchae's actions. The sentence is an example of asyndeton (lack of conjunctions) in its brevity, functioning as a standalone, forceful command without further elaboration.",232
233,He despises me and this city of Thebes.,"The verb καταφρονεῖ (third person singular present indicative active) governs a direct object in the accusative case, here consisting of two coordinated elements: the personal pronoun με (me) and the proper noun Θήβας (Thebes). The use of the demonstrative adjective ὅδε (this) with Θήβας adds a specific, immediate deictic force, emphasizing the speaker's direct confrontation with the city's current fate. The sentence structure is a simple subject-verb-object construction with a compound object, lacking asyndeton or chiasmus, yet the juxtaposition of the personal 'me' and the collective 'this city' creates a powerful rhetorical parallel between the individual sufferer and the state itself.",233
234,I speak: it is not necessary for the prudent to be prudent.,"This sentence employs a striking paradox and tautology centered on the root σωφρον- (sound-minded, prudent, self-controlled). The structure juxtaposes the participle σωφρονω̃ν ('being prudent') with the adjective σώφροσιν ('the prudent'), creating a logical loop where the action and the subject's quality are identical. The use of the future infinitive (or in this specific textual tradition, the present infinitive form of δέω in a periphrastic construction implying necessity) with μη̃ creates a negation of necessity, suggesting that the state of the prudent does not require further assertion of prudence. Stylistically, the sentence uses asyndeton (lack of conjunctions) to create a punchy, aphoristic rhythm typical of tragic gnomic statements. The chiasmus-like relationship between the participle and the adjective highlights the self-sufficiency of the virtuous character.",234
235,"But I, indeed, am more terrible, [and] more powerful than you.","This sentence features a comparative adjective (κυριώτερος) used with a genitive of comparison (σεθεν). The adjective κυριώτερος carries a dual sense here: it can mean 'more powerful/mighty' or 'more fearful/terrible,' a duality often exploited in tragedy to convey the terrifying nature of the god Dionysus. The particle δέ marks a strong adversative transition, contrasting the speaker's assertion with a previous statement or action. The enclitic γε adds emphasis to the adjective, intensifying the claim of superiority. The syntax relies on an implied verb of being (ἐστί) which is common in Greek elliptical constructions. The sentence structure creates a stark, direct confrontation, highlighting the shift in power dynamics.",235
236,"You do not know what you live, nor what you see, nor who you are.","This sentence employs a powerful tricolon of parallel negative clauses (anaphora of the negative particle οὐκ/οὐδ'), each governed by the second-person singular perfect indicative of 'to know' (οἶσθα) or the verb 'to be' (εἶ). The first two clauses utilize the neuter relative pronoun (ὅ τι, ὅ) to ask about the nature of the speaker's existence and perception, while the final clause shifts to the masculine relative (ὅστις) to question the speaker's identity. This progression from 'what' (existence/objects) to 'who' (self) creates a rhetorical crescendo, emphasizing the subject's total lack of self-awareness. The syntax features a perfect indicative (οἶσθα) for 'know' (implying a state of knowledge) contrasted with present indicatives (ζαῖς, δράς, εἶ) for the actions of living, seeing, and being, highlighting the immediacy of the ignorance. The use of the enclitic particle -δέ (attached to the negative) adds a connective force, binding the three denials into a single, emphatic statement of blindness.",236
237,"Pentheus, son of Agave, and of father Echion.","This sentence is a typical example of Greek biographical identification, listing the subject's name followed by his maternal and paternal lineage. The structure employs a chiastic-like relationship between the two genitive phrases: the mother (Agave) is mentioned first, followed by the father (Echion), yet the syntactic order places the maternal relation before the paternal one, which was a common convention in Greek genealogy to emphasize the maternal line in certain contexts or simply as a stylistic choice. The use of the enclitic particle 'δέ' (and) after 'πατρος' adds a slight connective force, linking the two paternal and maternal relations smoothly. The sentence lacks a verb, relying on the context of the dialogue or narrative to imply the subject's existence or identity. The repetition of the genitive case for both 'Ἀγαυης' and 'Ἐχιονος' emphasizes the dual heritage of Pentheus, highlighting his mixed lineage which is central to the tragic themes of the play.",237
238,"To be clothed in misfortune, that name is suitable.","This sentence features a striking personification and paradox. The adjective 'ἐπιτήδειος' (suitable/appropriate) is used predicatively with the verb 'εἰμί' (to be) to describe the abstract noun 'ὄνομα' (name). The construction 'ἐνδυστυχήσαι' (to be clothed in misfortune) utilizes the verb 'ἐνδύω' (to put on clothes) metaphorically, a common trope in Greek tragedy to describe the wearing of a fate or state of being. The syntax places the infinitive phrase 'ἐνδυστυχήσαι' in a subject-like relationship to the name, suggesting that the very identity ('name') of the subject is defined by this state of suffering. The sentence employs a form of chiasmus in its conceptual structure: the state of misfortune is the clothing, while the name is the wearer, yet the name itself is what is deemed 'suitable' for this garment. This reflects the tragic theme where the hero's identity is inextricably bound to their suffering.",238
239,Go away.,"The verb χωρεῖ (imperative aorist active, 2nd person singular) is a standard command meaning 'go,' 'depart,' or 'march.' In the context of dramatic dialogue, particularly when addressing a group or an individual who is intruding, it functions as a forceful dismissal or an order to vacate the space. The sentence consists solely of the imperative verb followed by a period, exemplifying asyndeton (the absence of conjunctions) and extreme brevity, which heightens the urgency and authority of the command.",239
240,"Bind him with horse-troughs nearby, so that he might see a dark gloom.","The sentence employs the aorist imperative 'καθείρξατ' (bind/shackle) followed by the preposition 'πέλας' (nearby) and a dative of means 'ἱππικαῖς ... φάτναισιν' (with horse-troughs), indicating the crude and degrading method of restraint. The verb 'κνέφας' (gloom/darkness) is personified as the subject of the optative clause 'ὡς ... εἰσορᾷ' (so that he might see), a construction used here to express a desired or intended result. The use of 'σκότιον' (dark) as an adjective modifying 'κνεφας' creates a pleonastic effect, emphasizing the total absence of light. This imagery reflects the cultic context of the Bacchae, where the protagonist Dionysus is subjected to humiliating confinement, contrasting the divine nature of the character with the mundane, animalistic tools of his imprisonment.",240
241,"There, dance!","The sentence is a vivid example of a second-person singular aorist imperative (χορεύε), used here as a command rather than a suggestion. The adverb εἰκεῖ (here written as ἐκεῖ, a variant spelling for εἰκεῖ) directs attention to a specific location, likely the stage or a particular spot within the theatrical space, emphasizing the immediacy of the action. The brevity of the sentence, consisting of only an adverb and a verb, creates a striking asyndetic effect, stripping away any unnecessary connectives to focus purely on the command. In the context of the Bacchae, this likely reflects the frenzied, ritualistic nature of the Dionysian rites, where movement and dance are central to the worship of the god. The imperative form suggests a direct address to a character or chorus, inviting them to join in the ecstatic celebration.",241
242,"Bring these women here as accomplices to your evils, or having ceased the hand of this beating and the sound of the hide, I shall acquire maidens for my looms.","The sentence employs a conditional structure implied by the alternative conjunction 'ἠ... ἠ' (either... or), presenting the addressee with a stark choice between collaboration in violence or facing the consequences. The participle 'παύσας' (having ceased) governs the genitive objects 'χεῖρα' (hand) and 'βύρσης' (hide), creating a synecdoche where the physical instruments of punishment represent the act itself. The phrase 'βύρσης κτύπου' (sound of the hide) is a vivid auditory image referring to the flogging of a body wrapped in or struck by a leather strap, a common motif in the context of the Maenads' violence. The final clause 'ἐφ' ἱστοῖς' (on the looms) shifts the imagery from physical violence to domestic servitude, suggesting that the alternative to being an accomplice in murder is being reduced to a slave laborer. The syntax features a complex participle construction ('ἄγων') modifying the imperative 'πάρει', followed by a main verb 'κεκτήσομαι' in the future tense, indicating the speaker's authority to determine the fate of the captives based on their compliance.",242
243,I would be going on my way.,"The verb στείχοιμ’ (steichoi̯m’) is a first-person singular imperfect or present optative active indicative form of στείχω (to go, walk, march). The presence of the particle ἄν (an) attached to the optative indicates a potential or conditional mood, suggesting a hypothetical action ('I would go'). This construction often appears in contexts of hesitation, polite suggestion, or describing an action that is contingent upon some unstated condition. The contraction of the final -μι to the preceding vowel in the optative is a common feature in later Greek, particularly in tragedy. The sentence is syntactically simple, consisting of a single finite verb and its modal particle, relying heavily on context for the specific destination or purpose of the action.",243
244,"For whatever is not necessary, it is not necessary to suffer that.","This sentence presents a gnomic statement regarding the limits of human endurance and the nature of fate. The syntax features a relative clause introduced by ὅ τι (ὅ + τι), which functions as an indefinite relative pronoun meaning 'whatever thing.' The particle γάρ provides the causal or explanatory link, grounding the general principle in a preceding context. The sentence employs a chiasmus-like structure through the repetition of the root χρε- (from χρεών), contrasting its presence in the subordinate clause (μη χρεών, 'not necessary') with its negation in the main clause (οὐχ χρεών, 'not necessary'), creating a balanced, aphoristic rhythm. The verb παθεῖν (to suffer) is in the aorist infinitive, dependent on the predicative adjective χρεών (necessary/due), which here acts as a neuter adjective agreeing with the implied subject of the relative clause. This construction emphasizes that one should not endure what fate does not require, a common theme in Greek tragedy regarding the acceptance of divine will.",244
245,"But Dionysus comes as the ransom for these insults, the one whom you say does not exist.","The sentence features a sharp contrast between the divine presence of Dionysus and the human denial of his existence. The term 'ἀτάρ' (atār) serves as a strong adversative conjunction, often used in epic and tragic poetry to mark a decisive turn or a counter-argument to a previous statement. The phrase 'ἄποιν' ὑβρισμάτων' (ransom of insults) utilizes a genitive of apposition or specification, where the 'ransom' is specifically defined as the penalty or consequence for the 'ὑβρισμάτων' (insults/violations), referring to Pentheus's earlier hubris in denying the god. The verb 'μέτεισι' (comes) implies an active, perhaps inevitable, approach. The clause 'ὃν οὐκ εἶναι λέγεις' employs an accusative and infinitive construction ('ὄν ... εἶναι') functioning as the object of 'λέγεις' (you say), a standard syntactic pattern for reported speech or belief in Ancient Greek. The irony lies in the proximity of the god's arrival to the statement of his non-existence, highlighting the theme of blindness to divine reality.",245
246,"For, by wronging us, you lead him to chains.","The sentence employs a participial phrase (ἀδικῶν) functioning adverbially to indicate the means or manner of the main action (ἄγεις). The particle γάρ provides a causal explanation, typically responding to a preceding rhetorical question or statement. The structure juxtaposes the speaker's grievance (being wronged) with the destination of the antagonist (chains), highlighting the irony that the person causing harm is now being led into captivity. The use of δεσμούς (chains/shackles) is a common metaphor in Greek tragedy for loss of freedom and divine punishment, particularly fitting the context of the Bacchae where Pentheus is led to his doom.",246
247,"Daughter of Achelous, mistress of fertile Dirce, for you once received the child of Zeus on your springs, when, having begotten him from the fire of his thigh, Zeus snatched him away, crying out these words.","This passage employs apostrophe, addressing the nymph Dirce directly with honorific epithets ('daughter of Achelous,' 'mistress') to establish a solemn, ritualistic tone. The syntax utilizes a causal clause introduced by γάρ (for) to explain the nymph's role in the mythological narrative. A key mythological reference is the 'fire of the thigh' (μηρῶ πυρός), alluding to the unique birth of Dionysus, who was born from Zeus's thigh after his mother Semele perished in divine fire. The participle τεκῶν (having begotten) modifies Zeus, clarifying the divine origin. The verb ἁρπάζω (snatched away) conveys the sudden, protective removal of the infant god. The sentence concludes with a participle (ἀναβοάσας) indicating Zeus's vocal action at the moment of abduction, emphasizing the urgency and divine intervention. The use of the demonstrative ταῦτα (these things) at the end creates a sense of immediacy, pointing to the specific words spoken, which follow in the subsequent lines of the play.",247
248,"Go, Dithyrambus, and enter my male womb.","This sentence features a direct address (vocative) to 'Dithyrambus,' a title for Dionysus associated with his choral hymns, here personified as an entity to be summoned. The syntax employs a second-person imperative verb (ἴθι) coordinated with a second aorist imperative (βαθί), creating a sense of urgent, dual action. The phrase 'my male womb' (ἐμὰν ἄρσενα ταύτην νηδύν) presents a striking paradox and a specific cultural reference to the male birth of Dionysus from Zeus's thigh, often metaphorically described as a womb in tragic literature. The adjective ἄρσενα (male) modifies νηδύν (womb), which is grammatically feminine but semantically gendered male in this specific mythological context, highlighting the supernatural nature of the birth. The sentence lacks a conjunction between the two imperatives (asyndeton), enhancing the immediacy and command of the speaker.",248
249,"I remove this name from you, O Bacchus, to call Thebes [by it].","The verb ἀναφαίνω (to take away, remove, or deprive) takes a double accusative construction here: the direct object τόδ' (this, referring to the name) and the indirect object σε (you, in the accusative case functioning as the person deprived of the name). The infinitive ὀνομάζειν (to name/call) acts as the object of the main verb, with the dative plural Θήβαις (Thebes) serving as the indirect object of the naming action. The vocative Βάκχιε addresses the god directly, emphasizing the dramatic appeal. The syntax reflects a complex causative structure where the speaker (the god Dionysus) is stripping the city of its current name to impose a new one. The use of the aorist active indicative ἀναφαίνω indicates a decisive, completed action of renaming. The sentence structure places the action (removing) before the purpose (naming), creating a sense of immediate authority.",249
250,"But you, O blessed Dirce, have cast away from me the garland-bearing thiasoi that you hold within you.","The sentence features a vocative address ('O blessed Dirce'), invoking the nymph of the Dirce spring in Thebes, who is associated with the myth of Dirce's death by bulls. The adjective 'blessed' (μάκαιρα) is a common epithet for divine or semi-divine figures, reflecting the cultural reverence for local deities. The term 'thiasoi' refers to the ecstatic retinues or processions of Dionysus, often characterized by their frenzied worship and carrying of sacred objects like garlands (στεφανηφόρους). The use of the aorist passive imperative 'cast away' (ἀπωθῇ) suggests a command or a lament about the loss of these sacred groups. The phrase 'that you hold within you' (ἔχουσαν ἐν σοί) employs a present participle to describe the ongoing possession of the thiasoi, emphasizing their intimate connection with Dirce. The sentence structure is marked by asyndeton, where the vocative is set off by commas without a conjunction, enhancing the emotional intensity of the address.",250
251,Why are you forbidding me?,"The verb ἀναίνομαι (anaínomai) is a present middle/passive form meaning 'to forbid,' 'to deny,' or 'to refuse.' In this context, the speaker is addressing an interlocutor who is preventing them from an action. The interrogative pronoun τί (tí) functions adverbially here, asking 'why' rather than 'what,' which is a common usage in questions involving verbs of refusal or permission. The use of the present tense suggests an ongoing prohibition or a command that is currently being issued. The sentence is a direct, urgent question, often found in dramatic contexts where a character challenges the authority or reasoning of another. The syntax is straightforward, with the verb as the predicate and the pronoun μ’ (me) as the object, while τί modifies the verb to inquire about the reason for the action.",251
252,Why do you flee from me?,"The sentence employs an interrogative adverb (τί) functioning as a causal 'why' rather than an interrogative pronoun 'what', modifying the verb 'flee'. The syntax features a direct object (με, 'me') placed between the interrogative and the verb, a common arrangement in tragic dialogue for emphasis. The present indicative verb (φεύγεις) indicates an action currently in progress, heightening the dramatic tension of the moment. The rhetorical question implies the speaker's confusion or accusation regarding the addressee's sudden avoidance, a frequent motif in Greek tragedy where divine or supernatural presence is met with human fear and retreat.",252
253,"Still, yes, the grape-bearing vine of Dionysus, still the song of Bromios will be yours.","The sentence employs a striking anaphora through the repetition of 'ἔτι' (still/yet) at the beginning of both clauses, creating a rhythmic emphasis on the enduring nature of Dionysian worship. The vocative 'ναὶ' (yes) functions as an emphatic particle, likely addressing the addressee's hesitation or doubt. The genitive 'Διονύσου' (of Dionysus) and 'Βρομίου' (of Bromios) are epithets for the same deity; 'Βρόμιος' (Bromios) specifically highlights the god's role as the 'roaring' or 'noisy' one, associated with the ecstatic sounds of the maenads and the sound of the thyrsus. The phrase 'βοτρυώδη' (grape-bearing) is a vivid adjective describing the vine, linking the physical plant to the divine. The verb 'μελήσει' (will be a care/matter of concern) with the dative 'σοι' (to you) implies that the song or cultic practice will remain a vital, active concern for the listener, suggesting the inescapable and persistent presence of the god's influence. The syntax features a clear chiasmus in the arrangement of the divine attributes: 'Dionysus' (genitive) modifying 'vine' (accusative) and 'Bromios' (genitive) modifying 'song' (accusative), creating a balanced structure.",253
254,"What anger the earth-born race, offspring of a serpent, once revealed to Pentheus! Whom Echion, the earth-born, planted, a fierce monster, not a mortal man, but murderous like a giant, an adversary of the gods.","The sentence opens with an exclamatory indirect question (οἵαν οἵαν) functioning as a rhetorical intensifier, emphasizing the magnitude of the 'anger' or 'rage' revealed. The repetition of οἵαν creates an emphatic effect. The phrase 'earth-born race' (χθόνιον γένος) refers to the Spartoi, the men born from the dragon's teeth sown by Cadmus, of whom Pentheus is a descendant. The syntax shifts to a relative clause describing Pentheus as the offspring of Echion, who is also described as 'earth-born' (χθόνιος), reinforcing the chthonic, unnatural origin of the Theban royal line. The text employs a sharp contrast (antithesis) between 'not a mortal man' (οὐ βροτεῖον φῶτα) and 'murderous like a giant' (φόνιον δὲ... γίγαντ' ἀντίπαλον θεοῖς). The comparison to the giants (Γίγαντες) who waged war against the gods (Gigantomachy) serves as a powerful metaphor for Pentheus's hubris in challenging Dionysus, framing his opposition as cosmically impious. The use of the adjective 'fierce-eyed' (ἀγριώπων) highlights the bestial nature of this 'monster' (τέρας), contrasting it with human civility. The sentence structure is complex, utilizing apposition and coordinate adjectives to layer the description of Pentheus's monstrous identity.",254
255,"Who has now joined me in the snares of Bromius, and who already holds my companion within my house, hidden in dark prisons.","The sentence features a relative clause (introduced by ὅς) functioning as a direct address or identification of the subject (Dionysus), which is a common dramatic device in Euripides where the god reveals his presence through description before appearing. The syntax employs a chiastic structure in the two main predicates: the first clause places the prepositional phrase (ἐν βρόχοισι) before the verb (ξυνάψει), while the second clause places the verb (ἔχει) before its prepositional complement (ἐν εἱρκταῖς), creating a balanced rhetorical effect. The use of βρόχοισι (snares/traps) is metaphorical, referring to the religious frenzy or ritual binding of the maenads, while εἱρκταῖς (prisons) and σκοτιαῖς (dark) emphasize the concealment and entrapment of the companion (Pentheus, who is disguised as a maenad). The adjective θιασωτὴν (companion of the thiasos) specifically identifies the follower of the Dionysian cult. The particle δέ connects the two actions with a contrastive or explanatory force, highlighting the dual nature of the god's power: the external ritual binding and the internal imprisonment.",255
256,"Have you seen these things, child of Zeus, Dionysus, your prophets in the contests of necessity?","The sentence is a direct address (vocative) to Dionysus, identified here by the epithet 'child of Zeus' (Διὸς παῖ) alongside his proper name, a common hendiadys in Greek liturgy to emphasize lineage and identity. The verb εἶδεν (perfect indicative active of ὁράω) carries a present sense ('have you seen'), implying that the speaker expects the god to already be aware of the situation. The phrase 'prophets in the contests of necessity' (προφήτας ἐν ἀμιλλαῖσιν ἀνάγκης) employs a striking metaphor: the followers of Dionysus (the Bacchae and Maenads) are framed as athletes or competitors (ἀμιλλαῖσιν) whose struggle is not against human opponents but against 'necessity' (ἀνάγκη), likely referring to the irresistible, fated power of the god's divine frenzy. The syntax creates a sense of urgency through the direct question, while the word order places the object 'these things' (ταῦτα) at the very beginning for emphasis, highlighting the immediate reality the god is being asked to witness.",256
257,"Come, shaking a golden-eyed one, go up, lord, thyrsus towards Olympus, and restrain the violence of the bloody man.","This sentence features a vivid imperative command addressed to a deity or divine figure, likely Dionysus, given the context of the Bacchae. The participle τινασσων (shaking) modifies the subject of the imperatives μολε (come) and ανα (go up), creating a dynamic image of movement. The epithet χρυσωπα (golden-eyed) is a metonymic reference to the thyrsus, a ritual staff often topped with ivy or pine cones, here personified or described as having a golden eye, which may allude to the sun or a divine presence. The phrase φονιου ανδρος (of the bloody man) is a genitive construction emphasizing the violent nature of the antagonist, possibly Pentheus, who is being contrasted with the divine power of Dionysus. The use of κατασχες (restrain) suggests a command to suppress or control the hubris or violence. The sentence structure is characterized by a series of imperatives connected by the conjunction δε, creating a rhythmic and urgent tone. The invocation of Olympus as the destination highlights the divine nature of the command and the cosmic scale of the action.",257
258,"Where, then, do you lead the beast-tending throngs of Nysa, O Dionysus, or the Corycian peaks?","The sentence features a vocative address (ὦ Διόνυσ') directly interrupting the main clause, a common feature in dramatic monologues to establish a direct relationship between the speaker and the deity. The verb θυρσοφορεῖς (you carry the thyrsus/lead the thyrsus-bearing) is used metonymically here to mean 'lead' or 'conduct' the followers. The phrase 'θηροτρόφου' (beast-tending) describes the Nysa region, referencing its mythological association with the nurturing of wild beasts or the wild nature of the god's followers. The sentence employs a rhetorical question structure, questioning the destination of the Dionysian retinue (the thiasos). The use of the particle ἄρα adds a tone of inference or realization to the question. The mention of the Corycian peaks refers to a specific location in Phocis, associated with the Corycian Cave, often linked to the myth of Dionysus's childhood or his travels.",258
259,"Soon, in the chambers of Olympus rich in trees, where once Orpheus, playing the lyre, gathered together trees for the Muses, gathered together wild beasts.","The sentence features a striking anaphora with the repetition of the verb 'συνάγεν' (gathered together), which creates a rhythmic emphasis on Orpheus's harmonizing power over both flora and fauna. The participle 'κιθαρίζων' (playing the lyre) functions as an adverbial modifier explaining the manner in which Orpheus performed the action. The phrase 'πολυδένδρεσσι' (rich in trees) uses the Doric plural form '-εσσιν' rather than the Attic '-σι', a stylistic choice common in tragedy to evoke an elevated or archaic tone. The adjective 'αγρώτας' (wild) specifically characterizes the beasts as untamed creatures of the forest, contrasting with the cultivated nature of the trees, yet both are united by the musician's art. The adverb 'τάχα' (soon) introduces a prophetic or anticipatory tone, suggesting a future event or a swift return to a mythical past.",259
260,"O blessed Pieria, Euios venerates you, and he will come, dancing together with the Bacchic rites; he will lead the swift-flowing Axion and the twirling Maenads, Lydian father, he who gives blessed happiness to mortals, he who is renowned for making the fair-horsed land irrigate with the finest waters.","The sentence employs a series of coordinating conjunctions (specifically τε... τε... τε) to create a rhythmic, cumulative effect, listing the attributes and actions of the deity. The vocative 'O blessed Pieria' addresses the Muse of the Pierian mountains, traditionally associated with the Muses and Apollo, here invoked in a context of Dionysiac worship. The term 'Euios' is a poetic epithet for Dionysus, emphasizing his role as a god of wine and ecstasy. The syntax features a participial phrase 'dancing' (χορεύσων) modifying the subject, indicating simultaneous action. The phrase 'twirling Maenads' (εἱλισσομένας Μαινάδας) uses a participle to describe the ecstatic, spiraling movements of the followers. The attribution 'Lydian father' connects Dionysus to his mythological origins in Lydia. The relative clauses 'he who gives blessed happiness' and 'he who is renowned for making the fair-horsed land irrigate' function as appositives, elaborating on the god's beneficence. The use of the superlative 'fairest' (καλλίστοισι) for the waters highlights the abundance and quality of the divine gift. The sentence structure reflects the grandeur and complexity of Dionysiac ritual, blending geographical, mythological, and cultic elements.",260
261,"Io, hear us, hear our voice, Io, Bacchae, Io, Bacchae.","This sentence is a classic example of liturgical invocation found in the chorus of Euripides' 'Bacchae'. The interjection 'ἰώ' (io) serves as a ritual cry to the god Dionysus (often implied or addressed directly in context), signaling a shift into a state of religious ecstasy. The verb 'κλύετε' (hear) is in the second person plural imperative, functioning as a direct command to the divine. The anaphora (repetition of 'ἰώ' and 'βακχαί') creates a rhythmic, incantatory effect typical of dithyrambic poetry, mimicking the repetitive chanting of the maenads. The use of the vocative 'Βάκχαι' (Bacchae) directly addresses the chorus members, reinforcing their collective identity as followers of Dionysus. The phrase 'ἡμῶν αὐδᾶς' (our voice/utterance) refers to the sacred hymn or prayer being performed. The sentence structure, with its repeated imperatives and vocatives, emphasizes urgency and the collective nature of the ritual.",261
262,"Who is this, who is this? From where did this noise call me to come up to Euripus?","The sentence features anaphora through the repetition of 'τίς οὗδε' (who is this), creating a sense of urgent inquiry and disorientation typical of a character in distress or sudden alarm. The anaphoric structure emphasizes the speaker's confusion regarding the source of the sound. The phrase 'ἀναμ' ἐκάλεσεν' (called me up) uses a proclitic form of the preposition 'ἀνά' (up) attached to the enclitic pronoun 'μ' (me), indicating a movement from a lower to a higher position, or metaphorically from a state of passivity to action. The genitive 'Εὐιου' (of Euripus) is likely a reference to the god Dionysus, who is often associated with the epithet 'Εὐίων' (Eurion) in the context of the Bacchae, though here it may refer to a specific location or be a metrical variation. The sentence is characterized by its rhythmic quality, which mirrors the chaotic nature of the 'κέλαδος' (noise) that has drawn the speaker's attention. The use of the aorist 'ἐκάλεσεν' (called) suggests a completed action that has immediate consequences for the speaker.",262
263,"Io, io! Sing again, son of Semele, son of Zeus.","The sentence opens with a double invocation of 'ἰω' (Io), a liturgical cry associated with the worship of Dionysus, marking the ecstatic and ritualistic tone of the passage. The verb 'αὐδῶ' (sing) is in the present imperative, second person singular, functioning as a command for the chorus or a specific character to resume the hymn. The noun 'παῖς' (son) is the subject of the imperative, addressed in the vocative case, and is modified by two genitive nouns: 'Σεμέλας' (Semele) and 'Διὸς' (Zeus), both in the genitive case, indicating paternity and maternity. The repetition of 'ὁ' (the) before each genitive creates a rhythmic parallelism, emphasizing the dual lineage of the addressee. This structure reflects the cultural importance of Dionysus's divine and mortal parentage in Greek mythology. The sentence exemplifies the use of asyndeton (the omission of conjunctions) between the two genitive modifiers, enhancing the poetic and dramatic effect.",263
264,"Io, io! Lord, Lord, come now to our thiasos, O Bromios, Bromios.","This sentence exemplifies the intense emotional invocation typical of the Dionysiac cult, utilizing a vocative doublet ('Lord, Lord' and 'Bromios, Bromios') to express urgency and reverence. The interjection 'io' is a ritual cry associated with the worship of Dionysus. The verb 'mole' (come) is an aorist imperative, issuing a direct command for the god's presence. The term 'thiasos' refers to the retinue or procession of Dionysus, often consisting of maenads and satyrs; here it is specified as 'our' (hemeteron), indicating the speaker's identification with the divine group. The repetition of 'Bromios' serves as an anaphora, emphasizing the deity's title as the 'roaring one' or 'bellowing one,' a key epithet highlighting his wild, untamed nature. The syntax flows with a rhythmic cadence, mirroring the ecstatic state of the speaker.",264
265,"Shake the ground of the Earth-shaker, Lady.","The verb σεῖε is an imperative aorist active, second person singular, addressing a deity or powerful figure to perform an action immediately. The noun πέδον (ground/earth) functions as the direct object of the shaking, modified by the genitive χθονὸς (of the earth/land), which specifies the type of ground being shaken. The epithet Ἔννοσι (Earth-shaker) is a genitive apposition to χθονὸς, referring to Poseidon, who was often invoked in this capacity during earthquakes. The final noun πότνια (Lady) is in the vocative case, addressing the addressee directly, likely a priestess or a devotee of Dionysus in the context of the Bacchae. The phrase exhibits a rhythmic quality typical of tragic choral odes, with the imperative opening the line to create a sense of urgency and divine intervention. The use of the epithet Ἔννοσι highlights the connection between the physical shaking of the earth and the power of the gods, a recurring theme in Greek tragedy.",265
266,"Ah, ah! The halls of Pentheus will soon be shaken by falls.","The sentence opens with the interjection 'ἆ' (ah/oh) repeated for emphasis, a common feature in Greek tragedy to signal sudden realization, horror, or the approach of doom. The verb 'διατινάξεται' (will be shaken) is in the future middle/passive indicative, suggesting an inevitable and active destruction that is about to unfold. The adverb 'τάχα' (soon/quickly) heightens the sense of impending catastrophe. The subject 'μέλαθρα' (halls/palace) is modified by the genitive 'Πενθέως' (of Pentheus), referring to the Theban king. The phrase 'πεσήμασιν' (by falls) is in the dative plural, functioning as an instrumental of means, indicating that the shaking will be caused by people falling or collapsing, likely due to the frenzy of the Maenads or the violence of the Bacchic rites. The sentence employs a tragic irony, as Pentheus himself is unaware that his palace is about to be violently overturned by the very forces he seeks to suppress.",266
267,— Dionysus is coming to the halls.,"The sentence utilizes an elliptical structure common in Greek tragedy, omitting the verb of motion (e.g., 'he comes' or 'he arrives') and relying on the adverb 'ἀνά' (up/into) combined with the accusative plural 'μέλαθρα' (halls/palaces) to convey direction and arrival. The particle '—' indicates a break in speech or an exclamation typical of choral odes or stage directions. The term 'μέλαθρα' often refers specifically to the inner chambers or royal halls of a palace, carrying connotations of domestic power and sacred space. The phrase functions as a declarative announcement of the god's imminent presence, a recurring motif in the Bacchae where Dionysus's arrival disrupts the established order of Thebes.",267
268,Honor him!,"The verb σεβετε (from σέβω) is a second person plural present active imperative, functioning as a direct command. In this context, it carries the weight of religious reverence and awe rather than simple politeness, reflecting the cultic context of the play. The object νιν is the enclitic accusative form of αὐτός, referring to Dionysus. The sentence is a classic example of asyndeton, as it appears as a standalone imperative clause without conjunctions, emphasizing the urgency and authority of the command. The use of the plural imperative suggests the speaker is addressing a chorus or a group of characters, urging collective adherence to the divine.",268
269,"We worship you, O Lord.","The verb σέβομεν (seboomen) is a present active indicative first-person plural, indicating a collective act of reverence or worship performed by the speaker and their group. The vocative particle ὤ (ō) serves as an interjection of address, typically used to invoke a deity or a figure of supreme authority, translating here as 'O' or 'Oh.' The syntax is direct, with the verb governing the implied object (you) which is understood through the vocative context. This phrase exemplifies the formal tone of religious invocation found in Greek tragedy, where characters often acknowledge the power of the divine through direct address and plural verbs to represent the chorus or a community's shared piety.",269
270,Do you see these wooden wedges driven into the columns as running-beams?,"The sentence employs a plural imperative (οἶδατε) in the present tense, functioning as a rhetorical question to draw the audience's attention to a specific architectural or theatrical element. The adjective λαῖνα (wooden) modifies ἔμβολα (wedges or beams), which are described as διαδρόμα (running or sliding) and ταῦδε (these), indicating their immediate presence and function. The dative noun κιόσιν (columns) serves as the location or target of the action. The phrase ἔμβολα διαδρόμα may refer to structural components used in the construction of the stage or a metaphorical reference to the movement of the chorus or characters. The rhetorical question invites the audience to visually engage with the scene, emphasizing the tangible and dynamic nature of the elements described.",270
271,"Here, Bromios is shouting and is breaking down the roofs from the inside.","The sentence features a striking use of the compound verb αλαλαζω (to raise a war-cry or shout) followed by the verb λαζομαι (to break in or force open), linked by the coordinating conjunction δ' (an elision of τε/δε, here functioning as a connective particle οὐδέ/οὐδ' often used in poetic asyndeton-like effects or simply to link actions). The phrase 'στεγάς' (roofs/houses) serves as the direct object of 'λαζομαι', while 'ἔσω' (inside) acts as an adverbial modifier indicating the direction or location of the action. The imagery evokes the frenzied, destructive power of Dionysus (Bromios) as he invades domestic spaces, a central theme in the Bacchae where the god's influence penetrates the boundaries of the household. The use of 'οὗδε' (here) emphasizes the immediate presence and action of the deity.",271
272,"Seize the thunderbolt-like, blazing torch.","The imperative ἅπτε (from ἅπτω) is in the aorist tense, conveying an urgent command to take or grasp. The object λαμπάδα (torch) is modified by two adjectives: κεραύνιον, a metaphorical epithet suggesting the torch's power or appearance resembles a thunderbolt, and αἴθοπα, meaning 'blazing' or 'smoke-blackened,' which vividly describes the intense light and smoke of the fire. The syntax employs a direct imperative structure without a subject, a common feature in dramatic exhortations where the addressee is implied. The juxtaposition of the divine imagery (thunderbolt) with the physical reality of a torch reflects the syncretic nature of Dionysian worship, where earthly rituals mirror cosmic forces.",272
273,"Blast together, blast together the halls of Pentheus.","The verb συμφλεγε is a second-person singular aorist imperative of συμφλέγω, meaning 'to burn together' or 'to set on fire.' The repetition of the verb (epizeuxis) creates an intense, incantatory rhythm, characteristic of the ecstatic and violent tone of the Bacchae. The noun δωματα is in the accusative plural, serving as the direct object, while Πενθεος is a genitive singular noun functioning as an attribute, specifying whose halls are to be destroyed. The sentence exemplifies the use of asyndeton in the repetition of the verb without conjunctions, emphasizing the immediacy and force of the command. The cultural context involves the destruction of Pentheus's palace, a pivotal moment in the myth where the king's hubris is met with divine retribution by the followers of Dionysus.",273
274,"Ah, ah! Do you not see the fire, nor does it flicker around the sacred tomb of Semele, wherever the thunder-striking one left the flame of Zeus's thunder?","The sentence opens with a doubled interjection 'ἆ ἆ' (ah, ah), a common feature in Greek tragedy used to express shock, horror, or sudden realization. The syntax employs a rhetorical question structure where the speaker challenges the addressee's perception of reality. The verb 'λεύσσεις' (you see) and 'αὐγάζῃ' (it flickers/glistens) are coordinated with the negative particle 'οὐ' appearing before each, creating a parallel negative construction that emphasizes the absence of the divine sign. The adjective 'κεραυνόβολος' (thunder-striking) is a compound epithet often associated with Zeus, highlighting his power and the violent nature of the fire. The phrase 'ἀμφὶ τάφον' (around the tomb) suggests the lingering presence of the divine fire around Semele's burial place, a key element in the myth of Dionysus's birth. The use of the relative clause 'ἅν ποτε' (wherever) introduces a sense of timelessness and divine omnipresence, reinforcing the idea that the fire is a permanent, supernatural mark left by Zeus.",274
275,"Stretch out your bodies to the ground, stretch out, Maenads.","The sentence features a prominent repetition of the verb 'stretch out' (δίκετε) in the second person plural imperative, creating a sense of urgency and rhythmic intensity characteristic of the ecstatic rites of Dionysus. The verb δίκετε implies a physical act of prostration or spreading oneself out, often associated with ritual madness or surrender to divine possession. The term 'Maenads' (Μαινάδες) refers to the female followers of Dionysus, known for their frenzied worship and rituals in the wilderness. The use of the adverb 'to the ground' (πεδόσε) emphasizes the physical act of submission or connection with the earth, a common motif in Dionysian worship. The repetition of the verb also serves as a form of anaphora, reinforcing the command and heightening the dramatic effect. The sentence structure is direct and imperative, reflecting the intense emotional state of the characters in the play.",275
276,"For the Lord, placing the upper and lower, leads these halls, the son of Zeus.","The sentence employs a striking chiasmus in the phrase 'ἄνω κάτω' (upper and lower), which inverts the natural order of 'below and above' to emphasize the total reversal of cosmic order or the subversion of natural hierarchy by the deity. The participle 'τιθείς' (placing/setting) functions adverbially to describe the manner in which the action of 'leads' (εἵπεσι) is performed. The subject is a double subject construction: 'ὁ ἄναξ' (the Lord) is explicitly named, while 'Διὸς γόνος' (the son of Zeus) acts as an appositive that identifies the Lord, reinforcing the identity of Dionysus as both the supreme ruler (ἄναξ) and the divine offspring of Zeus. The term 'μέλαθρα' (halls) refers to the royal palace, and the phrase 'ταῦτα' (these) points to the immediate setting of the tragedy. The particle 'γάρ' introduces a causal explanation, likely responding to a preceding statement about the nature of the current events or the power of the god. The inversion of 'upper and lower' reflects the Dionysian theme of overturning social and natural norms.",276
277,"Barbarian women, have you fallen to the ground so utterly struck with fear?","The sentence employs the perfect participle ἐκπεπληγμέναι ('having been struck/terrified') with the perfect form πεπτωκάτ' ('have fallen'), creating a vivid picture of a state resulting from a past action: the women are currently on the ground because they were previously terrified. The adjective βαρβαροι ('barbarian') is placed in the vocative case (implied by the context of direct address and the comma), modifying γυναικες ('women'), highlighting the cultural distinction made by the speaker (likely a Greek character) towards non-Greeks. The phrase 'πρός πέδον' ('to the ground') uses the preposition πρός with the accusative to indicate direction of motion towards a surface. The sentence ends with a rhetorical question, emphasizing the speaker's disbelief or shock at the women's state. The syntax features a fronted vocative phrase followed by an adverbial phrase (οὕτως ἐκπεπληγμέναι φόβῳ) that intensifies the emotional state before the verb, creating a dramatic pause and focus on the terror.",277
278,"He felt it, as it seems, when Bacchus had shaken Pentheus' house.","The sentence features the periphrastic construction 'ἤσθησθ' ... ἔοικε' (he felt ... it seems), where the parenthetical 'ὠς ἔοικε' functions as a modal adverbial phrase expressing probability or appearance, a common rhetorical device in Greek tragedy to convey uncertainty or dramatic irony. The verb 'διατινάξαντος' (having shaken) is an aorist active participle in the genitive case, forming a genitive absolute construction that provides the temporal context for the main verb 'ἤσθησθ'' (he felt), indicating the moment the perception occurred. The noun 'δῶμα' (house) is used metonymically to represent the entire household or family structure, a frequent stylistic feature in Greek literature where the physical dwelling stands for the social unit within it. The genitive 'Πενθέως' (of Pentheus) further reinforces this metonymic usage, emphasizing the personal destruction of the king's lineage rather than merely the building. The punctuation marks (commas) around 'ὠς ἔοικε' create a syntactic pause that mirrors the hesitation or speculative tone of the speaker, enhancing the dramatic effect.",278
279,"But stand up and take courage, having exchanged the trembling of the flesh.","The sentence features a strong imperative opening (ἀλλ᾽ ἐξανίστατε, 'stand up') followed by a coordinating imperative (καὶ θαρσεῖτε, 'and take courage'), creating a rhythmic, exhortative cadence typical of choral odes or divine commands in tragedy. The participle ἐξαμείψασαι ('having exchanged') is aorist middle (or passive) and agrees with the implied subject of the imperatives, functioning as an adverbial clause indicating the means or condition by which the courage is to be attained. The phrase 'trembling of the flesh' (τῆς σαρκὸς τρέμον) uses a genitive of attribute (σαρκὸς) to specify the source or nature of the trembling, grounding the abstract emotion (fear) in the physical body. This juxtaposition of physical action ('stand up') and psychological state ('take courage') mediated by a physical transformation ('exchanging the trembling') highlights the Dionysian theme of transcending mortal fear through divine possession or ritual transformation. The use of the aorist participle suggests a completed action necessary for the subsequent state of courage, implying that the fear must be actively shed before true boldness can exist.",279
280,"O greatest light for us of happy Bacchic revelry, as I beheld you with joy, you who alone hold the desert wilderness.","This sentence features a vocative address ('φάος' - light) functioning as a metaphor for Dionysus, highlighting his role as a divine illuminator. The adjective 'μέγιστον' (greatest) emphasizes the supreme importance of the deity. The phrase 'εὐίου βακχεύματος' (of happy Bacchic revelry) uses a genitive of relation to specify the context of the light. The main verb 'εἶδον' (I saw/beheld) is in the aorist indicative active, indicating a completed action of perception. The adverbial participle 'ἄσμενη' (joyfully) modifies the main verb, conveying the emotional state of the speaker. The final clause 'μονὰν ἔχουσα ἐρημίαν' (holding the desert wilderness alone) uses a present active participle to describe the state of the addressee, creating a contrast between the communal joy of the revelry and the solitary, wild nature of the deity's domain. The use of the vocative and the exclamatory tone reflects the dramatic intensity typical of Euripidean tragedy, where characters often address gods or divine figures directly.",280
281,"Did I arrive at despair, when I was sent forth, as if falling into the dark abysses of Pentheus?","The sentence employs a rhetorical question (indicated by the interrogative particle implied in the context and the final question mark) to express the speaker's disbelief at their own misfortune. The verb ἀφικνεομαι (to arrive) is paired with εἰς ἀθυμιαν (into despair/sorrow), a collocation where the abstract noun represents a state of mind rather than a physical location. The temporal clause introduced by ἡνίκα (when) contains a passive form (εἰσεπεμπόμην) contrasting with the active participle πεσούμενος (falling). The participle πεσούμενος functions adverbially (circumstantial), modifying the main verb and depicting the manner of arrival. The phrase σκοτεινὰς ὁρκάνας (dark abysses/gorges) serves as a vivid metaphor for the underworld or a state of hopelessness. The genitive Πενθέως (of Pentheus) modifies ὁρκάνας, specifying the location associated with the character Pentheus, likely alluding to the specific topography of his downfall or the darkness of his death. The word ὡς (as if) introduces a simile, suggesting the speaker feels they are not merely falling into a physical place, but into a metaphorical trap defined by Pentheus's fate.",281
282,How could it not be?,"This is a concise rhetorical question relying on the enclitic particle γάρ (for/because), which here functions to introduce a reason or justification for a preceding statement, often implying 'since that is the case.' The negative adverb οὐ (not) is attached to the verb, which is elided and understood from the context (likely 'is it not so?' or 'is it not true?'). The sentence exemplifies the economy of expression typical of tragic dialogue, where the verb is omitted because it is recoverable from the immediate discourse. The structure creates a strong emphatic tone, challenging the listener to acknowledge an obvious truth.",282
283,"Who would be a guard for me, if you were to encounter calamity?","The sentence employs the optative mood in the subordinate clause ('τύχοις' - you might encounter), expressing a hypothetical or potential future condition introduced by 'εἰ' (if). The main clause uses the imperfect indicative ('ἦν' - would be) to convey a rhetorical question about the futility of seeking protection against divine misfortune. The noun 'φύλαξ' (guard) implies a protective role that becomes meaningless when 'συμφορᾶς' (calamity/misfortune) strikes, a concept central to the tragic theme of human vulnerability before the gods. The syntax highlights the helplessness of the speaker by juxtaposing the search for a guardian with the inevitability of fate.",283
284,"But how were you freed, having happened upon an impious man?","The sentence employs a present active participle (τυχών) in the genitive case to form a circumstantial clause modifying the main verb (ἠλευθερώθης). This construction indicates the circumstance or means by which the action of the main verb occurred ('having met' or 'having come upon'). The verb τυγχάνω with the genitive case is idiomatic, meaning 'to meet by chance' or 'to happen upon.' The adjective ἀνοσίου (impious) modifies ἀνδρὸς (man), highlighting the moral transgression associated with the figure encountered. The sentence structure is a direct question, utilizing the adversative conjunction ἀλλά (but) to introduce a sharp contrast or follow-up inquiry, likely responding to a previous statement. The use of the aorist passive indicative (ἠλευθερώθης) suggests a completed action of liberation, the cause of which is being queried.",284
285,I have freed myself from myself easily without labor.,"The sentence employs a striking self-referential structure where the subject (αὐτός, 'I myself') and the object (ἐμαυτόν, 'myself') refer to the same entity, creating a paradoxical sense of internal liberation. The verb ἐκσώζω ('to save out' or 'deliver') takes a reflexive pronoun, emphasizing an act of self-rescue. The adverb ῥαδίως ('easily') contrasts with the noun πόνου ('labor'), modified by the preposition ἀνεύ ('without'), forming a chiasmus-like balance between ease and effortlessness in the act of self-deliverance. The use of the aorist tense (ἐξεσώσ') suggests a completed action, highlighting the immediacy and decisiveness of the speaker's liberation. This construction is typical of dramatic monologues in Greek tragedy, where characters often grapple with their own agency and identity.",285
286,Did not your hands join together in the wet snares of captivity?,"The sentence employs a rhetorical question to emphasize the inevitability of the subject's fate, likely addressing Pentheus or a follower of Dionysus. The verb συνάπτω (to join/fasten) is used in a passive sense, implying the hands were bound by an external force. The phrase δεσμίοισιν ἐν βρόχοις (in the snares of captivity) uses a metonymy where 'wet snares' (βρόχοις) refers to the bonds of imprisonment or death; the adjective 'wet' may allude to the dampness of a dungeon or the ritualistic nature of the Dionysian rites. The enclitic negative οὐδέ (not even/not) combined with the interrogative particle -δε creates a strong rhetorical emphasis, suggesting a denial of any voluntary action on the part of the subject. The dative case of δεσμίοισιν and βρόχοις indicates the instrument or location of the action. The syntax is concise, with the verb placed early to focus attention on the act of binding.",286
287,"And yet, in doing this, you have insulted him, since, thinking that he was going to bind me, you neither touched nor laid hands on us, but were fed on hopes.","The sentence employs a striking antithesis between the physical inaction of the speaker (the Theban women, implied by 'us') and the internal psychological state of the antagonist (Pentheus). The verb καθυβρίζω (to insult/outrage) carries strong connotations of hubris and sacrilege, appropriate for the context of the Bacchae where the king's failure to recognize Dionysus is framed as a religious transgression. The phrase 'neither touched nor laid hands on us' (οὔτ' ἐθίγεν οὔτ' ἥψαθ' ἡμῶν) uses a chiasmus-like structure with the negative particles οὔτε... οὔτε and two verbs of touching (θιγγάνω and ἅπτω) to emphasize the complete lack of physical contact despite the perceived threat. The final clause 'but were fed on hopes' (ἐλπίσιν δ' ἐβοσκετο) utilizes a powerful metaphor: the antagonist's mind was nourished (βοσκω) by empty expectations rather than reality. This metaphor suggests that the enemy's confidence was not based on power or action, but on a fragile, self-sustaining delusion. The use of the aorist participle δοκῶν ('thinking') contrasts with the imperfect ἐβόσκετο ('was feeding'), highlighting that the false belief was the continuous state leading up to the moment of confrontation.",287
288,"At the mangers, finding a bull whom he had brought us to chain, he cast himself down upon these snares with his knees and the hooves of his feet, expiring his spirit, dripping sweat from his body, and showing his teeth with his lips.","This sentence employs a series of present participles (εὑρών, ἄγων, ἐκπνέων, στάζων, διδούς) that create a vivid, cumulative narrative effect, layering simultaneous actions to depict the bull's final moments of resistance and death. The syntax uses a genitive absolute-like construction with εὑρών to set the scene, followed by the main verb ἐβάλλε. The phrase 'these snares' (τωῦδε περιὶ βρόχους) likely refers to the specific ropes or nooses used to restrain the animal. The description of the bull 'expiring his spirit' (θυμὸν ἐκπνέων) and 'dripping sweat' (ἰδρῶτα...στάζων) utilizes synecdoche and physical imagery to emphasize the violence and intensity of the struggle. The final image of 'showing his teeth' (ὀδοὺς διδούς) with his lips serves as a grim, visceral detail of the animal's agony. The text features a rhythmic progression of bodily fluids and parts (spirit, sweat, teeth) that heightens the dramatic tension.",288
289,"But I, standing nearby, came quietly and swiftly.","The sentence features a striking use of the aorist indicative 'ἐλευσσον' (I came/saw) which, in this context of the Bacchae, often implies a sudden or dramatic appearance rather than simple vision. The participle 'παρών' (standing by/near) functions adverbially to describe the manner of arrival, while the adverb 'πλησίον' (nearby) and the adjective 'ἥσυχος' (quietly/calmly) create a juxtaposition with 'θάσσων' (faster/swifter). This contrast between the quiet, calm demeanor and the swift motion is a common dramatic device in tragedy to highlight the uncanny or divine nature of the speaker (Dionysus). The enclitic particle 'δέ' serves to connect this statement to the preceding action, marking a shift in the narrative focus to the speaker's immediate presence. The syntax places the subject 'ἐγώ' early, emphasizing the speaker's agency in this sudden, silent, yet rapid approach.",289
290,"And at this very time, having come, Bacchus overturned the house and lit a fire upon his mother's grave.","The sentence employs a strong temporal marker (ἐν τῷδε τῷ χρόνῳ) to emphasize the immediacy and dramatic timing of the action, a common feature in tragedy to heighten tension. The use of the aorist participle ἐλθών (having come) preceding the main verbs indicates a completed action that sets the stage for the subsequent events. The syntax features a compound predicate coordinated by καί, where Bacchus performs two distinct, violent acts: 'overturning' (ἀνετίναξ') and 'lighting' (ἀνήψ'). The verb ἀνατινάσσω (to overturn, overturn violently) carries connotations of total destruction, fitting the chaotic nature of the Bacchic rites. The phrase μητρὸς τάφῳ (upon the mother's grave) utilizes the dative of place where, suggesting the specific location of the fire. The juxtaposition of the domestic sphere ('house') with the funerary sphere ('mother's grave') creates a stark contrast between the living household and death, reflecting the theme of the destruction of familial order central to the play. The sentence structure is paratactic, linking actions without subordination, which mirrors the sudden and unstoppable force of the divine intervention.",290
291,"He, however, as soon as he saw them, thinking that the house was empty, went back and forth there and there, ordering his servants to carry Achelous, and everyone was a slave in the work, laboring in vain.","The sentence employs a participial chain (δοκῶν, ἐννεπών, πων) to describe the subject's simultaneous actions and mental state, a common feature in Greek tragedy to convey rapid, chaotic movement. The phrase 'back and forth there and there' (ἔκεισε καὶ κατ' ἐκεῖσε) uses asyndeton (the omission of conjunctions between clauses or phrases, though here 'καί' is present, the rhythmic repetition creates a sense of frantic motion) and anaphora-like repetition of the adverb to emphasize the disorientation and lack of purpose. The personification of the entire group as 'everyone was a slave' (πᾶς δ' ἐν ἔργῳ δοῦλος ἦν) highlights the total subjugation of the characters to the god's will, contrasting their forced labor with the futility of their efforts (μάτην). The use of the river god Achelous as an object to be carried likely refers to a ritual or symbolic act of transport, emphasizing the absurdity or sacrilege of the situation from the perspective of the mortal characters.",291
292,"Having escaped this toil, since I have fled, a dark sword, seizing it, runs inside the house.","The sentence features a complex arrangement of participial phrases modifying the main verb 'ἵεται' (runs/goes). 'διαμεθείς' (having escaped) and 'πεφευγότος' (having fled) are both aorist active participles (the latter in the genitive absolute construction with 'ἐμοῦ'), emphasizing the speaker's successful flight. The phrase 'ὡς ἐμοῦ πεφευγότος' acts as a causal genitive absolute, providing the reason for the sword's action. The main subject is 'ξιφὸς κελαινὸν' (dark sword), with 'ἁρπάσας' (seizing) as a second aorist active participle indicating simultaneous or immediately prior action. The adjective 'κελαινόν' (dark/black) is used poetically to describe the sword, evoking imagery of blood or death, a common motif in tragic contexts. The preposition 'ἔσω' (inside) with the genitive 'δομῶν' (of the houses) indicates direction into the dwelling. The syntax creates a dramatic tension between the fleeing protagonist and the pursuing weapon, highlighting the inescapable nature of the threat despite the escape.",292
293,"And then, as it seems to me, I speak of a reputation: he has created a phantom across the courtyard.","The sentence begins with a broken utterance 'κα-' (a stutter or hesitation) followed by 'κᾆθ'' (a variant of εἶτα, meaning 'then' or 'afterwards'), indicating a sudden resumption of speech or a shift in the narrative tempo. The phrase 'ὡς ἐμοίγε φαίνεται' is a parenthetical gnomatic clause, where the enclitic '-γε' emphasizes the speaker's personal conviction. The syntax juxtaposes 'δόξαν λέγω' (I speak of a reputation) with 'φάσμ' ἐποίησεν' (he has made a phantom), creating a semantic contrast between public perception and a supernatural reality. The verb 'ἐποίησεν' (made/created) is used with 'φάσμα' (apparition/phantom) to suggest the fabrication of an illusion. The preposition 'κατ'' with the accusative 'αὐλήν' (courtyard/patio) denotes motion across or through the enclosed space of the house, a common setting for the Bacchae's mysterious activities. The sentence structure employs asyndeton between the clauses 'δόξαν λέγω' and 'φάσμ' ἐποίησεν' to accelerate the rhythm, mimicking the frantic or prophetic tone of the speaker.",293
294,"And, having rushed upon this, he struck and pierced the shining sky, as if slaughtering me.","The sentence employs a striking synecdoche where the verb 'to strike' (ἥσσε) and 'to pierce' (κακέντει) are applied to the 'shining sky' (φαεννὸν αἰθέρα). This is not a literal description of cutting the atmosphere but a poetic metaphor depicting the frenzied, violent motion of the actor (likely Pentheus or a Maenad) as they thrash about in their Bacchic madness, perhaps mimicking the act of killing a sacrificial victim or the god himself. The use of the aorist participles ὠρμημένος (having rushed) and the present participle σφάζων (slaughtering) creates a temporal layering: the physical action of thrusting is immediate, while the simile 'as if slaughtering me' provides the psychological context for the violence. The phrase 'as if slaughtering me' (ὡς σφάζων ἐμέ) is particularly dramatic, highlighting the victim's perspective (the narrator) who feels personally targeted by the chaotic, divine rage of the surroundings.",294
295,"And to these very things, Bakchios is destroying them with his own hands.","The sentence features a strong emphatic structure through the combination of the deictic pronoun οὕδε (τοῖσδ') and the intensive pronoun αὐτός (αὐτῷ), creating a rhetorical focus on the immediacy and personal agency of the action. The verb λυμαίνεται is in the present middle voice, which here carries a transitive meaning of 'to ravage' or 'to destroy,' a common usage for this deity in the context of Dionysiac frenzy. The phrase αὐτῷ... ταῦτα... ἄλλα creates a sense of total devastation, implying that not only are these specific things targeted, but all other things as well. The syntax employs a prepositional phrase (πρός) governing the dative τοῖσδ' to indicate the target of the destruction, while the subject Βάκχιος is placed prominently after the objects to emphasize the agent's identity as the source of the chaos.",295
296,He smashed the house down to the ground.,"The verb ῥήγνυμι (rhēgnymi) means 'to break' or 'to shatter' and is frequently used in tragic contexts to describe violent destruction. The sentence employs elision, where the final alpha of the accusative plural δώματα (dwomata) is dropped before the initial rho of ῥήγνυμι, written here as δώματ' ῥήξεν. The adverb χαμαζέ (chamazē) functions as an adverbial accusative of place to which, meaning 'to the ground' or 'to the earth.' The construction emphasizes the totality of the destruction, reducing the structure from a standing building to mere rubble. The rhythm of the clause, with the heavy verb followed immediately by the directional adverb, creates a forceful, decisive cadence typical of the moment of catastrophe in tragedy.",296
297,The entire thing has been shattered for one seeing my most bitter bonds.,"The verb συντεθρανωται is a perfect passive indicative, denoting a completed state resulting from a violent action; here it describes the total destruction of an object (likely a palace or altar, implied by context). The adjective ἁπαν (all/everything) functions as the subject, emphasizing totality. The construction uses a dative of reference (ἰδόντι) with a participle to mean 'for one who sees' or 'in the sight of,' highlighting the perspective of the observer witnessing the destruction. The phrase πικροτάτους δεσμούς (most bitter bonds) employs a superlative to convey the severity and emotional weight of the captivity being broken. The word order creates a chiasmus-like effect by placing the superlative adjective before the noun it modifies, which is then followed by the possessive adjective, drawing attention to the personal nature of the bonds. The particle δ' (de) serves as a connective, often used in tragedy to introduce a shift or contrast in the narrative.",297
298,"Having been exhausted by toil, the sword is set down.","The sentence employs a perfect passive participle (διαμεθείς) functioning adverbially to indicate the cause or condition under which the main action occurs. The preposition ὑπό with the genitive (κοῦπος) marks the agent of the passive participle, here personifying 'toil' or 'fatigue' as the force acting upon the subject. The main verb παρείται is a present passive indicative, suggesting a state of being placed or set down rather than the momentary action of putting. The subject ξίφος (sword) is in the nominative, but the participle agrees with it in gender, number, and case. This construction creates a vivid image of the weapon, typically an instrument of action, becoming inert and laid aside due to exhaustion, a common motif in tragedy where physical labor or battle fatigue halts martial activity. The enclitic δ' serves a connective function, linking this clause to the preceding context, likely indicating a contrast or continuation of thought.",298
299,"For being a man, he dared to come to battle.","The sentence employs a causal explanatory structure introduced by the postpositive particle γάρ ('for'), which provides the reasoning for a preceding assertion (likely regarding the man's boldness). The participle ὤν ('being'), a present active participle of εἰμί, functions as a causal adverbial modifier for the subject ἄνηρ ('man'), establishing the man's identity as the ground for his action. The verb τολμάω ('to dare') takes an infinitive complement, ἐλθεῖν ('to come'), which here denotes the act of entering into combat. The phrase εἰς μάχην ('to battle') uses the preposition εἰς with the accusative to indicate motion toward a goal. Stylistically, the sentence highlights the heroic ethos of ancient Greece, where the identity of 'man' (ἄνηρ) is intrinsically linked to the willingness to face warfare. The syntax is straightforward, yet the causal link between being a man and daring to fight underscores a cultural expectation of masculine virtue (ἀρετή) and courage in the face of danger.",299
300,"Quietly I have stepped out from the house and come to you, having paid no heed to Pentheus.","The sentence employs a participle of manner (ἡσύχως, here functioning as an adverbial adjective agreeing with the implied subject) to describe the manner of the exit, contrasting the silence of the action with the expected chaos of the Bacchic rites. The verb ἤκω (I have come) is paired with the aorist participle ἐκβὰς (having stepped out), creating a tight sequence of motion: exiting and arriving. The phrase οὐ φροντίσας (having paid no heed) is an aorist active participle in the masculine nominative, modifying the subject 'I'. This construction emphasizes the speaker's deliberate disregard for Pentheus's authority or safety. The direct address 'to you' (πρός ὑμᾶς) is followed by a sharp, detached reference to Pentheus in the genitive, highlighting the speaker's total dismissal of the king's concerns. The syntax is concise and declarative, typical of a dramatic entrance where the speaker asserts dominance through calmness and indifference.",300
301,"As it seems to me—indeed, the boots of the house are already rustling within—the door will be opened immediately.","The sentence employs a parenthetical clause (marked by dashes) that interrupts the main assertion to provide sensory evidence for the speaker's perception. The verb ψοφεῖ ('is rustling' or 'makes a rustling sound') is used here to describe the specific noise of the αὐλη (a type of soft boot or slipper, often associated with the maenads or Bacchic followers) moving inside the house. The term προνωπί᾽ is a crasis of εἰς προνώπιον, meaning 'to the doorway' or 'to the threshold.' The adverb αὐτίκα ('immediately' or 'at once') combined with the future tense of ἥξει ('will come/arrive') emphasizes the imminent arrival of the person or entity associated with the door. Stylistically, the use of the dash creates a dramatic pause, mimicking the sudden realization of the character, while the asyndeton between the parenthetical remark and the main clause heightens the sense of urgency.",301
302,"So what, then, will you say from among these things?","The sentence begins with a rhetorical question structure typical of Greek tragedy, where the speaker challenges the listener's ability to respond to a difficult situation. The particle combination 'τί ποτ' ἄρ'' (τί + ποτε + ἄρα) creates a complex interrogative force: 'τί' asks 'what', 'ποτ' (an elision of ποτέ) adds an element of uncertainty or emphasis on the timing, and 'ἄρ'' (an enclitic form of ἄρα) introduces a sense of logical consequence or inference, often translating as 'so' or 'then'. The preposition 'ἐκ' with the demonstrative 'τούτων' (neuter plural genitive of οὗτος) indicates origin or selection from a set of circumstances already established in the dialogue. The verb 'εἴπεις' (future active indicative of λέγω) is in the second person singular, addressing the listener directly. The sentence exhibits a concise, dramatic style common in Euripides, where the brevity of the question heightens the tension of the moment.",302
303,"For easily I shall carry him, and even if he comes panting, [I shall carry him] greatly.","The sentence features the adverb ραδίως (easily) modifying the future active indicative οἴσω (I shall carry), emphasizing the speaker's confidence in his physical strength or divine power. The particle γάρ provides a causal explanation for a preceding statement. The second clause introduces a concessive conditional with εἰ (implied in the contraction καὶ ἐάν, often rendered 'even if') followed by the aorist subjunctive ἔλθῃ (he comes). The participle πνέων (panting/breathing hard) describes the manner of his coming. The adjective μέγα (greatly/mightily) functions adverbially, modifying the implied action of carrying in the second clause, creating a contrast between the ease of the first action and the potential difficulty of the second, yet asserting dominance regardless. The syntax reflects the dramatic confidence of the speaker, likely Dionysus, asserting his power over the situation.",303
304,For one must practice sound judgment alongside a wise man.,"The sentence employs the preposition 'πρός' (pros) with the genitive case ('σοφοῦ ἀνδρός') to denote proximity or association, implying that wisdom is cultivated through close association with the virtuous. The verb 'ἀσκεῖν' (to practice/exercise) governs the accusative object 'εὐεργησίαν' (beneficence/dispensing of good), modified by the adjective 'σώφρονα' (sound-minded/temperate). The particle 'γάρ' (for) indicates that this statement provides a causal explanation or justification for a preceding argument. The adjective 'σώφρονα' (temperate) is in the accusative feminine singular to agree with 'εὐεργησίαν', highlighting that true beneficence must be grounded in self-control and moderation. The phrase 'πρός σοφοῦ ἀνδρός' suggests a pedagogical or moral context where character is shaped by the company one keeps, a common theme in Greek ethical thought.",304
305,I have suffered terrible things.,"The verb πεπόρθα is a perfect active indicative first person singular of πασχω, conveying a state resulting from a past action, often translated as 'I have suffered' or 'I am in a state of having suffered.' The adjective δεινά, agreeing in case, number, and gender with the implied neuter plural object of the verb, means 'terrible things,' 'horrible events,' or 'dreadful things.' This construction highlights the emotional weight of the speaker's experience, a common theme in tragedy. The use of the perfect tense emphasizes the lasting impact of the suffering, while the neuter plural adjective suggests a series of horrific events rather than a single occurrence.",305
306,"The stranger has escaped me, he who was just now compelled by shackles.","The verb διαπεφεύγε is a perfect active indicative (3rd person singular) of διαφεύγω, conveying a present state resulting from a past action: 'has escaped' or 'is now gone.' The perfect tense here emphasizes the current reality of the stranger's absence despite his previous captivity. The participle κατηναγκασμένος (perfect passive participle) agrees with the relative pronoun οὗς, describing the stranger's prior state of being forced. The dative plural δεσμοῖς functions as an instrumental dative, indicating the means ('by shackles') by which the compulsion was effected. The adverb ἄρτι ('just now' or 'very recently') creates a sharp temporal contrast between the immediate past constraint and the present escape. Stylistically, the sentence employs a delayed subject structure: the main clause places the object (μ') before the subject (ὁ ξένος), creating a dramatic emphasis on the speaker's loss ('escaped me') before revealing the identity of the escaped party. This is followed by a relative clause that redefines the subject, a common feature in tragic dialogue to heighten irony or tension.",306
307,Ho! Ho!,"This sentence consists of the vocative particle 'ἔα' (ē) repeated twice, a common exclamation in Greek tragedy used to summon a deity or express intense emotion. The repetition functions as an intensifier, emphasizing the urgency or ecstasy of the speaker's state. In the context of Euripides' Bacchae, this exclamation is typically associated with the maenads (Bacchic followers) entering a state of divine frenzy, calling upon Dionysus or expressing their ecstatic devotion. The use of asyndeton (the omission of conjunctions) between the two identical words creates a rhythmic, chant-like quality that mirrors the ritualistic nature of the cultic practices described in the play.",307
308,This is a man.,"The sentence utilizes the demonstrative pronoun 'ὅδε' (this), which functions here as the subject of the copular verb 'ἐστὶν' (is). The noun 'ἁνήρ' (man) serves as the predicate nominative, completing the identification. In the context of the 'Bacchae', this brief, declarative structure often serves as a moment of recognition or revelation, where the speaker points out the identity of a figure, stripping away disguise or mystery. The syntax is a classic equational sentence (Subject + Copula + Predicate Nominative), common in Ancient Greek for defining or identifying entities. The use of 'ὅδε' rather than a simple article or pronoun draws immediate attention to the specific individual being indicated.",308
309,What are these things?,"The sentence consists of two nominative pronouns, τί (interrogative 'what') and τάδε (demonstrative 'these things'), functioning together as the subject of an implied copula (to be). The enclitic particle -δε attached to τάδε indicates proximity, suggesting the speaker is pointing to objects or a situation immediately before them. The syntax relies on the omission of the verb 'is/are' (ἐστίν), a common feature in Greek for creating a sense of immediacy, shock, or urgent inquiry. The rhetorical effect is one of sudden discovery or bewilderment regarding an unfamiliar presence or event.",309
310,"How does one appear with a front-facing face before my own house, having gone outside?","The sentence employs a striking paradox through the juxtaposition of 'proōpios' (with a face turned forward/towards the front) and 'exō' (outside). The speaker questions the impossibility or absurdity of someone presenting themselves as if they belong inside (facing the house) while simultaneously being outside. The use of the perfect participle 'bebōs' (having gone) emphasizes the completed state of being outside, contrasting with the 'proōpios' descriptor which implies a posture of entry or greeting. The phrase 'pros oikois tois emois' (towards my houses) uses the dative plural, a common construction in Greek for direction towards a location, here emphasizing the proximity to the speaker's domestic space. The rhetorical question underscores the speaker's disbelief at the audacity or confusion of the intruder's position.",310
311,"Plant your foot, and lay down your angry foot in quiet repose.","The sentence employs a striking chiasmus through the repetition of 'foot' (πόδ', πόδα) surrounding the contrasting states of 'anger' (ὀργῆ) and 'quiet' (ἡσύχον). The imperative verbs (στήσον, ὑπόθεσθαι) are in the aorist, indicating a sudden, decisive command. The phrase 'lay down your angry foot' is a metonymy where the foot represents the bearer's stance or movement, suggesting a shift from a position of rage to one of calm. The asyndeton is avoided here with the conjunction δ', which links the two imperatives while emphasizing the contrast in the clauses. The use of the accusative 'ποδ' (foot) as the direct object for both verbs highlights the physical act of stopping and then settling. The sentence captures the transition from the frenzied state of Dionysian worship to a moment of controlled stillness, a common theme in the Bacchae where the boundary between order and chaos is fluid.",311
312,"From where did you, having escaped your chains, cross the boundary?","The sentence features a present active participle (διαφυγών) in the nominative singular masculine, agreeing with the subject σύ, which functions adverbially to indicate the means or prior action relative to the main verb (περάς). The adverb ποθεν ('from where') is fronted for emphasis, creating a dramatic interrogative opening typical of Euripidean tragedy. The use of the perfective sense in the participle (having escaped) contrasts with the immediate action of the main verb (crossed), highlighting the suddenness of the escape. The preposition έξω ('outside') combined with the verb περάω ('to cross/go beyond') emphasizes the transgression of a sacred or physical limit, a common motif in the Bacchae where boundaries between order and chaos, city and wilderness, are challenged.",312
313,I did not say — or did you not hear? — that someone will release me?,"This sentence features a parenthetical interruption marked by dashes, a rhetorical device that mimics the spontaneous flow of spoken dialogue and allows the speaker to challenge the listener's perception of reality. The verb 'εἶπον' (I said) is followed by an indirect question introduced by 'ὅτι' (that), yet the syntax shifts into a direct rhetorical question ('ἠ οὐκ ἤκουσας') within the parenthesis, creating a dramatic effect of urgency. The use of the future indicative 'λύσει' (will release) indicates an imminent action, while the indefinite pronoun 'τις' (someone) adds a sense of mystery or inevitability regarding the agent of the release. The sentence structure employs asyndeton in the main clauses (omitting conjunctions between the main statement and the parenthetical question), enhancing the rapid, agitated tone characteristic of Euripidean tragedy.",313
314,Who?,"The word τίς (tis) is an interrogative pronoun in the nominative singular, masculine or feminine (gender is indeterminate here without context, though often masculine in general questions). In this specific instance, it stands alone as a sentence, functioning as a subject with an implied verb of being or asking (e.g., 'Who is it?' or 'Who said that?'). This usage is characteristic of tragic dialogue, where characters often speak in fragments to convey sudden shock, fear, or urgent inquiry. The syntax is elliptical, omitting the verb entirely, which creates a sharp, dramatic pause. The question mark in the source text reflects the interrogative force, though in Ancient Greek manuscripts, punctuation was not standardized; modern editors insert it to clarify the tone. The lack of a verb emphasizes the immediacy and isolation of the questioner's state of mind.",314
315,For you bring in new words always.,"The sentence employs the particle γάρ (for), indicating that this clause provides a causal explanation or justification for a preceding statement. The verb εἰσφέρεις (you bring in) is in the present indicative active, second person singular, suggesting an ongoing action or a characteristic behavior of the addressee. The adjective καινούς (new) modifies λόγους (words/speeches), emphasizing the novelty or innovation of the language being used. The adverb αἰεί (always) modifies the verb, highlighting the continuous nature of this action. The syntax is straightforward, with the object λόγους followed by its modifier καινούς, and the adverb αἰεί placed at the end for emphasis. This structure is typical of conversational or dramatic dialogue in Ancient Greek, where causal particles and adverbs are used to clarify the speaker's intent and the context of the action.",315
316,He who cultivates the many-fruiting vine for mortals.,"This fragment employs the relative pronoun ὅς (who) to introduce a clause describing a deity or figure associated with viticulture. The adjective πολύβοτρυν (many-fruiting or bearing many clusters) is a compound epithet characteristic of poetic diction, emphasizing the abundance and fertility of the vine. The noun βροτοῖς (for mortals) is in the dative case functioning as a dative of advantage (or purpose), indicating that the cultivation of the vine is intended for human benefit. The syntax is paratactic, presenting a defining characteristic of the subject without a finite verb in the main clause if this were part of a larger hymn or description, though here φυεῖ acts as the predicate. The imagery evokes the cultural centrality of Dionysus and the vine in Greek religious life, where the 'many-fruiting' vine symbolizes both physical sustenance and divine gift.",316
317,,"The provided input 'G?' with the POS tag 'z--------' and relation 'GAP' indicates a textual corruption or a placeholder in the source dataset rather than a valid Ancient Greek sentence. The character 'G' is not a Greek letter, and the tag 'z' typically denotes an unknown or unparseable character in morphological analysis. Consequently, no translation, gloss, or linguistic analysis can be performed as the sentence does not exist in the original text of Euripides' Bacchae.",317
318,You have shamed Dionysus with this noble deed.,"The verb ὀνειδίζω (to reproach, shame, or insult) takes a double accusative construction here: the object being shamed (Διονύσω, though marked as dative in the tree, the context and standard usage with this verb often imply the person affected, or it may be a specific textual variation where the accusative is implied or the dative functions as a dative of disadvantage) and the means or matter of the shame (τοὐ̔το καλόν). The phrase 'this noble deed' (τοὐ̔το καλόν) functions as an ironic oxymoron; the speaker is highlighting the tragic discrepancy between the perceived nobility of the action and the sacrilegious nature of shaming a god. The particle δή adds emphasis or assertiveness to the accusation, translating roughly as 'indeed' or 'truly.' The syntax relies on the accusative of respect or means implied by the adjective καλόν modifying the pronoun, creating a powerful rhetorical contrast between the 'noble' (καλόν) and the 'shameful' act of offending the divine.",318
319,I command every tower to be called out within the circle.,"The sentence employs an accusative and infinitive construction (ἀκόλουθος) following the verb of commanding (κελεύω). The subject of the infinitive κληεῖν is the accusative noun πύργον, creating a passive sense ('to be called out') despite the infinitive's active form, which is a common feature in commands involving third parties. The prepositional phrase εἰν κύκλῳ specifies the spatial boundary of the action, likely referring to the circular orchestra of a theater or a ritual space, adding a sense of enclosure and order to the command. The use of πᾶντα (every) emphasizes the totality of the towers involved, suggesting a comprehensive announcement or inspection.",319
320,What then?,"This is a classic example of a short, elliptical question common in Greek tragedy, particularly in dialogue. The particle δέ (here appearing as δ') is an enclitic connective that often adds a nuance of transition, contrast, or continuation ('and', 'but', 'then', 'now'). In this specific context, it elevates the simple interrogative τί (what?) into a rhetorical inquiry, implying 'What is the situation now?' or 'What is the next development?'. The brevity of the sentence creates a dramatic pause, allowing the audience to anticipate a shift in the plot or a new revelation. The syntax is simple, with τίς functioning as the subject (nominative neuter singular), though the verb 'is' is omitted, a feature known as ellipsis.",320
321,Do not the gods even cross over walls?,"The sentence features the emphatic negative particle οὐχ before the verb, which in a question often carries a strong rhetorical force implying that the answer is an obvious 'yes.' The adverb καί (here translated as 'even') adds emphasis to the object τείχη (walls), highlighting the transgressive nature of the gods' actions against human fortifications. The syntax is a direct interrogative with the verb preceding the subject, a common feature in Greek questions. The use of θεοί (gods) as the subject emphasizes their power over human defenses, a recurring theme in the Bacchae where the god Dionysus and his followers defy social and physical boundaries.",321
322,"You are wise, wise; yet you must be wise.","The sentence employs anaphora through the repetition of 'σοφοὺς' (wise) for emphatic effect, immediately followed by the adversative particle 'πλήν' (yet/however) to introduce a sharp distinction between the current state of wisdom and the necessary state. The construction 'δεῖ' + accusative of the person ('σ'') + infinitive ('εἶναι') is a standard periphrastic construction expressing necessity or obligation. The shift from the nominative 'σοφοὺς' (predicate adjective agreeing with the subject 'σύ') to the accusative 'σοφόν' (predicate adjective agreeing with the subject of the infinitive, also 'σ'') highlights the grammatical transition from stating a fact to defining a requirement. The punctuation (comma and period) marks the pause after the emphatic repetition and the finality of the obligation.",322
323,But it is most of all this thing that I was born wise.,"The sentence employs a striking hyperbolic declaration of innate wisdom, a common trope in Greek tragedy where characters assert their nature as a fixed, unchangeable reality. The syntax is notable for the use of the verb 'φύω' (to be born/grow) in the aorist indicative active ('ἔφυν'), which, unlike the present tense, emphasizes the completed act of birth or the inherent nature acquired at that moment. The adjective 'σοφός' (wise) functions as a predicate nominative, describing the subject's essential state at birth. The sentence begins with the particle 'ἃ' (but/and), often used in dramatic dialogue to mark a sharp turn or a rebuttal to a preceding argument. The phrase 'ταῦτ’' (this thing) is placed immediately before the verb for emphasis, creating a focal point that highlights the specific nature of the speaker's identity. The adverb 'μάλιστα' (most of all/especially) intensifies the claim, suggesting that among all possible attributes, wisdom is the defining characteristic. The construction 'ἃ δεῖ ... ταῦτ’ ... ἔφυν' creates a sense of inevitability, as if the speaker is stating a cosmic truth about their own existence.",323
324,"First learn the words of that man, who stands outside the border to bring you a message.","The sentence employs a temporal sequence marked by the aorist participle ἀκούσας ('having heard') preceding the aorist imperative μάθε ('learn'), creating a logical dependency where the learning is conditioned upon prior auditory reception. The adjective πρῶτα ('first') functions adverbially to prioritize this action. The relative clause introduced by ὃς ('who') modifies κείνου ('that man'), with the verb πάρεστιν ('is present/stands') used in a locative sense to indicate the messenger's position at the boundary (ὄρους). The phrase ἀγγελῶν τι σοι ('to bring you a message') uses the future active participle ἀγγελῶν with the accusative τι ('something') and dative σοι ('to you'), a construction typical of indirect communication or mission statements. The syntax reflects the dramatic convention of a character being instructed to receive information from a boundary figure, emphasizing the liminal space between the domestic sphere and the outside world.",324
325,But we shall remain here for you; we shall not flee.,"The sentence employs a strong contrast between staying and fleeing to emphasize loyalty and resolve. The particle 'δέ' (but/however) marks a distinct shift or continuation of the speaker's stance against an implied previous action or expectation. The use of the future indicative in 'μενοῦμεν' (we shall remain) and 'φευξοῦμεθα' (we shall flee) expresses a firm declaration of intent rather than simple prediction. The negative 'οὐ' is used with the future tense to deny the action of fleeing. The sentence structure features a paratactic coordination of two main clauses separated by a comma, creating a rhythmic emphasis on the speaker's steadfastness. The context suggests a dramatic moment of defiance or reassurance, typical of the heightened emotional states found in Euripides' tragedies, where characters often declare their unwavering stance in the face of divine or mortal pressure.",325
326,"I come, strengthening myself with this land of Thebes, having abandoned Cithaeron, so that the beams of the snow may never rise from the white snow.","The sentence opens with a present participle (κρατύνων) used as a predicate of manner, where the speaker (Dionysus) metaphorically 'strengthens' or 'empowers' himself through the very land he is about to conquer. This is followed by a perfect participle (ἐκλιπών) indicating an action completed prior to the main verb (ἥκω), establishing the spatial contrast between the mountain (Cithaeron) and the city (Thebes). The purpose clause introduced by ἵν' (that) contains a striking oxymoron: the speaker wishes that the 'beams' (βολαί) of 'white snow' (λευκῆς χιόνος) never rise. This refers to the snow on Cithaeron, which, in the context of the play, symbolizes the cold, sterile, and hostile environment of the mountain that the Theban king Pentheus (and his followers) are associated with. The phrase 'beams of snow' is a poetic metonymy for the snow itself or the light reflecting off it. The syntax employs a clear juxtaposition of the fertile, living city of Thebes against the barren, frozen peak of Cithaeron, reinforcing the thematic conflict between the wild, chaotic forces of nature (Dionysus) and the rigid, sterile order of the city. The use of the aorist subjunctive (ἀνεῖσαν) in the purpose clause is standard for expressing a desired future result.",326
327,"Have you arrived, adding what kind of urgency to your speech?","The sentence features a present active participle (προστιθείς) functioning adverbially to describe the manner of the arrival, implying that the urgency is being added simultaneously with the arrival. The interrogative adjective ποιάν (what kind of) emphasizes the nature or intensity of the haste (σπουδήν). The construction uses the genitive λόγου (of speech/log) to specify the domain of the speech, a common usage in dramatic dialogue to question the appropriateness or intensity of a speaker's delivery. The particle δέ (de) acts as a connective, often used in dramatic exchanges to transition between speakers or to introduce a new thought with a slight adversative or continuative force.",327
328,"Having seen the Bacchic mistresses, who with the gadfly of frenzy have struck the white neck of this land with spears, I have come to declare to you and to the city, lord, what terrible things they do, and [things] stronger than wonders.","The sentence opens with a temporal participle (εἰσιδών, 'having seen') that sets the scene for the speaker's arrival, creating a dramatic link between the observation of the Bacchic rites and the urgent mission. The clause describing the Bacchae (αἳ...ἐξηκόντισαν) utilizes a vivid metaphor: the 'gadfly' (ὄστροισι) represents the divine madness or frenzy of Dionysus that drives the women to violence. The verb ἐξηκόντισαν ('have struck with spears') is used metaphorically here to describe the physical and psychological devastation inflicted upon the city (γῆς) and its inhabitants, specifically targeting the 'white neck' (λευκὸν κῶλον), a poetic synecdoche for the vulnerable upper body or the city's nobility/leadership. The phrase 'stronger than wonders' (θαυμάτων τε κρείσσονα) employs a comparative adjective (κρείσσονα) that suggests the actions of the Bacchae surpass even the most miraculous feats, emphasizing their terrifying, supernatural power. The structure features a clear asyndeton in the final clause ('terrible things... and stronger than wonders'), where the coordinating particle τε links the adjectives without a conjunction, adding to the rhythmic intensity and the sense of overwhelming horror. The vocative 'lord' (ἄναξ) directly addresses Pentheus, highlighting the tragic irony of the speaker delivering a warning to the very man who will soon be the victim of the very frenzy he despises.",328
329,"But I wish to hear whether I should speak frankly to you about those matters, or whether we should send a message.","The sentence presents a choice between two actions connected by the correlative conjunction 'η' (or). The verb 'παρρησία φράσω' employs a specific idiom where the abstract noun 'παρρησία' (frank speech, boldness, freedom of speech) functions as an adverbial modifier to the verb 'φράσω' (I will tell/speak). This usage highlights the cultural concept of 'parrhesia,' a significant social and rhetorical practice in ancient Greece denoting the duty or right to speak the truth openly, often to a superior or in a dangerous context. The verb 'στελλόμεθα' (we should send/send forth) is used metaphorically here for sending a messenger or a message, a common practice in ancient communication to avoid direct confrontation or to convey sensitive news. The sentence structure is a direct question embedded within a statement of desire ('θέλω...'), creating a moment of deliberation typical of dramatic dialogue where a character weighs the risks of direct speech against the safety of indirect communication.",329
330,"For I fear the speed of your mind, king, and your quick temper and your royal nature too much.","The sentence employs a direct address (vocative 'ἄναξ') which interrupts the flow of the main clause, creating a moment of deference amidst fear. The adverb 'λίαν' (too much/excessively) modifies the entire preceding coordinate structure ('τοῦ ξύθυμον καὶ τὸ βασιλικόν'), emphasizing the overwhelming nature of these traits. The phrase 'τοῦ ξύθυμον' (the quick temper) and 'τὸ βασιλικόν' (the royal nature) are abstracted as neuter singular adjectives functioning as nouns, a common feature in Greek where qualities are personified or treated as concrete entities. The use of 'γάρ' at the beginning indicates that this statement provides the reason for a preceding action or sentiment, likely explaining why the speaker is hesitant or cautious. The syntax highlights the tension between the king's mental agility ('τάχος... φρενῶν') and his emotional volatility ('ξύθυμον'), suggesting a complex power dynamic where the speaker is both respectful and apprehensive.",330
331,"Speak, that you may be entirely innocent from me.","The sentence begins with a second-person singular aorist imperative (λέγ') used as a hortatory command, followed by a final clause introduced by ὡς (that/in order that) which takes the future indicative (ἔσῃ) to express the intended result of the command. The adjective ἄθωος (innocent, guiltless) functions as a predicate nominative linked to the subject of the subordinate clause. The preposition ἐκ (from) with the genitive pronoun ἐμοῦ (me) specifies the source from which innocence is to be derived, implying a separation of guilt or responsibility. The adverb πᾶντως (entirely, wholly) intensifies the state of innocence. Stylistically, the elision of the final sigma in λέγ' is a common feature of spoken or dramatic Greek to maintain the metrical flow or mimic natural speech patterns. The construction reflects a dramatic context where a character is urged to assert their blamelessness to distance themselves from a specific accusation or association.",331
332,For it is not necessary for the just to be angry.,"The sentence utilizes a neuter singular predicate adjective (χρεῶν, 'it is necessary') governing an infinitive (θυμοῦσθαι, 'to be angry') as its logical subject, with the dative of the person for whom the necessity applies (τοῖς δικαίοις, 'for the just'). The adverb οὐχί negates the necessity. The particle γάρ indicates that this statement provides a reason or justification for a preceding argument, a common feature in the dramatic dialogue of Euripides where characters appeal to moral or natural law. The phrase τοῖς δικαίοις functions as a substantive dative, referring to those who are righteous or just. The structure emphasizes the incompatibility of anger with the nature of the just person.",332
333,"And whatever things you may speak more terrible than the Bacchants, to that very extent will I add this justice against the one who has devised these arts for women.","The sentence utilizes a correlative comparative construction (ὅσος... τοσούσδε... μάλλον) to establish a proportional relationship: the severity of the speech is directly matched by the severity of the punishment. The construction ὅσος ἄν with the subjunctive (εἴπη) introduces a relative clause of indefinite time or condition ('whatever things you may speak'). The adjective δεινότερα (more terrible/awe-inspiring) modifies the implied neuter plural object of the relative clause, emphasizing the transgressive nature of the speech. The phrase τὸν ὑποθέντα τὰς τέχνας γυναιξί refers to the act of inventing or introducing specific rituals or 'arts' (τέχναι) for women, a central conflict in the play regarding the introduction of foreign cult practices. The verb προσθήσομεν (I will add) takes διδῶ (justice) as an adverbial accusative, indicating the nature of the penalty being imposed. The sentence structure is formal and judicial, employing a solemn tone appropriate for a threat of legal retribution in a dramatic context.",333
334,"The herds were just now grazing near the crags of the calves when the sun, warming the earth, sends forth its rays.","This sentence employs a participle of time (ἠνίκα) to juxtapose the pastoral activity of the herds with the celestial action of the sun. The verb ἀγελαῖα (flock-like) functions as an attributive adjective modifying βοσκήματα (flocks/cattle), emphasizing the collective nature of the animals. The phrase μόσχων (of calves) in the genitive case modifies λέπας (crag), creating a synecdoche where the young animals define the location, a common feature in pastoral poetry. The present tense ἐξίησι (sends forth) is used within a temporal clause referring to the same moment as the imperfect ὑπεξήκριζον (were grazing), highlighting the continuous, habitual nature of the sun's action against the specific, ongoing action of the herds. The participle θερμαίνων (warming) is in the nominative singular masculine, agreeing with ἤλιος (sun), and adds a descriptive layer to the sun's action, emphasizing the life-giving heat. The sentence structure avoids asyndeton, using conjunctions and particles to create a smooth, flowing rhythm typical of tragic choral odes or descriptive passages.",334
335,"I see three thiasoi of women's choruses, of which the first was led by Autonoe, the second by my mother Agave, and the third by Ino.","This sentence exhibits a clear tripartite structure (tricolon) marked by the ordinal adjectives (first, second, third) and the correlative particles μέν and δέ, which organize the list rhythmically. The genitive relative pronoun ὧν (of which) introduces a participial clause that distributes the leadership of the choruses among three female figures from the Theban royal house. The phrase θιάσους... χορῶν uses a hendiadys-like construction where 'thiasoi' (Bacchic retinues) and 'choruses' are closely linked to emphasize the ritual nature of the groups. The possessive adjective σός (your/my) attached to Agave's name reflects the speaker's direct address to a specific audience (likely Pentheus), highlighting the familial connection and the tragic irony of the scene. The syntax employs a paratactic listing style common in Greek tragedy for dramatic enumeration.",335
336,"And all of them slept with their bodies leaning: some, having leaned their backs against a fir branch, seeking safety; others, having cast their heads casually upon the ground amidst oak leaves, with modesty, not as you say, that they were hunted through the forest by Cypria while drunk on goblets and the noise of lotus.","The sentence employs a clear chiastic structure in the description of the sleeping maenads: the first group leans 'against' (πρός) a tree with their 'backs' (νωτ), while the second group casts their 'heads' (καρα) 'upon' (πρός) the ground. The contrast between the 'fir' (ἐλάτης) and the 'oak' (δρυός) further emphasizes this symmetry. The adverb 'εἰκῇ' (casually/randomly) modifies the action of casting down the head, while 'σώφρονως' (with modesty/restraint) creates an ironic juxtaposition, as the maenads are typically associated with ecstatic abandonment; here, their 'modesty' is a facade or a specific contrast to the 'drunken' state of the hunt they are denying. The clause 'οὐχ ὡς σὺ φῄς' (not as you say) introduces a direct rebuttal to an interlocutor's accusation. The accusation itself describes a hunt (θηρᾶν) of Cypris (Aphrodite/Cypria) characterized by intoxication (ῥωμενάς from οἶνος) and the noise of lotus plants (λωτοῦ ψόφω), which are likely symbolic of the wild, chaotic nature of the Bacchic rites the speaker is contrasting with the peaceful, restful sleep of the women. The use of the participle 'ἡρημωμένας' (desolate/abandoned) suggests the maenads are being accused of being left in a state of desolation or perhaps hunted into a state of ruin, contrasting with the speaker's portrayal of their peaceful slumber.",336
337,"And her mother wailed while standing among the middle of the Bacchae, to stir her body from sleep, just as she heard the bellowing of the horn-bearing oxen.","The sentence employs a participle of place (σταθεισα) to establish the physical setting of the subject's action, creating a vivid tableau of the mother positioned centrally within the throng of devotees. The infinitive clause (κινειν δεμας) expresses the purpose of the wailing, highlighting the transition from a state of rest (sleep) to action. The simile introduced by ως (just as/as) connects the mother's vocalization to the animalistic sounds of the oxen, a key motif in the cult of Dionysus where the god is often associated with the bull and his followers mimic his sounds. The phrase κεροφορων βοων (horn-bearing oxen) uses a descriptive genitive to characterize the source of the noise, evoking the chaotic and primal atmosphere of the maenadic rites. The sentence structure moves from the specific action of the mother to the auditory trigger, emphasizing the sensory overload of the scene.",337
338,"And having cast off the fresh sleep of their eyes, they stood upright, a marvel to behold: young and old maidens still untouched.","The sentence employs a vivid contrast between the states of slumber and wakefulness through the verb ἀποβαλοῦσαι (having cast off) and the adjective θαλερόν (fresh/lively), suggesting a sudden, energetic awakening. The phrase θαυμ' ἰδεῖν (a marvel to see) functions as an exclamation emphasizing the visual impact of the scene. The core stylistic feature is the chiasmus-like juxtaposition in νεαὶ παλαιαὶ παρθένοι (young and old maidens), which creates a balanced, comprehensive description of the chorus, encompassing the entire spectrum of female youth. The term ἀζύγες (untouched/unyoked) is a metaphor for virginity, implying the maidens are not yet 'yoked' to a husband, a common metaphor in Greek culture for marriage. The sentence structure uses a participial phrase (ἀποβαλοῦσαι) to set the temporal context for the main verbs (ἀνῆξαν and ὀρθαί), creating a fluid narrative of transition from sleep to alertness.",338
339,"First, they lowered their hair onto their shoulders, and drew up the fawn-skins, from which the fastenings of the knots had been loosened, and they girded their spotted hides around themselves with snakes licking their chins.","This passage describes the ritualistic transformation of the Maenads (Bacchic followers) into a wild, untamed state. The syntax employs a series of coordinated verbs (καθεισαν, ανεστειλανθ', κατεζωσαντο) to create a rapid, rhythmic depiction of their actions, mirroring the frenzied energy of the rites. The use of the aorist tense for the main verbs emphasizes the completeness and immediacy of these transformations. The phrase 'snakes licking their chins' (οφεσι λιχμωσιν γενυν) utilizes a striking image of nature being tamed and integrated into the divine possession; the snakes are not merely present but are actively participating in the Maenads' attire, symbolizing the blurring of boundaries between human, animal, and divine. The term 'nebridas' (fawn-skins) is a specific cultural marker of the Maenads, representing their rejection of civilized clothing in favor of the raw materials of the wild. The description of the knots being loosened (sun-desmos elelyto) suggests a deliberate undoing of order and constraint, a prerequisite for the divine frenzy. The sentence structure moves from the hair (a symbol of beauty and order) to the skin (protection and wildness) and finally to the snakes (danger and divine power), creating a cumulative effect of increasing intensity.",339
340,And those who had abandoned their infants while their breasts were still flowing with milk fed the gazelle and the wolf cubs with white milk in their arms.,"This sentence depicts the Bacchic Maenads engaging in a paradoxical act of nurturing wild animals (gazelles and wolf cubs) while simultaneously abandoning their own human offspring, a central motif of the Dionysian frenzy in Euripides' play. The participle ἔχουσαι (holding/carrying) is governed by the dative of means αγκαλῃσι (in their arms), emphasizing the physical intimacy of the act. The relative clause introduced by ὅσαις (those to whom) is modified by the adjective νεοτόκοις (newly-lambing/child-bearing), which functions as a substantive to describe the women. The verb σπαργῶν (flowing, gushing) is a present participle describing the state of the μαστός (breast), suggesting an unnatural abundance of milk that is redirected away from the biological children. The syntax relies on a complex participial construction where λιποῦσαις (having abandoned) qualifies the subject of the relative clause, creating a stark contrast between the care given to wild beasts and the neglect of human infants. The use of the article οἱ (implied in the participle structure) and the specific listing of animals highlights the inversion of natural order characteristic of the Bacchic rites.",340
341,"And they placed ivy wreaths, and oak wreaths, and wreaths of flowering bindweed.","The sentence employs asyndeton within the list of materials (implied by the use of τε...τε...), though the text explicitly uses τε to coordinate the nouns. The verb ἐθέμεν (aorist middle of τίθημι) is used here in a ritual context, indicating the act of adorning oneself or an altar. The specific plants mentioned—ivy (κισσίνους), oak (δρυός), and flowering bindweed (μίλακος ἀνθεσφόρου)—are all associated with Dionysiac cult practices. Ivy is the primary sacred plant of Dionysus, while oak and bindweed are also linked to his worship, often appearing in garlands (στεφάνους) worn by maenads or used in processions. The adjective ἀνθεσφόρος (flower-bearing) is a compound epithet typical of poetic diction, emphasizing the vitality and seasonal abundance of the bindweed. The structure uses a paratactic list to convey a sense of ritual abundance and variety without hierarchical distinction between the materials.",341
342,"Someone, taking a thyrsus, struck it against a rock, from which a dewy moisture of water gushed forth.","The sentence employs a participle (λαβούσ' from λαμβάνω) functioning adverbially to indicate the manner or accompanying action of the main verb (ἔπαισεν). The indefinite pronoun τις ('someone') creates a sense of anonymity, focusing the narrative on the miraculous event rather than the actor. The relative adverb οὖθεν ('from which') links the second clause causally to the first, establishing the rock as the source of the miracle. The adjective δροσώδης ('dewy') is a notable poetic choice, often associated with the cool, refreshing nature of spring or the divine, contrasting with the hardness of the rock. The verb ἐκπηδάω ('to leap out' or 'gush forth') personifies the water, suggesting a sudden, vigorous, and perhaps divine emergence from the stone. The syntax moves from a human action to a natural, supernatural reaction, highlighting the power of Dionysus (implied by the thyrsus) over nature.",342
343,"Another rush has fallen to the earth, and this spring has been burst open by the god of wine.","The sentence describes a miraculous event characteristic of Dionysiac theophany, where natural elements are violently transformed. The verb καθῆκε (from καθίημι) denotes a falling or sinking action, here implying the sudden collapse of a plant (narthex) onto the ground, while ἐξανῆκ' (from ἐξανίημι) indicates a bursting forth or breaking open, describing the spring's eruption. The construction employs asyndeton in the first clause followed by the coordinating conjunction καὶ in the second, creating a rhythmic juxtaposition of two divine acts. The phrase 'the god of wine' (οἴνου θεός) is a periphrasis for Dionysus, emphasizing his elemental power over the vine and liquid. The use of 'another' (ἄλλη) suggests a sequence of miracles, implying that this event is part of a series of supernatural manifestations. The syntax highlights the agency of the divine, with the god as the subject of the second clause acting upon the spring, while the first clause presents the rush as an object of the falling action, possibly implying a passive divine influence or a direct divine command.",343
344,"For those women to whom desire for white wine was present, they held the swarms of milk to be squeezed out with their fingertips upon the earth.","This sentence features a relative clause introduced by the dative plural relative pronoun 'ὅσαις' (to whom/for which), which agrees in case, number, and gender with the implied antecedent 'women' (θυγατέρες or similar) understood from the context of the Bacchae. The verb 'παρῆν' (was present) takes 'πόθος' (desire) as its subject, a common construction where an abstract noun is the subject of 'to be present' or 'to be at hand.' The main clause uses the imperfect 'εἶχον' (they held/kept), indicating a continuous or habitual action in the narrative past. The phrase 'διαμῶσαι' is an aorist infinitive of purpose or result, meaning 'to squeeze out,' governed by the verb 'εἶχον' in a construction where the subject holds something in order to do something. The instrument 'ἄκροισι δακτύλοισι' (with their fingertips) is in the dative case, a standard usage for means or instrument. The noun 'ἑσμοὺς' (swarms) is used metaphorically here to describe the flowing streams of milk, evoking the imagery of a multitude or a dense flow, which is a vivid poetic device characteristic of Euripides' depiction of Dionysian rites. The phrase 'χθόνα γάλακτος' (earth of milk) uses a genitive of material or content, emphasizing the abundance of the divine substance covering the ground. The sentence structure is complex, combining a relative clause with a main clause that includes an infinitive of purpose and instrumental dative, creating a rich, descriptive image of the Maenads' ecstatic actions.",344
345,And streams of sweet honey dripped from the ivy thyrsi.,"The sentence describes a miraculous phenomenon characteristic of Dionysiac rites, where the sacred thyrsi (staffs topped with ivy) exude honey. The adjective γλυκεῖαι (sweet) modifies ῥοαί (streams), emphasizing the pleasurable and divine nature of the substance. The preposition ἐκ (from) indicates the source of the flow, highlighting the ivy-covered thyrsi as the vessel of this supernatural gift. The use of the imperfect ἔσταζον (were dripping) suggests a continuous, ongoing action, fitting the ecstatic atmosphere of the scene. The conjunction δέ (and) serves to link this event to preceding actions, maintaining the narrative flow. The imagery of honey flowing from sacred objects underscores the abundance and fertility associated with Dionysus.",345
346,"So, if you were present, you have blamed this god with prayers, since you have come to look upon these things.","The sentence opens with the causal conjunction ὥστε (hōste), often translated as 'so' or 'therefore,' indicating a conclusion drawn from previous context. The particle εἰ (ei) introduces a conditional clause ('if you were present'), utilizing the aorist indicative παρήσθα of παρείμι to denote a past state or presence. The main clause features the present indicative ψέγεις ('you blame'), suggesting an ongoing action of reproach. The verb μετῆλθες ('you have come') is in the aorist indicative of μετέρχομαι, governing the dative of means εὐχαῖσιν ('with prayers'), which here likely refers to the prayers or offerings made by the speaker or the audience, which the addressee is criticizing. The participle εἰσιδὼν ('having looked at' or 'seeing') is aorist active, modifying the subject of μετῆλθες and providing the reason for the arrival. The demonstrative pronoun τάδε ('these things') refers to the immediate scene or events currently unfolding, likely the presence of Dionysus or the phenomena associated with his cult. The syntax creates a logical progression: the condition of presence leads to the observation of current events, which in turn prompts the act of blaming the deity through prayer. The use of the present tense for 'blaming' amidst aorist verbs for 'coming' and 'seeing' highlights the continuous nature of the accusation in contrast to the completed act of witnessing.",346
347,"We, herdsmen and shepherds, have gathered together, having given one another a quarrel over common words, in order that we might perform terrible deeds and be worthy of wonders.","The sentence features a participial phrase (δώσοντες, 'having given') functioning adverbially to explain the manner or circumstance of the main verb (ξυνήλθομεν, 'we have gathered'). The construction uses the dual sense of 'quarrel' (ἔριν) over 'common words' (κοινῶν λόγων) to suggest a conflict arising from shared discourse or reputation. The clause introduced by ὡς ('that' or 'in order that') with the subjunctive δρῶσι and the adjective ἐπάξια ('worthy') indicates purpose or result. The pairing of 'terrible deeds' (δεινὰ) and 'worthy of wonders' (θαυμάτων ἐπάξια) creates a chiasmus-like balance in the final clause, emphasizing the dramatic and paradoxical nature of the actions being described. The use of asyndeton between βουκόλοι and ποιμένες (herdsmen and shepherds) highlights the collective identity of the speakers without the need for a conjunction between the two nouns, though they are linked by καὶ later in the sentence structure.",347
348,"And a wanderer through the city, and a beggar in words, spoke to everyone.","This sentence employs a striking rhetorical contrast through the juxtaposition of 'πλάνης' (a wanderer or vagrant, often implying someone without a fixed home) and 'τρίβων' (a rough, patched cloak, metonymically representing a beggar or a person of low status). The construction 'λογῶν' (of words) attached to 'τριβῶν' creates a unique metaphorical image: just as the cloak is worn and tattered, so too are the words 'worn'—suggesting speech that is rough, unrefined, or perhaps paradoxically, speech that is the only possession of the speaker. The sentence uses asyndeton (the omission of a conjunction between the two subjects in the second clause is implied by the repeated 'καί' acting as a coordinator for the subjects) to list these two distinct figures as if they are one entity or a single phenomenon. The verb 'εἶπεν' (here 'εἶλεξεν' from λέγω, though the form is archaic or dialectal, likely meaning 'spoke' or 'declared') is in the aorist, indicating a completed action. The phrase 'εἰς ἅπαντας' (to everyone/all) emphasizes the universality of the message, contrasting with the humble, marginal status of the speaker. This imagery is highly characteristic of the Dionysiac theme in Euripides' 'Bacchae', where the god appears in disguise as a foreigner, often associated with wandering and poverty, yet possesses divine authority.",348
349,"Living in the venerable rocks of the mountains, do you wish to hunt Pentheus' mother Agave from the Bacchic revelries, and shall we offer a gift to the Lord?","The sentence features a striking juxtaposition between the sacred dwelling of the Maenads ('venerable rocks') and their violent intent ('hunt'). The verb 'θηρασώμεθα' (we hunt) is used in a metaphorical sense, treating the mother as prey. The phrase 'ἐκ βακχευμάτων' (from the Bacchic revelries) suggests a separation between the sacred frenzy and the act of violence. The sentence employs a rhetorical question structure, inviting agreement or highlighting the absurdity of the situation. The use of 'χάριν' (gift/favor) with the dative 'ἀνάκτι' (to the Lord) indicates a sacrificial offering, likely referring to the intended sacrifice of Pentheus. The sentence ends with a question mark, indicating uncertainty or a challenge to the audience.",349
350,"And it seemed good to us to speak; and we have concealed them in the thickets, hiding them from the leaves.","The sentence exhibits a clear asyndetic structure in the first clause (indicated by the initial particle εὖ and the connective δέ joining the two main clauses) which creates a rhythmic pause between the decision to speak and the action taken. The verb δοκέω is used impersonally with the dative of the experiencer (ἡμῖν), a common construction for expressing opinion or judgment. The verb ἐλλοχίζομεν (we lie in ambush/hidden) is a rare compound form derived from ἔλλοχος, suggesting a deliberate act of concealment. The participle κρύψαντες (having hidden) functions adverbially to explain the manner of the concealment, while the prepositional phrase φοβαῖς (from φοῦβα, 'leaves' or 'foliage') indicates the location or medium of hiding. The use of the reflexive pronoun αὐτούς (themselves) implies the subjects are hiding themselves or perhaps the objects of their previous action, though in this context, it likely refers to the Bacchic followers or the speaker's own group concealing their presence. The sentence employs a chiastic arrangement in the second clause, where the action (concealing) is placed between the location (thickets) and the object (themselves), emphasizing the act of hiding.",350
351,"And at the appointed hour she began to shake the thyrsus for the rites of Bacchus, calling forth with a loud voice Iacchus, the son of Zeus, Bromius.","The sentence utilizes a participle of means (καλούσαι, 'calling') to describe the manner in which the action of the main verb (ἐκίνουν, 'began to shake/move') is performed. The adjective ἀθρόος ('loud', 'gathered', 'thick') modifies στόματι ('mouth'), a dative of respect or instrument, emphasizing the volume or intensity of the vocalization rather than just the physical location. The triple naming of the deity—Ἰάκχον (Iacchus), Γόνον Διός (son of Zeus), and Βρόμιον (Bromius)—serves as a hendiadys-like accumulation of epithets that highlights the various aspects of the god's identity: the processional guide (Iacchus), the divine lineage (son of Zeus), and the ecstatic, intoxicating power (Bromius). The phrase τὴν τεταγμένην ὥραν (the appointed hour) suggests a ritualistic precision, indicating that the rites are performed at a specific, sacred time. The verb ἐκίνουν here implies a rhythmic, perhaps dancing, motion of the thyrsus, a staff topped with ivy or pine cones, which is central to the Dionysian cult.",351
352,"And the whole mountain, along with the wild beasts, was in a Bacchic frenzy; nothing was motionless in the rush.","The sentence employs the verb συνβακχεύω (synbakcheuō), a compound verb meaning 'to join in Bacchic frenzy' or 'to rave like a Bacchus devotee,' which is thematically central to the play's depiction of Dionysiac possession. The syntax features a compound subject ('the whole mountain' and 'the beasts') united by και (kai), illustrating the chaotic blurring of boundaries between the natural world and the divine madness. The second clause utilizes a negative indefinite pronoun οὐδέν (oudén) as the subject with the copula ἦν (ēn) and the predicate adjective ἀκίνητον (akīnēton, 'motionless'), creating a strong emphatic negation of stillness. The genitive/dative form δρόμῳ (drómōi) functions as an adverbial of manner or respect, specifying that the motionlessness was absent specifically 'in the rush' or 'during the running.' The sentence exhibits a rhythmic progression from the collective movement of the landscape and animals to the universal negation of rest, enhancing the sense of uncontrollable, pervasive energy.",352
353,"Agave runs near, ruling over me.","The sentence employs a present participle (θρωσκούσα) that functions adverbially to modify the main verb (κυρεῖ), creating a dynamic sense of simultaneous action: Agave is both ruling and approaching. The verb κυρεῖ (from κυρέω) typically means 'to rule' or 'to have power over,' but in this specific tragic context, it carries the grim irony of a mother unknowingly exercising dominion over her son, whom she is about to kill. The adverb πλησίον (near) emphasizes the physical proximity of the approaching figure, heightening the dramatic tension. The genitive pronoun μου (me) indicates the object of Agave's 'rule' or 'sovereignty,' which is tragically ironic given the context of the play, where she has just killed her son thinking he was a lion. The sentence structure, with the participle placed after the subject and before the object, creates a rhythmic flow that mimics the swift movement of the character.",353
354,"Ah, ah! I too jumped out, wishing to snatch you away, having emptied the thicket where I had hidden my body.","The sentence begins with a stuttered repetition of the particle 'καί' (here written as 'κα- κἀ'), indicating a sudden, breathless interruption of speech, likely caused by the speaker's hurried movement or emotional state. The verb 'ἐκπηδάω' (to jump out) combined with the purpose clause introduced by 'ὡς' (in order to) followed by the aorist infinitive 'συναρπάσαι' (to snatch together) conveys an urgent, physical action. The participle 'θέλων' (wishing) modifies the main verb, explaining the intent behind the leap. The phrase 'λοχμὴν κενώσας' (having emptied the brush/thicket) uses the aorist active participle to indicate an action completed prior to the main verb, emphasizing the swift clearing of the hiding place. The relative clause 'ἐνθ' ἔκρυπτόμην δέμας' (where I had hidden my body) uses the imperfect passive 'ἐκρυπτόμην' to describe a continuous or habitual state in the past, contrasting with the sudden action of the main clause. The use of 'δέμας' (body) rather than 'σῶμα' adds a slightly more poetic or physical nuance, often associated with the visible, tangible form. The sentence structure employs a combination of participial phrases to layer actions and intentions, creating a dynamic and immediate narrative voice.",354
355,And she cried out.,"The sentence utilizes the enclitic particle δέ ('and/but'), which here functions as a connective marker to advance the narrative sequence, often translated as 'and' in English to indicate a new action in the story. The subject is the feminine singular pronoun ἡ (ὁ with rough breathing), referring to a female character previously mentioned in the context (likely Agave or the Maenads). The verb ἀνεβοάω is in the aorist indicative active, third person singular. The aorist tense here presents the action as a single, completed event within the narrative flow, emphasizing the suddenness of the cry. In the context of the Bacchae, this verb is frequently used to describe the ecstatic, piercing shouts of the Maenads or the god himself, conveying a sound that is loud and resonant.",355
356,"Oh, running dogs, we are yours, let us hunt these men!","The sentence opens with the vocative interjection 'ὦ' (oh), emphasizing a passionate address. The speaker uses the epithet 'δρομάδες' (running ones) to describe 'κύες' (dogs), a metaphorical self-reference often used by the Maenads (Bacchic followers) to depict their frenzied, animalistic state. The genitive possessive 'ἐμαί' (ours) is placed immediately after the vocative 'ὦ' for emphasis, creating a chiastic-like structure in the opening phrase. The verb 'θηρώμεθ' is in the present middle/passive imperative (or hortatory subjunctive) form, suggesting a collective call to action: 'let us hunt.' The preposition 'ὑπό' (by/under) with the genitive 'ἀνδρῶν' (men) indicates the agents of the action, implying that the dogs are hunting these specific men. The phrase 'τῶνδ' ἀνδρῶν' (these men) uses the demonstrative 'οὗτος' (this) to point to a specific group, likely the audience or characters present. The sentence exhibits a strong use of anaphora in the vocative and the repeated emphasis on the identity of the speakers as dogs, reinforcing their transformation and loss of human restraint.",356
357,"But follow me, follow me, armed with thyrsi through your hands.","The sentence employs epizeuxis (immediate repetition) of the verb 'follow' (ἕπεσθε) to create an urgent, rhythmic imperative, characteristic of the Bacchic command. The phrase 'armed with thyrsi through your hands' (θυρσοῖς δια χειρῶν ὀπλισμέναι) utilizes a genitive of separation (δια + genitive) to indicate the means or instrument of the action, highlighting the physical manner in which the followers carry their sacred staffs. The participle 'armed' (ὀπλισμέναι) is feminine plural, agreeing with the implied female followers (Maenads), and functions adverbially to describe the state of the subjects as they obey the command. The use of the aorist imperative ἕπεσθε conveys a sense of immediate action required by the deity.",357
358,"We, therefore, having fled the frenzy of the Bacchae, came to the heifers grazing on the green grass, with hands that bore no iron.","The sentence employs a striking contrast between the violent 'frenzy' (σπαραγμόν) of the Bacchic rites and the pastoral peace of the heifers grazing (νεμομέναις). The participle φευγόντες (having fled) functions adverbially, indicating the manner or circumstance of the action. The phrase χειρὸς ἀσιδήρου μετὰ (with hands without iron) is a poetic periphrasis for 'unarmed'; the iron here alludes to weapons, emphasizing the Thyiads' (Bacchic followers) transition from a state of terror or flight to a state of ritual purity or peacefulness. The structure relies on the correlative conjunctions μέν...δέ to juxtapose the two distinct groups: 'we' (the fleeing ones) and 'the [heifers]'. The use of the aorist indicative (ἐξηλύξαμεν, ἐπῆλθον) marks completed actions, while the present participles (φευγόντες, νεμομέναις) describe the ongoing state associated with those actions. The syntax highlights the physical state of the speakers' hands as a defining characteristic of their encounter.",358
359,"And you would carry that one, a straight-timbered pine, crying out, in your hands without, but the others carried heifers in their torn limbs.","This sentence exhibits a clear contrastive structure marked by the particles μέν and δέ, which separate two distinct actions: the individual carrying of a pine tree versus the collective carrying of heifers. The verb προσειδές is in the aorist optative, indicating a potential or hypothetical action within a larger context of ritual description. The participle μυκωμένην (crying out) is feminine singular, agreeing with πορίν (pine), attributing a vocal quality to the inanimate object, a common personification in ritual contexts where sacred objects are treated as animate participants. The phrase διὰ χερῶν (in your hands) uses the dative of instrument, emphasizing the physical act of carrying. The second clause shifts to the imperfect διεφορούν, suggesting an ongoing or repeated action by the group (αἱ ἄλλαι). The word σπαραγμασιν (torn limbs) is in the dative plural, likely functioning as an adverbial of manner or accompaniment, describing the state of the heifers or the manner in which they were carried. The sentence employs asyndeton in the listing of actions, enhancing the rhythmic flow typical of Euripidean tragedy. The use of πορίν (pine) and δαμάλας (heifers) reflects the ritualistic elements of the Bacchic cult, where natural objects and animals are central to the worship of Dionysus.",359
360,"Have you seen, then, how we cast the two-wheeled tub into the air, both up and down?","This sentence features a vivid description of ritualistic or theatrical movement, likely referring to the swinging of a basket or tub (the 'two-wheeled tub' or δίχηλον) during the Dionysian rites. The phrase 'up and down' (ἄνω τε καὶ κάτω) employs a common adverbial pair that creates a sense of dynamic, oscillating motion, emphasizing the erratic and ecstatic nature of the dance. The use of the aorist imperative εἶδες with the particle ἄν creates a rhetorical question inviting the listener to witness the spectacle. The participle ῥιπτόμεν (casting, throwing) is in the present tense, suggesting an ongoing or repeated action within the context of the narrative, adding to the immediacy of the scene. The sentence structure is direct and rhythmic, reflecting the frenzied energy of the Bacchic cult.",360
361,"And they stood suspended under fir trees, smeared with blood.","The sentence employs a striking visual juxtaposition characteristic of Euripidean tragedy, contrasting the static, suspended state of the bodies with the visceral imagery of blood. The verb ἔσταζ' (from ἐνσταζω) is used here in a rare sense meaning 'to stand suspended' or 'to hang,' often implying a state of being fixed in place, which complements the participle κρεμαστα (suspended/hanging). The participle ἀναπεφυρμέν' (smeared/spattered) functions adverbially to describe the condition of the suspended figures. The use of the dative case for αἵματι (blood) without a preposition is typical for indicating the material or substance with which something is covered. The conjunction δέ serves to connect this scene to the preceding narrative, likely describing the aftermath of a violent act. The imagery of bodies hanging from fir trees (ἐλαταῖς) evokes a ritualistic or sacrificial context, common in the mythological themes of the Bacchae, where the natural world is often imbued with divine or horrific significance.",361
362,"But bulls, the bullies, with horns full of fury, struck their bodies against the earth before them, being led by countless hands of maidens.","The sentence employs a striking synecdoche in 'myriad hands of maidens' (μυριασὶ χειρῶν νεανίδων) to represent the entire group of Bacchic followers, emphasizing the overwhelming force of the female entourage. The participle θυμουμένους ( θυμοῦμενοι in the text, likely a textual variant or specific manuscript form of θυμούμενοι) functions as an adverbial modifier describing the state of the bulls—frenzied or enraged. The phrase κακὰς κεράς (literally 'bad horns') uses the adjective κακός in a sense of 'dangerous' or 'harmful' rather than merely 'bad,' highlighting the lethal intent of the animals. The construction 'struck their bodies' (δέμας ἐσφάλλοντο) is a vivid physical description of the bulls' violent impact with the ground, a common motif in descriptions of frenzied ritual behavior. The use of the dative plural μυριασὶ (myriad) with the genitive χειρῶν (hands) and νεανίδων (maidens) creates a dense, rhythmic phrase that mirrors the chaotic movement of the scene. The sentence also features a subtle chiasmus in the structure of the participial phrases, enhancing the dramatic tension.",362
363,"They were constantly bringing flesh to be put on, rather than joining your eyelids with the royal maidens.","This sentence features a sharp contrast between two actions: the futile or excessive activity of 'bringing flesh' (σαρκὸς ἐνδυτά) and the more intimate, human action of 'joining eyelids' (ξυναψαι βλέφαρα). The phrase 'βασιλείοις κόραις' (with the royal maidens) likely alludes to the maenads or the daughters of Cadmus, suggesting a loss of human dignity or a regression to a wild, animalistic state. The use of the comparative adverb 'θάσσον' (faster/more frequently) with the imperfect verb 'διεφοροῦντο' (they were carrying) emphasizes a continuous, frantic motion. The construction 'ἢ' (or/rather) introduces a rhetorical correction, highlighting what the subject *should* be doing versus what they *are* doing. The phrase 'ἐνδυτά' (to be put on) functions as an adverbial accusative of respect or purpose, modifying the action of carrying. The imagery of eyelids joining suggests sleep, intimacy, or perhaps the closing of eyes in death or madness, contrasting with the physical labor of handling flesh.",363
364,"They move as birds, having risen, with a running of the plains' slopes, which by the streams of Asopus cast forth the fruitful ear of the Thebans.","This sentence employs a simile introduced by ὥστε (here written as ὥστ') to describe the movement of the Bacchic followers (implied by the verb χωροῦσι). The phrase αἱ παρ' Ἀσωποῦ ῥοαῖς refers to the specific geographic location of the Asopus river near Thebes, a common setting in the play. The syntax features a relative clause (αἵ) modifying the preceding noun phrase, with the verb ἐκβάλλουσι (cast forth) agreeing with the relative pronoun. The use of εὐκάρπον (fruitful/abundant) modifies στάχυν (ear of grain), creating a metaphorical image where the movement of the maenads is likened to birds scattering or producing grain, symbolizing fertility or perhaps the chaotic abundance of the Dionysian cult. The genitive plural Θηβαίων (of the Thebans) acts as a possessive or partitive genitive, indicating the origin or ownership of the grain. The sentence structure utilizes a participial phrase (ἀρθεισαι) to describe the state of the birds, adding a layer of dynamic imagery to the comparison.",364
365,"And the Hyasians and Erythraeans, who dwell beneath the crag of Cithaeron, were such that, when they had rushed upon them, they were carrying everything up and down.","The sentence employs a complex structure where a relative clause (αἳ, referring to the women of Hyas and Erythrae) modifies the subject of the main clause, which is then linked to a result clause introduced by ὥστε. The phrase 'beneath the crag of Cithaeron' (Κιθαιρῶνος λέπας νέρθεν) evokes the specific geographical and mythological setting of the play, associating the women with the wild, mountainous terrain associated with Dionysus. The verb ἐπεισπίπτωσα (having rushed upon) combined with διεφέρον (were carrying/carrying off) suggests a chaotic, violent motion. The sentence features a chiasmus in the final adverbial phrase: 'up and down' (ἄνω τε καὶ κάτω), which emphasizes the disorder and totality of the action, as if the women were overturning the natural order. The use of the aorist participle ἐπεισπίπτουσαι indicates a completed action that precipitates the continuous action of the main verb διεφέρον.",365
366,They were snatching the children from the houses.,"The verb ἁρπάζω (harpazō) denotes a violent, sudden seizure or snatching, often implying force and lack of consent. The particle μέν (men) here sets up a contrast with a subsequent clause (which is absent in this fragment), a common syntactic feature in tragic dialogue to indicate an action that is part of a larger, unfolding sequence of events. The preposition ἐκ (ek) with the genitive plural δόμων (domōn) emphasizes movement out from within the domestic sphere, highlighting the intrusion of violence into the private home. The phrase depicts a scene of chaos and terror, typical of the Bacchae's portrayal of the madness inflicted upon the house of Cadmus.",366
367,"However, as many things as they placed upon their shoulders, they did not bring them forth under the bondage of chains, nor did they fall to the dark ground, neither bronze nor iron.","This sentence employs a powerful anaphora of the negative particle οὐ (ou) to create a rhythmic, incantatory effect, emphasizing the complete absence of physical restraints. The syntax features a correlative structure where the relative clause (ὅσα δ'...) governs the actions of the main clause, listing items placed on shoulders. The phrase 'dark ground' (μέλαν πεδόν) is a poetic epithet often used in tragedy to evoke the gloom of the underworld or a desolate landscape. The final clause, 'neither bronze nor iron,' uses asyndeton (the omission of conjunctions) to list materials, suggesting that no metallic force, whether traditional weapons or shackles, was present to bind the subjects. The use of the dual or plural forms implies a collective group, likely the followers of Dionysus, moving in unison without the encumbrance of physical fetters.",367
368,"They brought fire upon the locks, but it did not burn.","This sentence exhibits a striking juxtaposition between action and result, emphasizing the supernatural nature of the scene. The phrase 'ἐπὶ δὲ' (upon and) connects the action to the subject's hair, while the use of the aorist 'ἔφερον' (they brought) contrasts with the imperfect 'ἔκαιεν' (it was burning/used to burn), highlighting the continuous failure of the fire to consume. The enclitic '-δ' (δέ) serves a copulative function, linking the two clauses. The syntax here relies on the omission of the subject in the second clause, which is understood from the context. The literary device at play is the paradox of fire failing to burn, a common motif in Greek tragedy to signify divine intervention or protection.",368
369,"But they, carried by the Bacchants, marched into arms, driven by anger.","The sentence utilizes a double passive construction with the preposition 'ὑπό' (by/under) to indicate agency in two distinct layers: the subject is 'carried' (φερόμενοι) by the Bacchants, and the motivation for this movement is 'anger' (ὀργῆς). The phrase 'εἰς ὄπλ' (into arms) is a metonymy where 'arms' (ὅπλα) stands for the state of being armed or the battlefield itself. The participle 'φερόμενοι' (being carried) functions as an adverbial modifier of manner or cause for the main verb 'ἐχώρουν' (they were marching/moved). The sentence exhibits a rhythmic quality typical of tragic iambic trimeter, with the repetition of 'ὑπό' creating a structural parallel that emphasizes the dual forces of divine possession (the Bacchants) and internal emotion (anger) propelling the characters.",369
370,"This was the fearful spectacle to behold, lord.","The sentence employs a hyperbaton where the adjective δεινόν ('fearful' or 'awesome') is separated from its head noun θεάμα ('spectacle') by the verb ἦν ('was'), a stylistic device often used in tragic dialogue to emphasize the emotional weight of the adjective. The neuter plural relative pronoun οὗπερ (here appearing as οὗπερ in the text, though grammatically neuter singular in function referring to a preceding situation) acts as a demonstrative adverbial connector meaning 'this very thing' or 'for this reason,' pointing back to the preceding action. The construction uses two subjects for the copula: the noun θεάμα and the infinitive ἰδεῖν ('to see'), creating a hendiadys-like effect where the abstract concept of the 'spectacle' and the act of 'seeing' are combined to describe the magnitude of the event. The vocative αἰξ ('lord' or 'master') addresses the king, likely Pentheus, underscoring the dramatic irony of the moment as he is forced to witness the divine power he sought to deny. The term δεινόν carries a double meaning in Greek tragedy, referring both to the terrifying nature of the sight and the awe-inspiring power of the gods.",370
371,"For they did not strike with a spear-pointed dart, but those women, having drawn back their thyrsi, wounded men as they fled and struck them from behind, not without some god's aid.","The sentence employs a 'men... de...' (on the one hand... but on the other) construction to contrast the absence of traditional weaponry (the spear-pointed dart) with the actual, terrifying weapons used by the Bacchae (the thyrsus). The participle 'ἐξανιεῖσαι' (having drawn back/reared back) describes the preparatory action before the verbs 'ἐτραυμάτιζον' and 'κἀπενώτιζον'. The verb 'κἀπενώτιζον' (to strike from behind) is particularly vivid, emphasizing the ambush nature of the attack and the panic of the fleeing men ('φυγῇ'). The phrase 'οὐκ ἄνευ θεῶν τινος' (not without some god) serves as a crucial theological qualifier, reminding the audience that the violence, though performed by human women, is divinely orchestrated by Dionysus. The syntax uses a gnomic or explanatory 'γαρ' (for) to introduce the reasoning for the preceding context (the madness of the women). The juxtaposition of 'γυναῖκες' (women) and 'ἄνδρας' (men) highlights the subversion of gender roles and social order, a central theme in the play.",371
372,"And again we retreated from the place where we first set foot, the springs to which the god himself had opened the way.","The sentence features a relative clause (ἀς... θεός) modifying 'springs' (κρήνας), which functions as an appositive to 'foot' (πόδα) in a metonymic sense: the physical act of stepping is associated with the location (the springs) where the deity performed a miracle. The use of the aorist indicative ἀνῆκ' (he opened/loosed) contrasts with the imperfect ἐχώρουν (we were retreating), highlighting a completed divine action versus a continuous human response. The phrase 'where we first set foot' (ὅθεν ἐκίνησαν πόδα) is a vivid expression of departure, emphasizing the reversal of direction (πάλιν). The reflexive pronoun αὐτὰς and αὐταῖς refers back to the springs, reinforcing the connection between the physical location and the divine intervention. The sentence exemplifies the use of the dative of advantage (ἀνῆκ' αὐταῖς) to denote the purpose or benefit of the action. The overall tone reflects the tension between human movement and divine power, a recurring theme in the Bacchae.",372
373,"They washed off the blood, and with their tongues the snakes polished the drops from their cheeks, making the skin gleam.","The sentence employs a chiasmic structure in its verbal actions and objects: the first clause involves washing away blood (νίψαντο αἷμα), while the second involves polishing off drops (στάγονα ἐξεφαίδρυνον) from the cheeks using the tongue (γλώσσῃ). The use of the dual or plural form of the snakes (δράκοντες) suggests a collective action, likely referring to the serpents associated with Dionysus in the Bacchae. The term 'στάγονα' (drops) is used to describe the blood that has been removed, emphasizing the liquid nature of the substance. The verb 'ἐξεφαίδρυνον' (they made bright or polished) is a compound verb that conveys the idea of restoring the skin to its original luster, which is a common motif in Greek literature to signify purification or renewal. The sentence also features asyndeton in the first clause, where the conjunction is omitted, creating a sense of immediacy and continuity in the actions described.",373
374,"So, whoever this god may be, welcome him to this city, O master.","The sentence features the particle οὖν (so/then), indicating a logical conclusion or transition in the dialogue. The relative clause ὅστις ἐστίν ('whoever this may be') functions as a parenthetical description of the deity, emphasizing the speaker's uncertainty regarding the god's specific identity while still acknowledging his divine nature. The vocative δεσπότα ('O master') is used to address the addressee with a tone of deference and authority. The verb δέχου ('welcome') is in the present imperative, second person singular, conveying a direct command or exhortation. The dative πόλει ('to the city') indicates the recipient of the action, while τηῖδ' ('this') is a demonstrative adjective agreeing with πόλει, pointing to the immediate context. The syntax reflects a common pattern in Greek tragedy where the speaker acknowledges the mystery of the divine while taking decisive action.",374
375,"Such is the greatness of the other things, and they say that he too gives to men the pain-stopping vine, as I hear.","The sentence employs a complex syntactic structure where the main clause (φασιν... δοῦναι) is interrupted by an indirect statement introduced by ὡς. The adjective παυσίλυπον (pain-stopping) is a compound adjective frequently associated with Dionysus in tragedy, highlighting his role as a provider of relief from human suffering through wine. The phrase κα- κἀκεῖνό represents a form of asyndeton (the omission of a conjunction) or a stylistic variation of καί... καί, where the first καί is elided or attached to the following word (κἀκεῖνό), emphasizing the addition of this specific attribute to the general greatness mentioned earlier. The use of ἐγὼ κλύω (as I hear) serves as a parenthetical assertion of the speaker's source, a common rhetorical device in choral odes to ground mythological claims in communal knowledge or tradition. The word order places the subject of the infinitive δοῦναι (ἀὐτόν, referring to Dionysus) before the object (τὴν παυσίλυπον ἄμπελον), creating a slight emphasis on the agent performing the gift.",375
376,"But since wine is no longer present, there is no Venus, nor any other pleasure for people at all.","This sentence employs a causal construction where the genitive absolute 'οἴνου δὲ μηκέτ' ὄντος' (since wine is no longer present) sets the condition for the main clause. The negation is emphatic, utilizing both 'οὐκ' and 'οὐδὲ' to deny the existence of both the goddess of love (Kypris/Venus) and any other form of pleasure, creating a comprehensive exclusion. The use of 'μηκέτι' (no longer) alongside 'οὐκέτι' (not anymore) in similar contexts often marks a turning point from a state of abundance to one of deprivation. The term 'Κύπρις' is a common epithet for Aphrodite, here representing the essence of erotic pleasure and merriment. The phrase 'τέρπνον οὐδὲν' (no pleasure at all) reinforces the total desolation of the scene. The sentence structure moves from a specific cause (lack of wine) to a general effect (absence of all joy), highlighting the cultural belief in Dionysian wine as the source of divine inspiration and human delight.",376
377,"I fear to speak free words to the tyrant, but nevertheless they will be spoken.","This sentence employs a strong contrast between the speaker's internal hesitation and the inevitable public utterance. The structure relies on the adversative conjunction 'ἀλλ' (but) combined with the adverb 'ὅμως' (nevertheless), creating a rhetorical tension that emphasizes the speaker's courage despite fear. The phrase 'λόγους ἐλευθέρους' (free words) is a significant political idiom in Greek tragedy, denoting speech that is frank, unreserved, and potentially seditious or dangerous when directed at a tyrant. The syntax features a chiasmus-like balance between the active fear of speaking ('ταρβῶ ... εἰπεῖν') and the passive certainty of the words being spoken ('εἴρησεται'), highlighting the tension between human agency and fate. The shift from the first-person singular present indicative ('ταρβῶ') to the third-person singular future passive indicative ('εἴρησεται') serves to depersonalize the act of speaking in the second clause, suggesting that the truth or the words themselves possess an autonomy that transcends the speaker's fear.",377
378,Dionysus was born inferior to no god.,"The verb ἐφύ (from φύω, 'to bring forth' or 'to be born') is used in the aorist indicative active, signifying the moment of birth or origin. The construction employs a double negative logic: 'inferior to no god' (οὐδενὸς θεῶν) effectively asserts that Dionysus is superior to or equal to all other deities. The genitive plural θεῶν functions as an attribute modifying οὐδενὸς, specifying the group to which the comparison applies. This sentence highlights the unique status of Dionysus as a god who, unlike many other divine figures who were mortals elevated to divinity, was born directly as a god, asserting his inherent supremacy within the divine hierarchy.",378
379,"Already this is near, so that the fire of the bacchants' outrage is kindled, a great reproach against the Greeks.","The sentence employs a result clause introduced by ὥστε (hōste) with the indicative mood, indicating a factual consequence rather than a potential one. The subject of the main clause is the neuter demonstrative τοῦτο (τοδ'), which refers to the situation or the approach of the god Dionysus. The verb ὑφαπτεται (hyphaptetai) is a middle/passive form meaning 'is kindled' or 'is set alight,' often used metaphorically for the ignition of conflict or passion. The noun ὕβρισμα (hybrisma) denotes an act of outrageous insult or hubris, specifically linked here to the Bacchae (βακχῶν). The phrase ψόγος εἰς Ἕλληνας (reproach against the Greeks) serves as an appositive to the preceding situation, emphasizing the shame brought upon the Greek world by the actions of the followers of Dionysus. The use of the present tense in the result clause underscores the immediacy of the action. Stylistically, the sentence uses asyndeton (the omission of conjunctions) between the main clause and the appositive phrase, creating a punchy, emphatic effect that heightens the dramatic tension.",379
380,But one must not hesitate.,"The sentence features a concise, imperative tone conveyed through the impersonal verb δει (deei), meaning 'it is necessary' or 'one must,' which governs the present infinitive οκνειν (oknein, 'to hesitate'). The particle αλλ' (all', 'but') serves as a strong adversative conjunction, often used in dramatic dialogue to signal a shift in argument or to urge immediate action against previous inaction or doubt. The negative οὐκ (ouk) negates the infinitive, creating a direct prohibition against hesitation. Stylistically, the brevity of the sentence, lacking a subject noun, emphasizes the urgency and universality of the command, a common feature in the choral odes or monodies of Euripidean tragedy where the speaker addresses the audience or the chorus with moral or pragmatic imperatives. The structure reflects a typical gnomic or exhortative formula found in Greek literature.",380
381,Go to the gates of Electra!,"The verb 'στεῖχ'' is a present imperative second person singular, functioning as a direct command. The preposition 'ἐπ'' (epi) with the accusative case 'πύλας' (pulas) indicates motion towards a specific location. The participle 'ἰὼν' (iōn), derived from 'ἔρχομαι' (to come/go), acts as an adverbial modifier of manner or accompaniment, effectively meaning 'while coming' or 'on your way to,' though in this imperative context it reinforces the immediate direction of the movement. The phrase 'Ἠλέκτρας πύλας' utilizes the genitive of possession to specify the location. The sentence exhibits a concise, urgent tone typical of dramatic dialogue, where the speaker directs another character to a specific, culturally significant location (the gates of the house of Electra, often associated with the tragic house of Atreus in Greek mythology). The use of the participle alongside the imperative creates a slight asyndetic flow, emphasizing the immediacy of the action without additional conjunctions.",381
382,"Order all spear-bearers and all riders of swift-footed horses and all shield-bearers who wield spears, and all who with their hands pluck the strings of bows, so that we may march against the Bacchants.","This imperative sentence employs a complex accumulation of military terminology to evoke a comprehensive mobilization of forces. The syntax features a series of coordinated objects governed by the verb κελεύε (order), joined by enclitic -τε (rendered as τ' and θ'), which creates a rhythmic, urgent cadence typical of military commands. The text utilizes a chiastic-like structure in the description of the archers: 'hands' (χείρι, dative of instrument) is paired with 'strings' (νεύρας, accusative object), emphasizing the physical action of playing the bow. The verb ψάλλω here carries the specific technical meaning of plucking or twanging a string, distinct from its musical usage. The relative clause οἵοι πάλλουσι ('who wield/shake') modifies the shield-bearers, while a second relative clause (implied with οἵοι) modifies the archers, creating a parallel structure between the spear-armed and the bow-armed. The final clause introduced by ὡς (so that) expresses the purpose of this assembly, using the future indicative ἐπιστρατεύσομεν to denote the impending campaign against the followers of Dionysus.",382
383,"No, for these things exceed [bounds]; if we are to suffer anything from women, [then] we suffer what we suffer.","The sentence opens with a strong negative particle (οὐ) followed by γάρ, creating a corrective tone that rejects a previous implication. The verb ὑπερβάλλει (exceeds/overflows) is used metaphorically to suggest that the current situation surpasses the normal or acceptable limits of experience. The clause introduced by εἰ (if) presents a conditional scenario: if suffering is to come from women (πρὸς γυναικῶν), it is inevitable. The structure of the second clause employs a form of tautology or emphatic repetition (παθόντες ὅπαθον, though here simplified as αἴ πασχομεν), reinforcing the idea of inescapable fate. The use of γυναικῶν (women) in the plural with the preposition πρός (towards/from) highlights the collective nature of the threat, likely alluding to the Maenads or female followers of Dionysus. The sentence demonstrates a dramatic shift from assertion to conditional resignation, typical of tragic dialogue where characters confront the overwhelming power of the divine.",383
384,"Do not persuade me, Pentheus, by listening to my words.","The verb πείθω (peithō) here functions as a present imperative, though the form πείθη is technically the present imperative 2nd person singular active. In this context, it carries the nuance of 'do not be persuaded' or 'do not yield.' The construction employs a negative imperative with οὐδέν (oude n), literally 'nothing,' which functions as an adverbial accusative of respect, intensifying the negation to mean 'by no means' or 'in no way.' The participle κλύων (kluōn) is a present active participle in the nominative masculine singular, agreeing with the implied subject of the imperative (Pentheus), and functions adverbially to indicate the means or manner: 'by listening.' The word order creates a chiastic effect with the vocative Πενθεύς (Pentheus) placed after the participial phrase, emphasizing the personal address. The phrase τῶν ἐμῶν λόγων (tōn emōn logōn) uses the genitive of the participle's object, indicating the content of what is being heard. This sentence exemplifies the dramatic tension in Euripides' Bacchae, where Pentheus is urged to abandon his rational skepticism in favor of accepting the divine power of Dionysus.",384
385,"Suffering wrongly towards you, however, I do not say that you ought to lift weapons against the god, but to be still.","The sentence employs a clear contrastive structure using οὐ... ἀλλά (not... but) to juxtapose the action of bearing arms (ἐπαιρέσθαι) with the state of quietude (ἡσυχάζειν). The participle πάσχων (suffering/undergoing) is modified by κακῶς (wrongly/badly), suggesting the speaker views the addressee's hostility or the situation as unjust or misguided. The verb ἐπαιρέω, literally 'to raise up,' is used here with the accusative ὄπλ' (weapons) and the dative θεῷ (to the god), indicating the act of taking up arms in opposition to a deity. The construction χρη̂ναι (it is necessary/ought) governs two infinitives, ἐπαιρέσθαι and ἡσυχάζειν, which function as the subjects of the implied necessity. The phrase ἡσυχάζειν (to be quiet/still) carries significant cultural weight in the context of the Bacchae, where silence and submission to the divine are often contrasted with the hubris of violent resistance.",385
386,"Bromius will not tolerate you, seeing him moving the Bacchae, when he sees you from the mountain.","This sentence contains a significant corruption in the provided morphological analysis and tree structure that must be corrected to produce a coherent translation. The lemma 'ὀρῶν' is listed as a noun (mountain) with the form 'ὀρός', which is syntactically impossible as the subject of a participle governing 'σ' (you) in this context. In the actual text of Euripides' Bacchae (line 336), the word is 'ὁρῶν' (seeing), the present active participle of 'ὁράω', modifying the subject 'Βρόμιος' (Bromius/Dionysus). Additionally, the phrase 'κινούντα' (moving) takes 'σ' (you) as its subject, creating a double accusative construction where 'Bromius' is the subject of 'will not tolerate' and 'you' is the subject of the participle 'seeing' and the object of 'moving' (or vice versa depending on parsing, but typically 'you' are the ones moving the Bacchae). The phrase 'εὐίων' (from 'εὔιος', a variant of 'εὔιος' meaning 'good' or 'auspicious', but here likely a corruption for 'ἐκ' or a specific epithet) is also problematic; in the standard text, the phrase is 'ἐκ ὀρέων' (from the mountains). However, adhering strictly to the provided forms while correcting the obvious parsing error for 'ὁρῶν': The sentence depicts Dionysus (Bromius) threatening that he will not endure the sight of someone (the chorus or a specific character) agitating the Bacchae while he watches from the mountains. The syntax relies on the future tense 'ἀνεξήσεται' (will not tolerate) followed by an accusative and infinitive-like construction with participles. The name 'Bromius' is an epithet of Dionysus meaning 'the roaring one' or 'the loud-voiced,' referring to the sound of the thyrsus or the roar of the wine. The 'Bacchae' are the female followers of Dionysus, engaged in their ecstatic rites. The sentence structure uses a participle ('ὁρῶν') to establish the condition or simultaneous action of the main verb, a common feature in Greek tragedy to heighten dramatic tension.",386
387,"Do not drive me mad, but let me, a prisoner, escape and save this!","The sentence features a strong imperative negation (οὐ μή + subjunctive φρενώσεις) expressing a desperate plea rather than a simple prohibition. The verb φρενοῦν (to drive mad, to lose one's mind) carries significant psychological weight in the context of Dionysiac worship, where the boundary between divine inspiration and insanity is blurred. The structure relies on a sharp contrast between the negative command and the positive alternative introduced by ἀλλά (but), creating a rhetorical pivot. The participle φεύγων (escaping) is temporal/causal, indicating the means by which the speaker hopes to achieve salvation (σώσῃ). The use of δεσμίος (prisoner/captive) as the subject of the second clause highlights the speaker's current state of bondage, contrasting with the desired state of freedom. The sentence ends with an exclamation mark in the source text but functions as a rhetorical question or a desperate plea for action, emphasizing the immediacy of the threat.",387
388,Shall I turn judgment back to you?,"The sentence features the particle ἤ (ἡ̓̀ in the provided form due to crasis or dialectal variation, functioning here as an interrogative particle introducing a question) paired with the future indicative ἀναστρέψω, creating a deliberative or rhetorical question. The verb ἀναστρέφω literally means 'to turn back' or 'to turn round,' but in this context, it carries a legal and retributive sense: to return the judgment or punishment to the original accuser. The adverb παλιν emphasizes the reversal of the situation, suggesting that the speaker (Pentheus) is threatening to reverse the course of justice against the interlocutor (Dionysus). The use of the dative σοι (to you) as the indirect object of the verb indicates the recipient of the returned judgment. This reflects the theme of divine retribution and the inversion of power dynamics, where the mortal king is about to be judged by the god. The rhetorical nature of the question implies that the speaker is confident in his ability to exact this reversal, highlighting the dramatic tension of the scene.",388
389,"I would rather sacrifice to him than, as a mortal, kick against the goads while in a rage.","This sentence presents a striking antithesis between voluntary sacrifice and futile resistance. The speaker chooses the former (ἱερεῖν/θύειν) over the latter (λακτίζειν). The phrase 'kick against the goads' (λακτίζειν πρὸς κέντρα) is a vivid metaphor for resisting inevitable divine will or fate, a motif that appears elsewhere in Greek literature (e.g., Acts 26:14 in the New Testament). The use of the optative mood with ἄν (θυοίμ' ἄν) in a comparative construction (μᾶλλον ἤ) indicates a hypothetical preference. The participle θυμούμενος (being enraged) modifies the action of kicking, emphasizing the irrationality of the resistance. The contrast between θνητός (mortal) and θεός (god) highlights the human limitation in opposing the divine. The syntax is compact, with the comparative clause compressed into a participial phrase, creating a dense, rhetorical effect.",389
390,"I will sacrifice, a female murder, just as worthy, having caused much turmoil in the folds of Cithaeron.","The sentence features a dramatic apostrophe or self-address where the speaker (Pentheus, though he is speaking as a victim of the god's will) anticipates a sacrificial act. The phrase 'φόνον γε θῆλυν' (a female murder) is a striking hendiadys or metonymy, referring to the sacrifice of a female victim (likely Agave, or metaphorically the female aspect of the victim) rather than the act itself. The use of γε adds emphasis to the nature of the murder. The participle 'ταράξας' (having caused turmoil) modifies the main verb 'θύσω' (I will sacrifice), indicating the causal or circumstantial context of the sacrifice. The reference to 'Κιθαιρῶνος πτυχαῖς' (the folds of Cithaeron) alludes to the mountain where the Bacchic rites and the tragic events of the play unfold, using 'πτυχαῖς' (folds) as a poetic metaphor for the mountain's rugged, creased terrain, evoking the chaotic and hidden nature of the rituals. The phrase 'ὥσπερ ἄξιαι' (just as worthy) suggests a comparison to a standard of merit or divine justice, possibly implying that the sacrifice is fitting or deserved. The sentence's structure, with its abrupt shift from the main verb to the descriptive participle and then to the geographic reference, mirrors the chaotic and fragmented nature of the Bacchic experience.",390
391,You will all flee.,"The verb φεύξεσθε is a second aorist active indicative, second person plural, formed from the root φευγ-. In the context of the Bacchae, this is an imperative prediction or a threat rather than a simple future indicative, conveying the speaker's certainty that the addressees have no choice but to run. The pronoun is not explicitly stated but is embedded in the verb ending. The word πάντες (all/every one) is a nominative masculine plural adjective agreeing with the subject, emphasizing the totality of the group being addressed. The syntax is simple subject-verb, but the rhetorical force comes from the directness of the prediction combined with the collective 'all,' creating a sense of inescapable doom. There is no explicit literary device like chiasmus or asyndeton in this isolated sentence, but the brevity and the use of the future tense as a threat is a characteristic feature of tragic diction.",391
392,And this too is shameful: to turn the bronze-beaten shields of the Bacchae into thyrsi.,"The sentence employs a nominative neuter singular demonstrative (τοῦτο, here τοῦδ') functioning as the subject of the predicate adjective αἰσχρόν ('shameful'). The infinitive phrase ἔκτρέπειν ('to turn') acts as the logical subject of the main clause, a construction where the infinitive is governed by the neuter adjective. The phrase αἰσχρόν is a predicative adjective agreeing with the implied subject of the infinitive action. The object of the infinitive is αἰσπίδας ('shields'), modified by χαλκηλάτους ('bronze-beaten'), which describes the material and craftsmanship of the shields. The prepositional phrase with the dative plural θυρσοῖσι ('with thyrsi') indicates the instrument of the action, while βακχῶν ('of the Bacchae') is a genitive of possession modifying θυρσοῖσι. The sentence highlights the reversal of martial and religious symbols: the shields, traditionally used for defense in battle, are being repurposed as the sacred thyrsi, the staffs of the Dionysian cult. This imagery underscores the theme of the play, where the boundaries between war and ritual, order and chaos, are dissolved. The use of the infinitive as a subject is a common syntactic feature in Greek to express abstract actions or general truths.",392
393,"I am at a loss with this stranger, who will not keep silent whether he is suffering or doing [anything].","The sentence features the particle γε attached to the adjective ἀπόρῳ ('at a loss'), which adds an emphatic or limiting force, often translated as 'indeed' or 'truly' to heighten the speaker's distress. The verb συμπλέκομαι (here in the perfect middle/passive form συμπέπλεγμεθα) is used idiomatically to mean 'to be entangled' or 'to be in a difficult situation with' someone, rather than a literal physical binding. The relative clause introduced by οὗς ('who') describes the stranger's intractable nature. The structure οὐτε... οὐτε... ('neither... nor...') frames the participles πασχων ('suffering') and δρων ('doing'), creating a parallelism that emphasizes the stranger's silence regardless of his circumstances. The future tense σιγήσεται ('will keep silent') indicates a certainty about the stranger's future behavior, suggesting a prophetic or ominous tone typical of the genre.",393
394,"Oh woman, if it is still possible to arrange these things well.","The vocative 'τάν' (addressing the female character) is preceded by the interjection 'ὦ', creating a direct and emotional appeal typical of tragic dialogue. The sentence employs an infinitive construction ('καταστῆσαι') dependent on the existential verb 'ἐστίν', where the infinitive functions as the subject (or more accurately, the subject of the infinitive clause is the implied 'it'). The adverb 'εὖ' modifies the infinitive, indicating the quality of the action ('well' or 'properly'). The phrase 'ταῦτα' (here 'τάδε') refers to the current, immediate circumstances or actions at hand. The conditional clause 'εἴτ' ἐστίν' (if it is still) suggests a desperate hope that the situation has not yet become irreversible, a common theme in Euripidean tragedy where characters plead for a final chance to alter their fate before catastrophe strikes.",394
395,What are you doing?,"The sentence consists of an interrogative pronoun, τί (neuter accusative singular), which functions as the direct object of the present active participle, δρῶντα (masculine accusative singular). The participle agrees with an implied masculine singular subject (likely 'you'), creating a construction where the verb 'to be' is elided, a common feature in Greek dialogue for immediacy and dramatic effect. The accusative case of the participle reflects its function as the object of the question 'what?', while the implied subject is addressed directly. This elliptical structure is typical of spoken Ancient Greek, particularly in dramatic contexts where brevity and urgency are stylistic priorities. The question is open-ended, inviting the addressee to describe their current action, and the tone can range from innocent curiosity to shock or accusation depending on the dramatic situation.",395
396,To be enslaved by my own chains?,"The sentence features a striking rhetorical question expressing shock or disbelief at a perceived reversal of status. The syntax utilizes a present active participle (δουλεύοντα, 'being enslaved') in the accusative case, which functions as an adverbial modifier (indicated by the relation ADV to the implied subject or predicate), suggesting an action occurring simultaneously with the state of being. The noun δουλείαις ('chains' or 'slavery') is in the dative plural, functioning as the object of the participle, while the possessive adjective ἐμαῖς ('my own') agrees with it in case, number, and gender. The repetition of the root δουλε- in both the participle and the noun creates a powerful epizeuxis, emphasizing the inescapable nature of the speaker's condition. The use of the dative of means/instrument with δουλείαις highlights the specific mechanism of the enslavement. The rhetorical question mark indicates that the speaker finds the situation absurd or ironic, implying that the subject should not be the one serving but rather commanding.",396
397,"I shall lead the women here, without weapons.","The sentence features the verb ἀξῶ (I shall lead/drive), a future active indicative of ἄγω, which here implies leading a procession or group. The word order places the subject ἐγὼ first for emphasis, asserting the speaker's agency. The phrase διὰ ὅπλων (literally 'without weapons') is constructed with the preposition διὰ (here appearing as διὰ or διχὰ depending on dialect/edition, but the form διχὰ is used here with the genitive) followed by the genitive plural ὅπλων (weapons). The use of the genitive with διχὰ (or διὰ with genitive in this context) indicates separation or lack. This line is part of a dramatic moment where the speaker (Dionysus) is asserting control over the female followers (maenads) while emphasizing their peaceful or non-combatant state in this specific context, contrasting with their later frenzied actions. The syntax highlights the speaker's authority and the specific condition of the group being led.",397
398,Alas!,"The word οἴμοι is a common interjection used to express grief, lamentation, or dismay. It functions as an independent exclamation (ExD relation) and does not govern or depend on other syntactic elements within the sentence. In the context of tragedy, such exclamations often mark a moment of sudden realization or emotional distress. The sentence consists solely of this interjection followed by a period, emphasizing the speaker's immediate emotional reaction.",398
399,Already this treacherous scheme is being devised against me.,"The sentence features the verb μηχανάομαι (to devise, contrive, plot), which frequently carries a negative connotation of deceit or cunning in tragic contexts. The adjective δόλιον (treacherous, deceitful, cunning) modifies the neuter demonstrative pronoun τόδ’ (this), which is in the accusative case functioning as the subject of this middle-voice construction. The middle voice of μηχανάομαι here implies that the action is being carried out with a sense of intent directed toward the speaker, though the agent is unstated. The adverb ἤδη (already) heightens the dramatic tension, indicating that the speaker has only just realized the presence of a pre-existing plot. The preposition ἔς (against, into) with the accusative pronoun με (me) defines the target of the plotting. Stylistically, the sentence employs a tight syntactic structure where the adverbial elements (ἤδη, δόλιον) and the prepositional phrase (ἔς με) cluster around the finite verb to emphasize the immediacy and personal nature of the threat.",399
400,"What sort of things, I wish to save you with my arts?","The sentence features an interrogative construction where the adjective ποῖόν (what sort of) agrees in gender, number, and case with the indefinite pronoun τι (things), both functioning as the object of the infinitive σῷσαί (to save). The pronoun σ’ (you) is the subject of the infinitive, while the verb θέλω (I wish/want) is a finite verb that takes the infinitive clause as its complement. The phrase τέχναις ἐμαῖς (with my arts/skills) is in the dative case, indicating means or instrument. The use of the dative of means here highlights the speaker's reliance on their specific skills or arts to effect the salvation. The rhetorical question format suggests a moment of deliberation or a plea for understanding the nature of the speaker's capabilities. The sentence structure is somewhat loose, with the object of the infinitive (τι) placed before the infinitive itself, which is a common feature in Greek for emphasis or to reflect the natural flow of thought.",400
401,"Let us join in this common custom, so that we may always be in the state of maenadic frenzy.","The sentence opens with the aorist middle imperative of συντίθημι (synthēmi), here used in the first person plural ('let us join/establish'), which functions as a hortatory command inviting collective participation. The adverb κοινῇ (koinē) modifies the verb to emphasize the communal or shared nature of the action, a key theme in the Bacchic cult where individual identity is subsumed by the collective ritual. The demonstrative pronoun ταῦτα (tauta, here contracted to ταῦδ' or ταῦδ' depending on dialect/orthography, represented as ταῦδ' in the text) refers to the specific rites or customs just mentioned or implied in the immediate context. The purpose clause introduced by ἵνα (hina) governs the present passive subjunctive βακχεύητε (bakcheuēte), indicating the intended result of the action: a continuous state of 'Bacchic frenzy' or ritual ecstasy. The adverb αἰεί (aei) reinforces the perpetual nature of this ecstatic state. Stylistically, the sentence employs a direct, imperative tone characteristic of choral odes in tragedy, where the chorus often leads the audience into the ritualistic experience. The contraction in ταῦδ' (from ταῦτα) is typical of Attic tragedy and reflects the metrical needs of the iambic trimeter or similar verse form. The use of the passive voice for βακχεύητε is significant, as it suggests that the frenzy is not merely an active choice but a state imposed or experienced by the participants, aligning with the divine possession central to Dionysian worship.",401
402,"And indeed, I have made a compact agreement—with this, at least—with the god.","The sentence employs the emphatic particle combination καὶ μήν to assert a strong affirmative, often translated as 'and indeed' or 'and truly.' The verb συντίθημι (here in the aorist indicative active, first person singular, ξυνεθέμην) literally means 'to put together' but in this context signifies 'to conclude an agreement' or 'to compact.' The construction features a parenthetical insertion, marked by the dashes, containing the demonstrative pronoun τοῦτο (this) modified by the enclitic particle γέ (at least/just), which limits the scope of the agreement to a specific point. The phrase 'with the god' (τῷ θεῷ) uses the dative case to indicate the party with whom the compact is made. The use of dashes (or parentheses in modern editions) creates a moment of self-correction or clarification, emphasizing the exclusivity or specific nature of the pact being referenced. The syntax reflects the dramatic tension of a character reaffirming a binding oath or contract in the face of potential betrayal or doubt.",402
403,"Bring the weapons here to me, and you stop speaking.","This sentence exhibits a sharp contrast in tone and command through the juxtaposition of two imperatives connected by the adversative particle 'δέ' (de). The first clause, 'ἐκφέρετε μοι δεῦρ' ὅπλα', is a plural imperative addressing a group (likely the chorus or servants), commanding them to physically transport weapons to the speaker's location. The second clause, 'σὺ δὲ παῦσαι λέγων', shifts abruptly to a singular address ('σύ'), commanding an individual to cease their verbal activity. The use of the present participle 'λέγων' (speaking) with the imperative 'παῦσαι' (stop) creates a vivid image of silencing ongoing speech. The sentence structure relies on asyndeton-like brevity in the second clause (omitting 'σὺ' before the imperative in some readings, though present here for emphasis) to heighten the abruptness of the command. The particle 'δέ' serves to mark a distinct shift in addressee and action, a common feature in dramatic dialogue to indicate a change in focus or a reprimand.",403
404,. ,"The input consists solely of a breathing mark (rough breathing, indicated by the circumflex-like symbol over the null vowel) and a period. In the context of the provided morphological analysis, this represents a textual artifact or an incomplete fragment where the initial vowel or syllable is missing, leaving only the diacritical mark that indicates a rough breath at the beginning of a word. In the *Bacchae*, such a mark might appear at the start of a vocative or an imperative, but without the accompanying letters, it functions here as a punctuation mark denoting the end of a line or a significant pause in the dramatic text, often used in critical editions to mark a lacuna or a specific metrical break. No syntactic structure is present to analyze beyond the punctuation.",404
405,Do you wish to see them seated together in the mountains?,"The sentence features an indirect question structure embedded within a main clause of volition. The verb βούλομαι (to wish/want) takes a complementary infinitive ἰδεῖν (to see), while the subject of the infinitive, σφ' (them), is expressed via the reflexive pronoun. The participle συγκαθημένας (seated together), in the accusative case to agree with the object of ἰδεῖν, functions as a circumstantial participle indicating the state in which the subject is perceived. The prepositional phrase ἐν ὄρεσι (in the mountains) modifies the participle, highlighting the remote, wild location associated with the Bacchic cult. The use of the aorist infinitive ἰδεῖν suggests a single, completed act of seeing or a specific visual image the speaker wishes to witness.",405
406,"Most of all, giving a weight of ten thousand [units] of gold.","The adverb μαλιστα (from μαλα) functions here as a superlative intensifier, meaning 'most of all' or 'especially,' often used to introduce a clause of particular emphasis or a climax in a series of offerings. The particle γε is enclitic and attaches to μυριον (myrion), an adjective meaning 'ten thousand' or 'myriad,' serving to limit or emphasize the quantity, effectively meaning 'at least ten thousand' or 'a full ten thousand.' The verb δους is an aorist active participle (nominative singular masculine) from διδωμι (to give), functioning adverbially to modify the implied subject's action or attitude, translated here as 'giving.' The noun σταθμον (weight) is the direct object of the participle, modified by χρυσου (genitive of χρυσοσ, 'gold'), indicating the material of the weight. The phrase likely alludes to a ritual offering or a bribe of immense value, common in dramatic contexts involving divine favor or corruption. The structure is elliptical, omitting the main verb and subject, which is typical of exclamatory or dramatic speech in Greek tragedy where the context supplies the missing elements.",406
407,But into what great love have you fallen?,"The sentence employs an interrogative construction typical of dramatic inquiry, where the question word τίς (here τί) is fronted for emphasis. The particle δέ (δ') serves as a connective, often translating as 'but' or 'and,' linking this query to the preceding context. The verb πεπτῶκας is the perfect active indicative of πίπτω ('to fall'), which here takes a metaphorical meaning of 'to fall in love' rather than a physical descent. The preposition εἰς with the accusative case (εἰς ἔρωτα) reinforces this metaphorical directionality, literally meaning 'into love.' The adjective μέγαν ('great') agrees with ἔρωτα in case, number, and gender, highlighting the intensity or magnitude of the passion in question. Stylistically, the sentence reflects the heightened emotional register common in Euripidean tragedy, where the nature of erotic passion is often explored as a force that overwhelms human agency.",407
408,"May I not see them with hateful eyes, having gone outside!","The sentence utilizes an optative verb form (εἰσιδοίμ') combined with the particle ἄν to express a strong wish or potentiality, often translated as 'would that I might not see' or 'may I not see.' The adverb λυπρῶς (hatedly, with hate) modifies the verb, emphasizing the speaker's intense aversion. The participle ἐξοινοῦμενας (having gone outside, or perhaps 'having become outcast' depending on the specific sense of ἐξοινοῦμαι in this context, though 'having gone out' is more literal) is in the present middle/passive participle form, agreeing with the accusative object νιν (them). The syntax suggests a conditional or hypothetical scenario where the speaker wishes to avoid a specific, undesirable sight. The use of the optative with ἄν in this context is typical of Euripidean tragedy, where characters express deep emotional states through hypothetical wishes. The sentence also employs a form of asyndeton, as there is no conjunction connecting the optative clause with the participle, creating a sense of immediacy and emotional intensity.",408
409,"Nevertheless, you would see this sweetly and pleasantly for yourself, would it not?","The sentence features a conditional construction using the aorist optative with the particle 'ἄν' (ἄν + ἴδοις), which typically expresses a potential or future-less vivid condition in indirect discourse or a polite suggestion, though here it functions rhetorically to invite agreement. The adverb 'ἡδέως' (sweetly/pleasantly) modifies the verb 'ἴδοις' (you would see), emphasizing the aesthetic or emotional quality of the perception rather than just the act of seeing. The phrase 'αὐτῷ σοι' (for yourself) uses the dative of interest or advantage, reinforcing the personal stake of the addressee. The rhetorical question at the end, marked by the particle 'οὐ' (implied by the context and the question mark), invites the listener to affirm the statement, a common technique in dramatic dialogue to engage the audience or challenge the character's perception. The sentence also exhibits a subtle chiasmus in the arrangement of 'ἡδέως' (pleasantly) and 'πικρᾶ' (bitter/sour), contrasting the sensory experience with the underlying reality, a stylistic device that highlights the irony of the situation.",409
410,"Know this clearly, sitting in silence beneath the firs.","The sentence features a direct imperative (ἴσθι) followed by a present participle (καθημένος) which functions as an adverbial modifier of manner, describing the posture or state of the subject while performing the action of knowing. The adverb σαφῶς (contracted here to σαφ') intensifies the command. The particle γε is enclitic and adds emphasis to the adverbial phrase 'in silence' (σιγῇ). The preposition ὑπό governs the dative plural (ἐλάταις), indicating position 'under' or 'beneath.' The imagery of sitting in silence under fir trees evokes a scene of quiet contemplation or hidden observation, a common motif in pastoral or dramatic settings where characters seek privacy or divine connection. The syntax is concise and rhythmic, typical of tragic dialogue where imperative commands are often paired with descriptive participles to create immediate visual context.",410
411,"But they will track you down, even if you come secretly.","The sentence features a future indicative main verb (ἐξιχνεύσουσιν) indicating a certain outcome, contrasted with a conditional clause introduced by the particle combination ἀλλ' ... καί (here appearing as κα- ... καὶ) + ἐάν (shortened to κἀν in the text) with the subjunctive verb (ἐλθῇς). This construction (ἐάν + subjunctive) sets up a concession: the action of the main clause is presented as inevitable regardless of the condition in the subordinate clause. The adverb λάθρᾳ (secretly/in secret) modifies the verb of coming, emphasizing the futility of attempting to hide. Stylistically, the sentence utilizes asyndeton between the main clause and the conditional clause, creating a sense of urgency and immediacy typical of dramatic dialogue where a character realizes their plans are doomed. The elision in ἀλλ' and the crasis in κἀν (καί + ἐάν) are standard features of Attic Greek prosody and orthography in tragedy.",411
412,But clearly.,"This fragment consists of the coordinating conjunction 'αλλά' (all'), which has been elided to 'αλλ'' before the vowel-initial 'ἐμφανῶς' (enphānōs), meaning 'clearly,' 'openly,' or 'manifestly.' The adverb 'ἐμφανῶς' derives from the adjective 'ἐμφανής,' often used in contexts of revelation or things made visible to the eye or mind. The abrupt, elliptical nature of the sentence—lacking a finite verb or explicit subject—suggests it functions as a concluding remark or a dramatic emphasis within a larger dialogue, relying on the immediate context for its full propositional content. The punctuation indicates a final statement, possibly marking a shift in tone or a definitive assertion of visibility or truth.",412
413,For you have spoken well these things.,"The adverb καλῶς (well) modifies the verb εἶπας, emphasizing the quality of the speech rather than the content. The particle γάρ (for) functions here as a postpositive explanatory conjunction, indicating that the speaker agrees with or validates the preceding statement. The demonstrative pronoun ταῦδε (these things) refers specifically to the immediate context or arguments just presented, serving as the direct object of the verb. The construction εἰπείν τι (to say something) is a standard idiom where the object follows the verb, though here it is placed in the second position for emphasis or metrical reasons. The sentence structure reflects a typical conversational or dramatic affirmation, common in Greek tragedy where characters validate each other's reasoning before proceeding.",413
414,"Let us lead you, then, and you will set out on a journey.","The sentence employs a hortatory subjunctive ('ἀγῶμεν', 'let us lead') to initiate a joint action, immediately followed by a future indicative ('ἐπιχειρήσεις', 'you will set out') to describe the consequence or subsequent action of the addressee. The particle 'οὖν' functions as a connective, indicating that this proposition follows logically from the preceding context. The verb 'ἐπιχειρέω' with the dative 'ὁδῷ' (adverbial dative) creates the idiom 'to set out on a journey' or 'to undertake a road.' Stylistically, the sentence exhibits a form of asyndeton in the coordination of the two distinct predicates via the enclitic 'καί' (here written as 'κα-' due to elision before the following vowel), creating a tight, urgent link between the command to lead and the prediction of the journey. The rhetorical structure suggests a moment of inevitability, where the act of leading is inextricably bound to the act of traveling.",414
415,"Come, then, as quickly as possible, for I am jealous of the time for you.","The sentence begins with the imperative form ἄγ’ (a contracted form of ἄγε), a common vocative or hortatory particle used to urge immediate action, often translated as 'come' or 'go'. The adverbial phrase ὡς τάχιστα ('as quickly as possible') intensifies the urgency of the command. The conjunction δέ introduces a causal or explanatory clause, linking the command to the speaker's motivation. The verb φθονέω ('to be jealous of' or 'to grudge') is used here in a specific sense: the speaker feels that time is passing too quickly and is 'jealous' or 'envious' of the time that is slipping away, implying a desire to seize the moment before it is lost. The dative σοι ('for you') indicates the beneficiary or the one for whom the speaker feels this urgency. The construction reflects a typical dramatic moment in Greek tragedy where a character urges another to act swiftly due to the fleeting nature of time or opportunity.",415
416,Now send purple-dyed robes around the skin.,"The verb στεῖλαί (steilai) is an aorist active infinitive used in a jussive or imperative sense, functioning as a command. The particle νυν (nun) adds a sense of immediacy, translating as 'now' or 'at last.' The preposition ἀμφί (amphi) with the dative χρωτί (chromi, 'skin' or 'body') indicates the placement of the garments encircling the body. The adjective βυσσίνους (byssinous) refers to robes dyed in a deep purple or crimson color, derived from the 'byssus' plant or dye, a color associated with royalty, divinity, and ritual in Greek culture. The use of 'skin' (χρώς) rather than a more general term for 'body' emphasizes the intimate, physical contact of the garments, which may carry ritualistic connotations of covering or consecrating the human form. The sentence is terse and imperative, typical of ritual instructions in Euripides' works, where brevity often heightens dramatic urgency.",416
417,"What is this, then?","The sentence employs the interrogative pronoun τι (what) combined with the deictic demonstrative τοδ' (this), a contraction of τὸδε, to express immediate bewilderment regarding a specific, visible object or event. The particle δή (here translated as 'then' or 'now') adds a nuance of urgency, surprise, or impatience, often signaling that the speaker is reacting to something unexpected or disturbing. Syntactically, the sentence lacks an explicit verb of being (like εἰμί); this elliptical construction is common in dramatic dialogue to convey rapid emotional shifts or shock. The phrasing is characteristic of the 'exclamatory question' found in Greek tragedy, where the syntax prioritizes the speaker's psychological state over formal grammatical completeness.",417
418,"To women from a man, is it paid?","This sentence employs a striking chiasmus in its prepositional phrases: the first phrase places the preposition 'εις' (to) before the feminine accusative 'γυναικας' (women), while the second places 'εκ' (from) before the masculine genitive 'ανδρος' (man). This inversion of the expected order (man to woman vs. woman to man) mirrors the reversal of gender roles central to the theme of the play. The verb 'τελώ' is in the present passive indicative, often translated as 'is fulfilled' or 'is paid,' but in this context of a rhetorical question, it implies a transaction of honor or sacrifice. The syntax highlights the inversion of natural order, a key motif in the Bacchae, where the rigid social structures of Thebes are disrupted by the arrival of Dionysus.",418
419,"Do not let them kill you, if a man has been seen there.","The sentence employs a hortatory subjunctive in the main clause ('μή... κτάνωσιν'), functioning as a negative command or strong warning. The verb κτείνω (to kill) appears in the aorist subjunctive active, third person plural, implying an unspecified group of agents ('them') who would carry out the action. The conditional clause introduced by ἐάν (here written as ἢν) uses the aorist passive participle ὀφθῇς (having been seen) to establish a temporal and conditional boundary: the threat of death is contingent upon the visibility of the addressee to a male observer. The adverb ἐκεῖ (there) specifies the location of this potential sighting. Stylistically, the sentence reflects the dramatic tension typical of Euripidean tragedy, where the fear of discovery by a male figure (often representing societal or patriarchal order) poses a lethal threat to the protagonist, particularly in contexts of ritual madness or disguise. The syntax tightly binds the condition of being seen to the consequence of death, emphasizing the precariousness of the character's situation.",419
420,"Well, you have spoken this very thing.","The sentence features the particle γε (here attached as -γ' to εὖ) which strengthens the preceding adverb εὖ, adding a nuance of 'truly' or 'indeed' to the praise of the statement. The use of the adverb αὐτίκα (or in this case, αὐτί as an intensifier meaning 'just' or 'exactly' depending on the specific textual reading, though here parsed as αὐτίκα/αὐτὸς contextually emphasizing the immediacy or exactness of the utterance) highlights the precision of the statement. The demonstrative pronoun τοῦτο (τοδ') functions as the direct object of the verb ἔλεξας (εἴπας), referring specifically to the words just spoken. The sentence structure is concise, typical of dramatic dialogue where a character acknowledges the aptness of a preceding remark. The use of the perfective aorist εἴπας emphasizes the completion of the act of speaking. The punctuation indicates a pause or the end of a distinct thought, often marking a moment of realization or agreement in the dramatic context.",420
421,As if someone were wise long ago.,"The sentence features a comparative construction introduced by ὡς (as if), followed by the indefinite pronoun τις (someone/someone). The verb εἴ (were) is the second person singular imperfect indicative of εἰμί, functioning here as a subjunctive-like hypothetical in the context of the comparison, though formally imperfect indicative. The adverb παλαι (long ago) modifies σοφός (wise), indicating a past state of wisdom. The structure suggests a rhetorical device, possibly highlighting the contrast between current and past wisdom or the fleeting nature of human knowledge. The use of an indefinite subject (someone) adds a generalizing tone, typical of philosophical or dramatic reflections.",421
422,Dionysus has made us strangers to these things.,"The verb ἐξεμούσωσεν (from ἐκμουσόω) is a compound of ἐκ (out) and μουσοῦν (to make mute or silent), but in this context, it carries the specific meaning of 'to alienate' or 'to make a stranger.' The use of the aorist tense with perfective aspect emphasizes the completed action of alienation. The demonstrative τάδε ('these things') is plural, yet it is treated as a collective concept, likely referring to the social bonds, civic duties, or familial ties that the speaker feels severed from. The sentence exhibits a direct and forceful syntax, with the divine agent (Dionysus) acting immediately upon the human recipients (ἡμᾶς), highlighting the sudden and total nature of the god's power to uproot individuals from their previous existence.",422
423,"How then could it be that you, while admonishing me, do so well?","The sentence employs an optative verb (γενοίτο) with the particle ἄν to express a potential or hypothetical condition, asking how a specific situation could possibly occur. The structure features a subject clause where the action of 'admonishing' (νουθετεῖς) functions as the subject of the optative verb 'to become' (γίγνομαι). The relative pronoun ὅς (ὅ) is omitted but understood, referring to the manner of the action. The adverb καλῶς modifies the verb νουθετεῖς, indicating the quality of the admonition. The rhetorical question implies skepticism or irony regarding the effectiveness or appropriateness of the speaker's current advice or behavior.",423
424,I will send you inside the house.,"The verb στελλῶ (I send/prepare) is in the future indicative active, first person singular, functioning as the main predicate. The pronoun σε (you) is the direct object in the accusative case. The adverb ἐσώ (inside) governs the genitive plural δωμάτων (of houses/rooms), a construction where the genitive denotes the place from which or into which movement occurs, here emphasizing the interior space. The participle μολὼν (having come/arrived) is aorist active participle of βλώσκω (to come), functioning adverbially to modify the main verb, indicating the manner or timing of the sending—specifically, that the sending occurs upon or after arrival. The sentence exhibits a compact, imperative-like force despite the indicative mood, characteristic of dramatic speech where the speaker asserts authority. The syntax places the subject first for emphasis, followed by the verb and its objects, creating a direct and forceful declaration typical of Euripidean dialogue where divine or authoritative figures command action.",424
425,What kind of garment?,"The sentence is an exclamatory question (indicated by the question mark) functioning as an interjection of surprise or disbelief. The interrogative adjective 'τίνα' (what kind of) agrees in case, number, and gender with the noun 'στολήν' (garment/outfit), both in the accusative singular. In this context, 'στολή' does not merely mean 'clothing' but specifically refers to a ritual costume or a distinctive outfit worn for a ceremony, often implying something strange, foreign, or inappropriate to the observer. The brevity of the phrase, lacking a finite verb, is characteristic of dramatic dialogue where emotion overrides grammatical completeness, forcing the listener to infer the speaker's reaction (e.g., 'What [is this] garment?' or 'What [kind of] garment [have you put on]?').",425
426,A female?,"This is a brief, elliptical question consisting of a single neuter accusative adjective used substantively. The form θηλυν (θηλυς) is the accusative singular feminine of the adjective, functioning as a predicate nominative in a question where the verb 'is' (ἐστιν) is omitted, a common feature in dramatic dialogue for immediacy. The particle ἠ (or ἡ in some editions, here marked with a rough breathing and acute accent) is an interrogative particle used to introduce a question expecting a negative or surprised answer, often translated as 'Is it really...?' or simply 'A...?'. The question mark indicates the speaker's shock or disbelief at the proposition being discussed. In the context of the Bacchae, this likely reflects the character's astonishment at a revelation concerning the nature or gender of the person or thing in question.",426
427,But shame holds me.,"This sentence features a significant metonymic usage of αἰδώς (aidōs), a complex cultural concept encompassing shame, respect, reverence, and social propriety. Here, it is personified as an active agent that 'holds' or 'constrains' the speaker, illustrating the internal psychological force of social norms. The conjunction αλλ’ (all’) indicates a sharp transition or contrast with a preceding thought, likely serving as a hesitation or a sudden check on a previous impulse. The syntax is a straightforward subject-verb-object structure where the abstract noun functions as the grammatical subject, emphasizing the overwhelming power of the emotion over the individual.",427
428,I am no longer a willing spectator of the maenads.,"The sentence employs the adverb οὐκέτι (no longer, not any more) to mark a definitive transition from a previous state of mind to a new one, a common feature in dramatic monologues where a character undergoes a sudden epiphany or shift in allegiance. The subject (ἐγώ) is implied by the verb form εἰμί (I am), which is standard for first-person singular present indicative. The adjective πρόθυμος (willing, eager, ready) functions as a predicate nominative, modifying the subject θεατής (spectator). The genitive plural μαινάδων (of the maenads) acts as an attribute to θεατής, specifying the group being observed. Stylistically, the sentence relies on the juxtaposition of the passive role of the 'spectator' with the active, chaotic nature of the 'maenads' to highlight the speaker's internal conflict or rejection of their former detached stance in favor of direct, perhaps dangerous, involvement. The period at the end signifies a conclusive statement.",428
429,Do you say that someone is to throw a garment over my skin?,"The sentence employs the verb φημί ('to say, to claim') followed by an infinitive clause (βαλεῖν), a common construction for reporting speech or belief. The particle δέ (here δε) functions as a connective, often indicating a contrast or a continuation of a previous thought. The indefinite adjective τίνα ('some, a certain') modifies στολήν ('garment'), introducing a sense of uncertainty or vagueness regarding the identity of the person or the specific nature of the garment. The preposition ἀμφί ('around, over') governs the accusative χρωτ᾽ (from χρώς, 'skin'), creating a vivid image of the garment being placed directly upon the body. The use of the dative form of χρώς in this context (though the lemma is given as accusative χρωτ᾽, which is the contracted form of χρώς in the accusative) emphasizes the physical immediacy of the action. The rhetorical question format suggests the speaker's disbelief or shock at the proposed action, a common feature in dramatic dialogue where characters react to unexpected or taboo behaviors.",429
430,Stretch your long hair over your own head.,"The sentence features a chiastic arrangement of the prepositional phrase (ἐπὶ + dative) and the object (κόμην), creating a balanced structure: 'hair ... over head'. The particle μέν is used here to set up a contrast with a subsequent clause (not present in this fragment), typical of Euripidean style to introduce a specific action within a sequence of instructions. The adjective ταναόν (long, extended) is descriptive of the hair's intended state, emphasizing the act of loosening or letting it flow freely, a key element of the Dionysian rites described in the Bacchae where followers are instructed to dishevel their hair as a sign of liberation from social constraints.",430
431,"What, then, is the second form of the universe for me?","The particle 'δέ' (de) functions here as an adversative or connective particle, often translated as 'but,' 'however,' or 'then,' adding a transitional nuance to the inquiry. The phrase 'τοῦ κόσμου' (tou kosmou) uses 'κόσμος' not merely in the sense of 'decoration' or 'order,' but in its cosmological sense of the 'universe' or 'world-order,' a concept frequently explored in Greek tragedy regarding the instability of divine and natural laws. The construction 'τί μοι' (ti moi) employs the dative of interest (or dative of reference), asking what the 'second form' signifies specifically for the speaker's own experience or fate. The word 'σχήμα' (schēma) implies a specific shape, configuration, or appearance, suggesting a transformation or a new mode of existence. The sentence structure is an interrogative clause where the subject 'σχήμα' is modified by two attributive adjectives ('δευτέρον' and 'τοῦ κόσμου'), creating a focal point on the nature of this new reality. The rhetorical question reflects a moment of existential crisis or confusion, typical of the tragic genre, where the protagonist confronts a reality that defies previous understanding.",431
432,Robes that reach the feet.,"The noun πεπλοῖς (robes/robes) is modified by the adjective ποδήρης (shod, reaching the feet). The adjective ποδήρης is a compound of πόδις (foot) and ἔρρω (I run or go), often describing long robes or garments that extend down to the feet, sometimes with attached foot coverings. In the context of the Bacchae, this description highlights the distinctive attire of the Bacchic followers (Maenads), contrasting with conventional Greek dress and emphasizing their ecstatic, otherworldly state. The sentence is a noun phrase functioning as a subject (SBJ), likely part of a larger description or speech about the attire of the Dionysian cult. The period (.) indicates the end of a complete thought, though in dramatic contexts such fragments may be part of a choral ode or a descriptive interjection.",432
433,And a fillet will be upon the head.,"The phrase 'ἐπὶ κάρα' is a standard idiom meaning 'on the head' or 'upon the head,' where the preposition takes the accusative case to indicate position. The word 'μίτρα' (mitra) specifically refers to a fillet, band, or ribbon, often worn by women or associated with ritual contexts, such as the Dionysian rites depicted in the Bacchae. The sentence uses a simple future indicative ('ἔσται') to predict a state of being, likely describing the ceremonial attire of a devotee. The enclitic particle 'δέ' (δ') serves as a connective, linking this statement to a preceding thought, perhaps contrasting or adding to a description of the character's appearance. The syntax is straightforward, with the subject 'μίτρα' following the predicate verb, a common structure in Greek for emphasis on the subject or to maintain a rhythmic flow.",433
434,And will you add anything else to these things for me?,"The sentence features the enclitic indefinite pronoun τις (τι) in the accusative singular neuter, modified by the adjective ἄλλο (other/another), forming the phrase τι ἄλλο (anything else). The demonstrative τοῖσδ' (toisde) is the dative plural neuter of ὅδε (this/these), indicating 'to these things' or 'in addition to this.' The verb προσθήσεις is the second person singular future active indicative of προστίθημι (to add), functioning as the main predicate. The dative ἐμοί (to me) serves as the indirect object. The particle ἦ (ē) is an interrogative particle used to introduce a yes/no question, often implying surprise or emphasis. The conjunction καί (and) at the beginning connects this question to a preceding thought or action, suggesting a continuation of dialogue. The sentence structure is straightforward, with the verb in the future tense indicating a question about a potential future action.",434
435,"A thyrse, indeed, in the hand and a hide speckled with fawn!","This fragment exhibits the characteristic abruptness and fragmented syntax often found in the choral odes or exclamations of Euripides, where the predicate is implied or omitted. The word γε (ge) is a postpositive particle used here for emphasis, highlighting the thyrse as a definitive object of the scene. The noun δέρας (hide/skin) functions as a nominative subject, likely implying a state of being or a visual description ('[There is] a hide...'). The adjective στικτὸν (speckled/spotted) describes the texture of the fawn skin, a material often associated with the ritual dress of the Maenads (Bacchic followers). The phrase νεβροῦ στικτὸν (speckled with fawn) uses the genitive of the animal to denote the material or the pattern source. The syntax juxtaposes the weapon (thyrsus) and the garment (fawn skin) linked by και (and), creating a concise image of the ritualist's equipment. The sentence ends with an exclamation mark (inferred from the context of the drama), suggesting a dramatic utterance describing the attire or the immediate presence of the deity's follower.",435
436,I would not be able to put on a woman's gown.,"The sentence utilizes the potential optative construction (δυναίμην with ἂν) to express a hypothetical inability, a common mood in tragic dialogue to emphasize the impossibility of an action within the character's current reality or moral framework. The verb ἐνδύω (to put on) governs the accusative object στολήν (gown), while the adjective θῆλυν agrees with it in case, number, and gender. The juxtaposition of the masculine speaker (implied by the context of the play, where the protagonist Pentheus is disguised) with the 'woman's gown' creates dramatic irony and highlights the theme of gender fluidity and the blurring of social boundaries central to the Bacchae. The negative particle οὐκ is used before a vowel with an initial rough breathing (ἂν), demonstrating standard phonetic contraction rules.",436
437,"But you will shed blood, engaging in battle with the Bacchants.","The sentence opens with the enclitic particle 'ἀλλ'' (all'), a strong adversative conjunction used here to mark a sharp transition or a sudden command following a previous statement. The verb 'θήσεις' is a future indicative active form of 'τίθημι', which, in this specific idiomatic construction with the accusative 'αἷμα' (blood), means 'to shed blood' rather than the literal 'to put/place'. The participle 'συμβαλὼν' (aorist active participle masculine singular nominative of 'συμβαλλώ') functions adverbially to modify the main verb, indicating the means or manner of the action ('by engaging' or 'while engaging'). The verb 'συμβαλλώ' literally means 'to throw together' or 'to meet in battle,' often implying a clash or conflict. The dative plural 'βάκχαις' serves as the object of the preposition implied in the participle's meaning (or as a dative of reference/partnership), identifying the opponents as the 'Bacchants' (followers of Dionysus). The word 'μάχην' (battle) is the direct object of the participle. The syntax creates a vivid, threatening image of imminent violent conflict, characteristic of the tragic tension found in Euripides' portrayal of the clash between Dionysian frenzy and human resistance.",437
438,Correctly.,"The adverb ὀρθῶς (orthōs) means 'rightly,' 'correctly,' or 'justly.' In the context of the Bacchae, this brief interjection often serves as a dramatic affirmation of a character's realization or as a commentary on the unfolding divine retribution. The sentence is a single-word fragment, relying heavily on context for its full force. Stylistically, it exemplifies the use of asyndeton (the omission of conjunctions) common in tragic dialogue, where short, punchy phrases convey sudden insight or emotional intensity. The punctuation indicates a complete thought, emphasizing the finality of the statement.",438
439,It is necessary first to go for a reconnaissance.,"The verb μολεῖν is the present active infinitive of βλώσκω (to go, come), here functioning as the subject of the impersonal verb χρὴ (it is necessary/one must). The adjective πρῶτον (first) modifies the infinitive as an adverbial modifier, indicating sequence. The preposition εἰς takes the accusative case (κατασκοπήν) to denote direction or purpose, literally 'into a lookout' or 'for a scouting mission.' The phrase κατασκοπήν specifically refers to a military or strategic reconnaissance, implying the need to gather intelligence before action. The syntax employs a standard impersonal construction common in Greek for expressing necessity or obligation, where the infinitive serves as the logical subject of the finite verb.",439
440,"Therefore, it is wiser to hunt bad things with bad things.","This sentence employs a comparative adjective (σοφώτερον) functioning as a neuter singular predicate nominative, establishing a general maxim. The particle γοῦν serves as a connective, indicating that this conclusion follows logically from preceding arguments. The syntax features a double object construction for the verb θηρᾶν (to hunt), where κακοίς (dative of means/instrument) and κακά (accusative of direct object) both derive from the same lemma (κακός), creating a striking semantic repetition. This repetition emphasizes the cyclical or reciprocal nature of the action: meeting evil with evil. The phrase exemplifies a gnomic style common in Greek tragedy, offering universal wisdom rather than specific narrative detail. The structure avoids asyndeton but relies on the juxtaposition of identical roots to reinforce the moral point.",440
441,"And how, having slipped past the city of the Cadmeans, am I here?","The verb 'εἶμι' is parsed here with the lemma 'ἔρχομαι' (to come/go), indicating a sense of arrival or presence rather than simple existence ('to be'). The participle 'λαθών' (having escaped notice/having slipped by) is an aorist active participle modifying the subject of the main verb, creating a circumstantial clause that explains the manner of the subject's arrival. The phrase 'δι’ ἄστεως' uses the preposition 'δια' with the genitive case to denote passing 'through' or 'past' the city. The adjective 'Καδμείους' refers to the citizens of Thebes, descendants of Cadmus. The sentence is a rhetorical question expressing the speaker's disbelief or shock at their own unobserved entry into a heavily guarded or populated space. The particle 'καὶ' functions here as an introductory connective, often carrying a tone of 'and so' or 'and then' in narrative contexts, though in this specific rhetorical moment it can also serve to heighten the emotional intensity of the inquiry.",441
442,"Roads, desolate, to go.","The sentence consists of a noun in the accusative plural (ὁδοὺς) modified by an attributive adjective (ἐρήμους), also in the accusative plural, followed by the infinitive (ἰέναι, here written as ἰμεν in the source text, likely a textual variant or scribal abbreviation for ἰέναι) functioning as the complement. The syntax implies an elliptical construction, omitting a subject (such as 'we' or 'one') and a finite verb (like 'we go' or 'it is time to go'), leaving the infinitive to carry the action. The adjective ἐρήμους (desolate, empty, uninhabited) vividly characterizes the roads, evoking a sense of isolation or danger often associated with travel outside the city walls in ancient Greek culture. The phrase lacks a verb, creating a fragmentary, poetic effect that emphasizes the state of the roads and the intended action rather than the agent. This type of construction is common in lyric poetry and dramatic monologues where the emotional or descriptive weight is prioritized over syntactic completeness.",442
443,And I will lead the way.,"The sentence employs the first-person singular future middle indicative form of the verb ἡγέομαι (hēgeomai), which carries the sense of 'to lead,' 'to command,' or 'to consider.' In the context of the Bacchae, this verb often implies taking the initiative or acting as a guide. The particle δέ (de) serves as a connective, marking a transition or contrast with the preceding speaker's statement, functioning here to assert the speaker's own course of action. The syntax is straightforward, with the subject pronoun ἐγώ (egō) explicitly stated for emphasis, followed by the future tense verb indicating a decisive intention. The middle voice of the verb suggests the subject is acting for their own benefit or with personal agency in the leadership role.",443
444,Everything is better than announcing the Bacchants to me.,"The sentence employs a comparative construction where the neuter singular adjective 'κρείσσον' (better) functions as a predicate nominative with the neuter singular subject 'πάν' (everything). The result clause introduced by 'ὥστε' (so that/in order that) is followed by an infinitive ('ἀναγγεῖλαι') and a negative particle ('μή'), indicating a result that is to be avoided or is impossible. The verb 'ἀναγγεῖλαι' (to announce) is used in the aorist infinitive, suggesting a specific, completed action. The dative 'ἐμοί' (to me) indicates the recipient of the action, while 'βάκχας' (Bacchants) is the direct object. The sentence reflects a strong emotional aversion to the revelation of the Bacchic rites, emphasizing the speaker's desire to remain ignorant of the sacred mysteries. The structure is straightforward, with no complex literary devices like chiasmus or anaphora, but the use of 'πάν' (everything) as a subject highlights the absolute nature of the comparison.",444
445,"Having come into the house, I will deliberate on what seems good.","The sentence begins with an aorist active participle (ἐλθόντ'), which functions adverbially to indicate prior action relative to the main verb. The verb βουλευσομαι is in the first person singular future middle indicative, suggesting a decision-making process that is both personal and reflective. The use of δοκεῖν with the accusative object (ἃν) introduces a clause expressing opinion or judgment, which is common in deliberative contexts. The structure reflects a moment of transition, moving from arrival to contemplation, typical of dramatic monologues where characters assess their situation before taking action.",445
446,It is permitted.,"The verb ἐξεστίν is an impersonal construction derived from the root *es-* (to be) combined with the adverbial prefix *ex-* (out of, from). In this form, it functions as a passive-like predicate meaning 'it is possible' or 'it is allowed,' requiring a dative of the person concerned (which is absent here) or standing alone to denote general permission or possibility. The sentence is a single-word clause ending in a period, utilizing a stark, abrupt syntax that emphasizes the finality or absolute nature of the permission granted. This brevity is characteristic of the dramatic tension found in the final moments of Euripides' tragedy, where social norms and divine laws are either affirmed or shattered.",446
447,I am at hand everywhere!,"The sentence features the adverb πάντη (pantē), meaning 'everywhere' or 'on all sides,' which modifies the predicate to emphasize the ubiquity of the subject's presence. The particle γε (ge) is a strengthening particle, often used to assert a point emphatically or restrictively, here reinforcing the claim of omnipresence. The adjective εὐτρεπές (eutrepēs) describes the subject as 'ready,' 'prepared,' or 'available for service,' suggesting a state of readiness rather than mere physical location. The verb παρέειμι (pareimi) functions as a copula with a locative sense ('to be present at'), and the subject is the implied 'I' (the god Dionysus). Stylistically, the sentence employs a compact, declarative structure typical of tragic monody, where the god asserts his inescapable presence to the human characters. The word order places the adverb first for emphasis, followed by the copula and the descriptive adjective, creating a rhythmic emphasis on the scope ('everywhere') and the nature ('ready') of the divine presence.",447
448,I would be on my way.,"The verb στειχῶ (steichō) literally means 'to march in line' or 'to go in a procession,' often implying a military or ritual advance. Here, it appears in the first person singular aorist optative with the particle ἄν, forming a potential optative construction that expresses a wish or a hypothetical action ('I would go'). The elision of the final mu in στειχῶμ' before the following vowel (though no vowel follows here, the apostrophe indicates the elision of the final consonant in the manuscript tradition or a metrical adjustment) is typical in poetic texts. The sentence is a fragment, likely part of a larger dialogue where the speaker expresses a desire to depart or join a procession. The use of the optative with ἄν suggests a conditional or potential mood, indicating that the action is contingent on some unstated condition or is merely wished for.",448
449,"For armed, I shall go forth, and I shall obey your plans.","The sentence features a clear asyndetic coordination between the two future verbs (πορευσομαι and πεισομαι) linked by the coordinating particle η (and), though the first clause is introduced by γαρ (for), indicating causal reasoning. The participle εχων (having/armed) is in the nominative singular masculine, agreeing with the subject (implied 'I'), and functions adverbially to describe the manner of the action. The use of the dual or plural form 'οπλ' (arms/equipment) is common in tragedy to denote the full set of military gear rather than a single weapon. The phrase 'τοισι σοισι βουλευμασιν' employs a chiastic-like emphasis on possession and authority, where the possessive adjective 'σοισι' (your) follows the definite article 'τοισι', reinforcing the speaker's submission to the addressee's specific counsel. The future tense in both main verbs suggests a decisive, resolute action taken in response to a prior command or situation. The sentence reflects the dramatic tension typical of Euripides, where a character asserts agency (going forth armed) while simultaneously acknowledging submission to another's authority (obeying plans).",449
450,"Women, a man is being placed into a net, and he will bring Bacchants, and he will not pay the penalty by dying.","This sentence features a dramatic apostrophe to the women ('γυναικες'), serving as a direct address that heightens the emotional stakes of the scene. The syntax relies on a series of coordinated clauses linked by the enclitic conjunction 'δέ' (de), which creates a rhythmic, progressive narrative flow. The first clause uses the present passive indicative 'καθίσταται' (is being placed/set), suggesting an action currently in progress or a general truth being stated. The subsequent clauses shift to the future active indicative ('ήξει', 'δώσει'), predicting the inevitable outcome. A key syntactic and semantic feature is the aorist participle 'θάνων' (having died/thanōn) modifying 'δώσει' (he will give). This construction implies that the 'dying' is the method or means by which the penalty ('δίκην') is paid, yet the negative particle 'οὐ' (ou) negates the entire action, creating a prophetic irony: the speaker asserts that death will not be the mechanism of his punishment. The vocabulary 'βάκχας' (Bacchants) specifically references the female followers of Dionysus, central to the cultic themes of the play. The phrase 'πληρώσει δίκην' (to pay penalty) is a standard idiom for suffering retribution, here modified by the specific condition of death.",450
451,"Dionysus, now [it is] your work.","The vocative Διόνυσε addresses the god directly, marking a shift in the speaker's tone to one of invocation or urgent declaration. The adverb νῦν (now) emphasizes immediacy and the present moment of action. The phrase σὸν ἔργον (your work/deed) utilizes the neuter noun ἔργον, which in this context refers not merely to labor but to the god's specific divine mission or the act of retribution/manifestation he is about to perform. The ellipsis of the verb 'to be' (ἐστίν) is common in Ancient Greek when the subject is implied by the context or when the focus is entirely on the predicate nominative, creating a punchy, declarative rhythm. The sentence structure highlights the transfer of agency to the deity, asserting that the current situation is entirely within his power and design.",451
452,For I am not yet gone forward.,"The sentence features the enclitic particle γάρ (for), which provides a causal or explanatory link to the preceding context, often used in dramatic dialogue to justify a character's current stance or action. The negative οὐ (not) is placed at the very beginning of the sentence for emphasis, a common feature in Ancient Greek known as hyperbaton, highlighting the negation. The verb εἰμί (to be) is used in the present tense, indicating a current state of being rather than a completed action. The adverb πρόσω (forward) is used here to denote movement or progression, which, when negated, suggests a refusal to advance or proceed further, often implying a hesitation or a deliberate standstill. The sentence structure is simple yet effective, with the negative particle and the adverb working together to convey a strong sense of immobility or refusal to move forward.",452
453,Let us punish him.,"The verb τίνω (tínoō) means 'to pay,' 'to exact,' or 'to punish,' and in this context, it carries the specific sense of exacting retribution or vengeance, a common theme in tragedy. The form τεισώμεθ’ is the first person plural aorist active subjunctive, used here in a hortatory (exhortative) sense, urging a collective action ('let us...'). The enclitic contraction of the final epsilon with the following vowel (μεθ' + α) is a standard feature of the subjunctive mood in the first person plural. The pronoun αὐτόν is the masculine singular accusative form of αὐτός, serving as the direct object. The sentence is a classic example of a hortatory subjunctive, where the speaker incites the group to immediate action. The brevity and directness of the command reflect the dramatic tension typical of Euripides' choral odes or dialogue, where the chorus or characters often call for swift justice against a transgressor.",453
454,"First, stand apart from your thoughts, so that you may bring on a light madness.","The verb ἐκστήσων (imperative of ἵστημι, 'to make stand') with the genitive φρενῶν ('of the mind/thoughts') creates a striking image of detachment or stepping outside one's normal rational faculties, a common motif in Dionysian rites where the initiate must abandon sober reason. The particle δέ connects this command to a preceding context, likely urging a transition from a state of normalcy to ecstatic frenzy. The phrase ἐνίημι λῦσσαν ('to send in madness') is a technical expression for inducing divine possession; here, the adjective ἐλαφρὰν ('light', 'easy', or 'frivolous') qualifies λῦσσαν. In this context, 'light' does not imply triviality but rather a manageable or swift onset of the divine frenzy, contrasting with the heavy, crushing weight of human suffering or the terrifying nature of the god. The syntax employs a purpose-like relationship between the two imperatives, where the first action (standing apart) facilitates the second (receiving madness). The rhythm and vocabulary reflect the tragic style of Euripides, emphasizing the psychological shift required to encounter the divine.",454
455,"As long as he thinks well, he will not wish to put on a woman's robe, but he will be dressed as one who thinks foolishly.","The sentence employs a chiastic structure (A-B-C-D-D-C-B-A) centered on the concepts of thought and clothing. The first clause (μεν) contrasts the state of 'thinking well' (φρονῶν) with the refusal to wear a 'woman's robe' (θηλύν στολήν), while the second clause (δέ) contrasts 'driving outside' or being 'outside' (ἔξω) with the act of 'thinking foolishly' (τοῦ φρονεῖν) and being dressed (ἐνδύσεται). The use of the present participle φρονῶν in the first clause and the infinitive φρονεῖν in the second creates a parallelism between the internal state of mind and the external action. The term θηλύν στολήν refers specifically to the garment of a woman, which in the context of the Bacchae is a symbol of the effeminate and irrational behavior associated with the Dionysian cult. The phrase ἔξω here functions as an adverb meaning 'outside' or 'apart,' suggesting a state of being removed from the bounds of reason or social norms. The sentence illustrates the paradox of the Bacchic devotee, who appears to be in control (thinking well) but is actually engaged in irrational behavior (dressed as a fool).",455
456,"She demands that he owe a laughter woman-shaped being led through the city from the threats that were before, for she was terrible.","The sentence contains a significant textual corruption or transcription error in the provided morphological data, specifically the sequence 'γυναικομόρφον ἄγομενον' (woman-shaped, being led). In the actual text of Euripides' *Bacchae* (line 943), the phrase is 'γυναικομόρφον ἄγοντα' (leading, being a woman-shape) or refers to Pentheus being led as a 'woman-shaped' mockery, but the participle 'ἄγομενον' (being led) combined with the accusative 'γυναικομόρφον' creates a syntactic mismatch unless 'γυναικομόρφον' is interpreted as a predicate adjective to 'νιν' (him) which is then modified by the participle. However, the most glaring issue is the translation of 'γέλωτα' (laughter) as the object of 'ὀφλεῖν' (to owe). In the standard text, Pentheus is said to owe 'a spectacle of laughter' or 'a laugh' to the Thebans. The phrase 'ἀπειλῶν τῶν πρίν' (from the former threats) refers to Pentheus's previous threats against the Maenads. The relative clause 'αἷσι δεινὸς ἦν' (for whom she was terrible) uses the dative plural 'αἷσι' referring to the Thebans (implied or antecedent to 'Θηβαίοις'), though the grammar here is complex and likely reflects a corrupt or heavily emended manuscript tradition. The sentence employs a dramatic shift from the present demand ('χρήζω') to a past description ('ἦν'), highlighting the irony that Pentheus, who once threatened the women, is now the object of their mockery. The epithet 'γυναικομόρφον' (woman-shaped) is a key stylistic device, mocking Pentheus's effeminate appearance or his forced cross-dressing as part of the Maenads' triumph.",456
457,"But I am going as a decoration that I have taken, having gone to Hades, slaughtered by my mother's hands, to join Pentheus.","This sentence features a striking paradox where the speaker (Dionysus) describes himself as a 'decoration' (κόσμον) destined for the underworld, utilizing the verb εἶμι (here functioning as 'I go' rather than 'I am') to denote movement. The syntax employs a series of participles (λαβών, κατασφαγεῖς, προσαψών) that modify the subject, creating a dense accumulation of action that emphasizes the inevitability and violence of the speaker's fate. The phrase 'having gone to Hades' (εἰς Ἅιδου λαβών) is an ironic understatement, suggesting a descent into death before the physical act of slaughter occurs. The use of the future active participle προσαψών (to join) implies an impending connection, likely alluding to the ritualistic or violent union of the victim with the god. The sentence structure reflects the tragic irony of the play, where the protagonist Pentheus is unknowingly the intended 'decoration' for the god, and the speaker, disguised as a foreigner, claims the role of the sacrificial victim who is actually the orchestrator of the sacrifice.",457
458,"And Dionysus, the son of Zeus, who is by nature a god at the end of things, most fearsome, will be known, but most gentle to men.","This sentence employs a striking chiasmus in its final clauses, contrasting the superlative adjectives δεινοτάτατος ('most fearsome/powerful') and ἡπιώτατος ('most gentle') to highlight the dual, paradoxical nature of the god. The phrase ἐν τέλει θεός ('a god at the end/fulfillment') is a theological concept referring to the divine nature being fully realized or manifest in the culmination of existence. The use of the future passive γνῶσεται ('will be known') implies a revelation of truth that is inevitable. The particle δέ connects this declaration to the preceding context, while the enclitic δ' in the final clause creates a rhythmic pause and contrast. The dative plural αὐθρώποισι (archaic form of ἀνθρώποις) is used for the indirect object of the comparison, emphasizing the relationship between the divine and the human sphere.",458
459,"Shall I set my white foot to dance in the all-night choruses, tossing my neck to the cool air, like a fawn mocking the pleasures of the green meadow when it flees the fearful prey beyond the watch of the intricately woven nets, while the hunters strain for the dogs' rush?","This passage features a complex simile (homoiosis) comparing the Bacchant to a fawn, a recurring motif in Euripides that links the divine madness of Dionysus with the untamed vitality of nature. The syntax employs a series of present participles (αναβακχεύουσα, ρίπτουσα, ἐμπαίζουσα) to depict simultaneous actions, creating a vivid, dynamic scene. The phrase 'white foot' (λευκὸν πόδ') is a conventional metonymy for the dancer's body, emphasizing purity and ritualistic beauty. The description of the 'intricately woven nets' (εὐπλέκτων ὑπὲρ ἄρκυων) evokes the danger of the hunt, contrasting the Bacchant's freedom with the entrapment of the natural world. The use of the future tense in the opening question (θήσω) followed by the conditional clause (ὡς... ἡνίκ' ἄν...) creates a rhetorical structure that invites the audience to visualize the dancer's agility and the intensity of the chase. The alliteration and assonance in the Greek text, particularly in the description of the 'green meadow' (χλοεραῖς λείμακος) and the 'fearful prey' (φοβεράν θήραν), enhance the sensory experience of the passage.",459
460,"It leaps upon the plains with laborious swift-footed runners and whirlwinds, a streamside meadow, delighting in the solitudes of mortals and the forest-shoots of the shadow-tending woods.","The sentence features a striking use of asyndeton within the instrumental phrases, marked by the repeated enclitic particle τε ('and') attached to the nouns μοχθοῖς (with the suffix -τ' for elision) and αἵλλαις, creating a rhythmic, breathless enumeration of the Bacchic entourage's motion. The participle ἡδομένα (delighting) agrees with the implied subject of the main verb θρώσκῃ (it leaps/jumps), likely referring to the river or the god Dionysus himself, personified as a rushing force. The compound adjective σκιαρόκομος (shadow-tending or shade-creating) is a rare epithet describing the foliage, emphasizing the dense, shadowy nature of the woods where the Bacchic revels take place. The syntax juxtaposes the violent, swift motion of the 'whirlwinds' and 'runners' with the serene, static 'solitudes' and 'shoots,' highlighting the dual nature of the Bacchic experience as both chaotic and intimately connected to the natural world. The phrase 'solitudes of mortals' (βροτῶν ἐρημίαις) suggests the sacred isolation required for the rites, away from the civic sphere.",460
461,What is the noble thing?,"The sentence features a rhetorical question using the neuter singular of the interrogative pronoun 'τί' (what) functioning as the predicate nominative, while the adjective 'σοφόν' (noble/wise) serves as the subject. The definite article 'τό' precedes the adjective, a common construction in Greek that nominalizes the adjective, effectively turning 'the noble' into a substantive concept. The syntax is concise, omitting the verb 'to be' (ἐστί), which is typical for rhetorical questions or exclamations in Classical drama. The use of the neuter gender suggests an abstract inquiry into the nature of wisdom or excellence rather than a specific person. The punctuation mark ';' indicates the end of the sentence as a question.",461
462,Is it not a more beautiful prize from the gods to hold the hands of enemies above their heads in the world of mortals?,"The sentence opens with the rhetorical particle combination 'ἡ τί' (or 'ἡ γέ τι' in some editions, though here appearing as a strong interrogative), which functions to introduce a rhetorical question expecting an affirmative answer ('Is it not...?'). The adjective 'καλλιον' (more beautiful) is in the neuter nominative singular, functioning as a substantive subject ('the more beautiful thing'), modified by the infinitive phrase 'κατεχεῖν' (to hold), which acts as the predicate nominative or the true subject of the thought. The phrase 'ἡ χεῖρας τῶν ἐχθρῶν ὑπὲρ κορυφῶν' (the hands of enemies above the heads) depicts the specific act of triumph where a victor raises the hands of defeated foes in a gesture of domination or mockery, a common motif in Greek victory culture. The genitive plural 'θεῶν' indicates the source of the honor ('prize from the gods'), while 'ἐν βροτοῖς' locates this action within the human sphere. The syntax relies on the comparative 'κρείσσων' (stronger/better/more powerful) modifying the infinitive action, emphasizing the superiority of this specific form of victory. The sentence structure uses a chiasmic-like balance between the divine source of the prize and the human act of domination, contrasting the 'beautiful' divine gift with the visceral image of enemies' hands held high.",462
463,Whatever is beautiful is always dear.,"This sentence exhibits a gnomic statement, a general truth expressed in the present tense. The relative clause 'ὅ τι καλόν' (whatever is beautiful) functions as the subject, with 'ὅ τι' acting as a correlative indefinite relative. The predicate consists of two adjectives, 'καλόν' (beautiful/noble) and 'φίλον' (dear/loved), which stand in apposition or coordinate relationship, both serving as predicate nominatives (or adjectival predicates) to the neuter singular subject. The adverb 'ἀεί' (always) modifies the implied copula 'ἐστίν' (is), emphasizing the eternal nature of the connection between beauty and affection. Stylistically, the sentence relies on assonance and alliteration with the 'l' and 'n' sounds in 'καλόν' and 'φίλον', creating a rhythmic balance. The structure reflects the Greek ideal of 'kalokagathia' (the unity of the beautiful and the good), suggesting that true beauty is inherently lovable and enduring.",463
464,"It rushes forth with difficulty, yet nevertheless the divine power is something reliable.","The sentence features a notable contrast between the adverb μοῦλις ('with difficulty') and the adversative conjunction ἀλλά ('but') followed by ὅμως ('nevertheless'), creating a rhetorical emphasis on the persistence of divine force despite apparent obstacles. The phrase πιστὸν τι ('something reliable' or 'a certain trustworthy thing') uses the indefinite pronoun τι in an epexegetical or qualitative sense, softening the assertion while maintaining its truth. The noun σθένος ('strength' or 'power') modified by the adjective θεῖον ('divine') and the article τὸ creates a noun phrase that personifies divine power as a dependable entity. The use of the middle voice of ὁρμάω ('to rush') suggests a self-moved action, emphasizing the autonomous nature of the divine force. The sentence structure employs asyndeton between the two main clauses, enhancing the abruptness and dramatic tension of the statement.",464
465,"He turns away from those of mortals who, in a deluded opinion, either punish ingratitude or fail to increase the honors of the gods.","The sentence employs a chiasmus in the verbal participles: the first action (punishing ingratitude) involves a negative moral quality (ingratitude) being punished, while the second action (failing to increase divine honors) involves a positive moral quality (honoring gods) being neglected. The phrase 'deluded opinion' (μαίνομαι δοξῇ) is a common Euripidean collocation highlighting the tragic flaw of human hubris; the dative of manner 'δοξῇ' (with opinion/reputation) modified by the participle 'μαίνομαι' (being mad/raving) creates a vivid image of misguided judgment. The use of the enclitic 'τε' (and) in 'του τ'... και' creates a balanced construction linking the two participial phrases that modify 'βροτών' (mortals). The verb 'απευθύνει' (turns away/averts) suggests a divine rejection of those who misunderstand the nature of justice and piety.",465
466,"They hide the foot of time, which has a spotted hide, in various ways, and they hunt the unhallowed one.","This sentence employs a striking metaphorical conceit where Time (χρόνου) is personified as a wild beast with a mottled or variegated hide (ποικίλως δαρόν), a description often associated with the changing seasons or the deceptive, shifting nature of time. The verb κρύπτω (to hide) and θηράω (to hunt) create a thematic contrast between concealment and pursuit. The term αἴσπεπτον (unhallowed, impious, or not to be spoken of) functions as a substantive noun referring to a taboo figure or concept, likely alluding to the mysterious and forbidden nature of the god Dionysus or the secrets of his cult that the chorus is attempting to evade or confront. The adverb ποικίλως (in various ways, diversely) modifies the manner of hiding, suggesting the complex and deceptive strategies employed against the elusive passage of time. The syntax links two coordinated verbs (κρυπτεύουσι and θηρωσιν) with a shared subject, creating a rhythmic parallelism that emphasizes the dual action of evasion and confrontation.",466
467,For one should never learn and study that which is better than the laws.,"The sentence employs the impersonal verb 'χρή' (it is necessary/one must) followed by two coordinated infinitives, 'γιγνωσκῆν' (to learn/know) and 'μελετᾶν' (to study/practice), which function as the logical subject of the necessity. The comparative adjective 'κρεῖσσον' (better) is used substantively, with the genitive 'τῶν νόμων' (of the laws) establishing the standard of comparison. The negation 'οὐ' combined with the temporal adverb 'ποτε' (ever) creates a strong prohibition against prioritizing any knowledge over established law. Stylistically, the placement of 'οὐ γὰρ' at the beginning serves as a causal conjunction introducing a justification, while the word order emphasizes the supremacy of the laws through the comparative construction.",467
468,"For it is a light expense to believe that this power belongs to the divine, whatever it may be, that which is lawful in long time and has grown by nature.","The sentence employs a neuter plural subject construction with an implied 'matter' or 'thing' understood from the context of 'expense' (δαπάνη). The phrase 'whatever it may be' (ὅ τι ποτ' ἄρα) introduces a relative clause with indefinite force, characteristic of the Dionysiac mystery which transcends specific definition. The use of ἄρα adds a tone of inference or conclusion. The sentence concludes with a chiasmus-like structure in the final participial phrase: 'lawful in long time' (ἐν χρόνῳ μακρῷ) and 'grown by nature' (φυσει τε πεφυκός), juxtaposing temporal endurance with natural origin. The particle τε connects the two predicates 'lawful' and 'grown' in a way that suggests a dual aspect of the divine's nature. The phrase 'light expense' (κουφὰ γὰρ δαπάνη) is an idiom meaning 'a small matter' or 'trivial,' indicating that believing in the divine power is an easy or reasonable assumption. The use of the perfect participle πεφυκός emphasizes the completed state of growth, suggesting an inherent, timeless quality.",468
469,What is the wise thing?,"This sentence features an elliptical construction where the verb 'to be' (ἐστί) is omitted but understood from context, a common feature in dramatic dialogue to convey immediacy or rhetorical questioning. The neuter singular adjective σοφοῦν (wise/sensible) functions as the subject, modified by the definite article τὸ, while τί acts as the predicate nominative. The structure creates a philosophical inquiry into the nature of wisdom itself, characteristic of the Chorus's reflective moments in tragedy. The use of the neuter gender suggests the question pertains to an abstract concept or action rather than a person, inviting the audience to consider wisdom as a tangible quality or deed. The rhetorical question format often precedes a deeper exploration of the theme of hubris versus piety in the play.",469
470,Or is a more beautiful prize from the gods to hold in the hands of mortals than to hold power over the heads of enemies?,"The sentence employs a rhetorical question structure using the particle 'ἠ' (or) to introduce an alternative, contrasting two forms of power: divine favor ('γέρας' - prize/gift) versus human dominance ('κρείσσω' - mightier/power). The syntax features a comparative construction where the infinitive phrase 'κατέχειν' (to hold) serves as the subject for both the noun phrase 'χεῖρ' (hand) and the abstract concept of superiority. The phrase 'υπὲρ κορυφᾶς' (over the heads) is a vivid metonymy for subjugation or mastery. Stylistically, the sentence utilizes anaphora through the repetition of the infinitive 'κατέχειν' (implied in the second clause structure) and creates a chiasmic-like tension between the 'gift from gods' and the 'power over enemies.' The use of 'βροτοῖς' (mortals) emphasizes the human limitation and the contrast with divine authority.",470
471,What is beautiful is always dear.,"This sentence exemplifies a gnomic statement, a type of general truth often found in Greek tragedy and wisdom literature. Syntactically, it features a relative clause (ὁ τι, 'that which') functioning as the subject, governed by the neuter singular forms of the adjectives καλόν ('beautiful') and φίλον ('dear'). The predicate adjectives are in the nominative case, agreeing with the neuter relative pronoun, a construction where the verb 'to be' is elided (zero copula), a common feature in concise aphorisms. The placement of the adverbs and adjectives creates a balanced, rhythmic quality. The pairing of καλόν and φίλον highlights the Greek ethical concept where aesthetic beauty and moral affection are intrinsically linked; what is truly beautiful is naturally beloved. The adverb αἰεί ('always') reinforces the universal and timeless nature of this proposition.",471
472,Blessed is he who has escaped the storm from the sea and reached the harbor.,"This sentence employs a balanced chiasmus-like structure through the coordinating particles μέν and δέ, which contrast the two actions: escaping the danger and achieving safety. The phrase 'from the sea' (ἐκ θαλάσσης) modifies 'storm' (χέιμα), indicating the origin of the peril. The verb κιχάνω, meaning 'to reach' or 'to arrive at,' is used here in the aorist tense to denote the completion of the journey to safety. The sentence captures a common theme in Greek literature: the transition from chaos (the storm) to order (the harbor), often used metaphorically for the journey from suffering to peace.",472
473,Happy is he who has been born above toil.,"The adjective 'εὐδαίμων' (happy/fortunate) functions as the predicate nominative at the head of the sentence, a common structure in gnomic or sententious statements that emphasizes the quality of the subject. The relative pronoun 'ὃς' (who) introduces a defining clause describing the specific individual who possesses this happiness. The verb 'ἐγένεθ' is a second aorist middle indicative of 'γίγνομαι', used here with a perfective sense to denote a completed state of being or origin. The preposition 'ὑπέρθε' (above/over) governs the genitive 'μόχθων' (toils/sorrows), creating a spatial metaphor for transcendence; the subject is not merely enduring hardship but standing above it. The sentence exhibits a concise, aphoristic style typical of Greek lyric and dramatic gnomic utterances, where the focus is on a universal truth regarding the human condition and the nature of suffering.",473
474,Another came after another in wealth and power.,"The sentence employs a striking anaphora of the word 'ἕτερος' (another/other) in three forms: feminine accusative (ἕτερα), masculine nominative (ἕτερος), and neuter accusative (ἕτερον). This repetition creates a rhythmic emphasis on the succession of different individuals, suggesting a cycle of replacement. The syntax relies on the verb παρελθεῖν (to pass by, succeed, or come after), which in this context denotes succession in a lineage or reign. The phrase 'in wealth and power' uses the dative case (ὀλβῷ, δυνάμει) to indicate the sphere or means in which the succession occurs. The use of the conjunction 'δέ' (but/and) following the initial adjective adds a connective flow, while the asyndeton (lack of conjunctions between the repeated 'ἕτερος' forms) heightens the sense of rapid, relentless succession. The sentence captures the theme of impermanence and the inevitable passing of one ruler or figure to another, a common motif in tragic literature.",474
475,"Yet still, countless hopes exist for countless [people].","The sentence employs a striking chiastic structure (chiasmus) through the repetition of the adjective *myrioi* ('countless' or 'myriad'). The nominative plural *myriai* modifies the subject *elpides* ('hopes'), while the dative plural *myriois* functions adverbially (or with a dative of reference) to indicate the recipients of these hopes ('for countless [ones]'). The enclitic particle *de* combined with *eti* ('still/yet') emphasizes the persistence of hope despite circumstances. The dative *myriois* is semantically elliptical, implying 'for countless people' or 'for countless individuals,' a common usage where the noun is omitted but understood from context. The use of *myrioi* in both the subject and the indirect object creates a rhythmic balance, reinforcing the abundance of hope available to the multitude.",475
476,"Some men die in prosperity, others have departed.","The sentence employs a classic antithetical structure using the correlative particles μέν and δέ to contrast two different fates of mortals. The verb τελευτῶσιν (present subjunctive) in the first clause suggests a general truth or habitual action ('some die'), while ἀπεβήσαν (aorist indicative) in the second clause refers to a completed action ('others have departed'). The phrase ἐν ὀλβῷ ('in prosperity/happiness') highlights the fortunate end of the first group, contrasting with the ambiguity of 'departed' for the second, which may imply death without specifying the state of their lives. The use of βροτοῖς ('mortals') as a plural dative noun modified by the prepositional phrase adds a generic human scope to the observation. Stylistically, the sentence uses asyndeton (the omission of a conjunction between clauses) to create a concise and balanced rhythm, emphasizing the dichotomy of human experience.",476
477,And the life lived day by day is blessed; I call that blessed.,"The sentence employs a clear distinction between a state of being and the act of pronouncing judgment upon it. The phrase 'κατ' ἡμέραν' (day by day) emphasizes the continuous, mundane nature of daily existence, contrasting with the elevated concept of 'εὐδαίμων' (blessed/happy). The relative clause 'ὅτωι' (to which/whom) functions adverbially here, modifying the state of the life, though its specific antecedent is often understood contextually as the manner of living described. The verb 'μακαρίζω' (I call blessed/declare happy) is a performative declaration; the speaker is not merely observing a quality but actively conferring the status of 'blessedness' upon the simple, daily life. This reflects a key thematic tension in the Bacchae between the ecstatic, divine madness of Dionysus and the grounded, earthly reality of human existence. The sentence structure is balanced, with the subject 'βίος' (life) and its attributes set up before the verb that defines them, creating a moment of philosophical assertion.",477
478,"You, who are eager, do not see what is not necessary to see, nor hasten to see things without purpose, Pentheus, I say, but go forth before the doors and appear to me, carrying the attire of a frenzied woman, a Bacchant, and be a spy on both your mother and her childbirth.","The sentence exhibits a sharp contrast between the commands to ignore ('do not see') and the commands to perform ('go forth', 'appear', 'be a spy'), creating a dramatic irony central to the play's theme of hidden truth versus willful blindness. The phrase 'προθύμον οὐχ ὁρᾶν' (not to see the eager one) is a complex negative infinitive construction where the subject of the infinitive is the same as the main verb's subject, implied by the context of Dionysus addressing Pentheus. The use of the vocative 'Πενθέα' (Pentheus) interrupts the flow of the sentence, acting as a rhetorical device to arrest the listener's attention. The repetition of the genitive constructions 'γυναικὸς μαινάδος Βάκχης' (woman, frenzied one, Bacchant) creates a cumulative effect, layering epithets that heighten the absurdity of Pentheus being forced to cross-dress. The final phrase 'μητρὸς τε τῆς σῆς καὶ λόχου κατασκόπος' (spy on your mother and her childbirth) uses the enclitic '-τε' (te) to connect the two objects of the spying, emphasizing the dual nature of his transgression: spying on the maternal figure and the act of birthing itself, which in this context implies the revelation of his own birth or his mother's secret. The syntax is dense, with multiple participial phrases ('ἔχων', 'κατασκόπος') functioning as imperatives, reflecting the urgency and the manipulative nature of Dionysus's speech.",478
479,You fit the form of a single one of Cadmus's daughters.,"The verb πρέπεις (you fit/be fitting) takes a direct object in the accusative (μορφήν, 'form/appearance'), indicating that the subject possesses the appropriate appearance for the object specified. The genitive plural θυγατέρων ('daughters') with the attributive Καδμου ('of Cadmus') specifies the group from which the singular 'one' (μία) is selected. The construction implies a comparison where the addressee (often Agave in this context) is being told she resembles only one of the Theban princesses, or perhaps that her current appearance is appropriate only for a single daughter, not all. The particle δέ serves as a connective, often indicating contrast or continuation in discourse. Stylistically, the sentence uses a direct address with a specific, limiting adjective (μία) to emphasize exclusivity or singularity of resemblance.",479
480,"And truly, it seems to me that I see two suns and two Thebes and a seven-gated city.","The sentence employs a chiasmus in the pairing of 'two suns' and 'two Thebes' (δυο μεν... δισσας δε), emphasizing the doubling of reality. The dative of reference 'μοι' (to me) introduces a subjective perception ('it seems to me'), which is crucial for the dramatic irony of the scene where the protagonist, Pentheus, is under the influence of Dionysus and perceives a distorted reality. The term 'seven-gated city' (πολίσμ' ἑπτάστομον) is a traditional epithet for Thebes, referencing the myth of the Seven Against Thebes, and here it serves to heighten the surreal nature of the vision. The use of 'μη̂ν' adds emphasis, often translated as 'truly' or 'indeed,' reinforcing the speaker's conviction in the impossible vision.",480
481,"And you seem to lead a bull before us, and your horns seem to be fused to your head.","This sentence exhibits a vivid use of the periphrastic construction with δοκεῖς (you seem) governing two infinitives: ἡγεῖσθαι (to lead) and προσπεφυκέναι (to be fused/grown). The first infinitive is active in form but functions with a middle sense ('to lead' oneself or to act as a leader), while the second is a perfect active infinitive of a compound verb (προσ- + φύω), describing a state resulting from an action ('to have grown on'). The word order places the subject ταῦρος (bull) early, creating a striking visual image where the divine presence of Dionysus is conflated with the animal itself. The phrase κρατὶ προσπεφυκέναι uses the dative of reference or possession to indicate where the horns are attached, a common medical or anatomical description in Greek. The use of καιὶ (and) to coordinate the two clauses emphasizes the cumulative nature of the transformation, moving from the action of leading to the physical state of the horns, reinforcing the terrifying ambiguity of the god's appearance.",481
482,But did you once know the beast?,"The sentence begins with the particle 'αλλ'' (all'), a common adversative conjunction used in dialogue to introduce a sharp turn or a challenge to the preceding context. The verb 'ἦσθα' (ēstha) is the second person singular imperfect of 'εἰμί' (to be), functioning here as a past-tense auxiliary for the perfective sense of 'knowing' or 'having experienced,' a usage characteristic of poetic Greek where the imperfect of 'to be' + participle (or implied state) expresses a past state of knowledge. The adverb 'ποτ'' (pot') is the enclitic form of 'ποτε' (once/ever), emphasizing the temporal scope of the inquiry. The noun 'θηρ' (thēr) is in the nominative case, serving as the subject of the clause, but in this context, it is likely used in a vocative or appositional sense, referring to a specific 'beast' (often a metaphor for a wild, untamed nature or a specific mythological creature like the lion or the bull associated with Dionysus). The question mark indicates a direct inquiry, likely rhetorical or probing, challenging the listener's awareness of a primal or dangerous force. The syntax is straightforward, with the verb at the end, typical of Greek interrogative sentences where the question word or particle initiates the clause.",482
483,For you have been crucified.,"The verb ταυρόομαι is a compound of ταῦρος (bull) and ὁρμάω (to rush/move) or related to the root ταυ-, literally meaning 'to impale like a bull' or 'to crucify.' In this specific context from Euripides' Bacchae, the term is used metaphorically or ironically to describe a fate of being impaled, drawing a parallel to the ritualistic and violent aspects of Dionysian worship or the punishment of enemies. The particle γάρ indicates that this statement provides a reason or explanation for a preceding assertion, while οὖν functions as a connective particle, often translating to 'therefore' or 'then,' signaling a logical conclusion or continuation of thought. The sentence employs a concise, declarative structure typical of tragic dialogue, where the speaker delivers a stark, definitive statement about the subject's fate.",483
484,"The god is now favorable to us, having been before not favorable.","This sentence features a striking antithesis between the present state of the deity and his past disposition. The adverb πρόσθεν (formerly/before) establishes a temporal contrast with the implied present tense of the main verb ὁμαρτεῖ (he is favorable/harmonizes). The participle ὢν (being) introduces a circumstantial clause describing the god's previous state, modified by the negation οὐκ and the adjective εὐμενής (favorable, well-disposed). The sentence structure juxtaposes the negative past with the positive present, emphasizing the sudden or recent shift in divine attitude. The adjective ἐνσπόνδος (well-disposed, friendly) serves as a synonym for εὐμενής, reinforcing the god's current benevolence towards the dative plural pronoun ἡμῖν (to us). The use of the present tense for the main verb while the participle refers to a prior state creates a dynamic sense of change, a common rhetorical device in tragedy to highlight the unpredictability of divine will.",484
485,Now you see what you ought to see.,"This sentence features a complex syntactic structure where the verb ὁρᾶς ('you see') takes an object clause introduced by the relative pronoun ὅ ('what'). Within this subordinate clause, the impersonal verb χρή ('it is necessary/one ought') governs an infinitive construction (ὁρᾶν, 'to see') with the accusative subject pronoun σ' ('you'). This construction, where χρή takes an accusative subject and a complementary infinitive, is a hallmark of Classical Greek usage for expressing obligation. The sentence relies heavily on the repetition of the root ὁρ- ('to see') in both the main verb (ὁρᾶς) and the infinitive (ὁρᾶν), creating a rhetorical emphasis on the act of perception itself. The particle δ' (de) following νῦν ('now') serves a connective function, often used in dramatic dialogue to mark a shift to a new realization or a command. The phrase encapsulates a moment of forced epiphany, where the subject is confronted with the necessity of perceiving a truth that was previously obscured.",485
486,"What do I appear to be, then?","The sentence employs a rhetorical question (rhetorike erotesis) where the speaker expects no answer, emphasizing a state of existential confusion or disorientation. The particle δή (here elided as δήτ' due to the following pause or emphatic context) adds a nuance of 'surely,' 'indeed,' or 'then,' marking a shift in the speaker's train of thought or a reaction to a new realization. The verb φαίνομαι is in the present indicative, active voice, first person singular, denoting a current state of appearance or seeming rather than a static essence. The placement of τί (what) at the very beginning of the sentence creates an emphatic focus on the identity crisis. The sentence structure is simple (Subject-Verb-Object) but carries significant dramatic weight, typical of Euripidean monologues where characters grapple with the blurring lines between reality and madness or divine influence.",486
487,"Is it not for the sake of Ino's uprising that Agave has stood, by my mother's very life?","The sentence opens with the enclitic negative particle οὐχί (oukhí) used to introduce a strong rhetorical question expecting an affirmative answer, a common feature in Euripidean tragedy to heighten dramatic irony and emotional intensity. The construction ηἱστάσθαι (hestanai, 'to have stood' or 'to have remained') is the perfect active infinitive of ἵστημι (histēmi) functioning as the object of the implied verb of being or existence within the rhetorical question structure. The phrase τη̂ν Ἰνου̂ς στάσιν (tēn Inous stasin) refers to the tragic fate of Ino, who, driven mad by Dionysus, threw herself and her son Melicertes into the sea, an event often interpreted as a form of divine 'uprising' or violent disruption of order. Similarly, ἡ Ἀγαύης ἔστασις (hē Agauēs estasis) alludes to Agave's madness and her subsequent act of killing her son Pentheus, which she believes to be a lion. The particle γέ (ge) attached to μητρός (mētrós) serves as an emphatic particle, intensifying the possessive relationship 'my mother,' underscoring the speaker's shock and the tragic revelation of kinship. The sentence employs a chiasmus-like structure in the juxtaposition of the two maternal figures (Ino and Agave) linked by their shared madness and the verb 'to stand' (ἔστασις/ἔστασις), creating a parallel that highlights the cyclical nature of Dionysian retribution. The use of the genitive μητρός (mētrós) without a preposition, modified by the possessive adjective ἐμής (emēs), emphasizes the personal and intimate connection of the speaker to the maternal line, heightening the emotional impact of the rhetorical question.",487
488,"As I look, I seem to see them there.","This sentence exhibits a striking rhetorical effect through the juxtaposition of the present participle ορών ('seeing') and the infinitive εἰσορᾶν ('to see'), creating a layered perception of vision. The speaker expresses a moment of uncertainty or hallucination, where the act of seeing is simultaneously an observation and a subjective impression ('I seem to see'). The use of the demonstrative adjective ἐκεῖνας ('those') combined with the reflexive pronoun αὐτάς ('them') emphasizes the specific, distant objects of vision, likely referring to the maenads or the divine presence in the context of the Bacchae. The syntax places the participle ορών at the end, which can suggest a causal or temporal relationship, implying that the speaker's vision is triggered by their current act of looking. The sentence captures a moment of psychological tension, where the boundary between reality and perception blurs, a common theme in Euripides' exploration of divine madness.",488
489,"But this lock of hair has sprung from its seat for you, not as I had adjusted it under the fillet.","The sentence relies on a vivid metaphor of the hair ('πλόκαμος') as an autonomous agent that has 'stood out' or 'sprung' ('ἐξέστηχ'') from its proper place ('ἐξ ἕδρας'). This personification is a common tragic device to signal the disruption of order caused by the god Dionysus. The verb 'καθαρμόζω' (to adjust or trim) specifically refers to the grooming or arrangement of hair, while 'μίτρα' denotes a fillet or headband used by the Maenads. The contrast between the chaotic state of the hair and the speaker's orderly arrangement ('ὡς ἐγώ... καθήρμοσα') highlights the loss of human control over the body and the intrusion of divine madness. The syntax features a main clause followed by a comparative clause of manner introduced by 'ὡς' ('as'), negated by 'οὐχ' to emphasize the deviation from the expected norm.",489
490,"Inside, I approached him, shaking him and, while chanting Bacchic rites, I dragged him from his seat.","The sentence employs a series of three present participles (προσειῶν, ἀνασειῶν, βακχιάζων) to describe simultaneous actions accompanying the main verb (μεθώρμισα). This creates a vivid, kinetic image of the speaker's physical and ritualistic assault on the captive. The use of the enclitic conjunction τε ('-te') attached to ἀνασειῶν, combined with the coordinating conjunction καί, forms a classic asyndetic-like rhythm (though technically linked by conjunctions) that mimics the urgency and frenetic motion of the scene. The verb μεθορμίζω, meaning to drag or haul from a place, often implies violence or forceful removal, fitting the context of the Bacchae where Dionysus's followers overwhelm their victims. The adverb ἐνδόν ('inside') sets the confined, claustrophobic setting, contrasting with the violent displacement of the victim from his seat (ἕδρας). The participle βακχιάζων explicitly links the physical action to the cultic frenzy of the Maenads.",490
491,"But we, for whom it is your concern to serve, will send him back.","The sentence employs the impersonal construction μέλει + dative (οἷς) to express that something is of concern or importance to someone. Here, οἷς (dative plural relative pronoun) refers to the speakers (ἡμεῖς), indicating that the duty of serving the addressee (σε) falls upon them. The verb καταστελλόμεν (future indicative active, first person plural) means 'to send back' or 'to dismiss,' often with the nuance of sending someone back to their place or origin. The adverb παλίν emphasizes the return or reversal of action. The structure exhibits a clear separation between the subject and the verb, with a parenthetical relative clause inserted, a common feature in tragic dialogue to emphasize the speaker's identity and role. There is no obvious chiasmus, asyndeton, or anaphora in this specific sentence, but the use of the relative clause to define the speakers' relationship to the addressee adds rhetorical weight to the declaration.",491
492,But straighten your head.,"The sentence begins with αλλ' (all'), a contraction of ἀλλά, functioning as a strong adversative conjunction ('but' or 'however') that marks a sharp transition in the dramatic action or dialogue. The verb ορθου is the second-person singular present imperative active of ὀρθόω, literally meaning 'to make straight' or 'to set upright.' In this context, it is an imperative command directed at a specific individual. The object καρα (head) is in the accusative case, serving as the direct object of the verb. The phrase is a concise, physical command, likely occurring in a moment of crisis or madness where a character's posture or gaze has become disordered. The brevity and lack of connective particles (asyndeton) following the initial conjunction contribute to the urgency of the command.",492
493,"Look, you are arranging [yourself]!","The sentence consists of an imperative interjection (ἴδου, 'look!' or 'behold!') followed by a present indicative verb (κοσμεῖς, 'you are arranging/adorning'). The verb κοσμεῖν typically means to order, arrange, or adorn; in this context, it likely refers to the act of dressing or preparing oneself, often with connotations of putting on fine clothes or adopting a specific demeanor. The use of the present tense suggests an action happening right before the speaker's eyes, adding immediacy to the exclamation. The sentence structure is elliptical, omitting the object of the verb, which is understood from context. This brevity is characteristic of dramatic dialogue, where the urgency of the moment is conveyed through concise phrasing.",493
494,For we shall recline for you.,"The verb ἀνακεῖσθαι is the present passive infinitive of ἀνακεῖμαι, used here with the future sense in a periphrastic construction (though the form itself is present tense, the context implies future action, common in Greek where the present can carry future force depending on context). The dative σοι is the indirect object, indicating the beneficiary of the reclining. The particle γάρ provides a causal or explanatory link to the preceding context, while δὴ adds emphasis or certainty to the statement. The sentence reflects the cultural practice of reclining at a symposium or banquet, a key social ritual in ancient Greek culture, and the phrasing suggests a formal invitation or declaration of honor being extended to the addressee.",494
495,"Girdles loosen for you, and the decorative bands of robes do not stretch in a continuous line down from your ankles.","The sentence employs a vivid description of ritual disarray, likely indicating a state of divine frenzy or ecstatic abandonment. The first clause uses the verb χαλώσι (loosen), a common metaphor for the unbinding of restraints or the loosening of clothing in moments of religious ecstasy. The second clause presents a negative contrast: the στολίδες (decorative bands or laces) of the πεπλοῖς (robes) are described as not stretching continuously (οὐχ ἕξας) down to the ankles. The preposition ὑπό (from/under) combined with the dative σφυροῖσι (ankles) indicates directionality or origin. The construction οὐχ ἕξας (not in a continuous line) suggests a break or irregularity in the draping of the garment, emphasizing the chaotic or uncontrolled nature of the figure's attire. This imagery is characteristic of the Bacchic rites, where the normal order of clothing and body is disrupted to signify the presence of the god Dionysus.",495
496,But it seems to me that the right foot is first.,"The sentence begins with a stuttered or hesitant 'κα-' (a form of the conjunction 'καί'), which is a hallmark of dramatic dialogue representing a character's sudden realization, fear, or broken train of thought. The particle 'γε' following 'παρά' serves to emphasize the specific point being made, often translating to 'at least' or 'indeed,' highlighting the speaker's conviction about the right foot's primacy. The phrase 'παρὰ δεξιόν πόδα' (by/with the right foot) is idiomatic in this context, likely alluding to the cultural belief in the 'dextrality' of the right side as auspicious or correct, a concept deeply rooted in Greek ritual and superstition. The syntax features an impersonal construction with 'δοκοῦσι' (it seems) where the subject is an implied proposition or situation, and the dative 'ἐμοί' (to me) marks the experiencer of the thought. The ellipsis or pause implied by the initial stutter creates a dramatic pause before the assertion.",496
497,The robe is held correctly stretched from here.,"The sentence employs a striking personification of the garment (πεπλος), treating the robe as the subject capable of being held in a specific state. The adverbial phrase ταθενδε (from here) combined with the participle tenont' (stretching/holding taut) creates a vivid image of the fabric's tension. The word order places the adverbial elements early, emphasizing the spatial and physical state of the robe before the verb confirms its correctness (orthos). The particle de functions as a connective, likely linking this observation to a preceding action or description within the dramatic context. The phrase 'held correctly stretched' suggests a ritualistic or aesthetic precision, possibly alluding to the proper draping of sacred vestments or the specific costume of a deity or character in the play.",497
498,"Surely you will count me first among your own friends, when you see sober Bacchants.","The sentence features a future middle indicative verb (ἡγήσηαι) in the main clause, expressing a prediction or expectation, which is strengthened by the modal particle ἥ που (surely). The phrase τῶν σῶν πρώτον φίλων uses the genitive of comparison or separation implied in the construction ἡγέομαι with the genitive, meaning 'to count/consider first among.' The adjective σῶν (your own) adds a possessive emphasis, highlighting the personal nature of the relationship being discussed. The subordinate clause introduced by ὅταν (when) with the aorist active subjunctive ἴδης marks a future condition. The phrase παρα λόγον (contrary to reason/logic) is an idiom meaning 'irrationally' or 'unreasonably,' modifying the perception of the Bacchants. The adjective σώφρονας (sober/reasonable) creates a striking ironic contrast, as Bacchants are typically associated with ecstatic madness; here, they are described as 'sober,' suggesting a state of divine order or a specific moment of calm within the ritual. This juxtaposition of 'sober Bacchants' serves as a literary device to challenge the audience's expectations of the cult's typical behavior. The sentence structure employs a conditional future construction common in Greek tragedy to express a pivotal moment of realization or transformation.",498
499,"Which shall I take, the thyrsus in my right hand or in this one, and thus be more like a Bacchant?","The sentence features a rhetorical question employing the comparative particle 'μαλλον' (more) to weigh the visual impact of holding the sacred thyrsus. The participle 'λαβων' (taking) functions adverbially, indicating the means by which the speaker will be 'eikasthēsomai' (likened to or resemble) a Bacchant. The syntax highlights a choice between the natural right hand ('dexia') and the left ('hēde' - this one, referring to the other hand), a common motif in ancient literature where the left hand is often associated with inferiority or necessity. The term 'thyrsos' refers to the staff topped with a pine cone and ivy leaves, the distinctive attribute of Dionysiac followers. The sentence captures the ritualistic preparation of the character, emphasizing the performative aspect of becoming a 'Bakche' (Bacchant) through the physical adoption of the god's symbol.",499
500,"It is right to raise him with the right hand, and to raise him with the right foot to the ground.","The sentence utilizes the impersonal construction of the verb χρή (chrē), meaning 'it is necessary' or 'it is right,' which governs the infinitive αἱρεῖν (airein, 'to lift/raise'). The syntax features a chiastic arrangement in the instrumental phrases: the first clause pairs 'right hand' (δεξιά) with the act of raising, while the second pairs 'right foot' (δεξιῷ ποδί) with the action of bringing 'to the ground' (χαμαί), creating a structural balance between the elevated hand and the grounded foot. The use of the enclitic conjunction καί (kaí) connects two parallel imperatives implied by the necessity of the ritual. The pronoun νιν (nin) serves as the accusative object of the infinitive. The repetition of the adjective 'right' (δεξιά/δεξιῷ) emphasizes the correctness and ritual purity of the action, as the 'right' side in Greek culture is traditionally associated with good fortune and divine favor. The specific combination of raising with the hand and placing with the foot likely describes a specific ritual gesture of lifting a body or offering, perhaps in the context of burial rites or the handling of a sacred object.",500
501,"I praise you, because you have departed from your mind.","The verb αἰνέω (to praise, approve, or commend) typically carries a positive connotation, yet here it is used ironically to address a subject who has lost their sanity. The construction μεθίστημι φρενῶν (to depart from the mind/reason) is a standard idiom for madness or insanity, where φρενῶν (genitive plural of φρήν) denotes the seat of thought and reason. The use of the perfect indicative μεθέστηκας emphasizes the resultant state of the subject: they are now permanently or significantly out of their right mind. The particle δέ serves to connect this declaration to the preceding context, while οὗτος (ὅτι) introduces the causal clause explaining the reason for the praise.",501
502,"Could I, then, carry the folds of Cithaeron upon my own shoulders for these very Bacchae?","The sentence features a potential optative construction (δυαίμην) combined with the particle ἄν, indicating a hypothetical or potential action ('could I'). The phrase 'the folds of Cithaeron' (τὰς Κιθαιρώνος πτυχὰς) is a poetic metonymy referring to the mountain itself or the rugged terrain of the mountain, personified as something to be carried. The use of 'these very Bacchae' (αὐταῖσι Βάκχαις) with the emphatic pronoun αὐτοῖς adds a sense of immediacy and specific dedication to the ritual followers. The sentence structure places the object (the mountain's folds) before the beneficiary (the Bacchae) and the instrument (shoulders), creating a sense of burden and physical effort. The rhetorical question format suggests the speaker is contemplating the magnitude of the task or the divine nature of the service required.",502
503,"You could have entered, if you had wished.","This sentence illustrates the use of the optative mood in a conditional clause (βούλοιο, imperfect optative) combined with the particle ἄν to express a potential or counterfactual action in the past. The main verb δύνασθαι appears in the aorist optative (δύναι') with ἄν, forming a potential optative construction that implies 'you would have been able to.' The elision of the final alpha in δύνασθαι (δύναι') before the vowel-initial particle ἄν is a standard feature of Greek elision. The sentence structure employs a conditional clause introduced by εἰ, which is common in expressing hypothetical scenarios. The tone suggests a rhetorical or reflective observation, possibly implying a missed opportunity or a choice not made.",503
504,"But you did not have your former minds sound; now, however, you have those which you need.","The sentence employs a sharp antithesis between the past state (πρίν... οὐκ εἶχες ὑγιεῖς) and the present state (νῦν... ἔχεις οἷας σέ δεῖ), marked by the contrasting temporal adverbs πρίν and νῦν and the coordinating particle δέ. The verb ἔχω (to have) is used in both clauses to create a structural parallelism, emphasizing the transition from a state of mental illness (φρένας ὑγιεῖς, literally 'healthy minds') to a state of necessary madness. The term φρένας refers to the seat of thought and emotion; in this context, the lack of 'soundness' (ὑγιεῖς) implies madness or insanity, a central theme in the Bacchae where Dionysian frenzy is portrayed as a necessary, albeit terrifying, state. The relative clause οἷας σέ δεῖ uses the impersonal verb δεῖ (it is necessary) with the accusative σέ, indicating that the current madness is not merely a condition but a divine requirement for the character. The syntax reflects a rhetorical shift from denial to acceptance of a new, divinely imposed reality.",504
505,Shall we carry the levers?,"The sentence utilizes a first-person plural present active subjunctive (φέρωμεν) to form a hortatory question, suggesting a collective proposal or a moment of deliberation regarding immediate physical action. The noun μοχλοὺς (levers, bars, or crowbars) is the direct object, referring to the specific tools required for prying open the doors of the palace to reveal the god Dionysus. In the context of the play, this action represents the transition from the chorus's hesitation to their participation in the maenadic rites, marking a shift from passive observation to active intervention. The syntax is straightforward, consisting of a question word (implied by the interrogative context rather than an explicit interrogative particle like ἆρα) followed by the object and verb, creating a direct and urgent tone appropriate for the dramatic moment.",505
506,"Shall I raise the hand, placing the shoulder or the arm beneath the peaks?","This sentence features a rhetorical question (indicated by the question mark) challenging a course of action, likely in a moment of hesitation or defiance. The syntax relies on a future indicative verb (ἀνασπάσω, 'I will lift/raise') modified by an adverbial participle (ὑποβάλλων, 'placing beneath'). The participle governs a compound direct object connected by asyndeton (the conjunction 'or' is implied or the particles 'ἤ' are elided in meaning but the structure implies selection: 'the shoulder or the arm'). The phrase 'beneath the peaks' (κορυφαῖς) likely refers metaphorically to the peaks of a mountain or the acropolis, or literally to the summit of a structure, creating a vivid image of physical exposure or submission. The repetition of body parts (shoulder, arm) emphasizes the vulnerability of the speaker's upper body. The use of the dative plural for 'peaks' (κορυφαῖς) functions adverbially or as a local modifier for the participle, indicating location.",506
507,"Do not, I beg you, destroy the shrines of the Nymphs or the seats of Pan, where he keeps his pipes.","The sentence employs the negative imperative μή with the aorist subjunctive (διολέσηις) to issue a strong prohibition. The particle γε is attached to the personal pronoun σύ to add emphatic focus, creating a pleading tone often found in dramatic appeals. The syntax features a coordinated direct object structure: 'the shrines of the Nymphs' (τα Νυμφῶν ιδρύματα) and 'the seats of Pan' (Πανὸς ἕδρας) are linked by the coordinating conjunction καί. The relative clause introduced by ἐνθα (here contracted to ἐνθ') functions adverbially to specify the location of Pan's pipes (συρίγματα), a defining attribute of the god of the wild. The use of ἕδρας (seats/stations) rather than a more generic term for 'home' emphasizes the specific, localized nature of Pan's cultic presence in the landscape.",507
508,You have spoken well.,"The adverb καλῶς (kalōs), derived from the adjective καλός, functions here as a predicate adverb modifying the verb λέγω. In this context, it conveys approval of both the content and the manner of the speech, implying that the words are fitting, appropriate, or well-chosen for the situation. The verb εἶπας (second person singular aorist indicative active of λέγω) is used in the perfective sense, emphasizing the completion of the act of speaking. The sentence is a concise, standalone expression of validation, typical of dramatic dialogue where a character acknowledges the appropriateness of another's preceding statement. There are no complex rhetorical devices present in this brief clause, though the directness reflects the immediacy of conversational exchange.",508
509,One must conquer women with strength.,"The sentence utilizes a neuter singular passive periphrastic participle (νικητέον), a construction known as the 'gerundive' or 'passive periphrastic,' which expresses necessity or obligation ('must be conquered' or 'it is necessary to conquer'). The subject is impersonal, with the agent or object of the action appearing in the accusative (γυναῖκας, 'women'). The adverbial phrase οὐ σθένει ('with strength') modifies the verbal idea, emphasizing the physical power required for this task. The syntax presents a striking imperative tone regarding the subjugation of women, a theme central to the conflict in the Bacchae between the male order represented by Pentheus and the female followers of Dionysus. The word order places the negation particle οὐ before the noun σθένει, which in this specific morphological context functions as an adverbial accusative of means ('with strength'), though the presence of οὐ with a noun typically suggests a negative; however, in this specific textual variant and parsing, the phrase is understood as 'with strength' (σθένει) acting as the instrument, and the οὐ is likely a textual corruption or a specific dialectal/negative particle usage often debated in this line, but standard interpretation treats the clause as an assertion of the necessity of strength. *Correction based on standard textual criticism of this line (Bacchae 1066):* The standard text is usually 'σθένει νικητέον γυναικῶν' (women must be conquered with strength) or similar. The provided input 'οὐ σθένει' suggests a reading where 'strength' is the subject or the negation is key. However, parsing 'οὐ' as 'AuxZ' (Auxiliary/Zero?) with 'νικητέον' is unusual. A more standard reading of Euripides Bacchae 1066 is 'σθένει νικητέον γυναικῶν' (Women must be conquered with strength). If the input is strictly 'οὐ σθένει', it might be a corruption or a specific variant. Assuming the input is the ground truth: 'οὐ' (not) + 'σθένει' (strength - dative/accusative?) + 'νικητέον' (must be conquered). If 'οὐ' negates the strength, it would mean 'It is not with strength that women must be conquered,' which contradicts the context of the play. The most likely intended meaning in the context of the Bacchae, despite the provided parsing tags which might be noisy, is the assertion that strength is the requisite. *Re-evaluating the provided morphological data:* The POS for 'οὐ' is 'd--------' (determiner/article? No, 'οὐ' is usually adverb). The head is 'νικητέον'. The relation is 'AuxZ'. This suggests 'οὐ' is being treated as a negative particle modifying the necessity. However, 'σθένει' is dative/locative of means. If the text is 'οὐ σθένει νικητέον', it could be 'One must not conquer women with strength' (implying a trick or divine force), which fits the plot where Dionysus tricks Pentheus. But the standard text is 'σθένει νικητέον'. Given the ambiguity, the translation reflects the literal 'must conquer women with strength' as the primary semantic unit, noting the grammatical construction of the gerundive. *Wait, looking closer at the input:* The input says 'οὐ σθένει'. If 'οὐ' is a negative, and 'σθένει' is 'strength', and 'νικητέον' is 'must be conquered'. 'It is not with strength that women must be conquered'? Or 'Women must not be conquered with strength'? The context of the Bacchae is that the women are invincible by mortal strength. Therefore, the sentence likely means 'One cannot conquer women with strength' or 'It is not with strength that women must be conquered' (implying force is futile). However, the verb 'νικητέον' is a necessity. 'It is necessary to conquer women with strength' is the literal reading of the components if 'οὐ' is ignored or misparsed. If 'οὐ' is present, it negates the strength. 'It is not with strength that one must conquer women' (i.e., use cunning). *Decision:* The most accurate translation of the *provided* string 'οὐ σθένει νικητέον γυναικᾶς' (assuming the comma is a typo for the period) is 'One must not conquer women with strength' or 'It is not with strength that women must be conquered.' However, standard editions of Euripides Bacchae 1066 read 'σθένει νικητέον γυναικῶν' (without οὐ). The input has 'οὐ'. If we trust the input strictly: 'It is not with strength that women must be conquered.' This aligns with the play's theme that mortal strength fails against the divine. The phrase 'γυναικᾶς' is accusative plural, functioning as the object of the verbal idea. The use of the gerundive (νικητέον) creates a sense of fatalistic necessity or obligation. The juxtaposition of 'strength' and 'women' highlights the central conflict of the play: the failure of male rationality and physical force against the irrational, divine power of the female cult.",509
510,And I shall hide my body with fir branches.,"The sentence employs the dative case (ἐλάταισιν) to express the instrument or means by which the action is performed, a common usage in Greek known as the dative of means. The conjunction δέ (δ') serves to connect this clause to the preceding context, providing a transition while emphasizing the speaker's action. The verb κρύψω is in the future indicative active, indicating a deliberate intention to conceal. The use of δέμας (body) instead of a more specific term like σῶμα highlights the physical form in a ritualistic or dramatic context, often associated with transformation or concealment in Greek tragedy. The imagery of hiding the body with fir branches (ἐλάται) may allude to ritual practices involving evergreens, which were often used in Dionysian cults for their association with nature and renewal.",510
511,"A hiding, a concealment, is the one you must be hidden as, having come as a treacherous spy of the Maenads.","This sentence is a masterpiece of wordplay (paronomasia) built on the root κρυπ- (to hide). The speaker begins with κρύψη (a noun, 'a hiding') and κρύψιν (a noun, 'a concealment'), immediately followed by the passive infinitive κρυφθῆναι ('to be hidden'). This repetition creates a dense, almost incantatory rhythm that emphasizes the theme of secrecy. The phrase 'having come' (ἐλθόντα) is a perfect participle in the accusative, agreeing with the implied subject 'you' (σε) of the infinitive clause, functioning adverbially to describe the manner of the subject's arrival. The term δολίον ('treacherous' or 'deceitful') modifies κατασκόπον ('spy'), a common collocation in tragedy to describe an infiltrator. The genitive μαινάδων ('of the Maenads') specifies the group being spied upon, highlighting the tension between the hidden intruder and the ecstatic, divine followers of Dionysus. The structure κρύψη... κρύψιν... κρυφθῆναι creates a chiasmic-like effect in sound and meaning, reinforcing the idea that the character's very existence is now defined by concealment.",511
512,"And indeed, I think that they hold birds like those in brushwood, as if they were holding those dearest to them in their own enclosures.","The sentence employs a simile introduced by ὡς ('like/as if'), comparing the subject's action of 'holding' (ἔχεσθαι) birds in 'brushwood' (λόχμαις) to holding beloved ones (φιλατάτοις) within 'enclosures' (ἔρκεσιν). The use of the superlative adjective φιλτάτοις ('dearest') emphasizes the intensity of affection or attachment, creating a poignant contrast with the image of birds trapped in brushwood. The phrase 'ἔν ἔρκεσιν' (in enclosures) suggests a sense of confinement or protection, which may carry metaphorical weight regarding the relationship between the birds and their captors. The sentence structure relies on the infinitive ἔχεσθαι as the object of δοκῶ ('I think'), with σφᾶς ('them') as its subject, forming a complex syntactic construction that reflects the speaker's internal reasoning or observation.",512
513,So send a guard to that very spot.,"The sentence opens with the inferential particle οὐκοῦν ('so then,' 'then indeed'), which signals a conclusion drawn from preceding dialogue or action, urging immediate compliance. The preposition ἐπί ('to,' 'towards,' or 'upon') governs the accusative neuter demonstrative pronoun τοῦτο, here shortened to τοῦτ' before the pause or elision, meaning 'this' or 'this thing.' This is intensified by the attributive adjective αὐτό ('very' or 'self-same'), creating the emphatic phrase 'to that very thing' (i.e., that specific location or matter). The verb ἀποστέλλω is in the second person singular present active imperative, functioning as a direct command. The subject φυλαξ ('guard') is in the nominative case, explicitly stated despite the subject being often implied in Greek imperatives, likely for emphasis or clarity in a dramatic context. The syntax is direct and urgent, characteristic of dramatic dialogue where commands are issued without the softening of a subjunctive or optative mood.",513
514,"Perhaps capture will come to you, if you are not captured beforehand.","The sentence employs a striking chiasmus in its structure: the active verb 'λήψῃ' (capture/seizure, functioning as a noun or verbal noun) stands in opposition to the passive participle 'ληφθῇς' (being captured). This creates a semantic reversal where the agent of capture becomes the patient, and vice versa. The use of 'ἴσως' (perhaps) introduces an element of uncertainty or fatalism, suggesting that the outcome is not guaranteed but contingent upon the condition expressed in the 'ἔαν' (if) clause. The adverb 'πάρος' (beforehand, previously) modifies the passive participle, emphasizing the necessity of being caught before the anticipated capture can occur, or conversely, warning that if one escapes initial detection, the final capture may follow. The sentence reflects the unpredictable nature of fate and the divine will, common themes in tragic literature, particularly in the context of the Bacchae where the god Dionysus's power is inescapable once his presence is acknowledged or ignored.",514
515,Bring me through the midst of Theban land.,"The verb κομίζω (komizō) is in the present imperative active, second person singular, functioning as a direct command. The preposition διά (diá) governs the genitive case (χθονός), denoting motion 'through' or 'across' a space rather than mere location. The adjective μέσης (mesēs, 'middle' or 'midst') is in the genitive feminine singular to agree with χθονός (chthonos, 'land' or 'earth'), creating a specific locative phrase 'through the middle of the land.' The adjective Θηβαίας (Thēbaías, 'Theban') also modifies χθονός. The syntax places the object pronoun με (me) between the prepositional phrase and the noun it modifies, a flexible word order common in poetry to accommodate meter or to emphasize the speaker's presence within the action. The phrase 'through the midst' (μέσης ... χθονός) suggests a path cutting directly through the heart of the territory, often implying a dramatic or perilous entrance into the city of Thebes. The imperative mood reflects the urgency typical of a messenger or a god's command in tragic drama.",515
516,For I am the only man daring to do this.,"The sentence features the emphatic use of the adverb 'μόνος' (alone/only) modifying the subject 'ἀνήρ' (man), creating a strong assertion of individuality and isolation. The causal particle 'γάρ' (for) links this declaration to a preceding context, likely explaining the speaker's unique position or action. The present participle 'τολμῶν' (daring) functions adverbially, modifying the copula 'εἰμί' (I am), emphasizing the continuous nature of the daring act. The demonstrative pronoun 'τόδε' (this) serves as the direct object of the participle, pointing to a specific, perhaps transgressive, action. The structure highlights the tension between the speaker's solitary resolve and the collective fear or inaction of others, a common theme in Euripidean drama where individual conviction clashes with societal norms.",516
517,You alone overcome this city; you alone.,"The sentence employs epizeuxis (immediate repetition) and isolation through asyndeton. The adjective 'μόνος' (alone) is repeated for emphatic effect, first modifying the subject 'σύ' (you) within the main clause, and then standing alone as a fragment at the end to reinforce the isolation and singular power of the addressee. The verb 'ὑπερκαμνᾷς' (you overcome/surpass) takes the genitive 'πόλεως' (of the city), a construction typical of verbs of conquering or overcoming in Ancient Greek. The demonstrative 'ταύτης' (this) is attached enclitically to the article 'τῆς', creating the form 'τῆσδ'.' The structure creates a dramatic pause, highlighting the protagonist's unique and solitary triumph.",517
518,"Therefore, contests await you, which it was necessary.","The sentence employs the connective adverb τοιγαρ, a strengthened form of τοι, which serves to introduce a conclusion or a new phase in the argument, often translating as 'therefore,' 'consequently,' or 'accordingly.' The verb ἀναμένουσιν (they await) is in the present indicative active, third person plural, indicating an imminent and ongoing reality. The subject ἀγῶνες (contests/agon) refers to the public competitions, specifically the dramatic contests of the Dionysia, which are the context of the play. The relative clause οὓς ἐχρῆν (which it was necessary) contains the impersonal verb χρῆ in the imperfect indicative active, third person singular. The imperfect here suggests a past obligation or a destined necessity that has been established by the gods or fate. The construction creates a sense of inescapable doom, as the 'contests' are not merely events but a necessary fate that the addressee (σ', you) cannot avoid. The syntax places the relative clause immediately after the direct object, creating a tight integration of the necessity with the awaited events.",518
519,"Follow, then!","The verb ἔπου is the present imperative middle of ἔπομαι (to follow), here used in the second person singular. The particle δέ functions as a connective or transitional marker, often translated as 'then' or 'now,' signaling a shift in the action or a command to proceed. The imperative mood conveys a direct command or exhortation, typical of dramatic dialogue where characters urge one another to action. The sentence is a brief, punchy command, characteristic of the urgent and often chaotic atmosphere in Euripides' tragedies, particularly in scenes involving the followers of Dionysus. There are no complex syntactic structures or literary devices like chiasmus or asyndeton present in this single-verb sentence, but its brevity and directness contribute to its dramatic impact.",519
520,"I am an escort who brings salvation; from there, another will lead you away.","The sentence employs a clear asyndeton (lack of conjunctions) between the two main clauses, separated only by a comma, creating a sharp contrast between the speaker's current role and the future action of a different agent. The word order places the subject 'I' (ἐγὼ) emphatically after the verb 'I am' (ἔμ’), a common feature in Greek for emphasis or metrical reasons, though here it highlights the speaker's identity. The adjective σωτήριος (salvific/bringing salvation) modifies πομπὸς (escort/guide), a compound concept significant in the cultic context of the Dionysian mysteries, where the god or his followers guide initiates. The use of the future tense ἀπάξει (will lead away) combined with the pronoun σ’ (you) suggests a transition from a state of safety to one of separation or further journey, possibly alluding to the tragic fate awaiting Pentheus or the general theme of Dionysian power over human agency. The particle δ’ (but/and) serves as a connective that introduces the contrasting future action.",520
521,"The one who gave birth, indeed.","This fragment consists of a substantival participle (τεκούσα) derived from τίκτω (to bear/give birth), modified by the definite article (ἡ) and the emphatic enclitic particle (γε). The construction creates a noun phrase meaning 'the mother' or 'the one who bore [the child],' but the use of the participle rather than a standard noun like μήτηρ (mother) places specific emphasis on the act of birthing itself. The particle γε serves to add emphasis or a sense of 'at least' or 'indeed,' often used in tragic dialogue to underscore a painful or undeniable reality. The ellipsis (indicated by the period in the source) suggests this is a truncated utterance, typical of the stichomythia or emotional outbursts found in tragedy, where the speaker refers to a mother (likely Agave in the context of the Bacchae) without naming her, relying on the dramatic context to supply the object of her action.",521
522,Being conspicuous to all.,"The phrase utilizes a present active participle (ὄντα, from εἰμί) in the accusative case, functioning as a predicative adjective agreeing with an implied or previously mentioned subject (likely masculine singular). The adjective ἐπίσημον means 'marked,' 'distinguished,' or 'conspicuous,' often implying a visible sign or public notoriety. The dative plural πασίν ('to all') serves as an indirect object or sphere of reference for the adjective, indicating that the visibility or distinction is universal. The construction is elliptical, omitting the subject and verb that would normally frame this participial phrase, relying on context for full comprehension. The syntax highlights a state of being that is publicly known or evident to everyone.",522
523,For this I come.,"The verb ἔρχομαι (to come/go) is used here with the preposition ἐπί + the accusative τοῦτο (contracted to τοδ'), creating the idiomatic phrase ἐπὶ τοῦτο ἔρχομαι, meaning 'I come for this' or 'I come to this end.' The demonstrative pronoun οὗτος (τοῦδε) refers back to a specific purpose, goal, or situation previously established in the dramatic context. The sentence is a complete independent clause with the verb in the first person singular present indicative active. The brevity and directness of the statement are characteristic of dramatic monologue, where the speaker often declares their intent with urgency. The contraction of τοῦτο to τοῦδε (or τοῦδ' before a vowel) is a standard feature of Attic Greek prosody, though here it appears before a consonant (the dot indicates the end of the sentence, so the elision is likely due to the meter or a textual convention in the provided dataset). The preposition ἐπί with the accusative here denotes direction toward a goal or purpose, rather than simple location. The sentence structure is simple S-V (Subject implied in the verb ending), with the prepositional phrase acting as an adverbial modifier of purpose.",523
524,"Being carried, you will arrive where [you are being led].","The sentence features a present middle/passive participle (φερόμενος) agreeing with the subject of the future indicative verb (ἥξεις), creating a concessive or circumstantial clause meaning 'while being carried' or 'as you are carried.' The construction relies on an implied relative clause or a 'GAP' (G?) representing the destination or location, which is contextually understood from the preceding text. The use of the future tense (ἥξεις) with a present participle suggests a prediction or inevitability of the arrival. The syntax highlights the passive experience of the subject (being carried) versus the active arrival, emphasizing the theme of divine coercion or fate common in Euripides' works. No literary devices like chiasmus or anaphora are present in this isolated sentence, but the participial construction serves as a concise stylistic device to convey simultaneous action and state.",524
525,You speak of my luxury.,"The sentence employs a direct accusative object (αὐροτήτ᾽) followed by a possessive adjective (ἐμὴν) that agrees in gender, number, and case. The use of the accusative with the verb λέγειν (to say/speak) implies 'speaking of' or 'speaking about' a subject matter. The term αὐροτήτ (luxury, softness, delicacy) carries significant cultural weight in the context of the Bacchae, often associated with the perceived effeminacy or softness of the Dionysian rites, contrasting sharply with the rugged masculinity of the Theban warriors. The sentence reflects a moment of confrontation where the speaker (likely Agave) accuses another (possibly Pentheus or the Chorus) of attributing a trait of luxury to the divine or to the speaker's own nature, which is a point of contention in the play's exploration of divine power versus human perception.",525
526,in the hands of the mother.,"This fragment is a prepositional phrase functioning as an adverbial modifier, likely indicating location or instrumentality. The preposition ἐν (en) governs the dative plural χερσί (kersí), a syncretic form of χείρ (cheír) in the dative case, here emphasizing the bodily instrument. The noun μήτηρ (mḗtēr) appears in the genitive singular, functioning as an attributive modifier to 'hands' (χειρὶ μητρός), a construction that creates a possessive relationship without a genitive article. In the context of the Bacchae, this phrase likely alludes to the violent dismemberment of Pentheus by his mother Agave, who carries his head 'in the hands of the mother,' unaware of its identity. The juxtaposition of the maternal figure with the act of holding a severed head creates a stark, tragic irony characteristic of Euripidean tragedy.",526
527,And you will force me to live in luxury.,"The verb ἀναγκάσεις (future indicative active, 2nd person singular) is used with an accusative object (τρυφᾶν) that functions as a cognate accusative or a predicate accusative, a construction where the object of the verb is semantically equivalent to the subject's state or action. Here, τρυφᾶν (accusative singular of the verbal noun from τρυφάω, 'to live in luxury') serves as the direct object of the forcing action, effectively meaning 'to force me into luxury.' The enclitic pronoun μ' (accusative of ἐγώ) is the indirect object of the forcing, indicating the recipient of the action. The sentence begins with καί, which acts as a connective particle, suggesting a continuation of a preceding thought or argument. The use of the future tense implies a prediction or a threat, depending on the context of the dialogue. The phrase 'live in luxury' (τρυφᾶν) carries cultural connotations of indulgence and excess, often associated with the Dionysian themes present in Euripides' Bacchae, where the boundaries between civilization and barbarism, order and chaos, are frequently explored.",527
528,"Such luxuries, indeed.","The sentence consists of a noun phrase functioning as an exclamatory fragment, typical of dramatic dialogue where the speaker reacts to a specific situation. The noun τρυφάς (accusative plural) means 'luxuries,' 'indulgences,' or 'softness,' often carrying a pejorative connotation of excessive softness or moral decay in Greek tragedy. The particle γε serves to emphasize or limit the statement, here adding a tone of 'indeed' or 'at least,' reinforcing the speaker's judgment of the preceding action. The demonstrative adjective τοιάσδε (accusative plural, feminine) agrees with τρυφάς and means 'such' or 'of this kind,' pointing specifically to the nature of the indulgences just witnessed or mentioned. The use of the accusative case without a governing verb suggests an elliptical construction common in speech, where the implied verb might be something like 'I see' or 'There are.' The brevity and focus on the accusative object highlight the speaker's emotional reaction to the specific quality of the behavior described.",528
529,I am worthy of being touched.,"The verb ἅπτομαι is in the present passive (or middle-passive) indicative first person singular. In this context, it functions passively, meaning 'to be touched' or 'to be handled.' The adjective ἀξίων (worthy, deserving) is in the accusative singular neuter, functioning as the object of the passive verb, a construction where the predicate adjective agrees with the logical subject in the accusative case (a specific usage often found with verbs of perception or handling). The particle μεν serves to mark a contrast or expectation, often implying 'on the one hand' or 'indeed,' setting up a potential contrast with a following clause (though this sentence is an excerpt). Stylistically, the placement of μεν immediately after the adjective ἀξίων creates a slight emphasis on the quality of 'worthiness' before the action of 'being touched' is introduced. The sentence reflects the intense physical and spiritual themes often found in Euripides' exploration of ritual and the divine, where the boundary between the mortal and the divine is traversed through physical contact.",529
530,"Terrible, terrible, and terrible indeed you shall begin your sufferings, so that you will discover fame that supports the sky.","The sentence employs anaphora and repetition of the adjective 'δεινός' (terrible, fearful, mighty) three times to emphasize the intensity and overwhelming nature of the suffering being prophesied. The phrase 'δεινὸς σύ δεινὸς' creates a rhythmic, incantatory effect typical of tragic prophecy. The verb 'ἔρχη' (you shall begin) is in the future middle indicative, suggesting an inescapable destiny. The construction 'ὥστε + future indicative' (so that... you will discover) indicates a result clause, where the terrible sufferings lead inevitably to a specific outcome. The object of the result clause involves a hyperbolic metaphor: 'fame that supports the sky' (οὐρανῷ στηρίζον), attributing to the protagonist a glory so immense it seems to physically uphold the cosmos. This juxtaposition of extreme suffering with cosmic fame highlights the tragic paradox often found in Euripides, where great glory is inextricably linked to immense pain.",530
531,"Stretch out your hands, Agave, and you too, the daughters of Cadmus born of the same seed.","The sentence opens with an aorist imperative verb (ἔκτειν') in a shortened form due to elision, functioning as a command. The vocative 'Agave' is placed in the middle of the clause, a stylistic choice that emphasizes the personal address while maintaining the flow of the command. The use of the enclitic particle τε ('and') following the vocative creates a connection between Agave and the other daughters of Cadmus, who are collectively addressed as 'οἱ θ' ὁμόσποροι' (those of the same seed). The adjective 'ὁμόσποροι' (homospores) is a compound word meaning 'born of the same seed' or 'of the same stock,' which serves as a cultural marker for the familial bond and shared lineage of the Theban women. The sentence structure employs asyndeton in the first part, where the verb is directly followed by the vocative, creating a sense of urgency. The overall tone is one of command and communal identity, typical of choral or dramatic addresses in Greek tragedy.",531
532,"I lead this young man to a great contest, and I and Bromius shall be the victors.","The sentence employs a future participle (νικήσων) functioning as a subject for the future tense verb (ἔσται), effectively creating a prediction of outcome within the main clause structure. The use of the conjunction καί (and) with the enclitic δ' (de) following the participle creates a rhythmic pause and links the two subjects (ἐγώ and Βρόμιος) to the verb ἔσται. The title 'Bromius' is a cult epithet of Dionysus, referring to the god's loud, booming voice or the ecstatic shouting of his followers. The phrase 'great contest' (ἀγῶνα μέγαν) utilizes a chiasmus-like word order in the first clause (adjective-noun vs. noun-adjective in the second clause of the sentence structure, though strictly here it is noun-adjective), emphasizing the magnitude of the struggle. The speaker asserts a dual victory, claiming both personal and divine agency in the impending triumph.",532
533,But the rest he himself will signify.,"The sentence features the particle 'δέ' (represented here as 'δ''), which provides a contrastive or transitional force, often translated as 'but' or 'however,' connecting this statement to a preceding context. The use of 'αὐτός' (himself) in the accusative case, functioning as an object alongside 'τὰ ἄλλα' (the rest), serves as an emphatic pronoun, highlighting the agent's direct involvement or authority in the action. The verb 'σημαίνει' is in the future indicative active, third person singular, indicating a definitive future action. The structure is concise, utilizing asyndeton (the absence of conjunctions between clauses) in the broader context of the play, though within this single clause, the syntax relies on the juxtaposition of the objects and the verb for clarity. The phrase 'τὰ ἄλλα' is a common idiomatic expression in Ancient Greek meaning 'the rest' or 'the other matters,' often used to summarize or conclude a discussion.",533
534,"Run, swift hounds of madness! Go to the mountain, where the daughters of Cadmus hold their sacred band. Turn him round and bring him to the maenads' frenzied spy, clad in that woman-mimicking gown.","This passage is a dramatic imperative command delivered by a character (likely Pentheus or a follower) addressing the Maenads, metaphorically addressing them as 'hounds of madness' (θυιαδῶν/λύσσας κύνας). The syntax features a series of aorist imperatives (ἴτε, ἴτε, ἀνοιστρήσατε) creating a sense of urgent, rapid action, characteristic of tragic choral or strophic speech. The phrase 'daughters of Cadmus' (Κάδμου κόραι) is a metonymy for the Theban women who have been driven into ecstatic frenzy by Dionysus. The term 'woman-mimicking gown' (γυναικομίμω στολή) is a key cultural reference to the disguise of Pentheus, who is being led to his death while disguised as a Maenad. The use of 'spy' (κατάσκοπον) ironically refers to Pentheus himself, who has come to spy on the rites but is now being led into the trap. The sentence structure employs asyndeton (lack of conjunctions between clauses) to heighten the sense of haste and chaos.",534
535,"The mother will first see him, leaping from the white rock or the stake, plotting, but she will ward him off with the maenads.","The sentence features a striking juxtaposition of domestic and violent imagery: 'the mother' (Agave) is contrasted with the 'maenads' (her frenzied followers). The participle 'δοκεύοντα' (plotting/planning) creates dramatic irony, as the mother perceives the plot as a threat, while the audience knows the 'plotting' is merely Pentheus's attempt to spy. The construction 'λευρᾶς ἀπὸ πέτρας ἢ σκόλοπος' uses a disjunctive 'ἢ' (or) to list two potential vantage points, emphasizing the height and danger of Pentheus's position. The verb 'ἡπύσει' (will ward off/drive away) is a future indicative used in a prophetic or gnomic sense, predicting the inevitable violence of the maenadic frenzy. The syntax employs a paratactic structure with 'δ' (but) to contrast the act of seeing with the act of repelling, highlighting the mother's transformation from observer to aggressor.",535
536,"Who is this seeker of the mountain-dancers who has come to the mountain, to the mountain? Oh, Bacchants!","The sentence employs the rhetorical device of epizeuxis (repetition of a word without interruption) with 'εἰς ὄρος εἰς ὄρος' (to the mountain, to the mountain). This repetition emphasizes the urgency and intensity of the movement towards the mountain, reflecting the frenzied nature of the Bacchic rites. The term 'μᾶστηρ' (seeker/one who hunts for) is used metaphorically here to describe the search for the maenads, adding a layer of tension as the speaker (Pentheus) questions the presence of these foreign worshippers. The vocative 'ὦ Βάκχαι' directly addresses the maenads, highlighting their central role in the scene and the dramatic confrontation occurring.",536
537,"Who, then, gave birth to her?","The particle ἄρα (ara) serves as an inferential or explanatory particle here, often translated as 'then' or 'so,' indicating that the speaker is drawing a conclusion from preceding circumstances or expressing a moment of realization. The pronoun νιν (nin) is the accusative singular form of the third-person feminine pronoun, referring to the female figure under discussion (typically Agave in the context of the Bacchae). The verb ἔτεκεν (eteken) is the third person singular aorist indicative active of τίκτω (tiktō), meaning 'to give birth.' The sentence structure is a direct question focusing on maternity, a central theme in the play regarding the identity of the child (Dionysus) and the mother's ignorance of her own kinship. The word order places the interrogative pronoun τίς at the beginning for emphasis, followed by the inferential particle and the object before the verb, a common arrangement in tragic dialogue to heighten dramatic tension.",537
538,"For he did not grow from the blood of women, but of a certain lioness, this race of Libyan Gorgons.","The sentence employs a strong contrast between human and animal origins, utilizing the negative particle οὐ (ou) with the causal particle γάρ (gar) to establish a foundational argument for the speaker. The verb ἐφύ (ephū), an aorist of φύω (phyō), is used here in the sense of 'to be born' or 'to grow,' a common poetic usage for origins. The phrase 'blood of women' (αἵματος γυναικῶν) is juxtaposed with 'lioness' (λεαίνας), highlighting the hybrid, monstrous nature of the subject (the Gorgons). The use of the indefinite pronoun τινος (tinós) before 'lioness' adds a sense of specific yet undefined origin, emphasizing the singular, exceptional nature of the creature. The sentence structure features asyndeton between the two contrasting clauses (omitting a conjunction like ἄλλα or ἀλλ' before the second clause), which sharpens the antithesis. Additionally, the word order places the demonstrative οὗδ' (hoûd, 'this') immediately before the noun γένος (génos, 'race'), creating a rhetorical emphasis on the identity of the group being described. The epithet 'Libyan' (Λιβυσσῶν) connects the mythological Gorgons to the exotic and wild regions of North Africa, a common trope in Greek literature to denote barbarism or monstrosity.",538
539,"Let Justice, manifest, come; let the sword-bearing, killing [one] come, piercing through the throat of the godless, lawless, unjust son of Echion, earth-born.","This sentence exhibits a powerful use of tricolon (a series of three parallel clauses or phrases) in the second half, where the three adjectives ἄθεον (godless), ἄνομον (lawless), and ἄδικον (unjust) form a climactic accumulation of charges against Pentheus. The phrase 'earth-born' (γηγενής) is a specific cultural and mythological reference to the Spartoi, the warriors sown from the dragon's teeth, of which Pentheus was a descendant. The word διαμπαξ (through and through) is an adverb of intensification that vividly describes the physical act of killing. The syntax employs a strong anaphora with the repetition of ἴτω (let him/her come) to create a rhythmic, incantatory effect typical of tragic stichomythia or choral odes. The participle φονεύουσα (killing) functions adverbially, modifying the second ἴτω, while the genitive λαιμῶν (of throats) is used with the verb of killing in a metonymic sense, emphasizing the fatal wound. The sentence structure mirrors the dual nature of the command: first, the abstract personification of Justice, and second, the concrete, violent agent carrying out that justice.",539
540,"Whoever, with an unjust opinion and lawless anger against your Bacchus, prepares the rites of your mother with a mind gone mad and a rash courage, is sent forth as one who will triumph with violence; but a death without excuse, a prudent opinion, is born for the gods.","The sentence exhibits a complex structure typical of tragic choral odes, utilizing a relative clause (ὅς) that governs the main verb (στέλλεται) but is interrupted by a subordinate causal clause introduced by ὡς (as/so that). The text employs a stark contrast (antithesis) between the human agent's 'lawless anger' (παράνομωι ὀργη) and the divine outcome of a 'prudent opinion' (γνώμην σώφρονα) embodied by death. The phrase 'without excuse' (ἀπρόφασιστος) emphasizes the inevitability and absolute nature of the divine punishment. The syntax features a delayed subject for the final verb (ἔφυ), where 'death' (θάνατος) acts as the subject of a verb meaning 'to spring forth' or 'to be born,' personifying death as an active agent. The use of the dual sense of 'opinion' (γνώμη) for both the fatal human error and the divine corrective wisdom highlights the thematic tension between human hubris and divine order.",540
541,A mortal life must be lived without sorrow.,"The sentence employs the adverb βροτείως ('mortally' or 'as a mortal') to modify the infinitive ἔχειν ('to have' or 'to live'), establishing a standard of conduct for human existence. The particle τε ('and') is enclitic and often indicates a connection to a preceding thought, suggesting this is part of a larger argument or exhortation. The phrase ἄλυπος βίος ('sorrowless life') presents an idealized state that is linguistically juxtaposed with the constraint of being 'mortal' (βροτείως), creating a poignant contrast between human limitation and the desire for peace. This reflects a common theme in Greek tragedy where the acceptance of human fragility and the mitigation of suffering are central to wisdom.",541
542,I do not envy the wise.,"This sentence features the negation οὐ with the present indicative verb φθονῶ, a common construction for expressing a general truth or a firm personal stance. The adjective σοφόν (wise) is in the accusative singular neuter, functioning as the direct object of the verb, while the article τὸ agrees in case, number, and gender, creating a nominal phrase 'the wise' (i.e., those who are wise). The word order places the object before the verb, a stylistic choice that can emphasize the concept of 'the wise' or simply reflect poetic rhythm. The sentiment reflects a common Greek literary theme where the speaker distinguishes themselves from the typical human reaction of envy toward those considered superior or knowledgeable, often highlighting a moral or philosophical independence.",542
543,"I rejoice, hunting.","The sentence employs a present participle (θηρευούσα) functioning adverbially to modify the main verb (χαίρω), indicating the circumstance or manner in which the action of rejoicing occurs. The participle agrees with the subject in gender (feminine), number (singular), and case (nominative), reflecting the speaker's identity. The juxtaposition of joy and the act of hunting evokes the wild, untamed nature associated with the cult of Dionysus, particularly the Maenads' ecstatic pursuit of prey in the wilderness. The concise structure mirrors the immediacy and intensity of the emotion and action described.",543
544,But the other things are great and manifest.,"The sentence employs a sharp contrast introduced by the enclitic particle δέ (δ'), which functions here to signal a transition or opposition to a preceding thought, likely referring to things that are not manifest or are small. The subject ἕτερα (the other things) is a neuter plural substantive used with the adjective μέγα and the predicate adjective φανερός, both agreeing in case, number, and gender. The construction uses asyndeton (the omission of a conjunction between clauses or phrases) in the broader context of the play, though here τε (τ') connects the two adjectives directly to the verb 'are' (implied by the copula). The phrase ἕτερα... μεγάλα φανερά τ' suggests a binary opposition often found in Greek tragedy between the hidden/unknown and the revealed/great. The word order places the demonstrative-like adjective ἕτερα first for emphasis, followed by the descriptive predicates, creating a balanced, rhythmic structure typical of tragic dialogue. The use of φανερός (manifest, clear) carries connotations of public revelation or divine visibility, which is thematically significant in the Bacchae regarding the revelation of Dionysus.",544
545,"Ah, to dwell upon beautiful life, and to celebrate the day until night with piety, and to honor the gods, casting aside the laws of outsiders and their judgments.","This sentence is an imperative exhortation (indicated by the infinitives functioning as imperatives, a common feature in Greek gnomic or hortatory statements) addressed to the listener to adopt a specific way of living. The syntax employs a series of infinitives (νάειν, ἐσεβεῖν, τιμᾶν) coordinated by the particle τε ('and') and δέ ('but/and'), creating a rhythmic, parallel structure that emphasizes the components of the virtuous life. The phrase 'καλὰ βίον' (beautiful life) uses the adjective καλός, which in Greek carries a dual meaning of both physical beauty and moral goodness, suggesting that a life lived in accordance with the divine is inherently beautiful. The temporal progression 'from day to night' (ἦμαρ ἐς νύκτα) underscores the continuous, unceasing nature of the piety required. The final clause introduces a sharp contrast: the internal piety ('εὐσεβεῖν') is juxtaposed with the rejection of external norms ('τὰ δ' ἔξω νόμιμα'). Here, 'outsiders' (ἔξω) likely refers to those who do not participate in the specific religious rites being celebrated (such as the non-initiates or those who follow civic law over divine law), and 'casting aside' (ἐκβαλόντα) is a participle modifying the subject of the infinitives, indicating the necessary action of discarding these foreign judgments to properly honor the gods. The use of chiasmus is not strictly present, but the sentence exhibits a strong antithetical structure between the internal devotion and the external rejection of alien laws.",545
546,"Let Justice come forth, visible; let her come, the sword-bearing one, slaying the throats of the godless, lawless, and unjust son of Echion, the earth-born.","The sentence opens with a strong imperative (ἴτω, 'let him/her/it come') repeated for emphasis, a rhetorical device known as epizeuxis or simple repetition to heighten the dramatic urgency of the call to action. The adjective φανερός ('visible') is predicative, emphasizing the undeniable presence of Justice. The second clause features a striking accumulation of three negative adjectives (ἄθεον, ἄνομον, ἄδικον) modifying 'son,' creating a triad of moral condemnation that intensifies the gravity of the crime being punished. The phrase 'sword-bearing' (ξιφηφόρος) and 'slaying' (φονεύουσα) depict Justice not merely as an abstract concept but as an active, violent agent. The genitive τόκον ('offspring/son') followed by the epithet γηγενῆ ('earth-born') refers to the Spartoi, the mythical warriors born from the dragon's teeth sown by Cadmus; specifically, this likely targets Pentheus, who is often associated with this lineage in the Bacchae, though the text here explicitly names Echion's son. The adverb διαμπἀξ ('through and through' or 'right through') modifies the action of slaying, indicating a thorough and fatal strike. The syntax moves from the abstract personification of Justice to the concrete, bloody reality of its execution.",546
547,"Appear as a bull with many horns to be seen, or a fire-burning dragon to be seen, or a lion.","This sentence features a series of three parallel noun phrases (bull, dragon, lion) linked by the disjunctive particle 'ἤ' (or), creating a rhythmic, incantatory effect typical of the god Dionysus's manifestations. The structure relies on a single imperative verb, 'φάνηθι' (appear), which governs three distinct subjects: 'ταῦρος' (bull), 'δράκων' (dragon), and 'λέων' (lion). The dragon is further modified by the compound adjective 'πυριφλέγων' (fire-burning), a vivid epithet emphasizing the terrifying nature of the apparition. The infinitives 'ἰδεῖν' and 'ὁρᾶσθαι' function as complements to the subjects, indicating the purpose or manner of the appearance (to be seen). The text displays a form of asyndeton in the listing of the creatures if the 'ἤ' were omitted, but here the repetition of 'ἤ' creates a deliberate anaphora that heightens the dramatic tension and unpredictability of the divine transformation.",547
548,"Come, O Bacchus, hunter of the bacchants, cast the death-bringing noose around the face of the one who falls under the herd of the maenads.","The sentence opens with the adverb ἴθ' (a contracted form of ἔρχο), a strong imperative urging immediate action, often used in dramatic contexts to command a god or hero. The vocative Βάκχε (Bacchus/Dionysus) is addressed directly, establishing the speaker's supplication or command to the deity. The epithet θηραγρευτᾶς (hunter of the bacchants) is a striking paradoxical title for Dionysus; while he is the god of the maenads, he is here invoked as their pursuer or destroyer, reflecting the dual nature of the god as both protector and avenger. The phrase γελῶντι προσώπῳ (with laughing face) employs a participle in the dative case modifying the object of the action, creating a vivid image of the victim's expression even in death, which contrasts sharply with the grim action of casting a noose. The use of the adjective θανάσιμον (death-bringing) emphasizes the fatal consequence of the action. The prepositional phrase ὑπ' ἀγέλαν (under the herd) suggests the victim is overwhelmed or trampled by the frenzied group, highlighting the chaotic and violent nature of the maenadic rites. The entire sentence is a powerful example of dramatic irony and tension, as the speaker calls upon the god to enact a violent end upon one of his own followers, underscoring the terrifying aspects of Dionysian worship.",548
549,"O house, formerly blessed throughout Hellas, of a Sidonian elder, who sowed the earth-born teeth of the snake in the summer, thus I lament you, though a slave, yet nevertheless.","This sentence is a complex apostrophe (direct address) to the house of Cadmus, the founder of Thebes. The syntax relies heavily on apposition and relative clauses to pack mythological backstory into a single address. Key features include: 1) The use of the vocative 'ὠ' (O) to initiate the address. 2) The genitive absolute construction implied by the description of the 'Sidonian elder' (Cadmus) who performed the mythic act of sowing the dragon's teeth (γηνγενὲς δρακόντος). 3) The temporal adverb 'θερόν' (in summer) is used metaphorically to mark the time of the sowing, contrasting with the speaker's current lamentation. 4) The sentence concludes with a striking antithesis using the 'μέν... δέ' (though... yet) structure (here expanded with 'ὅμως' for emphasis) to highlight the paradox of the speaker's status: a slave who nonetheless possesses the authority or emotional capacity to mourn the house. The syntax is dense, with the main verb 'στενάζω' (I lament) appearing late, delayed by the extensive descriptive clauses about the house's past glory and the speaker's condition. The ellipsis at the end (indicated by the trailing punctuation in the source) suggests an incomplete thought or a pause for dramatic effect, common in choral odes or monodies where the speaker is overcome by emotion.",549
550,But what is it?,"The sentence features the enclitic particle δέ (rendered as δ') attached to the interrogative pronoun τί, creating a slight pause or transition often used in dialogue to shift focus or express surprise. The verb εἶσιν is the third person singular present indicative of εἰμί (to be), which agrees with the neuter singular subject τί. The construction is a standard interrogative clause asking for the identification of an unspecified object or situation. The brevity of the question, combined with the rhetorical particle, suggests a moment of inquiry or confusion within a dramatic context, typical of the dialogue in Euripides' tragedies where characters often react to sudden revelations or ambiguous events.",550
551,"From among the bacchants, are you reporting something new?","The preposition 'ἐκ' (ek) with the genitive plural 'βακχῶν' indicates origin or source, literally 'out of' or 'from among.' The verb 'μηνύεις' (menyéis) means 'to announce,' 'report,' or 'reveal,' often used in contexts of bringing news or accusations. The pronoun 'τι' (ti) is an indefinite pronoun in the accusative, functioning as the direct object, while 'νέον' (neon), the neuter accusative singular of the adjective 'νέος,' agrees with it, emphasizing the novelty of the information. The sentence is a direct question, likely reflecting the tension between the protagonist and the chorus or a character associated with the Maenads (bacchants). Stylistically, the sentence exhibits a compact, interrogative structure typical of Euripidean dialogue, where the speaker challenges the source and credibility of the news being delivered. The use of 'ἐκ βακχῶν' may carry cultural connotations, as the bacchants were followers of Dionysus, often associated with ecstatic rituals and unpredictable behavior, which could imply skepticism about the reliability of their reports.",551
552,"Pentheus is destroyed, the son of Echion, his father.","The sentence employs a tragic apostrophe of the deceased, using the perfect active indicative of ὄλλυμι (to destroy/perish) to signify a completed action with enduring consequences, typical of Greek tragedy announcing a character's doom. The noun phrase 'the son of Echion, his father' functions as an appositive (APOS) to Pentheus, creating a stark juxtaposition: the son is identified by his lineage, yet the destruction of the son implies the destruction of the father's lineage. The repetition of the father-son relationship (Πενθεύς... παῖς... Εχίωνος... πατρός) creates a subtle chiasmus in the semantic relationships, emphasizing the cyclical nature of the family curse. The syntax is simple, consisting of a subject and predicate with a descriptive genitive chain, which mirrors the finality and abruptness of the death announcement.",552
553,"O, O king Bromios, show yourself a great god!","The sentence begins with a double vocative exclamation (ὠ- ὦναξ), a rhetorical device known as *iteratio* or repetition, used to heighten the emotional intensity of the prayer or invocation. The vocative case is used for both 'king' (ἄναξ) and the epithet 'Bromios' (Βρόμιε), directly addressing the deity. 'Bromios' is a specific epithet for Dionysus, referring to the god's noisy, ecstatic nature. The verb φαίνω (phainō) appears here in the present imperative, second person singular, functioning as a deontic imperative: the speaker is urgently commanding the god to manifest or reveal himself. The adjective μέγας (megas, 'great') agrees with the subject θεός (theos, 'god') in the nominative case, emphasizing the majesty and power of the deity being invoked. The syntax places the vocative address first, followed by the imperative command, a common structure in Greek religious poetry to establish a direct relationship between the mortal supplicant and the divine addressee before the request is made.",553
554,How do you say?,"The sentence is a direct question formed by the interrogative adverb πῶς (how) modifying the second-person singular present indicative of the verb φημί (to say, to speak). In Attic Greek, φημί often carries a nuance of 'affirm' or 'declare' in addition to 'say,' making 'How do you declare?' a possible alternative, though 'How do you say?' is the standard idiomatic rendering. The syntax is simple, with the adverb functioning as an adjunct to the verb. No explicit subject is present because the verb's personal ending (-ς) indicates the second person singular. This phrase is typical of dramatic dialogue where a character seeks clarification on a previous statement or demands to know the specific wording used by another.",554
555,What did you say this?,"The sentence features the interrogative pronoun τι (ti) functioning adverbially to modify the verb, asking 'what' or 'how' regarding the speech act. The demonstrative pronoun τουτο (touto, here elided as τουτ' before the vowel of the following verb) serves as the direct object. The verb ἔλεξας is in the second person singular aorist indicative active, denoting a completed action in the past. The use of the aorist here emphasizes the specific utterance rather than the process of speaking. The elision of the final alpha in τουτο is a common feature in poetic and dramatic verse to maintain metrical regularity. The rhetorical question format suggests surprise or disbelief at the content of the statement just made.",555
556,Do you rejoice at the misfortunes of my masters?,"The sentence opens with the enclitic particle ἦ (here written as ἦ), which functions as a strong affirmative or emphatic particle, often translating to 'indeed' or serving to sharpen the rhetorical force of a question. The verb χαίρεις (you rejoice) is used with the preposition ἐπί (ἐπί + dative), which here indicates the object of the emotion ('at' or 'over'). The phrase κακῶς πράσσουσι δεσπόταις is a dative of reference or sphere, describing the masters as 'those who are faring badly' or 'misfortuned masters.' The use of the vocative γύναι (woman) at the end creates a sharp, direct address, characteristic of dramatic confrontation. The syntax places the verb at the beginning of the clause, a common feature in Greek questions that highlights the action or emotion being questioned. The rhetorical question implies an accusation: the speaker (Pentheus) is challenging the visitor (Dionysus in disguise) for taking pleasure in the suffering of his household.",556
557,I tune foreign songs to barbarian melodies.,"The verb εὐάζω (eúazō) is a hapax legomenon in this specific context within the Bacchae, meaning 'to tune' or 'to strike in harmony,' often used in the context of musical accompaniment or the tuning of instruments. The syntax employs a dative of means or accompaniment (μελέσι βαρβάροις) to indicate the specific mode or 'songs' to which the foreign tunes are being adjusted. The adjective βαρβάροις (barbarois) modifying μελέσι (melēs) highlights a cultural contrast central to the play's themes: the distinction between the 'foreign' (xena) and the 'barbarian' (barbarois) elements, which in the context of Dionysian worship often signifies the introduction of ecstatic, non-Greek rites that disrupt the established social order. The sentence exhibits a tight, rhythmic structure typical of tragic stichomythia or choral odes, where the alliteration of the 's' and 'b' sounds in ξένα μελέσι βαρβάροις creates a sonic texture that mimics the foreign, perhaps chaotic, nature of the music being described.",557
558,For I no longer tremble under the fear of chains.,"The sentence employs a clear chiasmus in the prepositional phrase structure 'δεσμῶν ... φόβω' (chains ... fear), linking the object of fear (chains) with the cause of the trembling. The adverb οὐκέτι (no longer) combined with the present indicative πτησσώ (I tremble/shake) indicates a shift in the speaker's state from previous fear to current courage. The use of γάρ (for) suggests this statement serves as an explanation or justification for a preceding action or assertion. The dative case φόβῳ (fear) governed by ὑπό (under) is a standard construction for expressing the source or cause of an emotion or physical reaction in Ancient Greek.",558
559,"And how do you lead Thebes, a city of men without courage?","The adjective αὐνανδρους (anan-drous) is a compound of α- (negative) and ἀνήρ (man), functioning here as a substantive adjective meaning 'unmanly' or 'cowardly.' In this context, it describes the city of Thebes, personifying it as having lost its masculine virtue or martial spirit, a central theme in the play where the city suffers under the Dionysian madness. The sentence structure features a fronted direct object (Θήβας) for emphasis, followed by the adjective modifying it. The relative clause or question is left incomplete in the provided text (indicated by GAP tags), suggesting a rhetorical question where the expected answer or continuation is implied by the dramatic context of Pentheus's arrogance and the subsequent destruction of Thebes. The use of δέ (and/but) serves as a connective particle, linking this statement to previous dialogue or action.",559
560,"O Dionysus, O Dionysus! Thebes does not have my power!","The sentence opens with a vocative repetition (anaphora) of 'O Dionysus,' a common rhetorical device in Greek tragedy used to express intense emotion, desperation, or invocation. The syntax presents a striking contrast: while the dual vocatives suggest the speaker is addressing the god directly, the main clause declares that Thebes (the subject) lacks 'my power' (the predicate). The possessive pronoun 'my' (ἐμόν) is in the accusative case, agreeing with 'power' (κράτος), indicating the speaker's claim to authority that the city currently fails to recognize or possess. The contraction of 'ἔχουσιν' to 'ἔχουσ'' before the vowel-initial 'ἐμόν' is a standard feature of Greek prosody. The exclamation mark reflects the emotional intensity typical of choral odes or dramatic monologues in Euripidean tragedy.",560
561,"It is excusable for you, but it is not fine to rejoice over accomplished evils, women.","The sentence employs a chiastic structure (A-B-C-B'-A') through the arrangement of the concessive 'μέν' (indeed) and the adversative 'πλήν' (but), contrasting what is socially acceptable ('συγγνωστά') with what is morally proper ('καλόν'). The adjective 'συγγνωστά' (excusable) agrees with an implied neuter subject 'to say' or 'to think,' while 'καλόν' functions as a predicate neuter adjective meaning 'fine' or 'morally beautiful.' The phrase 'ἐπ’ ἐξειργασμένοις κακοῖσι' uses the preposition 'ἐπί' with the dative case to indicate the object of the emotion, meaning 'over' or 'in regard to.' The perfect passive participle 'ἐξειργασμένοις' (accomplished/achieved) emphasizes that the evils are already completed actions. The vocative 'ὦ γυναῖκες' directly addresses the Chorus, highlighting the communal nature of the moral judgment being delivered. The syntax relies on ellipsis, where the verb 'is' is omitted in both clauses, a common feature in gnomic or reflective statements in Greek tragedy.",561
562,"Tell me, explain: by what doom does an unjust man die, bringing forth unjust deeds?","This sentence features a striking use of asyndeton (the omission of conjunctions) in the imperative opening 'ἔννεπε μοι, φρασον' (tell me, explain), creating a sense of urgent, breathless inquiry. The syntax relies on a present participle (ἐκπορίζων) functioning attributively to the subject (ἀνήρ), indicating simultaneous action: the man dies while actively producing his crimes. A key rhetorical feature is the deliberate repetition of the root ἄδικος/ἄδικα (unjust/unjust things), creating a semantic echo that emphasizes the intrinsic link between the man's character and his actions. The word μοῖρα (here μοῖρα in the dative μορώ, meaning 'doom' or 'fate') is used in the specific sense of a destined end, often associated with divine punishment in tragic literature. The sentence structure places the question of the 'unjust man's' death at the center, framed by the demand for explanation, highlighting the tragic theme of the inevitability of retribution.",562
563,"Having abandoned the servants of this land of Thebes, we went down to the streams of the Asopus, and we threw a rock of Cithaeron, Pentheus and I — for I said 'lord' — and a stranger who was our guide for the pilgrimage.","The sentence employs a participial clause (λιπόντες) to establish the sequence of actions, indicating the departure from Thebes prior to the arrival at the Asopus. The main verb εἰσεβάλλομεν ('we threw in') takes a dual subject construction: Πενθεύς τε καὶ ἐγώ ('Pentheus and I'), coordinated by the enclitic τε and the conjunction καί. The parenthetical insertion δεσπότη γὰρ εἶπον ('for I said lord') serves as a gnomic or explanatory aside, revealing the speaker's self-identification as a 'stranger' (ξένος) and his relationship to the host. The phrase θεωρίας πομπός ('guide for the pilgrimage') uses the genitive of the abstract noun θεωρία to denote the purpose of the journey, a term often associated with religious festivals or sacred journeys. The sentence structure is marked by the use of asyndeton in the listing of the subjects (Pentheus and I) and the insertion of the explanatory clause, which adds a layer of dramatic irony, as the speaker (a stranger) is actually the god Dionysus in disguise.",563
564,"First, then, we sit in a silent ravine, saving both our feet from the ground and our tongue from the mouth, as we see without being seen.","This sentence exhibits a sophisticated use of asyndeton within the phrase 'τα τ' εκ ποδῶν σιγηλὰ καὶ γλώσσης' (though the 'τε' is present, the rhythm is swift), linking the two objects of the participle 'σώζοντες'. The phrase 'σιγηλὰ' (silent) is an adjective governing 'πόδων' (feet) in a poetic sense, implying the suppression of sound made by walking or the hushing of the ground itself. The final clause 'ὡς ὁρῶμεν οὐχ ὁρώμενοι' (as we see without being seen) employs a striking antithesis (antithesis of active vs. passive voice) and a paradoxical state of visibility. The participle 'σώζοντες' (saving/keeping safe) functions adverbially, modifying the main verb 'ἴζομεν' (we sit), indicating the manner of the action. The use of 'πρῶτον μέν οὖν' marks the beginning of a logical sequence or a specific ritual instruction. The imagery suggests a state of stealth or divine concealment, typical of Dionysiac mysteries where the initiate observes the sacred without being observed by the profane.",564
565,"And there was a glen overhanging on both sides, soaked with water, shaded by pines, where the maenads were sitting, holding their hands in delightful labors.","The sentence employs a series of three participial adjectives (αμφίκρημνον, διάβροχον, συσκιάζον) modifying the subject 'glen' (ἄγκος), creating a vivid, layered description of the natural setting. The syntax shifts from a static description of the landscape to the dynamic action of the maenads (καθῆντ') in the final clause. A key literary feature is the oxymoronic phrase 'τερπνοῖς πόνοις' (delightful labors/pleasurable toil), which captures the paradoxical nature of the Dionysian rites: physical exertion and frenzied dancing are experienced as ecstatic pleasure by the initiates. The use of the aorist participle (though here present active participle ἔχουσαι) alongside the imperfect verb (καθῆντ') suggests a continuous state of being and action. The dative plural ὕδασι (waters) functions adverbially with the adjective διάβροχον, indicating the means or instrument of the soaking. The sentence structure mimics the flowing, immersive quality of the sacred space described.",565
566,"For some, having left their own thyrsus, crowned with trailing ivy, behind, crowned again with it; while others, having left their various yokes behind, like colts, shouted the Bacchic song to one another.","The sentence employs a clear chiastic structure in the first clause (thyrsus ... crowned ... crowned ... thyrsus) and a contrasting parallel structure (men ... while others) marked by the enclitic particles μέν and δέ. The participle ἐκλελοιπότα (having left behind) governs both the thyrsus and the implied 'crown' in the first clause, while ἐκλιποῦσαι (having left behind) governs the yokes (ζυγά) in the second. The comparison of the Bacchants to 'colts' (πῶλοι) leaving their yokes is a vivid simile (ὡς) depicting their transition from the disciplined, yoked life of civilization to the wild, untamed freedom of the Dionysian rites. The verb ἀντικλάζω (to shout back/call out in response) captures the responsive, communal nature of the ritual singing, where the women call out to one another. The use of the adjective ποικίλ' (variegated/multicolored) for the yokes likely alludes to the ornate, painted harnesses of domesticated horses, emphasizing the contrast between the ordered, decorated world of the city and the raw nature of the mountain cult.",566
567,"But Pentheus, the wretched one, not seeing the female crowd, spoke these things:","The sentence features a striking contrast between Pentheus's perception and reality, highlighted by the present participle ὁρῶν (seeing) negated by οὐχ (not). The adjective θῆλυν (female) modifies ὄχλον (crowd), referring to the Maenads, who appear to Pentheus as a monstrous, unnatural gathering rather than a human one. The epithet τλήμων (wretched) is a dramatic marker of the tragic hero's impending doom. The enclitic particle δ' (but) serves to connect this statement to the preceding action, maintaining the narrative flow. The phrase τοιάδ' (such things) functions as a proleptic reference to the specific dialogue that follows, creating a moment of dramatic irony as the audience knows the truth that Pentheus fails to see.",567
568,"O stranger, we have stood, but I do not reach the eyes of those madwomen who are illegitimate.","The sentence employs a striking contrast between the present perfect verb ἕσταμεν (we have stood) and the present negative ἐξικνοῦμαι (I do not reach), highlighting the speaker's static position versus their inability to perceive or access the object of their desire. The use of μαινάδων (maenads) with the adjective νοθῶν (illegitimate/spurious) creates a significant semantic tension, as true maenads in the cult of Dionysus are often viewed as divinely inspired; labeling them 'illegitimate' suggests a distinction between authentic divine ecstasy and false or merely human frenzy. The syntax relies on a relative clause (οἷς) to define the scope of the 'eyes' being referenced, while the vocative ξέν' (stranger) establishes an immediate, direct address typical of dramatic dialogue. The sentence structure avoids asyndeton or chiasmus but utilizes a clear adversative conjunction (implied by the contrast in meaning rather than explicit 'but' in Greek, though the particle μέν in the first clause sets up this contrast). The use of the dual form in the verb ἕσταμεν (we have stood) indicates the speaker is part of a group, likely the chorus or a companion, addressing an outsider.",568
569,"And, having climbed upon the ridges, I might look at the lofty fir tree and see the shameful deeds of the Maenads correctly.","The sentence employs the optative mood with the particle 'an' (ἴδοιμ' ἂν) to express a wish or a hypothetical desire, a common feature in the monologues of Euripidean protagonists seeking clarity or divine intervention. The participle 'ἀμβὰς' (having climbed) is aorist active, indicating an action completed prior to the main verb of seeing. The adjective 'ὑψαύχενα' (lofty-necked or high-headed) is a compound epithet applied to the fir tree (ἐλάτην), a poetic device that personifies the tree, attributing to it the proud posture often associated with warriors or nobility, thereby creating a vivid visual contrast with the 'shameful deeds' (αἰσχρουργίαν) of the Maenads. The phrase 'ὀρθῶς' (correctly/straight) modifies the act of seeing, suggesting a desire to perceive the truth of the women's actions without distortion, perhaps implying that their madness obscures their true nature. The use of the genitive 'μαινάδων' with 'αἰσχρουργίαν' specifies the source or agent of the shameful actions. The sentence structure moves from a physical ascent (climbing the ridges) to a spiritual or moral inspection, highlighting the tension between the natural world and the frenzied human behavior of the cultists.",569
570,Already from here I see the wonder of the stranger.,"The sentence features a proleptic or anticipatory use of the adverb 'ἤδη' (already), suggesting that the speaker's perception is immediate and perhaps overwhelming upon the stranger's arrival or appearance from this specific location. The phrase 'τοῦ ξένου' (of the stranger) utilizes the genitive of possession or reference, identifying the source of the 'θαῦμα' (wonder). The contraction 'θαῦμ'' for 'θαῦμα' is characteristic of tragic poetry, where metrical constraints often necessitate the elision or contraction of vowels. The syntax places the adverbial phrases 'τοῦνθεν' (from here) and 'ἤδη' (already) early in the clause, emphasizing the immediacy and spatial origin of the revelation before the direct object is introduced. This structure creates a sense of sudden realization or epiphany, common in dramatic monologues where a character recognizes the divine or uncanny nature of a visitor.",570
571,"For taking the heavenly topmost branch of the fir, he led it, he led it, he led it down to the black ground.","The sentence employs a powerful rhetorical device known as epizeuxis (the immediate repetition of a word) through the triple repetition of 'he led' (ἤγεν). This creates a rhythmic, incantatory effect that mimics the slow, deliberate, and perhaps ritualistic motion of the figure carrying the branch. The participle λαβών (taking) is causal (γάρ), explaining the manner or cause of the main action. The phrase 'heavenly topmost branch' (οὐράνιον ἄκρον κλάδον) combines a celestial adjective with a superlative to elevate the status of the object, likely signifying its sacred nature within the context of Dionysiac worship. The contrast between the 'heavenly' branch and the 'black ground' (μέλαν πεδόν) underscores the transition from the divine or elevated realm to the chthonic or underworldly sphere.",571
572,"It was being turned in a circle, just as a bow is curved; the curved wheel, traced by a lathe, draws a circular path.","The sentence employs a simile introduced by ὥστε (as/like) to compare the circular motion of the wheel (τροχὸς) to the curve of a bow (τόξον). The verb κυκλοῦτο is a middle/passive imperfect, indicating a continuous, ongoing action. The participle γραφόμενος (being traced/drawn) functions adverbially, describing the manner in which the wheel is formed by the tool τόρνῳ (a lathe or compass). The syntax features a compound predicate structure where the wheel 'draws' (ἐλκεῖ) a path (δρόμον) and a rotation (περιφοράν). The use of the genitive of means or instrument with τόρνῳ highlights the craftsmanship involved in creating the wheel. The sentence structure creates a visual parallel between the static shape of the bow and the dynamic, circular motion of the wheel.",572
573,"Just as a mountain branch, a stranger bent it with his hands down to the ground, performing deeds not mortal.","The sentence employs a simile introduced by ὡς (just/as), comparing the action of the stranger (Dionysus in disguise) to the bending of a mountain branch. The participle ἄγων (leading/carrying) and the present participle δρῶν (doing/performing) both modify the main verb ἔκαμπτεν (he bent), creating a layered description of simultaneous actions. The phrase χεροῖν (with his hands) is an instrumental dative indicating the means by which the action is performed. The phrase ἔργματ' ὀυχὶ θνητὰ (deeds not mortal) uses a hyperbolic negation to emphasize the supernatural nature of the stranger's actions, contrasting his apparent humanity with his divine origin. The syntax flows from the simile into the main action, concluding with the paradoxical description of his deeds, highlighting the tension between his mortal appearance and divine power.",573
574,"Having set Pentheus upon a branch of a pine tree, she released his upright body straight up through her hands, a shoot without trembling, watching that it might not stumble, and she stood upright, poised toward the upright sky, holding her master reclining upon her back.","This sentence vividly depicts the transformation of Pentheus into a pine tree shoot by the Maenads. The text employs a striking visual and syntactic parallelism through the repetition of the root ορθ- (straight/upright): ορθόν (upright body), ορθῇ (upright), and ορθόν (upright sky). This repetition emphasizes the unnatural verticality of the transformation and the alignment of the human form with the celestial. The participle φυλάσσων (watching) introduces a clause of purpose or result (μἠ ἀναχαιτίσειεν) using the aorist subjunctive, highlighting the Maenad's deliberate control over the motion to ensure the 'shoot' does not fall prematurely. The imagery of the 'shoot' (βλάστημ') being released 'through her hands' (διἀ χερώ̂ν) blends the botanical metaphor with the physical action of the ritual. The final phrase, holding the master reclining on her back, underscores the inversion of roles: the 'overlord' (δεσπότην) is now passive and carried, a stark contrast to his previous authority.",574
575,"For she was seen rather than gazed upon, the maenads.","The sentence employs the comparative construction 'μᾶλλον... ἤ' (rather... than) to create a sharp contrast between two visual acts: passive perception ('ὤφθη', aorist passive indicative of ὁράω) and active, focused observation ('κατειδέ', aorist active imperative or indicative of καθοράω). The use of the passive voice for 'ὤφθη' suggests the maenads appeared to the viewer suddenly or mysteriously, emphasizing their supernatural presence over a deliberate act of looking. The word order places the comparative adverb 'μᾶλλον' immediately before the conjunction 'ἤ', creating a tight syntactic bond that highlights the superiority of the first action. The term 'μαινάδας' (maenads) refers to the frenzied female followers of Dionysus, whose ecstatic rituals often involved states of divine possession. The phrase captures the elusive, otherworldly nature of the divine in Euripidean tragedy, where the god's presence is felt as an overwhelming vision rather than a subject of calm scrutiny. The sentence structure is concise, relying on the juxtaposition of verbs to convey the intensity of the encounter without additional elaboration.",575
576,"For since he was not yet manifest as being faster above, and it was no longer possible to see the stranger, a voice from the air cried out, as one might guess, Dionysus.","The sentence employs a causal clause introduced by ὅσον (since/as) to explain the sequence of events leading to the theophany. The comparative adjective θάσσων (faster) with the adverb ἄνω (above) suggests the god's supernatural mobility or descent from the heavens. The construction μὲν... δ' creates a chiastic structure within the narrative flow, contrasting the disappearance of the mortal stranger (ξένος) with the appearance of the divine voice. The phrase ως μέν εἰκασαι functions as a parenthetical qualifier, indicating that the identification of the speaker as Dionysus is an inference drawn from the nature of the voice rather than a visual confirmation. The use of the indefinite τις (a certain) with φωνή (voice) heightens the mystery and divine presence, while the aorist ἀνεβόησεν (cried out) marks the climactic moment of revelation. The syntax reflects the dramatic convention of the deus ex machina, where the god reveals himself through sound rather than physical form initially.",576
577,"O young women, I lead you and myself, placing these rites with a smile.","The vocative 'ὦ νεᾶνιδες' directly addresses the chorus of Maenads. The verb 'ἄγω' (I lead) takes a compound object consisting of 'ὑμᾶς' (you, plural) and 'ἐμέ' (me), conjoined by 'καί'. The pronoun 'ἐμέ' appears in the accusative case, functioning as a second object of 'ἄγω'. The phrase 'ταῦτα τὰ ἐμὰ ὀργιά' (these my rites) uses the demonstrative 'ταῦτα' and the possessive adjective 'ἐμός' to emphasize the speaker's ownership of the sacred rites. The participle 'τιθέμενον' (placing/setting) is in the present middle/passive participle form, modifying 'ἐμέ' and indicating simultaneous action. The noun 'γέλων' (smile/laughter) serves as an instrumental or circumstantial noun, describing the manner in which the rites are being set. The juxtaposition of leading both the women and oneself while performing sacred rites with a smile suggests a tone of confident authority and perhaps a hint of irony or divine detachment, as the speaker (Dionysus) orchestrates the events with apparent ease.",577
578,But punish him!,"The sentence begins with αλλα (alla), a strong adversative conjunction often used to introduce a sharp turn in the argument or a new imperative command. The verb τιμωρεισθε (timōreisthe) is in the present indicative, second person plural, functioning here as a hortatory or emphatic imperative, urging a group (likely the Chorus) to take immediate action. The object νιν (nin) is the accusative singular of the third-person pronoun, referring to the antagonist (Pentheus). The use of the present tense in an imperative context conveys urgency and immediacy. The sentence is a direct, forceful command, characteristic of the dramatic tension in Euripides' work, where the Chorus often oscillates between fear and a desire for divine retribution against the hubris of the protagonist.",578
579,"And while uttering these things, she fixed her gaze upon the light of sacred fire, looking both toward the sky and the earth.","The sentence employs asyndeton (the omission of conjunctions between clauses) in the opening phrase 'ταῦτ᾽ ἅμ᾽ ἠγόρευε' (uttering these things at the same time), creating a rapid, breathless rhythm that mirrors the intensity of the ritual action. The verb ἠγόρευε (she was saying/proclaiming) is in the imperfect tense, indicating ongoing or repeated action, while στηρίζει (she fixed/established) is aorist, marking the specific, punctual act of directing the gaze. The use of the preposition πρός (toward) with the accusative case (οὐρανὸν and γαῖαν) indicates direction or orientation rather than static location. The phrase 'φῶς σεμνοῦ πυρός' (light of sacred fire) utilizes a genitive of attribution or source, where the fire is the origin of the light. The adjective σεμνός (sacred, venerable) conveys the religious awe associated with the fire, likely referring to the sacred fire of Dionysus. The parallel structure 'πρὸς οὐρανὸν καὶ γαῖαν' (toward the sky and the earth) creates a chiastic balance, emphasizing the totality of the cosmos being addressed or acknowledged in this moment of divine communion.",579
580,"The air fell silent, and the leafy glen held its leaves in silence; you would not have heard the cry of wild beasts.","This sentence employs a strong rhetorical effect through the repetition of the root 'sig-' (silence) in the first two clauses ('sígēse' - he/she/it fell silent; 'síga' - silently/in silence), creating a sonic echo that reinforces the theme of absolute quiet. The structure uses asyndeton-like coordination with repeated 'δέ' (and) to link three distinct images: the atmosphere, the vegetation, and the fauna, all unified by the absence of sound. The phrase 'ὔλιμος νάπη' (leafy glen/cave) uses a compound adjective to personify the landscape as holding its breath. The final clause shifts to a second-person conditional construction ('οὐκ ἂν ἤκουσας' - you would not have heard), which serves as a dramatic address to the audience or a character, emphasizing the unnatural stillness that has descended. The use of 'θηρω̂ν' (of wild beasts) in the genitive plural with 'βοήν' (cry) highlights the specific absence of animal noise, which in Greek tragedy often signals a disruption of the natural order or the presence of a divine power.",580
581,"And the women, having received the sound not clearly, stood upright and carried the girls.","The sentence features a participle (δεδεγμεναι) functioning adverbially to express cause or circumstance for the main verbs (εστησαν, διενηγκαν). The adverb σαφώς (clearly) is negated by οὐ, creating a phrase indicating an ambiguous auditory experience. The adjective ὀρθαί describes the physical posture of the subjects (women/Bacchants) standing erect, likely in a state of divine frenzy or readiness. The verb διενηγκαν (they carried off) combined with κόρας (girls) alludes to the abduction or ritual leading away of young women, a common motif in the worship of Dionysus. The sentence structure juxtaposes the passive reception of sound with the active, violent action of carrying, highlighting the transition from confusion to decisive movement. The use of the dual or plural form for the subjects and the specific verb forms reflect the dramatic tension of the scene.",581
582,But he again commanded.,"The sentence features the enclitic particle δέ (here contracted with the preceding article οἱ to form οὗ δὲ, though the article is omitted in the provided form οὐ̔, likely representing the nominative singular masculine article ὁ with the enclitic δὲ attached as οὗ δὲ or simply ὁ δὲ), which serves a connective function, often indicating a shift in focus or a contrast with the preceding context. The adverb αὖθις means 'again' or 'back,' suggesting a repetition of a previous action or a return to a prior state. The verb ἐπεκέλευσεν is the aorist indicative active of ἐπικελεύω, meaning 'to command' or 'to order.' The use of the aorist tense here indicates a completed action in the narrative past. The sentence is concise, typical of dramatic dialogue or narrative summary in Greek tragedy, where brevity often conveys urgency or finality. There are no overt literary devices like chiasmus or anaphora present in this short sentence, but the repetition implied by αὖθις may echo earlier commands or actions within the broader context of the play.",582
583,"When they recognized the clear command of Bacchus, the daughters of Cadmus and their mother Agave, and all the kindred bacchantes, did not run with less swiftness of feet, but with swift bounds, they flew like doves.","The sentence employs a vivid simile comparing the speed of the Maenads (Bacchic followers) to that of doves (πελειᾶς). The construction ἦξαν (they flew/ran swiftly) with the adverbial phrase ὠκύτητ' (with speed) creates a dynamic image of rapid movement. The phrase 'οὐχ ἥσσονες ποδῶν' (not less [swift] of feet) functions as a comparative intensifier, emphasizing their extraordinary velocity. The sentence features a complex subject list: 'Κάδμου κόραι' (the daughters of Cadmus), 'μητὴρ Ἀγαυῆ' (mother Agave), and 'σύνγονοι θ' ὁμόσποροι' (and all kindred and blood-related ones), all united under the verb of motion. The use of 'δραμήμασι συντονοῖς' (with swift bounds/leaps) adds a rhythmic quality, suggesting a leaping gait typical of frenzied ritual dance. The particle 'τε' appears twice: first enclitically after 'σύνγονοι' to link 'kindred' and 'blood-related', and secondly to coordinate the entire subject group with the verb 'ἦξαν', creating a sense of unified, collective action. The syntax places the temporal clause 'ὡς δ' ἐγνώρισαν' at the beginning, setting the scene for the sudden, synchronized burst of energy that follows.",583
584,"And leaping over the torrent of the ravine and the crags, inspired by the breath of the god.","The sentence employs a vivid, dynamic image characteristic of Euripidean tragedy, depicting the frenzied movement of the Bacchae (maenads). The participle πηδάων (leaping) governs two objects in the accusative plural, χειμάρρου (torrent) and ἀγμῶν (crags), which are linked by the enclitic conjunction τε ('and') attached to the preceding preposition διὰ ('through/over'). This creates a rhythmic enumeration of obstacles surmounted in the frenzy. The phrase ἐμμανεῖς θεοῦ πνοαισίν ('inspired by the breath of the god') uses the dative of means or instrument (πνοαισίν) to indicate the divine agency driving the madness. The adjective ἐμμανής (mad, possessed) agrees with the implied subject of the participle, likely the Bacchae, though the subject is not explicitly stated in this fragment. The syntax relies on the preposition διὰ taking the genitive (χειμάρρου) to denote motion through or over, while the genitive ἀγμῶν is coordinated with it, though the tree analysis suggests a slightly different dependency structure where both nouns function as objects of the prepositional sense of 'leaping over'. The sentence captures the chaotic, ecstatic energy of the Dionysian cult, where natural barriers are ignored in the wake of divine possession.",584
585,"And when they saw the master sitting on a fir tree, first they threw at him the strong-throwing boulders, a rock suitable for scaling the tower, and they hurled fir branches at him.","The sentence employs the 'μέν...τε' (men...te) correlative construction to coordinate two distinct actions: the throwing of boulders and the hurling of branches. The syntax highlights the progression of the attack, beginning with the observation of the victim (the master on the fir tree) and moving to the specific projectiles used. The adjective 'κραταιβόλους' (strong-throwing) is a compound epithet describing the boulders, emphasizing their weight and the force with which they are thrown, a common feature in tragic diction to enhance the violence of the scene. The term 'ἀντιπύργον' (against-the-tower or suitable for scaling the tower) functions as a substantive adjective modifying 'πέτραν' (rock), indicating the rock's utility as a siege weapon or a climbing aid, here ironically repurposed as a projectile against the man hiding in the tree. The asyndeton (lack of conjunction) between the two main clauses is avoided by the explicit 'τε' connecting the verbs 'ἔρριπτον' and 'ἠκοντίζετο', creating a rhythmic balance between the heavy, crushing force of the stones and the lighter, perhaps more numerous, assault of the branches. The use of the imperfect tense for the verbs of throwing suggests a continuous or repeated action, portraying a sustained assault rather than a single throw.",585
586,"Others threw their thyrsi through the air of Pentheus, a wretched target.","The sentence features an apostrophe (or appositional phrase) where 'a wretched target' (στόχον δυστήνον) clarifies the fate of Pentheus, whom the thyrsi were thrown at. The use of 'others' (ἄλλαι) implies a preceding group, likely the Maenads, who are the subject of the larger passage. The phrase 'through the air' (δι' αἰθέρος) emphasizes the dynamic, aerial motion of the throwing, suggesting a ritualistic or frenzied atmosphere. The adjective 'wretched' (δυστήνον) adds a tragic tone, highlighting the irony of Pentheus, who sought to observe the rites, now becoming the object of the very violence he feared. The sentence employs asyndeton, omitting a conjunction between the main clause and the appositional phrase, which intensifies the immediacy of the action and the sudden realization of Pentheus's fate.",586
587,But they were not adorned.,"The sentence employs the apocope of the adversative conjunction ἄλλα (alla) to ἀλλ' before a vowel, a common feature in poetic meter to maintain rhythm. The verb ἤνυτον is the imperfect indicative active, third person plural of ἀνύω, which in this context specifically means 'to adorn' or 'to deck out' (often with clothing or ornaments), rather than its more general sense of 'to accomplish' or 'to finish.' The use of the imperfect tense here indicates a continuous or repeated state of being unadorned in the past, or a description of their condition at a specific moment. The sentence is syntactically simple, consisting of a conjunction, a negation, and the predicate verb, with the subject (likely the maenads or the women of the chorus) understood from the context of the surrounding lines.",587
588,"For the wretched man, sitting with his head held high, is better than one seized by perplexity.","The sentence employs a comparative structure (κρείσσον... having... than... seized) to contrast two states of being: the physical posture of sitting upright (υἱὸς ὑψος) versus the mental state of being trapped by confusion (απορία). The participle ἔχων (holding) modifies the subject τλημὼν (the wretched one), indicating that despite his misfortune, maintaining dignity or an elevated position is preferable to the paralysis of indecision. The perfect passive participle ληλυμένος (seized) derived from λαμβάνω conveys a state of being overcome or caught, emphasizing the passive suffering of the perplexed individual. The use of γὰρ (for) provides a causal explanation, likely following a preceding statement about the value of endurance or action over hesitation. The phrase 'head held high' (ὑψος τῆς προθυμίας) is metaphorical, suggesting confidence or resolve rather than mere physical height, contrasting with the internal turmoil of 'perplexity' (απορία). The sentence structure uses asyndeton in the participial phrases to create a rhythmic contrast between the active dignity of the sitter and the passive entrapment of the perplexed.",588
589,"Finally, having struck down the oak branches with lightning, they tore up the roots with iron bars.","The sentence employs a participle (συγκεραυνοῦσαι, 'having struck together with lightning') to indicate a preceding action that sets the stage for the main verb (ἀνεσπάρασσον, 'they tore up'). The adverb τέλος ('finally' or 'at last') marks a culmination of a sequence of events. The use of δρυΐνους ('oak') specifies the type of tree, which is significant in Greek culture as the oak was often associated with Zeus, particularly in the context of lightning (συγκεραυνόω implies a double blow or striking together). The phrase ἀσιδήροις μοχλοῖς ('with iron bars') uses the instrumental case to denote the means by which the roots are uprooted, emphasizing the violent and deliberate nature of the act. The sentence structure is straightforward, with two objects (κλάδους and ῥίζας) coordinated under the same verb, creating a parallelism that underscores the thoroughness of the destruction.",589
590,"And since she had no end to her labors, Agave spoke.","The sentence employs the causal conjunction 'επει' (since/after) combined with the postpositive particle 'δε' (and/then) to transition the narrative. The verb 'εξήνυτον' is a third person plural imperfect active indicative of 'εξανυω' (to finish, complete, or reach the end), used here with the neuter plural accusative subject 'τερματ' (ends/boundaries). The negative 'ουκ' negates the completion of these labors. The main clause features the aorist active indicative 'ελεξ' (she spoke/said), with 'Αγαυη' (Agave) as the subject. The syntax highlights a cause-and-effect relationship: the inability to find rest or an end to her sufferings prompted her speech. The use of 'τερματ' (ends) in the plural emphasizes the multitude and overwhelming nature of her trials. This structure is typical of tragic dialogue where a character's internal state or external circumstances precipitate a significant utterance.",590
591,"Come, encircle the branch and seize it, Maenads, so that we may capture the rider-beast, and let no one announce the secret choruses of the god.","This sentence is a dramatic command issued by the chorus of Maenads (female followers of Dionysus). The verb φέρε (come/bring) functions as an exhortation, introducing a series of imperatives (περιστασαί, λάβεσθε) that describe a physical action of surrounding a branch (πτορθου), likely a thyrsus or a branch used in ritual. The construction uses a final clause introduced by ὡς (so that) with a subjunctive verb (ἐλώμεν) to express the purpose of the action: to capture the 'rider-beast' (ἄμβατην θηρ'), a metaphorical or literal reference to the intruder (Pentheus) who has disguised himself or been led astray. The final clause (μὴ δ' ἀπαγγείλη) uses a prohibitive μή with a subjunctive to forbid the revelation of the god's 'secret choruses' (κρυφαίους χορούς), emphasizing the hidden and sacred nature of the Dionysian rites. The syntax features a series of coordinated imperatives and a purpose clause, creating a rhythmic and urgent tone typical of tragic choral odes. The use of κρυφαίους (secret/concealed) highlights the exclusivity and mystique of the ritual, which the Maenads are sworn to protect.",591
592,And they added myriads of hands of fir and dragged the earth out.,"The sentence describes the frenzied activity of the Maenads (Bacchic followers) tearing apart a sacrificial animal or a structure, a common motif in the Dionysian cult. The phrase 'myriads of hands' (μυρίαν χέρα) uses the adjective μυριος (myrios) in the accusative singular feminine to modify χέρα (cheira), which is the accusative singular of χείρ (cheir, 'hand'). Here, χέρα is likely a synecdoche for the people's hands or the collective force of the group. The verb προσέθεσαν (prosethesan) from προστίθημι means 'to add' or 'to place upon,' while ἐξανέσπασαν (exanepsasan) from ἐξανασπάω means 'to drag out' or 'to pull out.' The use of the conjunction και (and) connects the two actions, creating a rhythmic sequence of violence. The image of 'hands of fir' may refer to the use of fir branches (thyrsus) as tools or weapons, or it could be a metaphorical expression emphasizing the wild, natural aspect of the ritual. The sentence ends with a period, indicating the completion of the action.",592
593,"And Pentheus, the ground-grazer, falls from above more swiftly to the earth with myriads of groans.","The sentence employs vivid physical imagery to depict the violent fall of Pentheus. The compound adjective χαμαιριφής (ground-grazer) is a striking epithet used ironically; it describes Pentheus as one who grazes the ground, foreshadowing his immediate fate of being thrown down to earth, while also alluding to the loss of his royal dignity and the humiliation of his death. The adverb θασσών (more swiftly) modifies the verb πίπτει (falls) and is intensified by the prepositional phrase υψοθεν (from above), creating a sense of rapid, uncontrolled descent. The phrase μυρίοις οἰμωγμάσιν (with myriads of groans) uses the dative of means or accompaniment to emphasize the intensity of his suffering and the chaotic nature of the scene. The particle δέ (and/but) serves a connective function, linking this action to the preceding narrative flow. The syntax places the subject Πενθεύς at the end of the sentence, creating a dramatic delay that highlights the action and the descriptive epithet before revealing who is falling.",593
594,For he was learning that evil was near.,"The sentence employs a causal particle (γαρ) to introduce an explanation, indicating that the learning described is the reason for a preceding or subsequent action. The construction εγγυς ων (being near) functions as an adverbial participle modifying the subject of the main verb, while κακου serves as an adverbial accusative (or a genitive of separation implied in the sense of 'from evil' or 'of evil') modifying εγγυς, emphasizing the proximity of the negative state. The verb μανθανω (to learn) is in the imperfect tense, suggesting a continuous or ongoing process of realization rather than a single completed event. The phrase κακου εγγυς (near evil) is a common idiom in Greek literature to denote the imminence of danger or disaster, often used in tragic contexts to heighten dramatic tension.",594
595,"The mother was first to begin the priest of murder, and she throws herself upon him.","This sentence depicts the first act of the maenads' ritual frenzy in the Bacchae, specifically the tearing apart (sparagmos) of Pentheus. The term 'priest of murder' (ἱερέα φόνου) is a striking oxymoron; Pentheus is paradoxically cast as a priest of the very violence he seeks to prevent, a role usurped by the Bacchic rites. The verb προσπίπτει (she throws herself upon) is used in the specific context of ritualistic violence, often implying a devouring or overwhelming attack. The adverb πρώτη (first) emphasizes the chronological and symbolic priority of the mother's action within the group, highlighting the inversion of natural maternal bonds. The sentence structure employs a simple asyndeton-like flow between the two main predicates connected by καί, reflecting the swift, unmediated progression of the violent act.",595
596,"He threw off the band from his hair, so that Agave, the wretched one, might recognize him and not kill him; and he spoke, touching her cheek.","The sentence illustrates a sequence of actions driven by recognition and desperation. The construction ὡς + aorist subjunctive (γνωρίσασα... κτάνοι) expresses purpose or result ('so that...'), a common rhetorical device in tragic dialogue to heighten the tension of the moment. The adjective τλημών ('wretched' or 'miserable') is an epithet applied to Agave, emphasizing her tragic ignorance and suffering as she is about to commit matricide. The participle ψαύων ('touching') is a present active participle in the nominative masculine, agreeing with the implied subject of λεγει (the speaker, Pentheus), creating a vivid, simultaneous action that underscores the physical intimacy and tragedy of the scene. The syntax moves from a decisive physical act (throwing off the band) to a verbal one (speaking), linked by the coordinating conjunction καί, which here connects two sequential actions of the same subject rather than joining two independent clauses.",596
597,"I am, indeed, your mother, the son of you, Pentheus, whom you bore in the house of Echion.","This sentence features a dramatic case of apostrophe, where the speaker addresses 'mother' (μητέρα) directly while simultaneously identifying themselves as 'son' (παῖς), creating an intentional paradox that underscores the speaker's divine disguise. The particle τοι is an emphatic particle often used to strengthen the assertion or to engage the listener directly. The use of the relative clause introduced by ὃν (whom) with the verb ἔτεκες (you bore) creates a moment of irony, as the speaker claims to be the offspring of the addressee, though in the context of the play, this is a ruse. The phrase ἐν δόμοις Ἐχιόνος (in the house of Echion) refers to the specific lineage and setting associated with the Theban royal family, adding cultural depth to the identity claim. The syntax highlights the tension between the speaker's true identity and the role they are playing.",597
598,"Have pity on me, mother, and do not kill your son on account of my errors.","The sentence employs a vocative address ('μήτερ') to invoke the mother directly, heightening the emotional plea. The verb 'οἰκτίρε' is an aorist imperative, conveying an urgent command for pity. The second clause uses a present subjunctive ('κατακτανῆς') negated by 'μὴ' to express a prohibition against a future action, specifically the killing of the son. The phrase 'ταῖς ἐμαῖς ἁμαρτίαισι' (my errors) is in the dative case, functioning as a causal dative, indicating the reason for the potential harm. The sentence structure is characterized by asyndeton in the first part (the imperative followed by a comma) and the use of 'δέ' to coordinate the two main clauses, creating a rhythmic flow. The emotional weight is further emphasized by the direct address and the plea to avoid a tragic outcome due to the speaker's own faults.",598
599,"She, having cast aside her senses and twisting the misguided girls, holding back those who did not understand what they ought to understand, held them from Bacchus, but did not persuade her.","This sentence employs a series of participial phrases to describe the frenzied actions of the Maenads (the 'girls' or 'korai'). The participle 'ἐξιεῖσα' (having cast out) and 'ἑλίσσουσ'' (twisting/rolling) vividly depict the physical disorientation and lack of control characteristic of Dionysian possession. The phrase 'διαστρόφους κόρας' (misguided/twisted girls) uses an adjective that literally suggests 'turned wrong' or 'twisted,' reinforcing the theme of mental distortion. A striking feature is the use of 'φρονέω' (to think/understand) three times in close proximity: 'φρονοῦσ'' (those who are not thinking/understanding), 'φρονεῖν' (to think/understand), and the implicit sense of the previous participles. This repetition (epanalepsis) highlights the central conflict between true understanding and the madness of the cult. The syntax relies heavily on a chain of participles modifying the subject (implied 'she' or the collective 'they') before reaching the main finite verbs 'κατείχετ'' (held back/kept) and 'ἔπειθε' (persuaded). The contrast between the physical power of the Maenads ('held back') and their inability to convince the skeptic ('did not persuade') underscores the limits of divine frenzy against human rationality.",599
600,"Taking the left hand of the woman, she braced herself against her sides and tore off the shoulder of the wretched one, not by strength, but the god was giving ease to her hands.","The sentence employs a participial construction (λαβούσα) to indicate the sequence of actions leading to the main verb (ἀπεσπαραξεν). The verb ἀποσπαρασσω (to tear apart) is particularly visceral, conveying the violence of the act. The phrase δυσδαίμονος (of the wretched one) is an epithet often used in tragedy to evoke pity for the victim, here referring to Agave's victim, Pentheus. The syntactic structure highlights a contrast between human effort and divine intervention: the negation οὐχ...ἀλλ' (not...but) separates the physical cause (strength) from the true agent (the god). The noun εὐμαρείαν (ease/skill) is significant, as it suggests that the action was not performed through Agave's own power but was facilitated by Dionysus, who temporarily altered her perception and physical capability, making the impossible task of tearing the limb effortless. The dative plural χειρῖν (to the hands) functions as a dative of advantage or instrument, emphasizing the divine gift of ease. The syntax reflects the tragic irony of the scene: Agave believes she is performing a heroic feat, while the text reveals it is a supernatural manipulation.",600
601,"Ino was working on these things in the opposite way, tearing the flesh, while Autonoë and the whole crowd of Bacchants were rushing in.","The sentence exhibits a vivid contrast in action through the juxtaposition of two distinct verbs: ἐξεργαζόμην (to work out, accomplish, or fashion) and ἐπέχω (to hold fast, rush in, or attack). The participle ῥηγνῦσα (tearing) modifies the subject Ino, describing the violent manner of her action. The phrase τὰ ταῦτα ἕτερα (these other things) suggests a deliberate inversion or counter-action to a preceding event, implying that Ino's method was the opposite of what was expected or previously described. The use of the enclitic τε with both Αὐτονοή and ὄχλος τε (Autonoë and the crowd) creates a coordinated subject, while the adjective πᾶς (whole/all) emphasizes the totality of the crowd's involvement. The genitive plural βακχῶν (of Bacchants) functions as an attributive genitive, specifying the nature of the crowd. The sentence structure employs a paratactic arrangement with a participle clause followed by a coordinated main clause, enhancing the dramatic tension of the scene.",601
602,"There was a general outcry, some wailing as loudly as they could, while others shrieked.","The sentence employs a clear chiastic structure through the particle pair μέν ... δέ (here οὗ ... δέ, with οὗ standing in for οὗτοι/οἱ), contrasting the two groups of mourners. The syntax uses a participial construction (στενάζων) to describe the manner of the first group's action, modified by the indefinite relative clause ὅσον ἐτύγχαν' ἐμπνεῶν, which literally means 'as much as they happened to breathe in,' idiomatically rendering the idea of 'as loudly as they were able.' The verb αλαλάζω (to shriek or raise a war cry) is often associated with the frenzied, ecstatic rites of Dionysus, fitting the context of the Bacchae. The asyndeton (lack of conjunction between the main clauses) and the juxtaposition of the two distinct vocal reactions create a vivid, chaotic auditory landscape typical of tragic choral descriptions of mass hysteria or ritual lament.",602
603,"She brought an arm, and to her sandals a footprint.","The sentence employs a chiastic structure (A-B-C : C-B-A) in its phrasing: 'arm' (ὠλενην) corresponds to 'footprint' (ίχνος), while 'to her sandals' (αὑταῖς ἀρβύλαις) corresponds to the subject 'she' (ἡ). The dative plural αὐταῖς ἀρβύλαις functions adverbially, indicating the location or direction of the footprint. The use of μέν...δέ creates a balanced contrast between the two objects carried. The word ἀρβύλαι refers to high boots or greaves, often associated with military or Dionysiac attire, here emphasizing the physical traces left by the figure.",603
604,And their sides were stripped bare by rending.,"The verb γυμνοῦντο is a deponent passive (middle/passive form with passive meaning) in the imperfect tense, indicating a continuous or habitual action in the past. The subject πλευραῖς (sides/flanks) is in the nominative plural, while the instrument σπαραγμοῖς (rendings/tearing) is in the dative plural, functioning as a dative of means. The term σπαραγμός specifically refers to the violent tearing of flesh, a central motif in the Bacchic rites depicted in the play, where followers of Dionysus tear apart animals (sparagmos) with their bare hands. The sentence captures the visceral physical reality of the maenads' frenzied activity. The particle δέ serves a connective function, linking this description to the preceding narrative action.",604
605,And every hand that had been stained with blood was battering the flesh of Pentheus.,"The sentence employs the perfect passive participle 'ᾑματωμένη' (stained/defiled with blood) as an adjectival modifier for 'πᾶσα' (every/all), emphasizing the totality and ritualistic impurity of the hands involved. The verb 'διεσφαιρίζε' (was battering/rolling about) is an intensive form suggesting violent, repetitive motion, likely evoking the frenzied, circular movements of the maenads in their state of divine possession (enthusiasmos). The object 'σάρκα' (flesh) is used in a visceral, physical sense to describe the tearing of the king's body, a central act of the mythological sparagmos (dismemberment). The genitive 'Πενθέως' specifies the victim, linking the violence directly to the tragedy's protagonist. The conjunction 'δέ' serves a connective function, likely linking this action to the preceding chaos of the maenads' ascent to the mountain.",605
606,"The body lies apart, part under rugged rocks, part in the fear of the deep-timbered forest; it is not an easy task to seek.","The sentence employs a clear chiastic structure (τοὺ μὲν... τοὺ δὲ) to contrast two distinct hiding places for the body, emphasizing the difficulty of the search. The adjective βαθυξύλω (deep-timbered) is a compound word characteristic of tragic poetry, creating a vivid image of a dense, impenetrable forest. The phrase ἐν βαθυξύλῳ φόβη uses φόβη (a poetic form of φόβος, meaning 'fear' or 'terror') not merely as an abstract emotion but as a physical location or realm of danger, personifying the forest as a place of terror. The use of the neuter plural article with the prepositional phrases (τοὺ μὲν... τοὺ δὲ) functions as a nominalization, referring to 'parts' or 'portions' of the body without repeating the noun σῶμα. The final clause ουῥᾷ ῥᾴδιον ζητήμα (it is not an easy task to seek) utilizes an impersonal construction where the infinitive idea is implied by the context of the search, highlighting the futility of the endeavor.",606
607,"Carrying the wretched head, which the mother, taking it in her hands, has fastened upon the tip of the thyrsus like that of a lioness from the very middle of Cithaeron, leaving her sisters in the dances of the maenads.","This sentence features a complex participial construction where the main verb 'φέρει' (carries) is modified by three aorist active participles in the feminine nominative singular: 'λαβοῦσα' (having taken), 'πηξᾶσα' (having fastened), and 'λιποῦσα' (having left). The subject of these participles is 'μητήρ' (mother), referring to Agave, who is grammatically linked to the accusative object 'κρατά' (head) via the relative clause 'ὃπερ' (which). The phrase 'ὡς οὐρεστεροῦ λέοντος' (like that of a lioness) employs a simile comparing the severed head of Pentheus to that of a lioness, emphasizing the savage, feral nature of the act. The use of 'μέσου' (middle) with 'Κιθαιρώνος' (Cithaeron) highlights the specific, sacred location of the hunt. The sentence concludes with 'λιποῦσα' (leaving), creating a stark contrast between the mother's frenzied action and the abandonment of her sisters in the chorus, a key element of the Bacchic ritual context where the maenads leave the community to join Dionysus.",607
608,"She goes, pursuing the hunt of the wretched one, exulting inside these walls, calling upon Bacchus the hound-hunter, the partner of the chase, the victor of beautiful triumphs, for whom the tears triumph.","The sentence employs a striking accumulation of epithets (the hound-hunter, the partner of the chase, the victor of beautiful triumphs) to describe Bacchus, creating a rhythmic, incantatory effect typical of the chorus in tragedy. The participle γαυρουμένη (exulting) stands in stark, ironic contrast to the final clause regarding the tears (δάκρυα) that triumph. The syntax features a series of attributive appositives modifying Bacchus, linked by asyndeton (the omission of conjunctions), which accelerates the pace and heightens the emotional intensity. The phrase 'tears triumph' (δάκρυα νικηφορεῖ) personifies the tears as a victorious force, inverting the expected outcome of the 'beautiful victory' mentioned in the preceding epithet. The use of δυσπότμω (wretched/unfortunate) to describe the 'hunt' or the one being hunted suggests a grim reality underlying the exultation.",608
609,"I am therefore going out of the way of this misfortune, before I go to Agave's house.","The sentence features the adversative particle μέν paired with the inferential particle οὖν, creating a logical transition that emphasizes the speaker's decision to distance themselves from a specific calamity (συμφορά) before proceeding to a new location. The phrase ἐκποδῶν τῆς συμφορᾶς is a powerful idiomatic expression meaning 'out of the way of' or 'free from' the misfortune, where the preposition ἐκ (out of) combined with the dative plural ποδῶν (feet/steps) metaphorically suggests stepping away from danger. The use of the preposition πρός with the accusative δώματα (houses/rooms) indicates direction towards the interior of the dwelling. The syntax employs a temporal clause introduced by πρίν with the infinitive μολέειν (to come/go), which sets a clear sequence of events: the departure from the current situation precedes the arrival at the house. The sentence structure reflects the dramatic tension typical of Euripidean tragedy, where the speaker's movement is both physical and symbolic, marking a transition from a state of danger to a specific domestic space.",609
610,For to exercise sound judgment and to revere the things of the gods is the most beautiful.,"The sentence employs a nominative neuter singular predicate adjective (καλλιστον) linked to two coordinated infinitives (σωφρονειν and σεβειν) functioning as the subject. The particle δέ acts as a connective, often indicating a continuation of thought or a transition to a conclusion. The phrase τα τῶν θεῶν ('the things of the gods') is a general reference to divine matters or the will of the gods. The construction emphasizes the moral and religious ideal of sophrosyne (sound judgment/moderation) alongside reverence (sebein), presenting them as the supreme virtue. The use of the superlative καλλιστον highlights the aesthetic and ethical perfection of this combination.",610
611,"I think that this is the most valuable possession for mortals, for those who use it.","The sentence employs a hyperbaton, separating the adjective 'σοφώτατον' (most valuable/skilful) from its head noun 'κτῆμα' (possession/property), a common feature in tragic poetry to create emphasis or fit metrical constraints. The dative plural 'θνητο͂σιν' (to mortals) and 'το͂ισι' (for those) both modify the participle 'χρωμένοις' (using/using well), creating a chiasmic relationship in the modifier structure around the central concept of possession. The verb 'χρᾶω' in the present participle often implies 'using' in a beneficial or skillful manner, particularly in the context of the Bacchae where the 'possession' refers to the worship of Dionysus. The phrase 'οἵμαι δ' αὐτὸ' uses the neuter singular pronoun 'αὐτὸ' to refer back to the preceding context (likely the worship of the god or the state of madness/divine favor), functioning as the subject of the infinitive 'εἶναι'. The superlative 'σοφώτατον' here carries a double meaning, suggesting both 'wisest' and 'most profitable' or 'most advantageous,' which is characteristic of the complex wordplay found in Euripidean tragedy.",611
612,"Let us dance the Bacchic dance, let us shout out the calamity born of the dragon, Pentheus.","The sentence features a striking anaphora through the repetition of the first-person plural aorist active subjunctive verbs prefixed with 'ana-' (ἀναχορεύσωμεν, ἀναβοάσωμεν), creating a rhythmic imperative mood that characterizes the choral command of the maenads. The phrase 'the Bacchic dance' (Βάκχιον) functions as an object where the adjective is substantivized, referring to the specific ritual dance of the cult. The syntax employs a hendiadys-like structure where the 'calamity' (συμφοράν) is defined by its origin: 'the one born of the dragon.' The dragon (δράκοντος) is a direct reference to the serpentine form of the god Dionysus (or the dragon that guarded the spring where Pentheus was born, depending on specific mythological interpretation, but here clearly linked to the god's power). The vocative 'Pentheus' is grammatically attached to the participle 'born' (ἐκγενέτα), emphasizing that the tragedy is intrinsically tied to his lineage or fate. The sentence exhibits a chiasmic quality in the relationship between the actions (dancing/shouting) and the objects (dance/calamity), reinforcing the inversion of order and reason typical of Dionysian madness.",612
613,"He who took the female attire and the nard, faithful Hades, holding the bull as a leader of misfortunes, took them straight.","The sentence employs a relative clause (ὅς... ἔλαβεν) that functions as a descriptive epithet for Hades, identified here by the vocative address 'πιστὸν Ἅιδαν' (faithful Hades). The syntax features a participle (ἔχων) in the nominative masculine singular, agreeing with the implied subject of the relative clause (Hades), which provides the circumstantial detail of 'holding' the bull. The phrase 'ταῦρον προηγητῆρα συμφορᾶς' utilizes an appositional structure where 'bull' is described as the 'leader' or 'forerunner' of 'misfortune' (συμφορᾶς, genitive of reference). The adverb 'εὐθύρσον' (straightway/directly) modifies the verb 'ἔλαβεν' (took), emphasizing the immediacy of the action. The use of 'τε' connects 'female attire' (θηλυγενὴ στολάν) and 'nard' (νάρθηκα) as coordinated objects of the verb, a common feature in ritual descriptions. The imagery of a bull leading to misfortune is a powerful metaphor for sacrificial death or the fatal journey to the underworld, a recurring theme in Euripidean tragedy.",613
614,"Bacchants of Cadmus, you have accomplished a glorious and famous deed, into a groan, into tears.","The sentence features a vocative address ('βάκχαι Καδμεῖαι') followed by a direct statement of action. The verb 'ἐξεπράξατε' (you accomplished/performed) is in the aorist active indicative, emphasizing the completion of the action. The object 'κλεινὸν' (famous/glorious) is modified by the adjective 'καλλίνικον' (beautifully winning/victorious), creating a hendiadys-like effect where two adjectives jointly describe the nature of the 'deed' implied by the context of the verb. The sentence concludes with two prepositional phrases ('ἐς στόνον', 'ἐς δάκρυα') that function as adverbial complements of result or direction, indicating the outcome of the 'deed' has transformed into lamentation and weeping. This juxtaposition of 'glorious victory' with 'groans and tears' creates a sharp ironic contrast typical of tragic drama, highlighting the destructive nature of the Bacchic rites. The repetition of the preposition 'ἐς' (into) creates a parallel structure (asyndeton is absent between the prepositional phrases, but the structure is balanced) that emphasizes the dual outcome of suffering.",614
615,"A fine contest, to wrap one's dripping hand around a child's.","This sentence exemplifies the tragic irony and violent imagery characteristic of the Bacchae. The adjective καλός ('fine' or 'beautiful') creates a stark and disturbing juxtaposition with the act of strangling a child, highlighting the perversion of values under the influence of Dionysian frenzy. The construction περιβαλεῖν (to wrap around) combined with χερός (hand) and τεκνοῦ (child) evokes the specific mythological moment of Agave strangling her son Pentheus, whom she mistakes for a lion. The participle σταζούσαν ('dripping') modifies χειρᾶ (hand) and emphasizes the visceral, bloody nature of the violence. The sentence structure is elliptical, omitting the subject of the infinitive περιβαλεῖν (implied 'one' or 'the mother'), which focuses the reader's attention entirely on the horrific action itself. The asyndeton (lack of conjunction) between the main clause and the infinitive phrase creates a breathless, immediate quality, mimicking the suddenness of the violent act.",615
616,"But since I see Agave, the mother of Pentheus, rushing into the houses with eyes in a frenzy, receive the revelry of the happy god.","The sentence opens with αλλα (all'), a common post-positive particle used to introduce a contrast or a new action, often translated as 'but' or 'however'. The verb εισορω (eisoraō, 'I see') is a perfect active indicative with a present sense, a common feature in Greek where the perfect indicates a completed action with present relevance or a state of being. The phrase ες δομους ορμωμενην (eis domous hormomenēn) depicts a dynamic movement, with the participle ορμωμενην (hormomenēn) agreeing with Αγαυην (Agauen) to describe her as 'rushing' or 'dashing'. The genitive μητερος (meteros) functions as an apposition to Αγαυην, clarifying her identity as the mother. The phrase εν διαστροφοις οσσοις (en diastrophois ossois) is particularly striking: 'in eyes that are turned aside' or 'in distracted eyes'. The adjective διαστροφος (diastrophos) literally means 'turned aside' or 'twisted', here describing the frantic, unfocused gaze of a Bacchant in a state of divine madness (mania). The clause δεχεσθε κωμον ευιου θεου (dechesthe kōmon euiou theou) is an imperative command to the chorus or audience to welcome the revelry. The genitive ευιου θεου (euiou theou) is a double genitive construction: ευιου (euiou) is the genitive of ευιος (euios, 'happy' or 'joyful'), often used as an epithet for Dionysus, and θεου (theou) is the genitive of θεος (theos, 'god'), together meaning 'of the happy god'. The sentence exemplifies the dramatic tension between the rational observer (who sees the madness) and the irrational reality of the Bacchic rites, a central theme in Euripides' Bacchae.",616
617,Asian bacchants—,"The sentence consists of a nominative plural subject, Ἀσιάδες (Asians), modified by the appositional predicate nominative βάκχαι (bacchants), indicating a specific group of followers of Dionysus originating from Asia. The use of the dash indicates a pause or an abrupt break in the speech, likely functioning as an aposiopesis or a dramatic interruption, which is common in the choral odes of Euripides to heighten the emotional intensity or to signal a shift in the action. The term 'Asian' here likely refers to the mythical or geographical origin of these maenads, emphasizing their exotic and foreign nature in contrast to Greek norms. The absence of a verb is characteristic of exclamatory or descriptive fragments often found in dramatic choral poetry, where the focus is on the identity or state of the subjects rather than their action.",617
618,Why are you pushing me against the door?,"The verb οροθύνεις (from οροθύνω) is a rare hapax legomenon in extant literature, appearing only here in the context of the Bacchae. It literally means 'to push against the lintel' or 'to thrust against the threshold,' combining the root for 'threshold' (ὄροφος/ὄροθος, though the etymology is debated) with the verb of pushing. The speaker, Pentheus, is addressing the Stranger (Dionysus), expressing a sudden realization of entrapment as the doors are being shut or pushed. The sentence structure features an interrogative adverb τί (why) governing the verb, with the enclitic pronoun μ' (me) as the direct object. The vocative particle ὠ (ō) signals direct address, creating a moment of dramatic tension. The syntax reflects a sudden, exclamatory question typical of tragic dialogue, emphasizing the speaker's panic and the physical constraint of the scene.",618
619,"We bring from the mountains a twisting, newly cut tendril to the halls, a blessed prey.","The sentence employs a chiasmic structure in its modifiers: the prepositional phrase 'from the mountains' (ἐξ ὀρέων) parallels the prepositional phrase 'to the halls' (ἐπὶ μέλαθρα), framing the direct object 'tendril' (ἕλικα) and its attributes. The adjective νεότομον ('newly cut') is a compound word often associated with sacrificial or ritual contexts, emphasizing the freshness and vitality of the offering. The epithet μακάριον ('blessed' or 'happy') applied to θήραν ('prey') creates a striking oxymoron; while 'prey' typically suggests something hunted and killed, here it refers to the ivy or vine, a sacred plant of Dionysus, which is ritually 'hunted' or gathered as a divine gift. The use of the present tense φέρομεν ('we bring') indicates a ceremonial procession, likely the maenads or followers of Dionysus entering the palace. The asyndeton (lack of conjunction) between the main clause and the appositive phrase 'a blessed prey' adds a rhythmic, exclamatory quality, heightening the sense of awe and ritual significance.",619
620,"I see you, and I shall welcome you as a fellow reveler.","The sentence features a coordination of two predicates: the present indicative 'I see' (ὁρῶ) and the future indicative 'I shall welcome' (δέξομαι), linked by the coordinating conjunction 'and' (καί). The use of the future tense in the second clause indicates a forward-looking promise or action that follows the immediate recognition in the first clause. The word σύγκωμον (sungkōmon) is the accusative singular masculine of σύγκωμος, meaning 'fellow reveler' or 'companion in the dance,' referring to a participant in the ecstatic rites of Dionysus. The syntax reflects a direct address to a character who has been recognized as a devotee of the god, marking a shift from potential hostility to communal acceptance within the ritual context. The brevity and directness of the sentence, with its clear subject-verb-object structure, emphasize the immediacy of the recognition and the acceptance of the other into the sacred circle.",620
621,"I seized this youth of the wild lion, free from snares.","The verb μαρπτω (to seize, snatch) is used in the aorist indicative active (ἔμαρψα), emphasizing the decisive, completed action of capture. The preposition ἄνευ (without) governs the genitive case (βρόχων, 'snares'), a standard construction in Ancient Greek indicating separation or absence. The phrase βρόχων λεόντος ἀγροτέρου ('of the wild lion') functions as a descriptive genitive modifying 'snares,' metaphorically characterizing the traps as those belonging to a fierce, untamed beast. The adjective ἀγροτέρου ('wild' or 'of the field') intensifies the savagery associated with the lion, contrasting with the domestic or controlled environment implied by the absence of snares. The term ἶνιν (youth) is a hapax legomenon in this context, referring specifically to a young male, often with connotations of vulnerability or potential. The juxtaposition of 'seized' with 'free from snares' creates an ironic tension, suggesting that the capture was not due to physical traps but perhaps through divine intervention or sheer force. The sentence employs asyndeton, omitting conjunctions to create a swift, forceful rhythm that mirrors the suddenness of the action.",621
622,So that he may see beside him.,"The sentence features the conjunction 'ὡς' (hōs) introducing a final clause, expressing purpose ('so that' or 'in order that'). The verb 'παρεῖμι' (pareimi) is a compound of 'παρά' (beside/alongside) and 'εἰμί' (to be), appearing here in the third person singular imperfect indicative active ('παρεῖμι' in the tree is marked as v3ppia---, which typically denotes imperfect indicative active, though the form 'παρεῖμι' can also be present indicative; context often clarifies, but the tree suggests a past tense narrative). The infinitive 'ὁρᾶν' (horan) functions as the subject of the final clause, a construction where the infinitive acts as the logical subject of the verb 'παρεῖμι'. The phrase 'παρεῖμι' with the infinitive can be translated as 'to be present to see' or 'to be there to see'. The sentence is a fragment, likely part of a larger dialogue or monologue where a character expresses a desire or purpose for someone to be present for the act of seeing.",622
623,From where the desert?,"The sentence employs ellipsis, omitting the verb 'is' (ἔστι) or 'come from' to create a sudden, dramatic exclamation typical of the tragic stage. The interrogative adverb πόθεν (from where) governs the genitive noun ἐρημίας, indicating the source or origin of the desolation. The use of the genitive case here functions as a genitive of separation or source, asking for the provenance of the emptiness. The syntax is compressed, relying on the audience to supply the implied predication, which heightens the emotional intensity of the inquiry into the cause of the desolate state.",623
624,Cithaeron?,"This fragment represents a vocative address to Mount Cithaeron, a mountain in Boeotia central to the mythological geography of the play. In the context of Euripides' *Bacchae*, the mountain is the primary site of the Maenads' rites and the location where Pentheus is torn apart. The use of the vocative case (implied by the grammatical structure, despite the truncated form 'G?' likely representing a missing or corrupted ending in the source data) signifies a direct appeal to the landscape itself as a witness to the unfolding tragedy. The question mark indicates a rhetorical or emotional inquiry, suggesting the speaker is calling upon the mountain to acknowledge the events or to serve as a silent witness to the divine punishment being enacted.",624
625,Cithaeron?,"This is a vocative address to Mount Cithaeron, the mountain range separating Attica and Boeotia, which serves as the setting for the action of the play. In the context of Euripides' *Bacchae*, the mountain is personified as a witness to the rites of Dionysus. The use of the vocative case here, without a governing verb, creates an immediate and dramatic apostrophe, highlighting the mountain's role as a silent observer of the sacred mysteries and the subsequent tragedy. The question mark indicates a moment of sudden realization or invocation, characteristic of the ecstatic and frenzied tone associated with the worship of Dionysus.",625
626,He slaughtered him.,"The verb καταφονεύω is a compound of κατά (down) and φονεύω (to kill), often implying a thorough or decisive killing, sometimes with the connotation of butchering or driving down to death. The pronoun νιν is the accusative singular form of αὐτός, used here as the direct object; in Attic tragedy, this form is frequently employed for the accusative of the third person masculine singular, particularly in poetic contexts. The sentence is a simple subject-predicate structure with an implied subject (he) and an explicit object (him), typical of dramatic action descriptions where the actor may be evident from context. The brevity and forcefulness of the sentence reflect the sudden violence often depicted in tragic choruses or messenger speeches.",626
627,Who cast it?,"The verb βαλοῦσα is aorist active participle, feminine nominative singular, functioning as the subject (SBJ) of the clause, which is elliptical; the finite verb 'to be' is omitted but implied. The article ἁ (hē) agrees with the participle in gender, number, and case, emphasizing the agent. The question τίς ('who') is a direct interrogative pronoun seeking the identity of the subject. The sentence exhibits a concise, dramatic style typical of tragedy, where the speaker reacts to an unseen action, likely a ritualistic throwing or casting of an object. The use of the aorist participle with an implied finite verb creates a sense of immediacy and urgency, common in choral or character speech during moments of sudden revelation or accusation.",627
628,"First, my prize.","The sentence functions as a nominal clause where the subject is the neuter singular noun γέρας (prize, honor, portion), modified by the neuter singular possessive adjective ἐμόν (my) and the neuter singular ordinal adjective πρῶτον (first). The adjective πρῶτον functions adverbially here, modifying the implied copula to indicate priority or order ('first of all'). The use of γέρας is culturally significant in the context of the Dionysian mysteries and the Bacchae, referring not merely to a material reward but to the honor or portion of glory bestowed by the god. The abrupt, elliptical nature of the sentence, omitting a verb, creates a dramatic emphasis typical of Greek tragedy, placing the focus entirely on the speaker's claim to the honor.",628
629,"Happy Agave, we are called in the thyrsus-bands.","The adjective μάκαιρ (happy, blessed) stands in the vocative case, addressing Agave directly, though it is elided to μάκαιρ' before the following vowel. The verb κλῃζόμεθ is in the present passive indicative first person plural, indicating a collective identity shared by the speaker and the addressee. The preposition ἐν (in) governs the dative plural θιάσοις (in the thyrsus-bands or processions), referring to the ecstatic bands of Maenads. The phrase captures the communal and ritualistic nature of the Dionysian cult, where participants are bound together in a shared, blessed state through their association with the god. The use of the vocative here emphasizes the personal connection between the speaker and Agave within this sacred context.",629
630,Who else?,"This is a concise interrogative phrase typical of dramatic dialogue, often used to express surprise, suspicion, or a demand for further identification. The use of the indefinite relative pronoun τις (tis) combined with the adverbial accusative plural neuter αλλα (alla, 'other things' or 'others') functions here as a shorthand for 'who else [is there]?' or 'who else [is it]?'. The sentence relies on ellipsis, omitting the verb 'to be' (εστιν), which is common in Greek for brevity and dramatic effect. The punctuation (question mark) indicates the rising intonation typical of an inquiry. This construction highlights the speaker's focus on the identity of an unexpected or additional individual.",630
631,The things of Cadmus?,"The sentence consists of a neuter plural definite article (τα) and a genitive singular proper noun (Κάδμου, 'of Cadmus'), forming a noun phrase that functions as the subject (SBJ). The presence of the interrogative particle or question mark implies an incomplete thought or a rhetorical question typical of tragic dialogue, often expressing shock or inquiry about the fate or possessions of the Theban royal house. The construction relies on the genitive case to indicate possession or origin. The final 'G?' in the input likely represents a textual corruption or a placeholder for a missing verb or particle, but the phrase itself stands as a fragmentary subject, possibly alluding to the cursed lineage or property of Cadmus, a central theme in Euripides' exploration of the 'Bacchae'.",631
632,What of Cadmus?,"This fragment is an elliptical interrogative construction typical of dramatic dialogue, where the verb (likely 'is' or 'has become') is omitted for immediacy. The form τί (tí) functions as a neuter singular interrogative pronoun, here acting as the subject of an implied state of being. It is followed by the genitive singular Καδμου (Kádmou), which serves as an attributive genitive (ATR) defining the scope of the inquiry. This specific phrasing is often used in tragedy to inquire about the fate, current status, or condition of a character after a significant off-stage event. The sentence structure relies heavily on context to supply the missing predicate, a common feature in the rapid exchange of lines in Euripidean drama.",632
633,"Touch this beast's birth, touch it with me, with me!","The sentence features a striking instance of anaphora with the repeated prepositional phrase 'μετ’ ἐμὲ' (with me), emphasizing the shared participation of the speaker and the listener in the act of touching. The verb 'ἔθιγε' (touch) is in the aorist imperative, conveying a forceful command. The noun 'γένεθλα' (births/origin) functions as the subject of the imperative, while 'θηρός' (of the beast) is a genitive of definition or possession. The repetition of 'μετ’ ἐμὲ' creates a rhythmic intensity, possibly reflecting the ecstatic or frenzied mood typical of the Bacchic context. The use of 'τοῦδ’' (this) points to a specific, immediate object, heightening the dramatic tension.",633
634,This hunt is fortunate!,"The sentence employs a predicate adjective construction (εὐτυχής) with the neuter subject ἡ ἀγρή (here used as feminine in the nominative singular, likely referring to the event or the act of hunting). The enclitic particle γε (γ') adds a nuance of affirmation or emphasis, often translated as 'indeed' or 'certainly,' strengthening the speaker's assertion about the outcome. The demonstrative adjective οὗδε (ἅδ') points to something immediate or present, here 'this' hunt. The sentence exhibits a concise, exclamatory style typical of tragic dialogue, where a character reacts to a sudden turn of events. The use of the neuter noun ἀγρή in the feminine form is a notable grammatical feature, reflecting the poetic license often found in Greek tragedy. The overall tone is one of relief or triumph, suggesting a successful outcome to a risky endeavor.",634
635,G?,"The input 'G?' appears to be a placeholder or a corrupted data entry rather than a valid Ancient Greek sentence. The morphological analysis lists the form as 'G?' with the lemma 'G', a part of speech tag 'z--------' (indicating an undefined or non-standard category), and a relation 'GAP' (Gap). In the context of the *Bacchae*, this likely represents a lacuna (a missing portion of text) in the source manuscript or digital archive where the original Greek text was lost or unreadable, and the system has inserted a placeholder symbol. Consequently, there are no syntactic structures, literary devices, or cultural references to analyze within this specific string.",635
636,Partake now of the banquet.,"The verb μετέχε (imperative middle of μετέχω) is used here with the genitive or accusative object to mean 'to share in' or 'to partake of.' In this specific context, the accusative θοίνας (banquet) indicates the specific feast being shared. The particle νυν serves as a temporal marker urging immediate action, translating to 'now' or 'then' in the sense of 'at this moment.' The sentence exhibits a direct, imperative tone characteristic of ritual or communal invitations in tragedy, emphasizing the immediacy of the shared meal which often symbolizes communion with the divine or the community in Dionysian contexts.",636
637,What?,"This sentence consists of a single interrogative pronoun in the neuter nominative/accusative singular (τί), functioning as the subject or object of an implied verb of perception or understanding. In the context of Euripides' *Bacchae*, this is likely an expression of sudden shock, confusion, or disbelief, where the speaker is reacting to an inexplicable event or appearance. The brevity of the utterance (anaphora is not present, but asyndeton is inherent in its isolation) heightens the dramatic tension, mimicking the instantaneous nature of human reaction. The neuter gender can imply an unspecified thing or situation, broadening the scope of the speaker's bewilderment.",637
638,"Do you share in it, you suffering one?","The verb μετέχω (metechn) takes a genitive object (omitted here but implied by context) meaning 'to share in' or 'to have a part in.' The adjective τλημων (tlemōn) is in the vocative case (τλᾶμον), addressing the addressee directly as 'suffering one' or 'wretched one,' a common epithet in tragedy for those undergoing extreme hardship. The sentence is a rhetorical question, typical of dramatic dialogue where a character challenges another's participation in a shared fate or divine madness. The syntax relies on ellipsis, omitting the specific thing being shared, which forces the audience to infer the object from the dramatic context. The vocative construction emphasizes the emotional state of the person being addressed.",638
639,"A new calf, just born, sprouts beneath the helmet, with soft hair, drooping down.","This sentence employs a vivid metaphor comparing the sprouting of a plant (or perhaps the emergence of the god Dionysus himself) to a young calf. The adjective 'νεος' (new) paired with 'μοσχος' (calf) creates a sense of freshness and vitality. The phrase 'αρτι γεγυν' (just born) emphasizes the immediacy of the birth or emergence. The prepositional phrase 'υπο κορυθ'' (beneath the helmet) suggests a concealment or a setting within a military context, which contrasts with the innocence of the calf. The adjectives 'απαλοτριχα' (with soft hair) and 'κατακομον' (drooping down) add sensory details, enhancing the imagery of youth and vulnerability. The use of asyndeton (the absence of conjunctions between clauses) contributes to the rapid, flowing nature of the description, mirroring the suddenness of the calf's appearance.",639
640,"It is necessary, then, that the wild beast fear the leaf.","This sentence features the verb πρέπει (it is necessary) followed by a causal/resultative conjunction ὥστε introducing a subordinate clause. The particle γε (represented as γ') adds emphasis or a connective force, often translated as 'then' or 'indeed,' linking this thought to the preceding context. The subject of the subordinate clause is θηρ (wild beast), modified by the adjective ἄγραυλος (of the field, wild). A striking stylistic feature is the juxtaposition of the fearsome beast with the object of its fear: the leaf (φόβη). While φόβη typically refers to a 'shudder' or 'tremor' in other contexts, here it is likely used in the sense of 'leaf' (specifically the leaf of a plant, perhaps a laurel or ivy associated with Dionysus), creating a vivid image of a powerful creature being terrified by something seemingly fragile. This contrast highlights the irrational or overwhelming nature of the fear induced by the god, a central theme in the Bacchae. The syntax emphasizes the inevitability of this fear through the use of πρέπει + ὥστε.",640
641,"The Bacchic hunter, wise, spoke wisely against this beast, the maenads.","This sentence features a striking instance of polyptoton, where the adjective σοφός (wise) and its adverbial form σοφῶς (wisely) appear in close proximity, emphasizing the manner of the action. The verb ἀναπαλλώ is a rare aorist form (ἀνεπλήν) meaning 'to speak against' or 'to denounce,' often used in contexts of legal accusation or divine rebuke. The syntax places the object μαινάδας (maenads) at the very end, separated from the prepositional phrase ἐπὶ θῆρα, creating a slight enjambment effect that highlights the target of the denunciation. The article ὁ combined with Βάκχιος identifies the subject as a specific, cultic figure rather than a general hunter, while the phrase 'wise hunter' may carry ironic overtones given the chaotic nature of the maenads.",641
642,For the lord is a hunter.,"This sentence features a concise, gnomic statement characterizing the divine nature of Dionysus (the 'lord'). The particle 'γάρ' (for) indicates that this assertion provides a causal explanation for a preceding context, likely justifying the god's actions or the protagonist's fate. The syntax relies on an implied copula ('is'), which is standard in Ancient Greek when linking a nominative subject ('ὁ ἄναξ') to a nominative predicate ('ἀγρεύς'). The juxtaposition of 'lord' (a figure of authority and civilization) with 'hunter' (a figure of the wild and violence) creates a striking semantic contrast that highlights the dual nature of Dionysus as both a ruler and a primal force of nature. The sentence structure is paratactic and rhythmic, typical of tragic stichomythia or choral odes, where brevity enhances the impact of the revelation.",642
643,Are you praising?,"The verb ἐπαινεῖς is in the present indicative active, second person singular. In the context of the Bacchae, this form often carries a tone of irony or accusation, questioning the interlocutor's approval of the new god, Dionysus, or the cultic practices associated with him. The sentence is a direct question, relying on the interrogative force of the verb form itself, as no explicit question particle is present. The use of the present tense suggests an ongoing or habitual action, implying a continuous state of approval or praise.",643
644,I praise.,"This is a monosyllabic imperative or indicative present active form of the verb 'to praise' (ἐπαινέω). In the context of the Bacchae, the speaker likely uses this simple, direct declaration to assert approval or admiration, possibly in a moment of ritualistic or dramatic emphasis. The brevity of the sentence, consisting of a single verb followed by a period, creates a forceful, declarative tone, emphasizing the speaker's conviction without qualification.",644
645,"Soon, the Cadmeans will...","The adverb ταχά (tachá) means 'soon' or 'quickly' and sets a tone of imminent action or expectation. The particle δέ (dé) functions here as a connective, often implying contrast or continuation from previous context, though its specific nuance depends on the surrounding lines not provided here. The adjective Καδμείοι (Kadmeioi), meaning 'Cadmeans' (the people of Thebes, descendants of Cadmus), is in the nominative plural and serves as the subject of the sentence. The symbol 'G?' represents a textual gap or corruption in the manuscript tradition, indicating that the verb or predicate is missing from the extant text. Consequently, the sentence is syntactically incomplete, leaving the action or state of the Cadmeans unstated. This fragment likely comes from a dramatic context where the speaker predicts a swift reaction or arrival of the Thebans, a common motif in Euripides' portrayal of civic identity and divine retribution. The abrupt ending may reflect the chaotic or interrupted nature of the scene.",645
646,"And a child, indeed, is Pentheus.","The sentence relies on the enclitic particle γε attached to παῖς (child/son) to provide emphatic contrast or confirmation, translating here as 'indeed' or 'at least.' This usage highlights the irony of Pentheus's situation: though he is a young man and the king of Thebes, the speaker (Dionysus in disguise) refers to him derisively as a mere 'child' to underscore his lack of wisdom and maturity in the face of the god. The structure features a subject (παῖς) immediately followed by the emphatic particle and then the proper noun (Πενθευς), creating a chiasmus-like emphasis on the identity of the subject. The GAP relation on 'G?' indicates a syntactic gap, suggesting this fragment is part of a larger rhetorical question or statement where the predicate or complement is elided but understood from context.",646
647,"Your mother will be praised, having taken this lion-born prey.","The sentence employs a future middle/passive verb (ἐπαινέσεται) which, in this context, functions with a middle sense of 'being praised' or 'receiving praise.' The participle λαβοῦσαν (having taken) is aorist active, agreeing in case, number, and gender with the object μήτηρ (mother), creating a tight syntactic bond that emphasizes the action of capture as the reason for the praise. The adjective λεοντοφυῆ (lion-born) is a compound epithet describing the prey, likely referring to the mythical offspring of a lion or a lion itself, highlighting the ferocity and nature of the hunt. The sentence structure is direct, with the participle phrase providing essential background information that justifies the main clause's assertion of praise. The use of the demonstrative τάνδε (this) draws attention to the specific prey, reinforcing the immediacy and significance of the action.",647
648,Excess.,"This is a sentence fragment consisting of a single neuter accusative adjective, περισσάν (excessive/excess), which functions as an elliptical statement where the subject or object is implied from context. In the context of Euripides' Bacchae, this likely reflects the Chorus's commentary on the nature of the Dionysian rites or the protagonist's state, emphasizing the concept of 'excess' or 'overabundance' as a defining characteristic of divine madness or hubris. The use of a single word as a complete sentence is a rhetorical device known as monosyllabic or monolemmatic sentence, often used for dramatic emphasis or to convey a sudden realization.",648
649,Excessively!,"The adverb περισσῶς (from περισσός) literally means 'in excess' or 'too much,' functioning here as an exclamatory intensifier to express strong emotion, typically horror, outrage, or dismay. In the context of Euripides' *Bacchae*, such a standalone exclamation often marks a moment of dramatic realization or moral judgment regarding the hubris or violent actions occurring on stage. The sentence consists solely of this adverb and a period, utilizing asyndeton (the omission of connecting particles) to create an abrupt, forceful rhetorical impact.",649
650,Rejoice!,"This is a second-person singular present imperative active form of the verb ἀγαλλιάω (or ἀγαλλω), meaning 'to rejoice,' 'to exult,' or 'to glory in.' In the context of the Bacchae, this verb is frequently associated with the ecstatic worship of Dionysus, often accompanied by dancing or the raising of the thyrsus. The form ἀγάλλῃ represents the Doric or epic dialectal variant of the Attic ἀγάλλου, reflecting the choral or heightened poetic register typical of Euripidean tragedy. The sentence consists solely of the imperative verb followed by a semicolon, which in modern editions often marks the end of a distinct utterance or a pause for dramatic effect, though in ancient manuscripts punctuation was less standardized. The brevity and directness of the command emphasize the immediacy and intensity of the divine presence or the emotional state of the addressee.",650
651,"I rejoice, for these are great, great, and clear deeds accomplished.","The sentence opens with the perfect active indicative γέγηθα (from γηθέω), a reduplicated form indicating a present state resulting from a past action ('I have rejoiced' or 'I am in a state of joy'). The adjective μέγας is repeated (μεγάλα μεγάλα) for emphasis, a rhetorical device known as epizeuxis, which underscores the magnitude and significance of the actions. The phrase ταῦτα ἀγρα (these things) is modified by the perfect passive participle κατεργασμένα (accomplished, wrought), which agrees in case, number, and gender with the neuter plural accusative implied by the context of 'things' or 'deeds' (often functioning as the object of feeling or the subject of a clause with a verb of saying/thinking, though here it acts adverbially or predicatively with the emotion). The repetition of the adjective creates a rhythmic cadence typical of choral odes in Greek tragedy, enhancing the dramatic impact of the divine or heroic nature of the 'deeds.' The use of φανερά (clear, manifest) alongside 'great' suggests that these actions are not only powerful but also publicly evident and undeniable, fitting the theme of the revelation of Dionysus's power in the Bacchae.",651
652,"Now show, wretched woman, your victory-winning hunt that you have brought here.","The sentence features a vocative address ('wretched woman') set off by commas, highlighting the dramatic tension between the speaker and the addressee. The verb 'δειξον' is an aorist imperative, issuing a direct command. The adjective 'νικηφορον' (victory-winning) is used attributively with 'αγραν' (hunt), creating a striking oxymoron where the 'hunt' is not of prey but of victory itself, likely referring to the captive status of the addressee or the spoils of her divine association. The relative clause 'ην φερουσ' εληλυθας' (that you have brought here) uses the perfect active indicative 'εληλυθας' (you have come), which emphasizes the completed action and its present result, indicating the hunt is now present before the speaker. The participle 'φερουσ'' (bringing) agrees with the subject of the relative clause, adding a layer of agency to the action of bringing the hunt. The overall structure is direct and commanding, typical of dramatic dialogue where characters assert dominance or demand accountability.",652
653,"O inhabitants of the fair-towered city of the Boeotian land, come so that you may see this hunt, the hunt of the daughters of Cadmus which we have captured, not with the curved aim of the Thessalians, nor with nets, but with the white-armed hands of our prime strength.","The sentence employs a striking contrast between conventional hunting methods and the divine power of Dionysus. The phrase 'fair-towered city' (καλλιπύργον ἄστυ) is a traditional epithet for Thebes, reflecting its architectural grandeur. The address to the 'daughters of Cadmus' (Κάδμου θυγατέρες) invokes the Maenads, specifically the mythological figures who were punished by being driven mad by the god, yet here are shown as participants in his divine hunt. The syntactic structure uses asyndeton (the omission of conjunctions) in the list of hunting methods ('not with curved aim... nor with nets... but with white-armed hands'), which accelerates the rhythm and emphasizes the immediacy of the action. The term 'curved aim' (ἀγκυλητοῖς στοχάσμασιν) refers to the use of bows, a typical weapon of the Thessalians, while 'nets' (δικτύοισιν) were common tools for hunting. The final phrase 'white-armed hands of our prime strength' (λευκοπήχεσι χειρῶν ἀκμαῖσιν) uses a metaphorical description of the hands, highlighting the physical prowess and purity of the Dionysian followers, contrasting sharply with the mechanical tools of mortal hunters. The use of the aorist tense in 'we have captured' (ἡγρευσαμεν) underscores the completed nature of the divine act, reinforcing the god's authority over the hunt.",653
654,"Shall I, I, go forth in triumph and acquire, in vain, the tools of the spear-maker?","The sentence begins with a stuttered 'κα-' (a repetition of the initial syllable of the conjunction 'καί'), indicating a moment of hesitation or emotional distress on the part of the speaker (Pentheus) before he continues with 'καί' (and). The construction uses the impersonal verb 'χρεών' (it is necessary) governing two infinitives in coordination: 'κομπαζειν' (to triumph/process) and 'κτάσθαι' (to acquire). The adjective 'λογχοποιών' (spear-making) agrees with 'ὄργανα' (instruments/tools), creating a vivid image of military equipment. The adverb 'μάτην' (in vain) at the end of the sentence adds a tragic foreshadowing, questioning the futility of the speaker's actions. The rhetorical question structure highlights the speaker's internal conflict and the impending doom.",654
655,"But we ourselves, with this very hand, have chosen him, and apart from the limbs of a beast, we have carried them off.","The sentence employs the enclitic particle γε (here appearing as γ') attached to the first word for emphasis, reinforcing the agent 'we ourselves' (ἡμεῖς). The demonstrative adjective αὐτήν agrees with χείρι in gender, number, and case, functioning as an emphatic modifier ('this very hand'). The verb αἱρέω (to choose/take) is used here with a specific nuance of selecting or capturing. The second clause introduces a stark contrast using the preposition χωρίς (apart from/separate from) with the genitive θηρός (of a beast/animal), highlighting the distinction between the human victim and the animal parts. The verb διεφορήσαμεν (we carried off/distributed) is in the aorist indicative, denoting a completed action. The sentence structure utilizes asyndeton (the omission of a conjunction between the two main clauses, though τε is present as a connective particle within the second clause, the pause after the comma suggests a break in flow). The juxtaposition of 'choosing' a human and 'carrying off' animal limbs creates a visceral contrast typical of tragic choruses describing ritualistic or violent acts.",655
656,"Where is my father, the old man?","The sentence opens with the interrogative adverb που (pou), here functioning as an inquisitive 'where' or 'where on earth,' often conveying a tone of agitation or sudden realization. The dative pronoun μοι (moi) is a dative of possession, indicating 'my father,' though in English this is naturally rendered with the possessive adjective. The noun πατηρ (pater) serves as the subject of the implied verb 'to be' (ἐστιν), which is omitted, a common feature in Greek exclamatory or rhetorical questions. The article ὁ (ho) agrees with the masculine singular noun and introduces the epithet πρέσβυς (presbus), meaning 'old man' or 'elder.' This phrase functions as an appositive, further characterizing the father. The use of πρέσβυς is significant as it can denote both advanced age and a position of high social status or authority, reflecting the cultural importance of the elder in Greek society. The sentence structure is paratactic and relies on word order for emphasis, placing the interrogative at the very beginning to heighten the sense of urgency or confusion.",656
657,Let him come near.,"The verb ἐλθέτω is a third person singular aorist active imperative (specifically a jussive or hortatory form often used in commands or wishes), derived from ἔρχομαι (to come/go). The adverb πελάς (near, close by) modifies the verb, indicating proximity. The sentence is a concise command, typical of dramatic dialogue where characters issue direct orders or summons. The use of the aorist imperative suggests a request for immediate action. The punctuation includes a period, marking the end of the utterance.",657
658,Is my son Pentheus indeed here?,"The sentence utilizes the enclitic conjunction τε ('and') attached to the proper name Πενθεύς. In this interrogative context, τε often functions to add emphasis or to introduce the subject as a specific point of inquiry, rather than strictly coordinating two independent clauses. The adverb που ('perhaps', 'indeed', 'I wonder') is placed immediately before the verb, a common position in poetry to express uncertainty or to frame the question as a rhetorical doubt. The use of the genitive possessive εμός ('my') with the appositional noun phrase Πενθεύς τε εμός παῖς highlights the speaker's personal stake and anxiety regarding the boy's whereabouts. The syntax features a subject (Πενθεύς) modified by an appositive (παῖς) and a possessive adjective, with the copula εἰσίν (contracted to ἐστίν) serving as the predicate. The word order is somewhat flexible, placing the proper name first for emphasis before the descriptive apposition.",658
659,"Let him take, upon approaching the houses, the climbing-ladders of the brick wall, so that he may peg this lion's head with the triglyphs, which I have brought as a trophy.","The sentence exhibits a complex imperative structure where the subject of the main clause is indefinite ('him'), while the subordinate purpose clause introduces the speaker ('I') as the agent of bringing the trophy. The phrase 'πηκτῶν ... κλιμάκων' (climbing-ladders of the brick wall) creates a vivid image of siege warfare equipment adapted for domestic architecture, a common trope in the 'Bacchae' where Dionysus's followers use domestic spaces for violent purposes. The verb 'πασσαλεύσῃ' (to peg or stake) is used metaphorically here to describe the act of displaying the lion's head as a trophy against the architectural triglyphs, linking the wild beast to the ordered, man-made structure of the house. The use of the aorist participle 'θηράσασα' (having hunted) emphasizes the completed action of the hunt, reinforcing the speaker's authority and the finality of the victory. The sentence structure moves from the physical action of climbing to the symbolic act of display, creating a dramatic shift from motion to static presentation.",659
660,"Follow me, carrying the wretched burden of Pentheus. Follow, attendants, past the houses! I carry this body, which I found torn apart in the folds of Cithaeron, having taken nothing at all from this very plain, lying in a forest hard to discover.","The sentence employs a powerful anaphora with the repetition of the imperative 'ἕπεσθε' (follow), which emphasizes the command and creates a rhythmic urgency typical of a leader addressing his followers. The phrase 'ἄθλιον βάρος' (wretched burden) serves as a metonymy, where the physical weight of the body represents the tragic fate of Pentheus. The syntax features a series of participial clauses modifying the main verb 'φέρω' (I carry): 'φερόντες' (carrying) sets the manner of the followers, while 'εὑρών' (having found), 'λαβών' (having taken), and 'κείμενον' (lying) describe the state and location of the body. The poet uses asyndeton (the omission of conjunctions) between the participial phrases 'εὑρών' and 'λαβών' to accelerate the narrative pace and heighten the dramatic tension. 'Κιθαιρών' refers to Mount Cithaeron, the mythological site where Pentheus was torn apart by his own mother and the maenads. The term 'δυσεύρετος' (hard to discover) highlights the isolation of the location and the secrecy of the crime.",660
661,"For I have heard the daring deeds of the daughters: now, having already gone inside the city walls, alongside the old man Tiresias, with the Bacchants.","The sentence opens with the causal particle γάρ, indicating that this statement provides the reason for a preceding assertion (likely the speaker's decision to act or leave). The verb ἤκουσα is in the perfect tense (perfect active indicative), which here emphasizes the current state of the speaker resulting from a past action: the speaker is now in possession of this knowledge. The main clause is elliptical, with the participle βεβώς (perfect active participle of βαίνω) functioning adverbially to describe the circumstances under which the speaker has heard these things or is currently situated. The phrase κατ’ ἄστυ τειχέων ἔσω is a precise locative description meaning 'inside the walls of the city.' The construction συὺν τῷ γέροντι Τειρεσίᾳ Βάκχων πάρα uses the preposition παρά with the genitive plural Βάκχων to denote accompaniment or proximity, literally 'with the Bacchants' (or 'by the side of the Bacchants'). The use of the genitive plural for the Bacchants, rather than the dative or a simple prepositional phrase with 'with,' adds a collective and perhaps ritualistic weight to the group, fitting the chthonic and ecstatic context of the Bacchae. The sentence structure is dense with participial and prepositional phrases modifying the main verb, creating a sense of immediate, urgent observation.",661
662,"Again, turning back toward the mountain, I am bringing back the dead child, under the Maenads.","The sentence features a present tense verb of motion and agency (κομιζομαι) combined with an aorist participle (καμψας) indicating the preceding action of turning. The phrase 'under the Maenads' (υπο Μαιναδων) uses the preposition 'υπο' with the genitive case, which in this context suggests the agency or the force behind the action (i.e., the child is being brought back by the Maenads or in their presence/power), rather than a simple spatial location. The term 'dead child' (κατθανοντα παιδα) uses a present participle derived from a verb meaning 'to die' (καταθνησκω) functioning as an adjective, describing the state of the boy. The sentence structure is relatively straightforward, with the adverb 'again' (palin) and the conjunction 'but' or 'and' (de) setting the temporal and connective tone. The use of 'Maenads' refers to the female followers of Dionysus, known for their ecstatic rituals and, in this play, their violent actions. The phrase 'turning back toward the mountain' (palin de kampsas eis oros) implies a return to a specific location, likely a sacred or significant place in the narrative. The overall tone is one of action and consequence, reflecting the themes of divine power and human vulnerability in Euripides' work.",662
663,"I saw Actaeon's mother, Autonoe, and Ino together, and I saw them again amidst the throng of the wretched, goaded throng around the grove; but someone told me that Agave was coming here with her Bacchic foot; yet we have not heard of her being at the very top.","This sentence exhibits a complex narrative structure typical of Greek tragedy, utilizing the particle pair μέν... δέ (μέν after Ἀκτέων' implied by the context of the first clause, and δέ before εἶπε) to contrast the speaker's visual perception with reported speech and subsequent negative knowledge. The phrase 'οἴστροπληγάς αθλίας' (goaded, wretched ones) employs a compound adjective (οἴστροπληξ) and a participial sense derived from the verb to describe the frenzied Maenads, a key cultural reference to the Dionysian rites. The construction 'στειχεῖν... Ἄγαυην' uses a complementary infinitive dependent on the verb of saying ('εἶπε'), while the final clause 'οὐδ' ἄκραντ' ἠκούσαμεν' features a chiasmus-like tension between the visual 'seeing' of the first clause and the auditory 'hearing' of the last, emphasizing the limits of the speaker's knowledge. The term 'βακχείωι ποδί' (Bacchic foot) is a metonymy referring to the ecstatic, dancing movement of the Maenads. The sentence also demonstrates asyndeton in the listing of the women (Autonoe, Ino) before the conjunction θ' (te) is attached to the verb, creating a rapid, breathless rhythm appropriate for the chaotic scene.",663
664,"For I see her, a vision not of happiness.","The verb λεύσσω (leussō) is a poetic variant of βλέπω (blepō), frequently used in tragedy to convey a gaze that is intense, prophetic, or laden with emotional weight. The sentence employs a double accusative construction: the direct object αὐτήν (her) is immediately followed by οἷαν (implied) or an appositive noun phrase ὄψιν (vision/sight), where ὄψιν acts as a predicate accusative or a second object describing the nature of the first. The adjective εὐδαίμονα (happy/fortunate) modifies ὄψιν, creating a stark contrast between the act of seeing and the tragic reality of what is seen. The particle γάρ indicates that this statement provides the reasoning or cause for a preceding assertion, likely the speaker's hesitation or dread. The syntax creates a rhythmic pause after the object, emphasizing the tragic description that follows.",664
665,"Father, it is possible for you to boast most greatly, to sow the best daughters of all mortals.","The sentence features the vocative 'πατέρ' (Father), addressing the deity Dionysus, who is the son of Zeus but often addressed by his mortal father's name in moments of irony or specific ritual contexts within the play. The construction 'παρεστὶ σοι' + infinitive ('κομψασαι' and 'σπειραι') expresses capability or permission ('it is possible for you'). The adjective 'μέγιστον' (greatest/most) is used adverbially to modify the infinitive 'κομψασαι' (to boast). The verb 'σπειρα' (to sow) is a metaphor for procreation, a common motif in Greek literature where offspring are likened to crops. The phrase 'ἀρίστας θυγατέρας' (best daughters) is qualified by the genitive 'πάντων θνητῶν' (of all mortals), emphasizing the supreme quality of the offspring. The structure creates a parallelism between the act of boasting and the act of sowing, highlighting the divine privilege of the addressee.",665
666,"I have told all things, and especially me, having left the shuttles by the looms, I have come to greater things, to hunt beasts with my hands.","The sentence features a striking chiasmus in the structure of the second clause: 'having left the shuttles' (craft/women's work) corresponds to 'hunting beasts' (wild/manly work), while 'by the looms' (stationary place) corresponds to 'with my hands' (active instrument). The word 'especially' (ἔξοχως) modifies the subject 'me' (ἐμέ), creating a dramatic self-emphasis where the speaker identifies themselves as the primary subject of the previous action. The phrase 'greater things' (μεῖζον) functions as a substantive neuter plural, contrasting the domestic sphere of weaving with the dangerous, heroic sphere of the hunt. The syntax uses a perfect active participle (ἐκλιποῦσα) to indicate an action completed prior to the main verb (ἥκω), highlighting the irreversible nature of the speaker's transition from a domestic role to a wild, divine one. The dative of instrument (χεροῖν) emphasizes the physical, visceral nature of the new activity.",666
667,"I carry these breakfast offerings in my arms, as you see, to hang them before your house.","The sentence features a participial clause (λαβοῦσα, 'having taken') that modifies the main verb φέρω ('I carry'), indicating the manner or accompaniment of the action. The phrase ἐν ὠλέναισιν ('in the arms') uses the dative plural of ὠλένη, a specific term for the forearm or elbow, emphasizing the physical closeness of the carrying. The use of ὡς ὁρᾶς ('as you see') is a parenthetical insertion that directly addresses the listener, creating a moment of shared visual confirmation. The final clause introduced by ὡς ('so that' or 'in order that') followed by the aorist passive subjunctive ἀγκρεμασθῇ ('may be hung') expresses purpose. The noun ταριστεία (a rare compound meaning 'breakfast' or 'morning meal') combined with the demonstrative ταῦτα ('these') highlights the specific ritualistic nature of the offering. The syntax flows from the action of carrying, through the visual confirmation, to the intended destination and purpose, typical of dramatic dialogue where characters explain their immediate actions and intentions.",667
668,"But you, father, receive [me] with your hands.","The sentence features a vocative address (πατέρ) set off by commas, creating a direct and emotional appeal typical of Greek tragedy. The particle δέ (here rendered as 'but' or 'and' depending on context, functioning as a connective or contrastive marker) introduces the speaker's turn or a shift in focus. The verb δέξαι is a second-person singular aorist imperative of δέχομαι, meaning 'to receive' or 'to welcome.' The dative plural χερσίν (χεροῖν) functions adverbially (dative of means or instrument), indicating the manner in which the action is to be performed—'with hands.' This construction is idiomatic, often implying a gesture of embrace or supplication. The syntax is concise, with the vocative inserted parenthetically between the subject pronoun and the verb, emphasizing the personal nature of the request.",668
669,"Rejoicing in my hunts, invite friends to a banquet.","The participle γαυρούμενος (present middle/passive participle) functions adverbially, expressing the manner or cause of the main action. The verb καλεῖ (imperative) is in the second person singular, indicating a direct command. The phrase εἰς δαῖτα (to a banquet) uses the accusative of direction after the preposition εἰς, which is common for indicating movement toward an event or gathering. The use of αἱρέματα (hunts) in the dative case with γαυροῦμαι (rejoice) reflects a common construction where the preposition is omitted but implied. The tone of the sentence is celebratory and authoritative, fitting the context of Dionysiac revelry.",669
670,"For he is blessed, blessed, having accomplished such things as these.","The sentence employs anaphora through the immediate repetition of 'μακάριος' (blessed), a device often used in Greek tragedy to emphasize the intensity of the speaker's sentiment or to mark a climactic moment. The adverb 'γάρ' indicates that this statement provides a reason or explanation for a preceding assertion. The participle 'εἰργασμένων' (having accomplished) is in the perfect middle/passive form, agreeing with the implied subject 'he' (the one being called blessed) and functioning adverbially to explain the cause of his blessed state. The construction 'τοιαῦτα' (such things) refers to the specific, extraordinary deeds previously mentioned in the context of the play, likely alluding to the miraculous or divine actions performed by Dionysus. The syntax creates a balanced structure where the cause (the deeds) is placed at the end, reinforcing the conclusion of the subject's blessedness.",670
671,"Oh, this grief is immeasurable, nor is it possible to behold the murder wrought by wretched hands.","The sentence opens with an exclamatory interjection (ὠ) expressing intense emotion, immediately followed by the subject πένθος (grief/mourning). The syntax relies on two negative clauses joined by the enclitic -δ' (from δέ), creating a strong emphasis on the impossibility of the situation: the grief cannot be measured, nor can the act of murder be seen. The verb ἰδεῖν (to see/behold) is in the infinitive, dependent on the impersonal construction οὐδὲν οἷόν τ' (it is not possible), a common idiomatic structure in Greek tragedy to denote impossibility or prohibition. The participle ἐξειργασμένων (having wrought/committed), a perfect passive participle agreeing with χερσιὶ (hands), creates a striking chiasmus in the conceptual arrangement: the 'wretched hands' (ταλαίναις χερσί) are the instrument of the 'murder' (φόνον), yet the participle modifies the hands indirectly through the genitive construction, suggesting the hands themselves are the locus of the tragic action. The use of ταλαίνας (wretched/miserable) for the hands adds a layer of pathetic imagery, evoking the physical toll of the characters' suffering. The asyndeton between the two main clauses (οὐ... οὐδέ) heightens the dramatic tension, emphasizing the totality of the tragedy.",671
672,"Having sacrificed a beautiful victim to the gods for a banquet, you invite both these Thebans and me.","The sentence features a present active participle (καταβαλοῦσα) in the nominative feminine singular, agreeing with the implied subject of the main verb (παρακαλεῖς). The participle functions adverbially, indicating the action performed prior to or simultaneously with the main verb. The phrase 'καλὸν τὸ θύμα' uses the neuter singular accusative to describe the victim, while 'δαιμόσιν' is a dative of indirect object or dative of reference. The preposition 'ἐπί' with the accusative 'δαιτα' indicates purpose ('for a banquet'). The sentence employs asyndeton (the omission of conjunctions between clauses) in the participial phrase, creating a concise, rhythmic flow. The use of 'καὶ' (here split as 'κα- ... κἀμε') to connect 'Θηβάς' and 'ἐμέ' emphasizes the inclusion of both the city's inhabitants and the speaker in the invitation. The demonstrative 'τάσδε' points to the Thebans as present or immediate, adding a sense of immediacy to the scene.",672
673,"Alas, first of my woes, and then of my own.","The sentence opens with οἴμοι (oimoi), a standard interjection of lamentation used to express sudden grief or distress. The structure relies on a chiastic arrangement of possessive adjectives: the speaker first refers to 'my woes' (σωῶν κακῶν) and then to 'my own' (ἐμῶν), creating a tight focus on personal suffering. The particles μέν and ἔπειτα (here elided as ἔπειτ') establish a clear temporal and logical sequence ('first... then'), emphasizing the progression of the speaker's misfortunes. The genitive plural κακῶν functions as the object of lament, modified by the possessive adjectives, highlighting the intimate connection between the speaker and their calamities.",673
674,"So the god, though justly, has destroyed us, yet too much, Bromios, our very own lord, who has come to be.","The sentence employs a chiastic structure in its modifiers: 'εὐδίκως μέν' (justly) contrasts with 'ἀλλ᾽ ἄγαν' (yet too much), highlighting the tension between divine justice and excessive cruelty. The adverbial construction 'γεγώς' (having come to be/become), derived from γίγνομαι, functions as a perfect passive participle used adverbially to emphasize the agent's presence or state at the moment of action. The vocative 'Βρόμιος ἄναξ' (Bromios, lord) serves as an address to Dionysus, whose epithet 'Bromios' (the Thunderer or Roarer) evokes his ecstatic and destructive power. The phrase 'οἰκεῖος γεγώς' (having become our own/kinsman) underscores the tragic irony that the god who has become intimately familiar or kin is the one who destroys the speaker's household, a central theme in the Bacchae where divine intimacy leads to ruin.",674
675,"How difficult old age has become for humans, and gloomy in the eyes.","The sentence begins with an exclamatory ὡς (hōs) introducing a statement of lament regarding the hardships of aging. The verb ἐφύ (ephū), a form of φύω (phyō), is used here in a gnomic sense, indicating a general truth or observation about the human condition rather than a specific event of 'growing' or 'blooming.' The adjective δύσκολον (dyskolon), meaning 'difficult' or 'harsh,' is predicative and agrees with the subject γῆρας (gēras, 'old age'). The construction shifts via the enclitic conjunction τε (te) to add a second predicative quality, σκυθρωπόν (skuthrōpon, 'gloomy' or 'sullen'), which is linked to the preposition ἐν (en) with the dative plural ὀμμασι (ommaisi, 'in the eyes'). This creates a parallel structure where the abstract difficulty of aging is concretized by its physical manifestation on the face. The syntax reflects a common stylistic feature in Greek tragedy where emotional states are described through physical attributes, emphasizing the visible signs of decline.",675
676,"Would that my son were carefree, resembling his mother's ways, when he was together with the Theban youths, hunting alongside the beasts of the mountain.","The sentence opens with the particle 'εἴθε' (would that), introducing an optative clause ('εἴη') to express a wish for an unattainable or past state. The participle 'εἰκασθείς' (resembling) is a perfect passive participle used adverbially to describe the manner in which the son should be, drawing a parallel to his mother (Agave) and her wild, ecstatic nature. The phrase 'θηρῶν ὀριγνῶν' (mountain beasts) uses the genitive of the participle 'ὀριγνύς' (mountain-dwelling) to specify the type of animals. The word 'ἅμα' (together/alongside) emphasizes the companionship between the human youths and the wild animals, a common motif in Bacchic imagery where the boundaries between civilization and nature blur. The syntax employs a temporal clause introduced by 'ὅτ'' (when) to set the scene for this idealized, carefree existence. The sentence lacks a main verb for the wish itself, relying on the optative mood to convey the emotional weight of the desire. The use of 'μητρὸς' (mother's) without a possessive pronoun is a common Greek feature where the relationship is implied by the genitive case.",676
677,But only he alone is worthy to fight against the gods.,"The sentence features a striking emphasis through the tautological pairing of 'μόνον' (only) and 'οἷός τ' εἶ' (being such as/worthy), which reinforces the exclusivity of the subject's capacity. The verb 'θεομαχεῖν' (to fight against gods) is a compound verb that carries significant cultural weight, alluding to the concept of hubris and the inevitable punishment for mortals who challenge divine authority. The use of the enclitic particle 'τε' attached to 'οἷός' serves to strengthen the assertion, creating a sense of finality. The sentence structure, with the subject 'ἐκεῖνος' (that one/he) placed at the end, draws attention to the specific individual being described, likely a reference to a tragic hero whose fate is sealed by their defiance of the divine order.",677
678,"You must be admonished, father, that you are.","The sentence features the verbal adjective (gerundive) 'νουθετητέος' (from νουθετέω, 'to admonish'), which carries a passive obligation or necessity meaning 'one must be admonished' or 'it is necessary to be warned.' This construction is a classic example of the periphrastic use of the gerundive with the verb 'to be' (εἰμί), creating a sense of destiny or unavoidable fate, a theme prevalent in Euripides' tragic works. The vocative 'πάτερ' (father) is set off by commas, indicating direct address. The phrase 'σοῦ στί' (you are) at the end serves as a tautological emphasis or a rhetorical correction, asserting the current state of the addressee in light of the impending necessity of correction. The syntax highlights the tension between the father's current authority and the divine or moral necessity of his reformation.",678
679,"Who would summon him here to my sight, so that he might see me, the blessed one?","The sentence features an optative verb form (καλέσειεν) combined with the particle ἄν, creating a potential optative mood that expresses a hypothetical or wished-for action. The construction εἰς ἐμὴν ὄψιν (literally 'into my sight') is a poetic idiom meaning 'to be seen by me' or 'to come before me,' utilizing the accusative of direction with the preposition εἰς. The clause introduced by ὡς (so that) contains an aorist subjunctive (ἴδη) indicating purpose. The adjective εὐδαίμονα (blessed/happy) modifies the pronoun με (me) and is in the accusative case, agreeing with it; this placement emphasizes the speaker's state of happiness or divine favor. The sentence exhibits a rhetorical question structure, common in dramatic monologues, where the speaker anticipates a reaction or expresses a desire for a specific character to witness their current state.",679
680,Away! Away!,"The word φεύ (feû) is an interjection of flight or distress, often used to express the immediate urge to flee from danger, horror, or the divine presence. Its repetition creates an effect of asyndeton (the omission of a conjunction between words) and anaphora (repetition of the same word), intensifying the emotional urgency and mimicking the frantic, breathless cries of someone in panic. In the context of tragedy, this exclamation frequently marks a character's reaction to the sudden, overwhelming appearance of a god or a terrifying sight.",680
681,"Since you have acted with the understanding of a madman, you will suffer a terrible pain.","The sentence employs a temporal/causal aorist participle (φρονησασαι, 'having thought/acted') to establish the reason for the future consequence expressed by the main verb (αλγησετ', 'you will suffer'). The construction φρονέω + οἷος ('acting with the understanding of a madman') is a specific idiom where the participle implies a state of mind or manner of action rather than simple cognition. The text exhibits chiasmus through the repetition of the root αλγ- (αλγησετ' / αλγος), creating a sound pattern that mirrors the cause (the act) and effect (the pain). The adjective δεινόν ('terrible' or 'fearful') is used in the sense of something that inspires awe or dread, a common epithet in tragedy for suffering. The enclitic 'δέ' is absent, and the sentence relies on the adversative or consequential force of the participle and the main verb to convey the threat.",681
682,"But if you have remained in this place to the very end, and have taken your stand in the same, you will not appear to be unhappy, though you are not fortunate.","The sentence employs a complex conditional structure introduced by 'εἰ δέ' (but if). The verb 'μένειτ'' (from μένω) is in the perfect active infinitive, indicating a state of having remained, while 'καθέστατε' (from καθίστημι) is a perfect middle indicative, suggesting a settled or established position. The phrase 'διαὰ τέλους' (through the end) emphasizes persistence to the conclusion. The syntax features a chiasmus in the final clause: 'οὐκ εὐτυχούσαι' (not being fortunate) contrasts with 'οὐχὶ δυστυχεῖν' (not to be unhappy), creating a paradoxical statement about the nature of happiness and misfortune. The use of 'δοξεῖτε' (you will seem) introduces a subjective judgment, implying that appearance may diverge from reality. The sentence reflects the tragic theme of enduring hardship as a form of virtue or wisdom.",682
683,But why does it not seem well to one of these things that it is distressing?,"The sentence exhibits a complex rhetorical question structure typical of Greek tragedy, where the speaker questions the propriety of a situation. The construction 'οὐ καλῶς ἔχει' (it is not well/fitting) is a standard idiom for evaluating the moral or logical appropriateness of an event. The double usage of the interrogative pronoun 'τί' (why/what) is notable: the first 'τί' (with the enclitic δέ) introduces the question of reason, while the second 'τί' functions as the subject of the clause 'λυπηρῶς ἔχει' (it is distressing), creating a layered syntactic relationship. The phrase 'τῶνδ' (of these) refers to the immediate circumstances or events surrounding the speaker. The sentence employs a chiasmus-like structure in its logical flow, contrasting the negative evaluation ('not well') with the positive state of being ('distressing'), though the syntax is more accurately described as an embedded question where the subject of the main verb is itself a clause. The use of the present indicative 'ἔχει' emphasizes the current, ongoing nature of the distress and the appropriateness of the situation.",683
684,"First, let go of your eye into this air.","The sentence employs the particle μεν to introduce a first step in a sequence, often paired with a subsequent clause introduced by δέ (though not present here). The verb μεθιημι, in the aorist imperative middle voice, carries the specific meaning of 'letting go' or 'releasing,' here used in the sense of casting one's gaze outward. The use of αιθηρ (aither) refers to the upper, clear sky or pure air, distinct from the earth-bound atmosphere, suggesting a visual focus directed toward the divine or celestial realm. The syntax places the object ομμα (eye) before the prepositional phrase, creating a slight emphasis on the act of releasing the vision itself. The deictic article τοῦνδ' (τοῦτον) points to a specific location or direction immediately present or indicated in the context, grounding the abstract command in the immediate physical space of the addressee.",684
685,Look!,"The form ἴδου is the second person singular aorist imperative middle of ὁράω, functioning as a deponent verb with an active meaning ('look!' or 'behold!'). In the context of the Bacchae, this is a dramatic imperative often used to direct the audience's attention to a sudden appearance or a critical moment of revelation. The punctuation (period) indicates a distinct, exclamatory utterance, typical of the stichomythic or rapid exchange style found in Greek tragedy to heighten dramatic tension.",685
686,Why have you persuaded me to look at this man?,"The sentence features a direct question employing the interrogative adverb τί (why) to express incredulity or strong emotional resistance rather than a simple inquiry into cause. The verb ἐξυπεῖπας is the second person singular aorist indicative active of ἐξυπειπεῖν (to persuade), taking a double object construction: the dative pronoun μοι (to me) and the accusative infinitive εἰσορᾶν (to look at/see) with its own accusative object τοῦνδε (this man). The use of the aorist tense in the main verb suggests a completed action with immediate relevance to the speaker's current state. The demonstrative τοῦνδε (contracted from τόνδε) is a strong deictic marker, pointing emphatically to a specific individual present in the immediate vicinity, heightening the dramatic tension of the moment. The syntax reflects the urgent, confrontational tone typical of tragic dialogue, where the speaker questions the agency and intent of another character.",686
687,"So, do you think that you yourself will undergo a change?","The sentence begins with the enclitic adverb 'ἔθ' (from 'ἔτι'), meaning 'still' or 'yet,' often used here to mark a transition or intensify the question. The reflexive pronoun 'ἀὑτὸς' (himself/yourself) is used for emphasis, highlighting the subject's personal involvement in the anticipated shift. The construction 'δοκεῖ + infinitive' (δοκεῖ + ἔχειν) is a standard periphrastic form expressing opinion or appearance, literally 'it seems to you to have.' The word 'μεταβολάς' (changes/mutations) carries significant thematic weight in the context of the 'Bacchae,' referring not merely to a simple alteration but to a fundamental transformation of state or identity, a central theme of the play where characters are stripped of their former selves. The rhetorical question challenges the interlocutor's perception of their own stability in the face of divine power.",687
688,"Brighter than before, and more piercing.","This sentence features a comparative ellipsis where the verb 'to be' (ἔστιν) is omitted, a common feature in Greek dramatic dialogue for immediacy and emphasis. The syntax relies on two comparative adjectives, λαμπρότερος (brighter) and διειπετέστερος (more piercing/sharp), coordinated by the conjunction καί. The adjective διειπετής is a compound of διά (through) and εἴπετερος (a comparative form related to piercing or penetrating), suggesting a visual or auditory sharpness that cuts through the atmosphere. The placement of the adjectives at the beginning of the clause highlights the transformation of the subject's appearance or nature. The period indicates a complete, albeit elliptical, thought, typical of exclamatory speech in tragedy.",688
689,"But what is it that, once frightened, this soul of yours is still beside itself?","The sentence begins with the particle 'δέ' (but/and), which often introduces a sharp transition or a rhetorical question in tragic dialogue, here likely marking a moment of intense psychological confrontation. The verb 'πτοηθέν' (having been frightened) is a perfect passive participle modifying 'ψυχή' (soul/mind), emphasizing a state of lasting shock or trauma rather than a momentary action. The phrase 'παρά' (beside) with the accusative 'ψυχήν' is a common idiom in Greek tragedy (e.g., 'παρά φρενῶν' or 'παρά ψυχῆς') describing a state of madness, derangement, or being 'out of one's mind.' The use of 'ἐτι' (still/yet) underscores the persistence of this disturbed state. The rhetorical question structure, asking 'what is it?' (implied by the context of the participle and the question mark), suggests the speaker is challenging the addressee to identify the cause of their mental collapse, a common trope in the 'agon' or confrontation scenes of Euripidean drama where characters are driven to the brink of insanity by divine intervention or overwhelming emotion.",689
690,I do not know this word.,"The verb οἶδα ('I know') is used here in the present tense with the negative particle οὐκ. While οἶδα often takes a genitive of the person known or an infinitive clause, it regularly governs a direct accusative object when referring to the specific content or thing known (here, τοῦτο τὸ ἔπος). The word ἔπος (ἔπος, τοῦ ἔπους) literally means 'word' or 'speech,' but in a tragic context, it frequently refers to a specific phrase, utterance, or line of verse, often one that is obscure, prophetic, or ritually significant. The demonstrative adjective τοῦτο ('this') emphasizes the immediate proximity or relevance of the specific utterance in question. The structure reflects a moment of epistemic uncertainty or confusion, a common dramatic device in tragedy where a character fails to comprehend a divine message or a cryptic statement.",690
691,"I become somehow sane, having shifted my mind from its former state.","The sentence employs the verb γίνομαι (to become) with the adjective ἐννοος (of sound mind, sane) as a predicate nominative, describing a transformation of mental state. The adverb πως (somehow, in some way) introduces an element of uncertainty or gradualness to this transformation. The phrase μεταστᾶσα τῶν παρόντων φρενῶν (having shifted from the former minds) uses the aorist active participle of μετατίθημι (to shift, change, transfer) to indicate the cause or manner of becoming sane. The noun φρήν (mind, intellect, feelings) in the plural often refers to the seat of thought and emotion in Greek tragedy, particularly in contexts of madness or divine influence. The construction reflects a common tragic motif where a character, often under the influence of a god, experiences a sudden or gradual return to reason after a period of madness. The sentence structure is straightforward, with the participle modifying the subject of the main verb, indicating a sequence of events or a causal relationship.",691
692,Would you then hear something or perhaps answer clearly?,"The sentence employs the optative mood with the particle ἄν (κλύοις ἄν, ἀποκρίναι ἄν) to express a potential or hypothetical question, a common feature in polite or tentative inquiry within dramatic dialogue. The conjunction καί is used in the sense of 'or' (alternative question), creating a disjunctive structure. The adverb σαφῶς modifies the second verb, emphasizing the clarity of the expected response. The syntax presents a coordination of two optative infinitives (κλύειν and ἀποκρίνεσθαι) governed by an implied subject, though the morphology here shows κλύοις as a finite verb form (2nd person singular aorist optative active) and ἀποκρίναι as an aorist infinitive active, which suggests a slight syntactic irregularity or a specific dialectal/dramatic variation where the second verb functions as a complementary infinitive or a coordinated finite form with ellipsis. The sentence reflects the dramatic tension of the Bacchae, where characters often navigate uncertainty and the need for clear communication amidst chaos.",692
693,"As I have been forgotten, father, by what we said before.","The sentence features a perfect middle/passive verb (ἐκλήλησμαι), which here carries a middle sense of 'I have been forgotten' or 'I have slipped from memory,' reflecting the speaker's concern about their reputation or status. The particle γε (γ') adds a slight emphatic or connective force to the statement. The relative clause 'what we said before' (ὅ παρὸς εἴπομεν) functions as the object of the forgetting, with παρὸς acting as an adverbial modifier meaning 'before' or 'formerly.' The vocative πατήρ (father) indicates a direct address, likely to a paternal figure or a deity. The syntax is relatively straightforward, with the main clause followed by a subordinate clause that clarifies the content of the forgetting.",693
694,To what house of wedding guests have you come?,"The preposition 'μετά' (meta) governs the genitive case ('ὑμεναίων'), here indicating accompaniment or association ('among' or 'with'). The term 'ὑμεναίων' (genitive plural of 'ὑμεναῖος') refers specifically to those associated with a wedding, such as the bridal party or guests, rather than the general act of marriage. The interrogative 'ποιον' (what kind of) emphasizes the nature or quality of the house, suggesting a rhetorical inquiry into the propriety or status of the destination. The sentence structure places the prepositional phrase 'ἐς ποῖον οἶκον' before the verb 'ἦλθες', creating a sense of immediacy and focus on the destination.",694
695,"You have given me to the Spartoi, as they say, to Echion.","The sentence features an accusative of the person given (μ') and a dative of the recipient (Σπαρτῷ, 'to the Spartoi'), which functions as a double object construction with the verb δίδωμι ('to give'). The name Σπαρτῷ (Spartoi) refers to the 'Sown Men,' the mythical warriors who sprang from the dragon's teeth sown by Cadmus, the founder of Thebes. The dative singular form Ἐχίονι (Echion) is an appositive to Σπαρτῷ, identifying Echion as a specific member of this group. The phrase ὡς λέγουσ' ('as they say') is a parenthetical insertion that attributes the statement to common tradition or rumor, a common device in tragedy to ground mythic claims in public knowledge. The sentence structure highlights the speaker's realization of their lineage, connecting them directly to the autochthonous founders of Thebes.",695
696,"So then, who was born to you as a son in the house?","The sentence features the particle οὖν (oun), which functions here as a connective particle indicating inference or transition within the dialogue, often translated as 'so then' or 'therefore'. The verb ἐγένετο (egeneto) is the imperfect of γίγνομαι, denoting birth or becoming, and takes a dative of reference (ποσὶ) to indicate the parent from whom the child is born. The phrase ἐν οἴκοις (en oikois) specifies the domestic sphere, a significant cultural marker in Greek tragedy where the 'house' (oikos) represents the locus of lineage and civic order. The use of the interrogative τίς (tis) with the perfective sense of birth implies a search for identity or legitimacy, a common theme in Euripides' exploration of divine and mortal parentage. The syntax is straightforward, with the subject (παις) and predicate (ἐγένετο) forming the core of the question, while the prepositional phrase and dative noun provide necessary contextual details.",696
697,"Pentheus, [I have] the fellowship of both myself and my father.","This sentence fragment is a dramatic address where the speaker (Dionysus, disguised as a stranger) claims a kinship with Pentheus. The phrase uses the enclitic particle τε ... καί (te ... kai) to mean 'both ... and', linking the genitive adjectives ἐμοῦ (implied by ἐμή) and πατρός to the noun κοινωνία. The syntax here is elliptical, omitting the verb 'to be' or 'to have' which is understood from the context of the dialogue. The use of the genitive case for both 'myself' and 'father' modifies 'fellowship' (κοινωνία), suggesting a shared nature or bloodline. This moment is thematically significant as it highlights the confusion of identity and the blurring of boundaries between the god and the mortal king, a central motif in the play. The sentence structure relies on the accumulation of genitives to create a sense of intimate, inescapable connection.",697
698,"Whose face, then, do you hold in your arms?","The sentence features the interrogative pronoun τίνος (genitive of τίς, 'whose') functioning attributively with πρόσωπον ('face'), a construction emphasizing the identity of the subject whose visage is being held. The particle δῆτ' (from δῆτα) adds an emphatic or inquisitive tone, often translated as 'then' or 'pray,' suggesting surprise or urgency in the question. The prepositional phrase ἐν ἀγκάλαις ('in the arms') uses the dative plural of ἀγκάλη, literally referring to the embrace, which in Greek culture symbolizes intimacy, protection, or possession. The verb ἔχεις ('you hold') is in the present indicative active, second person singular, indicating an ongoing action. The sentence is a rhetorical or dramatic question, likely expressing shock or disbelief at the act of holding someone's face, a gesture that could imply both affection and control. The syntax is straightforward, with the genitive τίνος modifying πρόσωπον, and the prepositional phrase functioning adverbially to specify the location of the action.",698
699,"Of a lion, as they said they were hunting.","The sentence features a genitive absolute construction implied by context, where 'of a lion' (λεόντος) stands as a focal point of the hunt. The verb φάσκω (to say, claim) introduces indirect speech or reported thought, a common device in Greek tragedy to convey rumor or collective testimony. The participle θηρωμένηαι (hunting) agrees with the subject of the reporting clause, here the women (Bacchae), indicated by the feminine plural article οἱ (ai) and the feminine plural participle. The enclitic particle γέ (γ') adds emphasis to the assertion. The sentence structure reflects the frenzied, collective nature of the Maenads' actions, often described through reported speech to highlight the communal aspect of their religious ecstasy.",699
700,Now look carefully.,"The verb σκέψαι is an aorist imperative middle/passive (specifically the aorist imperative middle 2nd person singular of σκοπέω), functioning here with an active meaning 'to look' or 'to examine.' The adverb ορθῶς modifies the verb, meaning 'uprightly,' 'correctly,' or 'carefully,' emphasizing the need for precision in observation. The particle νῦν adds a sense of immediacy ('now'). The sentence exhibits a concise, direct imperative style typical of dramatic dialogue where a character urges another to pay close attention. There are no complex rhetorical devices like chiasmus or anaphora present in this short clause, but the brevity and force of the imperative convey urgency.",700
701,The labor is short to see.,"The sentence employs an infinitive of purpose or result (εισιδειν, 'to see' or 'to look at') governed by the adjective βραχυς ('short'). In this construction, the subject (μοχθος, 'labor' or 'toil') is described as being brief in its duration or, more likely in a dramatic context, brief in the time required to witness it. The pronoun ο ('the') is used here as a demonstrative article, emphasizing the specific toil being discussed. The brevity of the phrase mirrors the brevity of the toil itself, creating a stylistic effect where the form of the sentence reflects its content. The verb εισοραω ('to see') often implies a sudden or clear vision, which may suggest that the 'labor' or 'suffering' in question is something that is quickly perceived or brought to light.",701
702,"Stop, what do I see?","The verb εἶα (ea) is an imperative of ἔαω (to cease or stop), functioning here as a command to pause. The interrogative pronoun τίς (tis) in the neuter accusative singular acts as the direct object of the verb βλέπω (to see), forming the question 'what?'. The use of the first-person present indicative βλέπω (here as λεύσσω, a variant form often used in tragedy for metrical or stylistic reasons) indicates immediate perception. The sentence exemplifies a sudden realization or shock, a common trope in Greek tragedy where a character halts their action to confront an unexpected vision. The syntax is elliptical, relying on the imperative to establish the context of the speaker's sudden halt before the question is posed.",702
703,What am I carrying in my hands?,"The sentence features the interrogative pronoun τί (ti) functioning adverbially, asking 'what' regarding the action of carrying. The verb φέρομαι is in the first person singular, present, indicative, middle voice, suggesting a reflexive or self-directed action, often used here to express the speaker's bewilderment at their own physical state. The neuter singular demonstrative τόδ' (tod') serves as the direct object, referring to an object held by the speaker that is likely unseen or ambiguous to the audience, heightening the dramatic tension. The prepositional phrase ἐν χεροῖν (en kheirin) uses the dative case to indicate the instrument or location of the action, literally 'in hands.' The rhetorical question reflects the speaker's confusion and lack of self-awareness, a common theme in Euripidean tragedy where characters are often in a state of divine madness or ignorance of their circumstances. The syntax is concise and direct, with the question mark emphasizing the speaker's uncertainty.",703
704,Observe it more clearly and learn it.,"The sentence employs a stylistic feature known as chiasmus through the coordination of two imperative verbs (ἄθρησον and μάθε) connected by 'and' (καί), creating a balanced, emphatic command. The adverb σαφέστερον (more clearly) is in the neuter accusative singular, functioning as an adverbial modifier for the second verb, though it semantically applies to the entire act of observation and learning. The use of the aorist imperative in both verbs suggests a specific, immediate action required of the addressee. In the context of the Bacchae, this often reflects a moment of revelation or a demand for the listener to recognize a divine truth or reality that has previously been obscured.",704
705,"I see the greatest grief, wretched me!","The sentence features the emphatic first-person pronoun 'ἐγώ' (ego) placed in the final position, a common stylistic device in Greek tragedy to highlight the speaker's isolation or the weight of their realization. The adjective 'μέγιστον' (greatest) modifies 'ἄλγος' (grief/pain), intensifying the emotional stakes. The vocative-like exclamation 'τάλαιν'' (wretched me), derived from 'τάλας' (wretched/miserable), is a standard expression of despair in the tragic tradition, often used to address oneself in moments of catastrophic realization. The syntax follows a standard Subject-Verb-Object order with the object 'ἄλγος' fronted for emphasis, creating a structure where the speaker's perception of their own suffering is immediate and overwhelming.",705
706,Does a lion seem to you like it is approaching?,"The sentence employs the verb φαίνομαι (to seem/appear) followed by a complementary infinitive (προσιέναι), a construction indicating a subjective perception or appearance. The dative of reference σοι (to you) highlights the subjective nature of the observation. The phrase μῶν σοι functions as a particle combination introducing a question expecting a negative answer or expressing surprise, often translated as 'surely not...?' or 'is it not the case that...?', implying the speaker finds the notion of a lion approaching improbable or alarming. The syntax places the infinitive προσεικεναι (approaching) as the subject of the impersonal φαίνεται, creating a structure where the action itself is the apparent reality. The use of the present infinitive suggests an ongoing action. The sentence likely reflects a moment of dramatic tension where a character questions the reality of a perceived threat, possibly involving the god Dionysus who appears in the guise of a lion or with lion-like attributes in the play.",706
707,"No, but I, poor wretch, have the head of Pentheus.","The sentence opens with the emphatic negative particle οὐκ, immediately followed by the adversative conjunction ἀλλά, forming a strong contrast that rejects a prior assumption (likely that the speaker is mistaken or that the head belongs to someone else) and asserts a grim reality. The phrase ταλαίνα' (from ταλας) functions as a vocative or nominative of exclamation, expressing the speaker's (Pentheus's own voice in the context of the play, or more likely the speaker's own lamentation regarding the head) self-pity and suffering. The verb ἔχω is used with the accusative noun κάρα (head) to denote possession, but in this tragic context, it implies a gruesome physical holding of a severed head. The genitive Πενθέως modifies κάρα, identifying the head's owner. The word order is deliberately disjointed: the negative is isolated, the speaker's lament is inserted, and the subject-verb-object structure is interrupted, creating a sense of shock and fragmentation that mirrors the horror of the scene. The use of the accusative case for the head (κάρα) rather than a dative of possession is standard for ἔχω, but the immediate juxtaposition of the speaker's misery with the object of their possession highlights the tragic irony and physical burden of the moment.",707
708,Crying out in woe before I got to know you.,"The participle ᾠμωγμένον (aorist passive participle of οἰμώσσω, 'to wail' or 'to cry out') functions adverbially, modifying the main infinitive γνωρίσαι ('to know' or 'to recognize'). The particle γε adds emphasis or a sense of 'indeed' or 'at least' to the participle, highlighting the contrast between the speaker's previous state of distress and the act of recognition. The preposition πρόσθεν ('before') introduces a temporal clause, establishing that the wailing occurred prior to the moment of recognition. The infinitive γνωρίσαι is used in a temporal sense, common in Greek to denote an action that precedes or follows another. The sentence captures a moment of realization, where the speaker acknowledges their prior suffering before finally recognizing the identity of the addressee. The emotional weight of the participle, combined with the temporal structure, underscores the theme of delayed recognition, a common motif in Greek tragedy.",708
709,Who killed him?,"The sentence is a direct question asking for the identity of the perpetrator. The verb 'ἔκτανεν' (aorist active indicative) denotes a completed act of killing. The pronoun 'νιν' is the enclitic accusative form of 'αὐτόν', often used in tragedy for metrical convenience or to emphasize the immediacy of the action. The interrogative 'τίς' is in the nominative case, functioning as the subject. The sentence structure is straightforward, typical of dramatic dialogue where characters urgently seek information. The use of the aorist tense highlights the finality of the act, which is crucial in the context of the play's themes of violence and divine retribution.",709
710,How did my hands come?,"The verb ἔρχομαι (here ἦλθεν) is used with the accusative of the part (χεῖρας) to indicate the arrival or appearance of a specific body part, a construction often implying suddenness or miraculous emergence. The possessive adjective ἐμός (here ἐμας) is placed before the noun it modifies for emphasis. The sentence is an exclamation of shock, questioning the sudden appearance or presence of the speaker's own hands, which may suggest a state of unconsciousness, trance, or divine intervention where the speaker has lost awareness of their physical body. The syntax is direct and immediate, characteristic of dramatic dialogue where characters express sudden realization or confusion.",710
711,"Wretched truth, how it has passed at an unseasonable time!","The sentence features a vocative construction where the adjective 'δύστην' (wretched/miserable) modifies the noun 'ἀλήθει' (truth), expressing strong emotional lamentation typical of Greek tragedy. The particle 'ὡς' introduces an exclamatory clause indicating the manner or degree of the situation. The verb 'πάρει' (from 'παρέρχομαι') is in the perfect active indicative, third person singular, denoting a completed action with enduring results—truth has passed and is no longer present. The prepositional phrase 'ἐν ... καιρῷ' (in time) combined with the negative 'οὐ' (not) specifies that the timing was untimely or inappropriate. This reflects the tragic theme of truth arriving too late to prevent disaster. The structure is concise and emotionally charged, utilizing asyndeton (lack of conjunctions) to heighten the sense of urgency and despair.",711
712,"Speak, for the heart holds a leap of the future.","The sentence features an imperative verb (λέγ', from λέγω) followed by a causal clause introduced by ὡς (here functioning as a causal conjunction meaning 'for' or 'because'). The syntax presents a vivid personification where the 'heart' (καρδία) is the subject possessing (ἔχει) a 'leap' (πήδημα) associated with the 'future' (μέλλον). The metaphor equates the physical sensation of anticipation or foreboding with a literal leap, suggesting that the heart physically reacts to the impending events. The contraction πήδημ' for πήδημα is a standard elision before a vowel. The structure emphasizes the internal, visceral reaction to what is to come, a common theme in tragic poetry where the body's reactions betray knowledge of fate before the mind fully processes it.",712
713,"You have destroyed him, and your brothers and sisters from you.","The sentence employs a striking asyndeton-like rhythm (though connected by 'καί') where the second subject is immediately followed by a possessive genitive ('σεθεν') that creates a sense of separation or alienation. The verb 'κατεκτας' (aorist active indicative, 2nd person singular of κατακτάω) implies a violent or complete destruction, often used in contexts of war or fatal conflict. The genitive 'σεθεν' (from 'σου') attached to 'κασιγνηται' (brothers/sisters) functions attributively, emphasizing that these siblings belong to the addressee but are now implicated in the destruction of the object ('νιν'). The syntax creates a powerful contrast between the singular 'you' and the collective 'brothers and sisters,' suggesting a familial tragedy where the addressee is the agent of ruin for their own kin. The use of the aorist tense highlights the completed, decisive nature of the action.",713
714,Where has he perished?,"The sentence employs the enclitic particle -δε (here appearing as δ’) attached to the interrogative adverb που, creating a rhetorical emphasis often found in tragic dialogue to express urgent inquiry or disbelief. The verb ὤλετ’ is a contracted form of ὠλετο (aorist indicative middle of ὀλλύμι), meaning 'he has perished' or 'he is lost.' The use of the aorist tense highlights the suddenness or completion of the destruction. The sentence structure is an elliptical interrogative, omitting the subject, which is understood from context (typically a specific character or the chorus referring to a missing figure). The punctuation mark indicates a direct question, reflecting the dramatic tension of the moment.",714
715,Is it inside the house?,"The sentence consists of the interrogative particle ἠ (ἠ̓), which introduces a yes/no question, often implying surprise or seeking confirmation. It is followed by the preposition κατά (contracted here to κατ') taking the accusative case, denoting motion into or location within a space ('into/inside the house'). The noun οἶκον is in the accusative singular, functioning as the object of the preposition. The structure is a concise, direct inquiry typical of dramatic dialogue where a character seeks immediate spatial clarification. The punctuation indicates a question, reinforcing the interrogative nature of the particle ἠ.",715
716,In what places?,"The sentence is a brief interrogative phrase consisting of the enclitic question particle ἠ (here written as ἢ with a smooth breathing and grave accent due to its position before a pause or in specific metrical contexts, though often simply ἠ or ἥ in prose) followed by the interrogative adjective ποίοις (dative plural neuter or masculine) and the noun τόποις (dative plural of τόπος). The dative case here indicates the sphere or location ('in what places?'). The phrase is characteristic of the dramatic style in Euripides, where characters often use concise, fragmented questions to express urgency, confusion, or to prompt immediate action. The use of the dative of place without a preposition is a common feature in Greek, especially in poetic or dramatic contexts, where the context supplies the necessary spatial preposition ('in' or 'at'). The question implies a search or inquiry about a specific location, often with dramatic tension regarding the whereabouts of a character or an event.",716
717,It is for this reason that hounds previously drove Actaeon apart.,"The sentence employs the relative adverb οὗπερ (huper), meaning 'for which reason' or 'on account of which,' which refers back to a preceding context to establish causality. The verb διελάχον (dielachon) is an aorist active indicative of διαλαγχαίνω, a compound of λαγχαίνω (to draw lots or divide by lot), here used in the sense of 'to tear apart' or 'to scatter' (often associated with the violent dismemberment of Actaeon). The syntax features the subject κυνες (kynes, 'hounds') and the direct object Ἀκτέωνα (Aktéōna, 'Actaeon'). The adverb πρίν (prin, 'before' or 'previously') modifies the action, indicating temporal precedence relative to the current narrative moment. Stylistically, the sentence utilizes asyndeton, omitting conjunctions to create a sense of immediacy and abruptness in describing the violent event. The mythological reference alludes to Actaeon's punishment by Artemis, where he was torn apart by his own hounds after accidentally seeing the goddess bathing.",717
718,But where has this wretched one come to Cithaeron?,"The sentence employs a rhetorical question (interrogative) to express the speaker's shock or alarm at the sudden appearance of a figure. The particle δέ (here contracted with τί as τί δ’) serves a connective function, marking a sharp transition or contrast with the preceding context. The adjective δυσδαίμων (wretched, ill-fated) carries strong emotional weight, often implying divine misfortune or a life of suffering, and is used here to describe the subject ὅδε (this one), creating a focal point of empathy or fear. The verb ἔλθε (aorist of ἔρχομαι, 'to come') indicates a completed action with present relevance, emphasizing the immediacy of the arrival. The prepositional phrase ἐς Κιθαιρῶν' (to Cithaeron) references the specific mountain associated with the cult of Dionysus in the play, a place of ritual madness and wild nature, which heightens the dramatic tension. The syntax follows a typical Greek question structure with the interrogative pronoun τί placed first for emphasis, followed by the verb and other constituents.",718
719,He has come to mock the god and your Bacchic rites.,"The sentence features a present perfect active indicative verb (ἐκερτομέει) indicating a completed action with present relevance, here functioning as a strong accusation of mockery or ridicule directed at the divine. The participle μολών (having come) serves as an adverbial modifier of time or circumstance, establishing the immediacy of the act of mockery. The conjunction τε connects two accusative objects, θεόν (the god) and ὑμῶν βακχίας (your Bacchic rites), creating a parallel structure that emphasizes the dual target of the mockery: the deity himself and his associated cultic practices. The use of σα̃ς (your) is emphatic, likely highlighting the personal affront to the specific group being addressed. The syntax relies on the coordination of two direct objects following a single verb, a common feature in tragic dialogue to condense complex accusations into a single, potent statement.",719
720,But how did we curse them there?,"The sentence utilizes the particle δέ (here contracted to δ’) for contrastive or transitional force, often marking a shift in the speaker's line of reasoning or a rhetorical question directed at the chorus or a specific character. The verb κατήραμεν is in the first-person plural aorist indicative active, indicating a completed action performed by the speaker and their group. The adverb ἐκεῖσε ('there') refers to a specific location previously established in the context, likely the place of exile or the site of the ritual act. The phrase τίνι τρόπῳ ('in what manner' or 'how') is a common interrogative construction using the dative of manner; here, the indefinite pronoun τίς is used in an interrogative sense, asking for the specific method or circumstances of the curse. The rhetorical question implies a confusion or a challenge regarding the nature of the action previously performed, suggesting that the speaker is unsure of the details or is questioning the legitimacy of the action. The sentence structure is straightforward, with the verb at the end, a common feature in Greek syntax that allows for emphasis on the action itself.",720
721,"You have gone mad, and the entire city has been thrown into Bacchic frenzy.","The sentence employs the enclitic conjunction τε ('and') attached to the preceding clause, creating a tight syntactic bond between the two predicates while maintaining a distinct pause marked by the comma. The first verb, ἐμάνητε (2nd person plural aorist middle indicative of μαινομαι), is a direct address to the audience or specific characters, denoting a state of madness. The second clause, ἐξεβακχεύθη (3rd person singular aorist passive indicative of ἐκβακχεύω), describes the city as the subject, utilizing a passive construction to emphasize the city's reception of the divine frenzy rather than an agent causing it. The adjective πᾶσα ('all' or 'entire') agrees with πόλις, stressing the totality of the city's involvement. Stylistically, the sentence juxtaposes the individual madness of the addressees with the collective madness of the polis, a common theme in the Bacchae where the boundary between individual and civic order dissolves under the influence of Dionysus. The use of the aorist tense in both verbs presents these states as completed, sudden events.",721
722,Dionysus has destroyed us; I only now realize this.,"The sentence employs a dramatic realization typical of Greek tragedy, where the protagonist suddenly understands the full scope of their suffering. The verb ὤλεσ' (ōles') is a contracted form of ὤλεσεν, indicating a completed action (aorist indicative active) that has immediate consequences. The adverb ἄρτι (arti) emphasizes the lateness of the realization, creating a sense of tragic irony: the characters have suffered greatly before understanding the cause. The structure features a main clause followed by a coordinating clause introduced by a comma, which in this context serves to link the statement of fact with the speaker's epiphany. The use of the present tense μανθάνω (manthanō) contrasts with the aorist ὤλεσ', highlighting the immediacy of the new understanding against the backdrop of past destruction. This sentence exemplifies the moment of anagnorisis, a key element in tragic structure where the hero gains critical knowledge, often too late to prevent disaster.",722
723,"Insolence, when insulted.","The sentence is a concise, gnomic statement employing asyndeton (the omission of a conjunction) to create a stark juxtaposition between the abstract noun ὕβριν (insolence/outrage) and the participle ὑβρισθείς (having been insulted/insolently treated). The enclitic particle γέ (rendered here as γ') attached to the object ὕβριν serves to emphasize or limit the scope of the noun, often implying 'insolence, indeed' or 'insolence, at least.' Syntactically, the aorist passive participle ὑβρισθείς functions adverbially (indicated by the 'ADV' relation in the tree), modifying the implied action or state of the subject. The phrase suggests a causal or conditional relationship: insolence arises from, or is defined by, the act of being treated with insolence, or conversely, that one who has suffered insolence is now the embodiment of it. This reflects the tragic theme in Euripides where the cycle of violence and hubris perpetuates itself. The use of the same verbal root (ὕβρις/ὑβρίζω) creates a subtle etymological echo, reinforcing the intrinsic link between the concept of hubris and the act of committing it.",723
724,For you do not lead the god.,"The verb ἡγεῖσθε is a present middle/passive indicative second person plural form of ἡγέομαι. In this context, the middle voice is used with a transitive meaning ('to lead' or 'to guide'), a usage common in tragic dialogue where the subjects are actively engaged in the action. The sentence features a clear chiasmus in the arrangement of the negative particle (οὐχ) and the object (νιν), though the primary structure is a direct negation of the subject's agency. The particle γάρ provides the causal connection to the preceding context, indicating that the following statement is the reason for the speaker's previous assertion. The use of the enclitic pronoun νιν for τὸν θεόν emphasizes the specific deity in question without the definite article, which can intensify the accusation of ignorance or denial regarding the divine presence.",724
725,"The dearest body of a son, father?","This sentence is a vocative construction where the speaker addresses 'father' (πατέρα in the vocative case) while questioning the status or presence of 'the dearest body of a son'. The adjective 'dearest' (φιλτάτον) is in the superlative degree, emphasizing the intense affection or value attached to the child. The use of 'body' (σῶμα) rather than 'son' directly highlights the physical form, which in the context of the Bacchae often alludes to the dismembered or vulnerable state of the child. The particle 'που' (pou) suggests uncertainty or a rhetorical question, implying that the speaker is unsure if the son's body is still present or if it is merely a wishful thought. The sentence structure uses asyndeton, omitting conjunctions to create a sense of immediacy and emotional intensity.",725
726,"I, having barely discovered this, am bringing it.","The sentence features a present tense main verb (φέρω) governed by a perfect active participle (εξερευνησας), creating a temporal sequence where the action of discovery is completed prior to the current act of bringing. The adverb μόλις ('barely' or 'with difficulty') modifies the participle, emphasizing the struggle involved in the discovery. The demonstrative pronoun τοῦτο (here contracted as τοῦδ' from οὗδε) functions as the direct object of the participle. The construction reflects the dramatic tension typical of Euripidean tragedy, where a character reveals information after a difficult search, often with a sense of urgency or revelation.",726
727,Is everything well-knit in the joints?,"The sentence employs a rhetorical question to inquire about the integrity of a physical structure or, metaphorically, the coherence of a state of affairs. The adjective 'καλῶς' (well) functions as an adverb modifying the perfect passive participle 'συγκεκλυμένον' (knit together/compressed), which is derived from the verb 'συγκλείω' (to shut together). The preposition 'ἐν' with the dative plural 'ἄρθροις' (joints) specifies the location of this cohesion. The use of the neuter singular 'πᾶν' (everything) as the subject emphasizes the totality of the condition being queried. The phrase 'ἐν ἄρθροις' is a medical and physical idiom referring to the articulation of a body or the fitting together of parts, often used in tragic contexts to foreshadow the disintegration of a character's sanity or the collapse of a political order.",727
728,G,"This entry appears to be a textual corruption or an incomplete fragment rather than a complete sentence. The token 'G' is likely a placeholder for a missing character, a corrupted reading in the manuscript tradition, or an error in the provided dataset (e.g., where a Greek letter or word was lost and replaced by the Latin letter 'G'). In the context of Euripides' *Bacchae*, no such standalone word exists. A valid translation or syntactic analysis cannot be provided for this specific string as it lacks morphological or syntactic integrity.",728
729,And what part of my folly is attributed to Pentheus?,"The sentence features a rhetorical question expressing Pentheus's confusion and self-doubt as he faces the consequences of his actions. The verb προσηκ' (proseken) is an abbreviated form of προσηκῆν (imperfect indicative), meaning 'it belonged to' or 'was due to,' often used to indicate responsibility or attribution. The genitive construction μερὸς αἰσχύνης (part of shame/folly) is a common idiomatic expression in Ancient Greek, where 'part' is used metaphorically to denote a portion or share of a quality or emotion. The use of the enclitic particle δέ (de) at the beginning of the sentence serves to connect this thought to the preceding context, likely emphasizing a contrast or continuation of thought. The sentence structure is straightforward, with the subject (μέρος) and verb (προσηκ') forming the core of the clause, while the genitive phrases provide additional descriptive detail.",729
730,"You have become like me, not worshipping the god.","The sentence features the verb γίγνομαι (to become) used with an adjectival predicate (ὅμοιος) and a dative of reference (ὑμῖν), indicating a transformation in the addressees' state. The participle σεβών (worshipping) functions adverbially, modifying the main verb to describe the manner or condition accompanying the transformation. The negative particle οὐ precedes the participle, creating a sharp contrast between the current state and the lack of reverence. The phrase θεόν (the god) is in the accusative case as the object of the participle. Stylistically, the sentence employs a concise, emphatic structure typical of dramatic dialogue, where the lack of a finite verb in the subordinate clause (relying instead on the participle) creates a sense of immediacy and accusation. The absence of asyndeton or chiasmus here, but the direct juxtaposition of the transformation and the negation highlights the thematic tension between divine recognition and hubris.",730
731,"Therefore, he has joined all of you to a single ruin, both you and this man, so that he might destroy the house and me, who, as I see, was born a childless man of sons, this shoot of your blood, oh wretched one!—wretched, most shameful, and most wretched, dying in your womb, oh house that looked upon me with unblinking eyes, who held my home, born from my son, and who were a terror to the city.","The sentence features a complex structure typical of Euripidean tragedy, characterized by emotional intensity and syntactic density. The speaker (Pentheus) addresses the Chorus and his mother, Agave, while simultaneously addressing his household (the house) as if it were a witness. The use of 'τοιγαρ' (therefore/for) connects this speech to the preceding action of Dionysus's influence. The phrase 'νηδυος αισχιστα και κακιστα' employs a triad of superlatives to emphasize the horror of the mother's death in childbirth, a paradoxical and tragic end. The personification of the house ('ω δωμ') as one that 'looked upon' the speaker with unblinking eyes is a striking example of pathos and the attribution of agency to inanimate objects. The repetition of 'τε' and 'θ' creates a rhythmic asyndeton-like effect, enhancing the emotional urgency. The final clause 'πολει τε ταρβος ησθα' underscores the speaker's role as a source of fear for the city, a common theme in Greek tragedy where personal and civic spheres are intertwined.",731
732,No one would wish to insult the old man while seeing your head.,"The sentence employs the infinitive ὑβρίζειν (to insult) governed by the verb of wishing ἤθελ', creating a construction where the subject of the infinitive (understood as 'no one') is expressed by the negative indefinite pronoun οὐδεὶς. The participle εἰσορῶν (seeing) is in the nominative and functions adverbially, likely indicating the circumstance under which the wish would not exist; its accusative object τὸ σὸν κάρα (your head) suggests a visual encounter with the head itself, possibly implying the sight of the head is the cause for restraint. The particle δὲ serves a connecting function, often adding emphasis or contrast to the preceding context. The term ὑβρίζειν carries significant cultural weight in Greek tragedy, denoting not just physical assault but a transgression of social and divine order through excessive arrogance or mistreatment, often reserved for the vulnerable or sacred figures like the old man here.",732
733,For you were receiving a punishment worthy of it.,"The sentence features the causal particle γάρ (for), which is placed in the second position (Wackernagel's Law) to connect the statement to a preceding context, providing a justification for a previous action or situation. The verb λαμβάνω (to receive/take) in the imperfect tense (ἔλαμβανες) indicates a continuous or habitual action in the past, here implying the ongoing experience of suffering. The adjective ἄξιος (worthy/deserving) agrees with the feminine accusative noun δίκην (punishment) in gender, number, and case, modifying the nature of the penalty. The phrase 'worthy of it' refers to the severity or nature of the crime committed, a common theme in Greek tragedy where the punishment is seen as a direct, proportional response to hubris or transgression against divine law. The syntax is straightforward, with the object preceding the verb for emphasis, a common feature in Greek prose and poetry to highlight the object of the action.",733
734,"Now, dishonored and cast out from my house, I, Cadmus the great, shall be expelled, I who sowed the race of the Thebans and cultivated their finest harvest.","The sentence features a striking contrast between Cadmus's former glory and his current state of exile. The use of the perfect participle 'ἐκβεβλησόμενος' (shall be cast out) combined with the adjective 'ἄτιμος' (dishonored) emphasizes the finality and shame of his fate. The relative clause 'ὃς... ἔσπειρα... καὶ ἐξημῆσα' employs agricultural imagery ('sowed' and 'cultivated') to describe the founding of the Theban people, transforming the metaphor of a harvest into a description of lineage and legacy. The juxtaposition of 'μέγας' (great) with his impending disgrace creates a tragic irony. The sentence structure, with the subject 'Κάδμος' separated from its predicate by a descriptive relative clause, builds dramatic tension, highlighting the fall of a once-great figure.",734
735,"O dearest of men—for even though I am no longer one of those dearest to me, I will still count you, child—while no longer touching this chin with this hand, I will embrace the father of the one who speaks of the mother, child, speaking.","This passage features a dramatic apostrophe ('O dearest of men') followed by a parenthetical clause introduced by 'for' (καί) and 'since' (γάρ), which interrupts the main verb 'I will count' (ἀριθμήσω). The speaker, Agave, is addressing her son Pentheus, whom she has just killed, failing to recognize him as her son and instead seeing him as a mountain lion. The syntax uses a double vocative ('child') to frame the action, emphasizing her delusion. The phrase 'touching this chin with this hand' (γενείου... χερι) is a synecdoche where 'hand' represents the act of touching or caressing, a common gesture of affection in Greek culture that is now denied. The description 'the father of the one who speaks of the mother' (τὸν μητρὸς αὐδῶν πατέρα) is a complex genitive construction where 'of the mother' modifies 'speaking' (αὐδῶν), creating a riddle-like reference to the mother's voice or presence. The use of the future tense 'I will count' (ἀριθμήσω) alongside the present participle 'speaking' (λέγων) creates a sense of ongoing, yet distorted, recognition. The sentence employs asyndeton in the list of actions, omitting conjunctions to create a rapid, disjointed rhythm that mirrors the speaker's mental state.",735
736,"Who is wronging you, who is insulting you, old man?","The sentence employs anaphora through the repetition of the interrogative pronoun 'τίς' (who) to create a rhythm of accusation and heighten emotional intensity. The verb 'ἀδικεῖ' (to wrong/act unjustly) is followed by 'ἀτιμάζει' (to dishonor/insult), a pairing that moves from a general sense of injustice to a specific social slight. The vocative 'γέρον' (old man) is syntactically attached to the second clause but applies to the entire question, addressing the addressee directly. The structure uses asyndeton (the omission of conjunctions between the two questions) to accelerate the pace, reflecting the speaker's agitation. The use of the present indicative suggests ongoing action, implying that the suffering is current and continuous.",736
737,"Who, being sorrowful, disturbs your heart?","The sentence employs a rhetorical question structure common in Greek tragedy to express alarm or accusation. The participle ὤν (being) with the adjective λυπηρός (sorrowful/grievous) functions as an adverbial modifier of the subject τίς, indicating the state of the person causing the disturbance. The verb ταρασσέω (to disturb, agitate, or throw into confusion) takes καρδίαν (heart) as its direct object, though the morphological annotation lists it as an adverbial relation to λυπηρός; semantically, the heart is the entity being agitated. The possessive adjective σὴν (your) emphasizes personal ownership and intimate connection to the emotional state. The syntax places the question word τίς first for emphasis, followed by the object phrase and then the verb, creating a focus on the unknown identity of the disturber. The construction highlights the paradox of a 'sorrowful' agent causing distress, suggesting that the source of the agitation is itself in a state of grief.",737
738,"Speak, so that I may punish the one who wrongs you, O father.","The sentence opens with an imperative verb (λέγ', a contraction of λέγε) followed by a purpose clause introduced by ὡς with a present indicative verb (κολάζω), a construction common in dramatic dialogue to express the speaker's immediate intent or threat. The participle ἀδικούντα is used substantively to mean 'the wrongdoer,' with the enclitic pronoun σ' (you) functioning as the object of the participle, indicating the person being wronged. The vocative πατήρ (father) is used with an interjectional particle ὦ to address the addressee directly, heightening the emotional intensity. The syntax reflects a typical structure in Greek tragedy where commands are immediately followed by their justification or intended outcome. The use of the present tense in the purpose clause (κολάζω) rather than a future or subjunctive form emphasizes the immediacy and certainty of the speaker's action.",738
739,"Now I am wretched, but you are pitiable.","The sentence employs a chiastic structure (chiasmus) in its predicative adjectives: the first clause describes the speaker as ἄθλιος (wretched, miserable), while the second clause describes the addressee as τλήμων (pitiable, suffering). This inversion creates a balanced contrast between the two states of suffering. The particles μέν and δέ form a correlative pair, emphasizing the sharp opposition between the speaker's condition and that of the listener. The use of the enclitic pronoun ἐγώ (I) and the strong form σύ (you) highlights the personal confrontation between the two characters. The adjectives are in the nominative case, functioning as predicate nominatives with the verb ἐμι (to be), which is implied in the second clause but explicitly stated in the first.",739
740,"A pitiful mother, and pitiable siblings.","This sentence consists of two elliptical noun phrases, each functioning as an independent exclamation or fragment, a common feature in tragic dialogue to convey immediate emotional intensity. The first phrase uses the feminine nominative singular adjective 'οἰκτρα' (pitiful) agreeing with 'μητήρ' (mother), while the second uses the masculine nominative plural 'τλημονες' (pitiable/suffering) with 'σύγγονοι' (siblings/relatives). The repetition of the postpositive particle 'δέ' (and/but) at the beginning of each clause creates a parallel structure (asyndeton between the two main clauses, though 'δέ' acts as a connector). The shift from the feminine to the masculine gender in the adjectives reflects the gender of the nouns they modify, maintaining grammatical agreement while emphasizing the collective suffering of the family unit. The term 'τλημων' carries a strong connotation of one who endures or suffers, highlighting the tragic fate of the siblings in contrast to the inherent pity of the mother's situation.",740
741,"But if there is anyone who is overwise among the gods, let him, having looked upon this death, count the gods.","This sentence presents a conditional warning typical of Greek tragedy, addressing hubris (excessive pride). The phrase 'ὐπερφρονεῖ' (is overwise) is a compound verb combining 'ὑπέρ' (over) and 'φρήν' (mind), signifying a mind that exceeds proper bounds, a key theme in the *Bacchae*. The syntax uses a present indicative in the protasis ('if there is') and a present middle imperative ('let him count') in the apodosis. The construction 'ἐς τοῦδ' ἀθρήσας θάνατον' (having looked upon this death) utilizes a temporal aorist participle to indicate the necessary precondition for the main verb's action. The use of 'θεούς' as the object of 'ἡγείσθω' (to count/reckon) implies a judgment of the gods' nature or power, suggesting that the arrogant individual must acknowledge the divine reality through the experience of death. The sentence structure creates a solemn, prophetic tone, emphasizing that the consequence of hubris is the realization of divine authority.",741
742,"Your grief, Cadmus, is great.","The sentence employs the particle μέν to mark a contrastive focus, implying that while the addressee's (Cadmus) suffering is acknowledged as significant, a contrasting thought (introduced by μέν) is expected to follow in the subsequent utterance. The verb ἄλγω is in the first person singular present indicative active ('I feel grief'), functioning here as a copula-like expression of state, where the subject is the abstract noun ἄλγος (grief/pain) implied or understood in the context of the speaker's feeling, though the syntax presents it as 'I feel your grief' or 'Your grief pains me.' However, in the specific context of Euripides' *Bacchae*, this is often interpreted as the speaker (Pentheus) acknowledging the depth of Cadmus's sorrow. The vocative 'Κάδμε' is placed after the main clause, creating a dramatic pause that emphasizes the address to the aged king. The line exemplifies the tragic recognition of suffering, a central theme in the play.",742
743,"But your son has a punishment worthy of a son, and painful for you.","The sentence employs a chiastic structure through the repetition of the root *pais* (son/child) in the genitive *paidos* ('of a son') and the nominative *pais* ('son'), creating a tight rhetorical link between the agent and the nature of the punishment. The construction *dikēn ... axian* ('punishment worthy') uses the accusative of respect or extent, implying that the penalty fits the crime or the status of the offender. The particle pair *men...de* sets up a contrast: the punishment is fitting ('worthy') in a general sense, but specifically 'painful' for the addressee. The use of the dative *soi* ('for you') highlights the personal suffering of the father, contrasting with the objective justice of the son's fate. This reflects the tragic theme of the play where the father's hubris leads to the destruction of his own lineage.",743
744,"O father, for you see how these things have been turned upside down.","The vocative 'πατήρ' (father) is used as a direct address, likely by the character Pentheus to his divine father Zeus, or potentially to a human father figure in a moment of crisis, though in the context of the Bacchae, it often carries the weight of addressing the divine. The particle 'γάρ' (for) introduces a causal clause that explains the speaker's observation or plea, grounding the statement in immediate reality. The phrase 'τάδε' (these things) refers to the chaotic events currently unfolding, specifically the madness of the Theban women and the subversion of social order. The verb 'μετεστράφη' (have been turned upside down/changed) is in the aorist passive indicative, emphasizing the suddenness and completeness of the transformation. The construction 'ὅσος' (how/as much as) functions adverbially to modify the extent of the change, creating a sense of overwhelming magnitude. The sentence employs a direct, urgent tone typical of tragic dialogue, where characters confront the disruption of the natural order. There is no explicit chiasmus or asyndeton here, but the tight syntactic connection between the address and the explanatory clause creates a rhetorical immediacy.",744
745,"You will become a dragon after changing form, and your wife, having been turned into a wild beast, will exchange the form of a snake, which you, a mortal man, once possessed with Harmonia, daughter of Ares.","This sentence employs a complex syntactic structure characteristic of tragic prophecy, utilizing two parallel future indicative clauses linked by the enclitic conjunction 'τε' (and), which often connects clauses of equal weight in a sequence of events. The participle 'μεταβαλών' (after changing form) is a temporal aorist active participle modifying the subject of the first clause, indicating the condition precedent to the transformation. The second clause features a perfect passive participle 'ἐκθηριωθεῖσα' (having been turned into a beast), which describes the state of the wife (Agave) resulting from a prior action, functioning adverbially to modify the future verb 'ἀλλάξει' (will exchange/transform). The phrase 'τύπον ὄφεος' (the form of a snake) uses the genitive to denote the specific shape being adopted. The final relative clause 'ἣν ἔσχες' (which you possessed) introduces a flashback to the mythological origin of the curse, referencing Cadmus's marriage to Harmonia, a union that brought the curse of the house of Cadmus (the transformation into serpents) upon his descendants. The term 'θνητὸς' (mortal) emphasizes the tragic irony of a human possessing divine or monstrous attributes, while the chiasmus-like juxtaposition of the human subject and the beastly transformations underscores the theme of metamorphosis central to the 'Bacchae'. The sentence structure moves from the present prediction of the son (Pentheus) to the wife, and finally to the ancestral cause, creating a temporal and causal cascade typical of Euripidean dramatic irony.",745
746,"But drive a chariot of heifers, as the oracle of Zeus says, leading the barbarians with your wife.","The sentence features a direct imperative (ἐλαῦς, 'drive') addressed to the subject (implicitly the chorus or a character acting as a guide). The phrase 'chariot of heifers' (ὄχον μοσχῶν) is a striking image, likely referring to the ritual procession associated with Dionysus, where animals play a central role. The clause 'as the oracle of Zeus says' (ὡς λέγει χρησμός Διός) introduces divine authority, grounding the action in prophetic instruction. The participle 'leading' (ἡγούμενος) modifies the subject of the imperative and indicates the agent's role in guiding the 'barbarians' (βάρβαροι), a term often used in Greek tragedy to denote non-Greek peoples, here possibly referring to the followers of Dionysus or the Thebans. The inclusion of 'with your wife' (μετ' ἀλόχου) adds a domestic element to the command, suggesting a union of domestic life and ritual action. The sentence structure is straightforward, with the imperative as the main verb and the participial phrase providing additional context.",746
747,She has sacked many cities with an innumerable army.,"The verb περσεις is in the second person singular aorist active indicative (or potentially present, depending on textual transmission, though the context of the Bacchae suggests the perfective action of the god's power). However, the lemma provided (περσεις from περθω) indicates the root meaning 'to sack' or 'to pillage'. The sentence utilizes a striking hyperbole with 'innumerable army' (ἀνάρριθμος στρατεύματι) to emphasize the overwhelming force of the divine, specifically Dionysus, who is often described as leading a throng of Maenads or a supernatural host. The dative στρατεύματι functions as an instrumental case, indicating the means by which the action is performed. The adjective ἀνάρριθμος (innumerable) modifies the army, a common trope in Greek literature to describe the vast, uncountable forces of the divine or the enemy, suggesting a scale that transcends human military organization. The structure places the object 'cities' at the end for emphasis, highlighting the destruction wrought upon the human settlements.",747
748,"When they have seized the oracle of Phoebus, they will bring back a wretched return.","The sentence utilizes a temporal clause introduced by ὅταν with a present active subjunctive (διαρπάσωσι), indicating a future condition where the action is viewed as a completed event relative to the main verb. The main verb σχήσουσι is a future indicative of ἔχω, used here with the meaning 'to take' or 'to bring back' (a common idiom for returning). The adjective ἄθλιον (wretched, miserable) modifies νόστον (return), creating a stark contrast between the violent action of seizing the oracle and the tragic outcome of the return. The word order places the negative quality 'wretched' immediately before 'return' for emphasis, a feature often found in tragic prophecy to underscore the inevitable doom awaiting the characters (the Theban youths). The term Λοξίου (of Phoebus) is a genitive of attribution referring to Apollo, whose oracle at Delphi is the object of the seizure.",748
749,But Ares will forge Harmonia and establish your life in the land of the blessed.,"The sentence employs a parallel structure with two future active verbs, 'ῥύσεται' (will forge/shape) and 'καθιδρύσει' (will establish/settle), linked by the enclitic particle 'τε' (and) attached to the second verb, a common feature in poetic Greek to connect coordinated predicates. The subject 'Ἄρης' (Ares) is explicitly named, though in the context of the *Bacchae*, this refers to the divine union of Ares and Harmonia, a couple often associated with the founding of Thebes. The phrase 'μακάρων ... αἰῶν' (the life/age of the blessed) uses a genitive of quality to describe the destination, implying an afterlife or a state of divine happiness rather than a mere geographical location. The pronoun 'σοί' (you) is in the dative case but functions here as the indirect object or beneficiary of the action, referring to the addressee (Pentheus, though the immediate context of the play suggests Cadmus or Agave, depending on the specific verse location). The use of 'ῥύσεται' from 'ἐρύω' (to draw, forge, or shape) carries a connotation of crafting or shaping destiny, fitting the divine nature of the action. The sentence exhibits a rhythmic balance typical of tragic verse, with the two main actions mirroring each other in structure and significance.",749
750,"Not that I am speaking as the son of a mortal father, but as the son of Zeus.","The sentence employs a clear antithetical structure contrasting 'mortal father' (θνητοῦ πατρός) with 'Zeus' (Διός/Ζηνός) to establish the speaker's divine lineage. The phrase ταῦτ' οὐχί... ἀλλά... ('not these things... but...') functions as a standard corrective construction. The form ἐκγεγώ is a perfect active indicative first person singular of ἐκγίγνομαι, meaning 'I have come into being' or 'I am born,' used here to assert origin. The use of the vocative Διόνυσος (Dionysus) is technically a nominative used as a self-reference, which is common in tragic monologues where the character identifies themselves by name. The sentence highlights the central theme of the Bacchae: the distinction between human and divine parentage, a key element in the play's exploration of religious identity and the nature of the gods.",750
751,"But if you have come to know that it is right to be sensible, even when you did not wish to, you would be happy, having Dionysus, the son of Zeus, as an ally.","This sentence presents a conditional construction where the protasis (if-clause) is in the perfect indicative (ἔγνωθ' from γιγνώσκω), indicating a completed action with present relevance: the realization of wisdom. The main clause utilizes a conditional perfect (εὐδαιμονεῖτ' ἄν), expressing a potential or hypothetical result in the present/future, contingent upon the realization mentioned. The phrase 'even when you did not wish to' (ὅτ' οὐκ ἠθέλετε) highlights the involuntary nature of the realization of wisdom, suggesting that true understanding often comes against one's initial resistance. The participle κεκτημένοι (having acquired/possessed) functions as an adverbial modifier of the main verb, indicating the means by which happiness is achieved. The term 'Dionysus, the son of Zeus' (τὸν Διὸς γόνον) is an appositional phrase that emphasizes the divine lineage of the deity being invoked. The sentence employs a rhetorical strategy where the condition for happiness is framed as an internal shift in understanding rather than external circumstances. The use of ἄν with the imperfect indicative in the main clause creates a sense of potentiality, inviting the audience to consider the benefits of accepting divine wisdom.",751
752,"Dionysus, we beseech you, we have acted unjustly.","The sentence opens with a direct vocative address (Διόνυσε) to the god of wine and ecstasy, a common feature in tragic dialogue where mortals appeal to a deity for mercy or forgiveness. The verb λισσόμεσθα (first person plural, present middle/passive indicative of λίσσομαι) translates as 'we beseech' or 'we pray,' indicating a humble and desperate plea. The use of the enclitic pronoun σ' (you) as the object emphasizes the personal nature of the appeal. The clause ἠδικήκαμεν (we have acted unjustly) is in the perfect tense, signifying a completed action with ongoing consequences, highlighting the gravity of their past transgressions. The juxtaposition of the plea (λισσόμεσθα) with the admission of guilt (ἠδικήκαμεν) creates a poignant moment of self-awareness and contrition, typical of characters in Euripides' Bacchae who have resisted the god's worship and now face the dire consequences. The syntax is straightforward, with the vocative setting the tone, followed by the main verb and its object, and concluding with a coordinate clause that provides the reason for the plea.",752
753,"Too late you learned about us, when you ought to have known.","The sentence employs a sharp contrast between the imperfective aspect of learning (ἔμαθεθ', 'you learned') and the past necessity of knowing (χρῆν, 'it was necessary/you ought'). The adverb ὀψέ ('late') modifies the first verb, emphasizing the belated nature of the realization. The relative clause οὗτε δὲ χρῆν ('when it was necessary') functions as an elliptical temporal clause where the verb 'to know' is implied from the context of the main clause, a common feature in Greek tragedy to create rhetorical density. The use of the second person plural (ἔμαθεθ', ἠδεῖτε) addresses the Theban elders directly, highlighting their collective failure to recognize Dionysus in time. The syntax creates a chiasmic rhythm in the logic: action (learning) followed by the missed opportunity (knowing), underscoring the tragic theme of delayed recognition (anagnorisis) that leads to catastrophe.",753
754,We know this.,"The verb γιγνωσκω (ginōskō) appears here in the perfect indicative active first-person plural (ἐγνώκαμεν). In Ancient Greek, the perfect tense often denotes a completed action with continuing relevance or a resulting state; thus, the translation 'we know' captures the state of having come to know and currently possessing that knowledge, rather than the simple past 'we knew.' The pronoun ταῦτα (taûta) is a neuter plural accusative, serving as the direct object. It is elided to ταῦτ' before the following period, a common feature in poetic meter and prose rhythm. The sentence is a stark, declarative statement of realization or recognition, often marking a turning point where characters move from ignorance to awareness of a divine presence or a tragic truth.",754
755,But do not approach too closely.,"The sentence begins with αλλ' (all'), the enclitic form of αλλα, functioning as a strong adversative conjunction ('but' or 'however') that often introduces a sharp turn in dialogue or a warning. The verb ἐπεξέρχῃ is a present middle/passive imperative of ἐπεξέρχομαι, used here in the second person singular. In the middle voice, this verb typically means 'to come to' or 'to approach' someone, often implying a direct confrontation or physical proximity. The adverb λίαν ('too much', 'excessively', or 'too closely') modifies the verb, intensifying the warning against encroaching on the speaker's space or the sacred context. The structure is a concise, direct imperative command, characteristic of tragic dialogue where characters issue urgent warnings or boundaries. The brevity and the use of λίαν create a sense of immediate danger or taboo, suggesting that the proximity itself is the threat.",755
756,"For I was being insulted by a god, even before you.","The sentence features the particle combination καὶ γάρ, which here functions to introduce a causal explanation (‘for’) while simultaneously adding emphasis or continuity to the preceding argument (‘and’/‘even’). The verb ὑβριζόμην is a first aorist passive indicative, indicating a state of suffering injustice or outrage; in the context of the Bacchae, this refers to the divine humiliation suffered by Pentheus at the hands of Dionysus. The construction γεγώς (perfect active participle of γίγνομαι, ‘having become’ or ‘being’) acts adverbially to specify the agent or circumstance of the insult—specifically, that the insult came from a deity (θεός). The prepositional phrase πρὸς ὑμῶν uses the genitive case to denote the source or agent of the action, a usage common in Greek with verbs of harm or emotion. The syntax places the agent (θεός) before the participle (γεγώς), creating a focal emphasis on the divine nature of the insult. The sentence exemplifies the tragic irony of the play: the mortal king claims he was wronged by a god, unaware that he is speaking to the god himself.",756
757,It is fitting that the gods should not resemble mortals in their wrath.,"The sentence employs a gnomic present of πρέπω ('it is fitting/necessary'), a common formula in Greek tragedy for expressing universal moral or theological truths. The construction uses a subject infinitive (ὁμοιωῦσθαι) governed by πρέπει, with θεοὺς as the logical subject of the infinitive and βροτοῖς as the dative of comparison (or dative of reference) indicating the standard of resemblance. The negation οὐχ precedes the infinitive for emphasis. The term βροτοί ('mortals') carries a specific cultural connotation in Greek thought, highlighting the ontological gap between the immortal, often capricious divine and the finite, suffering human condition. The word ὀργάς ('wrath') is in the accusative case, functioning as the object of the infinitive ὁμοιωῦσθαι ('to be made like' or 'to resemble'), creating a structure where the 'resemblance' is defined specifically by the nature of the anger. This reflects the Bacchae's central theme: the terrifying and overwhelming power of Dionysus, which is distinct from human anger.",757
758,"Long ago, Zeus, my father, nodded assent to these things.","The adverb παλαι (palai) meaning 'long ago' or 'formerly' sets a temporal frame that contrasts with the immediacy of the action, suggesting a prophecy or decree made in the distant past that is now being fulfilled. The verb ἐπινεύω (epineuō), used here in the aorist indicative active (ἐπένευσε), literally means 'to nod assent' or 'to nod approval'; in a divine context, it signifies the act of granting permission or confirming a fate through a physical gesture, often implying the irrevocability of the divine will. The phrase 'my father' (ἐμός πατήρ) functions as an appositive to Zeus, emphasizing the speaker's personal relationship with the deity while simultaneously establishing the hierarchy of authority. The demonstrative pronoun ταῦδε (taude) serves as the direct object, pointing to the specific events or decrees being referenced in the immediate context of the play. The sentence structure places the temporal modifier first for emphasis, followed by the subject with its modifiers, and finally the predicate, creating a solemn declaration of divine authority.",758
759,"Alas, it is decided, old man, wretched exiles.","The sentence opens with an interjection (αἰαῖ), a common feature in Greek tragedy used to express sudden grief, despair, or alarm. The verb δέδοκται is a perfect passive indicative of δοκεῖν ('to seem' or 'to be decided'), functioning here in a passive sense to indicate a fate or decree that has already been settled and is irreversible. The address πρέσβυ ('old man') is in the vocative case, directly engaging the Chorus Leader or an elder figure within the dramatic context. The phrase τλήμονες φυγαί ('wretched exiles') consists of an adjective agreeing with a noun in the vocative plural, emphasizing the pitiable state of the speakers or the subjects of the decree. The syntax is fragmented, typical of tragic dialogue where speakers often use exclamations and direct addresses rather than complete, flowing sentences to convey emotional intensity. The use of the perfect tense for 'decided' underscores the finality of the situation, contrasting sharply with the present suffering of the 'exiles'.",759
760,"So then, what exactly are you intending to do that is necessary?","The particle 'δήτα' (dēta) functions here as an intensifier, adding a tone of impatience or insistence to the interrogative 'τί' (what), effectively meaning 'pray' or 'so then.' The construction uses the future tense of 'μέλλω' (to be about to) governing a present indicative relative clause ('ἃπερ ἔχει'), which is a common feature in Greek where the relative clause describes the nature of the action rather than its timing. The adverb 'ἀναγκαίως' (necessarily) modifies 'ἔχει' (has/is the case), referring to an inevitable or unavoidable course of action. The sentence employs a rhetorical strategy common in dramatic dialogue, where a character challenges another's hesitation by questioning the necessity of their delay. The syntax features a relative clause ('ἃπερ') acting as the object of 'μέλλετε' while simultaneously serving as the subject of 'ἔχει,' creating a tight syntactic bond that emphasizes the inescapable nature of the subject matter.",760
761,"Oh child, into a terrible evil we have all come: you, and you, wretched one, and your kin, and I, the sufferer.","The sentence employs a dramatic apostrophe to a child ('τέκνον') followed by a tripartite enumeration of suffering subjects linked by enclitic '-θ' (from τε), creating a rhythmic accumulation of misery. The structure moves from the collective ('πάντες') to specific individuals ('σύ', 'σύγγονοι τε σαι', 'ἐγώ'), emphasizing the universality of the tragedy. The adjective 'δεινόν' (terrible/awe-inspiring/dangerous) modifies 'κακόν' (evil/mischief), a common pairing in Greek tragedy to denote calamity that evokes both fear and pity. The use of 'ταλαίνα' (wretched) and 'τλημών' (suffering/long-suffering) highlights the emotional and physical toll of the situation. Stylistically, the sentence features anaphora through the repetition of the second person pronoun 'σύ' and the enclitic conjunction '-θ', while the chiasmus-like arrangement of subjects (you, your kin, I) builds emotional intensity. The exclamation 'ὦ' at the beginning signals a direct address typical of tragic monologues, where characters confront the gravity of their fate.",761
762,"I shall arrive among the barbarians, an old man, a resident alien.","The sentence features a striking paradox in the speaker's self-description: he identifies as both an 'old man' (γέρων) and a 'resident alien' (μέτοικος) entering a foreign land. The use of the future indicative (ἀφίξομαι) indicates a definitive arrival. The adjective βάρβαρους (barbarians) is in the accusative case as the direct object of the verb of motion, which in Ancient Greek often implies motion 'into' or 'among' a group. The term 'barbarians' here serves as a cultural marker for those outside the Greek polis, contrasting with the speaker's status as a metoikos (foreign resident), a legal status for non-citizens living in Athens or other Greek cities. The asyndeton (lack of conjunctions) between the three noun phrases (old man, resident alien) creates a rapid, emphatic listing of identities, highlighting the speaker's complex and perhaps ironic position.",762
763,"Yet still, I must lead the oracle to bring a mixed barbarian army to Greece.","The sentence features a future infinitive construction (ἀγαγεῖν 'to lead') governed by an implied modal necessity, often understood as 'it is necessary' or 'I must' in this context. The adverb ἔτι ('yet still') combined with the postpositive particle δέ ('but/and') creates a rhetorical emphasis on the continuation of an action or the persistence of a command. The term βάρβαρον ('barbarian') is a common ethnic marker in Greek literature used to denote non-Greek peoples, often implying cultural or linguistic difference. The adjective μιγάδα ('mixed') modifies στρατόν ('army'), highlighting the heterogeneous composition of the forces, which is thematically significant in the Bacchae as it reflects the universal appeal of Dionysian worship across different cultures. The phrase θέσφατον ('oracle') serves as the direct object of the implied necessity, suggesting a divine mandate guiding the action.",763
764,"I shall lead the child of Ares, Harmony, my own wife, who possesses the savage nature of a dragon and a dragoness, to Greek altars and graves, driving her with spears.","This sentence features a striking juxtaposition of domestic and violent imagery. The speaker identifies Harmonia not only as his 'child' and 'wife' but also as one who embodies the 'savage nature' (ἄγριαν φύσιν) of a dragon, referencing the mythological origin of Cadmus's family, who were born from the teeth of a dragon (the Spartoi). The syntax uses a participial phrase (ἔχουσαν) to describe Harmonia's inherent nature, which is then contrasted with the speaker's active, violent agency (ἄξω... ἡγούμενος). The use of the aorist future active indicative (ἄξω) combined with the present middle participle (ἡγούμενος) creates a sense of inevitable, forceful movement. The phrase 'Greek altars and graves' (βωμοὺς... καὶ τάφους Ἑλληνικούς) employs asyndeton between the nouns 'altars' and 'graves' to emphasize the dual destination of sacrifice and death. The repetition of 'dragon' and 'dragoness' (δράκων δρακαινῆς) creates a chiasmic-like emphasis on the monstrous lineage being forced into the civic and religious sphere of Greece.",764
765,"I shall not cease from my sufferings, wretched one, nor, having sailed the descent of Acheron, shall I become at rest.","The sentence employs a strong parallel structure (asyndeton between the two main clauses is avoided by the conjunction -δε, but the repetition of οὐδέ creates a rhythmic, emphatic antithesis). The speaker uses the first-person future indicative ('I shall not cease', 'I shall not become') to express an unyielding resolve. The term 'τλημών' (wretched one, or 'one who endures') is an epithet used here, likely in a vocative sense or as a self-deprecating apposition, reflecting the tragic hero's endurance of suffering. The phrase 'καταιβάτην Ἀχέροντα' (the descent of Acheron) is a periphrastic reference to the underworld, where 'καταιβάτης' (descender) acts as an epithet for the river, emphasizing the journey to the realm of the dead. The verb 'πλεύσας' (having sailed) is aorist active participle, indicating a completed action prior to the state of 'ἥσυχος' (at rest). The sentence conveys a sense of eternal unrest, even beyond death, a common theme in Euripidean tragedy where the boundary between life and death is permeable and suffering persists. The use of 'οὐδέ' twice creates a chiasmus-like effect with the two negative clauses, reinforcing the speaker's determination.",765
766,"Oh father, having been deprived of you, I shall flee.","The sentence features a vocative address (πάτερ) used to invoke a paternal figure, likely a god or ancestor, setting a tone of desperation. The adverbial participle (στερεῖσα, aorist active participle feminine nominative) indicates a prior action or state that serves as the cause or condition for the main verb (φεύξομαι, future indicative). The use of the future tense for 'I shall flee' suggests a resolve or inevitability in the face of loss. The sentence structure is straightforward, with the vocative standing apart from the main clause, emphasizing the emotional weight of the address.",766
767,"Why do you wrap me with your hands, wretched child, like a bird, a white-feathered swan, how it wraps a drone?","The sentence employs a vivid simile comparing the addressee (a 'child' in a context of divine madness) to a swan attacking a drone. The adjective 'πολιοχρών' (white-feathered) is a compound epithet characteristic of epic and tragic style, emphasizing the purity or striking appearance of the swan. The syntax features an appositive construction ('ὄρνις... κύκνος') where 'swan' is in apposition to 'bird,' intensifying the image. The particle 'ὅπως' introduces a comparative clause indicating the manner of the action, functioning similarly to 'just as' or 'like how.' The vocative 'ὦ ταλαῖνα παι' conveys a tone of pity or lament, highlighting the tragic irony of the speaker's perception of the other's identity. The rhetorical question structure ('τί...') invites the listener to consider the absurdity or horror of the action described.",767
768,"For where should I turn, now that I have been cast out from my country?","The sentence employs a rhetorical question (indicated by the interrogative pronoun ποιῖ) to express the speaker's desperation and lack of direction. The particle γάρ (for) introduces a causal or explanatory clause, linking this internal deliberation to the preceding context of exile. The participle ἐκβεβλημένη (having been cast out), derived from ἐκβάλλω, is in the perfect passive middle (deponent) form, indicating a completed action with enduring results: the speaker is currently in a state of having been expelled. This participle agrees with the implied feminine subject and functions adverbially to modify the main verb τρέπωμαι (I should turn). The dative of advantage or reference implied in the context of 'turning' is governed by the prepositional sense of the verb in this idiomatic usage. The construction highlights the psychological impact of exile, a common theme in Euripidean tragedy, where the loss of one's homeland (πατρίδος) leaves the individual without a point of orientation or future.",768
769,"I do not know, child.","The verb 'οἶδα' (I know) is semantically an imperfective form functioning as a perfect tense, meaning 'I know' (from the state of having seen), yet it takes present-tense morphology. The negation 'οὐκ' precedes the verb to form a direct denial of knowledge. The vocative 'τέκνον' (child) serves as a term of address, indicating a relationship of authority or intimacy, often used by a god or elder toward a younger figure. The sentence is syntactically simple but carries dramatic weight in its brevity; the speaker's admission of ignorance contrasts sharply with the typical divine omniscience expected in Euripidean tragedy. The comma after the verb and before the vocative reflects a pause for emphasis, highlighting the speaker's uncertainty or hesitation. No literary devices like chiasmus or anaphora are present here, but the stark simplicity of the statement may serve as a rhetorical device to underscore emotional or narrative tension.",769
770,"A small ally, father.","This sentence is a fragment consisting of a vocative address or an appositional phrase, lacking a finite verb. The adjective μικρός (small) modifies the noun ἐπίκουρος (ally/ally in war), creating a striking juxtaposition that likely emphasizes the speaker's perception of the addressee's inadequacy or lack of power. The vocative context is implied by the direct address to 'father' (πατήρ), suggesting a dramatic monologue or dialogue where the speaker is addressing a paternal figure with sarcasm or disdain. The brevity of the phrase, devoid of any connective particles, creates a sharp, abrupt tone typical of tragic dialogue. The use of 'small' to describe an 'ally' may allude to the physical stature of the addressee or, more metaphorically, to their diminished political or military influence.",770
771,"Hail, house! Hail, native city!","This sentence features a double apostrophe (direct address) and a clear case of asyndeton, where the conjunction 'and' is omitted between the two parallel clauses for rhetorical emphasis. The verb χαῖρ' (aorist imperative active of χαῖρω) functions as a formulaic greeting or invocation, often used in contexts of arrival or recognition. The vocative case is marked on both μέλαθρον (house/palace) and πόλις (city), each preceded by the vocative particle ὦ. The adjective πατρία (native, ancestral) modifies πόλις, evoking themes of homeland and civic identity central to Greek tragedy. The repetition of χαῖρ' creates a rhythmic parallelism that heightens the emotional impact of the speaker's address to both domestic and civic spaces.",771
772,"I cast you out as a fugitive, driven by misfortune, from the chambers.","The verb ἐκλείπω (ekleípō) is used here in a causative or transitive sense meaning 'to leave behind' or 'to cast out,' often with a connotation of abandonment. The accusative pronoun σ' (you) functions as the direct object of the casting out. The phrase ἐπὶ δυστυχίᾳ (upon misfortune) uses the preposition ἐπί with the dative case to indicate the cause or circumstance under which the action occurs; here it suggests the subject is acting under the pressure of bad fortune or perhaps that the misfortune is the instrument of their expulsion. The noun φυγάς (fugitive) is in the nominative case, functioning as a predicate nominative or subject complement, describing the state into which the object (you) is cast. The construction ἐκ θαλάμων (from the chambers) uses the preposition ἐκ with the genitive plural να to denote the source or origin of the movement. The sentence exhibits a stark, dramatic tone typical of Euripidean tragedy, utilizing asyndeton (the lack of conjunctions between phrases) to create a sense of urgency and fragmentation, mirroring the suddenness of the exile. The imagery of expulsion from the domestic sphere (chambers) into the state of a fugitive underscores the total loss of social and physical security.",772
773,"Go now, son, along the path of Aristaeus.","The verb 'στειχε' (steiche) is an aorist imperative, conveying a direct and urgent command to depart or proceed. The particle 'νυν' (nun) adds a sense of immediacy, translating to 'now' or 'at this very moment.' The vocative 'παι' (pais) is an affectionate yet formal address, literally meaning 'child' or 'son,' frequently used in tragedy to establish intimacy between a speaker and a younger character. The phrase 'τὸν Ἀρισταίου' utilizes the genitive of the proper name 'Aristaeus' to modify an implied noun, likely 'ὁδόν' (path) or 'τρόπον' (way), creating a genitive of direction or source. The 'G?' markers in the input indicate gaps or missing text in the source manuscript, suggesting that the original sentence may have included a specific noun (such as 'path' or 'road') that is now lost, requiring the translator to supply the implied object for grammatical completeness in English.",773
774,"I am in anguish for you, father.","The verb στενομαι (stenomai) is a deponent middle/passive form meaning 'to groan' or 'to be in anguish,' indicating intense emotional or physical suffering. The syntax features a direct address (vocative case: πατήρ -> πάτερ) separated from the main clause by a comma, a common stylistic device in Greek tragedy to heighten dramatic immediacy and emotional impact. The use of the first-person singular present indicative conveys the speaker's current, active state of distress. The phrase exemplifies the pathos typical of Euripidean drama, where characters often express deep personal sorrow directly to family members or gods.",774
775,"I— I wept for you, child, and for your sisters.","The sentence begins with a broken repetition of the conjunction 'καί' (κα-), indicating a stammer or hesitation, a dramatic device often used to convey extreme emotion, shock, or the physical inability to speak fluently due to grief. The vocative 'τέκνον' (child) is set off by commas, creating an emotional address to the listener. The verb 'ἐδάκρυσα' (I wept) takes two objects: the accusative pronoun 'σέ' (you) and the accusative plural noun 'κασιγνήτας' (sisters). The possessive adjective 'σὰς' (your) agrees with 'κασιγνήτας' in gender, number, and case. The use of 'καί' before 'σὰς κασιγνήτας' links the second object to the first, emphasizing that the speaker's tears were shed for both the individual and their siblings. The syntax highlights a shift from the singular 'you' to the plural 'sisters,' expanding the scope of the speaker's sorrow.",775
776,"For dreadfully has Dionysus, the lord, brought this curse to your house.","The sentence opens with δεινῶς (dreadfully/terribly), an adverb derived from δεινός, which conveys a sense of awe, terror, or uncanny power often associated with divine intervention. The particle γὰρ indicates that this statement provides the reason or explanation for a preceding context. The noun αἰκείαν (a curse or violent act of injury) functions as the direct object, modified by the demonstrative ταῦν (this) and the possessive σου (your), emphasizing the personal and familial nature of the affliction. The subject, Διόνυσος (Dionysus), is appositionally modified by ἄναξ (lord/master), a title highlighting his authority and sovereignty over the domain he invades. The preposition εἰς (into) with the accusative οἴκους (houses) denotes the destination of the action, suggesting an intrusion of the divine into the domestic sphere. The use of the imperfect tense ἔφερεν (he was bringing/he brought) in this context, while often denoting continuous action, here serves to describe a completed event with significant ongoing consequences, a common feature in tragic narrative to underscore the inescapable nature of the god's will. The syntax places the adverbial modifier and the explanatory particle at the beginning for emphasis, a stylistic choice that heightens the dramatic tension before introducing the agent of the action.",776
777,"For I suffered terrible things from you, having an uncollected name in Thebes.","The sentence features the causal conjunction γάρ (for) attached to the initial particle καί (and/for), a common poetic combination used to provide a causal explanation or justification for a preceding statement. The verb ἔπασχον (I was suffering) is in the imperfect indicative, indicating a continuous or repeated state of suffering in the past. The adjective δεινά (terrible things) is neuter plural and functions as the direct object of the verb, a construction where the adjective substantivizes to mean 'terrible things' or 'terrible sufferings.' The preposition πρός with the genitive ὑμῶν (from you) indicates the source or agent of the suffering. The participle ἔχων (having) is a present active participle modifying the subject of the main verb, providing the context for the suffering. The phrase ἀγέραστον ὄνομα is a significant oxymoron or paradox: ἀγέραστος typically means 'uncollected,' 'unharvested,' or 'not gathered,' but in this context, it implies a name that has not been properly acknowledged, honored, or 'gathered' into the cultural memory of the city, suggesting the speaker is an outsider or has been rejected. The syntax employs a participial phrase that expands on the subject's condition, creating a dense, compressed expression typical of tragic dialogue.",777
778,"Rejoice, father, to me.","This sentence is a vocative address where the verb χαῖρε (present imperative middle/passive 2nd singular) functions as a greeting or a wish for well-being, literally meaning 'be well' or 'rejoice'. The word πάτερ is a vocative singular noun from πατήρ (father), directly addressing the listener. The pronoun μοι (dative singular of ἐγώ) acts as the indirect object of the verb, indicating the recipient of the greeting or the person to whom the speaker wishes well-being. The use of the dative case here is characteristic of expressions of greeting or farewell in Ancient Greek. The sentence structure is simple and direct, with the vocative and dative pronouns separated by commas for clarity. This type of address is common in dramatic literature, particularly in scenes involving familial or hierarchical relationships.",778
779,"Rejoice, my darling daughter.","The verb χαιρεῖν (here shortened to χαιρ' in apocope before the vowel) functions as an imperative of greeting or benediction, often translated as 'hail' or 'rejoice.' The vocative address θυγάτηρ (daughter) is modified by the adjective μέλεος, meaning 'darling,' 'dear,' or 'painful' (in the sense of causing care or sorrow), though in this affectionate context, it conveys deep tenderness. The particle ὦ serves to mark the direct address. The sentence exhibits a poignant emotional tone, characteristic of the intimate, yet often tragic, familial interactions in Euripidean drama.",779
780,And you would arrive at this with difficulty.,"The sentence employs the potential optative (ἥκοις) combined with the particle ἄν to express a hypothetical or potential action. The adverb χαλεπῶς ('with difficulty' or 'hardly') modifies the verb of motion, emphasizing the arduous nature of the arrival. The particle δέ serves as a connective, linking this thought to the preceding context. The demonstrative pronoun τοῦτο (here contracted to τοῦδ' before the following vowel or in poetic elision) points to a specific, perhaps immediate, situation or destination relevant to the dramatic moment.",780
781,"Come, O escorts, so that we may take my sisters as fellow fugitives, pitiable ones.","The sentence opens with an aorist imperative plural (ἄγετ᾽) used in a hortatory sense, inviting the addressees to action. The vocative ὦ πομποί (O escorts) directly addresses the chorus or attendants, who function as guides for the procession. The use of the subjunctive future form λήψομεθ᾽ (we shall take) within the ἵνα clause indicates purpose: the goal of the summons is to secure the sisters as companions in flight. The adjective συμφυγάδας (fellow fugitives) is a compound emphasizing shared destiny in exile, while the final adjective οἰκτρας (pitiable, wretched) serves as a descriptive epithet highlighting the tragic status of the sisters. The word order places the emotional weight of οἰκτρας at the very end, creating a somber closure. There is no asyndeton or chiasmus here; the structure is a straightforward imperative followed by a purpose clause, characteristic of dramatic dialogue where a character urgently seeks to coordinate action with others.",781
782,"I wish to go where neither the accursed Cithaeron might see me with its eyes, nor where any memorial of the thyrsus is set up.","The sentence begins with an optative verb (ἐλθοίμι) expressing a strong wish or desire, a common feature in dramatic monologues to convey internal conflict or yearning. The structure employs a double negative construction with μήτε... μήτε (neither... nor) to exclude two specific places from the speaker's desired destination. The first clause uses the optative ἴδοι to match the optative ἐλθοίμι, maintaining sequence of mood within a relative clause of purpose or desire. The adjective μιαρός (accursed, polluted) is applied to the mountain Cithaeron, reflecting its cultural association in Greek tragedy with horror, bloodshed, and the wild, untamed nature of the Dionysian cult. The second clause introduces a physical marker of the Dionysian presence: the θυρσός (thyrsus), the staff carried by followers of Dionysus, and its memorial (μνήμᾰ). The syntax creates a parallel between the mountain's gaze and the enduring symbol of the god's worship, both representing the inescapable presence of the divine in the landscape. The sentence uses asyndeton in the list of conditions, enhancing the rhythmic flow and emphasizing the totality of the desired separation.",782
783,Let care be for other bacchants.,"The verb μέλω (to be a care, to be one's concern) is used in the third person plural optative (μελοῖεν), functioning here as an impersonal construction implying 'let it be a concern' or 'let them have care.' The dative plural forms βακχαις (bacchants) and αλλησι (other) serve as the indirect object of the verb, indicating the recipients of the care or concern. The sentence employs the particle δέ (and/but) to connect this thought to the preceding context, suggesting a contrast or addition. The use of the optative mood in this context may reflect a wish, a potentiality, or a general statement of what is appropriate. The sentence structure is concise and direct, focusing on the distribution of care or responsibility among the bacchants.",783
784,"Many are the forms of the divine, and many do the gods strike without warning.","This sentence exemplifies the chiasmic structure common in Greek wisdom literature, contrasting the variability of divine appearances (πολλαὶ μορφαί) with the unpredictability of divine action (πολλὰ... κραινοῦσι). The adjective πολύς appears in the nominative plural feminine to agree with μορφαί in the first clause, and in the nominative plural neuter to agree with the implied subject of the action or the manner in the second clause, functioning adverbially here to mean 'in many ways' or 'frequently.' The adverb ἀέλπτως ('without warning') is crucial, highlighting the theme of human inability to anticipate divine will, a central motif in the Bacchae. The use of the present indicative κραινοῦσι suggests a timeless, gnomic truth rather than a specific event. The enclitic particle δέ serves to connect the two independent clauses, adding a slight adversative or continuative force that emphasizes the dual nature of the divine's power.",784
785,"And what seemed likely did not come to pass, but the god found a way through what had not been thought of.","This sentence presents a striking antithesis between human expectation and divine action, a common theme in Greek tragedy. The syntax relies on a balanced structure: the first clause uses a neuter plural articular participle (τὰ δοκηθέντα, 'the things that seemed likely') as the subject, while the second clause uses a genitive articular participle (τῶν ἀδόκητων, 'of the things not thought of') to modify the object (πόρον, 'way' or 'path'). The particle δέ marks a sharp contrast between the failure of human plans and the success of divine intervention. The verb εὑρίσκω (found) is used with πόρον (way/path), a collocation suggesting the discovery of a solution where none was apparent. The use of the aorist indicative in both main verbs (ἐτελέσθη, εὗρε) emphasizes the completed nature of these contrasting events. The sentence exemplifies the tragic irony that human foresight is often futile against the unpredictable machinations of the gods.",785
786,Such a thing has happened to us.,"The sentence employs the demonstrative adjective τοιοῦτος ('such a kind of') combined with the enclitic particle -δε, which adds a deictic force pointing to the immediate situation. The verb ἀποβαίνω is used here in the perfect tense (ἀπέβη) to indicate a completed action with present consequences, effectively meaning 'to turn out' or 'to happen.' The subject πρᾶγμα ('thing' or 'matter') is neuter and singular, serving as the topic of the event. The structure is concise, lacking a copula, which is typical for Greek narrative to emphasize the suddenness or inevitability of the event. The phrase captures a moment of realization or shock at the unfolding of events, a common rhetorical device in tragedy to heighten dramatic tension.",786
