,greek_id,greek_word,gloss,sent_id,gorgias
0,101678700,ὅτι,that,0,
1,101678701,μὲν,indeed,0,
2,101678702,ὑμεῖς,you,0,
3,101678703,",",",",0,
4,101678704,ὦ,O,0,
5,101678705,ἄνδρες,men,0,
6,101678706,Ἀθηναῖοι,Athenians,0,
7,101678707,",",",",0,
8,101678708,πεπόνθατε,you have suffered,0,
9,101678709,ὑπὸ,by,0,
10,101678710,τῶν,of the,0,
11,101678711,ἐμῶν,my,0,
12,101678712,κατηγόρων,accusers,0,
13,101678713,",",",",0,
14,101678714,οὐκ,not,0,
15,101678715,οἶδα,I know,0,
16,101678716,.,.,0,
17,101678717,ἐγὼ,I,1,
18,101678718,δ’,and,1,
19,101678719,οὖν,then,1,
20,101678720,καὶ,also,1,
21,101678721,αὐτός,myself,1,
22,101678722,ὑπ',by,1,
23,101678723,αὐτῶν,them,1,
24,101678724,ὀλίγου,little,1,
25,101678725,ἐμαυτοῦ,myself,1,
26,101678726,ἐπελαθόμην,I forgot,1,
27,101678727,",",",",1,
28,101678728,οὕτω,so,1,
29,101678729,πιθανῶς,persuasively,1,
30,101678730,ἔλεγον,they were saying,1,
31,101678731,.,.,1,
32,101678732,καίτοι,yet,2,
33,101678733,ἀληθές,true,2,
34,101678734,γε,indeed,2,
35,101678735,ὡς,as,2,
36,101678736,ἔπος,word,2,
37,101678737,εἰπεῖν,to say,2,
38,101678738,οὐδὲν,nothing,2,
39,101678739,εἰρήκασιν,have said,2,
40,101678740,.,.,2,
41,101678741,μάλιστα,especially,3,
42,101678742,δὲ,but,3,
43,101678743,αὐτῶν,of them,3,
44,101678744,ἓν,one thing,3,
45,101678745,ἐθαύμασα,I wondered,3,
46,101678746,τῶν,of,3,
47,101678747,πολλῶν,many,3,
48,101678748,ὧν,whom,3,
49,101678749,ἐψεύσαντο,lied,3,
50,101678750,",",",",3,
51,101678751,τοῦτο,this,3,
52,101678752,ἐν,in,3,
53,101678753,ᾧ,in which,3,
54,101678754,ἔλεγον,were saying,3,
55,101678755,ὡς,that,3,
56,101678756,χρῆν,it was necessary,3,
57,101678757,ὑμᾶς,you,3,
58,101678758,εὐλαβεῖσθαι,to be cautious,3,
59,101678759,μὴ,not,3,
60,101678760,ὑπ',by,3,
61,101678761,ἐμοῦ,of me,3,
62,101678762,ἐξαπατηθῆτε,be deceived,3,
63,101678763,ὡς,that,3,
64,101678764,δεινοῦ,dangerous,3,
65,101678765,ὄντος,being,3,
66,101678766,λέγειν,to say,3,
67,101678767,.,.,3,
68,101678768,τὸ,the,4,
69,101678769,γὰρ,for,4,
70,101678770,μὴ,not,4,
71,101678771,αἰσχυνθῆναι,to be ashamed,4,
72,101678772,ὅτι,that,4,
73,101678773,αὐτίκα,immediately,4,
74,101678774,ὑπ’,by,4,
75,101678775,ἐμοῦ,by me,4,
76,101678776,ἐξελεγχθήσονται,they will be refuted,4,
77,101678777,ἔργῳ,in deed,4,
78,101678778,",",",",4,
79,101678779,ἐπειδὰν,when,4,
80,101678780,μη,not,4,
81,101678781,-δ’,and,4,
82,101678782,ὁπωστιοῦν,at all,4,
83,101678783,φαίνωμαι,I seem,4,
84,101678784,δεινὸς,clever,4,
85,101678785,λέγειν,to speak,4,
86,101678786,",",",",4,
87,101678787,τοῦτό,this,4,
88,101678788,μοι,to me,4,
89,101678789,ἔδοξεν,it seemed,4,
90,101678790,αὐτῶν,of them,4,
91,101678791,ἀναισχυντότατον,most shameless,4,
92,101678792,εἶναι,to be,4,
93,101678793,",",",",4,
94,101678794,εἰ,if,4,
95,101678795,μὴ,not,4,
96,101678796,ἄρα,then,4,
97,101678797,δεινὸν,clever,4,
98,101678798,καλοῦσιν,call,4,
99,101678799,οὗτοι,these,4,
100,101678800,λέγειν,to speak,4,
101,101678801,τὸν,the,4,
102,101678802,τα-,the,4,
103,101678803,τἀληθῆ,truth,4,
104,101678804,λέγοντα,speaking,4,
105,101678805,.,.,4,
106,101678806,εἰ,if,5,
107,101678807,μὲν,indeed,5,
108,101678808,γὰρ,for,5,
109,101678809,τοῦτο,this,5,
110,101678810,λέγουσιν,they say,5,
111,101678811,",",",",5,
112,101678812,ὁμολογοίην,I should admit,5,
113,101678813,ἂν,would,5,
114,101678814,ἔγωγε,I indeed,5,
115,101678815,οὐ,not,5,
116,101678816,κατὰ,against,5,
117,101678817,τούτους,these,5,
118,101678818,εἶναι,to be,5,
119,101678819,ῥήτωρ,orator,5,
120,101678820,.,.,5,
121,101678821,οὗτοι,these,6,
122,101678822,μὲν,indeed,6,
123,101678823,οὖν,then,6,
124,101678824,",",",",6,
125,101678825,ὥσπερ,just as,6,
126,101678826,ἐγὼ,I,6,
127,101678827,λέγω,say,6,
128,101678828,",",",",6,
129,101678829,ἤ,or,6,
130,101678830,τι,something,6,
131,101678831,ἢ,or,6,
132,101678832,οὐδὲν,nothing,6,
133,101678833,ἀληθὲς,true,6,
134,101678834,εἰρήκασιν,have said,6,
135,101678835,",",",",6,
136,101678836,ὑμεῖς,you,6,
137,101678837,δέ,but,6,
138,101678838,μου,me,6,
139,101678839,ἀκούσεσθε,you will hear,6,
140,101678840,πᾶσαν,the whole,6,
141,101678841,τὴν,the,6,
142,101678842,ἀλήθειαν,truth,6,
143,101678843,—,—,6,
144,101678844,οὐ,not,6,
145,101678845,μέντοι,however,6,
146,101678846,μὰ,by,6,
147,101678847,Δία,by Zeus,6,
148,101678848,",",",",6,
149,101678849,ὦ,O,6,
150,101678850,ἄνδρες,men,6,
151,101678851,Ἀθηναῖοι,Athenians,6,
152,101678852,",",",",6,
153,101678853,κεκαλλιεπημένους,adorned,6,
154,101678854,γε,indeed,6,
155,101678855,λόγους,speeches,6,
156,101678856,",",",",6,
157,101678857,ὥσπερ,just as,6,
158,101678858,οἱ,those,6,
159,101678859,τούτων,of these,6,
160,101678860,",",",",6,
161,101678861,ῥήμασί,words,6,
162,101678862,τε,and,6,
163,101678863,καὶ,and,6,
164,101678864,ὀνόμασιν,names,6,
165,101678865,οὐ,not,6,
166,101678866,-δὲ,and,6,
167,101678867,κεκοσμημένους,adorned,6,
168,101678868,",",",",6,
169,101678869,ἀλλ',but,6,
170,101678870,ἀκούσεσθε,you will hear,6,
171,101678871,εἰκῇ,randomly,6,
172,101678872,λεγόμενα,spoken,6,
173,101678873,τοῖς,the,6,
174,101678874,ἐπιτυχοῦσιν,that happen to be,6,
175,101678875,ὀνόμασιν,names,6,
176,101678876,—,—,6,
177,101678877,πιστεύω,I believe,6,
178,101678878,γὰρ,for,6,
179,101678879,δίκαια,just,6,
180,101678880,εἶναι,to be,6,
181,101678881,ἃ,what,6,
182,101678882,λέγω,say,6,
183,101678883,—,—,6,
184,101678884,καὶ,and,6,
185,101678885,μηδεὶς,no one,6,
186,101678886,ὑμῶν,of you,6,
187,101678887,προσδοκησάτω,let expect,6,
188,101678888,ἄλλως,otherwise,6,
189,101678889,.,.,6,
190,101678890,οὐ,not,7,
191,101678891,-δὲ,indeed,7,
192,101678892,γὰρ,for,7,
193,101678893,ἂν,would,7,
194,101678894,δήπου,surely,7,
195,101678895,πρέποι,would be fitting,7,
196,101678896,",",",",7,
197,101678897,ὦ,O,7,
198,101678898,ἄνδρες,men,7,
199,101678899,",",",",7,
200,101678900,τῇδε,this,7,
201,101678901,τῇ,the,7,
202,101678902,ἡλικίᾳ,age,7,
203,101678903,ὥσπερ,just as,7,
204,101678904,μειρακίῳ,youth,7,
205,101678905,πλάττοντι,forming,7,
206,101678906,λόγους,arguments,7,
207,101678907,εἰς,into,7,
208,101678908,ὑμᾶς,you,7,
209,101678909,εἰσιέναι,to enter,7,
210,101678910,.,.,7,
211,101678911,καὶ,and,8,
212,101678912,μέντοι,however,8,
213,101678913,καὶ,and,8,
214,101678914,πάνυ,very,8,
215,101678915,",",",",8,
216,101678916,ὦ,O,8,
217,101678917,ἄνδρες,men,8,
218,101678918,Ἀθηναῖοι,Athenians,8,
219,101678919,",",",",8,
220,101678920,τοῦτο,this,8,
221,101678921,ὑμῶν,you,8,
222,101678922,δέομαι,I beg,8,
223,101678923,καὶ,and,8,
224,101678924,παρίεμαι,I permit,8,
225,101678925,.,.,8,
226,101678926,ἐὰν,if,9,
227,101678927,διὰ,by,9,
228,101678928,τῶν,the,9,
229,101678929,αὐτῶν,same,9,
230,101678930,λόγων,speeches,9,
231,101678931,ἀκούητέ,you hear,9,
232,101678932,μου,of me,9,
233,101678933,ἀπολογουμένου,defending myself,9,
234,101678934,δι’,through,9,
235,101678935,ὧνπερ,through which,9,
236,101678936,εἴωθα,I am accustomed,9,
237,101678937,λέγειν,to say,9,
238,101678938,καὶ,and,9,
239,101678939,ἐν,in,9,
240,101678940,ἀγορᾷ,marketplace,9,
241,101678941,ἐπὶ,on,9,
242,101678942,τῶν,the,9,
243,101678943,τραπεζῶν,counters,9,
244,101678944,",",",",9,
245,101678945,ἵνα,so that,9,
246,101678946,ὑμῶν,of you,9,
247,101678947,πολλοὶ,many,9,
248,101678948,ἀκηκόασι,have heard,9,
249,101678949,",",",",9,
250,101678950,καὶ,and,9,
251,101678951,ἄλλοθι,elsewhere,9,
252,101678952,",",",",9,
253,101678953,μή,not,9,
254,101678954,-τε,and,9,
255,101678955,θαυμάζειν,to marvel,9,
256,101678956,μή,not,9,
257,101678957,-τε,and,9,
258,101678958,θορυβεῖν,to make a disturbance,9,
259,101678959,τούτου,this,9,
260,101678960,ἕνεκα,because of,9,
261,101678961,.,.,9,
262,101678962,ἔχει,has,10,
263,101678963,γὰρ,for,10,
264,101678964,οὑτωσί,thus,10,
265,101678965,.,.,10,
266,101678966,νῦν,now,11,
267,101678967,ἐγὼ,I,11,
268,101678968,πρῶτον,first,11,
269,101678969,ἐπὶ,in,11,
270,101678970,δικαστήριον,court,11,
271,101678971,ἀναβέβηκα,have climbed up,11,
272,101678972,",",",",11,
273,101678973,ἔτη,years,11,
274,101678974,γεγονὼς,being,11,
275,101678975,ἑβδομήκοντα,seventy,11,
276,101678976,.,.,11,
277,101678977,ἀτεχνῶς,artlessly,12,
278,101678978,οὖν,therefore,12,
279,101678979,ξένως,strangely,12,
280,101678980,ἔχω,I am,12,
281,101678981,τῆς,of the,12,
282,101678982,ἐνθάδε,here,12,
283,101678983,λέξεως,speech,12,
284,101678984,.,.,12,
285,101678985,ὥσπερ,just as,13,
286,101678986,οὖν,then,13,
287,101678987,ἄν,would,13,
288,101678988,",",",",13,
289,101678989,εἰ,if,13,
290,101678990,τῷ,the,13,
291,101678991,ὄντι,really,13,
292,101678992,ξένος,stranger,13,
293,101678993,ἐτύγχανον,I happened to be,13,
294,101678994,ὤν,being,13,
295,101678995,",",",",13,
296,101678996,συνεγιγνώσκετε,you would have recognized,13,
297,101678997,δήπου,surely,13,
298,101678998,ἄν,would,13,
299,101678999,μοι,to me,13,
300,101679000,εἰ,if,13,
301,101679001,ἐν,in,13,
302,101679002,ἐκείνῃ,that,13,
303,101679003,τῇ,the,13,
304,101679004,φωνῇ,voice,13,
305,101679005,τε,and,13,
306,101679006,καὶ,and,13,
307,101679007,τῷ,the,13,
308,101679008,τρόπῳ,manner,13,
309,101679009,ἔλεγον,I was saying,13,
310,101679010,ἐν,in,13,
311,101679011,οἷσπερ,where,13,
312,101679012,ἐτεθράμμην,I was brought up,13,
313,101679013,",",",",13,
314,101679014,καὶ,and,13,
315,101679015,δὴ,indeed,13,
316,101679016,καὶ,and,13,
317,101679017,νῦν,now,13,
318,101679018,τοῦτο,this,13,
319,101679019,ὑμῶν,you,13,
320,101679020,δέομαι,I request,13,
321,101679021,δίκαιον,just,13,
322,101679022,",",",",13,
323,101679023,ὥς,as,13,
324,101679024,γέ,indeed,13,
325,101679025,μοι,to me,13,
326,101679026,δοκῶ,it seems,13,
327,101679027,",",",",13,
328,101679028,τὸν,the,13,
329,101679029,μὲν,indeed,13,
330,101679030,τρόπον,manner,13,
331,101679031,τῆς,of the,13,
332,101679032,λέξεως,speech,13,
333,101679033,ἐᾶν,let,13,
334,101679034,—,—,13,
335,101679035,ἴσως,perhaps,13,
336,101679036,μὲν,on the one hand,13,
337,101679037,γὰρ,for,13,
338,101679038,χείρων,worse,13,
339,101679039,",",",",13,
340,101679040,ἴσως,perhaps,13,
341,101679041,δὲ,but,13,
342,101679042,βελτίων,better,13,
343,101679043,ἂν,would,13,
344,101679044,εἴη,were,13,
345,101679045,—,—,13,
346,101679046,αὐτὸ,this very,13,
347,101679047,δὲ,but,13,
348,101679048,τοῦτο,this,13,
349,101679049,σκοπεῖν,to examine,13,
350,101679050,καὶ,and,13,
351,101679051,τούτῳ,this,13,
352,101679052,τὸν,the,13,
353,101679053,νοῦν,mind,13,
354,101679054,προσέχειν,to pay attention,13,
355,101679055,",",",",13,
356,101679056,εἰ,if,13,
357,101679057,δίκαια,just things,13,
358,101679058,λέγω,say,13,
359,101679059,ἢ,or,13,
360,101679060,μή,or not,13,
361,101679061,.,.,13,
362,101679062,δικαστοῦ,of a juror,14,
363,101679063,μὲν,indeed,14,
364,101679064,γὰρ,for,14,
365,101679065,αὕτη,this,14,
366,101679066,ἀρετή,virtue,14,
367,101679067,",",",",14,
368,101679068,ῥήτορος,of an orator,14,
369,101679069,δὲ,but,14,
370,101679070,τα-,the,14,
371,101679071,τἀληθῆ,true,14,
372,101679072,λέγειν,to speak,14,
373,101679073,.,.,14,
374,101679074,πρῶτον,first,15,
375,101679075,μὲν,indeed,15,
376,101679076,οὖν,therefore,15,
377,101679077,δίκαιός,righteous,15,
378,101679078,εἰμι,am,15,
379,101679079,ἀπολογήσασθαι,to make a defense,15,
380,101679080,",",",",15,
381,101679081,ὦ,O,15,
382,101679082,ἄνδρες,men,15,
383,101679083,Ἀθηναῖοι,Athenians,15,
384,101679084,",",",",15,
385,101679085,πρὸς,before,15,
386,101679086,τὰ,the,15,
387,101679087,πρῶτά,first,15,
388,101679088,μου,my,15,
389,101679089,ψευδῆ,falsehoods,15,
390,101679090,κατηγορημένα,brought against me,15,
391,101679091,καὶ,and,15,
392,101679092,τοὺς,the,15,
393,101679093,πρώτους,first,15,
394,101679094,κατηγόρους,accusers,15,
395,101679095,",",",",15,
396,101679096,ἔπειτα,then,15,
397,101679097,δὲ,but,15,
398,101679098,πρὸς,against,15,
399,101679099,τὰ,the,15,
400,101679100,ὕστερον,later,15,
401,101679101,καὶ,and,15,
402,101679102,τοὺς,the,15,
403,101679103,ὑστέρους,later,15,
404,101679104,.,.,15,
405,101679105,ἐμοῦ,my,16,
406,101679106,γὰρ,for,16,
407,101679107,πολλοὶ,many,16,
408,101679108,κατήγοροι,accusers,16,
409,101679109,γεγόνασι,have become,16,
410,101679110,πρὸς,before,16,
411,101679111,ὑμᾶς,you,16,
412,101679112,καὶ,and,16,
413,101679113,πάλαι,long ago,16,
414,101679114,πολλὰ,many,16,
415,101679115,ἤδη,already,16,
416,101679116,ἔτη,years,16,
417,101679117,καὶ,and,16,
418,101679118,οὐδὲν,nothing,16,
419,101679119,ἀληθὲς,true,16,
420,101679120,λέγοντες,saying,16,
421,101679121,",",",",16,
422,101679122,οὓς,whom,16,
423,101679123,ἐγὼ,I,16,
424,101679124,μᾶλλον,more,16,
425,101679125,φοβοῦμαι,fear,16,
426,101679126,ἢ,than,16,
427,101679127,τοὺς,those,16,
428,101679128,ἀμφὶ,about,16,
429,101679129,Ἄνυτον,Anytus,16,
430,101679130,",",",",16,
431,101679131,καίπερ,although,16,
432,101679132,ὄντας,being,16,
433,101679133,καὶ,and,16,
434,101679134,τούτους,these,16,
435,101679135,δεινούς,fearsome,16,
436,101679136,.,.,16,
437,101679137,ἀλλ',But,17,
438,101679138,ἐκεῖνοι,those,17,
439,101679139,δεινότεροι,more dangerous,17,
440,101679140,",",",",17,
441,101679141,ὦ,O,17,
442,101679142,ἄνδρες,gentlemen,17,
443,101679143,",",",",17,
444,101679144,οἳ,those,17,
445,101679145,ὑμῶν,your,17,
446,101679146,τοὺς,the,17,
447,101679147,πολλοὺς,many,17,
448,101679148,ἐκ,from,17,
449,101679149,παίδων,children,17,
450,101679150,παραλαμβάνοντες,taking,17,
451,101679151,ἔπειθόν,persuaded,17,
452,101679152,τε,and,17,
453,101679153,καὶ,and,17,
454,101679154,κατηγόρουν,were accusing,17,
455,101679155,ἐμοῦ,of me,17,
456,101679156,μᾶλλον,more,17,
457,101679157,οὐδὲν,nothing,17,
458,101679158,ἀληθές,true,17,
459,101679159,",",",",17,
460,101679160,ὡς,as,17,
461,101679161,ἔστιν,is,17,
462,101679162,τις,a,17,
463,101679163,Σωκράτης,Socrates,17,
464,101679164,σοφὸς,wise,17,
465,101679165,ἀνήρ,man,17,
466,101679166,",",",",17,
467,101679167,τά,the,17,
468,101679168,τε,and,17,
469,101679169,μετέωρα,celestial,17,
470,101679170,φροντιστὴς,inquirer,17,
471,101679171,καὶ,and,17,
472,101679172,τὰ,the,17,
473,101679173,ὑπὸ,under,17,
474,101679174,γῆς,earth,17,
475,101679175,πάντα,everything,17,
476,101679176,ἀνεζητηκὼς,having investigated,17,
477,101679177,καὶ,and,17,
478,101679178,τὸν,the,17,
479,101679179,ἥττω,weaker,17,
480,101679180,λόγον,argument,17,
481,101679181,κρείττω,stronger,17,
482,101679182,ποιῶν,making,17,
483,101679183,.,.,17,
484,101679184,οὗτοι,these,18,
485,101679185,",",",",18,
486,101679186,ὦ,O,18,
487,101679187,ἄνδρες,men,18,
488,101679188,Ἀθηναῖοι,Athenians,18,
489,101679189,",",",",18,
490,101679190,οἱ,the,18,
491,101679191,ταύτην,this,18,
492,101679192,τὴν,this,18,
493,101679193,φήμην,report,18,
494,101679194,κατασκεδάσαντες,having spread,18,
495,101679195,",",",",18,
496,101679196,οἱ,the,18,
497,101679197,δεινοί,clever,18,
498,101679198,εἰσίν,are,18,
499,101679199,μου,my,18,
500,101679200,κατήγοροι,accusers,18,
501,101679201,.,.,18,
502,101679202,οἱ,those,19,
503,101679203,γὰρ,for,19,
504,101679204,ἀκούοντες,those hearing,19,
505,101679205,ἡγοῦνται,they think,19,
506,101679206,τοὺς,the,19,
507,101679207,ταῦτα,these things,19,
508,101679208,ζητοῦντας,those who seek,19,
509,101679209,οὐ,not,19,
510,101679210,-δὲ,indeed,19,
511,101679211,θεοὺς,gods,19,
512,101679212,νομίζειν,to believe,19,
513,101679213,.,.,19,
514,101679214,ἔπειτά,then,20,
515,101679215,εἰσιν,are,20,
516,101679216,οὗτοι,these,20,
517,101679217,οἱ,the,20,
518,101679218,κατήγοροι,accusers,20,
519,101679219,πολλοὶ,many,20,
520,101679220,καὶ,and,20,
521,101679221,πολὺν,much,20,
522,101679222,χρόνον,time,20,
523,101679223,ἤδη,already,20,
524,101679224,κατηγορηκότες,having accused,20,
525,101679225,",",",",20,
526,101679226,ἔτι,furthermore,20,
527,101679227,δὲ,but,20,
528,101679228,καὶ,even,20,
529,101679229,ἐν,in,20,
530,101679230,ταύτῃ,this,20,
531,101679231,τῇ,the,20,
532,101679232,ἡλικίᾳ,age,20,
533,101679233,λέγοντες,saying,20,
534,101679234,πρὸς,to,20,
535,101679235,ὑμᾶς,you,20,
536,101679236,ἐν,in,20,
537,101679237,ᾗ,which,20,
538,101679238,ἂν,would,20,
539,101679239,μάλιστα,most,20,
540,101679240,ἐπιστεύσατε,you trusted,20,
541,101679241,",",",",20,
542,101679242,παῖδες,children,20,
543,101679243,ὄντες,being,20,
544,101679244,ἔνιοι,some,20,
545,101679245,ὑμῶν,of you,20,
546,101679246,καὶ,and,20,
547,101679247,μειράκια,young men,20,
548,101679248,",",",",20,
549,101679249,ἀτεχνῶς,unskilfully,20,
550,101679250,ἐρήμην,desolate,20,
551,101679251,κατηγοροῦντες,accusing,20,
552,101679252,ἀπολογουμένου,of defending,20,
553,101679253,οὐδενός,of no one,20,
554,101679254,.,.,20,
555,101679255,ὃ,the,21,
556,101679256,δὲ,but,21,
557,101679257,πάντων,of all,21,
558,101679258,ἀλογώτατον,most unreasonable,21,
559,101679259,",",",",21,
560,101679260,ὅτι,that,21,
561,101679261,οὐ,not,21,
562,101679262,-δὲ,,21,
563,101679263,τὰ,the,21,
564,101679264,ὀνόματα,names,21,
565,101679265,οἷόν,possible,21,
566,101679266,τε,and,21,
567,101679267,αὐτῶν,their,21,
568,101679268,εἰδέναι,to know,21,
569,101679269,καὶ,and,21,
570,101679270,εἰπεῖν,to say,21,
571,101679271,",",",",21,
572,101679272,πλὴν,except,21,
573,101679273,εἴ,if,21,
574,101679274,τις,someone,21,
575,101679275,κωμῳδοποιὸς,comedian,21,
576,101679276,τυγχάνει,happens to be,21,
577,101679277,ὤν,being,21,
578,101679278,.,.,21,
579,101679279,ὅσοι,as many as,22,
580,101679280,δὲ,but,22,
581,101679281,φθόνῳ,envy,22,
582,101679282,καὶ,and,22,
583,101679283,διαβολῇ,slander,22,
584,101679284,χρώμενοι,using,22,
585,101679285,ὑμᾶς,you,22,
586,101679286,ἀνέπειθον,they persuaded,22,
587,101679287,—,—,22,
588,101679288,οἱ,those,22,
589,101679289,δὲ,but,22,
590,101679290,καὶ,and,22,
591,101679291,αὐτοὶ,themselves,22,
592,101679292,πεπεισμένοι,being persuaded,22,
593,101679293,ἄλλους,others,22,
594,101679294,πείθοντες,persuading,22,
595,101679295,—,—,22,
596,101679296,οὗτοι,these,22,
597,101679297,πάντες,all,22,
598,101679298,ἀπορώτατοί,most perplexing,22,
599,101679299,εἰσιν,are,22,
600,101679300,.,.,22,
601,101679301,οὐ,not,23,
602,101679302,-δὲ,also,23,
603,101679303,γὰρ,for,23,
604,101679304,ἀναβιβάσασθαι,to bring up,23,
605,101679305,οἷόν,possible,23,
606,101679306,τ’,and,23,
607,101679307,ἐστὶν,it is,23,
608,101679308,αὐτῶν,of them,23,
609,101679309,ἐνταυθοῖ,here,23,
610,101679310,οὐ,not,23,
611,101679311,-δ’,and,23,
612,101679312,ἐλέγξαι,to expose,23,
613,101679313,οὐδένα,anyone,23,
614,101679314,",",",",23,
615,101679315,ἀλλ’,but,23,
616,101679316,ἀνάγκη,necessity,23,
617,101679317,ἀτεχνῶς,unskillfully,23,
618,101679318,ὥσπερ,just as,23,
619,101679319,σκιαμαχεῖν,to fight with shadows,23,
620,101679320,ἀπολογούμενόν,defending,23,
621,101679321,τε,and,23,
622,101679322,καὶ,and,23,
623,101679323,ἐλέγχειν,to cross-examine,23,
624,101679324,μηδενὸς,of no one,23,
625,101679325,ἀποκρινομένου,answering,23,
626,101679326,.,.,23,
627,101679327,ἀξιώσατε,consider,24,
628,101679328,οὖν,then,24,
629,101679329,καὶ,and,24,
630,101679330,ὑμεῖς,you,24,
631,101679331,",",",",24,
632,101679332,ὥσπερ,just as,24,
633,101679333,ἐγὼ,I,24,
634,101679334,λέγω,say,24,
635,101679335,",",",",24,
636,101679336,διττούς,two,24,
637,101679337,μου,my,24,
638,101679338,τοὺς,the,24,
639,101679339,κατηγόρους,accusers,24,
640,101679340,γεγονέναι,to have become,24,
641,101679341,",",",",24,
642,101679342,ἑτέρους,other,24,
643,101679343,μὲν,on the one hand,24,
644,101679344,τοὺς,the,24,
645,101679345,ἄρτι,just now,24,
646,101679346,κατηγορήσαντας,having accused,24,
647,101679347,",",",",24,
648,101679348,ἑτέρους,others,24,
649,101679349,δὲ,but,24,
650,101679350,τοὺς,the,24,
651,101679351,πάλαι,long ago,24,
652,101679352,οὓς,whom,24,
653,101679353,ἐγὼ,I,24,
654,101679354,λέγω,I say,24,
655,101679355,",",",",24,
656,101679356,καὶ,and,24,
657,101679357,οἰήθητε,think,24,
658,101679358,δεῖν,to think,24,
659,101679359,πρὸς,to,24,
660,101679360,ἐκείνους,those,24,
661,101679361,πρῶτόν,first,24,
662,101679362,με,me,24,
663,101679363,ἀπολογήσασθαι,to defend myself,24,
664,101679364,.,.,24,
665,101679365,καὶ,for,25,
666,101679366,γὰρ,for,25,
667,101679367,ὑμεῖς,you,25,
668,101679368,ἐκείνων,of those,25,
669,101679369,πρότερον,earlier,25,
670,101679370,ἠκούσατε,you heard,25,
671,101679371,κατηγορούντων,accusing,25,
672,101679372,καὶ,and,25,
673,101679373,πολὺ,much,25,
674,101679374,μᾶλλον,more,25,
675,101679375,ἢ,than,25,
676,101679376,τῶνδε,these,25,
677,101679377,τῶν,of the,25,
678,101679378,ὕστερον,later,25,
679,101679379,.,.,25,
680,101679380,εἶεν,let there be,26,
681,101679381,.,.,26,
682,101679382,ἀπολογητέον,it must be defended,27,
683,101679383,δή,indeed,27,
684,101679384,",",",",27,
685,101679385,ὦ,O,27,
686,101679386,ἄνδρες,men,27,
687,101679387,Ἀθηναῖοι,Athenians,27,
688,101679388,",",",",27,
689,101679389,καὶ,and,27,
690,101679390,ἐπιχειρητέον,must attempt,27,
691,101679391,ὑμῶν,you,27,
692,101679392,ἐξελέσθαι,to remove,27,
693,101679393,τὴν,the,27,
694,101679394,διαβολὴν,defamation,27,
695,101679395,ἣν,which,27,
696,101679396,ὑμεῖς,you,27,
697,101679397,ἐν,in,27,
698,101679398,πολλῷ,much,27,
699,101679399,χρόνῳ,time,27,
700,101679400,ἔσχετε,have,27,
701,101679401,ταύτην,this,27,
702,101679402,ἐν,in,27,
703,101679403,οὕτως,so,27,
704,101679404,ὀλίγῳ,short,27,
705,101679405,χρόνῳ,time,27,
706,101679406,.,.,27,
707,101679407,βουλοίμην,I would wish,28,
708,101679408,μὲν,indeed,28,
709,101679409,οὖν,then,28,
710,101679410,ἂν,would,28,
711,101679411,τοῦτο,this,28,
712,101679412,οὕτως,so,28,
713,101679413,γενέσθαι,to become,28,
714,101679414,",",",",28,
715,101679415,εἴ,if,28,
716,101679416,τι,something,28,
717,101679417,ἄμεινον,better,28,
718,101679418,καὶ,and,28,
719,101679419,ὑμῖν,to you,28,
720,101679420,καὶ,and,28,
721,101679421,ἐμοί,for me,28,
722,101679422,",",",",28,
723,101679423,καὶ,and,28,
724,101679424,πλέον,more,28,
725,101679425,τί,something,28,
726,101679426,με,me,28,
727,101679427,ποιῆσαι,make,28,
728,101679428,ἀπολογούμενον,making a defense,28,
729,101679429,.,.,28,
730,101679430,οἶμαι,I think,29,
731,101679431,δὲ,but,29,
732,101679432,αὐτὸ,him,29,
733,101679433,χαλεπὸν,difficult,29,
734,101679434,εἶναι,to be,29,
735,101679435,",",",",29,
736,101679436,καὶ,and,29,
737,101679437,οὐ,not,29,
738,101679438,πάνυ,very,29,
739,101679439,με,me,29,
740,101679440,λανθάνει,escapes me,29,
741,101679441,οἷόν,such,29,
742,101679442,ἐστιν,is,29,
743,101679443,.,.,29,
744,101679444,ὅμως,however,30,
745,101679445,τοῦτο,this,30,
746,101679446,μὲν,indeed,30,
747,101679447,ἴτω,let it go,30,
748,101679448,ὅπῃ,wherever,30,
749,101679449,τῷ,the,30,
750,101679450,θεῷ,god,30,
751,101679451,φίλον,dear,30,
752,101679452,",",",",30,
753,101679453,τῷ,the,30,
754,101679454,δὲ,but,30,
755,101679455,νόμῳ,the law,30,
756,101679456,πειστέον,must be obeyed,30,
757,101679457,καὶ,and,30,
758,101679458,ἀπολογητέον,must be defended,30,
759,101679459,.,.,30,
760,101679460,ἀναλάβωμεν,let us take up,31,
761,101679461,οὖν,then,31,
762,101679462,ἐξ,from,31,
763,101679463,ἀρχῆς,beginning,31,
764,101679464,τίς,what,31,
765,101679465,ἡ,the,31,
766,101679466,κατηγορία,accusation,31,
767,101679467,ἐστὶν,is,31,
768,101679468,ἐξ,from,31,
769,101679469,ἧς,from which,31,
770,101679470,ἡ,the,31,
771,101679471,ἐμὴ,my,31,
772,101679472,διαβολὴ,slander,31,
773,101679473,γέγονεν,has occurred,31,
774,101679474,",",",",31,
775,101679475,ᾗ,him,31,
776,101679476,δὴ,indeed,31,
777,101679477,καὶ,and,31,
778,101679478,πιστεύων,trusting,31,
779,101679479,Μέλητός,Meletus,31,
780,101679480,με,me,31,
781,101679481,ἐγράψατο,indicted,31,
782,101679482,τὴν,the,31,
783,101679483,γραφὴν,indictment,31,
784,101679484,ταύτην,this,31,
785,101679485,.,.,31,
786,101679486,εἶεν,Let him be,32,
787,101679487,.,.,32,
788,101679488,τί,what,33,
789,101679489,δὴ,then,33,
790,101679490,λέγοντες,saying,33,
791,101679491,διέβαλλον,were slandered,33,
792,101679492,οἱ,the,33,
793,101679493,διαβάλλοντες,slandering,33,
794,101679494,;,;,33,
795,101679495,ὥσπερ,just as,34,
796,101679496,οὖν,therefore,34,
797,101679497,κατηγόρων,accusing,34,
798,101679498,τὴν,the,34,
799,101679499,ἀντωμοσίαν,oath,34,
800,101679500,δεῖ,it is necessary,34,
801,101679501,ἀναγνῶναι,to read aloud,34,
802,101679502,αὐτῶν,their,34,
803,101679503,.,.,34,
804,101679504,,,35,
805,101679505,Σωκράτης,Socrates,35,
806,101679506,ἀδικεῖ,does injustice,35,
807,101679507,καὶ,and,35,
808,101679508,περιεργάζεται,is busy investigating,35,
809,101679509,ζητῶν,seeking,35,
810,101679510,τά,the,35,
811,101679511,τε,and,35,
812,101679512,ὑπὸ,under,35,
813,101679513,γῆς,earth,35,
814,101679514,καὶ,and,35,
815,101679515,οὐράνια,heavenly,35,
816,101679516,καὶ,and,35,
817,101679517,τὸν,the,35,
818,101679518,ἥττω,weaker,35,
819,101679519,λόγον,argument,35,
820,101679520,κρείττω,stronger,35,
821,101679521,ποιῶν,making,35,
822,101679522,καὶ,and,35,
823,101679523,ἄλλους,others,35,
824,101679524,τα-,the,35,
825,101679525,ταὐτὰ,these,35,
826,101679526,ταῦτα,these,35,
827,101679527,διδάσκων,teaching,35,
828,101679528,,,35,
829,101679529,.,.,35,
830,101679530,τοιαύτη,such,36,
831,101679531,τίς,some,36,
832,101679532,ἐστιν,is,36,
833,101679533,.,.,36,
834,101679534,ταῦτα,these things,37,
835,101679535,γὰρ,for,37,
836,101679536,ἑωρᾶτε,you have seen,37,
837,101679537,καὶ,and,37,
838,101679538,αὐτοὶ,you,37,
839,101679539,ἐν,in,37,
840,101679540,τῇ,the,37,
841,101679541,Ἀριστοφάνους,Aristophanes',37,
842,101679542,κωμῳδίᾳ,comedy,37,
843,101679543,",",",",37,
844,101679544,Σωκράτη,Socrates,37,
845,101679545,τινὰ,a certain,37,
846,101679546,ἐκεῖ,there,37,
847,101679547,περιφερόμενον,going around,37,
848,101679548,",",",",37,
849,101679549,φάσκοντά,claiming,37,
850,101679550,τε,and,37,
851,101679551,ἀεροβατεῖν,to walk on air,37,
852,101679552,καὶ,and,37,
853,101679553,ἄλλην,other,37,
854,101679554,πολλὴν,much,37,
855,101679555,φλυαρίαν,nonsense,37,
856,101679556,φλυαροῦντα,babbling,37,
857,101679557,",",",",37,
858,101679558,ὧν,of which,37,
859,101679559,ἐγὼ,I,37,
860,101679560,οὐδὲν,nothing,37,
861,101679561,οὔ,not,37,
862,101679562,-τε,neither,37,
863,101679563,μέγα,great,37,
864,101679564,οὔ,not,37,
865,101679565,-τε,or,37,
866,101679566,μικρὸν,small,37,
867,101679567,πέρι,about,37,
868,101679568,ἐπαΐω,praise,37,
869,101679569,.,.,37,
870,101679570,καὶ,and,38,
871,101679571,οὐχ,not,38,
872,101679572,ὡς,as,38,
873,101679573,ἀτιμάζων,disparaging,38,
874,101679574,λέγω,I say,38,
875,101679575,τὴν,the,38,
876,101679576,τοιαύτην,such,38,
877,101679577,ἐπιστήμην,knowledge,38,
878,101679578,",",",",38,
879,101679579,εἴ,if,38,
880,101679580,τις,someone,38,
881,101679581,περὶ,about,38,
882,101679582,τῶν,of the,38,
883,101679583,τοιούτων,such,38,
884,101679584,σοφός,wise,38,
885,101679585,ἐστιν,is,38,
886,101679586,—,—,38,
887,101679587,μή,not,38,
888,101679588,πως,perhaps,38,
889,101679589,ἐγὼ,I,38,
890,101679590,ὑπὸ,by,38,
891,101679591,Μελήτου,of Meletus,38,
892,101679592,τοσαύτας,so many,38,
893,101679593,δίκας,trials,38,
894,101679594,φεύγοιμι,I might flee,38,
895,101679595,—,—,38,
896,101679596,ἀλλὰ,but,38,
897,101679597,γὰρ,for,38,
898,101679598,ἐμοὶ,to me,38,
899,101679599,τούτων,of these,38,
900,101679600,",",",",38,
901,101679601,ὦ,O,38,
902,101679602,ἄνδρες,men,38,
903,101679603,Ἀθηναῖοι,Athenians,38,
904,101679604,",",",",38,
905,101679605,οὐδὲν,nothing,38,
906,101679606,μέτεστιν,there is to,38,
907,101679607,.,.,38,
908,101679608,μάρτυρας,witnesses,39,
909,101679609,δὲ,but,39,
910,101679610,αὖ,for myself,39,
911,101679611,ὑμῶν,of you,39,
912,101679612,τοὺς,the,39,
913,101679613,πολλοὺς,many,39,
914,101679614,παρέχομαι,I provide,39,
915,101679615,",",",",39,
916,101679616,καὶ,and,39,
917,101679617,ἀξιῶ,I consider worthy,39,
918,101679618,ὑμᾶς,you,39,
919,101679619,ἀλλήλους,each other,39,
920,101679620,διδάσκειν,to teach,39,
921,101679621,τε,and,39,
922,101679622,καὶ,and,39,
923,101679623,φράζειν,to report,39,
924,101679624,",",",",39,
925,101679625,ὅσοι,as many as,39,
926,101679626,ἐμοῦ,of me,39,
927,101679627,πώποτε,ever,39,
928,101679628,ἀκηκόατε,you have heard,39,
929,101679629,διαλεγομένου,of conversing,39,
930,101679630,—,—,39,
931,101679631,πολλοὶ,many,39,
932,101679632,δὲ,but,39,
933,101679633,ὑμῶν,of you,39,
934,101679634,οἱ,those,39,
935,101679635,τοιοῦτοί,such,39,
936,101679636,εἰσιν,are,39,
937,101679637,—,—,39,
938,101679638,φράζετε,report,39,
939,101679639,οὖν,then,39,
940,101679640,ἀλλήλοις,to one another,39,
941,101679641,εἰ,if,39,
942,101679642,πώποτε,ever,39,
943,101679643,ἢ,or,39,
944,101679644,μικρὸν,little,39,
945,101679645,ἢ,or,39,
946,101679646,μέγα,much,39,
947,101679647,ἤκουσέ,heard,39,
948,101679648,τις,someone,39,
949,101679649,ὑμῶν,your,39,
950,101679650,ἐμοῦ,of me,39,
951,101679651,περὶ,about,39,
952,101679652,τῶν,of the,39,
953,101679653,τοιούτων,such,39,
954,101679654,διαλεγομένου,of conversing,39,
955,101679655,",",",",39,
956,101679656,καὶ,and,39,
957,101679657,ἐκ,from,39,
958,101679658,τούτου,this,39,
959,101679659,γνώσεσθε,you will know,39,
960,101679660,ὅτι,that,39,
961,101679661,τοιαῦτ’,such,39,
962,101679662,ἐστὶ,are,39,
963,101679663,καὶ,and,39,
964,101679664,τα-,the,39,
965,101679665,τἆλλα,other things,39,
966,101679666,περὶ,about,39,
967,101679667,ἐμοῦ,of me,39,
968,101679668,ἃ,what,39,
969,101679669,οἱ,the,39,
970,101679670,πολλοὶ,many,39,
971,101679671,λέγουσιν,say,39,
972,101679672,.,.,39,
973,101679673,ἀλλὰ,but,40,
974,101679674,γὰρ,for,40,
975,101679675,οὔ,not,40,
976,101679676,-τε,,40,
977,101679677,τούτων,of these,40,
978,101679678,οὐδέν,nothing,40,
979,101679679,ἐστιν,is,40,
980,101679680,",",",",40,
981,101679681,οὐ,not,40,
982,101679682,-δέ,but,40,
983,101679683,γ’,indeed,40,
984,101679684,εἴ,indeed,40,
985,101679685,τινος,someone,40,
986,101679686,ἀκηκόατε,you have heard,40,
987,101679687,ὡς,that,40,
988,101679688,ἐγὼ,I,40,
989,101679689,παιδεύειν,to educate,40,
990,101679690,ἐπιχειρῶ,attempt,40,
991,101679691,ἀνθρώπους,men,40,
992,101679692,καὶ,and,40,
993,101679693,χρήματα,money,40,
994,101679694,πράττομαι,gain,40,
995,101679695,",",",",40,
996,101679696,οὐ,not,40,
997,101679697,-δὲ,not,40,
998,101679698,τοῦτο,this,40,
999,101679699,ἀληθές,true,40,
1000,101679700,.,.,40,
1001,101679701,ἐπεὶ,since,41,
1002,101679702,καὶ,and,41,
1003,101679703,τοῦτό,this,41,
1004,101679704,γέ,indeed,41,
1005,101679705,μοι,me,41,
1006,101679706,δοκεῖ,seems,41,
1007,101679707,καλὸν,noble,41,
1008,101679708,εἶναι,to be,41,
1009,101679709,",",",",41,
1010,101679710,εἴ,if,41,
1011,101679711,τις,if anyone,41,
1012,101679712,οἷός,able,41,
1013,101679713,τ’,and,41,
1014,101679714,εἴη,were,41,
1015,101679715,παιδεύειν,to educate,41,
1016,101679716,ἀνθρώπους,people,41,
1017,101679717,ὥσπερ,just as,41,
1018,101679718,,,41,Gorgias
1019,101679719,τε,and,41,
1020,101679720,ὁ,the,41,
1021,101679721,Λεοντῖνος,of Leontium,41,
1022,101679722,καὶ,and,41,
1023,101679723,Πρόδικος,Prodicus,41,
1024,101679724,ὁ,the,41,
1025,101679725,Κεῖος,of Ceos,41,
1026,101679726,καὶ,and,41,
1027,101679727,Ἱππίας,Hippias,41,
1028,101679728,ὁ,the,41,
1029,101679729,Ἠλεῖος,the Heliopolitan,41,
1030,101679730,.,.,41,
1031,101679731,τούτων,these,42,
1032,101679732,γὰρ,for,42,
1033,101679733,ἕκαστος,each,42,
1034,101679734,",",",",42,
1035,101679735,ὦ,oh,42,
1036,101679736,ἄνδρες,men,42,
1037,101679737,",",",",42,
1038,101679738,οἷός,such,42,
1039,101679739,τ',and,42,
1040,101679740,ἐστὶν,is,42,
1041,101679741,ἰὼν,going,42,
1042,101679742,εἰς,into,42,
1043,101679743,ἑκάστην,every,42,
1044,101679744,τῶν,of the,42,
1045,101679745,πόλεων,cities,42,
1046,101679746,τοὺς,the,42,
1047,101679747,νέους,young,42,
1048,101679748,—,—,42,
1049,101679749,οἷς,whom,42,
1050,101679750,ἔξεστι,it is possible,42,
1051,101679751,τῶν,of the,42,
1052,101679752,ἑαυτῶν,their own,42,
1053,101679753,πολιτῶν,citizens',42,
1054,101679754,προῖκα,freely,42,
1055,101679755,συνεῖναι,to have sex with,42,
1056,101679756,ᾧ,whom,42,
1057,101679757,ἂν,if,42,
1058,101679758,βούλωνται,wish,42,
1059,101679759,—,—,42,
1060,101679760,τούτους,these,42,
1061,101679761,πείθουσι,persuade,42,
1062,101679762,τὰς,the,42,
1063,101679763,ἐκείνων,their,42,
1064,101679764,συνουσίας,associations,42,
1065,101679765,ἀπολιπόντας,abandoning,42,
1066,101679766,σφίσιν,them,42,
1067,101679767,συνεῖναι,to associate,42,
1068,101679768,χρήματα,money,42,
1069,101679769,διδόντας,giving,42,
1070,101679770,καὶ,and,42,
1071,101679771,χάριν,gratitude,42,
1072,101679772,προσειδέναι,to look for,42,
1073,101679773,.,.,42,
1074,101679774,ἐπεὶ,since,43,
1075,101679775,καὶ,also,43,
1076,101679776,ἄλλος,another,43,
1077,101679777,ἀνήρ,man,43,
1078,101679778,ἐστι,is,43,
1079,101679779,Πάριος,a Parian,43,
1080,101679780,ἐνθάδε,here,43,
1081,101679781,σοφὸς,wise,43,
1082,101679782,ὃν,who,43,
1083,101679783,ἐγὼ,I,43,
1084,101679784,ᾐσθόμην,had heard,43,
1085,101679785,ἐπιδημοῦντα,staying,43,
1086,101679786,.,.,43,
1087,101679787,ἔτυχον,I met,44,
1088,101679788,γὰρ,for,44,
1089,101679789,προσελθὼν,having approached,44,
1090,101679790,ἀνδρὶ,man,44,
1091,101679791,ὃς,who,44,
1092,101679792,τετέλεκε,has earned,44,
1093,101679793,χρήματα,money,44,
1094,101679794,σοφισταῖς,to sophists,44,
1095,101679795,πλείω,more,44,
1096,101679796,ἢ,than,44,
1097,101679797,σύμπαντες,all,44,
1098,101679798,οἱ,the,44,
1099,101679799,ἄλλοι,others,44,
1100,101679800,",",",",44,
1101,101679801,Καλλίᾳ,Callias,44,
1102,101679802,τῷ,son of,44,
1103,101679803,Ἱππονίκου,Hipponicus',44,
1104,101679804,.,.,44,
1105,101679805,τοῦτον,this,45,
1106,101679806,οὖν,therefore,45,
1107,101679807,ἀνηρόμην,I asked,45,
1108,101679808,—,—,45,
1109,101679809,ἐστὸν,let it be,45,
1110,101679810,γὰρ,for,45,
1111,101679811,αὐτῷ,him,45,
1112,101679812,δύο,two,45,
1113,101679813,ὑεῖ,sons,45,
1114,101679814,—,—,45,
1115,101679815,,,45,
1116,101679816,ὦ,O,45,
1117,101679817,Καλλία,Callias,45,
1118,101679818,",",",",45,
1119,101679819, , ,45,
1120,101679820,ἦν,said,45,
1121,101679821,δ’,and,45,
1122,101679822,ἐγώ,I,45,
1123,101679823,",",",",45,
1124,101679824,,,45,
1125,101679825,εἰ,if,45,
1126,101679826,μέν,indeed,45,
1127,101679827,σου,your,45,
1128,101679828,τὼ,the,45,
1129,101679829,ὑεῖ,son,45,
1130,101679830,πώλω,colt,45,
1131,101679831,ἢ,or,45,
1132,101679832,μόσχω,calf,45,
1133,101679833,ἐγενέσθην,became,45,
1134,101679834,",",",",45,
1135,101679835,εἴχομεν,we would have,45,
1136,101679836,ἂν,would,45,
1137,101679837,αὐτοῖν,them,45,
1138,101679838,ἐπιστάτην,supervisor,45,
1139,101679839,λαβεῖν,to take,45,
1140,101679840,καὶ,and,45,
1141,101679841,μισθώσασθαι,to hire,45,
1142,101679842,ὃς,who,45,
1143,101679843,ἔμελλεν,was about to,45,
1144,101679844,αὐτὼ,him,45,
1145,101679845,καλώ,fine,45,
1146,101679846,τε,and,45,
1147,101679847,κα-,and,45,
1148,101679848,κἀγαθὼ,good,45,
1149,101679849,ποιήσειν,to make,45,
1150,101679850,τὴν,the,45,
1151,101679851,προσήκουσαν,appropriate,45,
1152,101679852,ἀρετήν,virtue,45,
1153,101679853,",",",",45,
1154,101679854,ἦν,were,45,
1155,101679855,δ’,and,45,
1156,101679856,ἂν,would,45,
1157,101679857,οὗτος,he,45,
1158,101679858,ἢ,is,45,
1159,101679859,τῶν,of the,45,
1160,101679860,ἱππικῶν,horse-breeding,45,
1161,101679861,τις,someone,45,
1162,101679862,ἢ,or,45,
1163,101679863,τῶν,of the,45,
1164,101679864,γεωργικῶν,agricultural,45,
1165,101679865,.,.,45,
1166,101679866,νῦν,now,46,
1167,101679867,δ’,but,46,
1168,101679868,ἐπειδὴ,now that,46,
1169,101679869,ἀνθρώπω,to a man,46,
1170,101679870,ἐστόν,is,46,
1171,101679871,",",",",46,
1172,101679872,τίνα,which,46,
1173,101679873,αὐτοῖν,them,46,
1174,101679874,ἐν,in,46,
1175,101679875,νῷ,mind,46,
1176,101679876,ἔχεις,have,46,
1177,101679877,ἐπιστάτην,overseer,46,
1178,101679878,λαβεῖν,to take,46,
1179,101679879,;,;,46,
1180,101679880,τίς,who,47,
1181,101679881,τῆς,the,47,
1182,101679882,τοιαύτης,such,47,
1183,101679883,ἀρετῆς,virtue,47,
1184,101679884,",",",",47,
1185,101679885,τῆς,the,47,
1186,101679886,ἀνθρωπίνης,human,47,
1187,101679887,τε,and,47,
1188,101679888,καὶ,and,47,
1189,101679889,πολιτικῆς,political,47,
1190,101679890,",",",",47,
1191,101679891,ἐπιστήμων,knowing,47,
1192,101679892,ἐστίν,is,47,
1193,101679893,;,?,47,
1194,101679894,οἶμαι,I think,48,
1195,101679895,γάρ,for,48,
1196,101679896,σε,you,48,
1197,101679897,ἐσκέφθαι,to have considered,48,
1198,101679898,διὰ,through,48,
1199,101679899,τὴν,the,48,
1200,101679900,τῶν,of the,48,
1201,101679901,ὑέων,of sons,48,
1202,101679902,κτῆσιν,acquisition,48,
1203,101679903,.,.,48,
1204,101679904,ἔστιν,there is,49,
1205,101679905,τις,someone,49,
1206,101679906,",",",",49,
1207,101679907,,,49,
1208,101679908,ἔφην,I said,49,
1209,101679909,ἐγώ,I,49,
1210,101679910,",",",",49,
1211,101679911,,,49,
1212,101679912,ἢ,or,49,
1213,101679913,οὔ,not,49,
1214,101679914,,,49,
1215,101679915,;,;,49,
1216,101679916,,,50,
1217,101679917,πάνυ,very,50,
1218,101679918,γε,indeed,50,
1219,101679919,",",",",50,
1220,101679920,,,50,
1221,101679921,ἦ,was,50,
1222,101679922,δ’,but,50,
1223,101679923,ὅς,who,50,
1224,101679924,.,.,50,
1225,101679925,,,51,
1226,101679926,τίς,who,51,
1227,101679927,",",",",51,
1228,101679928,,,51,
1229,101679929,ἦν,was,51,
1230,101679930,δ’,but,51,
1231,101679931,ἐγώ,I,51,
1232,101679932,",",",",51,
1233,101679933,,,51,
1234,101679934,καὶ,and,51,
1235,101679935,ποδαπός,of what sort,51,
1236,101679936,",",",",51,
1237,101679937,καὶ,and,51,
1238,101679938,πόσου,how much,51,
1239,101679939,διδάσκει,teaches,51,
1240,101679940,,,51,
1241,101679941,;,;,51,
1242,101679942,,,52,
1243,101679943,Εὔηνος,Euenus,52,
1244,101679944,",",",",52,
1245,101679945,,,52,
1246,101679946,ἔφη,said,52,
1247,101679947,",",",",52,
1248,101679948, ,,52,
1249,101679949,ὦ,O,52,
1250,101679950,Σώκρατες,Socrates,52,
1251,101679951,",",",",52,
1252,101679952,Πάριος,a Parian,52,
1253,101679953,",",",",52,
1254,101679954,πέντε,five,52,
1255,101679955,μνῶν,mina,52,
1256,101679956,,,52,
1257,101679957,.,.,52,
1258,101679958,καὶ,and,53,
1259,101679959,ἐγὼ,I,53,
1260,101679960,τὸν,the,53,
1261,101679961,Εὔηνον,Euthyphro,53,
1262,101679962,ἐμακάρισα,I blessed,53,
1263,101679963,εἰ,that,53,
1264,101679964,ὡς,how,53,
1265,101679965,ἀληθῶς,truly,53,
1266,101679966,ἔχοι,had,53,
1267,101679967,ταύτην,this,53,
1268,101679968,τὴν,the,53,
1269,101679969,τέχνην,art,53,
1270,101679970,καὶ,and,53,
1271,101679971,οὕτως,thus,53,
1272,101679972,ἐμμελῶς,harmoniously,53,
1273,101679973,διδάσκει,teaches,53,
1274,101679974,.,.,53,
1275,101679975,ἐγὼ,I,54,
1276,101679976,γοῦν,then,54,
1277,101679977,καὶ,and,54,
1278,101679978,αὐτὸς,I myself,54,
1279,101679979,ἐκαλλυνόμην,I was beautifying,54,
1280,101679980,τε,and,54,
1281,101679981,καὶ,and,54,
1282,101679982,ἡβρυνόμην,I degraded,54,
1283,101679983,ἂν,would,54,
1284,101679984,εἰ,if,54,
1285,101679985,ἠπιστάμην,I knew,54,
1286,101679986,ταῦτα,these things,54,
1287,101679987,.,.,54,
1288,101679988,ἀλλ’,but,55,
1289,101679989,οὐ,not,55,
1290,101679990,γὰρ,for,55,
1291,101679991,ἐπίσταμαι,I know,55,
1292,101679992,",",",",55,
1293,101679993,ὦ,O,55,
1294,101679994,ἄνδρες,men,55,
1295,101679995,Ἀθηναῖοι,Athenians,55,
1296,101679996,.,.,55,
1297,101679997,ὑπολάβοι,suppose,56,
1298,101679998,ἂν,an,56,
1299,101679999,οὖν,then,56,
1300,101680000,τις,someone,56,
1301,101680001,ὑμῶν,your,56,
1302,101680002,ἴσως,perhaps,56,
1303,101680003,.,.,56,
1304,101680004,ἀλλ',But,57,
1305,101680005,ἀλλ’,but,57,
1306,101680006,",",",",57,
1307,101680007,ὦ,O,57,
1308,101680008,Σώκρατες,Socrates,57,
1309,101680009,",",",",57,
1310,101680010,τὸ,your,57,
1311,101680011,σὸν,your,57,
1312,101680012,τί,what,57,
1313,101680013,ἐστι,is,57,
1314,101680014,πρᾶγμα,matter,57,
1315,101680015,;,.,57,
1316,101680016,πόθεν,from where,58,
1317,101680017,αἱ,the,58,
1318,101680018,διαβολαί,calumnies,58,
1319,101680019,σοι,to you,58,
1320,101680020,αὗται,these,58,
1321,101680021,γεγόνασιν,have come to be,58,
1322,101680022,;,?,58,
1323,101680023,οὐ,not,59,
1324,101680024,γὰρ,for,59,
1325,101680025,δήπου,surely,59,
1326,101680026,σοῦ,your,59,
1327,101680027,γε,,59,
1328,101680028,οὐδὲν,nothing,59,
1329,101680029,τῶν,of the,59,
1330,101680030,ἄλλων,other,59,
1331,101680031,περιττότερον,more excellent,59,
1332,101680032,πραγματευομένου,practicing,59,
1333,101680033,ἔπειτα,then,59,
1334,101680034,τοσαύτη,so great,59,
1335,101680035,φήμη,report,59,
1336,101680036,τε,and,59,
1337,101680037,καὶ,and,59,
1338,101680038,λόγος,account,59,
1339,101680039,γέγονεν,has arisen,59,
1340,101680040,",",",",59,
1341,101680041,εἰ,if,59,
1342,101680042,μή,not,59,
1343,101680043,τι,something,59,
1344,101680044,ἔπραττες,were doing,59,
1345,101680045,ἀλλοῖον,different,59,
1346,101680046,ἢ,than,59,
1347,101680047,οἱ,the,59,
1348,101680048,πολλοί,many,59,
1349,101680049,.,.,59,
1350,101680050,λέγε,speak,60,
1351,101680051,οὖν,therefore,60,
1352,101680052,ἡμῖν,us,60,
1353,101680053,τί,something,60,
1354,101680054,ἐστιν,is,60,
1355,101680055,",",",",60,
1356,101680056,ἵνα,so that,60,
1357,101680057,μὴ,not,60,
1358,101680058,ἡμεῖς,we,60,
1359,101680059,περὶ,about,60,
1360,101680060,σοῦ,of you,60,
1361,101680061,αὐτοσχεδιάζωμεν,improvise,60,
1362,101680062,,,60,
1363,101680063,.,.,60,
1364,101680064,ταυτί,this,61,
1365,101680065,μοι,to me,61,
1366,101680066,δοκεῖ,it seems,61,
1367,101680067,δίκαια,just,61,
1368,101680068,λέγειν,to say,61,
1369,101680069,ὁ,the,61,
1370,101680070,λέγων,saying,61,
1371,101680071,",",",",61,
1372,101680072,κα-,and,61,
1373,101680073,κἀγὼ,and I,61,
1374,101680074,ὑμῖν,to you,61,
1375,101680075,πειράσομαι,I will try,61,
1376,101680076,ἀποδεῖξαι,to prove,61,
1377,101680077,τί,something,61,
1378,101680078,ποτ',ever,61,
1379,101680079,ἐστὶν,is,61,
1380,101680080,τοῦτο,this,61,
1381,101680081,ὃ,what,61,
1382,101680082,ἐμοὶ,to me,61,
1383,101680083,πεποίηκεν,has done,61,
1384,101680084,τό,the,61,
1385,101680085,τε,and,61,
1386,101680086,ὄνομα,name,61,
1387,101680087,καὶ,and,61,
1388,101680088,τὴν,the,61,
1389,101680089,διαβολήν,calumny,61,
1390,101680090,.,.,61,
1391,101680091,ἀκούετε,hear,62,
1392,101680092,δή,now,62,
1393,101680093,.,.,62,
1394,101680094,καὶ,and,63,
1395,101680095,ἴσως,perhaps,63,
1396,101680096,μὲν,indeed,63,
1397,101680097,δόξω,I shall seem,63,
1398,101680098,τισὶν,to some,63,
1399,101680099,ὑμῶν,your,63,
1400,101680100,παίζειν,to play,63,
1401,101680101,.,.,63,
1402,101680102,εὖ,well,64,
1403,101680103,μέντοι,but,64,
1404,101680104,ἴστε,you know,64,
1405,101680105,",",",",64,
1406,101680106,πᾶσαν,all,64,
1407,101680107,ὑμῖν,you,64,
1408,101680108,τὴν,the,64,
1409,101680109,ἀλήθειαν,truth,64,
1410,101680110,ἐρῶ,speak,64,
1411,101680111,.,.,64,
1412,101680112,ἐγὼ,I,65,
1413,101680113,γάρ,for,65,
1414,101680114,",",",",65,
1415,101680115,ὦ,O,65,
1416,101680116,ἄνδρες,men,65,
1417,101680117,Ἀθηναῖοι,Athenians,65,
1418,101680118,",",",",65,
1419,101680119,δι’,because of,65,
1420,101680120,οὐδὲν,nothing,65,
1421,101680121,ἀλλ’,except,65,
1422,101680122,ἢ,than,65,
1423,101680123,διὰ,through,65,
1424,101680124,σοφίαν,wisdom,65,
1425,101680125,τινὰ,some,65,
1426,101680126,τοῦτο,this,65,
1427,101680127,τὸ,the,65,
1428,101680128,ὄνομα,name,65,
1429,101680129,ἔσχηκα,have,65,
1430,101680130,.,.,65,
1431,101680131,ποίαν,what,66,
1432,101680132,δὴ,indeed,66,
1433,101680133,σοφίαν,wisdom,66,
1434,101680134,ταύτην,this,66,
1435,101680135,;,?,66,
1436,101680136,ἥπερ,which,67,
1437,101680137,ἐστὶν,is,67,
1438,101680138,ἴσως,perhaps,67,
1439,101680139,ἀνθρωπίνη,human,67,
1440,101680140,σοφία,wisdom,67,
1441,101680141,.,.,67,
1442,101680142,τῷ,the,68,
1443,101680143,ὄντι,indeed,68,
1444,101680144,γὰρ,for,68,
1445,101680145,κινδυνεύω,I am in danger,68,
1446,101680146,ταύτην,this,68,
1447,101680147,εἶναι,to be,68,
1448,101680148,σοφός,wise,68,
1449,101680149,.,.,68,
1450,101680150,οὗτοι,these,69,
1451,101680151,δὲ,but,69,
1452,101680152,τάχ’,quickly,69,
1453,101680153,ἄν,would,69,
1454,101680154,",",",",69,
1455,101680155,οὓς,whom,69,
1456,101680156,ἄρτι,just now,69,
1457,101680157,ἔλεγον,said,69,
1458,101680158,",",",",69,
1459,101680159,μείζω,greater,69,
1460,101680160,τινὰ,a certain,69,
1461,101680161,ἢ,than,69,
1462,101680162,κατ’,according to,69,
1463,101680163,ἄνθρωπον,human,69,
1464,101680164,σοφίαν,wisdom,69,
1465,101680165,σοφοὶ,wise,69,
1466,101680166,εἶεν,would be,69,
1467,101680167,",",",",69,
1468,101680168,ἢ,or,69,
1469,101680169,οὐκ,not,69,
1470,101680170,ἔχω,I have,69,
1471,101680171,τί,anything,69,
1472,101680172,λέγω,say,69,
1473,101680173,.,.,69,
1474,101680174,οὐ,not,70,
1475,101680175,γὰρ,for,70,
1476,101680176,δὴ,indeed,70,
1477,101680177,ἔγωγε,I,70,
1478,101680178,αὐτὴν,it,70,
1479,101680179,ἐπίσταμαι,I know,70,
1480,101680180,",",",",70,
1481,101680181,ἀλλ’,but,70,
1482,101680182,ὅστις,whoever,70,
1483,101680183,φησὶ,says,70,
1484,101680184,ψεύδεταί,lies,70,
1485,101680185,τε,and,70,
1486,101680186,καὶ,and,70,
1487,101680187,ἐπὶ,against,70,
1488,101680188,διαβολῇ,slander,70,
1489,101680189,τῇ,the,70,
1490,101680190,ἐμῇ,my,70,
1491,101680191,λέγει,says,70,
1492,101680192,.,.,70,
1493,101680193,καί,and,71,
1494,101680194,μοι,me,71,
1495,101680195,",",",",71,
1496,101680196,ὦ,O,71,
1497,101680197,ἄνδρες,men,71,
1498,101680198,Ἀθηναῖοι,Athenians,71,
1499,101680199,",",",",71,
1500,101680200,μὴ,not,71,
1501,101680201,θορυβήσητε,make a disturbance,71,
1502,101680202,",",",",71,
1503,101680203,μη,not,71,
1504,101680204,-δ’,and,71,
1505,101680205,ἐὰν,if,71,
1506,101680206,δόξω,seem,71,
1507,101680207,τι,something,71,
1508,101680208,ὑμῖν,to you,71,
1509,101680209,μέγα,much,71,
1510,101680210,λέγειν,to say,71,
1511,101680211,.,.,71,
1512,101680212,οὐ,for,72,
1513,101680213,γὰρ,for,72,
1514,101680214,ἐμὸν,my,72,
1515,101680215,ἐρῶ,speak,72,
1516,101680216,τὸν,the,72,
1517,101680217,λόγον,argument,72,
1518,101680218,ὃν,which,72,
1519,101680219,ἂν,would,72,
1520,101680220,λέγω,speak,72,
1521,101680221,",",",",72,
1522,101680222,ἀλλ’,but,72,
1523,101680223,εἰς,into,72,
1524,101680224,ἀξιόχρεων,worthy,72,
1525,101680225,ὑμῖν,you,72,
1526,101680226,τὸν,the,72,
1527,101680227,λέγοντα,speaking,72,
1528,101680228,ἀνοίσω,I will reveal,72,
1529,101680229,.,.,72,
1530,101680230,τῆς,of,73,
1531,101680231,γὰρ,for,73,
1532,101680232,ἐμῆς,my,73,
1533,101680233,",",",",73,
1534,101680234,εἰ,if,73,
1535,101680235,δή,indeed,73,
1536,101680236,τίς,any,73,
1537,101680237,ἐστιν,is,73,
1538,101680238,σοφία,wisdom,73,
1539,101680239,καὶ,and,73,
1540,101680240,οἵα,such,73,
1541,101680241,",",",",73,
1542,101680242,μάρτυρα,witness,73,
1543,101680243,ὑμῖν,to you,73,
1544,101680244,παρέξομαι,will provide,73,
1545,101680245,τὸν,the,73,
1546,101680246,θεὸν,god,73,
1547,101680247,τὸν,the,73,
1548,101680248,ἐν,in,73,
1549,101680249,Δελφοῖς,at Delphi,73,
1550,101680250,.,.,73,
1551,101680251,Χαιρεφῶντα,Chaerephon,74,
1552,101680252,γὰρ,for,74,
1553,101680253,ἴστε,you know,74,
1554,101680254,που,probably,74,
1555,101680255,.,.,74,
1556,101680256,οὗτος,this,75,
1557,101680257,ἐμός,my,75,
1558,101680258,τε,and,75,
1559,101680259,ἑταῖρος,friend,75,
1560,101680260,ἦν,was,75,
1561,101680261,ἐκ,from,75,
1562,101680262,νέου,from youth,75,
1563,101680263,καὶ,and,75,
1564,101680264,ὑμῶν,of you,75,
1565,101680265,τῷ,the,75,
1566,101680266,πλήθει,multitude,75,
1567,101680267,ἑταῖρός,friend,75,
1568,101680268,τε,and,75,
1569,101680269,καὶ,and,75,
1570,101680270,συνέφυγε,fled with,75,
1571,101680271,τὴν,the,75,
1572,101680272,φυγὴν,exile,75,
1573,101680273,ταύτην,this,75,
1574,101680274,καὶ,and,75,
1575,101680275,μεθ’,with,75,
1576,101680276,ὑμῶν,of you,75,
1577,101680277,κατῆλθε,came down,75,
1578,101680278,.,.,75,
1579,101680279,καὶ,and,76,
1580,101680280,ἴστε,you know,76,
1581,101680281,δὴ,indeed,76,
1582,101680282,οἷος,what kind of,76,
1583,101680283,ἦν,was,76,
1584,101680284,Χαιρεφῶν,Chaerephon,76,
1585,101680285,",",",",76,
1586,101680286,ὡς,how,76,
1587,101680287,σφοδρὸς,violent,76,
1588,101680288,ἐφ',upon,76,
1589,101680289,ὅτι,how much,76,
1590,101680290,ὁρμήσειεν,might charge,76,
1591,101680291,.,.,76,
1592,101680292,καὶ,and,77,
1593,101680293,δή,indeed,77,
1594,101680294,ποτε,once,77,
1595,101680295,καὶ,and,77,
1596,101680296,εἰς,to,77,
1597,101680297,Δελφοὺς,to Delphi,77,
1598,101680298,ἐλθὼν,coming,77,
1599,101680299,ἐτόλμησε,dared,77,
1600,101680300,τοῦτο,this,77,
1601,101680301,μαντεύσασθαι,to inquire of the oracle,77,
1602,101680302,—,—,77,
1603,101680303,καί,and,77,
1604,101680304,",",",",77,
1605,101680305,ὅπερ,which,77,
1606,101680306,λέγω,say,77,
1607,101680307,",",",",77,
1608,101680308,μὴ,not,77,
1609,101680309,θορυβεῖτε,be disturbed,77,
1610,101680310,",",",",77,
1611,101680311,ὦ,O,77,
1612,101680312,ἄνδρες,gentlemen,77,
1613,101680313,—,—,77,
1614,101680314,ἤρετο,asked,77,
1615,101680315,γὰρ,for,77,
1616,101680316,δὴ,indeed,77,
1617,101680317,εἴ,whether,77,
1618,101680318,τις,someone,77,
1619,101680319,ἐμοῦ,than me,77,
1620,101680320,εἴη,were,77,
1621,101680321,σοφώτερος,wiser,77,
1622,101680322,.,.,77,
1623,101680323,ἀνεῖλεν,declared,78,
1624,101680324,οὖν,therefore,78,
1625,101680325,ἡ,the,78,
1626,101680326,Πυθία,the Pythia,78,
1627,101680327,μηδένα,no one,78,
1628,101680328,σοφώτερον,wiser,78,
1629,101680329,εἶναι,to be,78,
1630,101680330,.,.,78,
1631,101680331,καὶ,and,79,
1632,101680332,τούτων,these,79,
1633,101680333,πέρι,about,79,
1634,101680334,ὁ,the,79,
1635,101680335,ἀδελφὸς,brother,79,
1636,101680336,ὑμῖν,to you,79,
1637,101680337,αὐτοῦ,of him,79,
1638,101680338,οὑτοσὶ,this,79,
1639,101680339,μαρτυρήσει,will testify,79,
1640,101680340,",",",",79,
1641,101680341,ἐπειδὴ,since,79,
1642,101680342,ἐκεῖνος,that one,79,
1643,101680343,τετελεύτηκεν,has died,79,
1644,101680344,.,.,79,
1645,101680345,σκέψασθε,consider,80,
1646,101680346,δὴ,then,80,
1647,101680347,ὧν,of which,80,
1648,101680348,ἕνεκα,for the sake of,80,
1649,101680349,ταῦτα,these things,80,
1650,101680350,λέγω,say,80,
1651,101680351,.,.,80,
1652,101680352,μέλλω,I am about to,81,
1653,101680353,γὰρ,for,81,
1654,101680354,ὑμᾶς,you,81,
1655,101680355,διδάξειν,to teach,81,
1656,101680356,ὅθεν,from where,81,
1657,101680357,μοι,my,81,
1658,101680358,ἡ,the,81,
1659,101680359,διαβολὴ,slander,81,
1660,101680360,γέγονεν,has arisen,81,
1661,101680361,.,.,81,
1662,101680362,ταῦτα,these,82,
1663,101680363,γὰρ,for,82,
1664,101680364,ἐγὼ,I,82,
1665,101680365,ἀκούσας,having heard,82,
1666,101680366,ἐνεθυμούμην,I was considering,82,
1667,101680367,οὑτωσί,in this way,82,
1668,101680368,.,.,82,
1669,101680369,,What,83,
1670,101680370,τί,what,83,
1671,101680371,ποτε,ever,83,
1672,101680372,λέγει,says,83,
1673,101680373,ὁ,the,83,
1674,101680374,θεός,God,83,
1675,101680375,",",",",83,
1676,101680376,καὶ,and,83,
1677,101680377,τί,what,83,
1678,101680378,ποτε,ever,83,
1679,101680379,αἰνίττεται,hints,83,
1680,101680380,;,?,83,
1681,101680381,ἐγὼ,I,84,
1682,101680382,γὰρ,for,84,
1683,101680383,δὴ,indeed,84,
1684,101680384,οὔ,not,84,
1685,101680385,-τε,-te,84,
1686,101680386,μέγα,great,84,
1687,101680387,οὔ,not,84,
1688,101680388,-τε,and,84,
1689,101680389,σμικρὸν,small,84,
1690,101680390,σύνοιδα,I know,84,
1691,101680391,ἐμαυτῷ,to myself,84,
1692,101680392,σοφὸς,wise,84,
1693,101680393,ὤν,being,84,
1694,101680394,.,.,84,
1695,101680395,τί,what,85,
1696,101680396,οὖν,therefore,85,
1697,101680397,ποτε,ever,85,
1698,101680398,λέγει,says,85,
1699,101680399,φάσκων,saying,85,
1700,101680400,ἐμὲ,me,85,
1701,101680401,σοφώτατον,wisest,85,
1702,101680402,εἶναι,to be,85,
1703,101680403,;,;,85,
1704,101680404,οὐ,not,86,
1705,101680405,γὰρ,for,86,
1706,101680406,δήπου,surely,86,
1707,101680407,ψεύδεταί,is lying,86,
1708,101680408,γε,indeed,86,
1709,101680409,.,.,86,
1710,101680410,οὐ,not,87,
1711,101680411,γὰρ,for,87,
1712,101680412,θέμις,it is right,87,
1713,101680413,αὐτῷ,him,87,
1714,101680414,,,87,
1715,101680415,.,.,87,
1716,101680416,καὶ,and,88,
1717,101680417,πολὺν,much,88,
1718,101680418,μὲν,indeed,88,
1719,101680419,χρόνον,time,88,
1720,101680420,ἠπόρουν,I was at a loss,88,
1721,101680421,τί,what,88,
1722,101680422,ποτε,ever,88,
1723,101680423,λέγει,saying,88,
1724,101680424,.,.,88,
1725,101680425,ἔπειτα,then,89,
1726,101680426,μόγις,with difficulty,89,
1727,101680427,πάνυ,very,89,
1728,101680428,ἐπὶ,toward,89,
1729,101680429,ζήτησιν,search,89,
1730,101680430,αὐτοῦ,his,89,
1731,101680431,τοιαύτην,such,89,
1732,101680432,τινὰ,some,89,
1733,101680433,ἐτραπόμην,I turned,89,
1734,101680434,.,.,89,
1735,101680435,ἦλθον,I came,90,
1736,101680436,ἐπί,to,90,
1737,101680437,τινα,someone,90,
1738,101680438,τῶν,the,90,
1739,101680439,δοκούντων,seeming,90,
1740,101680440,σοφῶν,wise,90,
1741,101680441,εἶναι,to be,90,
1742,101680442,",",",",90,
1743,101680443,ὡς,as if,90,
1744,101680444,ἐνταῦθα,here,90,
1745,101680445,εἴπερ,if indeed,90,
1746,101680446,που,somewhere,90,
1747,101680447,ἐλέγξων,refuting,90,
1748,101680448,τὸ,the,90,
1749,101680449,μαντεῖον,oracle,90,
1750,101680450,καὶ,and,90,
1751,101680451,ἀποφανῶν,declaring,90,
1752,101680452,τῷ,the,90,
1753,101680453,χρησμῷ,oracle,90,
1754,101680454,ὅτι,that,90,
1755,101680455,,,90,
1756,101680456,οὑτοσὶ,he,90,
1757,101680457,ἐμοῦ,than me,90,
1758,101680458,σοφώτερός,wiser,90,
1759,101680459,ἐστι,is,90,
1760,101680460,",",",",90,
1761,101680461,σὺ,you,90,
1762,101680462,δ’,and,90,
1763,101680463,ἐμὲ,me,90,
1764,101680464,ἔφησθα,you said,90,
1765,101680465,,,90,
1766,101680466,.,.,90,
1767,101680467,διασκοπῶν,having examined,91,
1768,101680468,οὖν,therefore,91,
1769,101680469,τοῦτον,this,91,
1770,101680470,—,—,91,
1771,101680471,ὀνόματι,by name,91,
1772,101680472,γὰρ,for,91,
1773,101680473,οὐδὲν,nothing,91,
1774,101680474,δέομαι,need,91,
1775,101680475,λέγειν,to say,91,
1776,101680476,",",",",91,
1777,101680477,ἦν,if,91,
1778,101680478,δέ,but,91,
1779,101680479,τις,someone,91,
1780,101680480,τῶν,of the,91,
1781,101680481,πολιτικῶν,political,91,
1782,101680482,πρὸς,toward,91,
1783,101680483,ὃν,whom,91,
1784,101680484,ἐγὼ,I,91,
1785,101680485,σκοπῶν,examining,91,
1786,101680486,τοιοῦτόν,such,91,
1787,101680487,τι,something,91,
1788,101680488,ἔπαθον,suffered,91,
1789,101680489,",",",",91,
1790,101680490,ὦ,O,91,
1791,101680491,ἄνδρες,men,91,
1792,101680492,Ἀθηναῖοι,Athenians,91,
1793,101680493,",",",",91,
1794,101680494,καὶ,and,91,
1795,101680495,διαλεγόμενος,conversing,91,
1796,101680496,αὐτῷ,him,91,
1797,101680497,—,—,91,
1798,101680498,ἔδοξέ,it seemed,91,
1799,101680499,μοι,me,91,
1800,101680500,οὗτος,this,91,
1801,101680501,ὁ,the,91,
1802,101680502,ἀνὴρ,man,91,
1803,101680503,δοκεῖν,to seem,91,
1804,101680504,μὲν,indeed,91,
1805,101680505,εἶναι,to be,91,
1806,101680506,σοφὸς,wise,91,
1807,101680507,ἄλλοις,to others,91,
1808,101680508,τε,and,91,
1809,101680509,πολλοῖς,many,91,
1810,101680510,ἀνθρώποις,to other people,91,
1811,101680511,καὶ,and,91,
1812,101680512,μάλιστα,especially,91,
1813,101680513,ἑαυτῷ,to himself,91,
1814,101680514,",",",",91,
1815,101680515,εἶναι,to be,91,
1816,101680516,δ’,but,91,
1817,101680517,οὔ,not,91,
1818,101680518,.,.,91,
1819,101680519,κα-,and,92,
1820,101680520,κἄπειτα,and afterwards,92,
1821,101680521,ἐπειρώμην,I tried,92,
1822,101680522,αὐτῷ,him,92,
1823,101680523,δεικνύναι,to show,92,
1824,101680524,ὅτι,that,92,
1825,101680525,οἴοιτο,he thought,92,
1826,101680526,μὲν,indeed,92,
1827,101680527,εἶναι,to be,92,
1828,101680528,σοφός,wise,92,
1829,101680529,",",",",92,
1830,101680530,εἴη,were,92,
1831,101680531,δ’,and,92,
1832,101680532,οὔ,not,92,
1833,101680533,.,.,92,
1834,101680534,ἐντεῦθεν,from this point,93,
1835,101680535,οὖν,therefore,93,
1836,101680536,τούτῳ,this,93,
1837,101680537,τε,and,93,
1838,101680538,ἀπηχθόμην,I was disgusted,93,
1839,101680539,καὶ,and,93,
1840,101680540,πολλοῖς,many,93,
1841,101680541,τῶν,of the,93,
1842,101680542,παρόντων,of those present,93,
1843,101680543,.,.,93,
1844,101680544,πρὸς,towards,94,
1845,101680545,ἐμαυτὸν,myself,94,
1846,101680546,δ’,but,94,
1847,101680547,οὖν,therefore,94,
1848,101680548,ἀπιὼν,going away,94,
1849,101680549,ἐλογιζόμην,I reasoned,94,
1850,101680550,ὅτι,that,94,
1851,101680551,τούτου,this,94,
1852,101680552,μὲν,indeed,94,
1853,101680553,τοῦ,of,94,
1854,101680554,ἀνθρώπου,man,94,
1855,101680555,ἐγὼ,I,94,
1856,101680556,σοφώτερός,wiser,94,
1857,101680557,εἰμι,am,94,
1858,101680558,.,.,94,
1859,101680559,κινδυνεύει,it seems likely,95,
1860,101680560,μὲν,indeed,95,
1861,101680561,γὰρ,for,95,
1862,101680562,ἡμῶν,our,95,
1863,101680563,οὐδέτερος,neither,95,
1864,101680564,οὐδὲν,nothing,95,
1865,101680565,καλὸν,noble,95,
1866,101680566,κα-,and,95,
1867,101680567,κἀγαθὸν,good,95,
1868,101680568,εἰδέναι,to know,95,
1869,101680569,",",",",95,
1870,101680570,ἀλλ’,but,95,
1871,101680571,οὗτος,that one,95,
1872,101680572,μὲν,on the one hand,95,
1873,101680573,οἴεταί,thinks,95,
1874,101680574,τι,something,95,
1875,101680575,εἰδέναι,to know,95,
1876,101680576,οὐκ,not,95,
1877,101680577,εἰδώς,not knowing,95,
1878,101680578,",",",",95,
1879,101680579,ἐγὼ,I,95,
1880,101680580,δέ,but,95,
1881,101680581,",",",",95,
1882,101680582,ὥσπερ,just as,95,
1883,101680583,οὖν,therefore,95,
1884,101680584,οὐκ,not,95,
1885,101680585,οἶδα,know,95,
1886,101680586,",",",",95,
1887,101680587,οὐ,not,95,
1888,101680588,-δὲ,but,95,
1889,101680589,οἴομαι,I think,95,
1890,101680590,.,.,95,
1891,101680591,ἔοικα,seem,96,
1892,101680592,γοῦν,therefore,96,
1893,101680593,τούτου,of this,96,
1894,101680594,γε,indeed,96,
1895,101680595,σμικρῷ,small,96,
1896,101680596,τινι,some,96,
1897,101680597,αὐτῷ,itself,96,
1898,101680598,τούτῳ,this,96,
1899,101680599,σοφώτερος,wiser,96,
1900,101680600,εἶναι,to be,96,
1901,101680601,",",",",96,
1902,101680602,ὅτι,because,96,
1903,101680603,ἃ,what,96,
1904,101680604,μὴ,not,96,
1905,101680605,οἶδα,know,96,
1906,101680606,οὐ,not,96,
1907,101680607,-δὲ,and,96,
1908,101680608,οἴομαι,I think,96,
1909,101680609,εἰδέναι,to know,96,
1910,101680610,.,.,96,
1911,101680611,ἐντεῦθεν,from here,97,
1912,101680612,ἐπ’,to,97,
1913,101680613,ἄλλον,another,97,
1914,101680614,ᾖα,went,97,
1915,101680615,τῶν,of the,97,
1916,101680616,ἐκείνου,of that man,97,
1917,101680617,δοκούντων,thinking,97,
1918,101680618,σοφωτέρων,wiser,97,
1919,101680619,εἶναι,to be,97,
1920,101680620,καί,and,97,
1921,101680621,μοι,me,97,
1922,101680622,τα-,the,97,
1923,101680623,ταὐτὰ,these things,97,
1924,101680624,ταῦτα,these things,97,
1925,101680625,ἔδοξε,it seemed,97,
1926,101680626,",",",",97,
1927,101680627,καὶ,and,97,
1928,101680628,ἐνταῦθα,here,97,
1929,101680629,κα-,and,97,
1930,101680630,κἀκείνῳ,and to him,97,
1931,101680631,καὶ,and,97,
1932,101680632,ἄλλοις,others,97,
1933,101680633,πολλοῖς,many,97,
1934,101680634,ἀπηχθόμην,I became disgusted,97,
1935,101680635,.,.,97,
1936,101680636,μετὰ,after,98,
1937,101680637,ταῦτ',these,98,
1938,101680638,οὖν,therefore,98,
1939,101680639,ἤδη,already,98,
1940,101680640,ἐφεξῆς,straightaway,98,
1941,101680641,ᾖα,went,98,
1942,101680642,",",",",98,
1943,101680643,αἰσθανόμενος,perceiving,98,
1944,101680644,μὲν,indeed,98,
1945,101680645,καὶ,and,98,
1946,101680646,λυπούμενος,being grieved,98,
1947,101680647,καὶ,and,98,
1948,101680648,δεδιὼς,being afraid,98,
1949,101680649,ὅτι,that,98,
1950,101680650,ἀπηχθανόμην,I loathed,98,
1951,101680651,",",",",98,
1952,101680652,ὅμως,nevertheless,98,
1953,101680653,δὲ,but,98,
1954,101680654,ἀναγκαῖον,necessary,98,
1955,101680655,ἐδόκει,it seemed,98,
1956,101680656,εἶναι,to be,98,
1957,101680657,τὸ,the,98,
1958,101680658,τοῦ,of the,98,
1959,101680659,θεοῦ,of the god,98,
1960,101680660,περὶ,about,98,
1961,101680661,πλείστου,most,98,
1962,101680662,ποιεῖσθαι,to make,98,
1963,101680663,—,—,98,
1964,101680664,ἰτέον,must go,98,
1965,101680665,οὖν,therefore,98,
1966,101680666,",",",",98,
1967,101680667,σκοποῦντι,investigating,98,
1968,101680668,τὸν,the,98,
1969,101680669,χρησμὸν,oracle,98,
1970,101680670,τί,what,98,
1971,101680671,λέγει,says,98,
1972,101680672,",",",",98,
1973,101680673,ἐπὶ,to,98,
1974,101680674,ἅπαντας,all,98,
1975,101680675,τούς,the,98,
1976,101680676,τι,what,98,
1977,101680677,δοκοῦντας,thinking,98,
1978,101680678,εἰδέναι,to have seen,98,
1979,101680679,.,.,98,
1980,101680680,καὶ,and,99,
1981,101680681,νὴ,by,99,
1982,101680682,τὸν,the,99,
1983,101680683,κύνα,dog,99,
1984,101680684,",",",",99,
1985,101680685,ὦ,O,99,
1986,101680686,ἄνδρες,men,99,
1987,101680687,Ἀθηναῖοι,Athenians,99,
1988,101680688,—,—,99,
1989,101680689,δεῖ,it is necessary,99,
1990,101680690,γὰρ,for,99,
1991,101680691,πρὸς,to,99,
1992,101680692,ὑμᾶς,you,99,
1993,101680693,τα-,the,99,
1994,101680694,τἀληθῆ,the true,99,
1995,101680695,λέγειν,to say,99,
1996,101680696,—,—,99,
1997,101680697,ἦ,or,99,
1998,101680698,μὴν,not,99,
1999,101680699,ἐγὼ,I,99,
2000,101680700,ἔπαθόν,experienced,99,
2001,101680701,τι,anything,99,
2002,101680702,τοιοῦτον,such,99,
2003,101680703,.,.,99,
2004,101680704,οἱ,the,100,
2005,101680705,μὲν,indeed,100,
2006,101680706,μάλιστα,most,100,
2007,101680707,εὐδοκιμοῦντες,being esteemed,100,
2008,101680708,ἔδοξάν,they seemed,100,
2009,101680709,μοι,me,100,
2010,101680710,ὀλίγου,scarcely,100,
2011,101680711,δεῖν,almost,100,
2012,101680712,τοῦ,of,100,
2013,101680713,πλείστου,most,100,
2014,101680714,ἐνδεεῖς,lacking,100,
2015,101680715,εἶναι,to be,100,
2016,101680716,ζητοῦντι,seeking,100,
2017,101680717,κατὰ,according to,100,
2018,101680718,τὸν,the,100,
2019,101680719,θεόν,god,100,
2020,101680720,",",",",100,
2021,101680721,ἄλλοι,others,100,
2022,101680722,δὲ,but,100,
2023,101680723,δοκοῦντες,appearing,100,
2024,101680724,φαυλότεροι,worse,100,
2025,101680725,ἐπιεικέστεροι,more moderate,100,
2026,101680726,εἶναι,to be,100,
2027,101680727,ἄνδρες,men,100,
2028,101680728,πρὸς,towards,100,
2029,101680729,τὸ,the,100,
2030,101680730,φρονίμως,wisely,100,
2031,101680731,ἔχειν,to be,100,
2032,101680732,.,.,100,
2033,101680733,δεῖ,must,101,
2034,101680734,δὴ,indeed,101,
2035,101680735,ὑμῖν,you,101,
2036,101680736,τὴν,the,101,
2037,101680737,ἐμὴν,my,101,
2038,101680738,πλάνην,wandering,101,
2039,101680739,ἐπιδεῖξαι,to demonstrate,101,
2040,101680740,ὥσπερ,just as,101,
2041,101680741,πόνους,toils,101,
2042,101680742,τινὰς,some,101,
2043,101680743,πονοῦντος,suffering,101,
2044,101680744,ἵνα,so that,101,
2045,101680745,μοι,to me,101,
2046,101680746,καὶ,and,101,
2047,101680747,ἀνέλεγκτος,unimpeachable,101,
2048,101680748,ἡ,the,101,
2049,101680749,μαντεία,oracle,101,
2050,101680750,γένοιτο,become,101,
2051,101680751,.,.,101,
2052,101680752,μετὰ,after,102,
2053,101680753,γὰρ,for,102,
2054,101680754,τοὺς,the,102,
2055,101680755,πολιτικοὺς,statesmen,102,
2056,101680756,ᾖα,I went,102,
2057,101680757,ἐπὶ,to,102,
2058,101680758,τοὺς,the,102,
2059,101680759,ποιητὰς,poets,102,
2060,101680760,τούς,the,102,
2061,101680761,τε,and,102,
2062,101680762,τῶν,of the,102,
2063,101680763,τραγῳδιῶν,tragedies,102,
2064,101680764,καὶ,and,102,
2065,101680765,τοὺς,the,102,
2066,101680766,τῶν,of the,102,
2067,101680767,διθυράμβων,dithyrambs,102,
2068,101680768,καὶ,and,102,
2069,101680769,τοὺς,the,102,
2070,101680770,ἄλλους,others,102,
2071,101680771,",",",",102,
2072,101680772,ὡς,as,102,
2073,101680773,ἐνταῦθα,here,102,
2074,101680774,ἐπ',upon,102,
2075,101680775,αὐτοφώρῳ,red-handed,102,
2076,101680776,καταληψόμενος,having caught,102,
2077,101680777,ἐμαυτὸν,myself,102,
2078,101680778,ἀμαθέστερον,more ignorant,102,
2079,101680779,ἐκείνων,of them,102,
2080,101680780,ὄντα,being,102,
2081,101680781,.,.,102,
2082,101680782,ἀναλαμβάνων,taking up,103,
2083,101680783,οὖν,therefore,103,
2084,101680784,αὐτῶν,their,103,
2085,101680785,τὰ,the,103,
2086,101680786,ποιήματα,poems,103,
2087,101680787,ἅ,which,103,
2088,101680788,μοι,to me,103,
2089,101680789,ἐδόκει,it seemed,103,
2090,101680790,μάλιστα,most,103,
2091,101680791,πεπραγματεῦσθαι,to have pursued,103,
2092,101680792,αὐτοῖς,them,103,
2093,101680793,",",",",103,
2094,101680794,διηρώτων,would ask,103,
2095,101680795,ἂν,would,103,
2096,101680796,αὐτοὺς,them,103,
2097,101680797,τί,what,103,
2098,101680798,λέγοιεν,were saying,103,
2099,101680799,",",",",103,
2100,101680800,ἵν’,in order that,103,
2101,101680801,ἅμα,at once,103,
2102,101680802,τι,something,103,
2103,101680803,καὶ,and,103,
2104,101680804,μανθάνοιμι,might learn,103,
2105,101680805,παρ’,from,103,
2106,101680806,αὐτῶν,them,103,
2107,101680807,.,.,103,
2108,101680808,αἰσχύνομαι,I am ashamed,104,
2109,101680809,οὖν,therefore,104,
2110,101680810,ὑμῖν,you,104,
2111,101680811,εἰπεῖν,to say,104,
2112,101680812,",",",",104,
2113,101680813,ὦ,O,104,
2114,101680814,ἄνδρες,men,104,
2115,101680815,",",",",104,
2116,101680816,τα-,the,104,
2117,101680817,τἀληθῆ,these truths,104,
2118,101680818,.,.,104,
2119,101680819,ὅμως,nevertheless,105,
2120,101680820,δὲ,but,105,
2121,101680821,ῥητέον,must be said,105,
2122,101680822,.,.,105,
2123,101680823,ὡς,as,106,
2124,101680824,ἔπος,word,106,
2125,101680825,γὰρ,for,106,
2126,101680826,εἰπεῖν,to say,106,
2127,101680827,ὀλίγου,a little,106,
2128,101680828,αὐτῶν,of them,106,
2129,101680829,ἅπαντες,all,106,
2130,101680830,οἱ,the,106,
2131,101680831,παρόντες,those present,106,
2132,101680832,ἂν,would,106,
2133,101680833,βέλτιον,better,106,
2134,101680834,ἔλεγον,would say,106,
2135,101680835,περὶ,about,106,
2136,101680836,ὧν,about which,106,
2137,101680837,αὐτοὶ,they,106,
2138,101680838,ἐπεποιήκεσαν,had made,106,
2139,101680839,.,.,106,
2140,101680840,ἔγνων,I realized,107,
2141,101680841,οὖν,therefore,107,
2142,101680842,αὖ,thus,107,
2143,101680843,καὶ,and,107,
2144,101680844,περὶ,about,107,
2145,101680845,τῶν,of the,107,
2146,101680846,ποιητῶν,poets,107,
2147,101680847,ἐν,in,107,
2148,101680848,ὀλίγῳ,a little,107,
2149,101680849,τοῦτο,this,107,
2150,101680850,",",",",107,
2151,101680851,ὅτι,that,107,
2152,101680852,οὐ,not,107,
2153,101680853,σοφίᾳ,wisdom,107,
2154,101680854,ποιοῖεν,made,107,
2155,101680855,ἃ,anything,107,
2156,101680856,ποιοῖεν,they made,107,
2157,101680857,",",",",107,
2158,101680858,ἀλλὰ,but,107,
2159,101680859,φύσει,by nature,107,
2160,101680860,τινὶ,some,107,
2161,101680861,καὶ,and,107,
2162,101680862,ἐνθουσιάζοντες,being inspired,107,
2163,101680863,ὥσπερ,just as,107,
2164,101680864,οἱ,the,107,
2165,101680865,θεομάντεις,diviners,107,
2166,101680866,καὶ,and,107,
2167,101680867,οἱ,the,107,
2168,101680868,χρησμῳδοί,oracle-reciters,107,
2169,101680869,.,.,107,
2170,101680870,καὶ,for,108,
2171,101680871,γὰρ,for,108,
2172,101680872,οὗτοι,these,108,
2173,101680873,λέγουσι,say,108,
2174,101680874,μὲν,indeed,108,
2175,101680875,πολλὰ,many things,108,
2176,101680876,καὶ,and,108,
2177,101680877,καλά,beautiful things,108,
2178,101680878,",",",",108,
2179,101680879,ἴσασιν,they know,108,
2180,101680880,δὲ,but,108,
2181,101680881,οὐδὲν,nothing,108,
2182,101680882,ὧν,what,108,
2183,101680883,λέγουσι,saying,108,
2184,101680884,.,.,108,
2185,101680885,τοιοῦτόν,such,109,
2186,101680886,τί,something,109,
2187,101680887,μοι,to me,109,
2188,101680888,ἐφάνησαν,appeared,109,
2189,101680889,πάθος,experience,109,
2190,101680890,καὶ,and,109,
2191,101680891,οἱ,the,109,
2192,101680892,ποιηταὶ,poets,109,
2193,101680893,πεπονθότες,having suffered,109,
2194,101680894,",",",",109,
2195,101680895,καὶ,and,109,
2196,101680896,ἅμα,at the same time,109,
2197,101680897,ᾐσθόμην,I perceived,109,
2198,101680898,αὐτῶν,of them,109,
2199,101680899,διὰ,because of,109,
2200,101680900,τὴν,the,109,
2201,101680901,ποίησιν,poetry,109,
2202,101680902,οἰομένων,thinking,109,
2203,101680903,καὶ,and,109,
2204,101680904,τα-,the,109,
2205,101680905,τἆλλα,other things,109,
2206,101680906,σοφωτάτων,of wisest,109,
2207,101680907,εἶναι,to be,109,
2208,101680908,ἀνθρώπων,of men,109,
2209,101680909,ἃ,which,109,
2210,101680910,οὐκ,not,109,
2211,101680911,ἦσαν,were,109,
2212,101680912,.,.,109,
2213,101680913,ἀπῇα,has passed,110,
2214,101680914,οὖν,therefore,110,
2215,101680915,καὶ,even,110,
2216,101680916,ἐντεῦθεν,from here,110,
2217,101680917,τῷ,the,110,
2218,101680918,αὐτῷ,himself,110,
2219,101680919,οἰόμενος,thinking,110,
2220,101680920,περιγεγονέναι,to have happened,110,
2221,101680921,ᾧπερ,as,110,
2222,101680922,καὶ,also,110,
2223,101680923,τῶν,of the,110,
2224,101680924,πολιτικῶν,of politicians,110,
2225,101680925,.,.,110,
2226,101680926,τελευτῶν,dying,111,
2227,101680927,οὖν,then,111,
2228,101680928,ἐπὶ,to,111,
2229,101680929,τοὺς,the,111,
2230,101680930,χειροτέχνας,craftsmen,111,
2231,101680931,ᾖα,was going,111,
2232,101680932,.,.,111,
2233,101680933,ἐμαυτῷ,to myself,112,
2234,101680934,γὰρ,for,112,
2235,101680935,συνῄδη,I know,112,
2236,101680936,οὐδὲν,nothing,112,
2237,101680937,ἐπισταμένῳ,knowing,112,
2238,101680938,ὡς,as,112,
2239,101680939,ἔπος,word,112,
2240,101680940,εἰπεῖν,to say,112,
2241,101680941,",",",",112,
2242,101680942,τούτους,these,112,
2243,101680943,δέ,but,112,
2244,101680944,γ',indeed,112,
2245,101680945,ᾔδη,already,112,
2246,101680946,ὅτι,that,112,
2247,101680947,εὑρήσοιμι,I might find,112,
2248,101680948,πολλὰ,many,112,
2249,101680949,καὶ,and,112,
2250,101680950,καλὰ,beautiful,112,
2251,101680951,ἐπισταμένους,knowing,112,
2252,101680952,.,.,112,
2253,101680953,καὶ,and,113,
2254,101680954,τούτου,of this,113,
2255,101680955,μὲν,indeed,113,
2256,101680956,οὐκ,not,113,
2257,101680957,ἐψεύσθην,I was deceived,113,
2258,101680958,",",",",113,
2259,101680959,ἀλλ’,but,113,
2260,101680960,ἠπίσταντο,they knew,113,
2261,101680961,ἃ,that,113,
2262,101680962,ἐγὼ,I,113,
2263,101680963,οὐκ,not,113,
2264,101680964,ἠπιστάμην,knew,113,
2265,101680965,καί,and,113,
2266,101680966,μου,of me,113,
2267,101680967,ταύτῃ,in this,113,
2268,101680968,σοφώτεροι,wiser,113,
2269,101680969,ἦσαν,were,113,
2270,101680970,.,.,113,
2271,101680971,ἀλλ’,But,114,
2272,101680972,",",",",114,
2273,101680973,ὦ,O,114,
2274,101680974,ἄνδρες,men,114,
2275,101680975,Ἀθηναῖοι,Athenians,114,
2276,101680976,",",",",114,
2277,101680977,τα-,the,114,
2278,101680978,ταὐτόν,the same,114,
2279,101680979,μοι,me,114,
2280,101680980,ἔδοξαν,seemed,114,
2281,101680981,ἔχειν,to have,114,
2282,101680982,ἁμάρτημα,mistake,114,
2283,101680983,ὅπερ,which,114,
2284,101680984,καὶ,and,114,
2285,101680985,οἱ,the,114,
2286,101680986,ποιηταὶ,poets,114,
2287,101680987,καὶ,and,114,
2288,101680988,οἱ,the,114,
2289,101680989,ἀγαθοὶ,good,114,
2290,101680990,δημιουργοί,craftsmen,114,
2291,101680991,—,—,114,
2292,101680992,διὰ,because of,114,
2293,101680993,τὸ,the,114,
2294,101680994,τὴν,the,114,
2295,101680995,τέχνην,art,114,
2296,101680996,καλῶς,well,114,
2297,101680997,ἐξεργάζεσθαι,to work out,114,
2298,101680998,ἕκαστος,each,114,
2299,101680999,ἠξίου,considered worthy,114,
2300,101681000,καὶ,and,114,
2301,101681001,τα-,the,114,
2302,101681002,τἆλλα,other things,114,
2303,101681003,τὰ,the,114,
2304,101681004,μέγιστα,the greatest,114,
2305,101681005,σοφώτατος,wisest,114,
2306,101681006,εἶναι,to be,114,
2307,101681007,—,—,114,
2308,101681008,καὶ,and,114,
2309,101681009,αὐτῶν,their,114,
2310,101681010,αὕτη,this,114,
2311,101681011,ἡ,the,114,
2312,101681012,πλημμέλεια,mistake,114,
2313,101681013,ἐκείνην,that,114,
2314,101681014,τὴν,the,114,
2315,101681015,σοφίαν,wisdom,114,
2316,101681016,ἀποκρύπτειν,to hide,114,
2317,101681017,.,.,114,
2318,101681018,ὥστε,so that,115,
2319,101681019,με,me,115,
2320,101681020,ἐμαυτὸν,myself,115,
2321,101681021,ἀνερωτᾶν,ask,115,
2322,101681022,ὑπὲρ,on behalf of,115,
2323,101681023,τοῦ,of the,115,
2324,101681024,χρησμοῦ,oracle,115,
2325,101681025,πότερα,which of the two,115,
2326,101681026,δεξαίμην,should I choose,115,
2327,101681027,ἂν,would,115,
2328,101681028,οὕτως,thus,115,
2329,101681029,ὥσπερ,just as,115,
2330,101681030,ἔχω,I have,115,
2331,101681031,ἔχειν,to have,115,
2332,101681032,",",",",115,
2333,101681033,μή,not,115,
2334,101681034,-τε,and,115,
2335,101681035,τι,any,115,
2336,101681036,σοφὸς,wise,115,
2337,101681037,ὢν,being,115,
2338,101681038,τὴν,the,115,
2339,101681039,ἐκείνων,their,115,
2340,101681040,σοφίαν,wisdom,115,
2341,101681041,μή,not,115,
2342,101681042,-τε,-and,115,
2343,101681043,ἀμαθὴς,ignorant,115,
2344,101681044,τὴν,the,115,
2345,101681045,ἀμαθίαν,ignorance,115,
2346,101681046,",",",",115,
2347,101681047,ἢ,or,115,
2348,101681048,ἀμφότερα,both,115,
2349,101681049,ἃ,which,115,
2350,101681050,ἐκεῖνοι,those,115,
2351,101681051,ἔχουσιν,they have,115,
2352,101681052,ἔχειν,to have,115,
2353,101681053,.,.,115,
2354,101681054,ἀπεκρινάμην,I answered,116,
2355,101681055,οὖν,therefore,116,
2356,101681056,ἐμαυτῷ,to myself,116,
2357,101681057,καὶ,and,116,
2358,101681058,τῷ,the,116,
2359,101681059,χρησμῷ,oracle,116,
2360,101681060,ὅτι,that,116,
2361,101681061,μοι,me,116,
2362,101681062,λυσιτελοῖ,it is profitable for me,116,
2363,101681063,ὥσπερ,just as,116,
2364,101681064,ἔχω,have,116,
2365,101681065,ἔχειν,to have,116,
2366,101681066,.,.,116,
2367,101681067,ἐκ,from,117,
2368,101681068,ταυτησὶ,this,117,
2369,101681069,δὴ,indeed,117,
2370,101681070,τῆς,of the,117,
2371,101681071,ἐξετάσεως,of examination,117,
2372,101681072,",",",",117,
2373,101681073,ὦ,O,117,
2374,101681074,ἄνδρες,men,117,
2375,101681075,Ἀθηναῖοι,Athenians,117,
2376,101681076,",",",",117,
2377,101681077,πολλαὶ,many,117,
2378,101681078,μὲν,indeed,117,
2379,101681079,ἀπέχθειαί,hostilities,117,
2380,101681080,μοι,to me,117,
2381,101681081,γεγόνασι,have come to be,117,
2382,101681082,καὶ,and,117,
2383,101681083,οἷαι,such,117,
2384,101681084,χαλεπώταται,most grievous,117,
2385,101681085,καὶ,and,117,
2386,101681086,βαρύταται,heaviest,117,
2387,101681087,",",",",117,
2388,101681088,ὥστε,so that,117,
2389,101681089,πολλὰς,many,117,
2390,101681090,διαβολὰς,slanders,117,
2391,101681091,ἀπ',from,117,
2392,101681092,αὐτῶν,them,117,
2393,101681093,γεγονέναι,to have occurred,117,
2394,101681094,",",",",117,
2395,101681095,ὄνομα,name,117,
2396,101681096,δὲ,but,117,
2397,101681097,τοῦτο,this,117,
2398,101681098,λέγεσθαι,to be called,117,
2399,101681099,",",",",117,
2400,101681100,σοφὸς,wise,117,
2401,101681101,εἶναι,to be,117,
2402,101681102,.,.,117,
2403,101681103,οἴονται,they think,118,
2404,101681104,γάρ,for,118,
2405,101681105,με,me,118,
2406,101681106,ἑκάστοτε,at each time,118,
2407,101681107,οἱ,the,118,
2408,101681108,παρόντες,those present,118,
2409,101681109,ταῦτα,these things,118,
2410,101681110,αὐτὸν,him,118,
2411,101681111,εἶναι,to be,118,
2412,101681112,σοφὸν,wise,118,
2413,101681113,ἃ,whom,118,
2414,101681114,ἂν,if,118,
2415,101681115,ἄλλον,another,118,
2416,101681116,ἐξελέγξω,expose,118,
2417,101681117,.,.,118,
2418,101681118,τὸ,the,119,
2419,101681119,δὲ,but,119,
2420,101681120,κινδυνεύει,it is likely,119,
2421,101681121,",",",",119,
2422,101681122,ὦ,O,119,
2423,101681123,ἄνδρες,men,119,
2424,101681124,",",",",119,
2425,101681125,τῷ,the,119,
2426,101681126,ὄντι,being,119,
2427,101681127,ὁ,the,119,
2428,101681128,θεὸς,god,119,
2429,101681129,σοφὸς,wise,119,
2430,101681130,εἶναι,to be,119,
2431,101681131,",",",",119,
2432,101681132,καὶ,and,119,
2433,101681133,ἐν,in,119,
2434,101681134,τῷ,the,119,
2435,101681135,χρησμῷ,oracle,119,
2436,101681136,τούτῳ,this,119,
2437,101681137,τοῦτο,this,119,
2438,101681138,λέγειν,to say,119,
2439,101681139,",",",",119,
2440,101681140,ὅτι,that,119,
2441,101681141,ἡ,the,119,
2442,101681142,ἀνθρωπίνη,human,119,
2443,101681143,σοφία,wisdom,119,
2444,101681144,ὀλίγου,of little,119,
2445,101681145,τινὸς,some,119,
2446,101681146,ἀξία,worth,119,
2447,101681147,ἐστὶν,is,119,
2448,101681148,καὶ,and,119,
2449,101681149,οὐδενός,of nothing,119,
2450,101681150,.,.,119,
2451,101681151,καὶ,and,120,
2452,101681152,φαίνεται,appears,120,
2453,101681153,τοῦτον,this,120,
2454,101681154,λέγειν,to say,120,
2455,101681155,τὸν,the,120,
2456,101681156,Σωκράτη,Socrates,120,
2457,101681157,",",",",120,
2458,101681158,προσκεχρῆσθαι,to have used,120,
2459,101681159,δὲ,and,120,
2460,101681160,τῷ,the,120,
2461,101681161,ἐμῷ,my,120,
2462,101681162,ὀνόματι,name,120,
2463,101681163,",",",",120,
2464,101681164,ἐμὲ,me,120,
2465,101681165,παράδειγμα,example,120,
2466,101681166,ποιούμενος,using,120,
2467,101681167,",",",",120,
2468,101681168,ὥσπερ,just as,120,
2469,101681169,ἂν,an,120,
2470,101681170,εἰ,if,120,
2471,101681171,εἴποι,would say,120,
2472,101681172,ὅτι,that,120,
2473,101681173, , ,120,
2474,101681174,οὗτος,this,120,
2475,101681175,ὑμῶν,of you,120,
2476,101681176,",",",",120,
2477,101681177,ὦ,O,120,
2478,101681178,ἄνθρωποι,men,120,
2479,101681179,",",",",120,
2480,101681180,σοφώτατός,wisest,120,
2481,101681181,ἐστιν,is,120,
2482,101681182,",",",",120,
2483,101681183,ὅστις,the one who,120,
2484,101681184,ὥσπερ,just as,120,
2485,101681185,Σωκράτης,Socrates,120,
2486,101681186,ἔγνωκεν,has recognized,120,
2487,101681187,ὅτι,that,120,
2488,101681188,οὐδενὸς,of no one,120,
2489,101681189,ἄξιός,worthy,120,
2490,101681190,ἐστι,is,120,
2491,101681191,τῇ,the,120,
2492,101681192,ἀληθείᾳ,truth,120,
2493,101681193,πρὸς,towards,120,
2494,101681194,σοφίαν,wisdom,120,
2495,101681195, , ,120,
2496,101681196,.,.,120,
2497,101681197,ταῦτ’,this,121,
2498,101681198,οὖν,then,121,
2499,101681199,ἐγὼ,I,121,
2500,101681200,μὲν,indeed,121,
2501,101681201,ἔτι,still,121,
2502,101681202,καὶ,and,121,
2503,101681198,νῦν,now,121,
2504,101681204,περιιὼν,going around,121,
2505,101681205,ζητῶ,seek,121,
2506,101681206,καὶ,and,121,
2507,101681207,ἐρευνῶ,investigate,121,
2508,101681208,κατὰ,according to,121,
2509,101681209,τὸν,the,121,
2510,101681210,θεὸν,god,121,
2511,101681211,καὶ,and,121,
2512,101681212,τῶν,of the,121,
2513,101681213,ἀστῶν,citizens,121,
2514,101681214,καὶ,and,121,
2515,101681215,ξένων,of foreigners,121,
2516,101681216,ἄν,if,121,
2517,101681217,τινα,any,121,
2518,101681218,οἴωμαι,I think,121,
2519,101681219,σοφὸν,wise,121,
2520,101681220,εἶναι,to be,121,
2521,101681221,.,.,121,
2522,101681222,καὶ,and,122,
2523,101681223,ἐπειδάν,whenever,122,
2524,101681224,μοι,me,122,
2525,101681225,μὴ,not,122,
2526,101681226,δοκῇ,it seems,122,
2527,101681227,",",",",122,
2528,101681228,τῷ,the,122,
2529,101681229,θεῷ,the god,122,
2530,101681230,βοηθῶν,helping,122,
2531,101681231,ἐνδείκνυμαι,I show,122,
2532,101681232,ὅτι,that,122,
2533,101681233,οὐκ,not,122,
2534,101681234,ἔστι,is,122,
2535,101681235,σοφός,wise,122,
2536,101681236,.,.,122,
2537,101681237,καὶ,and,123,
2538,101681238,ὑπὸ,from,123,
2539,101681239,ταύτης,this,123,
2540,101681240,τῆς,of the,123,
2541,101681241,ἀσχολίας,occupation,123,
2542,101681242,οὔ,not,123,
2543,101681243,-τε,-and,123,
2544,101681244,τι,anything,123,
2545,101681245,τῶν,of the,123,
2546,101681246,τῆς,of the,123,
2547,101681247,πόλεως,of the city,123,
2548,101681248,πρᾶξαί,to do,123,
2549,101681249,μοι,to me,123,
2550,101681250,σχολὴ,leisure,123,
2551,101681251,γέγονεν,has happened,123,
2552,101681252,ἄξιον,worthy,123,
2553,101681253,λόγου,worthy of mention,123,
2554,101681254,οὔ,not,123,
2555,101681255,-τε,and,123,
2556,101681256,τῶν,of the,123,
2557,101681257,οἰκείων,of my own affairs,123,
2558,101681258,",",",",123,
2559,101681259,ἀλλ’,but,123,
2560,101681260,ἐν,in,123,
2561,101681261,πενίᾳ,poverty,123,
2562,101681262,μυρίᾳ,countless,123,
2563,101681263,εἰμὶ,am,123,
2564,101681264,διὰ,because of,123,
2565,101681265,τὴν,the,123,
2566,101681266,τοῦ,of the,123,
2567,101681267,θεοῦ,of the god,123,
2568,101681268,λατρείαν,service,123,
2569,101681269,.,.,123,
2570,101681270,πρὸς,in addition,124,
2571,101681271,δὲ,but,124,
2572,101681272,τούτοις,these,124,
2573,101681273,οἱ,the,124,
2574,101681274,νέοι,young men,124,
2575,101681275,μοι,me,124,
2576,101681276,ἐπακολουθοῦντες,following,124,
2577,101681277,—,—,124,
2578,101681278,οἷς,to whom,124,
2579,101681279,μάλιστα,especially,124,
2580,101681280,σχολή,leisure,124,
2581,101681281,ἐστιν,is,124,
2582,101681282,",",",",124,
2583,101681283,οἱ,the,124,
2584,101681284,τῶν,of the,124,
2585,101681285,πλουσιωτάτων,richest,124,
2586,101681286,—,—,124,
2587,101681287,αὐτόματοι,spontaneously,124,
2588,101681288,",",",",124,
2589,101681289,χαίρουσιν,rejoice,124,
2590,101681290,ἀκούοντες,listening,124,
2591,101681291,ἐξεταζομένων,being examined,124,
2592,101681292,τῶν,of the,124,
2593,101681293,ἀνθρώπων,of men,124,
2594,101681294,",",",",124,
2595,101681295,καὶ,and,124,
2596,101681296,αὐτοὶ,they,124,
2597,101681297,πολλάκις,often,124,
2598,101681298,ἐμὲ,me,124,
2599,101681299,μιμοῦνται,imitate,124,
2600,101681300,",",",",124,
2601,101681301,εἶτα,then,124,
2602,101681302,ἐπιχειροῦσιν,attempt,124,
2603,101681303,ἄλλους,others,124,
2604,101681304,ἐξετάζειν,to examine,124,
2605,101681305,.,.,124,
2606,101681306,κα-,and,125,
2607,101681307,κἄπειτα,and then,125,
2608,101681308,οἶμαι,I think,125,
2609,101681309,εὑρίσκουσι,they find,125,
2610,101681310,πολλὴν,much,125,
2611,101681311,ἀφθονίαν,abundance,125,
2612,101681312,οἰομένων,thinking,125,
2613,101681313,μὲν,on the one hand,125,
2614,101681314,εἰδέναι,to know,125,
2615,101681315,τι,something,125,
2616,101681316,ἀνθρώπων,of men,125,
2617,101681317,",",",",125,
2618,101681318,εἰδότων,knowing,125,
2619,101681319,δὲ,but,125,
2620,101681320,ὀλίγα,few,125,
2621,101681321,ἢ,or,125,
2622,101681322,οὐδέν,nothing,125,
2623,101681323,.,.,125,
2624,101681324,ἐντεῦθεν,therefore,126,
2625,101681325,οὖν,then,126,
2626,101681326,οἱ,those,126,
2627,101681327,ὑπ',by,126,
2628,101681328,αὐτῶν,them,126,
2629,101681329,ἐξεταζόμενοι,examined,126,
2630,101681330,ἐμοὶ,to me,126,
2631,101681331,ὀργίζονται,are angry,126,
2632,101681332,",",",",126,
2633,101681333,οὐχ,not,126,
2634,101681334,αὑτοῖς,themselves,126,
2635,101681335,",",",",126,
2636,101681336,καὶ,and,126,
2637,101681337,λέγουσιν,say,126,
2638,101681338,ὡς,that,126,
2639,101681339,Σωκράτης,Socrates,126,
2640,101681340,τίς,someone,126,
2641,101681341,ἐστι,is,126,
2642,101681342,μιαρώτατος,most vile,126,
2643,101681343,καὶ,and,126,
2644,101681344,διαφθείρει,corrupts,126,
2645,101681345,τοὺς,the,126,
2646,101681346,νέους,young men,126,
2647,101681347,.,.,126,
2648,101681348,καὶ,and,127,
2649,101681349,ἐπειδάν,whenever,127,
2650,101681350,τις,someone,127,
2651,101681351,αὐτοὺς,them,127,
2652,101681352,ἐρωτᾷ,asks,127,
2653,101681353,ὅτι,what,127,
2654,101681354,ποιῶν,doing,127,
2655,101681355,καὶ,and,127,
2656,101681356,ὅτι,what,127,
2657,101681357,διδάσκων,teaching,127,
2658,101681358,",",",",127,
2659,101681359,ἔχουσι,have,127,
2660,101681360,μὲν,indeed,127,
2661,101681361,οὐδὲν,nothing,127,
2662,101681362,εἰπεῖν,to say,127,
2663,101681363,ἀλλ',but,127,
2664,101681364,ἀγνοοῦσιν,they do not know,127,
2665,101681365,",",",",127,
2666,101681366,ἵνα,in order that,127,
2667,101681367,δὲ,but,127,
2668,101681368,μὴ,not,127,
2669,101681369,δοκῶσιν,they seem,127,
2670,101681370,ἀπορεῖν,to be at a loss,127,
2671,101681371,",",",",127,
2672,101681372,τὰ,the,127,
2673,101681373,κατὰ,regarding,127,
2674,101681374,πάντων,of all,127,
2675,101681375,τῶν,of the,127,
2676,101681376,φιλοσοφούντων,of philosophers,127,
2677,101681377,πρόχειρα,readily available,127,
2678,101681378,ταῦτα,these,127,
2679,101681379,λέγουσιν,they say,127,
2680,101681380,",",",",127,
2681,101681381,ὅτι,that,127,
2682,101681382,,,127,
2683,101681383,τὰ,the,127,
2684,101681384,μετέωρα,celestial,127,
2685,101681385,καὶ,and,127,
2686,101681386,τὰ,the,127,
2687,101681387,ὑπὸ,under,127,
2688,101681388,γῆς,of the earth,127,
2689,101681389, , ,127,
2690,101681390,καὶ,and,127,
2691,101681391,,,127,
2692,101681392,θεοὺς,gods,127,
2693,101681393,μὴ,not,127,
2694,101681394,νομίζειν,to believe,127,
2695,101681395, , ,127,
2696,101681396,καὶ,and,127,
2697,101681397,,,127,
2698,101681398,τὸν,the,127,
2699,101681399,ἥττω,weaker,127,
2700,101681400,λόγον,argument,127,
2701,101681401,κρείττω,stronger,127,
2702,101681402,ποιεῖν,to make,127,
2703,101681403, , ,127,
2704,101681404,.,.,127,
2705,101681405,τὰ,the,128,
2706,101681406,γὰρ,for,128,
2707,101681407,ἀληθῆ,true things,128,
2708,101681408,οἴομαι,I think,128,
2709,101681409,οὐκ,not,128,
2710,101681410,ἂν,would,128,
2711,101681411,ἐθέλοιεν,would wish,128,
2712,101681412,λέγειν,to say,128,
2713,101681413,",",",",128,
2714,101681414,ὅτι,that,128,
2715,101681415,κατάδηλοι,clearly,128,
2716,101681416,γίγνονται,become,128,
2717,101681417,προσποιούμενοι,pretending,128,
2718,101681418,μὲν,indeed,128,
2719,101681419,εἰδέναι,to know,128,
2720,101681420,",",",",128,
2721,101681421,εἰδότες,knowing,128,
2722,101681422,δὲ,but,128,
2723,101681423,οὐδέν,nothing,128,
2724,101681424,.,.,128,
2725,101681425,ἅτε,as if,129,
2726,101681426,οὖν,then,129,
2727,101681427,οἶμαι,I think,129,
2728,101681428,φιλότιμοι,ambitious,129,
2729,101681429,ὄντες,being,129,
2730,101681430,καὶ,and,129,
2731,101681431,σφοδροὶ,violent,129,
2732,101681432,καὶ,and,129,
2733,101681433,πολλοί,many,129,
2734,101681434,",",",",129,
2735,101681435,καὶ,and,129,
2736,101681436,συντεταμένως,in an orderly manner,129,
2737,101681437,καὶ,and,129,
2738,101681438,πιθανῶς,persuasively,129,
2739,101681439,λέγοντες,speaking,129,
2740,101681440,περὶ,about,129,
2741,101681441,ἐμοῦ,me,129,
2742,101681442,",",",",129,
2743,101681443,ἐμπεπλήκασιν,have filled,129,
2744,101681444,ὑμῶν,your,129,
2745,101681445,τὰ,the,129,
2746,101681446,ὦτα,ears,129,
2747,101681447,καὶ,and,129,
2748,101681448,πάλαι,long ago,129,
2749,101681449,καὶ,and,129,
2750,101681450,σφοδρῶς,violently,129,
2751,101681451,διαβάλλοντες,slandering,129,
2752,101681452,.,.,129,
2753,101681453,ἐκ,from,130,
2754,101681454,τούτων,of these,130,
2755,101681455,καὶ,and,130,
2756,101681456,Μέλητός,Meletus,130,
2757,101681457,μοι,me,130,
2758,101681458,ἐπέθετο,attacked,130,
2759,101681459,καὶ,and,130,
2760,101681460,Ἄνυτος,Anytus,130,
2761,101681461,καὶ,and,130,
2762,101681462,Λύκων,Lycon,130,
2763,101681463,",",",",130,
2764,101681464,Μέλητος,Meletus,130,
2765,101681465,μὲν,indeed,130,
2766,101681466,ὑπὲρ,on behalf of,130,
2767,101681467,τῶν,of the,130,
2768,101681468,ποιητῶν,of poets,130,
2769,101681469,ἀχθόμενος,being annoyed,130,
2770,101681470,",",",",130,
2771,101681471,Ἄνυτος,Anytos,130,
2772,101681472,δὲ,but,130,
2773,101681473,ὑπὲρ,on behalf of,130,
2774,101681474,τῶν,of the,130,
2775,101681475,δημιουργῶν,craftsmen,130,
2776,101681476,καὶ,and,130,
2777,101681477,τῶν,of the,130,
2778,101681478,πολιτικῶν,political,130,
2779,101681479,",",",",130,
2780,101681480,Λύκων,Lycon,130,
2781,101681481,δὲ,but,130,
2782,101681482,ὑπὲρ,on behalf of,130,
2783,101681483,τῶν,of the,130,
2784,101681484,ῥητόρων,of orators,130,
2785,101681485,.,.,130,
2786,101681486,ὥστε,so that,131,
2787,101681487,",",",",131,
2788,101681488,ὅπερ,which,131,
2789,101681489,ἀρχόμενος,beginning,131,
2790,101681490,ἐγὼ,I,131,
2791,101681491,ἔλεγον,I said,131,
2792,101681492,",",",",131,
2793,101681493,θαυμάζοιμ’,I would wonder,131,
2794,101681494,ἂν,if,131,
2795,101681495,εἰ,that,131,
2796,101681496,οἷός,able,131,
2797,101681497,τ’,and,131,
2798,101681498,εἴην,I were,131,
2799,101681499,ἐγὼ,I,131,
2800,101681500,ὑμῶν,of you,131,
2801,101681501,ταύτην,this,131,
2802,101681502,τὴν,the,131,
2803,101681503,διαβολὴν,slander,131,
2804,101681504,ἐξελέσθαι,to remove,131,
2805,101681505,ἐν,in,131,
2806,101681506,οὕτως,so,131,
2807,101681507,ὀλίγῳ,short,131,
2808,101681508,χρόνῳ,time,131,
2809,101681509,οὕτω,so,131,
2810,101681510,πολλὴν,great,131,
2811,101681511,γεγονυῖαν,having become,131,
2812,101681512,.,.,131,
2813,101681513,ταῦτ’,this,132,
2814,101681514,ἔστιν,is,132,
2815,101681515,ὑμῖν,to you,132,
2816,101681516,",",",",132,
2817,101681517,ὦ,O,132,
2818,101681518,ἄνδρες,men,132,
2819,101681519,Ἀθηναῖοι,Athenians,132,
2820,101681520,",",",",132,
2821,101681521,τα-,the,132,
2822,101681522,τἀληθῆ,true,132,
2823,101681523,",",",",132,
2824,101681524,καὶ,and,132,
2825,101681525,ὑμᾶς,you,132,
2826,101681526,οὔ,not,132,
2827,101681527,-τε,-te,132,
2828,101681528,μέγα,great,132,
2829,101681529,οὔ,not,132,
2830,101681530,-τε,and,132,
2831,101681531,μικρὸν,small,132,
2832,101681532,ἀποκρυψάμενος,having concealed,132,
2833,101681533,ἐγὼ,I,132,
2834,101681534,λέγω,I say,132,
2835,101681535,οὐ,not,132,
2836,101681536,-δ’,and,132,
2837,101681537,ὑποστειλάμενος,having hidden,132,
2838,101681538,.,.,132,
2839,101681539,καίτοι,and yet,133,
2840,101681540,οἶδα,I know,133,
2841,101681541,σχεδὸν,almost,133,
2842,101681542,ὅτι,that,133,
2843,101681543,αὐτοῖς,them,133,
2844,101681544,τούτοις,these,133,
2845,101681545,ἀπεχθάνομαι,I hate,133,
2846,101681546,",",",",133,
2847,101681547,ὃ,which,133,
2848,101681548,καὶ,and,133,
2849,101681549,τεκμήριον,proof,133,
2850,101681550,ὅτι,that,133,
2851,101681551,ἀληθῆ,the truth,133,
2852,101681552,λέγω,speak,133,
2853,101681553,καὶ,and,133,
2854,101681554,ὅτι,that,133,
2855,101681555,αὕτη,this,133,
2856,101681556,ἐστὶν,is,133,
2857,101681557,ἡ,the,133,
2858,101681558,διαβολὴ,slander,133,
2859,101681559,ἡ,the,133,
2860,101681560,ἐμὴ,my,133,
2861,101681561,καὶ,and,133,
2862,101681562,τὰ,the,133,
2863,101681563,αἴτια,causes,133,
2864,101681564,ταῦτά,these,133,
2865,101681565,ἐστιν,are,133,
2866,101681566,.,.,133,
2867,101681567,καὶ,and,134,
2868,101681568,ἐάν,if,134,
2869,101681569,-τε,or,134,
2870,101681570,νῦν,now,134,
2871,101681571,ἐάν,if,134,
2872,101681572,-τε,or,134,
2873,101681573,αὖθις,again,134,
2874,101681574,ζητήσητε,you may seek,134,
2875,101681575,ταῦτα,these things,134,
2876,101681576,",",",",134,
2877,101681577,οὕτως,in this way,134,
2878,101681578,εὑρήσετε,you will find,134,
2879,101681579,.,.,134,
2880,101681580,περὶ,about,135,
2881,101681581,μὲν,indeed,135,
2882,101681582,οὖν,then,135,
2883,101681583,ὧν,about,135,
2884,101681584,οἱ,the,135,
2885,101681585,πρῶτοί,first,135,
2886,101681586,μου,my,135,
2887,101681587,κατήγοροι,accusers,135,
2888,101681588,κατηγόρουν,accused,135,
2889,101681589,αὕτη,this,135,
2890,101681590,ἔστω,let it be,135,
2891,101681591,ἱκανὴ,sufficient,135,
2892,101681592,ἀπολογία,defense,135,
2893,101681593,πρὸς,toward,135,
2894,101681594,ὑμᾶς,you,135,
2895,101681595,.,.,135,
2896,101681596,πρὸς,against,136,
2897,101681597,δὲ,but,136,
2898,101681598,Μέλητον,Meletus,136,
2899,101681599,τὸν,the,136,
2900,101681600,ἀγαθὸν,good,136,
2901,101681601,καὶ,and,136,
2902,101681602,φιλόπολιν,patriotic,136,
2903,101681603,",",",",136,
2904,101681604,ὥς,as,136,
2905,101681605,φησι,says,136,
2906,101681606,",",",",136,
2907,101681607,καὶ,and,136,
2908,101681608,τοὺς,the,136,
2909,101681609,ὑστέρους,later,136,
2910,101681610,μετὰ,after,136,
2911,101681611,ταῦτα,these things,136,
2912,101681612,πειράσομαι,I shall try,136,
2913,101681613,ἀπολογήσασθαι,to defend myself,136,
2914,101681614,.,.,136,
2915,101681615,αὖθις,again,137,
2916,101681616,γὰρ,for,137,
2917,101681617,δή,indeed,137,
2918,101681618,",",",",137,
2919,101681619,ὥσπερ,just as,137,
2920,101681620,ἑτέρων,other,137,
2921,101681621,τούτων,these,137,
2922,101681622,ὄντων,being,137,
2923,101681623,κατηγόρων,accusers,137,
2924,101681624,",",",",137,
2925,101681625,λάβωμεν,let us take,137,
2926,101681626,αὖ,again,137,
2927,101681627,τὴν,the,137,
2928,101681628,τούτων,of these,137,
2929,101681629,ἀντωμοσίαν,affirmation,137,
2930,101681630,.,.,137,
2931,101681631,ἔχει,has,138,
2932,101681632,δέ,but,138,
2933,101681633,πως,somehow,138,
2934,101681634,ὧδε,as follows,138,
2935,101681635,.,.,138,
2936,101681636,Σωκράτη,Socrates,139,
2937,101681637,φησὶν,says,139,
2938,101681638,ἀδικεῖν,to do injustice,139,
2939,101681639,τούς,the,139,
2940,101681640,τε,and,139,
2941,101681641,νέους,young men,139,
2942,101681642,διαφθείροντα,corrupting,139,
2943,101681643,καὶ,and,139,
2944,101681644,θεοὺς,gods,139,
2945,101681645,οὓς,whom,139,
2946,101681646,ἡ,the,139,
2947,101681647,πόλις,city,139,
2948,101681648,νομίζει,believes,139,
2949,101681649,οὐ,not,139,
2950,101681650,νομίζοντα,not believing,139,
2951,101681651,",",",",139,
2952,101681652,ἕτερα,other,139,
2953,101681653,δὲ,but,139,
2954,101681654,δαιμόνια,divine things,139,
2955,101681655,καινά,new,139,
2956,101681656,.,.,139,
2957,101681657,τὸ,the,140,
2958,101681658,μὲν,indeed,140,
2959,101681659,δὴ,indeed,140,
2960,101681660,ἔγκλημα,charge,140,
2961,101681661,τοιοῦτόν,such,140,
2962,101681662,ἐστιν,is,140,
2963,101681663,.,.,140,
2964,101681664,τούτου,this,141,
2965,101681665,δὲ,but,141,
2966,101681666,τοῦ,the,141,
2967,101681667,ἐγκλήματος,charge,141,
2968,101681668,ἓν,one,141,
2969,101681669,ἕκαστον,each,141,
2970,101681670,ἐξετάσωμεν,let us examine,141,
2971,101681671,.,.,141,
2972,101681672,φησὶ,says,142,
2973,101681673,γὰρ,for,142,
2974,101681674,δὴ,indeed,142,
2975,101681675,τοὺς,the,142,
2976,101681676,νέους,young men,142,
2977,101681677,ἀδικεῖν,to wrong,142,
2978,101681678,με,me,142,
2979,101681679,διαφθείροντα,corrupting,142,
2980,101681680,.,.,142,
2981,101681681,ἐγὼ,I,143,
2982,101681682,δέ,but,143,
2983,101681683,γε,indeed,143,
2984,101681684,",",",",143,
2985,101681685,ὦ,O,143,
2986,101681686,ἄνδρες,men,143,
2987,101681687,Ἀθηναῖοι,Athenians,143,
2988,101681688,",",",",143,
2989,101681689,ἀδικεῖν,to do injustice,143,
2990,101681690,φημι,say,143,
2991,101681691,Μέλητον,Meletus,143,
2992,101681692,",",",",143,
2993,101681693,ὅτι,that,143,
2994,101681694,σπουδῇ,ardently,143,
2995,101681695,χαριεντίζεται,takes pleasure,143,
2996,101681696,",",",",143,
2997,101681697,ῥᾳδίως,easily,143,
2998,101681698,εἰς,into,143,
2999,101681699,ἀγῶνα,trial,143,
3000,101681700,καθιστὰς,placing,143,
3001,101681701,ἀνθρώπους,people,143,
3002,101681702,",",",",143,
3003,101681703,περὶ,about,143,
3004,101681704,πραγμάτων,things,143,
3005,101681705,προσποιούμενος,pretending,143,
3006,101681706,σπουδάζειν,to take seriously,143,
3007,101681707,καὶ,and,143,
3008,101681708,κήδεσθαι,to care,143,
3009,101681709,ὧν,of which,143,
3010,101681710,οὐδὲν,none,143,
3011,101681711,τούτῳ,this,143,
3012,101681712,πώποτε,ever,143,
3013,101681713,ἐμέλησεν,cared,143,
3014,101681714,.,.,143,
3015,101681715,ὡς,as,144,
3016,101681716,δὲ,but,144,
3017,101681717,τοῦτο,this,144,
3018,101681718,οὕτως,thus,144,
3019,101681719,ἔχει,is,144,
3020,101681720,",",",",144,
3021,101681721,πειράσομαι,I will try,144,
3022,101681722,καὶ,and,144,
3023,101681723,ὑμῖν,to you,144,
3024,101681724,ἐπιδεῖξαι,to demonstrate,144,
3025,101681725,.,.,144,
3026,101681726,καί,and,145,
3027,101681727,μοι,me,145,
3028,101681728,δεῦρο,here,145,
3029,101681729,",",",",145,
3030,101681730,ὦ,O,145,
3031,101681731,Μέλητε,Meletus,145,
3032,101681732,",",",",145,
3033,101681733,εἰπέ,say!,145,
3034,101681734,.,.,145,
3035,101681735,ἄλλο,another,146,
3036,101681736,τι,something,146,
3037,101681737,ἢ,or,146,
3038,101681738,περὶ,about,146,
3039,101681739,πλείστου,of greatest importance,146,
3040,101681740,ποιῇ,make,146,
3041,101681741,ὅπως,so that,146,
3042,101681742,ὡς,as,146,
3043,101681743,βέλτιστοι,best,146,
3044,101681744,οἱ,the,146,
3045,101681745,νεώτεροι,younger,146,
3046,101681746,ἔσονται,will be,146,
3047,101681747,;,?,146,
3048,101681748,ἔγωγε,I indeed,147,
3049,101681749,.,.,147,
3050,101681750,ἴθι,go,148,
3051,101681751,δή,now,148,
3052,101681752,νυν,now,148,
3053,101681753,εἰπὲ,say,148,
3054,101681754,τούτοις,these,148,
3055,101681755,",",",",148,
3056,101681756,τίς,who,148,
3057,101681757,αὐτοὺς,them,148,
3058,101681758,βελτίους,better,148,
3059,101681759,ποιεῖ,make,148,
3060,101681760,;,;,148,
3061,101681761,δῆλον,clear,149,
3062,101681762,γὰρ,for,149,
3063,101681763,ὅτι,that,149,
3064,101681764,οἶσθα,you know,149,
3065,101681765,",",",",149,
3066,101681766,μέλον,is a concern,149,
3067,101681767,γέ,indeed,149,
3068,101681768,σοι,you,149,
3069,101681769,.,.,149,
3070,101681770,τὸν,the,150,
3071,101681771,μὲν,indeed,150,
3072,101681772,γὰρ,for,150,
3073,101681773,διαφθείροντα,corrupting,150,
3074,101681774,ἐξευρών,having discovered,150,
3075,101681775,",",",",150,
3076,101681776,ὡς,as,150,
3077,101681777,φῄς,you say,150,
3078,101681778,",",",",150,
3079,101681779,ἐμέ,me,150,
3080,101681780,",",",",150,
3081,101681781,εἰσάγεις,you lead,150,
3082,101681782,τουτοισὶ,them,150,
3083,101681783,καὶ,and,150,
3084,101681784,κατηγορεῖς,accuse,150,
3085,101681785,.,.,150,
3086,101681786,τὸν,the,151,
3087,101681787,δὲ,but,151,
3088,101681788,δὴ,indeed,151,
3089,101681789,βελτίους,better,151,
3090,101681790,ποιοῦντα,making,151,
3091,101681791,ἴθι,go,151,
3092,101681792,εἰπὲ,say,151,
3093,101681793,καὶ,and,151,
3094,101681794,μήνυσον,report,151,
3095,101681795,αὐτοῖς,them,151,
3096,101681796,τίς,who,151,
3097,101681797,ἐστιν,is,151,
3098,101681798,.,.,151,
3099,101681799,—,—,152,
3100,101681800,ὁρᾷς,you see,152,
3101,101681801,",",",",152,
3102,101681802,ὦ,O,152,
3103,101681803,Μέλητε,Meletus,152,
3104,101681804,",",",",152,
3105,101681805,ὅτι,that,152,
3106,101681806,σιγᾷς,be silent,152,
3107,101681807,καὶ,and,152,
3108,101681808,οὐκ,not,152,
3109,101681809,ἔχεις,have,152,
3110,101681810,εἰπεῖν,to say,152,
3111,101681811,;,?,152,
3112,101681812,καίτοι,yet,153,
3113,101681813,οὐκ,not,153,
3114,101681814,αἰσχρόν,shameful,153,
3115,101681815,σοι,to you,153,
3116,101681816,δοκεῖ,seems,153,
3117,101681817,εἶναι,to be,153,
3118,101681818,καὶ,and,153,
3119,101681819,ἱκανὸν,sufficient,153,
3120,101681820,τεκμήριον,proof,153,
3121,101681821,οὗ,what,153,
3122,101681822,δὴ,indeed,153,
3123,101681823,ἐγὼ,I,153,
3124,101681824,λέγω,say,153,
3125,101681825,",",",",153,
3126,101681826,ὅτι,that,153,
3127,101681827,σοι,to you,153,
3128,101681828,οὐδὲν,nothing,153,
3129,101681829,μεμέληκεν,has been a matter of concern,153,
3130,101681830,;,;,153,
3131,101681831,ἀλλ’,but,154,
3132,101681832,εἰπέ,speak,154,
3133,101681833,",",",",154,
3134,101681834,ὠγαθέ,good man,154,
3135,101681835,",",",",154,
3136,101681836,τίς,who,154,
3137,101681837,αὐτοὺς,them,154,
3138,101681838,ἀμείνους,better,154,
3139,101681839,ποιεῖ,make,154,
3140,101681840,;,;,154,
3141,101681841,οἱ,the,155,
3142,101681842,νόμοι,laws,155,
3143,101681843,.,.,155,
3144,101681844,ἀλλ’,but,156,
3145,101681845,οὐ,not,156,
3146,101681846,τοῦτο,this,156,
3147,101681847,ἐρωτῶ,I ask,156,
3148,101681848,",",",",156,
3149,101681849,ὦ,O,156,
3150,101681850,βέλτιστε,most excellent,156,
3151,101681851,",",",",156,
3152,101681852,ἀλλὰ,but,156,
3153,101681853,τίς,which,156,
3154,101681854,ἄνθρωπος,man,156,
3155,101681855,",",",",156,
3156,101681856,ὅστις,who,156,
3157,101681857,πρῶτον,first,156,
3158,101681858,καὶ,and,156,
3159,101681859,αὐτὸ,this very,156,
3160,101681860,τοῦτο,this,156,
3161,101681861,οἶδε,knows,156,
3162,101681862,",",",",156,
3163,101681863,τοὺς,the,156,
3164,101681864,νόμους,laws,156,
3165,101681865,;,;,156,
3166,101681866,οὗτοι,these,157,
3167,101681867,",",",",157,
3168,101681868,ὦ,O,157,
3169,101681869,Σώκρατες,Socrates,157,
3170,101681870,",",",",157,
3171,101681871,οἱ,the,157,
3172,101681872,δικασταί,jurors,157,
3173,101681873,.,.,157,
3174,101681874,πῶς,how,158,
3175,101681875,λέγεις,you say,158,
3176,101681876,",",",",158,
3177,101681877,ὦ,O,158,
3178,101681878,Μέλητε,Meletus,158,
3179,101681879,;,;,158,
3180,101681880,οἵδε,these,159,
3181,101681881,τοὺς,the,159,
3182,101681882,νέους,young men,159,
3183,101681883,παιδεύειν,to educate,159,
3184,101681884,οἷοί,capable,159,
3185,101681885,τέ,and,159,
3186,101681886,εἰσι,are,159,
3187,101681887,καὶ,and,159,
3188,101681888,βελτίους,better,159,
3189,101681889,ποιοῦσιν,make,159,
3190,101681890,;,?,159,
3191,101681891,μάλιστα,especially,160,
3192,101681892,.,.,160,
3193,101681893,πότερον,whether,161,
3194,101681894,ἅπαντες,all,161,
3195,101681895,",",",",161,
3196,101681896,ἢ,or,161,
3197,101681897,οἱ,some,161,
3198,101681898,μὲν,on the one hand,161,
3199,101681899,αὐτῶν,of them,161,
3200,101681900,",",",",161,
3201,101681901,οἱ,the others,161,
3202,101681902,δ’,but,161,
3203,101681903,οὔ,not,161,
3204,101681904,;,?,161,
3205,101681905,ἅπαντες,all,162,
3206,101681906,.,.,162,
3207,101681907,εὖ,well,163,
3208,101681908,γε,indeed,163,
3209,101681909,νὴ,indeed,163,
3210,101681910,τὴν,the,163,
3211,101681911,Ἥραν,Hera,163,
3212,101681912,λέγεις,you say,163,
3213,101681913,καὶ,and,163,
3214,101681914,πολλὴν,great,163,
3215,101681915,ἀφθονίαν,abundance,163,
3216,101681916,τῶν,of the,163,
3217,101681917,ὠφελούντων,of those benefiting,163,
3218,101681918,.,.,163,
3219,101681919,τί,what,164,
3220,101681920,δὲ,and,164,
3221,101681921,δή,indeed,164,
3222,101681922,;,;,164,
3223,101681923,οἱ,the,165,
3224,101681924,δὲ,but,165,
3225,101681925,ἀκροαταὶ,hearers,165,
3226,101681926,βελτίους,better,165,
3227,101681927,ποιοῦσιν,make,165,
3228,101681928,ἢ,or,165,
3229,101681929,οὔ,not,165,
3230,101681930,;,?,165,
3231,101681931,καὶ,and,166,
3232,101681932,οὗτοι,these,166,
3233,101681933,.,.,166,
3234,101681934,τί,what,167,
3235,101681935,δέ,but,167,
3236,101681936,",",",",167,
3237,101681937,οἱ,the,167,
3238,101681938,βουλευταί,councillors,167,
3239,101681939,;,;,167,
3240,101681940,καὶ,and,168,
3241,101681941,οἱ,the,168,
3242,101681942,βουλευταί,senators,168,
3243,101681943,.,.,168,
3244,101681944,ἀλλ’,but,169,
3245,101681945,ἄρα,then,169,
3246,101681946,",",",",169,
3247,101681947,ὦ,O,169,
3248,101681948,Μέλητε,Meletus,169,
3249,101681949,",",",",169,
3250,101681950,μὴ,not,169,
3251,101681951,οἱ,the,169,
3252,101681952,ἐν,in,169,
3253,101681953,τῇ,the,169,
3254,101681954,ἐκκλησίᾳ,assembly,169,
3255,101681955,",",",",169,
3256,101681956,οἱ,the,169,
3257,101681957,ἐκκλησιασταί,assemblymen,169,
3258,101681958,",",",",169,
3259,101681959,διαφθείρουσι,corrupt,169,
3260,101681960,τοὺς,the,169,
3261,101681961,νεωτέρους,the young,169,
3262,101681962,;,;,169,
3263,101681963,ἢ,do,170,
3264,101681964,κα-,and,170,
3265,101681965,κἀκεῖνοι,those,170,
3266,101681966,βελτίους,better,170,
3267,101681967,ποιοῦσιν,do,170,
3268,101681968,ἅπαντες,all,170,
3269,101681969,;,;,170,
3270,101681970,κα-,and,171,
3271,101681971,κἀκεῖνοι,those,171,
3272,101681972,.,.,171,
3273,101681973,πάντες,all,172,
3274,101681974,ἄρα,then,172,
3275,101681975,",",",",172,
3276,101681976,ὡς,as,172,
3277,101681977,ἔοικεν,seems,172,
3278,101681978,",",",",172,
3279,101681979,Ἀθηναῖοι,Athenians,172,
3280,101681980,καλοὺς,good-looking,172,
3281,101681981,κα-,and,172,
3282,101681982,κἀγαθοὺς,good,172,
3283,101681983,ποιοῦσι,make,172,
3284,101681984,πλὴν,except,172,
3285,101681985,ἐμοῦ,me,172,
3286,101681986,",",",",172,
3287,101681987,ἐγὼ,I,172,
3288,101681988,δὲ,but,172,
3289,101681989,μόνος,alone,172,
3290,101681990,διαφθείρω,I corrupt,172,
3291,101681991,.,.,172,
3292,101681992,οὕτω,in this way,173,
3293,101681993,λέγεις,you say,173,
3294,101681994,;,?,173,
3295,101681995,πάνυ,very,174,
3296,101681996,σφόδρα,very,174,
3297,101681997,ταῦτα,these,174,
3298,101681998,λέγω,I say,174,
3299,101681999,.,.,174,
3300,101682000,πολλήν,much,175,
3301,101682001,γέ,indeed,175,
3302,101682002,μου,of me,175,
3303,101682003,κατέγνωκας,you have judged,175,
3304,101682004,δυστυχίαν,misfortune,175,
3305,101682005,.,.,175,
3306,101682006,καί,and,176,
3307,101682007,μοι,to me,176,
3308,101682008,ἀπόκριναι,answer,176,
3309,101682009,.,.,176,
3310,101682010,ἦ,or,177,
3311,101682011,καὶ,and,177,
3312,101682012,περὶ,about,177,
3313,101682013,ἵππους,horses,177,
3314,101682014,οὕτω,thus,177,
3315,101682015,σοι,to you,177,
3316,101682016,δοκεῖ,seems,177,
3317,101682017,ἔχειν,to be,177,
3318,101682018,;,?,177,
3319,101682019,οἱ,the,178,
3320,101682020,μὲν,on the one hand,178,
3321,101682021,βελτίους,better,178,
3322,101682022,ποιοῦντες,making,178,
3323,101682023,αὐτοὺς,themselves,178,
3324,101682024,πάντες,all,178,
3325,101682025,ἄνθρωποι,men,178,
3326,101682026,εἶναι,to be,178,
3327,101682027,",",",",178,
3328,101682028,εἷς,one,178,
3329,101682029,δέ,but,178,
3330,101682030,τις,someone,178,
3331,101682031,ὁ,the,178,
3332,101682032,διαφθείρων,corrupting,178,
3333,101682033,;,;,178,
3334,101682034,ἢ,or,179,
3335,101682035,το-,the,179,
3336,101682036,τοὐναντίον,on the contrary,179,
3337,101682037,τούτου,of this,179,
3338,101682038,πᾶν,all,179,
3339,101682039,εἷς,the,179,
3340,101682040,μέν,on the one hand,179,
3341,101682041,τις,someone,179,
3342,101682042,ὁ,the,179,
3343,101682043,βελτίους,better,179,
3344,101682044,οἷός,able,179,
3345,101682045,τ’,and,179,
3346,101682046,ὢν,being,179,
3347,101682047,ποιεῖν,to do,179,
3348,101682048,ἢ,or,179,
3349,101682049,πάνυ,very,179,
3350,101682050,ὀλίγοι,few,179,
3351,101682051,",",",",179,
3352,101682052,οἱ,the,179,
3353,101682053,ἱππικοί,horsemen,179,
3354,101682054,",",",",179,
3355,101682055,οἱ,the,179,
3356,101682056,δὲ,but,179,
3357,101682057,πολλοὶ,many,179,
3358,101682058,ἐάνπερ,if,179,
3359,101682059,συνῶσι,associate with,179,
3360,101682060,καὶ,and,179,
3361,101682061,χρῶνται,they use,179,
3362,101682062,ἵπποις,horses,179,
3363,101682063,",",",",179,
3364,101682064,διαφθείρουσιν,they ruin,179,
3365,101682065,;,?,179,
3366,101682066,οὐχ,not,180,
3367,101682067,οὕτως,thus,180,
3368,101682068,ἔχει,is the case,180,
3369,101682069,",",",",180,
3370,101682070,ὦ,O,180,
3371,101682071,Μέλητε,Meletus,180,
3372,101682072,",",",",180,
3373,101682073,καὶ,and,180,
3374,101682074,περὶ,about,180,
3375,101682075,ἵππων,of horses,180,
3376,101682076,καὶ,and,180,
3377,101682077,τῶν,of the,180,
3378,101682078,ἄλλων,other,180,
3379,101682079,ἁπάντων,all,180,
3380,101682080,ζῴων,of animals,180,
3381,101682081,;,;,180,
3382,101682082,πάντως,at all,181,
3383,101682083,δήπου,surely,181,
3384,101682084,",",",",181,
3385,101682085,ἐάν,if,181,
3386,101682086,-τε,and,181,
3387,101682087,σὺ,you,181,
3388,101682088,καὶ,and,181,
3389,101682089,Ἄνυτος,Anytus,181,
3390,101682090,οὐ,not,181,
3391,101682091,φῆτε,say,181,
3392,101682092,ἐάν,if,181,
3393,101682093,-τε,or,181,
3394,101682094,φῆτε,say,181,
3395,101682095,.,.,181,
3396,101682096,πολλὴ,great,182,
3397,101682097,γὰρ,for,182,
3398,101682098,ἄν,would,182,
3399,101682099,τις,some,182,
3400,101682100,εὐδαιμονία,happiness,182,
3401,101682101,εἴη,would be,182,
3402,101682102,περὶ,about,182,
3403,101682103,τοὺς,the,182,
3404,101682104,νέους,young men,182,
3405,101682105,εἰ,if,182,
3406,101682106,εἷς,one,182,
3407,101682107,μὲν,indeed,182,
3408,101682108,μόνος,alone,182,
3409,101682109,αὐτοὺς,them,182,
3410,101682110,διαφθείρει,corrupts,182,
3411,101682111,",",",",182,
3412,101682112,οἱ,the,182,
3413,101682113,δ’,but,182,
3414,101682114,ἄλλοι,others,182,
3415,101682115,ὠφελοῦσιν,benefit,182,
3416,101682116,.,.,182,
3417,101682117,ἀλλὰ,but,183,
3418,101682118,γάρ,for,183,
3419,101682119,",",",",183,
3420,101682120,ὦ,O,183,
3421,101682121,Μέλητε,Meletus,183,
3422,101682122,",",",",183,
3423,101682123,ἱκανῶς,sufficiently,183,
3424,101682124,ἐπιδείκνυσαι,you demonstrate,183,
3425,101682125,ὅτι,that,183,
3426,101682126,οὐδεπώποτε,not yet ever,183,
3427,101682127,ἐφρόντισας,you have cared,183,
3428,101682128,τῶν,the,183,
3429,101682129,νέων,of the young,183,
3430,101682130,",",",",183,
3431,101682131,καὶ,and,183,
3432,101682132,σαφῶς,clearly,183,
3433,101682133,ἀποφαίνεις,you declare,183,
3434,101682134,τὴν,the,183,
3435,101682135,σαυτοῦ,your,183,
3436,101682136,ἀμέλειαν,neglect,183,
3437,101682137,",",",",183,
3438,101682138,ὅτι,that,183,
3439,101682139,οὐδέν,nothing,183,
3440,101682140,σοι,you,183,
3441,101682141,μεμέληκεν,has cared,183,
3442,101682142,περὶ,about,183,
3443,101682143,ὧν,of which,183,
3444,101682144,ἐμὲ,me,183,
3445,101682145,εἰσάγεις,you bring forward,183,
3446,101682146,.,.,183,
3447,101682147,ἔτι,furthermore,184,
3448,101682148,δὲ,but,184,
3449,101682149,ἡμῖν,us,184,
3450,101682150,εἰπέ,say,184,
3451,101682151,",",",",184,
3452,101682152,ὦ,oh,184,
3453,101682153,πρὸς,by,184,
3454,101682154,Διὸς,of Zeus,184,
3455,101682155,Μέλητε,Melitus,184,
3456,101682156,",",",",184,
3457,101682157,πότερόν,whether,184,
3458,101682158,ἐστιν,is,184,
3459,101682159,οἰκεῖν,to dwell,184,
3460,101682160,ἄμεινον,better,184,
3461,101682161,ἐν,among,184,
3462,101682162,πολίταις,citizens,184,
3463,101682163,χρηστοῖς,good,184,
3464,101682164,ἢ,or,184,
3465,101682165,πονηροῖς,wicked,184,
3466,101682166,;,;,184,
3467,101682167,ὦ,O,185,
3468,101682168,τάν,Sir,185,
3469,101682169,",",",",185,
3470,101682170,ἀπόκριναι,answer,185,
3471,101682171,.,.,185,
3472,101682172,οὐδὲν,nothing,186,
3473,101682173,γάρ,for,186,
3474,101682174,τοι,to you,186,
3475,101682175,χαλεπὸν,difficult,186,
3476,101682176,ἐρωτῶ,I ask,186,
3477,101682177,.,.,186,
3478,101682178,οὐχ,not,187,
3479,101682179,οἱ,the,187,
3480,101682180,μὲν,on the one hand,187,
3481,101682181,πονηροὶ,wicked,187,
3482,101682182,κακόν,bad,187,
3483,101682183,τι,something,187,
3484,101682184,ἐργάζονται,do,187,
3485,101682185,τοὺς,the,187,
3486,101682186,ἀεὶ,always,187,
3487,101682187,ἐγγυτάτω,closest,187,
3488,101682188,αὑτῶν,themselves,187,
3489,101682189,ὄντας,being,187,
3490,101682190,",",",",187,
3491,101682191,οἱ,those,187,
3492,101682192,δ’,but,187,
3493,101682193,ἀγαθοὶ,the good,187,
3494,101682194,ἀγαθόν,good,187,
3495,101682195,τι,something,187,
3496,101682196,;,?,187,
3497,101682197,πάνυ,very,188,
3498,101682198,γε,indeed,188,
3499,101682199,.,.,188,
3500,101682200,ἔστιν,there is,189,
3501,101682201,οὖν,therefore,189,
3502,101682202,ὅστις,someone,189,
3503,101682203,βούλεται,wishes,189,
3504,101682204,ὑπὸ,by,189,
3505,101682205,τῶν,the,189,
3506,101682206,συνόντων,being present,189,
3507,101682207,βλάπτεσθαι,to be harmed,189,
3508,101682208,μᾶλλον,more,189,
3509,101682209,ἢ,than,189,
3510,101682210,ὠφελεῖσθαι,to be benefited,189,
3511,101682211,;,?,189,
3512,101682212,ἀποκρίνου,answer!,190,
3513,101682213,",",",",190,
3514,101682214,ὦ,O,190,
3515,101682215,ἀγαθέ,good,190,
3516,101682216,.,.,190,
3517,101682217,καὶ,for,191,
3518,101682218,γὰρ,for,191,
3519,101682219,ὁ,the,191,
3520,101682220,νόμος,law,191,
3521,101682221,κελεύει,orders,191,
3522,101682222,ἀποκρίνεσθαι,to answer,191,
3523,101682223,.,.,191,
3524,101682224,ἔσθ',is there,192,
3525,101682225,ὅστις,anyone,192,
3526,101682226,βούλεται,wishes,192,
3527,101682227,βλάπτεσθαι,to be harmed,192,
3528,101682228,;,;,192,
3529,101682229,οὐ,not,193,
3530,101682230,δῆτα,then,193,
3531,101682231,.,.,193,
3532,101682232,φέρε,come,194,
3533,101682233,δή,then,194,
3534,101682234,",",",",194,
3535,101682235,πότερον,whether,194,
3536,101682236,ἐμὲ,me,194,
3537,101682237,εἰσάγεις,bring,194,
3538,101682238,δεῦρο,here,194,
3539,101682239,ὡς,as,194,
3540,101682240,διαφθείροντα,corrupting,194,
3541,101682241,τοὺς,the,194,
3542,101682242,νέους,young men,194,
3543,101682243,καὶ,and,194,
3544,101682244,πονηροτέρους,worse,194,
3545,101682245,ποιοῦντα,making,194,
3546,101682246,ἑκόντα,willingly,194,
3547,101682247,ἢ,or,194,
3548,101682248,ἄκοντα,unwilling,194,
3549,101682249,;,;,194,
3550,101682250,ἑκόντα,willingly,195,
3551,101682251,ἔγωγε,I at least,195,
3552,101682252,.,.,195,
3553,101682253,τί,what,196,
3554,101682254,δῆτα,then,196,
3555,101682255,",",",",196,
3556,101682256,ὦ,O,196,
3557,101682257,Μέλητε,Meletus,196,
3558,101682258,;,?,196,
3559,101682259,τοσοῦτον,so great,197,
3560,101682260,σὺ,you,197,
3561,101682261,ἐμοῦ,of me,197,
3562,101682262,σοφώτερος,wiser,197,
3563,101682263,εἶ,are,197,
3564,101682264,τηλικούτου,of such great,197,
3565,101682265,ὄντος,being,197,
3566,101682266,τηλικόσδε,so great,197,
3567,101682267,ὤν,being,197,
3568,101682268,",",",",197,
3569,101682269,ὥστε,so that,197,
3570,101682270,σὺ,you,197,
3571,101682271,μὲν,on the one hand,197,
3572,101682272,ἔγνωκας,you have known,197,
3573,101682273,ὅτι,that,197,
3574,101682274,οἱ,the,197,
3575,101682275,μὲν,on the one hand,197,
3576,101682276,κακοὶ,bad,197,
3577,101682277,κακόν,bad,197,
3578,101682278,τι,something,197,
3579,101682279,ἐργάζονται,do,197,
3580,101682280,ἀεὶ,always,197,
3581,101682281,τοὺς,the,197,
3582,101682282,μάλιστα,most,197,
3583,101682283,πλησίον,nearest,197,
3584,101682284,ἑαυτῶν,of themselves,197,
3585,101682285,",",",",197,
3586,101682286,οἱ,those,197,
3587,101682287,δὲ,but,197,
3588,101682288,ἀγαθοὶ,the good,197,
3589,101682289,ἀγαθόν,good,197,
3590,101682290,",",",",197,
3591,101682291,ἐγὼ,I,197,
3592,101682292,δὲ,but,197,
3593,101682293,δὴ,indeed,197,
3594,101682294,εἰς,to,197,
3595,101682295,τοσοῦτον,so great,197,
3596,101682296,ἀμαθίας,ignorance,197,
3597,101682297,ἥκω,have reached,197,
3598,101682298,ὥστε,so that,197,
3599,101682299,καὶ,even,197,
3600,101682300,τοῦτ',this,197,
3601,101682301,ἀγνοῶ,I do not know,197,
3602,101682302,",",",",197,
3603,101682303,ὅτι,that,197,
3604,101682304,ἐάν,if,197,
3605,101682305,τινα,anyone,197,
3606,101682306,μοχθηρὸν,wicked,197,
3607,101682307,ποιήσω,do,197,
3608,101682308,τῶν,of the,197,
3609,101682309,συνόντων,being present,197,
3610,101682310,",",",",197,
3611,101682311,κινδυνεύσω,I will risk,197,
3612,101682312,κακόν,harm,197,
3613,101682313,τι,some,197,
3614,101682314,λαβεῖν,to receive,197,
3615,101682315,ὑπ',by,197,
3616,101682316,αὐτοῦ,from him,197,
3617,101682317,",",",",197,
3618,101682318,ὥστε,so that,197,
3619,101682319,τοῦτο,this,197,
3620,101682320,τὸ,the,197,
3621,101682321,τοσοῦτον,such,197,
3622,101682322,κακὸν,harm,197,
3623,101682323,ἑκὼν,willingly,197,
3624,101682324,ποιῶ,do,197,
3625,101682325,",",",",197,
3626,101682326,ὡς,as,197,
3627,101682327,φῂς,you say,197,
3628,101682328,σύ,you,197,
3629,101682329,;,?,197,
3630,101682330,ταῦτα,these,198,
3631,101682331,ἐγώ,I,198,
3632,101682332,σοι,you,198,
3633,101682333,οὐ,not,198,
3634,101682334,πείθομαι,trust,198,
3635,101682335,",",",",198,
3636,101682336,ὦ,O,198,
3637,101682337,Μέλητε,Meletus,198,
3638,101682338,",",",",198,
3639,101682339,οἶμαι,I think,198,
3640,101682340,δὲ,and,198,
3641,101682341,οὐ,not,198,
3642,101682342,-δὲ,and,198,
3643,101682343,ἄλλον,other,198,
3644,101682344,ἀνθρώπων,of men,198,
3645,101682345,οὐδένα,no one,198,
3646,101682346,.,.,198,
3647,101682347,ἀλλ’,but,199,
3648,101682348,ἢ,or,199,
3649,101682349,οὐ,not,199,
3650,101682350,διαφθείρω,I corrupt,199,
3651,101682351,",",",",199,
3652,101682352,ἢ,but,199,
3653,101682353,εἰ,if,199,
3654,101682354,διαφθείρω,I corrupt,199,
3655,101682355,",",",",199,
3656,101682356,ἄκων,unwillingly,199,
3657,101682357,",",",",199,
3658,101682358,ὥστε,so that,199,
3659,101682359,σύ,you,199,
3660,101682360,γε,indeed,199,
3661,101682361,κατ',in,199,
3662,101682362,ἀμφότερα,both,199,
3663,101682363,ψεύδῃ,speak falsely,199,
3664,101682364,.,.,199,
3665,101682365,εἰ,if,200,
3666,101682366,δὲ,but,200,
3667,101682367,ἄκων,unwillingly,200,
3668,101682368,διαφθείρω,corrupt,200,
3669,101682369,",",",",200,
3670,101682370,τῶν,of the,200,
3671,101682371,τοιούτων,such,200,
3672,101682372,καὶ,and,200,
3673,101682373,ἀκουσίων,unintentional,200,
3674,101682374,ἁμαρτημάτων,mistakes,200,
3675,101682375,οὐ,not,200,
3676,101682376,δεῦρο,here,200,
3677,101682377,νόμος,law,200,
3678,101682378,εἰσάγειν,to introduce,200,
3679,101682379,ἐστίν,is,200,
3680,101682380,",",",",200,
3681,101682381,ἀλλὰ,but,200,
3682,101682382,ἰδίᾳ,privately,200,
3683,101682383,λαβόντα,taking,200,
3684,101682384,διδάσκειν,to teach,200,
3685,101682385,καὶ,and,200,
3686,101682386,νουθετεῖν,to admonish,200,
3687,101682387,.,.,200,
3688,101682388,δῆλον,clear,201,
3689,101682389,γὰρ,for,201,
3690,101682390,ὅτι,that,201,
3691,101682391,ἐὰν,if,201,
3692,101682392,μάθω,learn,201,
3693,101682393,",",",",201,
3694,101682394,παύσομαι,I shall cease,201,
3695,101682395,ὅ,I,201,
3696,101682396,γε,indeed,201,
3697,101682397,ἄκων,unwillingly,201,
3698,101682398,ποιῶ,doing,201,
3699,101682399,.,.,201,
3700,101682400,σὺ,you,202,
3701,101682401,δὲ,but,202,
3702,101682402,συγγενέσθαι,to be related,202,
3703,101682403,μέν,indeed,202,
3704,101682404,μοι,to me,202,
3705,101682405,καὶ,and,202,
3706,101682406,διδάξαι,to teach,202,
3707,101682407,ἔφυγες,you fled,202,
3708,101682408,καὶ,and,202,
3709,101682409,οὐκ,not,202,
3710,101682410,ἠθέλησας,you wanted,202,
3711,101682411,",",",",202,
3712,101682412,δεῦρο,hither,202,
3713,101682413,δὲ,but,202,
3714,101682414,εἰσάγεις,you bring,202,
3715,101682415,",",",",202,
3716,101682416,οἷ,now,202,
3717,101682417,νόμος,law,202,
3718,101682418,ἐστὶν,is,202,
3719,101682419,εἰσάγειν,to lead in,202,
3720,101682420,τοὺς,the,202,
3721,101682421,κολάσεως,of punishment,202,
3722,101682422,δεομένους,needing,202,
3723,101682423,ἀλλ’,but,202,
3724,101682424,οὐ,not,202,
3725,101682425,μαθήσεως,learning,202,
3726,101682426,.,.,202,
3727,101682427,ἀλλὰ,but,203,
3728,101682428,γάρ,for,203,
3729,101682429,",",",",203,
3730,101682430,ὦ,O,203,
3731,101682431,ἄνδρες,men,203,
3732,101682432,Ἀθηναῖοι,Athenians,203,
3733,101682433,",",",",203,
3734,101682434,τοῦτο,this,203,
3735,101682435,μὲν,indeed,203,
3736,101682436,ἤδη,already,203,
3737,101682437,δῆλον,clear,203,
3738,101682438,ὁ-,that,203,
3739,101682439,οὑγὼ,I,203,
3740,101682440,ἔλεγον,I was saying,203,
3741,101682441,",",",",203,
3742,101682442,ὅτι,that,203,
3743,101682443,Μελήτῳ,Meletus,203,
3744,101682444,τούτων,these,203,
3745,101682445,οὔ,not,203,
3746,101682446,-τε,-neither,203,
3747,101682447,μέγα,great,203,
3748,101682448,οὔ,not,203,
3749,101682449,-τε,and,203,
3750,101682450,μικρὸν,little,203,
3751,101682451,πώποτε,ever,203,
3752,101682452,ἐμέλησεν,cared,203,
3753,101682453,.,.,203,
3754,101682454,ὅμως,however,204,
3755,101682455,δὲ,but,204,
3756,101682456,δὴ,indeed,204,
3757,101682457,λέγε,say,204,
3758,101682458,ἡμῖν,us,204,
3759,101682459,",",",",204,
3760,101682460,πῶς,how,204,
3761,101682461,με,me,204,
3762,101682462,φῂς,say,204,
3763,101682463,διαφθείρειν,to corrupt,204,
3764,101682464,",",",",204,
3765,101682465,ὦ,O,204,
3766,101682466,Μέλητε,Meletus,204,
3767,101682467,",",",",204,
3768,101682468,τοὺς,the,204,
3769,101682469,νεωτέρους,young men,204,
3770,101682470,;,?,204,
3771,101682471,ἢ,it,205,
3772,101682472,δῆλον,clear,205,
3773,101682473,δὴ,indeed,205,
3774,101682474,ὅτι,that,205,
3775,101682475,κατὰ,according to,205,
3776,101682476,τὴν,the,205,
3777,101682477,γραφὴν,indictment,205,
3778,101682478,ἣν,which,205,
3779,101682479,ἐγράψω,wrote,205,
3780,101682480,θεοὺς,gods,205,
3781,101682481,διδάσκοντα,teaching,205,
3782,101682482,μὴ,not,205,
3783,101682483,νομίζειν,to think,205,
3784,101682484,οὓς,whom,205,
3785,101682485,ἡ,the,205,
3786,101682486,πόλις,city,205,
3787,101682487,νομίζει,believes,205,
3788,101682488,",",",",205,
3789,101682489,ἕτερα,other,205,
3790,101682490,δὲ,but,205,
3791,101682491,δαιμόνια,divine beings,205,
3792,101682492,καινά,new,205,
3793,101682493,;,;,205,
3794,101682494,οὐ,not,206,
3795,101682495,ταῦτα,these,206,
3796,101682496,λέγεις,say,206,
3797,101682497,ὅτι,that,206,
3798,101682498,διδάσκων,teaching,206,
3799,101682499,διαφθείρω,corrupt,206,
3800,101682500,;,?,206,
3801,101682501,πάνυ,very,207,
3802,101682502,μὲν,indeed,207,
3803,101682503,οὖν,therefore,207,
3804,101682504,σφόδρα,very strongly,207,
3805,101682505,ταῦτα,these,207,
3806,101682506,λέγω,I say,207,
3807,101682507,.,.,207,
3808,101682508,πρὸς,to,208,
3809,101682509,αὐτῶν,their,208,
3810,101682510,τοίνυν,then,208,
3811,101682511,",",",",208,
3812,101682512,ὦ,O,208,
3813,101682513,Μέλητε,Meletus,208,
3814,101682514,",",",",208,
3815,101682515,τούτων,of these,208,
3816,101682516,τῶν,of the,208,
3817,101682517,θεῶν,of the gods,208,
3818,101682518,ὧν,of whom,208,
3819,101682519,νῦν,now,208,
3820,101682520,ὁ,the,208,
3821,101682521,λόγος,account,208,
3822,101682522,ἐστίν,is,208,
3823,101682523,",",",",208,
3824,101682524,εἰπὲ,say,208,
3825,101682525,ἔτι,more,208,
3826,101682526,σαφέστερον,more clearly,208,
3827,101682527,καὶ,and,208,
3828,101682528,ἐμοὶ,to me,208,
3829,101682529,καὶ,and,208,
3830,101682530,τοῖς,the,208,
3831,101682531,ἀνδράσιν,men,208,
3832,101682532,τουτοισί,these,208,
3833,101682533,.,.,208,
3834,101682534,ἐγὼ,I,209,
3835,101682535,γὰρ,for,209,
3836,101682536,οὐ,not,209,
3837,101682537,δύναμαι,am able,209,
3838,101682538,μαθεῖν,to learn,209,
3839,101682539,πότερον,whether,209,
3840,101682540,λέγεις,you say,209,
3841,101682541,διδάσκειν,to teach,209,
3842,101682542,με,me,209,
3843,101682543,νομίζειν,to think,209,
3844,101682544,εἶναί,to be,209,
3845,101682545,τινας,some,209,
3846,101682546,θεούς,gods,209,
3847,101682547,—,—,209,
3848,101682548,καὶ,and,209,
3849,101682549,αὐτὸς,myself,209,
3850,101682550,ἄρα,then,209,
3851,101682551,νομίζω,believe,209,
3852,101682552,εἶναι,to be,209,
3853,101682553,θεοὺς,gods,209,
3854,101682554,καὶ,and,209,
3855,101682555,οὐκ,not,209,
3856,101682556,εἰμὶ,am,209,
3857,101682557,τὸ,the,209,
3858,101682558,παράπαν,at all,209,
3859,101682559,ἄθεος,atheist,209,
3860,101682560,οὐ,not,209,
3861,101682561,-δὲ,and,209,
3862,101682562,ταύτῃ,in this way,209,
3863,101682563,ἀδικῶ,do injustice,209,
3864,101682564,—,—,209,
3865,101682565,οὐ,not,209,
3866,101682566,μέντοι,however,209,
3867,101682567,οὕσπερ,such,209,
3868,101682568,γε,indeed,209,
3869,101682569,ἡ,the,209,
3870,101682570,πόλις,city,209,
3871,101682571,ἀλλὰ,but,209,
3872,101682572,ἑτέρους,others,209,
3873,101682573,",",",",209,
3874,101682574,καὶ,and,209,
3875,101682575,τοῦτ',this,209,
3876,101682576,ἔστιν,is,209,
3877,101682577,ὅ,that,209,
3878,101682578,μοι,me,209,
3879,101682579,ἐγκαλεῖς,accuse,209,
3880,101682580,",",",",209,
3881,101682581,ὅτι,that,209,
3882,101682582,ἑτέρους,others,209,
3883,101682583,",",",",209,
3884,101682584,ἢ,or,209,
3885,101682585,παντάπασί,completely,209,
3886,101682586,με,me,209,
3887,101682587,φῂς,say,209,
3888,101682588,οὔ,not,209,
3889,101682589,-τε,and,209,
3890,101682590,αὐτὸν,himself,209,
3891,101682591,νομίζειν,to think,209,
3892,101682592,θεοὺς,gods,209,
3893,101682593,τούς,the,209,
3894,101682594,τε,and,209,
3895,101682595,ἄλλους,others,209,
3896,101682596,ταῦτα,these things,209,
3897,101682597,διδάσκειν,to teach,209,
3898,101682598,.,.,209,
3899,101682599,ταῦτα,these things,210,
3900,101682600,λέγω,say,210,
3901,101682601,",",",",210,
3902,101682602,ὡς,as,210,
3903,101682603,τὸ,the,210,
3904,101682604,παράπαν,at all,210,
3905,101682605,οὐ,not,210,
3906,101682606,νομίζεις,you think,210,
3907,101682607,θεούς,gods,210,
3908,101682608,.,.,210,
3909,101682609,ὦ,O,211,
3910,101682610,θαυμάσιε,wonderful,211,
3911,101682611,Μέλητε,Meletus,211,
3912,101682612,",",",",211,
3913,101682613,ἵνα,why,211,
3914,101682614,τί,at all,211,
3915,101682615,ταῦτα,these things,211,
3916,101682616,λέγεις,speak,211,
3917,101682617,;,;,211,
3918,101682618,οὐ,not,212,
3919,101682619,-δὲ,-de,212,
3920,101682620,ἥλιον,sun,212,
3921,101682621,οὐ,not,212,
3922,101682622,-δὲ,and,212,
3923,101682623,σελήνην,moon,212,
3924,101682624,ἄρα,then,212,
3925,101682625,νομίζω,I consider,212,
3926,101682626,θεοὺς,gods,212,
3927,101682627,εἶναι,to be,212,
3928,101682628,",",",",212,
3929,101682629,ὥσπερ,just as,212,
3930,101682630,οἱ,the,212,
3931,101682631,ἄλλοι,other,212,
3932,101682632,ἄνθρωποι,men,212,
3933,101682633,;,;,212,
3934,101682634,μὰ,By,213,
3935,101682635,Δί’,by Zeus,213,
3936,101682636,",",",",213,
3937,101682637,ὦ,O,213,
3938,101682638,ἄνδρες,men,213,
3939,101682639,δικασταί,jurymen,213,
3940,101682640,",",",",213,
3941,101682641,ἐπεὶ,since,213,
3942,101682642,τὸν,the,213,
3943,101682643,μὲν,on the one hand,213,
3944,101682644,ἥλιον,the sun,213,
3945,101682645,λίθον,stone,213,
3946,101682646,φησὶν,says,213,
3947,101682647,εἶναι,to be,213,
3948,101682648,",",",",213,
3949,101682649,τὴν,the,213,
3950,101682650,δὲ,but,213,
3951,101682651,σελήνην,moon,213,
3952,101682652,γῆν,earth,213,
3953,101682653,.,.,213,
3954,101682654,Ἀναξαγόρου,of Anaxagoras,214,
3955,101682655,οἴει,think,214,
3956,101682656,κατηγορεῖν,to accuse,214,
3957,101682657,",",",",214,
3958,101682658,ὦ,O,214,
3959,101682659,φίλε,friend,214,
3960,101682660,Μέλητε,Meletus,214,
3961,101682661,;,?,214,
3962,101682662,καὶ,and,215,
3963,101682663,οὕτω,thus,215,
3964,101682664,καταφρονεῖς,you despise,215,
3965,101682665,τῶνδε,these,215,
3966,101682666,καὶ,and,215,
3967,101682667,οἴει,you think,215,
3968,101682668,αὐτοὺς,them,215,
3969,101682669,ἀπείρους,unskilled,215,
3970,101682670,γραμμάτων,of letters,215,
3971,101682671,εἶναι,to be,215,
3972,101682672,ὥστε,so that,215,
3973,101682673,οὐκ,not,215,
3974,101682674,εἰδέναι,to know,215,
3975,101682675,ὅτι,that,215,
3976,101682676,τὰ,the,215,
3977,101682677,Ἀναξαγόρου,of Anaxagoras,215,
3978,101682678,βιβλία,books,215,
3979,101682679,τοῦ,of,215,
3980,101682680,Κλαζομενίου,of Clazomenae,215,
3981,101682681,γέμει,are full,215,
3982,101682682,τούτων,these,215,
3983,101682683,τῶν,of the,215,
3984,101682684,λόγων,arguments,215,
3985,101682685,;,?,215,
3986,101682686,καὶ,and,216,
3987,101682687,δὴ,indeed,216,
3988,101682688,καὶ,and,216,
3989,101682689,οἱ,the,216,
3990,101682690,νέοι,young men,216,
3991,101682691,ταῦτα,these things,216,
3992,101682692,παρ’,from,216,
3993,101682693,ἐμοῦ,from me,216,
3994,101682694,μανθάνουσιν,learn,216,
3995,101682695,",",",",216,
3996,101682696,ἃ,which,216,
3997,101682697,ἔξεστιν,it is permitted,216,
3998,101682698,ἐνίοτε,sometimes,216,
3999,101682699,εἰ,if,216,
4000,101682700,πάνυ,very,216,
4001,101682701,πολλοῦ,many,216,
4002,101682702,δραχμῆς,drachmas,216,
4003,101682703,ἐκ,out of,216,
4004,101682704,τῆς,the,216,
4005,101682705,ὀρχήστρας,orchestra,216,
4006,101682706,πριαμένοις,having bought,216,
4007,101682707,Σωκράτους,of Socrates,216,
4008,101682708,καταγελᾶν,to mock,216,
4009,101682709,",",",",216,
4010,101682710,ἐὰν,if,216,
4011,101682711,προσποιῆται,pretends,216,
4012,101682712,ἑαυτοῦ,of himself,216,
4013,101682713,εἶναι,to be,216,
4014,101682714,",",",",216,
4015,101682715,ἄλλως,otherwise,216,
4016,101682716,τε,and,216,
4017,101682717,καὶ,and,216,
4018,101682718,οὕτως,in this way,216,
4019,101682719,ἄτοπα,strange,216,
4020,101682720,ὄντα,being,216,
4021,101682721,;,;,216,
4022,101682722,ἀλλ’,but,217,
4023,101682723,",",",",217,
4024,101682724,ὦ,O,217,
4025,101682725,πρὸς,by,217,
4026,101682726,Διός,by Zeus,217,
4027,101682727,",",",",217,
4028,101682728,οὑτωσί,thus,217,
4029,101682729,σοι,to you,217,
4030,101682730,δοκῶ,it seems,217,
4031,101682731,;,;,217,
4032,101682732,οὐδένα,no one,218,
4033,101682733,νομίζω,I consider,218,
4034,101682734,θεὸν,god,218,
4035,101682735,εἶναι,to be,218,
4036,101682736,;,?,218,
4037,101682737,οὐ,not,219,
4038,101682738,μέντοι,however,219,
4039,101682739,μὰ,by,219,
4040,101682740,Δία,by Zeus,219,
4041,101682741,οὐ,not,219,
4042,101682742,-δ’,and,219,
4043,101682743,ὁπωστιοῦν,whatever,219,
4044,101682744,.,.,219,
4045,101682745,ἄπιστός,unbelievable,220,
4046,101682746,γ’,indeed,220,
4047,101682747,εἶ,is,220,
4048,101682748,",",",",220,
4049,101682749,ὦ,O,220,
4050,101682750,Μέλητε,Meletus,220,
4051,101682751,",",",",220,
4052,101682752,καὶ,and,220,
4053,101682753,ταῦτα,these things,220,
4054,101682754,μέντοι,however,220,
4055,101682755,",",",",220,
4056,101682756,ὡς,as,220,
4057,101682757,ἐμοὶ,to me,220,
4058,101682758,δοκεῖς,you seem,220,
4059,101682759,",",",",220,
4060,101682760,σαυτῷ,to yourself,220,
4061,101682761,.,.,220,
4062,101682762,ἐμοὶ,to me,221,
4063,101682763,γὰρ,for,221,
4064,101682764,δοκεῖ,it seems,221,
4065,101682765,οὑτοσί,this man,221,
4066,101682766,",",",",221,
4067,101682767,ὦ,O,221,
4068,101682768,ἄνδρες,men,221,
4069,101682769,Ἀθηναῖοι,Athenians,221,
4070,101682770,",",",",221,
4071,101682771,πάνυ,very,221,
4072,101682772,εἶναι,to be,221,
4073,101682773,ὑβριστὴς,insolent,221,
4074,101682774,καὶ,and,221,
4075,101682775,ἀκόλαστος,unrestrained,221,
4076,101682776,",",",",221,
4077,101682777,καὶ,and,221,
4078,101682778,ἀτεχνῶς,artlessly,221,
4079,101682779,τὴν,this,221,
4080,101682780,γραφὴν,indictment,221,
4081,101682781,ταύτην,this,221,
4082,101682782,ὕβρει,insolence,221,
4083,101682783,τινὶ,some,221,
4084,101682784,καὶ,and,221,
4085,101682785,ἀκολασίᾳ,profligacy,221,
4086,101682786,καὶ,and,221,
4087,101682787,νεότητι,youth,221,
4088,101682788,γράψασθαι,to have written,221,
4089,101682789,.,.,221,
4090,101682790,ἔοικεν,it seems,222,
4091,101682791,γὰρ,for,222,
4092,101682792,ὥσπερ,just as,222,
4093,101682793,αἴνιγμα,riddle,222,
4094,101682794,συντιθέντι,putting together,222,
4095,101682795,διαπειρωμένῳ,testing,222,
4096,101682796,,,222,
4097,101682797,ἆρα,then,222,
4098,101682798,γνώσεται,will know,222,
4099,101682799,Σωκράτης,Socrates,222,
4100,101682800,ὁ,the,222,
4101,101682801,σοφὸς,wise,222,
4102,101682802,δὴ,indeed,222,
4103,101682803,ἐμοῦ,me,222,
4104,101682804,χαριεντιζομένου,jesting,222,
4105,101682805,καὶ,or,222,
4106,101682806,ἐναντί',against,222,
4107,101682807,ἐμαυτῷ,to myself,222,
4108,101682808,λέγοντος,speaking,222,
4109,101682809,",",",",222,
4110,101682810,ἢ,or,222,
4111,101682811,ἐξαπατήσω,I may deceive,222,
4112,101682812,αὐτὸν,him,222,
4113,101682813,καὶ,and,222,
4114,101682814,τοὺς,the,222,
4115,101682815,ἄλλους,others,222,
4116,101682816,τοὺς,the,222,
4117,101682817,ἀκούοντας,listening,222,
4118,101682818,,,222,
4119,101682819,;,?,222,
4120,101682820,οὗτος,this,223,
4121,101682821,γὰρ,for,223,
4122,101682822,ἐμοὶ,to me,223,
4123,101682823,φαίνεται,appears,223,
4124,101682824,τὰ,the,223,
4125,101682825,ἐναντία,contrary things,223,
4126,101682826,λέγειν,to say,223,
4127,101682827,αὐτὸς,himself,223,
4128,101682828,ἑαυτῷ,himself,223,
4129,101682829,ἐν,in,223,
4130,101682830,τῇ,the,223,
4131,101682831,γραφῇ,indictment,223,
4132,101682832,ὥσπερ,just as,223,
4133,101682833,ἂν,if,223,
4134,101682834,εἰ,if,223,
4135,101682835,εἴποι,would say,223,
4136,101682836,.,.,223,
4137,101682837,,,224,
4138,101682838,ἀδικεῖ,wrongs,224,
4139,101682839,Σωκράτης,Socrates,224,
4140,101682840,θεοὺς,gods,224,
4141,101682841,οὐ,not,224,
4142,101682842,νομίζων,thinking,224,
4143,101682843,",",",",224,
4144,101682844,ἀλλὰ,but,224,
4145,101682845,θεοὺς,gods,224,
4146,101682846,νομίζων,believing,224,
4147,101682847, , ,224,
4148,101682848,.,.,224,
4149,101682849,καίτοι,yet,225,
4150,101682850,τοῦτό,this,225,
4151,101682851,ἐστι,is,225,
4152,101682852,παίζοντος,playing,225,
4153,101682853,.,.,225,
4154,101682854,συνεπισκέψασθε,consider together,226,
4155,101682855,δή,now,226,
4156,101682856,",",",",226,
4157,101682857,ὦ,O,226,
4158,101682858,ἄνδρες,men,226,
4159,101682859,",",",",226,
4160,101682860,ᾗ,seems,226,
4161,101682861,μοι,to me,226,
4162,101682862,φαίνεται,it seems,226,
4163,101682863,ταῦτα,these,226,
4164,101682864,λέγειν,to say,226,
4165,101682865,.,.,226,
4166,101682866,σὺ,you,227,
4167,101682867,δὲ,but,227,
4168,101682868,ἡμῖν,us,227,
4169,101682869,ἀπόκριναι,answer,227,
4170,101682870,",",",",227,
4171,101682871,ὦ,O,227,
4172,101682872,Μέλητε,Meletus,227,
4173,101682873,.,.,227,
4174,101682874,ὑμεῖς,you,228,
4175,101682875,δέ,but,228,
4176,101682876,",",",",228,
4177,101682877,ὅπερ,which,228,
4178,101682878,κατ’,at,228,
4179,101682879,ἀρχὰς,beginnings,228,
4180,101682880,ὑμᾶς,you,228,
4181,101682881,παρῃτησάμην,I begged,228,
4182,101682882,",",",",228,
4183,101682883,μέμνησθέ,remember,228,
4184,101682884,μοι,to me,228,
4185,101682885,μὴ,not,228,
4186,101682886,θορυβεῖν,to make a disturbance,228,
4187,101682887,ἐὰν,if,228,
4188,101682888,ἐν,in,228,
4189,101682889,τῷ,the,228,
4190,101682890,εἰωθότι,usual,228,
4191,101682891,τρόπῳ,manner,228,
4192,101682892,τοὺς,the,228,
4193,101682893,λόγους,speeches,228,
4194,101682894,ποιῶμαι,speak,228,
4195,101682895,.,.,228,
4196,101682896,ἔστιν,there is,229,
4197,101682897,ὅστις,someone,229,
4198,101682898,ἀνθρώπων,of men,229,
4199,101682899,",",",",229,
4200,101682900,ὦ,O,229,
4201,101682901,Μέλητε,Meletus,229,
4202,101682902,",",",",229,
4203,101682903,ἀνθρώπεια,human,229,
4204,101682904,μὲν,indeed,229,
4205,101682905,νομίζει,believes,229,
4206,101682906,πράγματ’,things,229,
4207,101682907,εἶναι,to-be,229,
4208,101682908,",",",",229,
4209,101682909,ἀνθρώπους,men,229,
4210,101682910,δὲ,but,229,
4211,101682911,οὐ,not,229,
4212,101682912,νομίζει,believes,229,
4213,101682913,;,;,229,
4214,101682914,ἀποκρινέσθω,let him answer,230,
4215,101682915,",",",",230,
4216,101682916,ὦ,O,230,
4217,101682917,ἄνδρες,men,230,
4218,101682918,",",",",230,
4219,101682919,καὶ,and,230,
4220,101682920,μὴ,not,230,
4221,101682921,ἄλλα,one thing,230,
4222,101682922,καὶ,and,230,
4223,101682923,ἄλλα,other,230,
4224,101682924,θορυβείτω,makes a disturbance,230,
4225,101682925,.,.,230,
4226,101682926,ἔσθ’,Is,231,
4227,101682927,ὅστις,someone,231,
4228,101682928,ἵππους,horses,231,
4229,101682929,μὲν,indeed,231,
4230,101682930,οὐ,not,231,
4231,101682931,νομίζει,believes,231,
4232,101682932,",",",",231,
4233,101682933,ἱππικὰ,horse-training,231,
4234,101682934,δὲ,and,231,
4235,101682935,πράγματα,matters,231,
4236,101682936,;,?,231,
4237,101682937,ἢ,the,232,
4238,101682938,αὐλητὰς,flute-players,232,
4239,101682939,μὲν,on the one hand,232,
4240,101682940,οὐ,not,232,
4241,101682941,νομίζει,thinks,232,
4242,101682942,εἶναι,to be,232,
4243,101682943,",",",",232,
4244,101682944,αὐλητικὰ,flute-playing,232,
4245,101682945,δὲ,but,232,
4246,101682946,πράγματα,matters,232,
4247,101682947,;,;,232,
4248,101682948,οὐκ,not,233,
4249,101682949,ἔστιν,is,233,
4250,101682950,",",",",233,
4251,101682951,ὦ,O,233,
4252,101682952,ἄριστε,best,233,
4253,101682953,ἀνδρῶν,of men,233,
4254,101682954,.,.,233,
4255,101682955,εἰ,if,234,
4256,101682956,μὴ,not,234,
4257,101682957,σὺ,you,234,
4258,101682958,βούλει,wish,234,
4259,101682959,ἀποκρίνεσθαι,to answer,234,
4260,101682960,",",",",234,
4261,101682961,ἐγὼ,I,234,
4262,101682962,σοὶ,to you,234,
4263,101682963,λέγω,say,234,
4264,101682964,καὶ,and,234,
4265,101682965,τοῖς,the,234,
4266,101682966,ἄλλοις,others,234,
4267,101682967,τουτοισί,these,234,
4268,101682968,.,.,234,
4269,101682969,ἀλλὰ,but,235,
4270,101682970,τὸ,this,235,
4271,101682971,ἐπὶ,on,235,
4272,101682972,τούτῳ,this,235,
4273,101682973,γε,at least,235,
4274,101682974,ἀπόκριναι,answer,235,
4275,101682975,.,.,235,
4276,101682976,ἔσθ’,is there,236,
4277,101682977,ὅστις,someone,236,
4278,101682978,δαιμόνια,divine,236,
4279,101682979,μὲν,on the one hand,236,
4280,101682980,νομίζει,thinks,236,
4281,101682981,πράγματ’,things,236,
4282,101682982,εἶναι,to be,236,
4283,101682983,",",",",236,
4284,101682984,δαίμονας,spirits,236,
4285,101682985,δὲ,but,236,
4286,101682986,οὐ,not,236,
4287,101682987,νομίζει,believes,236,
4288,101682988,;,;,236,
4289,101682989,οὐκ,not,237,
4290,101682990,ἔστιν,is,237,
4291,101682991,.,.,237,
4292,101682992,ὡς,how,238,
4293,101682993,ὤνησας,you benefited,238,
4294,101682994,ὅτι,that,238,
4295,101682995,μόγις,with difficulty,238,
4296,101682996,ἀπεκρίνω,answered,238,
4297,101682997,ὑπὸ,by,238,
4298,101682998,τουτωνὶ,these,238,
4299,101682999,ἀναγκαζόμενος,being compelled,238,
4300,101683000,.,.,238,
4301,101683001,οὐκοῦν,then,239,
4302,101683002,δαιμόνια,divine,239,
4303,101683003,μὲν,on the one hand,239,
4304,101683004,φῄς,say,239,
4305,101683005,με,me,239,
4306,101683006,καὶ,and,239,
4307,101683007,νομίζειν,to believe,239,
4308,101683008,καὶ,and,239,
4309,101683009,διδάσκειν,to teach,239,
4310,101683010,",",",",239,
4311,101683011,εἴ,whether,239,
4312,101683012,-τ’,and,239,
4313,101683013,οὖν,then,239,
4314,101683014,καινὰ,new,239,
4315,101683015,εἴ,if,239,
4316,101683016,-τε,-or,239,
4317,101683017,παλαιά,old,239,
4318,101683018,",",",",239,
4319,101683019,ἀλλ’,but,239,
4320,101683020,οὖν,then,239,
4321,101683021,δαιμόνιά,divine things,239,
4322,101683022,γε,indeed,239,
4323,101683023,νομίζω,I hold,239,
4324,101683024,κατὰ,according to,239,
4325,101683025,τὸν,the,239,
4326,101683026,σὸν,your,239,
4327,101683027,λόγον,argument,239,
4328,101683028,",",",",239,
4329,101683029,καὶ,and,239,
4330,101683030,ταῦτα,these,239,
4331,101683031,καὶ,and,239,
4332,101683032,διωμόσω,I will swear an oath,239,
4333,101683033,ἐν,in,239,
4334,101683034,τῇ,the,239,
4335,101683035,ἀντιγραφῇ,copy,239,
4336,101683036,.,.,239,
4337,101683037,εἰ,if,240,
4338,101683038,δὲ,but,240,
4339,101683039,δαιμόνια,divine,240,
4340,101683040,νομίζω,I hold,240,
4341,101683041,",",",",240,
4342,101683042,καὶ,and,240,
4343,101683043,δαίμονας,spirits,240,
4344,101683044,δήπου,presumably,240,
4345,101683045,πολλὴ,great,240,
4346,101683046,ἀνάγκη,necessity,240,
4347,101683047,νομίζειν,to think,240,
4348,101683048,μέ,me,240,
4349,101683049,ἐστιν,is,240,
4350,101683050,.,.,240,
4351,101683051,οὐχ,not,241,
4352,101683052,οὕτως,thus,241,
4353,101683053,ἔχει,is,241,
4354,101683054,;,?,241,
4355,101683055,ἔχει,has,242,
4356,101683056,δή,indeed,242,
4357,101683057,.,.,242,
4358,101683058,τίθημι,I put,243,
4359,101683059,γάρ,for,243,
4360,101683060,σε,you,243,
4361,101683061,ὁμολογοῦντα,admitting,243,
4362,101683062,",",",",243,
4363,101683063,ἐπειδὴ,since,243,
4364,101683064,οὐκ,not,243,
4365,101683065,ἀποκρίνῃ,answer,243,
4366,101683066,.,.,243,
4367,101683067,τοὺς,the,244,
4368,101683068,δὲ,but,244,
4369,101683069,δαίμονας,spirits,244,
4370,101683070,οὐχὶ,not,244,
4371,101683071,ἤτοι,either,244,
4372,101683072,θεούς,gods,244,
4373,101683073,γε,indeed,244,
4374,101683074,ἡγούμεθα,we consider,244,
4375,101683075,ἢ,or,244,
4376,101683076,θεῶν,of gods,244,
4377,101683077,παῖδας,children,244,
4378,101683078,;,;,244,
4379,101683079,φῂς,you say,245,
4380,101683080,ἢ,or,245,
4381,101683081,οὔ,not,245,
4382,101683082,;,;,245,
4383,101683083,πάνυ,very,246,
4384,101683084,γε,indeed,246,
4385,101683085,.,.,246,
4386,101683086,οὐκοῦν,then,247,
4387,101683087,εἴπερ,if indeed,247,
4388,101683088,δαίμονας,spirits,247,
4389,101683089,ἡγοῦμαι,I consider,247,
4390,101683090,",",",",247,
4391,101683091,ὡς,as,247,
4392,101683092,σὺ,you,247,
4393,101683093,φῄς,you say,247,
4394,101683094,",",",",247,
4395,101683095,εἰ,if,247,
4396,101683096,μὲν,indeed,247,
4397,101683097,θεοί,gods,247,
4398,101683098,τινές,some,247,
4399,101683099,εἰσιν,are,247,
4400,101683100,οἱ,the,247,
4401,101683101,δαίμονες,spirits,247,
4402,101683102,",",",",247,
4403,101683103,τοῦτ',this,247,
4404,101683104,ἂν,would,247,
4405,101683105,εἴη,would be,247,
4406,101683106,ὃ,that,247,
4407,101683107,ἐγώ,I,247,
4408,101683108,φημί,say,247,
4409,101683109,σε,you,247,
4410,101683110,αἰνίττεσθαι,to speak in riddles,247,
4411,101683111,καὶ,and,247,
4412,101683112,χαριεντίζεσθαι,to play the wittier,247,
4413,101683113,",",",",247,
4414,101683114,θεοὺς,gods,247,
4415,101683115,οὐχ,not,247,
4416,101683116,ἡγούμενον,thinking,247,
4417,101683117,φάναι,to say,247,
4418,101683118,με,me,247,
4419,101683119,θεοὺς,gods,247,
4420,101683120,αὖ,again,247,
4421,101683121,ἡγεῖσθαι,to regard,247,
4422,101683122,πάλιν,again,247,
4423,101683123,",",",",247,
4424,101683124,ἐπειδήπερ,since,247,
4425,101683125,γε,indeed,247,
4426,101683126,δαίμονας,spirits,247,
4427,101683127,ἡγοῦμαι,I consider,247,
4428,101683128,.,.,247,
4429,101683129,εἰ,if,248,
4430,101683130,δ’,but,248,
4431,101683131,αὖ,now,248,
4432,101683132,οἱ,the,248,
4433,101683133,δαίμονες,daimones,248,
4434,101683134,θεῶν,of gods,248,
4435,101683135,παῖδές,children,248,
4436,101683136,εἰσιν,are,248,
4437,101683137,νόθοι,illegitimate,248,
4438,101683138,τινὲς,some,248,
4439,101683139,ἢ,or,248,
4440,101683140,ἐκ,from,248,
4441,101683141,νυμφῶν,nymphs,248,
4442,101683142,ἢ,or,248,
4443,101683143,ἔκ,from,248,
4444,101683144,τινων,of some,248,
4445,101683145,ἄλλων,other,248,
4446,101683146,ὧν,of whom,248,
4447,101683147,δὴ,indeed,248,
4448,101683148,καὶ,and,248,
4449,101683149,λέγονται,are called,248,
4450,101683150,",",",",248,
4451,101683151,τίς,who,248,
4452,101683152,ἂν,would,248,
4453,101683153,ἀνθρώπων,men,248,
4454,101683154,θεῶν,of gods,248,
4455,101683155,μὲν,indeed,248,
4456,101683156,παῖδας,sons,248,
4457,101683157,ἡγοῖτο,would suppose,248,
4458,101683158,εἶναι,to be,248,
4459,101683159,",",",",248,
4460,101683160,θεοὺς,gods,248,
4461,101683161,δὲ,but,248,
4462,101683162,μή,not,248,
4463,101683163,;,;,248,
4464,101683164,ὁμοίως,similarly,249,
4465,101683165,γὰρ,for,249,
4466,101683166,ἂν,would,249,
4467,101683167,ἄτοπον,absurd,249,
4468,101683168,εἴη,would be,249,
4469,101683169,ὥσπερ,just as,249,
4470,101683170,ἂν,if,249,
4471,101683171,εἴ,if,249,
4472,101683172,τις,someone,249,
4473,101683173,ἵππων,horses,249,
4474,101683174,μὲν,indeed,249,
4475,101683175,παῖδας,children,249,
4476,101683176,ἡγοῖτο,would consider,249,
4477,101683177,ἢ,or,249,
4478,101683178,καὶ,and,249,
4479,101683179,ὄνων,of asses,249,
4480,101683180,",",",",249,
4481,101683181,τοὺς,the,249,
4482,101683182,ἡμιόνους,mules,249,
4483,101683183,",",",",249,
4484,101683184,ἵππους,horses,249,
4485,101683185,δὲ,but,249,
4486,101683186,καὶ,and,249,
4487,101683187,ὄνους,asses,249,
4488,101683188,μὴ,not,249,
4489,101683189,ἡγοῖτο,regard,249,
4490,101683190,εἶναι,to be,249,
4491,101683191,.,.,249,
4492,101683192,ἀλλ’,But,250,
4493,101683193,",",",",250,
4494,101683194,ὦ,O,250,
4495,101683195,Μέλητε,Meletus,250,
4496,101683196,",",",",250,
4497,101683197,οὐκ,not,250,
4498,101683198,ἔστιν,is,250,
4499,101683199,ὅπως,how,250,
4500,101683200,σὺ,you,250,
4501,101683201,ταῦτα,these things,250,
4502,101683202,οὐχὶ,not,250,
4503,101683203,ἀποπειρώμενος,trying,250,
4504,101683204,ἡμῶν,of us,250,
4505,101683205,ἐγράψω,I have written,250,
4506,101683206,τὴν,the,250,
4507,101683207,γραφὴν,indictment,250,
4508,101683208,ταύτην,this,250,
4509,101683209,ἢ,or,250,
4510,101683210,ἀπορῶν,being at a loss,250,
4511,101683211,ὅτι,that,250,
4512,101683212,ἐγκαλοῖς,you accuse,250,
4513,101683213,ἐμοὶ,me,250,
4514,101683214,ἀληθὲς,true,250,
4515,101683215,ἀδίκημα,wrongdoing,250,
4516,101683216,.,.,250,
4517,101683217,ὅπως,so that,251,
4518,101683218,δὲ,but,251,
4519,101683219,σύ,you,251,
4520,101683220,τινα,someone,251,
4521,101683221,πείθοις,you were persuading,251,
4522,101683222,ἂν,would,251,
4523,101683223,καὶ,and,251,
4524,101683224,σμικρὸν,small,251,
4525,101683225,νοῦν,mind,251,
4526,101683226,ἔχοντα,having,251,
4527,101683227,ἀνθρώπων,of men,251,
4528,101683228,",",",",251,
4529,101683229,ὡς,that,251,
4530,101683230,οὐ,not,251,
4531,101683231,τοῦ,of the,251,
4532,101683232,αὐτοῦ,of his own,251,
4533,101683233,ἔστιν,it is,251,
4534,101683234,καὶ,and,251,
4535,101683235,δαιμόνια,divine,251,
4536,101683236,καὶ,and,251,
4537,101683237,θεῖα,divine,251,
4538,101683238,ἡγεῖσθαι,to regard as,251,
4539,101683239,",",",",251,
4540,101683240,καὶ,and,251,
4541,101683241,αὖ,indeed,251,
4542,101683242,τοῦ,of it,251,
4543,101683243,αὐτοῦ,of it,251,
4544,101683244,μή,not,251,
4545,101683245,-τε,or,251,
4546,101683246,δαίμονας,divine beings,251,
4547,101683247,μή,not,251,
4548,101683248,-τε,-or,251,
4549,101683249,θεοὺς,gods,251,
4550,101683250,μή,not,251,
4551,101683251,-τε,neither,251,
4552,101683252,ἥρωας,heroes,251,
4553,101683253,",",",",251,
4554,101683254,οὐδεμία,no,251,
4555,101683255,μηχανή,device,251,
4556,101683256,ἐστιν,is,251,
4557,101683257,.,.,251,
4558,101683258,ἀλλὰ,but,252,
4559,101683259,γάρ,for,252,
4560,101683260,",",",",252,
4561,101683261,ὦ,O,252,
4562,101683262,ἄνδρες,men,252,
4563,101683263,Ἀθηναῖοι,Athenians,252,
4564,101683264,",",",",252,
4565,101683265,ὡς,that,252,
4566,101683266,μὲν,on the one hand,252,
4567,101683267,ἐγὼ,I,252,
4568,101683268,οὐκ,not,252,
4569,101683269,ἀδικῶ,I do wrong,252,
4570,101683270,κατὰ,regarding,252,
4571,101683271,τὴν,the,252,
4572,101683272,Μελήτου,of Meletus,252,
4573,101683273,γραφήν,indictment,252,
4574,101683274,",",",",252,
4575,101683275,οὐ,not,252,
4576,101683276,πολλῆς,much,252,
4577,101683277,μοι,to me,252,
4578,101683278,δοκεῖ,seems,252,
4579,101683279,εἶναι,to be,252,
4580,101683280,ἀπολογίας,defense,252,
4581,101683281,",",",",252,
4582,101683282,ἀλλὰ,but,252,
4583,101683283,ἱκανὰ,sufficient,252,
4584,101683284,καὶ,and,252,
4585,101683285,ταῦτα,these things,252,
4586,101683286,.,.,252,
4587,101683287,ὃ,those,253,
4588,101683288,δὲ,but,253,
4589,101683289,καὶ,and,253,
4590,101683290,ἐν,in,253,
4591,101683291,τοῖς,those,253,
4592,101683292,ἔμπροσθεν,before,253,
4593,101683293,ἔλεγον,they said,253,
4594,101683294,",",",",253,
4595,101683295,ὅτι,that,253,
4596,101683296,πολλή,great,253,
4597,101683297,μοι,to me,253,
4598,101683298,ἀπέχθεια,hostility,253,
4599,101683299,γέγονεν,has come to be,253,
4600,101683300,καὶ,and,253,
4601,101683301,πρὸς,towards,253,
4602,101683302,πολλούς,many,253,
4603,101683303,",",",",253,
4604,101683304,εὖ,well,253,
4605,101683305,ἴστε,you know,253,
4606,101683306,ὅτι,that,253,
4607,101683307,ἀληθές,true,253,
4608,101683308,ἐστιν,is,253,
4609,101683309,.,.,253,
4610,101683310,καὶ,and,254,
4611,101683311,τοῦτ’,this,254,
4612,101683312,ἔστιν,is,254,
4613,101683313,ὃ,what,254,
4614,101683314,ἐμὲ,me,254,
4615,101683315,αἱρεῖ,accuses,254,
4616,101683316,",",",",254,
4617,101683317,ἐάνπερ,if,254,
4618,101683318,αἱρῇ,take,254,
4619,101683319,",",",",254,
4620,101683320,οὐ,not,254,
4621,101683321,Μέλητος,Meletus,254,
4622,101683322,οὐ,not,254,
4623,101683323,-δὲ,-but,254,
4624,101683324,Ἄνυτος,Anytus,254,
4625,101683325,ἀλλ’,but,254,
4626,101683326,ἡ,the,254,
4627,101683327,τῶν,of the,254,
4628,101683328,πολλῶν,many,254,
4629,101683329,διαβολή,slander,254,
4630,101683330,τε,and,254,
4631,101683331,καὶ,and,254,
4632,101683332,φθόνος,envy,254,
4633,101683333,.,.,254,
4634,101683334,ἃ,these,255,
4635,101683335,δὴ,indeed,255,
4636,101683336,πολλοὺς,many,255,
4637,101683337,καὶ,and,255,
4638,101683338,ἄλλους,other,255,
4639,101683339,καὶ,and,255,
4640,101683340,ἀγαθοὺς,good,255,
4641,101683341,ἄνδρας,men,255,
4642,101683342,ᾕρηκεν,has found,255,
4643,101683343,",",",",255,
4644,101683344,οἶμαι,I think,255,
4645,101683345,δὲ,but,255,
4646,101683346,καὶ,and,255,
4647,101683347,αἱρήσει,by choosing,255,
4648,101683348,.,.,255,
4649,101683349,οὐδὲν,nothing,256,
4650,101683350,δὲ,but,256,
4651,101683351,δεινὸν,fearful,256,
4652,101683352,μὴ,not,256,
4653,101683353,ἐν,in,256,
4654,101683354,ἐμοὶ,in me,256,
4655,101683355,στῇ,will be,256,
4656,101683356,.,.,256,
4657,101683357,ἴσως,perhaps,257,
4658,101683358,ἂν,an,257,
4659,101683359,οὖν,therefore,257,
4660,101683360,εἴποι,would say,257,
4661,101683361,τις,someone,257,
4662,101683362,.,.,257,
4663,101683363,,,258,
4664,101683364,εἶτ’,and then,258,
4665,101683365,οὐκ,not,258,
4666,101683366,αἰσχύνῃ,is there shame,258,
4667,101683367,",",",",258,
4668,101683368,ὦ,O,258,
4669,101683369,Σώκρατες,Socrates,258,
4670,101683370,",",",",258,
4671,101683371,τοιοῦτον,such,258,
4672,101683372,ἐπιτήδευμα,practice,258,
4673,101683373,ἐπιτηδεύσας,having pursued,258,
4674,101683374,ἐξ,from,258,
4675,101683375,οὗ,from which,258,
4676,101683376,κινδυνεύεις,you are in danger,258,
4677,101683377,νυνὶ,now,258,
4678,101683378,ἀποθανεῖν,to die,258,
4679,101683379,,,258,
4680,101683380,;,?,258,
4681,101683381,ἐγὼ,I,259,
4682,101683382,δὲ,but,259,
4683,101683383,τούτῳ,to this,259,
4684,101683384,ἂν,would,259,
4685,101683385,δίκαιον,just,259,
4686,101683386,λόγον,speech,259,
4687,101683387,ἀντείποιμι,I should answer,259,
4688,101683388,",",",",259,
4689,101683389,ὅτι,that,259,
4690,101683390,,,259,
4691,101683391,οὐ,not,259,
4692,101683392,καλῶς,well,259,
4693,101683393,λέγεις,you say,259,
4694,101683394,",",",",259,
4695,101683395,ὦ,O,259,
4696,101683396,ἄνθρωπε,man,259,
4697,101683397,",",",",259,
4698,101683398,εἰ,if,259,
4699,101683399,οἴει,you think,259,
4700,101683400,δεῖν,to be afraid,259,
4701,101683401,κίνδυνον,danger,259,
4702,101683402,ὑπολογίζεσθαι,to reckon,259,
4703,101683403,τοῦ,of,259,
4704,101683404,ζῆν,to live,259,
4705,101683405,ἢ,or,259,
4706,101683406,τεθνάναι,to die,259,
4707,101683407,ἄνδρα,a man,259,
4708,101683408,ὅτου,whose,259,
4709,101683409,τι,some,259,
4710,101683410,καὶ,even,259,
4711,101683411,σμικρὸν,small,259,
4712,101683412,ὄφελός,benefit,259,
4713,101683413,ἐστιν,is,259,
4714,101683414,",",",",259,
4715,101683415,ἀλλ’,but,259,
4716,101683416,οὐκ,not,259,
4717,101683417,ἐκεῖνο,that,259,
4718,101683418,μόνον,only,259,
4719,101683419,σκοπεῖν,to consider,259,
4720,101683420,ὅταν,whenever,259,
4721,101683421,πράττῃ,does,259,
4722,101683422,",",",",259,
4723,101683423,πότερον,whether,259,
4724,101683424,δίκαια,just,259,
4725,101683425,ἢ,or,259,
4726,101683426,ἄδικα,unjust,259,
4727,101683427,πράττει,does,259,
4728,101683428,",",",",259,
4729,101683429,καὶ,and,259,
4730,101683430,ἀνδρὸς,of a man,259,
4731,101683431,ἀγαθοῦ,good,259,
4732,101683432,ἔργα,deeds,259,
4733,101683433,ἢ,or,259,
4734,101683434,κακοῦ,wicked,259,
4735,101683435,.,.,259,
4736,101683436,φαῦλοι,cowards,260,
4737,101683437,γὰρ,for,260,
4738,101683438,ἂν,would,260,
4739,101683439,τῷ,the,260,
4740,101683440,γε,even,260,
4741,101683441,σῷ,your,260,
4742,101683442,λόγῳ,in my argument,260,
4743,101683443,εἶεν,would be,260,
4744,101683444,τῶν,of the,260,
4745,101683445,ἡμιθέων,demigods,260,
4746,101683446,ὅσοι,as many as,260,
4747,101683447,ἐν,in,260,
4748,101683448,Τροίᾳ,Troy,260,
4749,101683449,τετελευτήκασιν,died,260,
4750,101683450,οἵ,the,260,
4751,101683451,τε,and,260,
4752,101683452,ἄλλοι,others,260,
4753,101683453,καὶ,and,260,
4754,101683454,ὁ,the,260,
4755,101683455,τῆς,of,260,
4756,101683456,Θέτιδος,of Thetis,260,
4757,101683457,υἱός,son,260,
4758,101683458,",",",",260,
4759,101683459,ὃς,who,260,
4760,101683460,τοσοῦτον,so great,260,
4761,101683461,τοῦ,of the,260,
4762,101683462,κινδύνου,danger,260,
4763,101683463,κατεφρόνησεν,despised,260,
4764,101683464,παρὰ,in addition to,260,
4765,101683465,τὸ,the,260,
4766,101683466,αἰσχρόν,shameful,260,
4767,101683467,τι,some,260,
4768,101683468,ὑπομεῖναι,to endure,260,
4769,101683469,ὥστε,so that,260,
4770,101683470,",",",",260,
4771,101683471,ἐπειδὴ,when,260,
4772,101683472,εἶπεν,said,260,
4773,101683473,ἡ,her,260,
4774,101683474,μήτηρ,mother,260,
4775,101683475,αὐτῷ,him,260,
4776,101683476,προθυμουμένῳ,wishing,260,
4777,101683477,Ἕκτορα,Hector,260,
4778,101683478,ἀποκτεῖναι,to kill,260,
4779,101683479,",",",",260,
4780,101683480,θεὸς,being a goddess,260,
4781,101683481,οὖσα,being,260,
4782,101683482,",",",",260,
4783,101683483,οὑτωσί,in this way,260,
4784,101683484,πως,somehow,260,
4785,101683485,",",",",260,
4786,101683486,ὡς,as,260,
4787,101683487,ἐγὼ,I,260,
4788,101683488,οἶμαι,I think,260,
4789,101683489,.,.,260,
4790,101683490,,,261,
4791,101683491,ὦ,O,261,
4792,101683492,παῖ,boy,261,
4793,101683493,",",",",261,
4794,101683494,εἰ,if,261,
4795,101683495,τιμωρήσεις,you will avenge,261,
4796,101683496,Πατρόκλῳ,Patroclus,261,
4797,101683497,τῷ,the,261,
4798,101683498,ἑταίρῳ,friend,261,
4799,101683499,τὸν,the,261,
4800,101683500,φόνον,murder,261,
4801,101683501,καὶ,and,261,
4802,101683502,Ἕκτορα,Hector,261,
4803,101683503,ἀποκτενεῖς,you will kill,261,
4804,101683504,",",",",261,
4805,101683505,αὐτὸς,you,261,
4806,101683506,ἀποθανῇ,you will die,261,
4807,101683507,—,—,261,
4808,101683508,αὐτίκα,immediately,261,
4809,101683509,γάρ,for,261,
4810,101683510,τοι,you,261,
4811,101683511,",",",",261,
4812,101683512,,,261,
4813,101683513,φησί,says,261,
4814,101683514,",",",",261,
4815,101683515, , ,261,
4816,101683516,μεθ',with,261,
4817,101683517,Ἕκτορα,Hector,261,
4818,101683518,πότμος,doom,261,
4819,101683519,ἑτοῖμος,ready,261,
4820,101683520, ,,261,
4821,101683521,—,—,261,
4822,101683522,ὁ,he,261,
4823,101683523,δὲ,but,261,
4824,101683524,τοῦτο,this,261,
4825,101683525,ἀκούσας,having heard,261,
4826,101683526,τοῦ,the,261,
4827,101683527,μὲν,indeed,261,
4828,101683528,θανάτου,of death,261,
4829,101683529,καὶ,and,261,
4830,101683530,τοῦ,of the,261,
4831,101683531,κινδύνου,danger,261,
4832,101683532,ὠλιγώρησε,paid no attention,261,
4833,101683533,",",",",261,
4834,101683534,πολὺ,much,261,
4835,101683535,δὲ,but,261,
4836,101683536,μᾶλλον,rather,261,
4837,101683537,δείσας,having feared,261,
4838,101683538,τὸ,the,261,
4839,101683539,ζῆν,living,261,
4840,101683540,κακὸς,wicked,261,
4841,101683541,ὢν,being,261,
4842,101683542,καὶ,and,261,
4843,101683543,τοῖς,the,261,
4844,101683544,φίλοις,friends,261,
4845,101683545,μὴ,not,261,
4846,101683546,τιμωρεῖν,to avenge,261,
4847,101683547,",",",",261,
4848,101683548,,,261,
4849,101683549,αὐτίκα,immediately,261,
4850,101683550,",",",",261,
4851,101683551,,,261,
4852,101683552,φησί,he says,261,
4853,101683553,",",",",261,
4854,101683554,,,261,
4855,101683555,τεθναίην,I would die,261,
4856,101683556,",",",",261,
4857,101683557,δίκην,punishment,261,
4858,101683558,ἐπιθεὶς,having inflicted,261,
4859,101683559,τῷ,the,261,
4860,101683560,ἀδικοῦντι,the wrongdoer,261,
4861,101683561,",",",",261,
4862,101683562,ἵνα,so that,261,
4863,101683563,μὴ,not,261,
4864,101683564,ἐνθάδε,here,261,
4865,101683565,μένω,remain,261,
4866,101683566,καταγέλαστος,despised,261,
4867,101683567,παρὰ,beside,261,
4868,101683568,νηυσὶ,ships,261,
4869,101683569,κορωνίσιν,crow-headed,261,
4870,101683570,ἄχθος,burden,261,
4871,101683571,ἀρούρης,of the field,261,
4872,101683572,,,261,
4873,101683573,.,.,261,
4874,101683574,μὴ,not,262,
4875,101683575,αὐτὸν,him,262,
4876,101683576,οἴει,think,262,
4877,101683577,φροντίσαι,to care,262,
4878,101683578,θανάτου,of death,262,
4879,101683579,καὶ,and,262,
4880,101683580,κινδύνου,danger,262,
4881,101683581,,,262,
4882,101683582,;,?,262,
4883,101683583,οὕτω,so,263,
4884,101683584,γὰρ,for,263,
4885,101683585,ἔχει,is,263,
4886,101683586,",",",",263,
4887,101683587,ὦ,O,263,
4888,101683588,ἄνδρες,men,263,
4889,101683589,Ἀθηναῖοι,Athenians,263,
4890,101683590,",",",",263,
4891,101683591,τῇ,the,263,
4892,101683592,ἀληθείᾳ,truth,263,
4893,101683593,.,.,263,
4894,101683594,οὗ,Not,264,
4895,101683595,ἄν,if,264,
4896,101683596,τις,anyone,264,
4897,101683597,ἑαυτὸν,himself,264,
4898,101683598,τάξῃ,should be appointed,264,
4899,101683599,ἡγησάμενος,thinking,264,
4900,101683600,βέλτιστον,best,264,
4901,101683601,εἶναι,to be,264,
4902,101683602,ἢ,if,264,
4903,101683603,ὑπ',by,264,
4904,101683604,ἄρχοντος,of a ruler,264,
4905,101683605,ταχθῇ,be assigned,264,
4906,101683606,",",",",264,
4907,101683607,ἐνταῦθα,there,264,
4908,101683608,δεῖ,it is necessary,264,
4909,101683609,",",",",264,
4910,101683610,ὡς,as,264,
4911,101683611,ἐμοὶ,to me,264,
4912,101683612,δοκεῖ,it seems,264,
4913,101683613,",",",",264,
4914,101683614,μένοντα,remaining,264,
4915,101683615,κινδυνεύειν,to risk,264,
4916,101683616,",",",",264,
4917,101683617,μηδὲν,nothing,264,
4918,101683618,ὑπολογιζόμενον,counting,264,
4919,101683619,μή,not,264,
4920,101683620,-τε,-or,264,
4921,101683621,θάνατον,death,264,
4922,101683622,μή,not,264,
4923,101683623,-τε,or,264,
4924,101683624,ἄλλο,anything else,264,
4925,101683625,μηδὲν,nothing,264,
4926,101683626,πρὸ,before,264,
4927,101683627,τοῦ,of the,264,
4928,101683628,αἰσχροῦ,shameful,264,
4929,101683629,.,.,264,
4930,101683630,ἐγὼ,I,265,
4931,101683631,οὖν,therefore,265,
4932,101683632,δεινὰ,terrible,265,
4933,101683633,ἂν,would,265,
4934,101683634,εἴην,would have been,265,
4935,101683635,εἰργασμένος,having done,265,
4936,101683636,",",",",265,
4937,101683637,ὦ,O,265,
4938,101683638,ἄνδρες,men,265,
4939,101683639,Ἀθηναῖοι,Athenians,265,
4940,101683640,",",",",265,
4941,101683641,εἰ,if,265,
4942,101683642,ὅτε,when,265,
4943,101683643,μέν,on the one hand,265,
4944,101683644,με,me,265,
4945,101683645,οἱ,the,265,
4946,101683646,ἄρχοντες,commanders,265,
4947,101683647,ἔταττον,ordered,265,
4948,101683648,",",",",265,
4949,101683649,οὓς,whom,265,
4950,101683650,ὑμεῖς,you,265,
4951,101683651,εἵλεσθε,chose,265,
4952,101683652,ἄρχειν,to rule,265,
4953,101683653,μου,of me,265,
4954,101683654,",",",",265,
4955,101683655,καὶ,and,265,
4956,101683656,ἐν,at,265,
4957,101683657,Ποτειδαίᾳ,Potidaea,265,
4958,101683658,καὶ,and,265,
4959,101683659,ἐν,in,265,
4960,101683660,Ἀμφιπόλει,Amphipolis,265,
4961,101683661,καὶ,and,265,
4962,101683662,ἐπὶ,at,265,
4963,101683663,Δηλίῳ,on Delos,265,
4964,101683664,",",",",265,
4965,101683665,τότε,then,265,
4966,101683666,μὲν,on the one hand,265,
4967,101683667,οὗ,not,265,
4968,101683668,ἐκεῖνοι,those,265,
4969,101683669,ἔταττον,ordered,265,
4970,101683670,ἔμενον,remained,265,
4971,101683671,ὥσπερ,just as,265,
4972,101683672,καὶ,and,265,
4973,101683673,ἄλλος,other,265,
4974,101683674,τις,anyone,265,
4975,101683675,καὶ,and,265,
4976,101683676,ἐκινδύνευον,was in danger,265,
4977,101683677,ἀποθανεῖν,to die,265,
4978,101683678,",",",",265,
4979,101683679,τοῦ,the,265,
4980,101683680,δὲ,but,265,
4981,101683681,θεοῦ,of god,265,
4982,101683682,τάττοντος,ordering,265,
4983,101683683,",",",",265,
4984,101683684,ὡς,as,265,
4985,101683685,ἐγὼ,I,265,
4986,101683686,ᾠήθην,I believed,265,
4987,101683687,τε,and,265,
4988,101683688,καὶ,and,265,
4989,101683689,ὑπέλαβον,I supposed,265,
4990,101683690,",",",",265,
4991,101683691,φιλοσοφοῦντά,philosophizing,265,
4992,101683692,με,me,265,
4993,101683693,δεῖν,to be necessary,265,
4994,101683694,ζῆν,to live,265,
4995,101683695,καὶ,and,265,
4996,101683696,ἐξετάζοντα,examining,265,
4997,101683697,ἐμαυτὸν,myself,265,
4998,101683698,καὶ,and,265,
4999,101683699,τοὺς,the,265,
5000,101683700,ἄλλους,others,265,
5001,101683701,",",",",265,
5002,101683702,ἐνταῦθα,then,265,
5003,101683703,δὲ,but,265,
5004,101683704,φοβηθεὶς,being afraid,265,
5005,101683705,ἢ,or,265,
5006,101683706,θάνατον,death,265,
5007,101683707,ἢ,or,265,
5008,101683708,ἄλλ’,other,265,
5009,101683709,ὁτιοῦν,anything,265,
5010,101683710,πρᾶγμα,thing,265,
5011,101683711,λίποιμι,should abandon,265,
5012,101683712,τὴν,the,265,
5013,101683713,τάξιν,post,265,
5014,101683714,.,.,265,
5015,101683715,δεινόν,terrible,266,
5016,101683716,τα-,these,266,
5017,101683717,τἂν,if,266,
5018,101683718,εἴη,it were,266,
5019,101683719,",",",",266,
5020,101683720,καὶ,and,266,
5021,101683721,ὡς,as,266,
5022,101683722,ἀληθῶς,truly,266,
5023,101683723,τότ',then,266,
5024,101683724,ἄν,would,266,
5025,101683725,με,me,266,
5026,101683726,δικαίως,rightly,266,
5027,101683727,εἰσάγοι,would bring,266,
5028,101683728,τις,someone,266,
5029,101683729,εἰς,into,266,
5030,101683730,δικαστήριον,court,266,
5031,101683731,",",",",266,
5032,101683732,ὅτι,that,266,
5033,101683733,οὐ,not,266,
5034,101683734,νομίζω,I think,266,
5035,101683735,θεοὺς,gods,266,
5036,101683736,εἶναι,to be,266,
5037,101683737,ἀπειθῶν,disobeying,266,
5038,101683738,τῇ,the,266,
5039,101683739,μαντείᾳ,oracle,266,
5040,101683740,καὶ,and,266,
5041,101683741,δεδιὼς,fearing,266,
5042,101683742,θάνατον,death,266,
5043,101683743,καὶ,and,266,
5044,101683744,οἰόμενος,thinking,266,
5045,101683745,σοφὸς,wise,266,
5046,101683746,εἶναι,to be,266,
5047,101683747,οὐκ,not,266,
5048,101683748,ὤν,being,266,
5049,101683749,.,.,266,
5050,101683750,τὸ,the,267,
5051,101683751,γάρ,for,267,
5052,101683752,τοι,indeed,267,
5053,101683753,θάνατον,death,267,
5054,101683754,δεδιέναι,to fear,267,
5055,101683755,",",",",267,
5056,101683756,ὦ,O,267,
5057,101683757,ἄνδρες,men,267,
5058,101683758,",",",",267,
5059,101683759,οὐδὲν,nothing,267,
5060,101683760,ἄλλο,anything,267,
5061,101683761,ἐστὶν,is,267,
5062,101683762,ἢ,than,267,
5063,101683763,δοκεῖν,to seem,267,
5064,101683764,σοφὸν,wise,267,
5065,101683765,εἶναι,to be,267,
5066,101683766,μὴ,not,267,
5067,101683767,ὄντα,being,267,
5068,101683768,.,.,267,
5069,101683769,δοκεῖν,to seem,268,
5070,101683770,γὰρ,for,268,
5071,101683771,εἰδέναι,to-know,268,
5072,101683772,ἐστὶν,is,268,
5073,101683773,ἃ,that,268,
5074,101683774,οὐκ,not,268,
5075,101683775,οἶδεν,knows,268,
5076,101683776,.,.,268,
5077,101683777,οἶδε,know,269,
5078,101683778,μὲν,indeed,269,
5079,101683779,γὰρ,for,269,
5080,101683780,οὐδεὶς,no one,269,
5081,101683781,τὸν,the,269,
5082,101683782,θάνατον,death,269,
5083,101683783,οὐ,not,269,
5084,101683784,-δ’,and,269,
5085,101683785,εἰ,is,269,
5086,101683786,τυγχάνει,encounters,269,
5087,101683787,τῷ,to,269,
5088,101683788,ἀνθρώπῳ,to any human being,269,
5089,101683789,πάντων,of all,269,
5090,101683790,μέγιστον,greatest,269,
5091,101683791,ὂν,being,269,
5092,101683792,τῶν,of the,269,
5093,101683793,ἀγαθῶν,goods,269,
5094,101683794,",",",",269,
5095,101683795,δεδίασι,fear,269,
5096,101683796,δ’,and,269,
5097,101683797,ὡς,as,269,
5098,101683798,εὖ,well,269,
5099,101683799,εἰδότες,thinking,269,
5100,101683800,ὅτι,that,269,
5101,101683801,μέγιστον,greatest,269,
5102,101683802,τῶν,of the,269,
5103,101683803,κακῶν,evils,269,
5104,101683804,ἐστι,is,269,
5105,101683805,.,.,269,
5106,101683806,καίτοι,yet,270,
5107,101683807,πῶς,in what way,270,
5108,101683808,οὐκ,not,270,
5109,101683809,ἀμαθία,ignorance,270,
5110,101683810,ἐστὶν,is,270,
5111,101683811,αὕτη,this,270,
5112,101683812,ἡ,that,270,
5113,101683813,ἐπονείδιστος,blameworthy,270,
5114,101683814,",",",",270,
5115,101683815,ἡ,that,270,
5116,101683816,τοῦ,of,270,
5117,101683817,οἴεσθαι,to think,270,
5118,101683818,εἰδέναι,to know,270,
5119,101683819,ἃ,what,270,
5120,101683820,οὐκ,not,270,
5121,101683821,οἶδεν,knows,270,
5122,101683822,;,?,270,
5123,101683823,ἐγὼ,I,271,
5124,101683824,δ’,but,271,
5125,101683825,",",",",271,
5126,101683826,ὦ,O,271,
5127,101683827,ἄνδρες,gentlemen,271,
5128,101683828,",",",",271,
5129,101683829,τούτῳ,here,271,
5130,101683830,καὶ,and,271,
5131,101683831,ἐνταῦθα,here,271,
5132,101683832,ἴσως,perhaps,271,
5133,101683833,διαφέρω,I differ,271,
5134,101683834,τῶν,of the,271,
5135,101683835,πολλῶν,many,271,
5136,101683836,ἀνθρώπων,of men,271,
5137,101683837,",",",",271,
5138,101683838,καὶ,and,271,
5139,101683839,εἰ,if,271,
5140,101683840,δή,indeed,271,
5141,101683841,τῳ,than,271,
5142,101683842,σοφώτερός,wiser,271,
5143,101683843,του,than,271,
5144,101683844,φαίην,seemed,271,
5145,101683845,εἶναι,to be,271,
5146,101683846,",",",",271,
5147,101683847,τούτῳ,this,271,
5148,101683848,ἄν,would,271,
5149,101683849,",",",",271,
5150,101683850,ὅτι,that,271,
5151,101683851,οὐκ,not,271,
5152,101683852,εἰδὼς,knowing,271,
5153,101683853,ἱκανῶς,sufficiently,271,
5154,101683854,περὶ,about,271,
5155,101683855,τῶν,of the,271,
5156,101683856,ἐν,in,271,
5157,101683857,Ἅιδου,of Hades,271,
5158,101683858,οὕτω,thus,271,
5159,101683859,καὶ,and,271,
5160,101683860,οἴομαι,I think,271,
5161,101683861,οὐκ,not,271,
5162,101683862,εἰδέναι,to know,271,
5163,101683863,.,.,271,
5164,101683864,τὸ,the,272,
5165,101683865,δὲ,but,272,
5166,101683866,ἀδικεῖν,to do injustice,272,
5167,101683867,καὶ,and,272,
5168,101683868,ἀπειθεῖν,to disobey,272,
5169,101683869,τῷ,to,272,
5170,101683870,βελτίονι,better,272,
5171,101683871,καὶ,and,272,
5172,101683872,θεῷ,god,272,
5173,101683873,καὶ,and,272,
5174,101683874,ἀνθρώπῳ,man,272,
5175,101683875,",",",",272,
5176,101683876,ὅτι,that,272,
5177,101683877,κακὸν,evil,272,
5178,101683878,καὶ,and,272,
5179,101683879,αἰσχρόν,shameful,272,
5180,101683880,ἐστιν,is,272,
5181,101683881,οἶδα,I know,272,
5182,101683882,.,.,272,
5183,101683883,πρὸ,before,273,
5184,101683884,οὖν,therefore,273,
5185,101683885,τῶν,of the,273,
5186,101683886,κακῶν,evils,273,
5187,101683887,ὧν,which,273,
5188,101683888,οἶδα,know,273,
5189,101683889,ὅτι,that,273,
5190,101683890,κακά,evil,273,
5191,101683891,ἐστιν,are,273,
5192,101683892,",",",",273,
5193,101683893,ἃ,what,273,
5194,101683894,μὴ,not,273,
5195,101683895,οἶδα,I know,273,
5196,101683896,εἰ,that,273,
5197,101683897,καὶ,and,273,
5198,101683898,ἀγαθὰ,good,273,
5199,101683899,ὄντα,being,273,
5200,101683900,τυγχάνει,turns out,273,
5201,101683901,οὐδέποτε,ever,273,
5202,101683902,φοβήσομαι,I will fear,273,
5203,101683903,οὐ,not,273,
5204,101683904,-δὲ,and,273,
5205,101683905,φεύξομαι,I will flee,273,
5206,101683906,.,.,273,
5207,101683907,ὥστε,so,274,
5208,101683908,οὐ,not,274,
5209,101683909,-δ’,and,274,
5210,101683910,εἴ,that,274,
5211,101683911,με,me,274,
5212,101683912,νῦν,now,274,
5213,101683913,ὑμεῖς,you,274,
5214,101683914,ἀφίετε,let,274,
5215,101683915,Ἀνύτῳ,Anitus,274,
5216,101683916,ἀπιστήσαντες,having not believed,274,
5217,101683917,",",",",274,
5218,101683918,ὃς,who,274,
5219,101683919,ἔφη,said,274,
5220,101683920,ἢ,or,274,
5221,101683921,τὴν,the,274,
5222,101683922,ἀρχὴν,beginning,274,
5223,101683923,οὐ,not,274,
5224,101683924,δεῖν,to need,274,
5225,101683925,ἐμὲ,me,274,
5226,101683926,δεῦρο,here,274,
5227,101683927,εἰσελθεῖν,to enter,274,
5228,101683928,ἤ,or,274,
5229,101683929,",",",",274,
5230,101683930,ἐπειδὴ,since,274,
5231,101683931,εἰσῆλθον,entered,274,
5232,101683932,",",",",274,
5233,101683933,οὐχ,not,274,
5234,101683934,οἷόν,possible,274,
5235,101683935,τ',,274,
5236,101683936,εἶναι,to be,274,
5237,101683937,τὸ,the,274,
5238,101683938,μὴ,not,274,
5239,101683939,ἀποκτεῖναί,to kill,274,
5240,101683940,με,me,274,
5241,101683941,",",",",274,
5242,101683942,λέγων,saying,274,
5243,101683943,πρὸς,to,274,
5244,101683944,ὑμᾶς,you,274,
5245,101683945,ὡς,that,274,
5246,101683946,εἰ,if,274,
5247,101683947,διαφευξοίμην,I might escape,274,
5248,101683948,ἤδη,already,274,
5249,101683949,ἂν,would,274,
5250,101683950,ὑμῶν,your,274,
5251,101683951,οἱ,the,274,
5252,101683952,ὑεῖς,sons,274,
5253,101683953,ἐπιτηδεύοντες,practicing,274,
5254,101683954,ἃ,what,274,
5255,101683955,Σωκράτης,Socrates,274,
5256,101683956,διδάσκει,teaches,274,
5257,101683957,πάντες,all,274,
5258,101683958,παντάπασι,completely,274,
5259,101683959,διαφθαρήσονται,will be ruined,274,
5260,101683960,",",",",274,
5261,101683961,—,—,274,
5262,101683962,εἴ,if,274,
5263,101683963,μοι,me,274,
5264,101683964,πρὸς,concerning,274,
5265,101683965,ταῦτα,these things,274,
5266,101683966,εἴποιτε,you say,274,
5267,101683967,",",",",274,
5268,101683968,,,274,
5269,101683969,ὦ,O,274,
5270,101683970,Σώκρατες,Socrates,274,
5271,101683971,",",",",274,
5272,101683972,νῦν,now,274,
5273,101683973,μὲν,indeed,274,
5274,101683974,Ἀνύτῳ,Anytus,274,
5275,101683975,οὐ,not,274,
5276,101683976,πεισόμεθα,will be persuaded,274,
5277,101683977,ἀλλ’,but,274,
5278,101683978,ἀφίεμέν,release,274,
5279,101683979,σε,you,274,
5280,101683980,",",",",274,
5281,101683981,ἐπὶ,on,274,
5282,101683982,τούτῳ,this,274,
5283,101683983,μέντοι,however,274,
5284,101683984,",",",",274,
5285,101683985,ἐφ',on,274,
5286,101683986,ᾧτε,so that,274,
5287,101683987,μηκέτι,no longer,274,
5288,101683988,ἐν,in,274,
5289,101683989,ταύτῃ,this,274,
5290,101683990,τῇ,the,274,
5291,101683991,ζητήσει,investigation,274,
5292,101683992,διατρίβειν,to spend time,274,
5293,101683993,μη,not,274,
5294,101683994,-δὲ,and,274,
5295,101683995,φιλοσοφεῖν,to philosophize,274,
5296,101683996,.,.,274,
5297,101683997,ἐὰν,if,275,
5298,101683998,δὲ,but,275,
5299,101683999,ἁλῷς,caught,275,
5300,101684000,ἔτι,still,275,
5301,101684001,τοῦτο,this,275,
5302,101684002,πράττων,doing,275,
5303,101684003,",",",",275,
5304,101684004,ἀποθανῇ,die,275,
5305,101684005, , ,275,
5306,101684006,—,—,275,
5307,101684007,εἰ,if,275,
5308,101684008,οὖν,then,275,
5309,101684009,με,me,275,
5310,101684010,",",",",275,
5311,101684011,ὅπερ,which,275,
5312,101684012,εἶπον,said,275,
5313,101684013,",",",",275,
5314,101684014,ἐπὶ,on,275,
5315,101684015,τούτοις,on these points,275,
5316,101684016,ἀφίοιτε,release,275,
5317,101684017,",",",",275,
5318,101684018,εἴποιμ’,I would say,275,
5319,101684019,ἂν,if,275,
5320,101684020,ὑμῖν,you,275,
5321,101684021,ὅτι,that,275,
5322,101684022,,,275,
5323,101684023,ἐγὼ,I,275,
5324,101684024,ὑμᾶς,you,275,
5325,101684025,",",",",275,
5326,101684026,ὦ,O,275,
5327,101684027,ἄνδρες,men,275,
5328,101684028,Ἀθηναῖοι,Athenians,275,
5329,101684029,",",",",275,
5330,101684030,ἀσπάζομαι,welcome,275,
5331,101684031,μὲν,indeed,275,
5332,101684032,καὶ,and,275,
5333,101684033,φιλῶ,love,275,
5334,101684034,",",",",275,
5335,101684035,πείσομαι,I will obey,275,
5336,101684036,δὲ,but,275,
5337,101684037,μᾶλλον,rather,275,
5338,101684038,τῷ,the,275,
5339,101684039,θεῷ,god,275,
5340,101684040,ἢ,than,275,
5341,101684041,ὑμῖν,you,275,
5342,101684042,",",",",275,
5343,101684043,καὶ,and,275,
5344,101684044,ἕωσπερ,as long as,275,
5345,101684045,ἂν,if,275,
5346,101684046,ἐμπνέω,breathe,275,
5347,101684047,καὶ,and,275,
5348,101684048,οἷός,able,275,
5349,101684049,τε,and,275,
5350,101684050,ὦ,am,275,
5351,101684051,",",",",275,
5352,101684052,οὐ,not,275,
5353,101684053,μὴ,not,275,
5354,101684054,παύσωμαι,I will cease,275,
5355,101684055,φιλοσοφῶν,practicing philosophy,275,
5356,101684056,καὶ,and,275,
5357,101684057,ὑμῖν,to you,275,
5358,101684058,παρακελευόμενός,exhorting,275,
5359,101684059,τε,and,275,
5360,101684060,καὶ,and,275,
5361,101684061,ἐνδεικνύμενος,showing,275,
5362,101684062,ὅτῳ,to whom,275,
5363,101684063,ἂν,,275,
5364,101684064,ἀεὶ,always,275,
5365,101684065,ἐντυγχάνω,I meet,275,
5366,101684066,ὑμῶν,your,275,
5367,101684067,",",",",275,
5368,101684068,λέγων,saying,275,
5369,101684069,οἷάπερ,such things as,275,
5370,101684070,εἴωθα,I am accustomed,275,
5371,101684071,",",",",275,
5372,101684072,ὅτι,that,275,
5373,101684073,,,275,
5374,101684074,ὦ,O,275,
5375,101684075,ἄριστε,best,275,
5376,101684076,ἀνδρῶν,of men,275,
5377,101684077,",",",",275,
5378,101684078,Ἀθηναῖος,Athenian,275,
5379,101684079,ὤν,being,275,
5380,101684080,",",",",275,
5381,101684081,πόλεως,of the city,275,
5382,101684082,τῆς,the,275,
5383,101684083,μεγίστης,greatest,275,
5384,101684084,καὶ,and,275,
5385,101684085,εὐδοκιμωτάτης,most-renowned,275,
5386,101684086,εἰς,in,275,
5387,101684087,σοφίαν,wisdom,275,
5388,101684088,καὶ,and,275,
5389,101684089,ἰσχύν,strength,275,
5390,101684090,",",",",275,
5391,101684091,χρημάτων,of money,275,
5392,101684092,μὲν,on the one hand,275,
5393,101684093,οὐκ,not,275,
5394,101684094,αἰσχύνῃ,ashamed,275,
5395,101684095,ἐπιμελούμενος,caring,275,
5396,101684096,ὅπως,how,275,
5397,101684097,σοι,to you,275,
5398,101684098,ἔσται,will be,275,
5399,101684099,ὡς,as,275,
5400,101684100,πλεῖστα,most,275,
5401,101684101,",",",",275,
5402,101684102,καὶ,and,275,
5403,101684103,δόξης,of reputation,275,
5404,101684104,καὶ,and,275,
5405,101684105,τιμῆς,honor,275,
5406,101684106,",",",",275,
5407,101684107,φρονήσεως,of wisdom,275,
5408,101684108,δὲ,but,275,
5409,101684109,καὶ,and,275,
5410,101684110,ἀληθείας,truth,275,
5411,101684111,καὶ,and,275,
5412,101684112,τῆς,the,275,
5413,101684113,ψυχῆς,soul,275,
5414,101684114,ὅπως,how,275,
5415,101684115,ὡς,as,275,
5416,101684116,βελτίστη,best,275,
5417,101684117,ἔσται,will be,275,
5418,101684118,οὐκ,not,275,
5419,101684119,ἐπιμελῇ,take care,275,
5420,101684120,οὐ,not,275,
5421,101684121,-δὲ,but,275,
5422,101684122,φροντίζεις,care,275,
5423,101684123,,,275,
5424,101684124,;,;,275,
5425,101684125,καὶ,and,276,
5426,101684126,ἐάν,if,276,
5427,101684127,τις,someone,276,
5428,101684128,ὑμῶν,of you,276,
5429,101684129,ἀμφισβητήσῃ,contests,276,
5430,101684130,και,and,276,
5431,101684131,φῇ,says,276,
5432,101684132,ἐπιμελεῖσθαι,to care,276,
5433,101684133,",",",",276,
5434,101684134,οὐκ,not,276,
5435,101684135,εὐθὺς,immediately,276,
5436,101684136,ἀφήσω,will leave,276,
5437,101684137,αὐτὸν,him,276,
5438,101684138,οὐ,not,276,
5439,101684139,-δ’,but,276,
5440,101684140,ἄπειμι,I go away,276,
5441,101684141,",",",",276,
5442,101684142,ἀλλ’,but,276,
5443,101684143,ἐρήσομαι,I will ask,276,
5444,101684144,αὐτὸν,him,276,
5445,101684145,καὶ,and,276,
5446,101684146,ἐξετάσω,I will examine,276,
5447,101684147,καὶ,and,276,
5448,101684148,ἐλέγξω,I will refute,276,
5449,101684149,",",",",276,
5450,101684150,καὶ,and,276,
5451,101684151,ἐάν,if,276,
5452,101684152,μοι,to me,276,
5453,101684153,μὴ,not,276,
5454,101684154,δοκῇ,it seems,276,
5455,101684155,κεκτῆσθαι,to possess,276,
5456,101684156,ἀρετήν,virtue,276,
5457,101684157,",",",",276,
5458,101684158,φάναι,to say,276,
5459,101684159,δέ,but,276,
5460,101684160,",",",",276,
5461,101684161,ὀνειδιῶ,I will reproach,276,
5462,101684162,ὅτι,that,276,
5463,101684163,τὰ,the,276,
5464,101684164,πλείστου,most,276,
5465,101684165,ἄξια,worth,276,
5466,101684166,περὶ,about,276,
5467,101684167,ἐλαχίστου,of the least,276,
5468,101684168,ποιεῖται,values,276,
5469,101684169,",",",",276,
5470,101684170,τὰ,the,276,
5471,101684171,δὲ,and,276,
5472,101684172,φαυλότερα,worse things,276,
5473,101684173,περὶ,about,276,
5474,101684174,πλείονος,more,276,
5475,101684175,.,.,276,
5476,101684176,ταῦτα,these things,277,
5477,101684177,καὶ,and,277,
5478,101684178,νεωτέρῳ,younger,277,
5479,101684179,καὶ,and,277,
5480,101684180,πρεσβυτέρῳ,to older men,277,
5481,101684181,ὅτῳ,whomever,277,
5482,101684182,ἂν,if,277,
5483,101684183,ἐντυγχάνω,I converse with,277,
5484,101684184,ποιήσω,will do,277,
5485,101684185,",",",",277,
5486,101684186,καὶ,and,277,
5487,101684187,ξένῳ,foreigner,277,
5488,101684188,καὶ,and,277,
5489,101684189,ἀστῷ,citizen,277,
5490,101684190,",",",",277,
5491,101684191,μᾶλλον,rather,277,
5492,101684192,δὲ,but,277,
5493,101684193,τοῖς,the,277,
5494,101684194,ἀστοῖς,citizens,277,
5495,101684195,",",",",277,
5496,101684196,ὅσῳ,as much as,277,
5497,101684197,μου,of me,277,
5498,101684198,ἐγγυτέρω,closer,277,
5499,101684199,ἐστὲ,are,277,
5500,101684200,γένει,family,277,
5501,101684201,.,.,277,
5502,101684202,ταῦτα,these things,278,
5503,101684203,γὰρ,for,278,
5504,101684204,κελεύει,commands,278,
5505,101684205,ὁ,the,278,
5506,101684206,θεός,god,278,
5507,101684207,",",",",278,
5508,101684208,εὖ,know,278,
5509,101684209,ἴστε,you know,278,
5510,101684210,",",",",278,
5511,101684211,καὶ,and,278,
5512,101684212,ἐγὼ,I,278,
5513,101684213,οἴομαι,think,278,
5514,101684214,οὐδέν,nothing,278,
5515,101684215,πω,yet,278,
5516,101684216,ὑμῖν,to you,278,
5517,101684217,μεῖζον,greater,278,
5518,101684218,ἀγαθὸν,good,278,
5519,101684219,γενέσθαι,to become,278,
5520,101684220,ἐν,in,278,
5521,101684221,τῇ,the,278,
5522,101684222,πόλει,city,278,
5523,101684223,ἢ,than,278,
5524,101684224,τὴν,the,278,
5525,101684225,ἐμὴν,my,278,
5526,101684226,τῷ,of the,278,
5527,101684227,θεῷ,god's,278,
5528,101684228,ὑπηρεσίαν,service,278,
5529,101684229,.,.,278,
5530,101684230,οὐδὲν,nothing,279,
5531,101684231,γὰρ,for,279,
5532,101684232,ἄλλο,other,279,
5533,101684233,πράττων,doing,279,
5534,101684234,ἐγὼ,I,279,
5535,101684235,περιέρχομαι,go about,279,
5536,101684236,ἢ,than,279,
5537,101684237,πείθων,persuading,279,
5538,101684238,ὑμῶν,you,279,
5539,101684239,καὶ,and,279,
5540,101684240,νεωτέρους,younger,279,
5541,101684241,καὶ,and,279,
5542,101684242,πρεσβυτέρους,older,279,
5543,101684243,μή,not,279,
5544,101684244,-τε,-both,279,
5545,101684245,σωμάτων,of bodies,279,
5546,101684246,ἐπιμελεῖσθαι,to take care of,279,
5547,101684247,μή,not,279,
5548,101684248,-τε,-or,279,
5549,101684249,χρημάτων,of money,279,
5550,101684250,πρότερον,first,279,
5551,101684251,μη,not,279,
5552,101684252,-δὲ,not even,279,
5553,101684253,οὕτω,so,279,
5554,101684254,σφόδρα,much,279,
5555,101684255,ὡς,as,279,
5556,101684256,τῆς,of the,279,
5557,101684257,ψυχῆς,of the soul,279,
5558,101684258,ὅπως,that,279,
5559,101684259,ὡς,how,279,
5560,101684260,ἀρίστη,best,279,
5561,101684261,ἔσται,will be,279,
5562,101684262,",",",",279,
5563,101684263,λέγων,saying,279,
5564,101684264,ὅτι,that,279,
5565,101684265,,,279,
5566,101684266,οὐκ,not,279,
5567,101684267,ἐκ,from,279,
5568,101684268,χρημάτων,of money,279,
5569,101684269,ἀρετὴ,virtue,279,
5570,101684270,γίγνεται,comes to be,279,
5571,101684271,",",",",279,
5572,101684272,ἀλλ',but,279,
5573,101684273,ἐξ,from,279,
5574,101684274,ἀρετῆς,from virtue,279,
5575,101684275,χρήματα,money,279,
5576,101684276,καὶ,and,279,
5577,101684277,τὰ,the,279,
5578,101684278,ἄλλα,other,279,
5579,101684279,ἀγαθὰ,good things,279,
5580,101684280,τοῖς,to,279,
5581,101684281,ἀνθρώποις,people,279,
5582,101684282,ἅπαντα,all,279,
5583,101684283,καὶ,and,279,
5584,101684284,ἰδίᾳ,privately,279,
5585,101684285,καὶ,and,279,
5586,101684286,δημοσίᾳ,publicly,279,
5587,101684287,,,279,
5588,101684288,.,.,279,
5589,101684289,εἰ,if,280,
5590,101684290,μὲν,indeed,280,
5591,101684291,οὖν,then,280,
5592,101684292,ταῦτα,these things,280,
5593,101684293,λέγων,saying,280,
5594,101684294,διαφθείρω,I corrupt,280,
5595,101684295,τοὺς,the,280,
5596,101684296,νέους,young men,280,
5597,101684297,",",",",280,
5598,101684298,ταῦτ',these things,280,
5599,101684299,ἂν,if,280,
5600,101684300,εἴη,were,280,
5601,101684301,βλαβερά,harmful,280,
5602,101684302,.,.,280,
5603,101684303,εἰ,if,281,
5604,101684304,δέ,but,281,
5605,101684305,τίς,anyone,281,
5606,101684306,μέ,me,281,
5607,101684307,φησιν,says,281,
5608,101684308,ἄλλα,other things,281,
5609,101684309,λέγειν,to say,281,
5610,101684310,ἢ,or,281,
5611,101684311,ταῦτα,these,281,
5612,101684312,",",",",281,
5613,101684313,οὐδὲν,nothing,281,
5614,101684314,λέγει,says,281,
5615,101684315,.,.,281,
5616,101684316,πρὸς,in response to,282,
5617,101684317,ταῦτα,these things,282,
5618,101684318,",",",",282,
5619,101684319, , ,282,
5620,101684320,φαίην,I should say,282,
5621,101684321,ἄν,would,282,
5622,101684322,",",",",282,
5623,101684323,,,282,
5624,101684324,ὦ,O,282,
5625,101684325,ἄνδρες,men,282,
5626,101684326,Ἀθηναῖοι,Athenians,282,
5627,101684327,",",",",282,
5628,101684328,ἢ,or,282,
5629,101684329,πείθεσθε,obey,282,
5630,101684330,Ἀνύτῳ,Anytus,282,
5631,101684331,ἢ,or,282,
5632,101684332,μή,not,282,
5633,101684333,",",",",282,
5634,101684334,καὶ,and,282,
5635,101684335,ἢ,or,282,
5636,101684336,ἀφίετέ,let,282,
5637,101684337,με,me,282,
5638,101684338,ἢ,or,282,
5639,101684339,μή,or not,282,
5640,101684340,",",",",282,
5641,101684341,ὡς,as if,282,
5642,101684342,ἐμοῦ,me,282,
5643,101684343,οὐκ,not,282,
5644,101684344,ἂν,would,282,
5645,101684345,ποιήσαντος,having done,282,
5646,101684346,ἄλλα,other things,282,
5647,101684347,",",",",282,
5648,101684348,οὐ,not,282,
5649,101684349,-δ’,but,282,
5650,101684350,εἰ,if,282,
5651,101684351,μέλλω,I am about to,282,
5652,101684352,πολλάκις,often,282,
5653,101684353,τεθνάναι,to die,282,
5654,101684354,,,282,
5655,101684355,.,.,282,
5656,101684356,μὴ,not,283,
5657,101684357,θορυβεῖτε,make a disturbance,283,
5658,101684358,",",",",283,
5659,101684359,ὦ,O,283,
5660,101684360,ἄνδρες,men,283,
5661,101684361,Ἀθηναῖοι,Athenians,283,
5662,101684362,",",",",283,
5663,101684363,ἀλλ’,but,283,
5664,101684364,ἐμμείνατέ,remain,283,
5665,101684365,μοι,to me,283,
5666,101684366,οἷς,what,283,
5667,101684367,ἐδεήθην,asked,283,
5668,101684368,ὑμῶν,of you,283,
5669,101684369,",",",",283,
5670,101684370,μὴ,not,283,
5671,101684371,θορυβεῖν,to make a disturbance,283,
5672,101684372,ἐφ’,about,283,
5673,101684373,οἷς,which,283,
5674,101684374,ἂν,if,283,
5675,101684375,λέγω,saying,283,
5676,101684376,ἀλλ',but,283,
5677,101684377,ἀκούειν,to listen,283,
5678,101684378,.,.,283,
5679,101684379,καὶ,for,284,
5680,101684380,γάρ,for,284,
5681,101684381,",",",",284,
5682,101684382,ὡς,as,284,
5683,101684383,ἐγὼ,I,284,
5684,101684384,οἶμαι,I think,284,
5685,101684385,",",",",284,
5686,101684386,ὀνήσεσθε,you will benefit,284,
5687,101684387,ἀκούοντες,listening,284,
5688,101684388,.,.,284,
5689,101684389,μέλλω,I am about to,285,
5690,101684390,γὰρ,for,285,
5691,101684391,οὖν,then,285,
5692,101684392,ἄττα,something,285,
5693,101684393,ὑμῖν,you,285,
5694,101684394,ἐρεῖν,to say,285,
5695,101684395,καὶ,and,285,
5696,101684396,ἄλλα,other things,285,
5697,101684397,ἐφ’,on,285,
5698,101684398,οἷς,which,285,
5699,101684399,ἴσως,perhaps,285,
5700,101684400,βοήσεσθε,you will help,285,
5701,101684401,.,.,285,
5702,101684402,ἀλλὰ,but,286,
5703,101684403,μηδαμῶς,in no way,286,
5704,101684404,ποιεῖτε,do,286,
5705,101684405,τοῦτο,this,286,
5706,101684406,.,.,286,
5707,101684407,εὖ,well,287,
5708,101684408,γὰρ,for,287,
5709,101684409,ἴστε,you know,287,
5710,101684410,",",",",287,
5711,101684411,ἐάν,if,287,
5712,101684412,με,me,287,
5713,101684413,ἀποκτείνητε,kill,287,
5714,101684414,τοιοῦτον,such,287,
5715,101684415,ὄντα,being,287,
5716,101684416,οἷον,such as,287,
5717,101684417,ἐγὼ,I,287,
5718,101684418,λέγω,say,287,
5719,101684419,",",",",287,
5720,101684420,οὐκ,not,287,
5721,101684421,ἐμὲ,me,287,
5722,101684422,μείζω,more,287,
5723,101684423,βλάψετε,will harm,287,
5724,101684424,ἢ,than,287,
5725,101684425,ὑμᾶς,you,287,
5726,101684426,αὐτούς,yourselves,287,
5727,101684427,.,.,287,
5728,101684428,ἐμὲ,me,288,
5729,101684429,μὲν,indeed,288,
5730,101684430,γὰρ,for,288,
5731,101684431,οὐδὲν,nothing,288,
5732,101684432,ἂν,would,288,
5733,101684433,βλάψειεν,would harm,288,
5734,101684434,οὔ,not,288,
5735,101684435,-τε,and,288,
5736,101684436,Μέλητος,Meletus,288,
5737,101684437,οὔ,not,288,
5738,101684438,-τε,and,288,
5739,101684439,Ἄνυτος,Anytus,288,
5740,101684440,—,—,288,
5741,101684441,οὐ,not,288,
5742,101684442,-δὲ,but,288,
5743,101684443,γὰρ,for,288,
5744,101684444,ἂν,would,288,
5745,101684445,δύναιτο,be able,288,
5746,101684446,—,—,288,
5747,101684447,οὐ,not,288,
5748,101684448,γὰρ,for,288,
5749,101684449,οἴομαι,I think,288,
5750,101684450,θεμιτὸν,right,288,
5751,101684451,εἶναι,to be,288,
5752,101684452,ἀμείνονι,better,288,
5753,101684453,ἀνδρὶ,man,288,
5754,101684454,ὑπὸ,by,288,
5755,101684455,χείρονος,worse,288,
5756,101684456,βλάπτεσθαι,to be harmed,288,
5757,101684457,.,.,288,
5758,101684458,ἀποκτείνειε,would kill,289,
5759,101684459,μεντ-,however,289,
5760,101684460,μεντἂν,would,289,
5761,101684461,ἴσως,perhaps,289,
5762,101684462,ἢ,if,289,
5763,101684463,ἐξελάσειεν,might banish,289,
5764,101684464,ἢ,or,289,
5765,101684465,ἀτιμώσειεν,would dishonor,289,
5766,101684466,.,.,289,
5767,101684467,ἀλλὰ,but,290,
5768,101684468,ταῦτα,these things,290,
5769,101684469,οὗτος,this,290,
5770,101684470,μὲν,indeed,290,
5771,101684471,ἴσως,perhaps,290,
5772,101684472,οἴεται,thinks,290,
5773,101684473,καὶ,and,290,
5774,101684474,ἄλλος,another,290,
5775,101684475,τίς,someone,290,
5776,101684476,που,somewhere,290,
5777,101684477,μεγάλα,great,290,
5778,101684478,κακά,evils,290,
5779,101684479,",",",",290,
5780,101684480,ἐγὼ,I,290,
5781,101684481,δ’,but,290,
5782,101684482,οὐκ,not,290,
5783,101684483,οἴομαι,think,290,
5784,101684484,",",",",290,
5785,101684485,ἀλλὰ,but,290,
5786,101684486,πολὺ,much,290,
5787,101684487,μᾶλλον,rather,290,
5788,101684488,ποιεῖν,to do,290,
5789,101684489,ἃ,that,290,
5790,101684490,οὑτοσὶ,these,290,
5791,101684491,νῦν,now,290,
5792,101684492,ποιεῖ,do,290,
5793,101684493,",",",",290,
5794,101684494,ἄνδρα,a man,290,
5795,101684495,ἀδίκως,unjustly,290,
5796,101684496,ἐπιχειρεῖν,to attempt,290,
5797,101684497,ἀποκτεινύναι,to kill,290,
5798,101684498,.,.,290,
5799,101684499,νῦν,now,291,
5800,101684500,οὖν,then,291,
5801,101684501,",",",",291,
5802,101684502,ὦ,O,291,
5803,101684503,ἄνδρες,men,291,
5804,101684504,Ἀθηναῖοι,Athenians,291,
5805,101684505,",",",",291,
5806,101684506,πολλοῦ,much,291,
5807,101684507,δέω,need,291,
5808,101684508,ἐγὼ,I,291,
5809,101684509,ὑπὲρ,on behalf of,291,
5810,101684510,ἐμαυτοῦ,myself,291,
5811,101684511,ἀπολογεῖσθαι,to defend myself,291,
5812,101684512,",",",",291,
5813,101684513,ὥς,as,291,
5814,101684514,τις,someone,291,
5815,101684515,ἂν,if,291,
5816,101684516,οἴοιτο,should think,291,
5817,101684517,",",",",291,
5818,101684518,ἀλλὰ,but,291,
5819,101684519,ὑπὲρ,on behalf of,291,
5820,101684520,ὑμῶν,you,291,
5821,101684521,",",",",291,
5822,101684522,μή,not,291,
5823,101684523,τι,anything,291,
5824,101684524,ἐξαμάρτητε,should err,291,
5825,101684525,περὶ,about,291,
5826,101684526,τὴν,the,291,
5827,101684527,τοῦ,of the,291,
5828,101684528,θεοῦ,god's,291,
5829,101684529,δόσιν,giving,291,
5830,101684530,ὑμῖν,your,291,
5831,101684531,ἐμοῦ,of me,291,
5832,101684532,καταψηφισάμενοι,having voted against,291,
5833,101684533,.,.,291,
5834,101684534,ἐὰν,if,292,
5835,101684535,γάρ,for,292,
5836,101684536,με,me,292,
5837,101684537,ἀποκτείνητε,kill,292,
5838,101684538,",",",",292,
5839,101684539,οὐ,not,292,
5840,101684540,ῥᾳδίως,easily,292,
5841,101684541,ἄλλον,another,292,
5842,101684542,τοιοῦτον,such,292,
5843,101684543,εὑρήσετε,you will find,292,
5844,101684544,",",",",292,
5845,101684545,ἀτεχνῶς,without pretense,292,
5846,101684546,—,—,292,
5847,101684547,εἰ,if,292,
5848,101684548,καὶ,and,292,
5849,101684549,γελοιότερον,more ridiculous,292,
5850,101684550,εἰπεῖν,to say,292,
5851,101684551,—,—,292,
5852,101684552,προσκείμενον,attached,292,
5853,101684553,τῇ,the,292,
5854,101684554,πόλει,city,292,
5855,101684555,ὑπὸ,by,292,
5856,101684556,τοῦ,the,292,
5857,101684557,θεοῦ,god,292,
5858,101684558,ὥσπερ,just as,292,
5859,101684559,ἵππῳ,horse,292,
5860,101684560,μεγάλῳ,large,292,
5861,101684561,μὲν,indeed,292,
5862,101684562,καὶ,and,292,
5863,101684563,γενναίῳ,noble,292,
5864,101684564,",",",",292,
5865,101684565,ὑπὸ,by,292,
5866,101684566,μεγέθους,size,292,
5867,101684567,δὲ,but,292,
5868,101684568,νωθεστέρῳ,sluggish,292,
5869,101684569,καὶ,and,292,
5870,101684570,δεομένῳ,needing,292,
5871,101684571,ἐγείρεσθαι,to be awakened,292,
5872,101684572,ὑπὸ,by,292,
5873,101684573,μύωπός,of a gadfly,292,
5874,101684574,τινος,some,292,
5875,101684575,",",",",292,
5876,101684576,οἷον,such,292,
5877,101684577,δή,indeed,292,
5878,101684578,μοι,to me,292,
5879,101684579,δοκεῖ,it seems,292,
5880,101684580,ὁ,the,292,
5881,101684581,θεὸς,god,292,
5882,101684582,ἐμὲ,me,292,
5883,101684583,τῇ,the,292,
5884,101684584,πόλει,city,292,
5885,101684585,προστεθηκέναι,to have added,292,
5886,101684586,τοιοῦτόν,such,292,
5887,101684587,τινα,such a,292,
5888,101684588,",",",",292,
5889,101684589,ὃς,who,292,
5890,101684590,ὑμᾶς,you,292,
5891,101684591,ἐγείρων,waking,292,
5892,101684592,καὶ,and,292,
5893,101684593,πείθων,persuading,292,
5894,101684594,καὶ,and,292,
5895,101684595,ὀνειδίζων,reproaching,292,
5896,101684596,ἕνα,each,292,
5897,101684597,ἕκαστον,each,292,
5898,101684598,οὐδὲν,anything,292,
5899,101684599,παύομαι,cease,292,
5900,101684600,τὴν,the,292,
5901,101684601,ἡμέραν,day,292,
5902,101684602,ὅλην,whole,292,
5903,101684603,πανταχοῦ,everywhere,292,
5904,101684604,προσκαθίζων,sitting,292,
5905,101684605,.,.,292,
5906,101684606,τοιοῦτος,such,293,
5907,101684607,οὖν,therefore,293,
5908,101684608,ἄλλος,another,293,
5909,101684609,οὐ,not,293,
5910,101684610,ῥᾳδίως,easily,293,
5911,101684611,ὑμῖν,to you,293,
5912,101684612,γενήσεται,will become,293,
5913,101684613,",",",",293,
5914,101684614,ὦ,O,293,
5915,101684615,ἄνδρες,men,293,
5916,101684616,",",",",293,
5917,101684617,ἀλλ’,but,293,
5918,101684618,ἐὰν,if,293,
5919,101684619,ἐμοὶ,me,293,
5920,101684620,πείθησθε,obey,293,
5921,101684621,",",",",293,
5922,101684622,φείσεσθέ,you will spare,293,
5923,101684623,μου,me,293,
5924,101684624,.,.,293,
5925,101684625,ὑμεῖς,you,294,
5926,101684626,δ’,but,294,
5927,101684627,ἴσως,perhaps,294,
5928,101684628,τάχ',soon,294,
5929,101684629,ἂν,if,294,
5930,101684630,ἀχθόμενοι,being annoyed,294,
5931,101684631,",",",",294,
5932,101684632,ὥσπερ,just as,294,
5933,101684633,οἱ,those,294,
5934,101684634,νυστάζοντες,dozing,294,
5935,101684635,ἐγειρόμενοι,being woken,294,
5936,101684636,",",",",294,
5937,101684637,κρούσαντες,having struck,294,
5938,101684638,ἄν,would,294,
5939,101684639,με,me,294,
5940,101684640,",",",",294,
5941,101684641,πειθόμενοι,following,294,
5942,101684642,Ἀνύτῳ,Anytus,294,
5943,101684643,",",",",294,
5944,101684644,ῥᾳδίως,easily,294,
5945,101684645,ἂν,would,294,
5946,101684646,ἀποκτείναιτε,you would kill,294,
5947,101684647,",",",",294,
5948,101684648,εἶτα,then,294,
5949,101684649,τὸν,the,294,
5950,101684650,λοιπὸν,remaining,294,
5951,101684651,βίον,life,294,
5952,101684652,καθεύδοντες,sleeping,294,
5953,101684653,διατελοῖτε,continue,294,
5954,101684654,ἄν,would,294,
5955,101684655,",",",",294,
5956,101684656,εἰ,if,294,
5957,101684657,μή,if not,294,
5958,101684658,τινα,someone,294,
5959,101684659,ἄλλον,another,294,
5960,101684660,ὁ,the,294,
5961,101684661,θεὸς,god,294,
5962,101684662,ὑμῖν,you,294,
5963,101684663,ἐπιπέμψειεν,might send,294,
5964,101684664,κηδόμενος,taking care,294,
5965,101684665,ὑμῶν,you,294,
5966,101684666,.,.,294,
5967,101684667,ὅτι,that,295,
5968,101684668,δ’,but,295,
5969,101684669,ἐγὼ,I,295,
5970,101684670,τυγχάνω,happen,295,
5971,101684671,ὢν,being,295,
5972,101684672,τοιοῦτος,such,295,
5973,101684673,οἷος,such,295,
5974,101684674,ὑπὸ,by,295,
5975,101684675,τοῦ,of the,295,
5976,101684676,θεοῦ,god,295,
5977,101684677,τῇ,the,295,
5978,101684678,πόλει,city,295,
5979,101684679,δεδόσθαι,to be given,295,
5980,101684680,",",",",295,
5981,101684681,ἐνθένδε,from here,295,
5982,101684682,ἂν,would,295,
5983,101684683,κατανοήσαιτε,you might understand,295,
5984,101684684,.,.,295,
5985,101684685,οὐ,not,296,
5986,101684686,γὰρ,for,296,
5987,101684687,ἀνθρωπίνῳ,human,296,
5988,101684688,ἔοικε,it is fitting,296,
5989,101684689,τὸ,the,296,
5990,101684690,ἐμὲ,me,296,
5991,101684691,τῶν,of the,296,
5992,101684692,μὲν,indeed,296,
5993,101684693,ἐμαυτοῦ,my own,296,
5994,101684694,πάντων,of everything,296,
5995,101684695,ἠμεληκέναι,to neglect,296,
5996,101684696,καὶ,and,296,
5997,101684697,ἀνέχεσθαι,to endure,296,
5998,101684698,τῶν,of the,296,
5999,101684699,οἰκείων,of relatives,296,
6000,101684700,ἀμελουμένων,neglecting,296,
6001,101684701,τοσαῦτα,so many,296,
6002,101684702,ἤδη,already,296,
6003,101684703,ἔτη,years,296,
6004,101684704,",",",",296,
6005,101684705,τὸ,the,296,
6006,101684706,δὲ,but,296,
6007,101684707,ὑμέτερον,your,296,
6008,101684708,πράττειν,to do,296,
6009,101684709,ἀεί,always,296,
6010,101684710,",",",",296,
6011,101684711,ἰδίᾳ,individually,296,
6012,101684712,ἑκάστῳ,to each,296,
6013,101684713,προσιόντα,approaching,296,
6014,101684714,ὥσπερ,as,296,
6015,101684715,πατέρα,father,296,
6016,101684716,ἢ,or,296,
6017,101684717,ἀδελφὸν,brother,296,
6018,101684718,πρεσβύτερον,older,296,
6019,101684719,πείθοντα,persuading,296,
6020,101684720,ἐπιμελεῖσθαι,to take care of,296,
6021,101684721,ἀρετῆς,virtue,296,
6022,101684722,.,.,296,
6023,101684723,καὶ,and,297,
6024,101684724,εἰ,if,297,
6025,101684725,μέν,indeed,297,
6026,101684726,τι,something,297,
6027,101684727,ἀπὸ,from,297,
6028,101684728,τούτων,these,297,
6029,101684729,ἀπέλαυον,I enjoyed,297,
6030,101684730,καὶ,and,297,
6031,101684731,μισθὸν,wage,297,
6032,101684732,λαμβάνων,receiving,297,
6033,101684733,ταῦτα,these things,297,
6034,101684734,παρεκελευόμην,I was exhorting,297,
6035,101684735,",",",",297,
6036,101684736,εἶχον,would have had,297,
6037,101684737,ἄν,would,297,
6038,101684738,τινα,some,297,
6039,101684739,λόγον,argument,297,
6040,101684740,.,.,297,
6041,101684741,νῦν,now,298,
6042,101684742,δὲ,but,298,
6043,101684743,ὁρᾶτε,see,298,
6044,101684744,δὴ,indeed,298,
6045,101684745,καὶ,even,298,
6046,101684746,αὐτοὶ,yourselves,298,
6047,101684747,ὅτι,that,298,
6048,101684748,οἱ,the,298,
6049,101684749,κατήγοροι,accusers,298,
6050,101684750,τα-,these,298,
6051,101684751,τἆλλα,other things,298,
6052,101684752,πάντα,all,298,
6053,101684753,ἀναισχύντως,shamelessly,298,
6054,101684754,οὕτω,thus,298,
6055,101684755,κατηγοροῦντες,accusing,298,
6056,101684756,τοῦτό,this,298,
6057,101684757,γε,at least,298,
6058,101684758,οὐχ,not,298,
6059,101684759,οἷοί,able,298,
6060,101684760,τε,,298,
6061,101684761,ἐγένοντο,were,298,
6062,101684762,ἀπαναισχυντῆσαι,to shamelessly deny,298,
6063,101684763,παρασχόμενοι,providing,298,
6064,101684764,μάρτυρα,witness,298,
6065,101684765,",",",",298,
6066,101684766,ὡς,as,298,
6067,101684767,ἐγώ,I,298,
6068,101684768,ποτέ,ever,298,
6069,101684769,τινα,some,298,
6070,101684770,ἢ,or,298,
6071,101684771,ἐπραξάμην,did,298,
6072,101684772,μισθὸν,wages,298,
6073,101684773,ἢ,or,298,
6074,101684774,ᾔτησα,I asked for,298,
6075,101684775,.,.,298,
6076,101684776,ἱκανὸν,sufficient,299,
6077,101684777,γάρ,for,299,
6078,101684778,",",",",299,
6079,101684779,οἶμαι,I think,299,
6080,101684780,",",",",299,
6081,101684781,ἐγὼ,I,299,
6082,101684782,παρέχομαι,provide,299,
6083,101684783,τὸν,the,299,
6084,101684784,μάρτυρα,witness,299,
6085,101684785,ὡς,as,299,
6086,101684786,ἀληθῆ,truthfully,299,
6087,101684787,λέγω,speak,299,
6088,101684788,",",",",299,
6089,101684789,τὴν,the,299,
6090,101684790,πενίαν,poverty,299,
6091,101684791,.,.,299,
6092,101684792,ἴσως,perhaps,300,
6093,101684793,ἂν,would,300,
6094,101684794,οὖν,therefore,300,
6095,101684795,δόξειεν,would seem,300,
6096,101684796,ἄτοπον,unreasonable,300,
6097,101684797,εἶναι,to be,300,
6098,101684798,",",",",300,
6099,101684799,ὅτι,that,300,
6100,101684800,δὴ,indeed,300,
6101,101684801,ἐγὼ,I,300,
6102,101684802,ἰδίᾳ,privately,300,
6103,101684803,μὲν,on the one hand,300,
6104,101684804,ταῦτα,these things,300,
6105,101684805,συμβουλεύω,I give advice,300,
6106,101684806,περιιὼν,walking around,300,
6107,101684807,καὶ,and,300,
6108,101684808,πολυπραγμονῶ,meddle,300,
6109,101684809,",",",",300,
6110,101684810,δημοσίᾳ,publicly,300,
6111,101684811,δὲ,but,300,
6112,101684812,οὐ,not,300,
6113,101684813,τολμῶ,dare,300,
6114,101684814,ἀναβαίνων,going up,300,
6115,101684815,εἰς,into,300,
6116,101684816,τὸ,the,300,
6117,101684817,πλῆθος,crowd,300,
6118,101684818,τὸ,the,300,
6119,101684819,ὑμέτερον,your,300,
6120,101684820,συμβουλεύειν,to advise,300,
6121,101684821,τῇ,the,300,
6122,101684822,πόλει,city,300,
6123,101684823,.,.,300,
6124,101684824,τούτου,of this,301,
6125,101684825,δὲ,but,301,
6126,101684826,αἴτιόν,cause,301,
6127,101684827,ἐστιν,is,301,
6128,101684828,ὃ,that,301,
6129,101684829,ὑμεῖς,you,301,
6130,101684830,ἐμοῦ,of me,301,
6131,101684831,πολλάκις,often,301,
6132,101684832,ἀκηκόατε,you have heard,301,
6133,101684833,πολλαχοῦ,in many places,301,
6134,101684834,λέγοντος,saying,301,
6135,101684835,",",",",301,
6136,101684836,ὅτι,that,301,
6137,101684837,μοι,to me,301,
6138,101684838,θεῖόν,divine,301,
6139,101684839,τι,something,301,
6140,101684840,καὶ,and,301,
6141,101684841,δαιμόνιον,divine,301,
6142,101684842,γίγνεται,comes to be,301,
6143,101684843,φωνή,voice,301,
6144,101684844,",",",",301,
6145,101684845,ὃ,which,301,
6146,101684846,δὴ,indeed,301,
6147,101684847,καὶ,indeed,301,
6148,101684848,ἐν,in,301,
6149,101684849,τῇ,the,301,
6150,101684850,γραφῇ,indictment,301,
6151,101684851,ἐπικωμῳδῶν,mocking,301,
6152,101684852,Μέλητος,Meletus,301,
6153,101684853,ἐγράψατο,wrote,301,
6154,101684854,.,.,301,
6155,101684855,ἐμοὶ,to me,302,
6156,101684856,δὲ,but,302,
6157,101684857,τοῦτ’,this,302,
6158,101684858,ἔστιν,is,302,
6159,101684859,ἐκ,from,302,
6160,101684860,παιδὸς,childhood,302,
6161,101684861,ἀρξάμενον,beginning,302,
6162,101684862,",",",",302,
6163,101684863,φωνή,voice,302,
6164,101684864,τις,a,302,
6165,101684865,γιγνομένη,when it arises,302,
6166,101684866,",",",",302,
6167,101684867,ἣ,which,302,
6168,101684868,ὅταν,whenever,302,
6169,101684869,γένηται,comes to be,302,
6170,101684870,",",",",302,
6171,101684871,ἀεὶ,always,302,
6172,101684872,ἀποτρέπει,dissuades,302,
6173,101684873,με,me,302,
6174,101684874,τοῦτο,this,302,
6175,101684875,ὃ,that,302,
6176,101684876,ἂν,would,302,
6177,101684877,μέλλω,am about to,302,
6178,101684878,πράττειν,to do,302,
6179,101684879,",",",",302,
6180,101684880,προτρέπει,urges,302,
6181,101684881,δὲ,and,302,
6182,101684882,οὔποτε,never,302,
6183,101684883,.,.,302,
6184,101684884,τοῦτ’,this,303,
6185,101684885,ἔστιν,is,303,
6186,101684886,ὅ,that,303,
6187,101684887,μοι,to me,303,
6188,101684888,ἐναντιοῦται,is contrary to,303,
6189,101684889,τὰ,the,303,
6190,101684890,πολιτικὰ,political,303,
6191,101684891,πράττειν,to do,303,
6192,101684892,",",",",303,
6193,101684893,καὶ,and,303,
6194,101684894,παγκάλως,very well,303,
6195,101684895,γέ,indeed,303,
6196,101684896,μοι,to me,303,
6197,101684897,δοκεῖ,it seems,303,
6198,101684898,ἐναντιοῦσθαι,to be opposed,303,
6199,101684899,.,.,303,
6200,101684900,εὖ,well,304,
6201,101684901,γὰρ,for,304,
6202,101684902,ἴστε,you know,304,
6203,101684903,",",",",304,
6204,101684904,ὦ,O,304,
6205,101684905,ἄνδρες,men,304,
6206,101684906,Ἀθηναῖοι,Athenians,304,
6207,101684907,",",",",304,
6208,101684908,εἰ,if,304,
6209,101684909,ἐγὼ,I,304,
6210,101684910,πάλαι,long ago,304,
6211,101684911,ἐπεχείρησα,I attempted,304,
6212,101684912,πράττειν,to manage,304,
6213,101684913,τὰ,the,304,
6214,101684914,πολιτικὰ,political,304,
6215,101684915,πράγματα,matters,304,
6216,101684916,",",",",304,
6217,101684917,πάλαι,long ago,304,
6218,101684918,ἂν,would,304,
6219,101684919,ἀπολώλη,would have been destroyed,304,
6220,101684920,καὶ,and,304,
6221,101684921,οὔ,not,304,
6222,101684922,-τ’,and,304,
6223,101684923,ἂν,would,304,
6224,101684924,ὑμᾶς,you,304,
6225,101684925,ὠφελήκη,would have benefited,304,
6226,101684926,οὐδὲν,nothing,304,
6227,101684927,οὔ,not,304,
6228,101684928,-τ’,and,304,
6229,101684929,ἂν,would,304,
6230,101684930,ἐμαυτόν,myself,304,
6231,101684931,.,.,304,
6232,101684932,καί,and,305,
6233,101684933,μοι,to me,305,
6234,101684934,μὴ,not,305,
6235,101684935,ἄχθεσθε,be annoyed,305,
6236,101684936,λέγοντι,speaking,305,
6237,101684937,τα-,the,305,
6238,101684938,τἀληθῆ,the true,305,
6239,101684939,.,.,305,
6240,101684940,οὐ,not,306,
6241,101684941,γὰρ,for,306,
6242,101684942,ἔστιν,is,306,
6243,101684943,ὅστις,anyone,306,
6244,101684944,ἀνθρώπων,of men,306,
6245,101684945,σωθήσεται,will be saved,306,
6246,101684946,οὔ,not,306,
6247,101684947,-τε,-te,306,
6248,101684948,ὑμῖν,you,306,
6249,101684949,οὔ,not,306,
6250,101684950,-τε,-and,306,
6251,101684951,ἄλλῳ,other,306,
6252,101684952,πλήθει,crowd,306,
6253,101684953,οὐδενὶ,no,306,
6254,101684954,γνησίως,truly,306,
6255,101684955,ἐναντιούμενος,opposing,306,
6256,101684956,καὶ,and,306,
6257,101684957,διακωλύων,preventing,306,
6258,101684958,πολλὰ,many,306,
6259,101684959,ἄδικα,unjust things,306,
6260,101684960,καὶ,and,306,
6261,101684961,παράνομα,unlawful,306,
6262,101684962,ἐν,in,306,
6263,101684963,τῇ,the,306,
6264,101684964,πόλει,city,306,
6265,101684965,γίγνεσθαι,to happen,306,
6266,101684966,",",",",306,
6267,101684967,ἀλλ’,but,306,
6268,101684968,ἀναγκαῖόν,necessary,306,
6269,101684969,ἐστι,it is,306,
6270,101684970,τὸν,the,306,
6271,101684971,τῷ,the,306,
6272,101684972,ὄντι,truly,306,
6273,101684973,μαχούμενον,fighting,306,
6274,101684974,ὑπὲρ,for,306,
6275,101684975,τοῦ,of the,306,
6276,101684976,δικαίου,of the just,306,
6277,101684977,",",",",306,
6278,101684978,καὶ,and,306,
6279,101684979,εἰ,if,306,
6280,101684980,μέλλει,is about to,306,
6281,101684981,ὀλίγον,short,306,
6282,101684982,χρόνον,time,306,
6283,101684983,σωθήσεσθαι,to be saved,306,
6284,101684984,",",",",306,
6285,101684985,ἰδιωτεύειν,to live privately,306,
6286,101684986,ἀλλὰ,but,306,
6287,101684987,μὴ,not,306,
6288,101684988,δημοσιεύειν,to speak in public,306,
6289,101684989,.,.,306,
6290,101684990,μεγάλα,great,307,
6291,101684991,δ’,but,307,
6292,101684992,ἔγωγε,I,307,
6293,101684993,ὑμῖν,you,307,
6294,101684994,τεκμήρια,proofs,307,
6295,101684995,παρέξομαι,I shall provide,307,
6296,101684996,τούτων,of these,307,
6297,101684997,",",",",307,
6298,101684998,οὐ,not,307,
6299,101684999,λόγους,speeches,307,
6300,101685000,ἀλλ’,but,307,
6301,101685001,ὃ,what,307,
6302,101685002,ὑμεῖς,you,307,
6303,101685003,τιμᾶτε,you value,307,
6304,101685004,",",",",307,
6305,101685005,ἔργα,deeds,307,
6306,101685006,.,.,307,
6307,101685007,ἀκούσατε,hear,308,
6308,101685008,δή,now,308,
6309,101685009,μοι,me,308,
6310,101685010,τὰ,the,308,
6311,101685011,συμβεβηκότα,things that have happened,308,
6312,101685012,",",",",308,
6313,101685013,ἵνα,so that,308,
6314,101685014,εἰδῆτε,you might know,308,
6315,101685015,ὅτι,that,308,
6316,101685016,οὐ,not,308,
6317,101685017,-δ’,and,308,
6318,101685018,ἂν,would,308,
6319,101685019,ἑνὶ,possible,308,
6320,101685020,ὑπεικάθοιμι,I would yield,308,
6321,101685021,παρὰ,beyond,308,
6322,101685022,τὸ,the,308,
6323,101685023,δίκαιον,just,308,
6324,101685024,δείσας,fearing,308,
6325,101685025,θάνατον,death,308,
6326,101685026,",",",",308,
6327,101685027,μὴ,not,308,
6328,101685028,ὑπείκων,yielding,308,
6329,101685029,δὲ,but,308,
6330,101685030,ἀλλὰ,but,308,
6331,101685031,κα-,and,308,
6332,101685032,κἂν,an,308,
6333,101685033,ἀπολοίμην,I might perish,308,
6334,101685034,.,.,308,
6335,101685035,ἐρῶ,I ask,309,
6336,101685036,δὲ,but,309,
6337,101685037,ὑμῖν,you,309,
6338,101685038,φορτικὰ,shameful,309,
6339,101685039,μὲν,indeed,309,
6340,101685040,καὶ,and,309,
6341,101685041,δικανικά,court-like,309,
6342,101685042,",",",",309,
6343,101685043,ἀληθῆ,true,309,
6344,101685044,δέ,but,309,
6345,101685045,.,.,309,
6346,101685046,ἐγὼ,I,310,
6347,101685047,γάρ,for,310,
6348,101685048,",",",",310,
6349,101685049,ὦ,O,310,
6350,101685050,ἄνδρες,men,310,
6351,101685051,Ἀθηναῖοι,Athenians,310,
6352,101685052,",",",",310,
6353,101685053,ἄλλην,another,310,
6354,101685054,μὲν,indeed,310,
6355,101685055,ἀρχὴν,office,310,
6356,101685056,οὐδεμίαν,no,310,
6357,101685057,πώποτε,ever,310,
6358,101685058,ἦρξα,I began,310,
6359,101685059,ἐν,in,310,
6360,101685060,τῇ,the,310,
6361,101685061,πόλει,city,310,
6362,101685062,",",",",310,
6363,101685063,ἐβούλευσα,I deliberated,310,
6364,101685064,δέ,but,310,
6365,101685065,.,.,310,
6366,101685066,καὶ,and,311,
6367,101685067,ἔτυχεν,it happened,311,
6368,101685068,ἡμῶν,of us,311,
6369,101685069,ἡ,the,311,
6370,101685070,φυλὴ,tribe,311,
6371,101685071,Ἀντιοχὶς,Antiochis,311,
6372,101685072,πρυτανεύουσα,presiding,311,
6373,101685073,ὅτε,when,311,
6374,101685074,ὑμεῖς,you,311,
6375,101685075,τοὺς,the,311,
6376,101685076,δέκα,ten,311,
6377,101685077,στρατηγοὺς,generals,311,
6378,101685078,τοὺς,the,311,
6379,101685079,οὐκ,not,311,
6380,101685080,ἀνελομένους,having killed,311,
6381,101685081,τοὺς,the,311,
6382,101685082,ἐκ,out of,311,
6383,101685083,τῆς,the,311,
6384,101685084,ναυμαχίας,of the naval battle,311,
6385,101685085,ἐβουλεύσασθε,you decided,311,
6386,101685086,ἁθρόους,together,311,
6387,101685087,κρίνειν,to judge,311,
6388,101685088,",",",",311,
6389,101685089,παρανόμως,unlawfully,311,
6390,101685090,",",",",311,
6391,101685091,ὡς,as,311,
6392,101685092,ἐν,in,311,
6393,101685093,τῷ,the,311,
6394,101685094,ὑστέρῳ,later,311,
6395,101685095,χρόνῳ,time,311,
6396,101685096,πᾶσιν,all,311,
6397,101685097,ὑμῖν,you,311,
6398,101685098,ἔδοξεν,it seemed,311,
6399,101685099,.,.,311,
6400,101685100,τότ’,then,312,
6401,101685101,ἐγὼ,I,312,
6402,101685102,μόνος,alone,312,
6403,101685103,τῶν,of the,312,
6404,101685104,πρυτάνεων,presidents,312,
6405,101685105,ἠναντιώθην,I opposed,312,
6406,101685106,ὑμῖν,you,312,
6407,101685107,μηδὲν,nothing,312,
6408,101685108,ποιεῖν,do,312,
6409,101685109,παρὰ,contrary to,312,
6410,101685110,τοὺς,the,312,
6411,101685111,νόμους,laws,312,
6412,101685112,καὶ,and,312,
6413,101685113,ἐναντία,opposite,312,
6414,101685114,ἐψηφισάμην,I voted,312,
6415,101685115,.,.,312,
6416,101685116,καὶ,and,313,
6417,101685117,ἑτοίμων,ready,313,
6418,101685118,ὄντων,being,313,
6419,101685119,ἐνδεικνύναι,to show,313,
6420,101685120,με,me,313,
6421,101685121,καὶ,and,313,
6422,101685122,ἀπάγειν,to lead away,313,
6423,101685123,τῶν,of the,313,
6424,101685124,ῥητόρων,orators,313,
6425,101685125,",",",",313,
6426,101685126,καὶ,and,313,
6427,101685127,ὑμῶν,you,313,
6428,101685128,κελευόντων,commanding,313,
6429,101685129,καὶ,and,313,
6430,101685130,βοώντων,shouting,313,
6431,101685131,",",",",313,
6432,101685132,μετὰ,with,313,
6433,101685133,τοῦ,the,313,
6434,101685134,νόμου,law,313,
6435,101685135,καὶ,and,313,
6436,101685136,τοῦ,the,313,
6437,101685137,δικαίου,the just,313,
6438,101685138,ᾤμην,I thought,313,
6439,101685139,μᾶλλόν,rather,313,
6440,101685140,με,me,313,
6441,101685141,δεῖν,to be bound,313,
6442,101685142,διακινδυνεύειν,to risk,313,
6443,101685143,ἢ,than,313,
6444,101685144,μεθ',with,313,
6445,101685145,ὑμῶν,of you,313,
6446,101685146,γενέσθαι,to become,313,
6447,101685147,μὴ,not,313,
6448,101685148,δίκαια,just,313,
6449,101685149,βουλευομένων,planning,313,
6450,101685150,",",",",313,
6451,101685151,φοβηθέντα,being afraid,313,
6452,101685152,δεσμὸν,imprisonment,313,
6453,101685153,ἢ,or,313,
6454,101685154,θάνατον,death,313,
6455,101685155,.,.,313,
6456,101685156,καὶ,and,314,
6457,101685157,ταῦτα,these things,314,
6458,101685158,μὲν,indeed,314,
6459,101685159,ἦν,were,314,
6460,101685160,ἔτι,still,314,
6461,101685161,δημοκρατουμένης,being ruled by the people,314,
6462,101685162,τῆς,the,314,
6463,101685163,πόλεως,city,314,
6464,101685164,.,.,314,
6465,101685165,ἐπειδὴ,since,315,
6466,101685166,δὲ,but,315,
6467,101685167,ὀλιγαρχία,oligarchy,315,
6468,101685168,ἐγένετο,came about,315,
6469,101685169,",",",",315,
6470,101685170,οἱ,the,315,
6471,101685171,τριάκοντα,thirty,315,
6472,101685172,αὖ,them,315,
6473,101685173,μεταπεμψάμενοί,having sent for,315,
6474,101685174,με,me,315,
6475,101685175,πέμπτον,fifth,315,
6476,101685176,αὐτὸν,him,315,
6477,101685177,εἰς,into,315,
6478,101685178,τὴν,the,315,
6479,101685179,θόλον,rotunda,315,
6480,101685180,προσέταξαν,ordered,315,
6481,101685181,ἀγαγεῖν,to bring,315,
6482,101685182,ἐκ,from,315,
6483,101685183,Σαλαμῖνος,from Salamis,315,
6484,101685184,Λέοντα,Leontas,315,
6485,101685185,τὸν,the,315,
6486,101685186,Σαλαμίνιον,of Salamis,315,
6487,101685187,ἵνα,so that,315,
6488,101685188,ἀποθάνοι,he might die,315,
6489,101685189,",",",",315,
6490,101685190,οἷα,such things,315,
6491,101685191,δὴ,indeed,315,
6492,101685192,καὶ,and,315,
6493,101685193,ἄλλοις,others,315,
6494,101685194,ἐκεῖνοι,those,315,
6495,101685195,πολλοῖς,many,315,
6496,101685196,πολλὰ,many things,315,
6497,101685197,προσέταττον,ordered,315,
6498,101685198,",",",",315,
6499,101685199,βουλόμενοι,wanting,315,
6500,101685200,ὡς,as,315,
6501,101685201,πλείστους,most,315,
6502,101685202,ἀναπλῆσαι,to fill,315,
6503,101685203,αἰτιῶν,of accusations,315,
6504,101685204,.,.,315,
6505,101685205,τότε,then,316,
6506,101685206,μέντοι,however,316,
6507,101685207,ἐγὼ,I,316,
6508,101685208,οὐ,not,316,
6509,101685209,λόγῳ,with words,316,
6510,101685210,ἀλλ’,but,316,
6511,101685211,ἔργῳ,by deed,316,
6512,101685212,αὖ,in person,316,
6513,101685213,ἐνεδειξάμην,I showed,316,
6514,101685214,ὅτι,that,316,
6515,101685215,ἐμοὶ,to me,316,
6516,101685216,θανάτου,of death,316,
6517,101685217,μὲν,indeed,316,
6518,101685218,μέλει,cares,316,
6519,101685219,",",",",316,
6520,101685220,εἰ,if,316,
6521,101685221,μὴ,not,316,
6522,101685222,ἀγροικότερον,more rustic,316,
6523,101685223,ἦν,it would be,316,
6524,101685224,εἰπεῖν,to say,316,
6525,101685225,",",",",316,
6526,101685226,οὐ,not,316,
6527,101685227,-δ’,and,316,
6528,101685228,ὁτιοῦν,anything,316,
6529,101685229,",",",",316,
6530,101685230,τοῦ,of the,316,
6531,101685231,δὲ,but,316,
6532,101685232,μηδὲν,nothing,316,
6533,101685233,ἄδικον,unjust,316,
6534,101685234,μη,not,316,
6535,101685235,-δ’,but,316,
6536,101685236,ἀνόσιον,impious,316,
6537,101685237,ἐργάζεσθαι,to do,316,
6538,101685238,",",",",316,
6539,101685239,τούτου,this,316,
6540,101685240,δὲ,and,316,
6541,101685241,τὸ,the,316,
6542,101685242,πᾶν,entirely,316,
6543,101685243,μέλει,cares,316,
6544,101685244,.,.,316,
6545,101685245,ἐμὲ,me,317,
6546,101685246,γὰρ,for,317,
6547,101685247,ἐκείνη,that,317,
6548,101685248,ἡ,the,317,
6549,101685249,ἀρχὴ,beginning,317,
6550,101685250,οὐκ,not,317,
6551,101685251,ἐξέπληξεν,startled,317,
6552,101685252,",",",",317,
6553,101685253,οὕτως,so,317,
6554,101685254,ἰσχυρὰ,powerful,317,
6555,101685255,οὖσα,being,317,
6556,101685256,",",",",317,
6557,101685257,ὥστε,so that,317,
6558,101685258,ἄδικόν,unjust,317,
6559,101685259,τι,something,317,
6560,101685260,ἐργάσασθαι,to do,317,
6561,101685261,",",",",317,
6562,101685262,ἀλλ’,but,317,
6563,101685263,ἐπειδὴ,when,317,
6564,101685264,ἐκ,out of,317,
6565,101685265,τῆς,the,317,
6566,101685266,θόλου,of the crowd,317,
6567,101685267,ἐξήλθομεν,we went out,317,
6568,101685268,",",",",317,
6569,101685269,οἱ,the,317,
6570,101685270,μὲν,on the one hand,317,
6571,101685271,τέτταρες,four,317,
6572,101685272,ᾤχοντο,went,317,
6573,101685273,εἰς,to,317,
6574,101685274,Σαλαμῖνα,Salamis,317,
6575,101685275,καὶ,and,317,
6576,101685276,ἤγαγον,led,317,
6577,101685277,Λέοντα,Leontas,317,
6578,101685278,",",",",317,
6579,101685279,ἐγὼ,I,317,
6580,101685280,δὲ,but,317,
6581,101685281,ᾠχόμην,I was going,317,
6582,101685282,ἀπιὼν,going away,317,
6583,101685283,οἴκαδε,homeward,317,
6584,101685284,.,.,317,
6585,101685285,καὶ,and,318,
6586,101685286,ἴσως,perhaps,318,
6587,101685287,ἂν,would,318,
6588,101685288,διὰ,because of,318,
6589,101685289,ταῦτα,these,318,
6590,101685290,ἀπέθανον,would have died,318,
6591,101685291,",",",",318,
6592,101685292,εἰ,if,318,
6593,101685293,μὴ,not,318,
6594,101685294,ἡ,the,318,
6595,101685295,ἀρχὴ,trial,318,
6596,101685296,διὰ,because of,318,
6597,101685297,ταχέων,speed,318,
6598,101685298,κατελύθη,was dissolved,318,
6599,101685299,.,.,318,
6600,101685300,καὶ,and,319,
6601,101685301,τούτων,these,319,
6602,101685302,ὑμῖν,you,319,
6603,101685303,ἔσονται,will be,319,
6604,101685304,πολλοὶ,many,319,
6605,101685305,μάρτυρες,witnesses,319,
6606,101685306,.,.,319,
6607,101685307,ἆρ’,then,320,
6608,101685308,οὖν,then,320,
6609,101685309,ἄν,would,320,
6610,101685310,με,me,320,
6611,101685311,οἴεσθε,you think,320,
6612,101685312,τοσάδε,so many,320,
6613,101685313,ἔτη,years,320,
6614,101685314,διαγενέσθαι,to have lived,320,
6615,101685315,εἰ,if,320,
6616,101685316,ἔπραττον,I was doing,320,
6617,101685317,τὰ,the,320,
6618,101685318,δημόσια,public affairs,320,
6619,101685319,",",",",320,
6620,101685320,καὶ,and,320,
6621,101685321,πράττων,doing,320,
6622,101685322,ἀξίως,worthily,320,
6623,101685323,ἀνδρὸς,of a man,320,
6624,101685324,ἀγαθοῦ,good,320,
6625,101685325,ἐβοήθουν,I was helping,320,
6626,101685326,τοῖς,the,320,
6627,101685327,δικαίοις,the just men,320,
6628,101685328,καὶ,and,320,
6629,101685329,ὥσπερ,just as,320,
6630,101685330,χρὴ,it is right,320,
6631,101685331,τοῦτο,this,320,
6632,101685332,περὶ,about,320,
6633,101685333,πλείστου,most,320,
6634,101685334,ἐποιούμην,I valued,320,
6635,101685335,;,?,320,
6636,101685336,πολλοῦ,much,321,
6637,101685337,γε,indeed,321,
6638,101685338,δεῖ,is necessary,321,
6639,101685339,",",",",321,
6640,101685340,ὦ,O,321,
6641,101685341,ἄνδρες,men,321,
6642,101685342,Ἀθηναῖοι,Athenians,321,
6643,101685343,.,.,321,
6644,101685344,οὐ,not,322,
6645,101685345,-δὲ,-te,322,
6646,101685346,γὰρ,for,322,
6647,101685347,ἂν,would,322,
6648,101685348,ἄλλος,another,322,
6649,101685349,ἀνθρώπων,of men,322,
6650,101685350,οὐδείς,no one,322,
6651,101685351,.,.,322,
6652,101685352,ἀλλ’,but,323,
6653,101685353,ἐγὼ,I,323,
6654,101685354,διὰ,throughout,323,
6655,101685355,παντὸς,every,323,
6656,101685356,τοῦ,of the,323,
6657,101685357,βίου,life,323,
6658,101685358,δημοσίᾳ,in public,323,
6659,101685359,τε,and,323,
6660,101685360,εἴ,is,323,
6661,101685361,πού,perhaps,323,
6662,101685362,τι,something,323,
6663,101685363,ἔπραξα,I have done,323,
6664,101685364,τοιοῦτος,such,323,
6665,101685365,φανοῦμαι,I appear,323,
6666,101685366,",",",",323,
6667,101685367,καὶ,and,323,
6668,101685368,ἰδίᾳ,privately,323,
6669,101685369,ὁ,the,323,
6670,101685370,αὐτὸς,myself,323,
6671,101685371,οὗτος,this,323,
6672,101685372,",",",",323,
6673,101685373,οὐδενὶ,to anyone,323,
6674,101685374,πώποτε,ever,323,
6675,101685375,συγχωρήσας,having granted,323,
6676,101685376,οὐδὲν,nothing,323,
6677,101685377,παρὰ,contrary to,323,
6678,101685378,τὸ,the,323,
6679,101685379,δίκαιον,just,323,
6680,101685380,οὔ,not,323,
6681,101685381,-τε,-and,323,
6682,101685382,ἄλλῳ,to another,323,
6683,101685383,οὔ,not,323,
6684,101685384,-τε,and,323,
6685,101685385,τούτων,these,323,
6686,101685386,οὐδενὶ,no one,323,
6687,101685387,οὓς,whom,323,
6688,101685388,δὴ,indeed,323,
6689,101685389,διαβάλλοντες,slandering,323,
6690,101685390,ἐμέ,me,323,
6691,101685391,φασιν,say,323,
6692,101685392,ἐμοὺς,my,323,
6693,101685393,μαθητὰς,students,323,
6694,101685394,εἶναι,to be,323,
6695,101685395,.,.,323,
6696,101685396,ἐγὼ,I,324,
6697,101685397,δὲ,but,324,
6698,101685398,διδάσκαλος,teacher,324,
6699,101685399,μὲν,indeed,324,
6700,101685400,οὐδενὸς,of anyone,324,
6701,101685401,πώποτ’,ever,324,
6702,101685402,ἐγενόμην,became,324,
6703,101685403,.,.,324,
6704,101685404,εἰ,if,325,
6705,101685405,δέ,but,325,
6706,101685406,τίς,anyone,325,
6707,101685407,μου,my,325,
6708,101685408,λέγοντος,speaking,325,
6709,101685409,καὶ,and,325,
6710,101685410,τὰ,my,325,
6711,101685411,ἐμαυτοῦ,myself,325,
6712,101685412,πράττοντος,doing,325,
6713,101685413,ἐπιθυμοῖ,desires,325,
6714,101685414,ἀκούειν,to hear,325,
6715,101685415,",",",",325,
6716,101685416,εἴ,whether,325,
6717,101685417,-τε,-or,325,
6718,101685418,νεώτερος,younger,325,
6719,101685419,εἴ,is,325,
6720,101685420,-τε,or,325,
6721,101685421,πρεσβύτερος,older,325,
6722,101685422,",",",",325,
6723,101685423,οὐδενὶ,to anyone,325,
6724,101685424,πώποτε,ever,325,
6725,101685425,ἐφθόνησα,I have envied,325,
6726,101685426,",",",",325,
6727,101685427,οὐ,not,325,
6728,101685428,-δὲ,and,325,
6729,101685429,χρήματα,money,325,
6730,101685430,μὲν,on the one hand,325,
6731,101685431,λαμβάνων,taking,325,
6732,101685432,διαλέγομαι,I converse,325,
6733,101685433,μὴ,not,325,
6734,101685434,λαμβάνων,taking,325,
6735,101685435,δὲ,but,325,
6736,101685436,οὔ,not,325,
6737,101685437,",",",",325,
6738,101685438,ἀλλ’,but,325,
6739,101685439,ὁμοίως,similarly,325,
6740,101685440,καὶ,and,325,
6741,101685441,πλουσίῳ,rich,325,
6742,101685442,καὶ,and,325,
6743,101685443,πένητι,poor,325,
6744,101685444,παρέχω,I provide,325,
6745,101685445,ἐμαυτὸν,myself,325,
6746,101685446,ἐρωτᾶν,to question,325,
6747,101685447,",",",",325,
6748,101685448,καὶ,and,325,
6749,101685449,ἐάν,if,325,
6750,101685450,τις,someone,325,
6751,101685451,βούληται,wishes,325,
6752,101685452,ἀποκρινόμενος,answering,325,
6753,101685453,ἀκούειν,to hear,325,
6754,101685454,ὧν,what,325,
6755,101685455,ἂν,if,325,
6756,101685456,λέγω,I say,325,
6757,101685457,.,.,325,
6758,101685458,καὶ,and,326,
6759,101685459,τούτων,of these,326,
6760,101685460,ἐγὼ,I,326,
6761,101685461,εἴ,if,326,
6762,101685462,-τε,-te,326,
6763,101685463,τις,someone,326,
6764,101685464,χρηστὸς,good,326,
6765,101685465,γίγνεται,becomes,326,
6766,101685466,εἴ,if,326,
6767,101685467,-τε,or,326,
6768,101685468,μή,not,326,
6769,101685469,",",",",326,
6770,101685470,οὐκ,not,326,
6771,101685471,ἂν,would,326,
6772,101685472,δικαίως,justly,326,
6773,101685473,τὴν,the,326,
6774,101685474,αἰτίαν,accusation,326,
6775,101685475,ὑπέχοιμι,would hold,326,
6776,101685476,",",",",326,
6777,101685477,ὧν,of whom,326,
6778,101685478,μή,not,326,
6779,101685479,-τε,and,326,
6780,101685480,ὑπεσχόμην,I promised,326,
6781,101685481,μηδενὶ,no one,326,
6782,101685482,μηδὲν,nothing,326,
6783,101685483,πώποτε,ever,326,
6784,101685484,μάθημα,subject matter,326,
6785,101685485,μή,not,326,
6786,101685486,-τε,or,326,
6787,101685487,ἐδίδαξα,taught,326,
6788,101685488,.,.,326,
6789,101685489,εἰ,if,327,
6790,101685490,δέ,but,327,
6791,101685491,τίς,someone,327,
6792,101685492,φησι,says,327,
6793,101685493,παρ’,from,327,
6794,101685494,ἐμοῦ,from me,327,
6795,101685495,πώποτέ,ever,327,
6796,101685496,τι,anything,327,
6797,101685497,μαθεῖν,to learn,327,
6798,101685498,ἢ,or,327,
6799,101685499,ἀκοῦσαι,to hear,327,
6800,101685500,ἰδίᾳ,privately,327,
6801,101685501,ὅτι,what,327,
6802,101685502,μὴ,not,327,
6803,101685503,καὶ,even,327,
6804,101685504,οἱ,those,327,
6805,101685505,ἄλλοι,others,327,
6806,101685506,πάντες,all,327,
6807,101685507,",",",",327,
6808,101685508,εὖ,well,327,
6809,101685509,ἴστε,you know,327,
6810,101685510,ὅτι,that,327,
6811,101685511,οὐκ,not,327,
6812,101685512,ἀληθῆ,true,327,
6813,101685513,λέγει,says,327,
6814,101685514,.,.,327,
6815,101685515,ἀλλὰ,but,328,
6816,101685516,διὰ,for,328,
6817,101685517,τί,why,328,
6818,101685518,δή,indeed,328,
6819,101685519,ποτε,ever,328,
6820,101685520,μετ’,with,328,
6821,101685521,ἐμοῦ,with me,328,
6822,101685522,χαίρουσί,they rejoice,328,
6823,101685523,τινες,some,328,
6824,101685524,πολὺν,much,328,
6825,101685525,χρόνον,time,328,
6826,101685526,διατρίβοντες,spending time,328,
6827,101685527,;,?,328,
6828,101685528,ἀκηκόατε,you have heard,329,
6829,101685529,",",",",329,
6830,101685530,ὦ,O,329,
6831,101685531,ἄνδρες,men,329,
6832,101685532,Ἀθηναῖοι,Athenians,329,
6833,101685533,",",",",329,
6834,101685534,πᾶσαν,all,329,
6835,101685535,ὑμῖν,to you,329,
6836,101685536,τὴν,the,329,
6837,101685537,ἀλήθειαν,truth,329,
6838,101685538,ἐγὼ,I,329,
6839,101685539,εἶπον,said,329,
6840,101685540,.,.,329,
6841,101685541,ὅτι,that,330,
6842,101685542,ἀκούοντες,hearing,330,
6843,101685543,χαίρουσιν,rejoice,330,
6844,101685544,ἐξεταζομένοις,being examined,330,
6845,101685545,τοῖς,the,330,
6846,101685546,οἰομένοις,thinking,330,
6847,101685547,μὲν,indeed,330,
6848,101685548,εἶναι,to be,330,
6849,101685549,σοφοῖς,wise,330,
6850,101685550,",",",",330,
6851,101685551,οὖσι,being,330,
6852,101685552,δ’,but,330,
6853,101685553,οὔ,not,330,
6854,101685554,.,.,330,
6855,101685555,ἔστι,it is,331,
6856,101685556,γὰρ,for,331,
6857,101685557,οὐκ,not,331,
6858,101685558,ἀηδές,unpleasant,331,
6859,101685559,.,.,331,
6860,101685560,ἐμοὶ,to me,332,
6861,101685561,δὲ,but,332,
6862,101685562,τοῦτο,this,332,
6863,101685563,",",",",332,
6864,101685564,ὡς,as,332,
6865,101685565,ἐγώ,I,332,
6866,101685566,φημι,say,332,
6867,101685567,",",",",332,
6868,101685568,προστέτακται,has been commanded,332,
6869,101685569,ὑπὸ,by,332,
6870,101685570,τοῦ,the,332,
6871,101685571,θεοῦ,god,332,
6872,101685572,πράττειν,to do,332,
6873,101685573,καὶ,and,332,
6874,101685574,ἐκ,from,332,
6875,101685575,μαντείων,of oracles,332,
6876,101685576,καὶ,and,332,
6877,101685577,ἐξ,from,332,
6878,101685578,ἐνυπνίων,dreams,332,
6879,101685579,καὶ,and,332,
6880,101685580,παντὶ,every,332,
6881,101685581,τρόπῳ,way,332,
6882,101685582,ᾧπέρ,just as,332,
6883,101685583,τίς,some,332,
6884,101685584,ποτε,ever,332,
6885,101685585,καὶ,and,332,
6886,101685586,ἄλλη,another,332,
6887,101685587,θεία,divine,332,
6888,101685588,μοῖρα,portion,332,
6889,101685589,ἀνθρώπῳ,man,332,
6890,101685590,καὶ,and,332,
6891,101685591,ὁτιοῦν,anything,332,
6892,101685592,προσέταξε,ordered,332,
6893,101685593,πράττειν,to do,332,
6894,101685594,.,.,332,
6895,101685595,ταῦτα,these,333,
6896,101685596,",",",",333,
6897,101685597,ὦ,oh,333,
6898,101685598,ἄνδρες,men,333,
6899,101685599,Ἀθηναῖοι,Athenians,333,
6900,101685600,",",",",333,
6901,101685601,καὶ,and,333,
6902,101685602,ἀληθῆ,true,333,
6903,101685603,ἐστιν,is,333,
6904,101685604,καὶ,and,333,
6905,101685605,εὐέλεγκτα,indisputable,333,
6906,101685606,.,.,333,
6907,101685607,εἰ,if,334,
6908,101685608,γὰρ,for,334,
6909,101685609,δὴ,indeed,334,
6910,101685610,ἔγωγε,I,334,
6911,101685611,τῶν,of the,334,
6912,101685612,νέων,of the young,334,
6913,101685613,τοὺς,some,334,
6914,101685614,μὲν,on the one hand,334,
6915,101685615,διαφθείρω,I corrupt,334,
6916,101685616,τοὺς,the,334,
6917,101685617,δὲ,but,334,
6918,101685618,διέφθαρκα,have ruined,334,
6919,101685619,",",",",334,
6920,101685620,χρῆν,it would have been necessary,334,
6921,101685621,δήπου,surely,334,
6922,101685622,",",",",334,
6923,101685623,εἴ,if,334,
6924,101685624,-τε,and,334,
6925,101685625,τινὲς,some,334,
6926,101685626,αὐτῶν,of them,334,
6927,101685627,πρεσβύτεροι,elder,334,
6928,101685628,γενόμενοι,becoming,334,
6929,101685629,ἔγνωσαν,they realized,334,
6930,101685630,ὅτι,that,334,
6931,101685631,νέοις,being young,334,
6932,101685632,οὖσιν,being,334,
6933,101685633,αὐτοῖς,them,334,
6934,101685634,ἐγὼ,I,334,
6935,101685635,κακὸν,harm,334,
6936,101685636,πώποτέ,ever,334,
6937,101685637,τι,something,334,
6938,101685638,συνεβούλευσα,I advised,334,
6939,101685639,",",",",334,
6940,101685640,νυνὶ,now,334,
6941,101685641,αὐτοὺς,them,334,
6942,101685642,ἀναβαίνοντας,having grown up,334,
6943,101685643,ἐμοῦ,me,334,
6944,101685644,κατηγορεῖν,to accuse,334,
6945,101685645,καὶ,and,334,
6946,101685646,τιμωρεῖσθαι,to be punished,334,
6947,101685647,.,.,334,
6948,101685648,εἰ,if,335,
6949,101685649,δὲ,but,335,
6950,101685650,μὴ,not,335,
6951,101685651,αὐτοὶ,they,335,
6952,101685652,ἤθελον,would have wanted,335,
6953,101685653,",",",",335,
6954,101685654,τῶν,of the,335,
6955,101685655,οἰκείων,of relatives,335,
6956,101685656,τινὰς,some,335,
6957,101685657,τῶν,of,335,
6958,101685658,ἐκείνων,those,335,
6959,101685659,",",",",335,
6960,101685660,πατέρας,fathers,335,
6961,101685661,καὶ,and,335,
6962,101685662,ἀδελφοὺς,brothers,335,
6963,101685663,καὶ,and,335,
6964,101685664,ἄλλους,others,335,
6965,101685665,τοὺς,the,335,
6966,101685666,προσήκοντας,fitting,335,
6967,101685667,",",",",335,
6968,101685668,εἴπερ,if indeed,335,
6969,101685669,ὑπ’,by,335,
6970,101685670,ἐμοῦ,by me,335,
6971,101685671,τι,some,335,
6972,101685672,κακὸν,harm,335,
6973,101685673,ἐπεπόνθεσαν,suffered,335,
6974,101685674,αὐτῶν,their,335,
6975,101685675,οἱ,the,335,
6976,101685676,οἰκεῖοι,relatives,335,
6977,101685677,",",",",335,
6978,101685678,νῦν,now,335,
6979,101685679,μεμνῆσθαι,to remember,335,
6980,101685680,καὶ,and,335,
6981,101685681,τιμωρεῖσθαι,to punish,335,
6982,101685682,.,.,335,
6983,101685683,πάντως,altogether,336,
6984,101685684,δὲ,but,336,
6985,101685685,πάρεισιν,are present,336,
6986,101685686,αὐτῶν,of them,336,
6987,101685687,πολλοὶ,many,336,
6988,101685688,ἐνταυθοῖ,here,336,
6989,101685689,οὓς,whom,336,
6990,101685690,ἐγὼ,I,336,
6991,101685691,ὁρῶ,see,336,
6992,101685692,",",",",336,
6993,101685693,πρῶτον,first,336,
6994,101685694,μὲν,on the one hand,336,
6995,101685695,Κρίτων,Crito,336,
6996,101685696,οὑτοσί,here,336,
6997,101685697,",",",",336,
6998,101685698,ἐμὸς,my,336,
6999,101685699,ἡλικιώτης,contemporary,336,
7000,101685700,καὶ,and,336,
7001,101685701,δημότης,fellow-citizen,336,
7002,101685702,",",",",336,
7003,101685703,Κριτοβούλου,of Kritoboulos,336,
7004,101685704,τοῦδε,this,336,
7005,101685705,πατήρ,father,336,
7006,101685706,",",",",336,
7007,101685707,ἔπειτα,then,336,
7008,101685708,Λυσανίας,Lysanias,336,
7009,101685709,ὁ,the,336,
7010,101685710,Σφήττιος,Sphettian,336,
7011,101685711,",",",",336,
7012,101685712,Αἰσχίνου,of Aeschines,336,
7013,101685713,τοῦδε,of this,336,
7014,101685714,πατήρ,father,336,
7015,101685715,",",",",336,
7016,101685716,ἔτι,furthermore,336,
7017,101685717,δ',and,336,
7018,101685718,Ἀντιφῶν,Antiphon,336,
7019,101685719,ὁ,the,336,
7020,101685720,Κηφισιεὺς,Cephisius,336,
7021,101685721,οὑτοσί,this,336,
7022,101685722,",",",",336,
7023,101685723,Ἐπιγένους,Epigenes,336,
7024,101685724,πατήρ,father,336,
7025,101685725,",",",",336,
7026,101685726,ἄλλοι,others,336,
7027,101685727,τοίνυν,therefore,336,
7028,101685728,οὗτοι,these,336,
7029,101685729,ὧν,of whom,336,
7030,101685730,οἱ,the,336,
7031,101685731,ἀδελφοὶ,brothers,336,
7032,101685732,ἐν,in,336,
7033,101685733,ταύτῃ,this,336,
7034,101685734,τῇ,the,336,
7035,101685735,διατριβῇ,conversation,336,
7036,101685736,γεγόνασιν,have been,336,
7037,101685737,",",",",336,
7038,101685738,Νικόστρατος,Nicostratus,336,
7039,101685739,Θεοζοτίδου,of Theozotides,336,
7040,101685740,",",",",336,
7041,101685741,ἀδελφὸς,brother,336,
7042,101685742,Θεοδότου,of Theodotus,336,
7043,101685743,—,—,336,
7044,101685744,καὶ,and,336,
7045,101685745,ὁ,the,336,
7046,101685746,μὲν,indeed,336,
7047,101685747,Θεόδοτος,Theodotos,336,
7048,101685748,τετελεύτηκεν,has died,336,
7049,101685749,",",",",336,
7050,101685750,ὥστε,so that,336,
7051,101685751,οὐκ,not,336,
7052,101685752,ἂν,an,336,
7053,101685753,ἐκεῖνός,he,336,
7054,101685754,γε,indeed,336,
7055,101685755,αὐτοῦ,him,336,
7056,101685756,καταδεηθείη,be in need of,336,
7057,101685757,—,—,336,
7058,101685758,καὶ,and,336,
7059,101685759,Παράλιος,Paralios,336,
7060,101685760,ὅδε,this,336,
7061,101685761,",",",",336,
7062,101685762,ὁ,the,336,
7063,101685763,Δημοδόκου,Demodocus,336,
7064,101685764,",",",",336,
7065,101685765,οὗ,whose,336,
7066,101685766,ἦν,was,336,
7067,101685767,Θεάγης,Theagines,336,
7068,101685768,ἀδελφός,brother,336,
7069,101685769,.,.,336,
7070,101685770,ὅδε,this,337,
7071,101685771,δὲ,but,337,
7072,101685772,Ἀδείμαντος,Adeimantus,337,
7073,101685773,",",",",337,
7074,101685774,ὁ,the,337,
7075,101685775,Ἀρίστωνος,Ariston's,337,
7076,101685776,",",",",337,
7077,101685777,οὗ,whose,337,
7078,101685778,ἀδελφὸς,brother,337,
7079,101685779,οὑτοσὶ,this,337,
7080,101685780,Πλάτων,Plato,337,
7081,101685781,",",",",337,
7082,101685782,καὶ,and,337,
7083,101685783,Αἰαντόδωρος,Aiantodoros,337,
7084,101685784,",",",",337,
7085,101685785,οὗ,whose,337,
7086,101685786,Ἀπολλόδωρος,Apollodorus,337,
7087,101685787,ὅδε,this,337,
7088,101685788,ἀδελφός,brother,337,
7089,101685789,.,.,337,
7090,101685790,καὶ,and,338,
7091,101685791,ἄλλους,others,338,
7092,101685792,πολλοὺς,many,338,
7093,101685793,ἐγὼ,I,338,
7094,101685794,ἔχω,have,338,
7095,101685795,ὑμῖν,to you,338,
7096,101685796,εἰπεῖν,to say,338,
7097,101685797,",",",",338,
7098,101685798,ὧν,of whom,338,
7099,101685799,τινα,some,338,
7100,101685800,ἐχρῆν,ought,338,
7101,101685801,μάλιστα,especially,338,
7102,101685802,μὲν,indeed,338,
7103,101685803,ἐν,in,338,
7104,101685804,τῷ,the,338,
7105,101685805,ἑαυτοῦ,of himself,338,
7106,101685806,λόγῳ,speech,338,
7107,101685807,παρασχέσθαι,to provide,338,
7108,101685808,Μέλητον,Meletus,338,
7109,101685809,μάρτυρα,witness,338,
7110,101685810,.,.,338,
7111,101685811,εἰ,if,339,
7112,101685812,δὲ,but,339,
7113,101685813,τότε,then,339,
7114,101685814,ἐπελάθετο,he forgot,339,
7115,101685815,",",",",339,
7116,101685816,νῦν,now,339,
7117,101685817,παρασχέσθω,let him provide,339,
7118,101685818,—,—,339,
7119,101685819,ἐγὼ,I,339,
7120,101685820,παραχωρῶ,I concede,339,
7121,101685821,—,—,339,
7122,101685822,καὶ,and,339,
7123,101685823,λεγέτω,let him say,339,
7124,101685824,εἴ,if,339,
7125,101685825,τι,something,339,
7126,101685826,ἔχει,has,339,
7127,101685827,τοιοῦτον,such a,339,
7128,101685828,.,.,339,
7129,101685829,ἀλλὰ,but,340,
7130,101685830,τούτου,of this,340,
7131,101685831,πᾶν,all,340,
7132,101685832,το-,the,340,
7133,101685833,τοὐναντίον,on the contrary,340,
7134,101685834,εὑρήσετε,you will find,340,
7135,101685835,",",",",340,
7136,101685836,ὦ,o,340,
7137,101685837,ἄνδρες,men,340,
7138,101685838,",",",",340,
7139,101685839,πάντας,all,340,
7140,101685840,ἐμοὶ,to me,340,
7141,101685841,βοηθεῖν,to help,340,
7142,101685842,ἑτοίμους,ready,340,
7143,101685843,τῷ,to,340,
7144,101685844,διαφθείροντι,corrupting,340,
7145,101685845,",",",",340,
7146,101685846,τῷ,the,340,
7147,101685847,κακὰ,harmful,340,
7148,101685848,ἐργαζομένῳ,doing,340,
7149,101685849,τοὺς,the,340,
7150,101685850,οἰκείους,relatives,340,
7151,101685851,αὐτῶν,his,340,
7152,101685852,",",",",340,
7153,101685853,ὥς,as,340,
7154,101685854,φασι,they say,340,
7155,101685855,Μέλητος,Meletus,340,
7156,101685856,καὶ,and,340,
7157,101685857,Ἄνυτος,Anytus,340,
7158,101685858,.,.,340,
7159,101685859,αὐτοὶ,they themselves,341,
7160,101685860,μὲν,indeed,341,
7161,101685861,γὰρ,for,341,
7162,101685862,οἱ,those,341,
7163,101685863,διεφθαρμένοι,corrupted,341,
7164,101685864,τάχ’,soon,341,
7165,101685865,ἂν,would,341,
7166,101685866,λόγον,argument,341,
7167,101685867,ἔχοιεν,would have,341,
7168,101685868,βοηθοῦντες,helping,341,
7169,101685869,.,.,341,
7170,101685870,οἱ,the,342,
7171,101685871,δὲ,but,342,
7172,101685872,ἀδιάφθαρτοι,immortal,342,
7173,101685873,",",",",342,
7174,101685874,πρεσβύτεροι,older,342,
7175,101685875,ἤδη,already,342,
7176,101685876,ἄνδρες,men,342,
7177,101685877,",",",",342,
7178,101685878,οἱ,those,342,
7179,101685879,τούτων,of these,342,
7180,101685880,προσήκοντες,relating,342,
7181,101685881,",",",",342,
7182,101685882,τίνα,any,342,
7183,101685883,ἄλλον,another,342,
7184,101685884,ἔχουσι,have,342,
7185,101685885,λόγον,argument,342,
7186,101685886,βοηθοῦντες,helping,342,
7187,101685887,ἐμοὶ,to me,342,
7188,101685888,ἀλλ',but,342,
7189,101685889,ἢ,than,342,
7190,101685890,τὸν,the,342,
7191,101685891,ὀρθόν,right,342,
7192,101685892,τε,and,342,
7193,101685893,καὶ,and,342,
7194,101685894,δίκαιον,just,342,
7195,101685895,",",",",342,
7196,101685896,ὅτι,that,342,
7197,101685897,συνίσασι,they know,342,
7198,101685898,Μελήτῳ,Meletus,342,
7199,101685899,μὲν,indeed,342,
7200,101685900,ψευδομένῳ,lying,342,
7201,101685901,",",",",342,
7202,101685902,ἐμοὶ,me,342,
7203,101685903,δὲ,but,342,
7204,101685904,ἀληθεύοντι,speaking truthfully,342,
7205,101685905,;,?,342,
7206,101685906,εἶεν,let it be,343,
7207,101685907,δή,then,343,
7208,101685908,",",",",343,
7209,101685909,ὦ,O,343,
7210,101685910,ἄνδρες,men,343,
7211,101685911,.,.,343,
7212,101685912,ἃ,what,344,
7213,101685913,μὲν,indeed,344,
7214,101685914,ἐγὼ,I,344,
7215,101685915,ἔχοιμ’,would have,344,
7216,101685916,ἂν,if,344,
7217,101685917,ἀπολογεῖσθαι,to defend myself,344,
7218,101685918,",",",",344,
7219,101685919,σχεδόν,almost,344,
7220,101685920,ἐστι,is,344,
7221,101685921,ταῦτα,these things,344,
7222,101685922,καὶ,and,344,
7223,101685923,ἄλλα,other,344,
7224,101685924,ἴσως,perhaps,344,
7225,101685925,τοιαῦτα,such,344,
7226,101685926,.,.,344,
7227,101685927,τάχα,soon,345,
7228,101685928,δ’,but,345,
7229,101685929,ἄν,would,345,
7230,101685930,τις,someone,345,
7231,101685931,ὑμῶν,your,345,
7232,101685932,ἀγανακτήσειεν,might be annoyed,345,
7233,101685933,ἀναμνησθεὶς,being reminded,345,
7234,101685934,ἑαυτοῦ,himself,345,
7235,101685935,",",",",345,
7236,101685936,εἰ,if,345,
7237,101685937,ὁ,that,345,
7238,101685938,μὲν,on the one hand,345,
7239,101685939,καὶ,and,345,
7240,101685940,ἐλάττω,smaller,345,
7241,101685941,τουτουῒ,of this,345,
7242,101685942,τοῦ,of this,345,
7243,101685943,ἀγῶνος,of a trial,345,
7244,101685944,ἀγῶνα,trial,345,
7245,101685945,ἀγωνιζόμενος,competing,345,
7246,101685946,ἐδεήθη,he had to,345,
7247,101685947,τε,and,345,
7248,101685948,καὶ,and,345,
7249,101685949,ἱκέτευσε,begged,345,
7250,101685950,τοὺς,the,345,
7251,101685951,δικαστὰς,judges,345,
7252,101685952,μετὰ,with,345,
7253,101685953,πολλῶν,much,345,
7254,101685954,δακρύων,of tears,345,
7255,101685955,",",",",345,
7256,101685956,παιδία,children,345,
7257,101685957,τε,and,345,
7258,101685958,αὑτοῦ,his,345,
7259,101685959,ἀναβιβασάμενος,bringing up,345,
7260,101685960,ἵνα,so that,345,
7261,101685961,ὅτι,that,345,
7262,101685962,μάλιστα,most,345,
7263,101685963,ἐλεηθείη,be pitied,345,
7264,101685964,",",",",345,
7265,101685965,καὶ,and,345,
7266,101685966,ἄλλους,others,345,
7267,101685967,τῶν,of the,345,
7268,101685968,οἰκείων,relatives,345,
7269,101685969,καὶ,and,345,
7270,101685970,φίλων,friends,345,
7271,101685971,πολλούς,many,345,
7272,101685972,",",",",345,
7273,101685973,ἐγὼ,I,345,
7274,101685974,δὲ,but,345,
7275,101685975,οὐδὲν,nothing,345,
7276,101685976,ἄρα,therefore,345,
7277,101685977,τούτων,these,345,
7278,101685978,ποιήσω,will do,345,
7279,101685979,",",",",345,
7280,101685980,καὶ,and,345,
7281,101685981,ταῦτα,these things,345,
7282,101685982,κινδυνεύων,risking,345,
7283,101685983,",",",",345,
7284,101685984,ὡς,as,345,
7285,101685985,ἂν,would,345,
7286,101685986,δόξαιμι,might appear,345,
7287,101685987,",",",",345,
7288,101685988,τὸν,the,345,
7289,101685989,ἔσχατον,greatest,345,
7290,101685990,κίνδυνον,danger,345,
7291,101685991,.,.,345,
7292,101685992,τάχ’,quickly,346,
7293,101685993,ἂν,if,346,
7294,101685994,οὖν,therefore,346,
7295,101685995,τις,someone,346,
7296,101685996,ταῦτα,these,346,
7297,101685997,ἐννοήσας,having understood,346,
7298,101685998,αὐθαδέστερον,more stubbornly,346,
7299,101685999,ἂν,an,346,
7300,101686000,πρός,toward,346,
7301,101686001,με,me,346,
7302,101686002,σχοίη,have,346,
7303,101686003,καὶ,and,346,
7304,101686004,ὀργισθεὶς,angered,346,
7305,101686005,αὐτοῖς,them,346,
7306,101686006,τούτοις,these,346,
7307,101686007,θεῖτο,might rush,346,
7308,101686008,ἂν,would,346,
7309,101686009,μετ’,with,346,
7310,101686010,ὀργῆς,anger,346,
7311,101686011,τὴν,the,346,
7312,101686012,ψῆφον,vote,346,
7313,101686013,.,.,346,
7314,101686014,εἰ,if,347,
7315,101686015,δή,then,347,
7316,101686016,τις,someone,347,
7317,101686017,ὑμῶν,of you,347,
7318,101686018,οὕτως,thus,347,
7319,101686019,ἔχει,is,347,
7320,101686020,—,—,347,
7321,101686021,οὐκ,not,347,
7322,101686022,ἀξιῶ,I consider worthy,347,
7323,101686023,μὲν,indeed,347,
7324,101686024,γὰρ,for,347,
7325,101686025,ἔγωγε,I indeed,347,
7326,101686026,",",",",347,
7327,101686027,εἰ,if,347,
7328,101686028,δ’,but,347,
7329,101686029,οὖν,then,347,
7330,101686030,—,—,347,
7331,101686031,ἐπιεικῆ,reasonable,347,
7332,101686032,ἄν,would,347,
7333,101686033,μοι,to me,347,
7334,101686034,δοκῶ,I seem,347,
7335,101686035,πρὸς,toward,347,
7336,101686036,τοῦτον,this man,347,
7337,101686037,λέγειν,to say,347,
7338,101686038,λέγων,saying,347,
7339,101686039,ὅτι,that,347,
7340,101686040,,,347,
7341,101686041,ἐμοί,for me,347,
7342,101686042,",",",",347,
7343,101686043,ὦ,O,347,
7344,101686044,ἄριστε,best,347,
7345,101686045,",",",",347,
7346,101686046,εἰσὶν,are,347,
7347,101686047,μέν,indeed,347,
7348,101686048,πού,perhaps,347,
7349,101686049,τινες,some,347,
7350,101686050,καὶ,and,347,
7351,101686051,οἰκεῖοι,relatives,347,
7352,101686052,.,.,347,
7353,101686053,καὶ,and,348,
7354,101686054,γὰρ,for,348,
7355,101686055,τοῦτο,this,348,
7356,101686056,αὐτὸ,this very,348,
7357,101686057,τὸ,the,348,
7358,101686058,τοῦ,of,348,
7359,101686059,Ὁμήρου,Homer's,348,
7360,101686060,",",",",348,
7361,101686061,οὐ,not,348,
7362,101686062,-δ’,and,348,
7363,101686063,ἐγὼ,I,348,
7364,101686064,,,348,
7365,101686065,ἀπὸ,from,348,
7366,101686066,δρυὸς,of an oak,348,
7367,101686067,οὐ,not,348,
7368,101686068,-δ',and,348,
7369,101686069,ἀπὸ,from,348,
7370,101686070,πέτρης,rock,348,
7371,101686071, , ,348,
7372,101686072,πέφυκα,have come into being,348,
7373,101686073,ἀλλ’,but,348,
7374,101686074,ἐξ,from,348,
7375,101686075,ἀνθρώπων,of people,348,
7376,101686076,",",",",348,
7377,101686077,ὥστε,so that,348,
7378,101686078,καὶ,and,348,
7379,101686079,οἰκεῖοί,family,348,
7380,101686080,μοί,to me,348,
7381,101686081,εἰσι,are,348,
7382,101686082,καὶ,and,348,
7383,101686083,ὑεῖς,sons,348,
7384,101686084,γε,indeed,348,
7385,101686085,",",",",348,
7386,101686086,ὦ,O,348,
7387,101686087,ἄνδρες,men,348,
7388,101686088,Ἀθηναῖοι,Athenians,348,
7389,101686089,",",",",348,
7390,101686090,τρεῖς,three,348,
7391,101686091,",",",",348,
7392,101686092,εἷς,one,348,
7393,101686093,μὲν,on the one hand,348,
7394,101686094,μειράκιον,young man,348,
7395,101686095,ἤδη,already,348,
7396,101686096,",",",",348,
7397,101686097,δύο,two,348,
7398,101686098,δὲ,but,348,
7399,101686099,παιδία,children,348,
7400,101686100,.,.,348,
7401,101686101,ἀλλ’,but,349,
7402,101686102,ὅμως,nevertheless,349,
7403,101686103,οὐδένα,no one,349,
7404,101686104,αὐτῶν,of them,349,
7405,101686105,δεῦρο,here,349,
7406,101686106,ἀναβιβασάμενος,having led up,349,
7407,101686107,δεήσομαι,I will ask,349,
7408,101686108,ὑμῶν,you,349,
7409,101686109,ἀποψηφίσασθαι,to vote against,349,
7410,101686110,, ,349,
7411,101686111,.,.,349,
7412,101686112,τί,what,350,
7413,101686113,δὴ,indeed,350,
7414,101686114,οὖν,therefore,350,
7415,101686115,οὐδὲν,nothing,350,
7416,101686116,τούτων,of these,350,
7417,101686117,ποιήσω,do,350,
7418,101686118,;,;,350,
7419,101686119,οὐκ,not,351,
7420,101686120,αὐθαδιζόμενος,acting boldly,351,
7421,101686121,",",",",351,
7422,101686122,ὦ,O,351,
7423,101686123,ἄνδρες,men,351,
7424,101686124,Ἀθηναῖοι,Athenians,351,
7425,101686125,",",",",351,
7426,101686126,οὐ,not,351,
7427,101686127,-δ’,and,351,
7428,101686128,ὑμᾶς,you,351,
7429,101686129,ἀτιμάζων,dishonoring,351,
7430,101686130,",",",",351,
7431,101686131,ἀλλ’,but,351,
7432,101686132,εἰ,whether,351,
7433,101686133,μὲν,indeed,351,
7434,101686134,θαρραλέως,boldly,351,
7435,101686135,ἐγὼ,I,351,
7436,101686136,ἔχω,have,351,
7437,101686137,πρὸς,toward,351,
7438,101686138,θάνατον,death,351,
7439,101686139,ἢ,or,351,
7440,101686140,μή,or not,351,
7441,101686141,",",",",351,
7442,101686142,ἄλλος,another,351,
7443,101686143,λόγος,argument,351,
7444,101686144,",",",",351,
7445,101686145,πρὸς,regarding,351,
7446,101686146,δ’,and,351,
7447,101686147,οὖν,therefore,351,
7448,101686148,δόξαν,opinion,351,
7449,101686149,καὶ,and,351,
7450,101686150,ἐμοὶ,to me,351,
7451,101686151,καὶ,and,351,
7452,101686152,ὑμῖν,to you,351,
7453,101686153,καὶ,and,351,
7454,101686154,ὅλῃ,whole,351,
7455,101686155,τῇ,the,351,
7456,101686156,πόλει,city,351,
7457,101686157,οὔ,not,351,
7458,101686158,μοι,to me,351,
7459,101686159,δοκεῖ,it seems,351,
7460,101686160,καλὸν,beautiful,351,
7461,101686161,εἶναι,to be,351,
7462,101686162,ἐμὲ,me,351,
7463,101686163,τούτων,of these,351,
7464,101686164,οὐδὲν,nothing,351,
7465,101686165,ποιεῖν,to do,351,
7466,101686166,καὶ,and,351,
7467,101686167,τηλικόνδε,of such an age,351,
7468,101686168,ὄντα,being,351,
7469,101686169,καὶ,and,351,
7470,101686170,τοῦτο,this,351,
7471,101686171,το-,the,351,
7472,101686172,τοὔνομα,name,351,
7473,101686173,ἔχοντα,having,351,
7474,101686174,",",",",351,
7475,101686175,εἴ,if,351,
7476,101686176,-τ',and,351,
7477,101686177,οὖν,then,351,
7478,101686178,ἀληθὲς,true,351,
7479,101686179,εἴ,if,351,
7480,101686180,-τ’,and,351,
7481,101686181,οὖν,then,351,
7482,101686182,ψεῦδος,falsehood,351,
7483,101686183,",",",",351,
7484,101686184,ἀλλ',but,351,
7485,101686185,οὖν,then,351,
7486,101686186,δεδογμένον,thought,351,
7487,101686187,γέ,indeed,351,
7488,101686188,ἐστί,is,351,
7489,101686189,τῳ,to,351,
7490,101686190,Σωκράτῃ,Socrates,351,
7491,101686191,διαφέρειν,to differ,351,
7492,101686192,τῶν,of the,351,
7493,101686193,πολλῶν,many,351,
7494,101686194,ἀνθρώπων,men,351,
7495,101686195,.,.,351,
7496,101686196,εἰ,if,352,
7497,101686197,οὖν,then,352,
7498,101686198,ὑμῶν,your,352,
7499,101686199,οἱ,those,352,
7500,101686200,δοκοῦντες,those who think,352,
7501,101686201,διαφέρειν,to surpass,352,
7502,101686202,εἴ,or,352,
7503,101686203,-τε,or,352,
7504,101686204,σοφίᾳ,wisdom,352,
7505,101686205,εἴ,or,352,
7506,101686206,-τε,or,352,
7507,101686207,ἀνδρείᾳ,courage,352,
7508,101686208,εἴ,or,352,
7509,101686209,-τε,or,352,
7510,101686210,ἄλλῃ,any,352,
7511,101686211,ᾑτινιοῦν,any,352,
7512,101686212,ἀρετῇ,virtue,352,
7513,101686213,τοιοῦτοι,such,352,
7514,101686214,ἔσονται,they will be,352,
7515,101686215,",",",",352,
7516,101686216,αἰσχρὸν,shameful,352,
7517,101686217,ἂν,would,352,
7518,101686218,εἴη,it would be,352,
7519,101686219,.,.,352,
7520,101686220,οἵουσπερ,those who,353,
7521,101686221,ἐγὼ,I,353,
7522,101686222,πολλάκις,many times,353,
7523,101686223,ἑώρακά,have seen,353,
7524,101686224,τινας,some,353,
7525,101686225,ὅταν,whenever,353,
7526,101686226,κρίνωνται,they are judged,353,
7527,101686227,",",",",353,
7528,101686228,δοκοῦντας,seeming,353,
7529,101686229,μέν,indeed,353,
7530,101686230,τι,something,353,
7531,101686231,εἶναι,to be,353,
7532,101686232,",",",",353,
7533,101686233,θαυμάσια,wonderful,353,
7534,101686234,δὲ,but,353,
7535,101686235,ἐργαζομένους,performing,353,
7536,101686236,",",",",353,
7537,101686237,ὡς,as,353,
7538,101686238,δεινόν,great,353,
7539,101686239,τι,something,353,
7540,101686240,οἰομένους,thinking,353,
7541,101686241,πείσεσθαι,to suffer,353,
7542,101686242,εἰ,if,353,
7543,101686243,ἀποθανοῦνται,they die,353,
7544,101686244,",",",",353,
7545,101686245,ὥσπερ,as,353,
7546,101686246,ἀθανάτων,immortals,353,
7547,101686247,ἐσομένων,being,353,
7548,101686248,ἂν,if,353,
7549,101686249,ὑμεῖς,you,353,
7550,101686250,αὐτοὺς,them,353,
7551,101686251,μὴ,not,353,
7552,101686252,ἀποκτείνητε,you kill,353,
7553,101686253,.,.,353,
7554,101686254,οἳ,those,354,
7555,101686255,ἐμοὶ,to me,354,
7556,101686256,δοκοῦσιν,seem,354,
7557,101686257,αἰσχύνην,shame,354,
7558,101686258,τῇ,the,354,
7559,101686259,πόλει,city,354,
7560,101686260,περιάπτειν,to put around,354,
7561,101686261,",",",",354,
7562,101686262,ὥστ’,so that,354,
7563,101686263,ἄν,if,354,
7564,101686264,τινα,someone,354,
7565,101686265,καὶ,and,354,
7566,101686266,τῶν,of the,354,
7567,101686267,ξένων,foreigners,354,
7568,101686268,ὑπολαβεῖν,to suppose,354,
7569,101686269,ὅτι,that,354,
7570,101686270,οἱ,the,354,
7571,101686271,διαφέροντες,distinguished,354,
7572,101686272,Ἀθηναίων,of Athenians,354,
7573,101686273,εἰς,in,354,
7574,101686274,ἀρετήν,virtue,354,
7575,101686275,",",",",354,
7576,101686276,οὓς,whom,354,
7577,101686277,αὐτοὶ,they,354,
7578,101686278,ἑαυτῶν,themselves,354,
7579,101686279,ἔν,in,354,
7580,101686280,τε,and,354,
7581,101686281,ταῖς,the,354,
7582,101686282,ἀρχαῖς,official positions,354,
7583,101686283,καὶ,and,354,
7584,101686284,ταῖς,the,354,
7585,101686285,ἄλλαις,other,354,
7586,101686286,τιμαῖς,honors,354,
7587,101686287,προκρίνουσιν,choose,354,
7588,101686288,",",",",354,
7589,101686289,οὗτοι,these,354,
7590,101686290,γυναικῶν,of women,354,
7591,101686291,οὐδὲν,nothing,354,
7592,101686292,διαφέρουσιν,differ,354,
7593,101686293,.,.,354,
7594,101686294,ταῦτα,these things,355,
7595,101686295,γάρ,for,355,
7596,101686296,",",",",355,
7597,101686297,ὦ,O,355,
7598,101686298,ἄνδρες,men,355,
7599,101686299,Ἀθηναῖοι,Athenians,355,
7600,101686300,",",",",355,
7601,101686301,οὔ,not,355,
7602,101686302,-τε,and,355,
7603,101686303,ὑμᾶς,you,355,
7604,101686304,χρὴ,it is necessary,355,
7605,101686305,ποιεῖν,to do,355,
7606,101686306,τοὺς,the,355,
7607,101686307,δοκοῦντας,thinking,355,
7608,101686308,καὶ,or,355,
7609,101686309,ὁπῃοῦν,wherever,355,
7610,101686310,τι,anything,355,
7611,101686311,εἶναι,to be,355,
7612,101686312,",",",",355,
7613,101686313,οὔ,not,355,
7614,101686314,-τ',and,355,
7615,101686315,",",",",355,
7616,101686316,ἂν,if,355,
7617,101686317,ἡμεῖς,we,355,
7618,101686318,ποιῶμεν,do,355,
7619,101686319,",",",",355,
7620,101686320,ὑμᾶς,you,355,
7621,101686321,ἐπιτρέπειν,to permit,355,
7622,101686322,",",",",355,
7623,101686323,ἀλλὰ,but,355,
7624,101686324,τοῦτο,this,355,
7625,101686325,αὐτὸ,this very,355,
7626,101686326,ἐνδείκνυσθαι,to show,355,
7627,101686327,",",",",355,
7628,101686328,ὅτι,that,355,
7629,101686329,πολὺ,much,355,
7630,101686330,μᾶλλον,much more,355,
7631,101686331,καταψηφιεῖσθε,you will vote against,355,
7632,101686332,τοῦ,the,355,
7633,101686333,τὰ,the,355,
7634,101686334,ἐλεινὰ,pitiful,355,
7635,101686335,ταῦτα,these,355,
7636,101686336,δράματα,plays,355,
7637,101686337,εἰσάγοντος,introducing,355,
7638,101686338,καὶ,and,355,
7639,101686339,καταγέλαστον,making ridiculous,355,
7640,101686340,τὴν,the,355,
7641,101686341,πόλιν,city,355,
7642,101686342,ποιοῦντος,making,355,
7643,101686343,ἢ,than,355,
7644,101686344,τοῦ,of the,355,
7645,101686345,ἡσυχίαν,quiet life,355,
7646,101686346,ἄγοντος,leading,355,
7647,101686347,.,.,355,
7648,101686348,χωρὶς,apart,356,
7649,101686349,δὲ,but,356,
7650,101686350,τῆς,of the,356,
7651,101686351,δόξης,of opinion,356,
7652,101686352,",",",",356,
7653,101686353,ὦ,O,356,
7654,101686354,ἄνδρες,men,356,
7655,101686355,",",",",356,
7656,101686356,οὐ,not,356,
7657,101686357,-δὲ,and,356,
7658,101686358,δίκαιόν,just,356,
7659,101686359,μοι,to me,356,
7660,101686360,δοκεῖ,it seems,356,
7661,101686361,εἶναι,to be,356,
7662,101686362,δεῖσθαι,to fear,356,
7663,101686363,τοῦ,of the,356,
7664,101686364,δικαστοῦ,jury,356,
7665,101686365,οὐ,not,356,
7666,101686366,-δὲ,and,356,
7667,101686367,δεόμενον,needing,356,
7668,101686368,ἀποφεύγειν,to avoid,356,
7669,101686369,",",",",356,
7670,101686370,ἀλλὰ,but,356,
7671,101686371,διδάσκειν,to teach,356,
7672,101686372,καὶ,and,356,
7673,101686373,πείθειν,to persuade,356,
7674,101686374,.,.,356,
7675,101686375,οὐ,not,357,
7676,101686376,γὰρ,for,357,
7677,101686377,ἐπὶ,on,357,
7678,101686378,τούτῳ,this,357,
7679,101686379,κάθηται,sits,357,
7680,101686380,ὁ,the,357,
7681,101686381,δικαστής,juror,357,
7682,101686382,",",",",357,
7683,101686383,ἐπὶ,for,357,
7684,101686384,τῷ,to,357,
7685,101686385,καταχαρίζεσθαι,to do a favor,357,
7686,101686386,τὰ,the,357,
7687,101686387,δίκαια,the just things,357,
7688,101686388,",",",",357,
7689,101686389,ἀλλ',but,357,
7690,101686390,ἐπὶ,for,357,
7691,101686391,τῷ,the,357,
7692,101686392,κρίνειν,to judge,357,
7693,101686393,ταῦτα,these,357,
7694,101686394,.,.,357,
7695,101686395,καὶ,and,358,
7696,101686396,ὀμώμοκεν,has sworn,358,
7697,101686397,οὐ,not,358,
7698,101686398,χαριεῖσθαι,to show favor,358,
7699,101686399,οἷς,whom,358,
7700,101686400,ἂν,if,358,
7701,101686401,δοκῇ,seems,358,
7702,101686402,αὐτῷ,to him,358,
7703,101686403,",",",",358,
7704,101686404,ἀλλὰ,but,358,
7705,101686405,δικάσειν,to judge,358,
7706,101686406,κατὰ,according to,358,
7707,101686407,τοὺς,the,358,
7708,101686408,νόμους,laws,358,
7709,101686409,.,.,358,
7710,101686410,οὔκουν,then,359,
7711,101686411,χρὴ,it is necessary,359,
7712,101686412,οὔ,not,359,
7713,101686413,-τε,and,359,
7714,101686414,ἡμᾶς,us,359,
7715,101686415,ἐθίζειν,to accustom,359,
7716,101686416,ὑμᾶς,you,359,
7717,101686417,ἐπιορκεῖν,to commit perjury,359,
7718,101686418,οὔ,not,359,
7719,101686419,-θ’,and,359,
7720,101686420,ὑμᾶς,you,359,
7721,101686421,ἐθίζεσθαι,to accustom,359,
7722,101686422,.,.,359,
7723,101686423,οὐδέτεροι,neither,360,
7724,101686424,γὰρ,for,360,
7725,101686425,ἂν,would,360,
7726,101686426,ἡμῶν,of us,360,
7727,101686427,εὐσεβοῖεν,were pious,360,
7728,101686428,.,.,360,
7729,101686429,μὴ,not,361,
7730,101686430,οὖν,then,361,
7731,101686431,ἀξιοῦτέ,consider,361,
7732,101686432,με,me,361,
7733,101686433,",",",",361,
7734,101686434,ὦ,O,361,
7735,101686435,ἄνδρες,men,361,
7736,101686436,Ἀθηναῖοι,Athenians,361,
7737,101686437,",",",",361,
7738,101686438,τοιαῦτα,such,361,
7739,101686439,δεῖν,to do,361,
7740,101686440,πρὸς,towards,361,
7741,101686441,ὑμᾶς,you,361,
7742,101686442,πράττειν,to do,361,
7743,101686443,ἃ,that,361,
7744,101686444,μή,not,361,
7745,101686445,-τε,and,361,
7746,101686446,ἡγοῦμαι,consider,361,
7747,101686447,καλὰ,beautiful,361,
7748,101686448,εἶναι,to be,361,
7749,101686449,μή,not,361,
7750,101686450,-τε,and,361,
7751,101686451,δίκαια,just,361,
7752,101686452,μή,not,361,
7753,101686453,-τε,-te,361,
7754,101686454,ὅσια,pious,361,
7755,101686455,",",",",361,
7756,101686456,ἄλλως,otherwise,361,
7757,101686457,τε,and,361,
7758,101686458,μέντοι,however,361,
7759,101686459,νὴ,by,361,
7760,101686460,Δία,Zeus,361,
7761,101686461,πάντως,absolutely,361,
7762,101686462,καὶ,and,361,
7763,101686463,ἀσεβείας,impiety,361,
7764,101686464,φεύγοντα,fleeing,361,
7765,101686465,ὑπὸ,by,361,
7766,101686466,Μελήτου,of Meletus,361,
7767,101686467,τουτουΐ,this,361,
7768,101686468,.,.,361,
7769,101686469,σαφῶς,clearly,362,
7770,101686470,γὰρ,for,362,
7771,101686471,ἄν,would,362,
7772,101686472,",",",",362,
7773,101686473,εἰ,if,362,
7774,101686474,πείθοιμι,were to persuade,362,
7775,101686475,ὑμᾶς,you,362,
7776,101686476,καὶ,and,362,
7777,101686477,τῷ,the,362,
7778,101686478,δεῖσθαι,to fear,362,
7779,101686479,βιαζοίμην,I were forcing,362,
7780,101686480,ὀμωμοκότας,having sworn,362,
7781,101686481,",",",",362,
7782,101686482,θεοὺς,gods,362,
7783,101686483,ἂν,would,362,
7784,101686484,διδάσκοιμι,I were teaching,362,
7785,101686485,μὴ,not,362,
7786,101686486,ἡγεῖσθαι,to believe,362,
7787,101686487,ὑμᾶς,you,362,
7788,101686488,εἶναι,to be,362,
7789,101686489,",",",",362,
7790,101686490,καὶ,and,362,
7791,101686491,ἀτεχνῶς,artlessly,362,
7792,101686492,ἀπολογούμενος,defending myself,362,
7793,101686493,κατηγοροίην,would be accused,362,
7794,101686494,ἂν,would,362,
7795,101686495,ἐμαυτοῦ,myself,362,
7796,101686496,ὡς,as,362,
7797,101686497,θεοὺς,gods,362,
7798,101686498,οὐ,not,362,
7799,101686499,νομίζω,I think,362,
7800,101686500,.,.,362,
7801,101686501,ἀλλὰ,but,363,
7802,101686502,πολλοῦ,much,363,
7803,101686503,δεῖ,it is necessary,363,
7804,101686504,οὕτως,thus,363,
7805,101686505,ἔχειν,to be,363,
7806,101686506,.,.,363,
7807,101686507,νομίζω,I think,364,
7808,101686508,τε,and,364,
7809,101686509,γάρ,for,364,
7810,101686510,",",",",364,
7811,101686511,ὦ,O,364,
7812,101686512,ἄνδρες,men,364,
7813,101686513,Ἀθηναῖοι,Athenians,364,
7814,101686514,",",",",364,
7815,101686515,ὡς,that,364,
7816,101686516,οὐδεὶς,no one,364,
7817,101686517,τῶν,of the,364,
7818,101686518,ἐμῶν,my,364,
7819,101686519,κατηγόρων,accusers,364,
7820,101686520,",",",",364,
7821,101686521,καὶ,and,364,
7822,101686522,ὑμῖν,you,364,
7823,101686523,ἐπιτρέπω,I entrust,364,
7824,101686524,καὶ,and,364,
7825,101686525,τῷ,the,364,
7826,101686526,θεῷ,gods,364,
7827,101686527,κρῖναι,to decide,364,
7828,101686528,περὶ,about,364,
7829,101686529,ἐμοῦ,of me,364,
7830,101686530,ὅπῃ,where,364,
7831,101686531,μέλλει,is about to,364,
7832,101686532,ἐμοί,to me,364,
7833,101686533,τε,and,364,
7834,101686534,ἄριστα,best,364,
7835,101686535,εἶναι,to be,364,
7836,101686536,καὶ,and,364,
7837,101686537,ὑμῖν,you,364,
7838,101686538,.,.,364,
7839,101686539,τὸ,the,365,
7840,101686540,μὲν,indeed,365,
7841,101686541,μὴ,not,365,
7842,101686542,ἀγανακτεῖν,to be indignant,365,
7843,101686543,",",",",365,
7844,101686544,ὦ,O,365,
7845,101686545,ἄνδρες,men,365,
7846,101686546,Ἀθηναῖοι,Athenians,365,
7847,101686547,",",",",365,
7848,101686548,ἐπὶ,about,365,
7849,101686549,τούτῳ,this,365,
7850,101686550,τῷ,the,365,
7851,101686551,γεγονότι,having happened,365,
7852,101686552,",",",",365,
7853,101686553,ὅτι,that,365,
7854,101686554,μου,of me,365,
7855,101686555,κατεψηφίσασθε,voted against,365,
7856,101686556,",",",",365,
7857,101686557,ἄλλα,other things,365,
7858,101686558,τέ,and,365,
7859,101686559,μοι,to me,365,
7860,101686560,πολλὰ,many,365,
7861,101686561,συμβάλλεται,happens,365,
7862,101686562,",",",",365,
7863,101686563,καὶ,and,365,
7864,101686564,οὐκ,not,365,
7865,101686565,ἀνέλπιστόν,not hopeless,365,
7866,101686566,μοι,to me,365,
7867,101686567,γέγονεν,has become,365,
7868,101686568,τὸ,the,365,
7869,101686569,γεγονὸς,thing that has happened,365,
7870,101686570,τοῦτο,this,365,
7871,101686571,",",",",365,
7872,101686572,ἀλλὰ,but,365,
7873,101686573,πολὺ,much,365,
7874,101686574,μᾶλλον,rather,365,
7875,101686575,θαυμάζω,I wonder,365,
7876,101686576,ἑκατέρων,of each,365,
7877,101686577,τῶν,of the,365,
7878,101686578,ψήφων,votes,365,
7879,101686579,τὸν,the,365,
7880,101686580,γεγονότα,having occurred,365,
7881,101686581,ἀριθμόν,number,365,
7882,101686582,.,.,365,
7883,101686583,οὐ,not,366,
7884,101686584,γὰρ,for,366,
7885,101686585,ᾠόμην,I thought,366,
7886,101686586,ἔγωγε,I indeed,366,
7887,101686587,οὕτω,so,366,
7888,101686588,παρ’,by,366,
7889,101686589,ὀλίγον,little,366,
7890,101686590,ἔσεσθαι,to be,366,
7891,101686591,ἀλλὰ,but,366,
7892,101686592,παρὰ,by,366,
7893,101686593,πολύ,much,366,
7894,101686594,.,.,366,
7895,101686595,νῦν,now,367,
7896,101686596,δέ,but,367,
7897,101686597,",",",",367,
7898,101686598,ὡς,as,367,
7899,101686599,ἔοικεν,seems,367,
7900,101686600,",",",",367,
7901,101686601,εἰ,if,367,
7902,101686602,τριάκοντα,thirty,367,
7903,101686603,μόναι,only,367,
7904,101686604,μετέπεσον,it turned out,367,
7905,101686605,τῶν,of the,367,
7906,101686606,ψήφων,votes,367,
7907,101686607,",",",",367,
7908,101686608,ἀπεπεφεύγη,would have escaped,367,
7909,101686609,ἄν,would,367,
7910,101686610,.,.,367,
7911,101686611,μέλητον,Meletus,368,
7912,101686612,μὲν,indeed,368,
7913,101686613,οὖν,then,368,
7914,101686614,",",",",368,
7915,101686615,ὡς,as,368,
7916,101686616,ἐμοὶ,to me,368,
7917,101686617,δοκῶ,it seems,368,
7918,101686618,",",",",368,
7919,101686619,καὶ,and,368,
7920,101686620,νῦν,now,368,
7921,101686621,ἀποπέφευγα,have escaped,368,
7922,101686622,",",",",368,
7923,101686623,καὶ,and,368,
7924,101686624,οὐ,not,368,
7925,101686625,μόνον,only,368,
7926,101686626,ἀποπέφευγα,escaped,368,
7927,101686627,",",",",368,
7928,101686628,ἀλλὰ,but,368,
7929,101686629,παντὶ,to everyone,368,
7930,101686630,δῆλον,obvious,368,
7931,101686631,τοῦτό,this,368,
7932,101686632,γε,indeed,368,
7933,101686633,",",",",368,
7934,101686634,ὅτι,that,368,
7935,101686635,εἰ,if,368,
7936,101686636,μὴ,not,368,
7937,101686637,ἀνέβη,came up,368,
7938,101686638,Ἄνυτος,Anytus,368,
7939,101686639,καὶ,and,368,
7940,101686640,Λύκων,Lycon,368,
7941,101686641,κατηγορήσοντες,having indicted,368,
7942,101686642,ἐμοῦ,me,368,
7943,101686643,",",",",368,
7944,101686644,κα-,and,368,
7945,101686645,κἂν,would,368,
7946,101686646,ὦφλε,would have incurred,368,
7947,101686647,χιλίας,thousand,368,
7948,101686648,δραχμάς,drachmas,368,
7949,101686649,",",",",368,
7950,101686650,οὐ,not,368,
7951,101686651,μεταλαβὼν,having received,368,
7952,101686652,τὸ,the,368,
7953,101686653,πέμπτον,fifth,368,
7954,101686654,μέρος,part,368,
7955,101686655,τῶν,of the,368,
7956,101686656,ψήφων,votes,368,
7957,101686657,.,.,368,
7958,101686658,τιμᾶται,is held in honor,369,
7959,101686659,δ’,and,369,
7960,101686660,οὖν,then,369,
7961,101686661,μοι,to me,369,
7962,101686662,ὁ,the,369,
7963,101686663,ἀνὴρ,man,369,
7964,101686664,θανάτου,of death,369,
7965,101686665,.,.,369,
7966,101686666,εἶεν,let him be,370,
7967,101686667,.,.,370,
7968,101686668,ἐγὼ,I,371,
7969,101686669,δὲ,but,371,
7970,101686670,δὴ,indeed,371,
7971,101686671,τίνος,something,371,
7972,101686672,ὑμῖν,you,371,
7973,101686673,ἀντιτιμήσομαι,I will pay back,371,
7974,101686674,",",",",371,
7975,101686675,ὦ,O,371,
7976,101686676,ἄνδρες,men,371,
7977,101686677,Ἀθηναῖοι,Athenians,371,
7978,101686678,;,;,371,
7979,101686679,ἢ,indeed,372,
7980,101686680,δῆλον,clear,372,
7981,101686681,ὅτι,that,372,
7982,101686682,τῆς,of,372,
7983,101686683,ἀξίας,worth,372,
7984,101686684,;,.,372,
7985,101686685,τί,what,373,
7986,101686686,οὖν,then,373,
7987,101686687,;,;,373,
7988,101686688,τί,what,374,
7989,101686689,ἄξιός,worthy,374,
7990,101686690,εἰμι,I am,374,
7991,101686691,παθεῖν,to suffer,374,
7992,101686692,ἢ,or,374,
7993,101686693,ἀποτεῖσαι,to pay the penalty,374,
7994,101686694,",",",",374,
7995,101686695,ὅτι,that,374,
7996,101686696,μαθὼν,having learned,374,
7997,101686697,ἐν,in,374,
7998,101686698,τῷ,the,374,
7999,101686699,βίῳ,life,374,
8000,101686700,οὐχ,not,374,
8001,101686701,ἡσυχίαν,quietness,374,
8002,101686702,ἦγον,led,374,
8003,101686703,",",",",374,
8004,101686704,ἀλλ’,but,374,
8005,101686705,ἀμελήσας,having neglected,374,
8006,101686706,ὧνπερ,of the very things,374,
8007,101686707,οἱ,the,374,
8008,101686708,πολλοί,many,374,
8009,101686709,",",",",374,
8010,101686710,χρηματισμοῦ,making a living,374,
8011,101686711,τε,and,374,
8012,101686712,καὶ,and,374,
8013,101686713,οἰκονομίας,household management,374,
8014,101686714,καὶ,and,374,
8015,101686715,στρατηγιῶν,generalships,374,
8016,101686716,καὶ,and,374,
8017,101686717,δημηγοριῶν,public speeches,374,
8018,101686718,καὶ,and,374,
8019,101686719,τῶν,of the,374,
8020,101686720,ἄλλων,other,374,
8021,101686721,ἀρχῶν,offices,374,
8022,101686722,καὶ,and,374,
8023,101686723,συνωμοσιῶν,conspiracies,374,
8024,101686724,καὶ,and,374,
8025,101686725,στάσεων,of civil strifes,374,
8026,101686726,τῶν,of the,374,
8027,101686727,ἐν,in,374,
8028,101686728,τῇ,the,374,
8029,101686729,πόλει,city,374,
8030,101686730,γιγνομένων,occurring,374,
8031,101686731,",",",",374,
8032,101686732,ἡγησάμενος,considering,374,
8033,101686733,ἐμαυτὸν,myself,374,
8034,101686734,τῷ,the,374,
8035,101686735,ὄντι,being,374,
8036,101686736,ἐπιεικέστερον,better,374,
8037,101686737,εἶναι,to be,374,
8038,101686738,ἢ,than,374,
8039,101686739,ὥστε,so that,374,
8040,101686740,εἰς,into,374,
8041,101686741,ταῦτ’,these things,374,
8042,101686742,ἰόντα,going,374,
8043,101686743,σῴζεσθαι,to be saved,374,
8044,101686744,",",",",374,
8045,101686745,ἐνταῦθα,there,374,
8046,101686746,μὲν,indeed,374,
8047,101686747,οὐκ,not,374,
8048,101686748,ᾖα,I was going,374,
8049,101686749,οἷ,indeed,374,
8050,101686750,ἐλθὼν,having come,374,
8051,101686751,μή,not,374,
8052,101686752,-τε,-and,374,
8053,101686753,ὑμῖν,you,374,
8054,101686754,μή,not,374,
8055,101686755,-τε,or,374,
8056,101686756,ἐμαυτῷ,to myself,374,
8057,101686757,ἔμελλον,was about to,374,
8058,101686758,μηδὲν,no,374,
8059,101686759,ὄφελος,benefit,374,
8060,101686760,εἶναι,to be,374,
8061,101686761,",",",",374,
8062,101686762,ἐπὶ,to,374,
8063,101686763,δὲ,but,374,
8064,101686764,τὸ,the,374,
8065,101686765,ἰδίᾳ,privately,374,
8066,101686766,ἕκαστον,each one,374,
8067,101686767,ἰὼν,going,374,
8068,101686768,εὐεργετεῖν,to do good,374,
8069,101686769,τὴν,the,374,
8070,101686770,μεγίστην,greatest,374,
8071,101686771,εὐεργεσίαν,benefit,374,
8072,101686772,",",",",374,
8073,101686773,ὡς,as,374,
8074,101686774,ἐγώ,I,374,
8075,101686775,φημι,say,374,
8076,101686776,",",",",374,
8077,101686777,ἐνταῦθα,here,374,
8078,101686778,ᾖα,I was,374,
8079,101686779,",",",",374,
8080,101686780,ἐπιχειρῶν,attempting,374,
8081,101686781,ἕκαστον,each,374,
8082,101686782,ὑμῶν,you,374,
8083,101686783,πείθειν,to persuade,374,
8084,101686784,μὴ,not,374,
8085,101686785,πρότερον,before,374,
8086,101686786,μή,not,374,
8087,101686787,-τε,-or,374,
8088,101686788,τῶν,of any,374,
8089,101686789,ἑαυτοῦ,his own,374,
8090,101686790,μηδενὸς,of anything,374,
8091,101686791,ἐπιμελεῖσθαι,to take care of,374,
8092,101686792,πρὶν,before,374,
8093,101686793,ἑαυτοῦ,himself,374,
8094,101686794,ἐπιμεληθείη,takes care,374,
8095,101686795,ὅπως,that,374,
8096,101686796,ὡς,as,374,
8097,101686797,βέλτιστος,best,374,
8098,101686798,καὶ,and,374,
8099,101686799,φρονιμώτατος,most prudent,374,
8100,101686800,ἔσοιτο,he/she/it would become,374,
8101,101686801,",",",",374,
8102,101686802,μή,not,374,
8103,101686803,-τε,-neither,374,
8104,101686804,τῶν,of those,374,
8105,101686805,τῆς,of the,374,
8106,101686806,πόλεως,of the city,374,
8107,101686807,",",",",374,
8108,101686808,πρὶν,before,374,
8109,101686809,αὐτῆς,its,374,
8110,101686810,τῆς,of the,374,
8111,101686811,πόλεως,of the city,374,
8112,101686812,",",",",374,
8113,101686813,τῶν,of the,374,
8114,101686814,τε,and,374,
8115,101686815,ἄλλων,others,374,
8116,101686816,οὕτω,in this way,374,
8117,101686817,κατὰ,according to,374,
8118,101686818,τὸν,the,374,
8119,101686819,αὐτὸν,same,374,
8120,101686820,τρόπον,way,374,
8121,101686821,ἐπιμελεῖσθαι,to care for,374,
8122,101686822,—,—,374,
8123,101686823,τί,what,374,
8124,101686824,οὖν,therefore,374,
8125,101686825,εἰμι,am,374,
8126,101686826,ἄξιος,worthy,374,
8127,101686827,παθεῖν,to suffer,374,
8128,101686828,τοιοῦτος,such,374,
8129,101686829,ὤν,being,374,
8130,101686830,;,;,374,
8131,101686831,ἀγαθόν,good,375,
8132,101686832,τι,something,375,
8133,101686833,",",",",375,
8134,101686834,ὦ,O,375,
8135,101686835,ἄνδρες,men,375,
8136,101686836,Ἀθηναῖοι,Athenians,375,
8137,101686837,",",",",375,
8138,101686838,εἰ,if,375,
8139,101686839,δεῖ,it is necessary,375,
8140,101686840,γε,indeed,375,
8141,101686841,κατὰ,according to,375,
8142,101686842,τὴν,the,375,
8143,101686843,ἀξίαν,desert,375,
8144,101686844,τῇ,the,375,
8145,101686845,ἀληθείᾳ,truth,375,
8146,101686846,τιμᾶσθαι,to honor,375,
8147,101686847,.,.,375,
8148,101686848,καὶ,and,376,
8149,101686849,ταῦτά,these things,376,
8150,101686850,γε,indeed,376,
8151,101686851,ἀγαθὸν,good,376,
8152,101686852,τοιοῦτον,such,376,
8153,101686853,ὅτι,such,376,
8154,101686854,ἂν,would,376,
8155,101686855,πρέποι,would befit,376,
8156,101686856,ἐμοί,me,376,
8157,101686857,.,.,376,
8158,101686858,τί,what,377,
8159,101686859,οὖν,therefore,377,
8160,101686860,πρέπει,it is fitting,377,
8161,101686861,ἀνδρὶ,to a man,377,
8162,101686862,πένητι,poor,377,
8163,101686863,εὐεργέτῃ,benefactor,377,
8164,101686864,δεομένῳ,begging,377,
8165,101686865,ἄγειν,to lead,377,
8166,101686866,σχολὴν,leisure,377,
8167,101686867,ἐπὶ,on,377,
8168,101686868,τῇ,your,377,
8169,101686869,ὑμετέρᾳ,your,377,
8170,101686870,παρακελεύσει,encouragement,377,
8171,101686871,;,?,377,
8172,101686872,οὐκ,not,378,
8173,101686873,ἔσθ',is,378,
8174,101686874,ὅτι,that,378,
8175,101686875,μᾶλλον,more,378,
8176,101686876,",",",",378,
8177,101686877,ὦ,O,378,
8178,101686878,ἄνδρες,men,378,
8179,101686879,Ἀθηναῖοι,Athenians,378,
8180,101686880,",",",",378,
8181,101686881,πρέπει,it is fitting,378,
8182,101686882,οὕτως,thus,378,
8183,101686883,ὡς,as,378,
8184,101686884,τὸν,the,378,
8185,101686885,τοιοῦτον,such,378,
8186,101686886,ἄνδρα,man,378,
8187,101686887,ἐν,in,378,
8188,101686888,πρυτανείῳ,prytaneum,378,
8189,101686889,σιτεῖσθαι,to be fed,378,
8190,101686890,",",",",378,
8191,101686891,πολύ,much,378,
8192,101686892,γε,indeed,378,
8193,101686893,μᾶλλον,more,378,
8194,101686894,ἢ,than,378,
8195,101686895,εἴ,than,378,
8196,101686896,τις,anyone,378,
8197,101686897,ὑμῶν,your,378,
8198,101686898,ἵππῳ,a horse,378,
8199,101686899,ἢ,than,378,
8200,101686900,συνωρίδι,chariot,378,
8201,101686901,ἢ,or,378,
8202,101686902,ζεύγει,pair,378,
8203,101686903,νενίκηκεν,has won,378,
8204,101686904,Ὀλυμπίασιν,Olympiad,378,
8205,101686905,.,.,378,
8206,101686906,ὁ,the,379,
8207,101686907,μὲν,on the one hand,379,
8208,101686908,γὰρ,for,379,
8209,101686909,ὑμᾶς,you,379,
8210,101686910,ποιεῖ,makes,379,
8211,101686911,εὐδαίμονας,happy,379,
8212,101686912,δοκεῖν,to seem,379,
8213,101686913,εἶναι,to be,379,
8214,101686914,",",",",379,
8215,101686915,ἐγὼ,I,379,
8216,101686916,δὲ,but,379,
8217,101686917,εἶναι,to be,379,
8218,101686918,",",",",379,
8219,101686919,καὶ,and,379,
8220,101686920,ὁ,the,379,
8221,101686921,μὲν,on the one hand,379,
8222,101686922,τροφῆς,of food,379,
8223,101686923,οὐδὲν,none,379,
8224,101686924,δεῖται,needs,379,
8225,101686925,",",",",379,
8226,101686926,ἐγὼ,I,379,
8227,101686927,δὲ,but,379,
8228,101686928,δέομαι,need,379,
8229,101686929,.,.,379,
8230,101686930,εἰ,Is,380,
8231,101686931,οὖν,therefore,380,
8232,101686932,δεῖ,it is necessary,380,
8233,101686933,με,me,380,
8234,101686934,κατὰ,according to,380,
8235,101686935,τὸ,the,380,
8236,101686936,δίκαιον,just,380,
8237,101686937,τῆς,of the,380,
8238,101686938,ἀξίας,desert,380,
8239,101686939,τιμᾶσθαι,to be honored,380,
8240,101686940,",",",",380,
8241,101686941,τούτου,this,380,
8242,101686942,τιμῶμαι,let me be honored,380,
8243,101686943,",",",",380,
8244,101686944,ἐν,in,380,
8245,101686945,πρυτανείῳ,in the prytaneum,380,
8246,101686946,σιτήσεως,of maintenance,380,
8247,101686947,.,.,380,
8248,101686948,ἴσως,perhaps,381,
8249,101686949,οὖν,therefore,381,
8250,101686950,ὑμῖν,you,381,
8251,101686951,καὶ,and,381,
8252,101686952,ταυτὶ,these same things,381,
8253,101686953,λέγων,saying,381,
8254,101686954,παραπλησίως,similarly,381,
8255,101686955,δοκῶ,I seem,381,
8256,101686956,λέγειν,to say,381,
8257,101686957,ὥσπερ,just as,381,
8258,101686958,περὶ,about,381,
8259,101686959,τοῦ,of the,381,
8260,101686960,οἴκτου,pity,381,
8261,101686961,καὶ,and,381,
8262,101686962,τῆς,of the,381,
8263,101686963,ἀντιβολήσεως,of confrontation,381,
8264,101686964,",",",",381,
8265,101686965,ἀπαυθαδιζόμενος,daring,381,
8266,101686966,.,.,381,
8267,101686967,τὸ,it,382,
8268,101686968,δὲ,but,382,
8269,101686969,οὐκ,not,382,
8270,101686970,ἔστιν,is,382,
8271,101686971,",",",",382,
8272,101686972,ὦ,O,382,
8273,101686973,ἄνδρες,men,382,
8274,101686974,Ἀθηναῖοι,Athenians,382,
8275,101686975,",",",",382,
8276,101686976,τοιοῦτον,such,382,
8277,101686977,ἀλλὰ,but,382,
8278,101686978,τοιόνδε,such a one,382,
8279,101686979,μᾶλλον,rather,382,
8280,101686980,.,.,382,
8281,101686981,πέπεισμαι,I have been persuaded,383,
8282,101686982,ἐγὼ,I,383,
8283,101686983,ἑκὼν,willingly,383,
8284,101686984,εἶναι,to be,383,
8285,101686985,μηδένα,no one,383,
8286,101686986,ἀδικεῖν,to wrong,383,
8287,101686987,ἀνθρώπων,of men,383,
8288,101686988,",",",",383,
8289,101686989,ἀλλὰ,but,383,
8290,101686990,ὑμᾶς,you,383,
8291,101686991,τοῦτο,this,383,
8292,101686992,οὐ,not,383,
8293,101686993,πείθω,persuade,383,
8294,101686994,.,.,383,
8295,101686995,ὀλίγον,a little,384,
8296,101686996,γὰρ,for,384,
8297,101686997,χρόνον,time,384,
8298,101686998,ἀλλήλοις,to each other,384,
8299,101686999,διειλέγμεθα,we discussed,384,
8300,101687000,.,.,384,
8301,101687001,ἐπεί,since,385,
8302,101687002,",",",",385,
8303,101687003,ὡς,as,385,
8304,101687004,ἐγω-,I,385,
8305,101687005,ἐγᾦμαι,I think,385,
8306,101687006,",",",",385,
8307,101687007,εἰ,if,385,
8308,101687008,ἦν,was,385,
8309,101687009,ὑμῖν,to you,385,
8310,101687010,νόμος,law,385,
8311,101687011,",",",",385,
8312,101687012,ὥσπερ,just as,385,
8313,101687013,καὶ,and,385,
8314,101687014,ἄλλοις,other,385,
8315,101687015,ἀνθρώποις,people,385,
8316,101687016,",",",",385,
8317,101687017,περὶ,about,385,
8318,101687018,θανάτου,of death,385,
8319,101687019,μὴ,not,385,
8320,101687020,μίαν,one,385,
8321,101687021,ἡμέραν,day,385,
8322,101687022,μόνον,only,385,
8323,101687023,κρίνειν,to judge,385,
8324,101687024,ἀλλὰ,but,385,
8325,101687025,πολλάς,many,385,
8326,101687026,",",",",385,
8327,101687027,ἐπείσθητε,you were persuaded,385,
8328,101687028,ἄν,would,385,
8329,101687029,.,.,385,
8330,101687030,νῦν,now,386,
8331,101687031,δ’,but,386,
8332,101687032,οὐ,not,386,
8333,101687033,ῥᾴδιον,easy,386,
8334,101687034,ἐν,in,386,
8335,101687035,χρόνῳ,time,386,
8336,101687036,ὀλίγῳ,short,386,
8337,101687037,μεγάλας,great,386,
8338,101687038,διαβολὰς,calumnies,386,
8339,101687039,ἀπολύεσθαι,to be freed,386,
8340,101687040,.,.,386,
8341,101687041,πεπεισμένος,having been convinced,387,
8342,101687042,δὴ,indeed,387,
8343,101687043,ἐγὼ,I,387,
8344,101687044,μηδένα,no one,387,
8345,101687045,ἀδικεῖν,to do injustice,387,
8346,101687046,πολλοῦ,much,387,
8347,101687047,δέω,need,387,
8348,101687048,ἐμαυτόν,myself,387,
8349,101687049,γε,at least,387,
8350,101687050,ἀδικήσειν,to do wrong,387,
8351,101687051,καὶ,and,387,
8352,101687052,κατ’,against,387,
8353,101687053,ἐμαυτοῦ,myself,387,
8354,101687054,ἐρεῖν,to say,387,
8355,101687055,αὐτὸς,himself,387,
8356,101687056,ὡς,that,387,
8357,101687057,ἄξιός,worthy,387,
8358,101687058,εἰμί,am,387,
8359,101687059,του,of,387,
8360,101687060,κακοῦ,harmful,387,
8361,101687061,καὶ,and,387,
8362,101687062,τιμήσεσθαι,to be honored,387,
8363,101687063,τοιούτου,such,387,
8364,101687064,τινὸς,something,387,
8365,101687065,ἐμαυτῷ,myself,387,
8366,101687066,.,.,387,
8367,101687067,τί,what,388,
8368,101687068,δείσας,having feared,388,
8369,101687069,;,;,388,
8370,101687070,ἦ,or,389,
8371,101687071,μὴ,not,389,
8372,101687072,πάθω,suffer,389,
8373,101687073,τοῦτο,this,389,
8374,101687074,οὗ,what,389,
8375,101687075,Μέλητός,of Meletus,389,
8376,101687076,μοι,me,389,
8377,101687077,τιμᾶται,estimating,389,
8378,101687078,",",",",389,
8379,101687079,ὅ,which,389,
8380,101687080,φημι,I say,389,
8381,101687081,οὐκ,not,389,
8382,101687082,εἰδέναι,to know,389,
8383,101687083,οὔ,not,389,
8384,101687084,-τ',and,389,
8385,101687085,εἰ,it is,389,
8386,101687086,ἀγαθὸν,good,389,
8387,101687087,οὔ,not,389,
8388,101687088,-τ’,and,389,
8389,101687089,εἰ,it is,389,
8390,101687090,κακόν,evil,389,
8391,101687091,ἐστιν,is,389,
8392,101687092,;,?,389,
8393,101687093,ἀντὶ,instead,390,
8394,101687094,τούτου,of this,390,
8395,101687095,δὴ,then,390,
8396,101687096,ἕλωμαι,I wish,390,
8397,101687097,ὧν,who,390,
8398,101687098,εὖ,well,390,
8399,101687099,οἶδά,know,390,
8400,101687100,τι,something,390,
8401,101687101,κακῶν,bad,390,
8402,101687102,ὄντων,being,390,
8403,101687103,τούτου,this,390,
8404,101687104,τιμησάμενος,having punished,390,
8405,101687105,;,?,390,
8406,101687106,πότερον,or,391,
8407,101687107,δεσμοῦ,imprisonment,391,
8408,101687108,;,;,391,
8409,101687109,καὶ,and,392,
8410,101687110,τί,whether,392,
8411,101687111,με,me,392,
8412,101687112,δεῖ,it is necessary,392,
8413,101687113,ζῆν,to live,392,
8414,101687114,ἐν,in,392,
8415,101687115,δεσμωτηρίῳ,prison,392,
8416,101687116,",",",",392,
8417,101687117,δουλεύοντα,being a slave,392,
8418,101687118,τῇ,the,392,
8419,101687119,ἀεὶ,always,392,
8420,101687120,καθισταμένῃ,being established,392,
8421,101687121,ἀρχῇ,authority,392,
8422,101687122,",",",",392,
8423,101687123,τοῖς,the,392,
8424,101687124,ἕνδεκα,the eleven,392,
8425,101687125,;,?,392,
8426,101687126,ἀλλὰ,But,393,
8427,101687127,χρημάτων,of money,393,
8428,101687128,καὶ,and,393,
8429,101687129,δεδέσθαι,to be bound,393,
8430,101687130,ἕως,until,393,
8431,101687131,ἂν,if,393,
8432,101687132,ἐκτείσω,I pay,393,
8433,101687133,;,;,393,
8434,101687134,ἀλλὰ,but,394,
8435,101687135,τα-,the,394,
8436,101687136,ταὐτόν,the same thing,394,
8437,101687137,μοί,to me,394,
8438,101687138,ἐστιν,is,394,
8439,101687139,ὅπερ,which,394,
8440,101687140,νυνδὴ,just now,394,
8441,101687141,ἔλεγον,said,394,
8442,101687142,.,.,394,
8443,101687143,οὐ,not,395,
8444,101687144,γὰρ,for,395,
8445,101687145,ἔστι,there is,395,
8446,101687146,μοι,to me,395,
8447,101687147,χρήματα,money,395,
8448,101687148,ὁπόθεν,from which,395,
8449,101687149,ἐκτείσω,I may pay out,395,
8450,101687150,.,.,395,
8451,101687151,ἀλλὰ,but,396,
8452,101687152,δὴ,indeed,396,
8453,101687153,φυγῆς,of exile,396,
8454,101687154,τιμήσωμαι,I will be honored,396,
8455,101687155,;,?,396,
8456,101687156,ἴσως,perhaps,397,
8457,101687157,γὰρ,for,397,
8458,101687158,ἄν,would,397,
8459,101687159,μοι,me,397,
8460,101687160,τούτου,of this,397,
8461,101687161,τιμήσαιτε,you might honor,397,
8462,101687162,.,.,397,
8463,101687163,πολλὴ,great,398,
8464,101687164,μεντ-,however,398,
8465,101687165,μεντἄν,indeed,398,
8466,101687166,με,me,398,
8467,101687167,φιλοψυχία,love-of-soul,398,
8468,101687168,ἔχοι,might have,398,
8469,101687169,",",",",398,
8470,101687170,ὦ,O,398,
8471,101687171,ἄνδρες,men,398,
8472,101687172,Ἀθηναῖοι,Athenians,398,
8473,101687173,",",",",398,
8474,101687174,εἰ,if,398,
8475,101687175,οὕτως,so,398,
8476,101687176,ἀλόγιστός,unreasonable,398,
8477,101687177,εἰμι,am,398,
8478,101687178,ὥστε,so that,398,
8479,101687179,μὴ,not,398,
8480,101687180,δύνασθαι,to be able,398,
8481,101687181,λογίζεσθαι,to reason,398,
8482,101687182,ὅτι,that,398,
8483,101687183,ὑμεῖς,you,398,
8484,101687184,μὲν,indeed,398,
8485,101687185,ὄντες,being,398,
8486,101687186,πολῖταί,citizens,398,
8487,101687187,μου,my,398,
8488,101687188,οὐχ,not,398,
8489,101687189,οἷοί,able,398,
8490,101687190,τε,,398,
8491,101687191,ἐγένεσθε,you became,398,
8492,101687192,ἐνεγκεῖν,to endure,398,
8493,101687193,τὰς,the,398,
8494,101687194,ἐμὰς,my,398,
8495,101687195,διατριβὰς,conversations,398,
8496,101687196,καὶ,and,398,
8497,101687197,τοὺς,the,398,
8498,101687198,λόγους,speeches,398,
8499,101687199,",",",",398,
8500,101687200,ἀλλ’,but,398,
8501,101687201,ὑμῖν,to you,398,
8502,101687202,βαρύτεραι,more burdensome,398,
8503,101687203,γεγόνασιν,have become,398,
8504,101687204,καὶ,and,398,
8505,101687205,ἐπιφθονώτεραι,more envious,398,
8506,101687206,",",",",398,
8507,101687207,ὥστε,so that,398,
8508,101687208,ζητεῖτε,seek,398,
8509,101687209,αὐτῶν,of them,398,
8510,101687210,νυνὶ,now,398,
8511,101687211,ἀπαλλαγῆναι,to be released,398,
8512,101687212,",",",",398,
8513,101687213,ἄλλοι,others,398,
8514,101687214,δὲ,but,398,
8515,101687215,ἄρα,then,398,
8516,101687216,αὐτὰς,them,398,
8517,101687217,οἴσουσι,will carry,398,
8518,101687218,ῥᾳδίως,easily,398,
8519,101687219,;,;,398,
8520,101687220,πολλοῦ,much,399,
8521,101687221,γε,indeed,399,
8522,101687222,δεῖ,it is necessary,399,
8523,101687223,",",",",399,
8524,101687224,ὦ,O,399,
8525,101687225,ἄνδρες,men,399,
8526,101687226,Ἀθηναῖοι,Athenian,399,
8527,101687227,.,.,399,
8528,101687228,καλὸς,good,400,
8529,101687229,οὖν,therefore,400,
8530,101687230,ἄν,would,400,
8531,101687231,μοι,to me,400,
8532,101687232,ὁ,the,400,
8533,101687233,βίος,life,400,
8534,101687234,εἴη,would be,400,
8535,101687235,ἐξελθόντι,having gone out,400,
8536,101687236,τηλικῷδε,such,400,
8537,101687237,ἀνθρώπῳ,man,400,
8538,101687238,ἄλλην,another,400,
8539,101687239,ἐξ,from,400,
8540,101687240,ἄλλης,other,400,
8541,101687241,πόλεως,city,400,
8542,101687242,ἀμειβομένῳ,swapping,400,
8543,101687243,καὶ,and,400,
8544,101687244,ἐξελαυνομένῳ,being expelled,400,
8545,101687245,ζῆν,to live,400,
8546,101687246,.,.,400,
8547,101687247,εὖ,well,401,
8548,101687248,γὰρ,for,401,
8549,101687249,οἶδ',know,401,
8550,101687250,ὅτι,that,401,
8551,101687251,ὅποι,wherever,401,
8552,101687252,ἂν,if,401,
8553,101687253,ἔλθω,go,401,
8554,101687254,",",",",401,
8555,101687255,λέγοντος,speaking,401,
8556,101687256,ἐμοῦ,of me,401,
8557,101687257,ἀκροάσονται,they will listen,401,
8558,101687258,οἱ,the,401,
8559,101687259,νέοι,young men,401,
8560,101687260,ὥσπερ,just as,401,
8561,101687261,ἐνθάδε,here,401,
8562,101687262,.,.,401,
8563,101687263,κα-,and,402,
8564,101687264,κἂν,if,402,
8565,101687265,μὲν,on the one hand,402,
8566,101687266,τούτους,these,402,
8567,101687267,ἀπελαύνω,I banish,402,
8568,101687268,",",",",402,
8569,101687269,οὗτοί,they,402,
8570,101687270,με,me,402,
8571,101687271,αὐτοὶ,they themselves,402,
8572,101687272,ἐξελῶσι,will drive out,402,
8573,101687273,πείθοντες,persuading,402,
8574,101687274,τοὺς,the,402,
8575,101687275,πρεσβυτέρους,elders,402,
8576,101687276,.,.,402,
8577,101687277,ἐὰν,if,403,
8578,101687278,δὲ,but,403,
8579,101687279,μὴ,not,403,
8580,101687280,ἀπελαύνω,I enjoy,403,
8581,101687281,",",",",403,
8582,101687282,οἱ,the,403,
8583,101687283,τούτων,these,403,
8584,101687284,πατέρες,fathers,403,
8585,101687285,δὲ,but,403,
8586,101687286,καὶ,and,403,
8587,101687287,οἰκεῖοι,relatives,403,
8588,101687288,δι’,for,403,
8589,101687289,αὐτοὺς,themselves,403,
8590,101687290,τούτους,these,403,
8591,101687291,.,.,403,
8592,101687292,ἴσως,perhaps,404,
8593,101687293,οὖν,then,404,
8594,101687294,ἄν,if,404,
8595,101687295,τις,someone,404,
8596,101687296,εἴποι,might say,404,
8597,101687297,.,.,404,
8598,101687298,,,405,
8599,101687299,σιγῶν,being silent,405,
8600,101687300,δὲ,but,405,
8601,101687301,καὶ,and,405,
8602,101687302,ἡσυχίαν,silence,405,
8603,101687303,ἄγων,leading,405,
8604,101687304,",",",",405,
8605,101687305,ὦ,O,405,
8606,101687306,Σώκρατες,Socrates,405,
8607,101687307,",",",",405,
8608,101687308,οὐχ,not,405,
8609,101687309,οἷός,capable,405,
8610,101687310,τ’,and,405,
8611,101687311,ἔσῃ,will be,405,
8612,101687312,ἡμῖν,us,405,
8613,101687313,ἐξελθὼν,having gone out,405,
8614,101687314,ζῆν,to live,405,
8615,101687315,,,405,
8616,101687316,;,;,405,
8617,101687317,τουτὶ,this,406,
8618,101687318,δή,indeed,406,
8619,101687319,ἐστι,is,406,
8620,101687320,πάντων,of all,406,
8621,101687321,χαλεπώτατον,most difficult,406,
8622,101687322,πεῖσαί,to persuade,406,
8623,101687323,τινας,some,406,
8624,101687324,ὑμῶν,your,406,
8625,101687325,.,.,406,
8626,101687326,ἐάν,if,407,
8627,101687327,-τε,-te,407,
8628,101687328,γὰρ,for,407,
8629,101687329,λέγω,I say,407,
8630,101687330,ὅτι,that,407,
8631,101687331,τῷ,the,407,
8632,101687332,θεῷ,god,407,
8633,101687333,ἀπειθεῖν,to disobey,407,
8634,101687334,τοῦτ’,this,407,
8635,101687335,ἐστὶν,is,407,
8636,101687336,καὶ,and,407,
8637,101687337,διὰ,on account of,407,
8638,101687338,τοῦτ’,this,407,
8639,101687339,ἀδύνατον,impossible,407,
8640,101687340,ἡσυχίαν,quiet life,407,
8641,101687341,ἄγειν,to lead,407,
8642,101687342,",",",",407,
8643,101687343,οὐ,not,407,
8644,101687344,πείσεσθέ,you will be persuaded,407,
8645,101687345,μοι,me,407,
8646,101687346,ὡς,as,407,
8647,101687347,εἰρωνευομένῳ,jesting,407,
8648,101687348,.,.,407,
8649,101687349,ἐάν,if,408,
8650,101687350,-τ',and,408,
8651,101687351,αὖ,indeed,408,
8652,101687352,λέγω,I say,408,
8653,101687353,ὅτι,that,408,
8654,101687354,καὶ,and,408,
8655,101687355,τυγχάνει,happens,408,
8656,101687356,μέγιστον,greatest,408,
8657,101687357,ἀγαθὸν,good,408,
8658,101687358,ὂν,being,408,
8659,101687359,ἀνθρώπῳ,for a man,408,
8660,101687360,τοῦτο,this,408,
8661,101687361,",",",",408,
8662,101687362,ἑκάστης,each,408,
8663,101687363,ἡμέρας,day,408,
8664,101687364,περὶ,about,408,
8665,101687365,ἀρετῆς,of virtue,408,
8666,101687366,τοὺς,the,408,
8667,101687367,λόγους,discussions,408,
8668,101687368,ποιεῖσθαι,to make,408,
8669,101687369,καὶ,and,408,
8670,101687370,τῶν,of the,408,
8671,101687371,ἄλλων,other,408,
8672,101687372,περὶ,about,408,
8673,101687373,ὧν,of which,408,
8674,101687374,ὑμεῖς,you,408,
8675,101687375,ἐμοῦ,of me,408,
8676,101687376,ἀκούετε,you hear,408,
8677,101687377,διαλεγομένου,discoursing,408,
8678,101687378,καὶ,and,408,
8679,101687379,ἐμαυτὸν,myself,408,
8680,101687380,καὶ,and,408,
8681,101687381,ἄλλους,others,408,
8682,101687382,ἐξετάζοντος,examining,408,
8683,101687383,",",",",408,
8684,101687384,ὁ,the,408,
8685,101687385,δὲ,but,408,
8686,101687386,ἀνεξέταστος,unexamined,408,
8687,101687387,βίος,life,408,
8688,101687388,οὐ,not,408,
8689,101687389,βιωτὸς,lived,408,
8690,101687390,ἀνθρώπῳ,for a man,408,
8691,101687391,",",",",408,
8692,101687392,ταῦτα,these things,408,
8693,101687393,δ',and,408,
8694,101687394,ἔτι,still,408,
8695,101687395,ἧττον,less,408,
8696,101687396,πείσεσθέ,you will be persuaded,408,
8697,101687397,μοι,to me,408,
8698,101687398,λέγοντι,saying,408,
8699,101687399,.,.,408,
8700,101687400,τὰ,as for these things,409,
8701,101687401,δὲ,but,409,
8702,101687402,ἔχει,is,409,
8703,101687403,μὲν,indeed,409,
8704,101687404,οὕτως,so,409,
8705,101687405,",",",",409,
8706,101687406,ὡς,as,409,
8707,101687407,ἐγώ,I,409,
8708,101687408,φημι,say,409,
8709,101687409,",",",",409,
8710,101687410,ὦ,O,409,
8711,101687411,ἄνδρες,men,409,
8712,101687412,",",",",409,
8713,101687413,πείθειν,to persuade,409,
8714,101687414,δὲ,and,409,
8715,101687415,οὐ,not,409,
8716,101687416,ῥᾴδιον,easy,409,
8717,101687417,.,.,409,
8718,101687418,καὶ,and,410,
8719,101687419,ἐγὼ,I,410,
8720,101687420,ἅμα,at the same time,410,
8721,101687421,οὐκ,not,410,
8722,101687422,εἴθισμαι,I am accustomed,410,
8723,101687423,ἐμαυτὸν,myself,410,
8724,101687424,ἀξιοῦν,thinking,410,
8725,101687425,κακοῦ,bad,410,
8726,101687426,οὐδενός,no,410,
8727,101687427,.,.,410,
8728,101687428,εἰ,if,411,
8729,101687429,μὲν,indeed,411,
8730,101687430,γὰρ,for,411,
8731,101687431,ἦν,was,411,
8732,101687432,μοι,to me,411,
8733,101687433,χρήματα,money,411,
8734,101687434,",",",",411,
8735,101687435,ἐτιμησάμην,I valued,411,
8736,101687436,ἂν,would,411,
8737,101687437,χρημάτων,of money,411,
8738,101687438,ὅσα,as many as,411,
8739,101687439,ἔμελλον,was going to,411,
8740,101687440,ἐκτείσειν,pay,411,
8741,101687441,",",",",411,
8742,101687442,οὐδὲν,nothing,411,
8743,101687443,γὰρ,for,411,
8744,101687444,ἂν,would,411,
8745,101687445,ἐβλάβην,feared,411,
8746,101687446,.,.,411,
8747,101687447,νῦν,now,412,
8748,101687448,δὲ,but,412,
8749,101687449,οὐ,not,412,
8750,101687450,γὰρ,for,412,
8751,101687451,ἔστιν,is,412,
8752,101687452,",",",",412,
8753,101687453,εἰ,if,412,
8754,101687454,μὴ,not,412,
8755,101687455,ἄρα,perhaps,412,
8756,101687456,ὅσον,as much as,412,
8757,101687457,ἂν,an,412,
8758,101687458,ἐγὼ,I,412,
8759,101687459,δυναίμην,might be able to,412,
8760,101687460,ἐκτεῖσαι,to extend,412,
8761,101687461,",",",",412,
8762,101687462,τοσούτου,so much,412,
8763,101687463,βούλεσθέ,you wish,412,
8764,101687464,μοι,me,412,
8765,101687465,τιμῆσαι,to honor,412,
8766,101687466,.,.,412,
8767,101687467,ἴσως,perhaps,413,
8768,101687468,δ’,but,413,
8769,101687469,ἂν,would,413,
8770,101687470,δυναίμην,I might be able,413,
8771,101687471,ἐκτεῖσαι,to extend,413,
8772,101687472,ὑμῖν,you,413,
8773,101687473,που,perhaps,413,
8774,101687474,μνᾶν,a mina,413,
8775,101687475,ἀργυρίου,of silver,413,
8776,101687476,.,.,413,
8777,101687477,τοσούτου,of so great,414,
8778,101687478,οὖν,therefore,414,
8779,101687479,τιμῶμαι,I am punished,414,
8780,101687480,.,.,414,
8781,101687481,Πλάτων,Plato,415,
8782,101687482,δὲ,but,415,
8783,101687483,ὅδε,this,415,
8784,101687484,",",",",415,
8785,101687485,ὦ,O,415,
8786,101687486,ἄνδρες,men,415,
8787,101687487,Ἀθηναῖοι,Athenians,415,
8788,101687488,",",",",415,
8789,101687489,καὶ,and,415,
8790,101687490,Κρίτων,Criton,415,
8791,101687491,καὶ,and,415,
8792,101687492,Κριτόβουλος,Critobulus,415,
8793,101687493,καὶ,and,415,
8794,101687494,Ἀπολλόδωρος,Apollodorus,415,
8795,101687495,κελεύουσί,command,415,
8796,101687496,με,me,415,
8797,101687497,τριάκοντα,thirty,415,
8798,101687498,μνῶν,minas,415,
8799,101687499,τιμήσασθαι,to value,415,
8800,101687500,",",",",415,
8801,101687501,αὐτοὶ,they,415,
8802,101687502,δ',but,415,
8803,101687503,ἐγγυᾶσθαι,to guarantee,415,
8804,101687504,.,.,415,
8805,101687505,τιμῶμαι,be fined,416,
8806,101687506,οὖν,then,416,
8807,101687507,τοσούτου,so much,416,
8808,101687508,",",",",416,
8809,101687509,ἐγγυηταὶ,guarantors,416,
8810,101687510,δὲ,and,416,
8811,101687511,ὑμῖν,you,416,
8812,101687512,ἔσονται,will be,416,
8813,101687513,τοῦ,the,416,
8814,101687514,ἀργυρίου,money,416,
8815,101687515,οὗτοι,these,416,
8816,101687516,ἀξιόχρεῳ,worthy of bail,416,
8817,101687517,.,.,416,
8818,101687518,οὐ,not,417,
8819,101687519,πολλοῦ,much,417,
8820,101687520,γ’,indeed,417,
8821,101687521,ἕνεκα,for the sake of,417,
8822,101687522,χρόνου,time,417,
8823,101687523,",",",",417,
8824,101687524,ὦ,O,417,
8825,101687525,ἄνδρες,men,417,
8826,101687526,Ἀθηναῖοι,Athenians,417,
8827,101687527,",",",",417,
8828,101687528,ὄνομα,name,417,
8829,101687529,ἕξετε,will have,417,
8830,101687530,καὶ,and,417,
8831,101687531,αἰτίαν,incrimination,417,
8832,101687532,ὑπὸ,by,417,
8833,101687533,τῶν,of the,417,
8834,101687534,βουλομένων,of those wishing,417,
8835,101687535,τὴν,the,417,
8836,101687536,πόλιν,city,417,
8837,101687537,λοιδορεῖν,to revile,417,
8838,101687538,ὡς,as,417,
8839,101687539,Σωκράτη,Socrates,417,
8840,101687540,ἀπεκτόνατε,you killed,417,
8841,101687541,",",",",417,
8842,101687542,ἄνδρα,man,417,
8843,101687543,σοφόν,wise,417,
8844,101687544,—,—,417,
8845,101687545,φήσουσι,they will say,417,
8846,101687546,γὰρ,for,417,
8847,101687547,δὴ,indeed,417,
8848,101687548,σοφὸν,wise,417,
8849,101687549,εἶναι,to be,417,
8850,101687550,",",",",417,
8851,101687551,εἰ,if,417,
8852,101687552,καὶ,and,417,
8853,101687553,μή,not,417,
8854,101687554,εἰμι,am,417,
8855,101687555,",",",",417,
8856,101687556,οἱ,those,417,
8857,101687557,βουλόμενοι,those wishing,417,
8858,101687558,ὑμῖν,to you,417,
8859,101687559,ὀνειδίζειν,to reproach,417,
8860,101687560,—,—,417,
8861,101687561,εἰ,if,417,
8862,101687562,γοῦν,then,417,
8863,101687563,περιεμείνατε,you waited,417,
8864,101687564,ὀλίγον,little,417,
8865,101687565,χρόνον,time,417,
8866,101687566,",",",",417,
8867,101687567,ἀπὸ,from,417,
8868,101687568,τοῦ,of,417,
8869,101687569,αὐτομάτου,unbidden,417,
8870,101687570,ἂν,would,417,
8871,101687571,ὑμῖν,to you,417,
8872,101687572,τοῦτο,this,417,
8873,101687573,ἐγένετο,would have happened,417,
8874,101687574,.,.,417,
8875,101687575,ὁρᾶτε,see,418,
8876,101687576,γὰρ,for,418,
8877,101687577,δὴ,indeed,418,
8878,101687578,τὴν,the,418,
8879,101687579,ἡλικίαν,age,418,
8880,101687580,ὅτι,that,418,
8881,101687581,πόρρω,far,418,
8882,101687582,ἤδη,already,418,
8883,101687583,ἐστὶ,is,418,
8884,101687584,τοῦ,of the,418,
8885,101687585,βίου,of life,418,
8886,101687586,θανάτου,of death,418,
8887,101687587,δὲ,and,418,
8888,101687588,ἐγγύς,near,418,
8889,101687589,.,.,418,
8890,101687590,λέγω,say,419,
8891,101687591,δὲ,but,419,
8892,101687592,τοῦτο,this,419,
8893,101687593,οὐ,not,419,
8894,101687594,πρὸς,to,419,
8895,101687595,πάντας,all,419,
8896,101687596,ὑμᾶς,you,419,
8897,101687597,",",",",419,
8898,101687598,ἀλλὰ,but,419,
8899,101687599,πρὸς,towards,419,
8900,101687600,τοὺς,the,419,
8901,101687601,ἐμοῦ,me,419,
8902,101687602,καταψηφισαμένους,having voted against,419,
8903,101687603,θάνατον,death,419,
8904,101687604,.,.,419,
8905,101687605,λέγω,say,420,
8906,101687606,δὲ,but,420,
8907,101687607,καὶ,and,420,
8908,101687608,τόδε,this,420,
8909,101687609,πρὸς,to,420,
8910,101687610,τοὺς,the,420,
8911,101687611,αὐτοὺς,themselves,420,
8912,101687612,τούτους,these,420,
8913,101687613,.,.,420,
8914,101687614,ἴσως,perhaps,421,
8915,101687615,με,me,421,
8916,101687616,οἴεσθε,think,421,
8917,101687617,",",",",421,
8918,101687618,ὦ,O,421,
8919,101687619,ἄνδρες,men,421,
8920,101687620,Ἀθηναῖοι,Athenians,421,
8921,101687621,",",",",421,
8922,101687622,ἀπορίᾳ,being at a loss,421,
8923,101687623,λόγων,arguments,421,
8924,101687624,ἑαλωκέναι,been captured,421,
8925,101687625,τοιούτων,of such,421,
8926,101687626,οἷς,whom,421,
8927,101687627,ἂν,if,421,
8928,101687628,ὑμᾶς,you,421,
8929,101687629,ἔπεισα,persuaded,421,
8930,101687630,",",",",421,
8931,101687631,εἰ,if,421,
8932,101687632,ᾤμην,I thought,421,
8933,101687633,δεῖν,to be necessary,421,
8934,101687634,ἅπαντα,all,421,
8935,101687635,ποιεῖν,to do,421,
8936,101687636,καὶ,and,421,
8937,101687637,λέγειν,to say,421,
8938,101687638,ὥστε,so that,421,
8939,101687639,ἀποφυγεῖν,to avoid,421,
8940,101687640,τὴν,the,421,
8941,101687641,δίκην,trial,421,
8942,101687642,.,.,421,
8943,101687643,πολλοῦ,much,422,
8944,101687644,γε,indeed,422,
8945,101687645,δεῖ,it is necessary,422,
8946,101687646,.,.,422,
8947,101687647,ἀλλ’,but,423,
8948,101687648,ἀπορίᾳ,puzzlement,423,
8949,101687649,μὲν,indeed,423,
8950,101687650,ἑάλωκα,have been captured,423,
8951,101687651,",",",",423,
8952,101687652,οὐ,not,423,
8953,101687653,μέντοι,however,423,
8954,101687654,λόγων,of words,423,
8955,101687655,",",",",423,
8956,101687656,ἀλλὰ,but,423,
8957,101687657,τόλμης,of audacity,423,
8958,101687658,καὶ,and,423,
8959,101687659,ἀναισχυντίας,shamelessness,423,
8960,101687660,καὶ,and,423,
8961,101687661,τοῦ,the,423,
8962,101687662,μὴ,not,423,
8963,101687663,ἐθέλειν,to want,423,
8964,101687664,λέγειν,to say,423,
8965,101687665,πρὸς,to,423,
8966,101687666,ὑμᾶς,you,423,
8967,101687667,τοιαῦτα,such things,423,
8968,101687668,οἷ’,such,423,
8969,101687669,ἂν,an,423,
8970,101687670,ὑμῖν,you,423,
8971,101687671,μὲν,indeed,423,
8972,101687672,ἥδιστα,most pleasantly,423,
8973,101687673,ἦν,would be,423,
8974,101687674,ἀκούειν,to hear,423,
8975,101687675,—,—,423,
8976,101687676,θρηνοῦντός,lamenting,423,
8977,101687677,τέ,and,423,
8978,101687678,μου,my,423,
8979,101687679,καὶ,and,423,
8980,101687680,ὀδυρομένου,wailing,423,
8981,101687681,καὶ,and,423,
8982,101687682,ἄλλα,other,423,
8983,101687683,ποιοῦντος,doing,423,
8984,101687684,καὶ,and,423,
8985,101687685,λέγοντος,saying,423,
8986,101687686,πολλὰ,many things,423,
8987,101687687,καὶ,and,423,
8988,101687688,ἀνάξια,unbecoming,423,
8989,101687689,ἐμοῦ,of me,423,
8990,101687690,",",",",423,
8991,101687691,ὡς,as,423,
8992,101687692,ἐγώ,I,423,
8993,101687693,φημι,I say,423,
8994,101687694,",",",",423,
8995,101687695,οἷα,such,423,
8996,101687696,δὴ,indeed,423,
8997,101687697,καὶ,even,423,
8998,101687698,εἴθισθε,you are accustomed,423,
8999,101687699,ὑμεῖς,you,423,
9000,101687700,τῶν,of the,423,
9001,101687701,ἄλλων,others,423,
9002,101687702,ἀκούειν,to hear,423,
9003,101687703,.,.,423,
9004,101687704,ἀλλ’,but,424,
9005,101687705,οὔ,not,424,
9006,101687706,-τε,and,424,
9007,101687707,τότε,then,424,
9008,101687708,ᾠήθην,I thought,424,
9009,101687709,δεῖν,to be dangerous,424,
9010,101687710,ἕνεκα,for the sake of,424,
9011,101687711,τοῦ,of the,424,
9012,101687712,κινδύνου,danger,424,
9013,101687713,πρᾶξαι,to do,424,
9014,101687714,οὐδὲν,nothing,424,
9015,101687715,ἀνελεύθερον,unworthy,424,
9016,101687716,",",",",424,
9017,101687717,οὔ,not,424,
9018,101687718,-τε,and,424,
9019,101687719,νῦν,now,424,
9020,101687720,μοι,me,424,
9021,101687721,μεταμέλει,it is regrettable,424,
9022,101687722,οὕτως,so,424,
9023,101687723,ἀπολογησαμένῳ,having defended myself,424,
9024,101687724,",",",",424,
9025,101687725,ἀλλὰ,but,424,
9026,101687726,πολὺ,much,424,
9027,101687727,μᾶλλον,rather,424,
9028,101687728,αἱροῦμαι,choose,424,
9029,101687729,ὧδε,here,424,
9030,101687730,ἀπολογησάμενος,having defended myself,424,
9031,101687731,τεθνάναι,to die,424,
9032,101687732,ἢ,than,424,
9033,101687733,ἐκείνως,thus,424,
9034,101687734,ζῆν,to live,424,
9035,101687735,.,.,424,
9036,101687736,οὔ,not,425,
9037,101687737,-τε,and,425,
9038,101687738,γὰρ,for,425,
9039,101687739,ἐν,in,425,
9040,101687740,δίκῃ,court,425,
9041,101687741,οὔ,not,425,
9042,101687742,-τ’,and,425,
9043,101687743,ἐν,in,425,
9044,101687744,πολέμῳ,in war,425,
9045,101687745,οὔ,not,425,
9046,101687746,-τ’,and,425,
9047,101687747,ἐμὲ,me,425,
9048,101687748,οὔ,not,425,
9049,101687749,-τ’,not,425,
9050,101687750,ἄλλον,any other,425,
9051,101687751,οὐδένα,no one,425,
9052,101687752,δεῖ,must,425,
9053,101687753,τοῦτο,this,425,
9054,101687754,μηχανᾶσθαι,to contrive,425,
9055,101687755,",",",",425,
9056,101687756,ὅπως,so that,425,
9057,101687757,ἀποφεύξεται,will avoid,425,
9058,101687758,πᾶν,all,425,
9059,101687759,ποιῶν,doing,425,
9060,101687760,θάνατον,death,425,
9061,101687761,.,.,425,
9062,101687762,καὶ,for,426,
9063,101687763,γὰρ,for,426,
9064,101687764,ἐν,in,426,
9065,101687765,ταῖς,the,426,
9066,101687766,μάχαις,battles,426,
9067,101687767,πολλάκις,often,426,
9068,101687768,δῆλον,clear,426,
9069,101687769,γίγνεται,becomes,426,
9070,101687770,ὅτι,that,426,
9071,101687771,τό,the,426,
9072,101687772,γε,indeed,426,
9073,101687773,ἀποθανεῖν,to die,426,
9074,101687774,ἄν,would,426,
9075,101687775,τις,someone,426,
9076,101687776,ἐκφύγοι,might escape,426,
9077,101687777,καὶ,and,426,
9078,101687778,ὅπλα,arms,426,
9079,101687779,ἀφεὶς,having abandoned,426,
9080,101687780,καὶ,and,426,
9081,101687781,ἐφ’,to,426,
9082,101687782,ἱκετείαν,supplication,426,
9083,101687783,τραπόμενος,turning,426,
9084,101687784,τῶν,of the,426,
9085,101687785,διωκόντων,of those pursuing,426,
9086,101687786,.,.,426,
9087,101687787,καὶ,and,427,
9088,101687788,ἄλλαι,other,427,
9089,101687789,μηχαναὶ,devices,427,
9090,101687790,πολλαί,many,427,
9091,101687791,εἰσιν,are,427,
9092,101687792,ἐν,in,427,
9093,101687793,ἑκάστοις,each,427,
9094,101687794,τοῖς,the,427,
9095,101687795,κινδύνοις,dangers,427,
9096,101687796,ὥστε,so that,427,
9097,101687797,διαφεύγειν,to escape,427,
9098,101687798,θάνατον,death,427,
9099,101687799,",",",",427,
9100,101687800,ἐάν,if,427,
9101,101687801,τις,anyone,427,
9102,101687802,τολμᾷ,dare,427,
9103,101687803,πᾶν,everything,427,
9104,101687804,ποιεῖν,to do,427,
9105,101687805,καὶ,and,427,
9106,101687806,λέγειν,to say,427,
9107,101687807,.,.,427,
9108,101687808,ἀλλὰ,but,428,
9109,101687809,μὴ,not,428,
9110,101687810,οὐ,not,428,
9111,101687811,τοῦτ’,this,428,
9112,101687812,ᾖ,is,428,
9113,101687813,χαλεπόν,difficult,428,
9114,101687814,",",",",428,
9115,101687815,ὦ,O,428,
9116,101687816,ἄνδρες,men,428,
9117,101687817,",",",",428,
9118,101687818,θάνατον,death,428,
9119,101687819,ἐκφυγεῖν,to escape,428,
9120,101687820,",",",",428,
9121,101687821,ἀλλὰ,but,428,
9122,101687822,πολὺ,much,428,
9123,101687823,χαλεπώτερον,harder,428,
9124,101687824,πονηρίαν,evil,428,
9125,101687825,.,.,428,
9126,101687826,θᾶττον,quicker,429,
9127,101687827,γὰρ,for,429,
9128,101687828,θανάτου,of death,429,
9129,101687829,θεῖ,is swifter,429,
9130,101687830,.,.,429,
9131,101687831,καὶ,and,430,
9132,101687832,νῦν,now,430,
9133,101687833,ἐγὼ,I,430,
9134,101687834,μὲν,on the one hand,430,
9135,101687835,ἅτε,as if,430,
9136,101687836,βραδὺς,slow,430,
9137,101687837,ὢν,being,430,
9138,101687838,καὶ,and,430,
9139,101687839,πρεσβύτης,old,430,
9140,101687840,ὑπὸ,by,430,
9141,101687841,τοῦ,of the,430,
9142,101687842,βραδυτέρου,slower,430,
9143,101687843,ἑάλων,was caught,430,
9144,101687844,",",",",430,
9145,101687845,οἱ,the,430,
9146,101687846,δ’,and,430,
9147,101687847,ἐμοὶ,my,430,
9148,101687848,κατήγοροι,accusers,430,
9149,101687849,ἅτε,as if,430,
9150,101687850,δεινοὶ,clever,430,
9151,101687851,καὶ,and,430,
9152,101687852,ὀξεῖς,sharp,430,
9153,101687853,ὄντες,being,430,
9154,101687854,ὑπὸ,by,430,
9155,101687855,τοῦ,of the,430,
9156,101687856,θάττονος,quicker,430,
9157,101687857,",",",",430,
9158,101687858,τῆς,of the,430,
9159,101687859,κακίας,evil,430,
9160,101687860,.,.,430,
9161,101687861,καὶ,and,431,
9162,101687862,νῦν,now,431,
9163,101687863,ἐγὼ,I,431,
9164,101687864,μὲν,on the other hand,431,
9165,101687865,ἄπειμι,I go away,431,
9166,101687866,ὑφ’,by,431,
9167,101687867,ὑμῶν,you,431,
9168,101687868,θανάτου,of death,431,
9169,101687869,δίκην,punishment,431,
9170,101687870,ὀφλών,owing,431,
9171,101687871,",",",",431,
9172,101687872,οὗτοι,these,431,
9173,101687873,δ’,but,431,
9174,101687874,ὑπὸ,from,431,
9175,101687875,τῆς,the,431,
9176,101687876,ἀληθείας,truth,431,
9177,101687877,ὠφληκότες,having incurred,431,
9178,101687878,μοχθηρίαν,evil,431,
9179,101687879,καὶ,and,431,
9180,101687880,ἀδικίαν,wrong,431,
9181,101687881,.,.,431,
9182,101687882,καὶ,and,432,
9183,101687883,ἐγώ,I,432,
9184,101687884,τε,and,432,
9185,101687885,τῷ,that,432,
9186,101687886,τιμήματι,fine,432,
9187,101687887,ἐμμένω,I will abide,432,
9188,101687888,καὶ,and,432,
9189,101687889,οὗτοι,these,432,
9190,101687890,.,.,432,
9191,101687891,ταῦτα,these things,433,
9192,101687892,μέν,indeed,433,
9193,101687893,που,perhaps,433,
9194,101687894,ἴσως,perhaps,433,
9195,101687895,οὕτως,thus,433,
9196,101687896,καὶ,and,433,
9197,101687897,ἔδει,it would be necessary,433,
9198,101687898,σχεῖν,to hold,433,
9199,101687899,",",",",433,
9200,101687900,καὶ,and,433,
9201,101687901,οἶμαι,I think,433,
9202,101687902,αὐτὰ,they,433,
9203,101687903,μετρίως,moderately,433,
9204,101687904,ἔχειν,to hold,433,
9205,101687905,.,.,433,
9206,101687906,τὸ,that,434,
9207,101687907,δὲ,but,434,
9208,101687908,δὴ,indeed,434,
9209,101687909,μετὰ,after,434,
9210,101687910,τοῦτο,this,434,
9211,101687911,ἐπιθυμῶ,desire,434,
9212,101687912,ὑμῖν,to you,434,
9213,101687913,χρησμῳδῆσαι,to prophesy,434,
9214,101687914,",",",",434,
9215,101687915,ὦ,when,434,
9216,101687916,καταψηφισάμενοί,having voted against,434,
9217,101687917,μου,of me,434,
9218,101687918,.,.,434,
9219,101687919,καὶ,and,435,
9220,101687920,γάρ,for,435,
9221,101687921,εἰμι,am,435,
9222,101687922,ἤδη,already,435,
9223,101687923,ἐνταῦθα,here,435,
9224,101687924,ἐν,in,435,
9225,101687925,ᾧ,where,435,
9226,101687926,μάλιστα,especially,435,
9227,101687927,ἄνθρωποι,men,435,
9228,101687928,χρησμῳδοῦσιν,give oracles,435,
9229,101687929,",",",",435,
9230,101687930,ὅταν,when,435,
9231,101687931,μέλλωσιν,are about to,435,
9232,101687932,ἀποθανεῖσθαι,to die,435,
9233,101687933,.,.,435,
9234,101687934,φημὶ,I say,436,
9235,101687935,γάρ,for,436,
9236,101687936,",",",",436,
9237,101687937,ὦ,O,436,
9238,101687938,ἄνδρες,men,436,
9239,101687939,οἳ,those,436,
9240,101687940,ἐμὲ,me,436,
9241,101687941,ἀπεκτόνατε,killed,436,
9242,101687942,",",",",436,
9243,101687943,τιμωρίαν,punishment,436,
9244,101687944,ὑμῖν,to you,436,
9245,101687945,ἥξειν,to come,436,
9246,101687946,εὐθὺς,immediately,436,
9247,101687947,μετὰ,after,436,
9248,101687948,τὸν,the,436,
9249,101687949,ἐμὸν,my,436,
9250,101687950,θάνατον,death,436,
9251,101687951,πολὺ,much,436,
9252,101687952,χαλεπωτέραν,harsher,436,
9253,101687953,νὴ,by Zeus,436,
9254,101687954,Δία,Zeus,436,
9255,101687955,ἢ,than,436,
9256,101687956,οἵαν,such as,436,
9257,101687957,ἐμὲ,me,436,
9258,101687958,ἀπεκτόνατε,killed,436,
9259,101687959,.,.,436,
9260,101687960,νῦν,now,437,
9261,101687961,γὰρ,for,437,
9262,101687962,τοῦτο,this,437,
9263,101687963,εἴργασθε,have accomplished,437,
9264,101687964,οἰόμενοι,thinking,437,
9265,101687965,μὲν,indeed,437,
9266,101687966,ἀπαλλάξεσθαι,to be freed,437,
9267,101687967,τοῦ,the,437,
9268,101687968,διδόναι,to give,437,
9269,101687969,ἔλεγχον,trial,437,
9270,101687970,τοῦ,of the,437,
9271,101687971,βίου,life,437,
9272,101687972,",",",",437,
9273,101687973,τὸ,the,437,
9274,101687974,δὲ,but,437,
9275,101687975,ὑμῖν,to you,437,
9276,101687976,πολὺ,much,437,
9277,101687977,ἐναντίον,opposite,437,
9278,101687978,ἀποβήσεται,will turn out,437,
9279,101687979,",",",",437,
9280,101687980,ὡς,as,437,
9281,101687981,ἐγώ,I,437,
9282,101687982,φημι,say,437,
9283,101687983,.,.,437,
9284,101687984,πλείους,more,438,
9285,101687985,ἔσονται,will be,438,
9286,101687986,ὑμᾶς,you,438,
9287,101687987,οἱ,the,438,
9288,101687988,ἐλέγχοντες,examining,438,
9289,101687989,",",",",438,
9290,101687990,οὓς,whom,438,
9291,101687991,νῦν,now,438,
9292,101687992,ἐγὼ,I,438,
9293,101687993,κατεῖχον,I restrained,438,
9294,101687994,",",",",438,
9295,101687995,ὑμεῖς,you,438,
9296,101687996,δὲ,but,438,
9297,101687997,οὐκ,not,438,
9298,101687998,ᾐσθάνεσθε,were aware,438,
9299,101687999,.,.,438,
9300,101688000,καὶ,and,439,
9301,101688001,χαλεπώτεροι,more difficult,439,
9302,101688002,ἔσονται,will be,439,
9303,101688003,ὅσῳ,as much,439,
9304,101688004,νεώτεροί,younger,439,
9305,101688005,εἰσιν,are,439,
9306,101688006,",",",",439,
9307,101688007,καὶ,and,439,
9308,101688008,ὑμεῖς,you,439,
9309,101688009,μᾶλλον,more,439,
9310,101688010,ἀγανακτήσετε,you will be indignant,439,
9311,101688011,.,.,439,
9312,101688012,εἰ,if,440,
9313,101688013,γὰρ,for,440,
9314,101688014,οἴεσθε,think,440,
9315,101688015,ἀποκτείνοντες,killing,440,
9316,101688016,ἀνθρώπους,men,440,
9317,101688017,ἐπισχήσειν,to stop,440,
9318,101688018,τοῦ,of,440,
9319,101688019,ὀνειδίζειν,to reproach,440,
9320,101688020,τινὰ,someone,440,
9321,101688021,ὑμῖν,you,440,
9322,101688022,ὅτι,that,440,
9323,101688023,οὐκ,not,440,
9324,101688024,ὀρθῶς,correctly,440,
9325,101688025,ζῆτε,live,440,
9326,101688026,",",",",440,
9327,101688027,οὐ,not,440,
9328,101688028,καλῶς,well,440,
9329,101688029,διανοεῖσθε,you think,440,
9330,101688030,.,.,440,
9331,101688031,οὐ,not,441,
9332,101688032,γάρ,for,441,
9333,101688033,ἐσθ',is,441,
9334,101688034,αὕτη,this,441,
9335,101688035,ἡ,the,441,
9336,101688036,ἀπαλλαγὴ,release,441,
9337,101688037,οὔ,not,441,
9338,101688038,-τε,and,441,
9339,101688039,πάνυ,at all,441,
9340,101688040,δυνατὴ,powerful,441,
9341,101688041,οὔ,not,441,
9342,101688042,-τε,neither...nor,441,
9343,101688043,καλή,beautiful,441,
9344,101688044,",",",",441,
9345,101688045,ἀλλ’,but,441,
9346,101688046,ἐκείνη,that,441,
9347,101688047,καὶ,and,441,
9348,101688048,καλλίστη,most beautiful,441,
9349,101688049,καὶ,and,441,
9350,101688050,ῥᾴστη,easiest,441,
9351,101688051,",",",",441,
9352,101688052,μὴ,not,441,
9353,101688053,τοὺς,the,441,
9354,101688054,ἄλλους,others,441,
9355,101688055,κολούειν,to follow,441,
9356,101688056,ἀλλ’,but,441,
9357,101688057,ἑαυτὸν,himself,441,
9358,101688058,παρασκευάζειν,to prepare,441,
9359,101688059,ὅπως,how,441,
9360,101688060,ἔσται,will be,441,
9361,101688061,ὡς,as,441,
9362,101688062,βέλτιστος,best,441,
9363,101688063,.,.,441,
9364,101688064,ταῦτα,these things,442,
9365,101688065,μὲν,indeed,442,
9366,101688066,οὖν,therefore,442,
9367,101688067,ὑμῖν,you,442,
9368,101688068,τοῖς,the,442,
9369,101688069,καταψηφισαμένοις,having voted against,442,
9370,101688070,μαντευσάμενος,having consulted the oracle,442,
9371,101688071,ἀπαλλάττομαι,I depart,442,
9372,101688072,.,.,442,
9373,101688073,τοῖς,the,443,
9374,101688074,δὲ,but,443,
9375,101688075,ἀποψηφισαμένοις,those who have voted against,443,
9376,101688076,ἡδέως,gladly,443,
9377,101688077,ἂν,would,443,
9378,101688078,διαλεχθείην,I would converse,443,
9379,101688079,ὑπὲρ,on behalf of,443,
9380,101688080,τοῦ,of the,443,
9381,101688081,γεγονότος,having occurred,443,
9382,101688082,τουτουῒ,this,443,
9383,101688083,πράγματος,matter,443,
9384,101688084,",",",",443,
9385,101688085,ἐν,in,443,
9386,101688086,ᾧ,where,443,
9387,101688087,οἱ,the,443,
9388,101688088,ἄρχοντες,rulers,443,
9389,101688089,ἀσχολίαν,distraction,443,
9390,101688090,ἄγουσι,spend,443,
9391,101688091,καὶ,and,443,
9392,101688092,οὔπω,not yet,443,
9393,101688093,ἔρχομαι,I come,443,
9394,101688094,οἷ,if,443,
9395,101688095,ἐλθόντα,having come,443,
9396,101688096,με,me,443,
9397,101688097,δεῖ,it is necessary,443,
9398,101688098,τεθνάναι,to have died,443,
9399,101688099,.,.,443,
9400,101688100,ἀλλά,but,444,
9401,101688101,μοι,me,444,
9402,101688102,",",",",444,
9403,101688103,ὦ,O,444,
9404,101688104,ἄνδρες,men,444,
9405,101688105,",",",",444,
9406,101688106,παραμείνατε,remain,444,
9407,101688107,τοσοῦτον,so much,444,
9408,101688108,χρόνον,time,444,
9409,101688109,.,.,444,
9410,101688110,οὐδὲν,nothing,445,
9411,101688111,γὰρ,for,445,
9412,101688112,κωλύει,prevents,445,
9413,101688113,διαμυθολογῆσαι,to converse fully,445,
9414,101688114,πρὸς,towards,445,
9415,101688115,ἀλλήλους,one another,445,
9416,101688116,ἕως,as long as,445,
9417,101688117,ἔξεστιν,it is possible,445,
9418,101688118,.,.,445,
9419,101688119,ὑμῖν,to you,446,
9420,101688120,γὰρ,for,446,
9421,101688121,ὡς,as,446,
9422,101688122,φίλοις,friends,446,
9423,101688123,οὖσιν,being,446,
9424,101688124,ἐπιδεῖξαι,to demonstrate,446,
9425,101688125,ἐθέλω,I wish,446,
9426,101688126,τὸ,the,446,
9427,101688127,νυνί,now,446,
9428,101688128,μοι,to me,446,
9429,101688129,συμβεβηκὸς,having happened,446,
9430,101688130,τί,something,446,
9431,101688131,ποτε,ever,446,
9432,101688132,νοεῖ,think,446,
9433,101688133,.,.,446,
9434,101688134,ἐμοὶ,to me,447,
9435,101688135,γάρ,for,447,
9436,101688136,",",",",447,
9437,101688137,ὦ,O,447,
9438,101688138,ἄνδρες,men,447,
9439,101688139,δικασταί,jurymen,447,
9440,101688140,—,—,447,
9441,101688141,ὑμᾶς,you,447,
9442,101688142,γὰρ,for,447,
9443,101688143,δικαστὰς,jurymen,447,
9444,101688144,καλῶν,calling,447,
9445,101688145,ὀρθῶς,correctly,447,
9446,101688146,ἂν,would,447,
9447,101688147,καλοίην,I should call,447,
9448,101688148,—,—,447,
9449,101688149,θαυμάσιόν,wonderful,447,
9450,101688150,τι,something,447,
9451,101688151,γέγονεν,has happened,447,
9452,101688152,.,.,447,
9453,101688153,ἡ,the,448,
9454,101688154,γὰρ,for,448,
9455,101688155,εἰωθυῖά,accustomed,448,
9456,101688156,μοι,to me,448,
9457,101688157,μαντικὴ,divination,448,
9458,101688158,ἡ,the,448,
9459,101688159,τοῦ,of the,448,
9460,101688160,δαιμονίου,of the divine,448,
9461,101688161,ἐν,in,448,
9462,101688162,μὲν,indeed,448,
9463,101688163,τῷ,the,448,
9464,101688164,πρόσθεν,former,448,
9465,101688165,χρόνῳ,time,448,
9466,101688166,παντὶ,every,448,
9467,101688167,πάνυ,very,448,
9468,101688168,πυκνὴ,frequent,448,
9469,101688169,ἀεὶ,always,448,
9470,101688170,ἦν,was,448,
9471,101688171,καὶ,and,448,
9472,101688172,πάνυ,very,448,
9473,101688173,ἐπὶ,against,448,
9474,101688174,σμικροῖς,small,448,
9475,101688175,ἐναντιουμένη,opposing,448,
9476,101688176,",",",",448,
9477,101688177,εἴ,if,448,
9478,101688178,τι,something,448,
9479,101688179,μέλλοιμι,were about to,448,
9480,101688180,μὴ,not,448,
9481,101688181,ὀρθῶς,correctly,448,
9482,101688182,πράξειν,to do,448,
9483,101688183,.,.,448,
9484,101688184,νυνὶ,now,449,
9485,101688185,δὲ,but,449,
9486,101688186,συμβέβηκέ,has happened,449,
9487,101688187,μοι,to me,449,
9488,101688188,ἅπερ,which,449,
9489,101688189,ὁρᾶτε,you see,449,
9490,101688190,καὶ,and,449,
9491,101688191,αὐτοί,yourselves,449,
9492,101688192,",",",",449,
9493,101688193,ταυτὶ,this,449,
9494,101688194,ἅ,what,449,
9495,101688195,γε,indeed,449,
9496,101688196,δὴ,indeed,449,
9497,101688197,οἰηθείη,it would seem,449,
9498,101688198,ἄν,would,449,
9499,101688199,τις,anyone,449,
9500,101688200,καὶ,and,449,
9501,101688201,νομίζεται,is thought,449,
9502,101688202,ἔσχατα,the utmost,449,
9503,101688203,κακῶν,of evils,449,
9504,101688204,εἶναι,to be,449,
9505,101688205,.,.,449,
9506,101688206,ἐμοὶ,to me,450,
9507,101688207,δὲ,but,450,
9508,101688208,οὔ,not,450,
9509,101688209,-τε,and,450,
9510,101688210,ἐξιόντι,going out,450,
9511,101688211,ἕωθεν,early in the morning,450,
9512,101688212,οἴκοθεν,from home,450,
9513,101688213,ἠναντιώθη,appeared,450,
9514,101688214,τὸ,the,450,
9515,101688215,τοῦ,of the,450,
9516,101688216,θεοῦ,of the god,450,
9517,101688217,σημεῖον,sign,450,
9518,101688218,",",",",450,
9519,101688219,οὔ,not,450,
9520,101688220,-τε,and,450,
9521,101688221,ἡνίκα,when,450,
9522,101688222,ἀνέβαινον,I was going up,450,
9523,101688223,ἐνταυθοῖ,here,450,
9524,101688224,ἐπὶ,to,450,
9525,101688225,τὸ,the,450,
9526,101688226,δικαστήριον,court,450,
9527,101688227,",",",",450,
9528,101688228,οὔ,not,450,
9529,101688229,-τε,-and,450,
9530,101688230,ἐν,in,450,
9531,101688231,τῷ,the,450,
9532,101688232,λόγῳ,speech,450,
9533,101688233,οὐδαμοῦ,nowhere,450,
9534,101688234,μέλλοντί,about to,450,
9535,101688235,τι,anything,450,
9536,101688236,ἐρεῖν,to say,450,
9537,101688237,.,.,450,
9538,101688238,καίτοι,and yet,451,
9539,101688239,ἐν,in,451,
9540,101688240,ἄλλοις,other,451,
9541,101688241,λόγοις,speeches,451,
9542,101688242,πολλαχοῦ,often,451,
9543,101688243,δή,indeed,451,
9544,101688244,με,me,451,
9545,101688245,ἐπέσχε,held back,451,
9546,101688246,λέγοντα,speaking,451,
9547,101688247,μεταξύ,in the middle,451,
9548,101688248,.,.,451,
9549,101688249,νῦν,now,452,
9550,101688250,δὲ,but,452,
9551,101688251,οὐδαμοῦ,nowhere,452,
9552,101688252,περὶ,regarding,452,
9553,101688253,ταύτην,this,452,
9554,101688254,τὴν,the,452,
9555,101688255,πρᾶξιν,action,452,
9556,101688256,οὔ,not,452,
9557,101688257,-τ’,and,452,
9558,101688258,ἐν,in,452,
9559,101688259,ἔργῳ,in deed,452,
9560,101688260,οὐδενὶ,any,452,
9561,101688261,οὔ,not,452,
9562,101688262,-τ’,and,452,
9563,101688263,ἐν,in,452,
9564,101688264,λόγῳ,speech,452,
9565,101688265,ἠναντίωταί,has opposed,452,
9566,101688266,μοι,me,452,
9567,101688267,.,.,452,
9568,101688268,τί,what,453,
9569,101688269,οὖν,then,453,
9570,101688270,αἴτιον,cause,453,
9571,101688271,εἶναι,to be,453,
9572,101688272,ὑπολαμβάνω,I suppose,453,
9573,101688273,;,;,453,
9574,101688274,ἐγὼ,I,454,
9575,101688275,ὑμῖν,you,454,
9576,101688276,ἐρῶ,say,454,
9577,101688277,.,.,454,
9578,101688278,κινδυνεύει,seems,455,
9579,101688279,γάρ,for,455,
9580,101688280,μοι,me,455,
9581,101688281,τὸ,the,455,
9582,101688282,συμβεβηκὸς,having happened,455,
9583,101688283,τοῦτο,this,455,
9584,101688284,ἀγαθὸν,good,455,
9585,101688285,γεγονέναι,to have happened,455,
9586,101688286,",",",",455,
9587,101688287,καὶ,and,455,
9588,101688288,οὐκ,not,455,
9589,101688289,ἔσθ',there is,455,
9590,101688290,ὅπως,how,455,
9591,101688291,ἡμεῖς,we,455,
9592,101688292,ὀρθῶς,correctly,455,
9593,101688293,ὑπολαμβάνομεν,we suppose,455,
9594,101688294,",",",",455,
9595,101688295,ὅσοι,as many as,455,
9596,101688296,οἰόμεθα,we think,455,
9597,101688297,κακὸν,evil,455,
9598,101688298,εἶναι,to be,455,
9599,101688299,τὸ,the,455,
9600,101688300,τεθνάναι,to die,455,
9601,101688301,.,.,455,
9602,101688302,μέγα,great,456,
9603,101688303,μοι,to me,456,
9604,101688304,τεκμήριον,proof,456,
9605,101688305,τούτου,of this,456,
9606,101688306,γέγονεν,has become,456,
9607,101688307,.,.,456,
9608,101688308,οὐ,not,457,
9609,101688309,γὰρ,for,457,
9610,101688310,ἔσθ’,it is,457,
9611,101688311,ὅπως,how,457,
9612,101688312,οὐκ,not,457,
9613,101688313,ἠναντιώθη,was opposed,457,
9614,101688314,ἄν,an,457,
9615,101688315,μοι,to me,457,
9616,101688316,τὸ,the,457,
9617,101688317,εἰωθὸς,accustomed,457,
9618,101688318,σημεῖον,sign,457,
9619,101688319,",",",",457,
9620,101688320,εἰ,if,457,
9621,101688321,μή,not,457,
9622,101688322,τι,something,457,
9623,101688323,ἔμελλον,I was about,457,
9624,101688324,ἐγὼ,I,457,
9625,101688325,ἀγαθὸν,good,457,
9626,101688326,πράξειν,do,457,
9627,101688327,.,.,457,
9628,101688328,ἐννοήσωμεν,let us consider,458,
9629,101688329,δὲ,but,458,
9630,101688330,καὶ,and,458,
9631,101688331,τῇδε,here,458,
9632,101688332,ὡς,that,458,
9633,101688333,πολλὴ,great,458,
9634,101688334,ἐλπίς,hope,458,
9635,101688335,ἐστιν,is,458,
9636,101688336,ἀγαθὸν,good,458,
9637,101688337,αὐτὸ,it,458,
9638,101688338,εἶναι,to be,458,
9639,101688339,.,.,458,
9640,101688340,δυοῖν,two,459,
9641,101688341,γὰρ,for,459,
9642,101688342,τα-,either,459,
9643,101688343,θάτερόν,other,459,
9644,101688344,ἐστιν,is,459,
9645,101688345,τὸ,the,459,
9646,101688346,τεθνάναι,to die,459,
9647,101688347,.,.,459,
9648,101688348,ἢ,or,460,
9649,101688349,γὰρ,for,460,
9650,101688350,οἷον,as if,460,
9651,101688351,μηδὲν,nothing,460,
9652,101688352,εἶναι,to be,460,
9653,101688353,μη,not,460,
9654,101688354,-δὲ,or,460,
9655,101688355,αἴσθησιν,perception,460,
9656,101688356,μηδεμίαν,any,460,
9657,101688357,μηδενὸς,of anything,460,
9658,101688358,ἔχειν,to have,460,
9659,101688359,τὸν,the,460,
9660,101688360,τεθνεῶτα,dead,460,
9661,101688361,",",",",460,
9662,101688362,ἢ,or,460,
9663,101688363,κατὰ,according to,460,
9664,101688364,τὰ,the,460,
9665,101688365,λεγόμενα,what is said,460,
9666,101688366,μεταβολή,change,460,
9667,101688367,τις,a,460,
9668,101688368,τυγχάνει,happens,460,
9669,101688369,οὖσα,being,460,
9670,101688370,καὶ,and,460,
9671,101688371,μετοίκησις,removal,460,
9672,101688372,τῇ,the,460,
9673,101688373,ψυχῇ,soul,460,
9674,101688374,τοῦ,of the,460,
9675,101688375,τόπου,place,460,
9676,101688376,τοῦ,of the,460,
9677,101688377,ἐνθένδε,from here,460,
9678,101688378,εἰς,into,460,
9679,101688379,ἄλλον,another,460,
9680,101688380,τόπον,place,460,
9681,101688381,.,.,460,
9682,101688382,καὶ,and,461,
9683,101688383,εἴ,is,461,
9684,101688384,-τε,and,461,
9685,101688385,δὴ,indeed,461,
9686,101688386,μηδεμία,not any,461,
9687,101688387,αἴσθησίς,perception,461,
9688,101688388,ἐστιν,is,461,
9689,101688389,ἀλλ’,but,461,
9690,101688390,οἷον,such as,461,
9691,101688391,ὕπνος,sleep,461,
9692,101688392,ἐπειδάν,when,461,
9693,101688393,τις,someone,461,
9694,101688394,καθεύδων,sleeping,461,
9695,101688395,μη,not,461,
9696,101688396,-δ',and,461,
9697,101688397,ὄναρ,a dream,461,
9698,101688398,μηδὲν,not even,461,
9699,101688399,ὁρᾷ,sees,461,
9700,101688400,",",",",461,
9701,101688401,θαυμάσιον,wonderful,461,
9702,101688402,κέρδος,gain,461,
9703,101688403,ἂν,would,461,
9704,101688404,εἴη,were,461,
9705,101688405,ὁ,the,461,
9706,101688406,θάνατος,death,461,
9707,101688407,—,—,461,
9708,101688408,ἐγὼ,I,461,
9709,101688409,γὰρ,for,461,
9710,101688410,ἂν,would,461,
9711,101688411,οἶμαι,I think,461,
9712,101688412,",",",",461,
9713,101688413,εἴ,if,461,
9714,101688414,τινα,any,461,
9715,101688415,ἐκλεξάμενον,having chosen,461,
9716,101688416,δέοι,must,461,
9717,101688417,ταύτην,this,461,
9718,101688418,τὴν,the,461,
9719,101688419,νύκτα,night,461,
9720,101688420,ἐν,in,461,
9721,101688421,ᾗ,in which,461,
9722,101688422,οὕτω,so,461,
9723,101688423,κατέδαρθεν,fell asleep,461,
9724,101688424,ὥστε,so that,461,
9725,101688425,μη,not,461,
9726,101688426,-δὲ,and,461,
9727,101688427,ὄναρ,dream,461,
9728,101688428,ἰδεῖν,to see,461,
9729,101688429,",",",",461,
9730,101688430,καὶ,and,461,
9731,101688431,τὰς,the,461,
9732,101688432,ἄλλας,other,461,
9733,101688433,νύκτας,nights,461,
9734,101688434,τε,and,461,
9735,101688435,καὶ,and,461,
9736,101688436,ἡμέρας,days,461,
9737,101688437,τὰς,the,461,
9738,101688438,τοῦ,of the,461,
9739,101688439,βίου,of life,461,
9740,101688440,τοῦ,of,461,
9741,101688441,ἑαυτοῦ,his own,461,
9742,101688442,ἀντιπαραθέντα,having compared,461,
9743,101688443,ταύτῃ,this,461,
9744,101688444,τῇ,the,461,
9745,101688445,νυκτὶ,night,461,
9746,101688446,δέοι,must,461,
9747,101688447,σκεψάμενον,having considered,461,
9748,101688448,εἰπεῖν,say,461,
9749,101688449,πόσας,how many,461,
9750,101688450,ἄμεινον,better,461,
9751,101688451,καὶ,and,461,
9752,101688452,ἥδιον,more pleasant,461,
9753,101688453,ἡμέρας,days,461,
9754,101688454,καὶ,and,461,
9755,101688455,νύκτας,nights,461,
9756,101688456,ταύτης,this,461,
9757,101688457,τῆς,of the,461,
9758,101688458,νυκτὸς,of this night,461,
9759,101688459,βεβίωκεν,has lived,461,
9760,101688460,ἐν,in,461,
9761,101688461,τῷ,the,461,
9762,101688462,ἑαυτοῦ,his own,461,
9763,101688463,βίῳ,life,461,
9764,101688464,",",",",461,
9765,101688465,οἶμαι,I think,461,
9766,101688466,ἂν,would,461,
9767,101688467,μὴ,not,461,
9768,101688468,ὅτι,that,461,
9769,101688469,ἰδιώτην,private citizen,461,
9770,101688470,τινά,some,461,
9771,101688471,",",",",461,
9772,101688472,ἀλλὰ,but,461,
9773,101688473,τὸν,the,461,
9774,101688474,μέγαν,great,461,
9775,101688475,βασιλέα,king,461,
9776,101688476,εὐαριθμήτους,counted with ease,461,
9777,101688477,ἂν,would,461,
9778,101688478,εὑρεῖν,find,461,
9779,101688479,αὐτὸν,him,461,
9780,101688480,ταύτας,these,461,
9781,101688481,πρὸς,towards,461,
9782,101688482,τὰς,the,461,
9783,101688483,ἄλλας,other,461,
9784,101688484,ἡμέρας,days,461,
9785,101688485,καὶ,and,461,
9786,101688486,νύκτας,nights,461,
9787,101688487,—,—,461,
9788,101688488,εἰ,if,461,
9789,101688489,οὖν,then,461,
9790,101688490,τοιοῦτον,such,461,
9791,101688491,ὁ,the,461,
9792,101688492,θάνατός,death,461,
9793,101688493,ἐστιν,is,461,
9794,101688494,",",",",461,
9795,101688495,κέρδος,a gain,461,
9796,101688496,ἔγωγε,I,461,
9797,101688497,λέγω,say,461,
9798,101688498,.,.,461,
9799,101688499,καὶ,and,462,
9800,101688500,γὰρ,for,462,
9801,101688501,οὐδὲν,nothing,462,
9802,101688502,πλείων,more,462,
9803,101688503,ὁ,the,462,
9804,101688504,πᾶς,every,462,
9805,101688505,χρόνος,time,462,
9806,101688506,φαίνεται,appears,462,
9807,101688507,οὕτω,so,462,
9808,101688508,δὴ,indeed,462,
9809,101688509,εἶναι,to be,462,
9810,101688510,ἢ,than,462,
9811,101688511,μία,one,462,
9812,101688512,νύξ,night,462,
9813,101688513,.,.,462,
9814,101688514,εἰ,if,463,
9815,101688515,δ’,and,463,
9816,101688516,αὖ,perhaps,463,
9817,101688517,οἷον,something like,463,
9818,101688518,ἀποδημῆσαί,to emigrate,463,
9819,101688519,ἐστιν,is,463,
9820,101688520,ὁ,the,463,
9821,101688521,θάνατος,death,463,
9822,101688522,ἐνθένδε,from here,463,
9823,101688523,εἰς,to,463,
9824,101688524,ἄλλον,another,463,
9825,101688525,τόπον,place,463,
9826,101688526,",",",",463,
9827,101688527,καὶ,and,463,
9828,101688528,ἀληθῆ,true,463,
9829,101688529,ἐστιν,is,463,
9830,101688530,τὰ,the,463,
9831,101688531,λεγόμενα,being-said,463,
9832,101688532,",",",",463,
9833,101688533,ὡς,that,463,
9834,101688534,ἄρα,then,463,
9835,101688535,ἐκεῖ,there,463,
9836,101688536,εἰσι,are,463,
9837,101688537,πάντες,all,463,
9838,101688538,οἱ,the,463,
9839,101688539,τεθνεῶτες,the dead,463,
9840,101688540,",",",",463,
9841,101688541,τί,what,463,
9842,101688542,μεῖζον,greater,463,
9843,101688543,ἀγαθὸν,good,463,
9844,101688544,τούτου,of this,463,
9845,101688545,εἴη,would be,463,
9846,101688546,ἄν,would,463,
9847,101688547,",",",",463,
9848,101688548,ὦ,O,463,
9849,101688549,ἄνδρες,men,463,
9850,101688550,δικασταί,jurymen,463,
9851,101688551,;,;,463,
9852,101688552,εἰ,if,464,
9853,101688553,γάρ,for,464,
9854,101688554,τις,someone,464,
9855,101688555,ἀφικόμενος,having arrived,464,
9856,101688556,εἰς,to,464,
9857,101688557,Ἅιδου,of Hades,464,
9858,101688558,",",",",464,
9859,101688559,ἀπαλλαγεὶς,having been released,464,
9860,101688560,τουτωνὶ,these,464,
9861,101688561,τῶν,of,464,
9862,101688562,φασκόντων,claiming,464,
9863,101688563,δικαστῶν,judges,464,
9864,101688564,εἶναι,to be,464,
9865,101688565,",",",",464,
9866,101688566,εὑρήσει,will find,464,
9867,101688567,τοὺς,the,464,
9868,101688568,ὡς,as,464,
9869,101688569,ἀληθῶς,truly,464,
9870,101688570,δικαστάς,judges,464,
9871,101688571,",",",",464,
9872,101688572,οἵπερ,who indeed,464,
9873,101688573,καὶ,and,464,
9874,101688574,λέγονται,are said,464,
9875,101688575,ἐκεῖ,there,464,
9876,101688576,δικάζειν,to judge,464,
9877,101688577,",",",",464,
9878,101688578,Μίνως,Minos,464,
9879,101688579,τε,and,464,
9880,101688580,καὶ,and,464,
9881,101688581,Ῥαδάμανθυς,Rhadamanthus,464,
9882,101688582,καὶ,and,464,
9883,101688583,Αἰακὸς,Aeacus,464,
9884,101688584,καὶ,and,464,
9885,101688585,Τριπτόλεμος,Triptolemus,464,
9886,101688586,καὶ,and,464,
9887,101688587,ἄλλοι,others,464,
9888,101688588,ὅσοι,as many as,464,
9889,101688589,τῶν,of the,464,
9890,101688590,ἡμιθέων,half-gods,464,
9891,101688591,δίκαιοι,righteous,464,
9892,101688592,ἐγένοντο,were,464,
9893,101688593,ἐν,in,464,
9894,101688594,τῷ,the,464,
9895,101688595,ἑαυτῶν,their own,464,
9896,101688596,βίῳ,life,464,
9897,101688597,",",",",464,
9898,101688598,ἆρα,then,464,
9899,101688599,φαύλη,worthless,464,
9900,101688600,ἂν,would,464,
9901,101688601,εἴη,would be,464,
9902,101688602,ἡ,the,464,
9903,101688603,ἀποδημία,journey,464,
9904,101688604,;,?,464,
9905,101688605,ἢ,Did,465,
9906,101688606,αὖ,even,465,
9907,101688607,Ὀρφεῖ,Orpheus,465,
9908,101688608,συγγενέσθαι,to be related,465,
9909,101688609,καὶ,and,465,
9910,101688610,Μουσαίῳ,Mousaios,465,
9911,101688611,καὶ,and,465,
9912,101688612,Ἡσιόδῳ,to Hesiod,465,
9913,101688613,καὶ,and,465,
9914,101688614,Ὁμήρῳ,Homer,465,
9915,101688615,ἐπὶ,for,465,
9916,101688616,πόσῳ,to what extent,465,
9917,101688617,ἄν,if,465,
9918,101688618,τις,anyone,465,
9919,101688619,δέξαιτ',would receive,465,
9920,101688620,ἂν,if,465,
9921,101688621,ὑμῶν,your,465,
9922,101688622,;,?,465,
9923,101688623,ἐγὼ,I,466,
9924,101688624,μὲν,indeed,466,
9925,101688625,γὰρ,for,466,
9926,101688626,πολλάκις,often,466,
9927,101688627,ἐθέλω,want,466,
9928,101688628,τεθνάναι,to have died,466,
9929,101688629,εἰ,if,466,
9930,101688630,ταῦτ’,this,466,
9931,101688631,ἔστιν,is,466,
9932,101688632,ἀληθῆ,true,466,
9933,101688633,.,.,466,
9934,101688634,ἐπεὶ,since,467,
9935,101688635,ἔμοιγε,to me,467,
9936,101688636,καὶ,and,467,
9937,101688637,αὐτῷ,to me,467,
9938,101688638,θαυμαστὴ,wonderful,467,
9939,101688639,ἂν,would,467,
9940,101688640,εἴη,would be,467,
9941,101688641,ἡ,the,467,
9942,101688642,διατριβὴ,pastime,467,
9943,101688643,αὐτόθι,there,467,
9944,101688644,",",",",467,
9945,101688645,ὁπότε,whenever,467,
9946,101688646,ἐντύχοιμι,I should encounter,467,
9947,101688647,Παλαμήδει,Palamedes,467,
9948,101688648,καὶ,and,467,
9949,101688649,Αἴαντι,Ajax,467,
9950,101688650,τῷ,the,467,
9951,101688651,Τελαμῶνος,of Telamon,467,
9952,101688652,καὶ,and,467,
9953,101688653,εἴ,if,467,
9954,101688654,τις,someone,467,
9955,101688655,ἄλλος,other,467,
9956,101688656,τῶν,of the,467,
9957,101688657,παλαιῶν,ancient,467,
9958,101688658,διὰ,through,467,
9959,101688659,κρίσιν,judgment,467,
9960,101688660,ἄδικον,unjust,467,
9961,101688661,τέθνηκεν,has died,467,
9962,101688662,",",",",467,
9963,101688663,ἀντιπαραβάλλοντι,comparing,467,
9964,101688664,τὰ,the,467,
9965,101688665,ἐμαυτοῦ,my,467,
9966,101688666,πάθη,experiences,467,
9967,101688667,πρὸς,to,467,
9968,101688668,τὰ,the,467,
9969,101688669,ἐκείνων,those,467,
9970,101688670,—,—,467,
9971,101688671,ὡς,as,467,
9972,101688672,ἐγὼ,I,467,
9973,101688673,οἶμαι,I think,467,
9974,101688674,",",",",467,
9975,101688675,οὐκ,not,467,
9976,101688676,ἂν,would,467,
9977,101688677,ἀηδὲς,unpleasant,467,
9978,101688678,εἴη,would be,467,
9979,101688679,—,—,467,
9980,101688680,καὶ,and,467,
9981,101688681,δὴ,indeed,467,
9982,101688682,τὸ,the,467,
9983,101688683,μέγιστον,the greatest,467,
9984,101688684,",",",",467,
9985,101688685,τοὺς,those,467,
9986,101688686,ἐκεῖ,there,467,
9987,101688687,ἐξετάζοντα,examining,467,
9988,101688688,καὶ,and,467,
9989,101688689,ἐρευνῶντα,investigating,467,
9990,101688690,ὥσπερ,just as,467,
9991,101688691,τοὺς,those,467,
9992,101688692,ἐνταῦθα,here,467,
9993,101688693,διάγειν,to spend (one's life),467,
9994,101688694,",",",",467,
9995,101688695,τίς,who,467,
9996,101688696,αὐτῶν,of them,467,
9997,101688697,σοφός,wise,467,
9998,101688698,ἐστιν,is,467,
9999,101688699,καὶ,and,467,
10000,101688700,τίς,who,467,
10001,101688701,οἴεται,thinks,467,
10002,101688702,μέν,indeed,467,
10003,101688703,",",",",467,
10004,101688704,ἔστιν,is,467,
10005,101688705,δ’,but,467,
10006,101688706,οὔ,not,467,
10007,101688707,.,.,467,
10008,101688708,ἐπὶ,for,468,
10009,101688709,πόσῳ,how much,468,
10010,101688710,δ’,but,468,
10011,101688711,ἄν,would,468,
10012,101688712,τις,someone,468,
10013,101688713,",",",",468,
10014,101688714,ὦ,O,468,
10015,101688715,ἄνδρες,men,468,
10016,101688716,δικασταί,jurymen,468,
10017,101688717,",",",",468,
10018,101688718,δέξαιτο,would accept,468,
10019,101688719,ἐξετάσαι,to examine,468,
10020,101688720,τὸν,the,468,
10021,101688721,ἐπὶ,to,468,
10022,101688722,Τροίαν,to Troy,468,
10023,101688723,ἀγαγόντα,leading,468,
10024,101688724,τὴν,the,468,
10025,101688725,πολλὴν,great,468,
10026,101688726,στρατιὰν,army,468,
10027,101688727,ἢ,or,468,
10028,101688728,Ὀδυσσέα,Odysseus,468,
10029,101688729,ἢ,or,468,
10030,101688730,Σίσυφον,Sisyphus,468,
10031,101688731,ἢ,or,468,
10032,101688732,ἄλλους,other,468,
10033,101688733,μυρίους,myriad,468,
10034,101688734,ἄν,if,468,
10035,101688735,τις,anyone,468,
10036,101688736,εἴποι,might say,468,
10037,101688737,καὶ,and,468,
10038,101688738,ἄνδρας,men,468,
10039,101688739,καὶ,or,468,
10040,101688740,γυναῖκας,women,468,
10041,101688741,",",",",468,
10042,101688742,οἷς,whom,468,
10043,101688743,ἐκεῖ,there,468,
10044,101688744,διαλέγεσθαι,to converse,468,
10045,101688745,καὶ,and,468,
10046,101688746,συνεῖναι,to consort,468,
10047,101688747,καὶ,and,468,
10048,101688748,ἐξετάζειν,to examine,468,
10049,101688749,ἀμήχανον,impossible,468,
10050,101688750,ἂν,would,468,
10051,101688751,εἴη,were,468,
10052,101688752,εὐδαιμονίας,happiness,468,
10053,101688753,;,;,468,
10054,101688754,πάντως,certainly,469,
10055,101688755,οὐ,not,469,
10056,101688756,δήπου,surely,469,
10057,101688757,τούτου,this,469,
10058,101688758,γε,indeed,469,
10059,101688759,ἕνεκα,for the sake of,469,
10060,101688760,οἱ,those,469,
10061,101688761,ἐκεῖ,there,469,
10062,101688762,ἀποκτείνουσι,they kill,469,
10063,101688763,.,.,469,
10064,101688764,τά,the,470,
10065,101688765,τε,and,470,
10066,101688766,γὰρ,for,470,
10067,101688767,ἄλλα,other things,470,
10068,101688768,εὐδαιμονέστεροί,happier,470,
10069,101688769,εἰσιν,are,470,
10070,101688770,οἱ,those,470,
10071,101688771,ἐκεῖ,there,470,
10072,101688772,τῶν,of-those,470,
10073,101688773,ἐνθάδε,here,470,
10074,101688774,",",",",470,
10075,101688775,καὶ,and,470,
10076,101688776,ἤδη,already,470,
10077,101688777,τὸν,the,470,
10078,101688778,λοιπὸν,remaining,470,
10079,101688779,χρόνον,time,470,
10080,101688780,ἀθάνατοί,immortal,470,
10081,101688781,εἰσιν,are,470,
10082,101688782,",",",",470,
10083,101688783,εἴπερ,if indeed,470,
10084,101688784,γε,indeed,470,
10085,101688785,τὰ,the,470,
10086,101688786,λεγόμενα,things said,470,
10087,101688787,ἀληθῆ,true,470,
10088,101688788,.,.,470,
10089,101688789,ἀλλὰ,but,471,
10090,101688790,καὶ,and,471,
10091,101688791,ὑμᾶς,you,471,
10092,101688792,χρή,you should,471,
10093,101688793,",",",",471,
10094,101688794,ὦ,O,471,
10095,101688795,ἄνδρες,men,471,
10096,101688796,δικασταί,jurymen,471,
10097,101688797,",",",",471,
10098,101688798,εὐέλπιδας,hopeful,471,
10099,101688799,εἶναι,to be,471,
10100,101688800,πρὸς,toward,471,
10101,101688801,τὸν,the,471,
10102,101688802,θάνατον,death,471,
10103,101688803,",",",",471,
10104,101688804,καὶ,and,471,
10105,101688805,ἕν,one,471,
10106,101688806,τι,something,471,
10107,101688807,τοῦτο,this,471,
10108,101688808,διανοεῖσθαι,to think,471,
10109,101688809,ἀληθές,true,471,
10110,101688810,",",",",471,
10111,101688811,ὅτι,that,471,
10112,101688812,οὐκ,not,471,
10113,101688813,ἔστιν,is,471,
10114,101688814,ἀνδρὶ,to a man,471,
10115,101688815,ἀγαθῷ,good,471,
10116,101688816,κακὸν,evil,471,
10117,101688817,οὐδὲν,nothing,471,
10118,101688818,οὔ,not,471,
10119,101688819,-τε,-or,471,
10120,101688820,ζῶντι,living,471,
10121,101688821,οὔ,not,471,
10122,101688822,-τε,or,471,
10123,101688823,τελευτήσαντι,after dying,471,
10124,101688824,",",",",471,
10125,101688825,οὐ,not,471,
10126,101688826,-δὲ,and,471,
10127,101688827,ἀμελεῖται,is neglected,471,
10128,101688828,ὑπὸ,by,471,
10129,101688829,θεῶν,gods,471,
10130,101688830,τὰ,the,471,
10131,101688831,τοῦτου,his,471,
10132,101688832,πράγματα,matters,471,
10133,101688833,.,.,471,
10134,101688834,οὐ,not,472,
10135,101688835,-δὲ,indeed,472,
10136,101688836,τὰ,the,472,
10137,101688837,ἐμὰ,my,472,
10138,101688838,νῦν,now,472,
10139,101688839,ἀπὸ,from,472,
10140,101688840,τοῦ,of the,472,
10141,101688841,αὐτομάτου,spontaneous,472,
10142,101688842,γέγονεν,has come to be,472,
10143,101688843,",",",",472,
10144,101688844,ἀλλά,but,472,
10145,101688845,μοι,to me,472,
10146,101688846,δῆλόν,clear,472,
10147,101688847,ἐστι,is,472,
10148,101688848,τοῦτο,this,472,
10149,101688849,",",",",472,
10150,101688850,ὅτι,that,472,
10151,101688851,ἤδη,already,472,
10152,101688852,τεθνάναι,to have died,472,
10153,101688853,καὶ,and,472,
10154,101688854,ἀπηλλάχθαι,to have been released,472,
10155,101688855,πραγμάτων,matters,472,
10156,101688856,βέλτιον,better,472,
10157,101688857,ἦν,was,472,
10158,101688858,μοι,to me,472,
10159,101688859,.,.,472,
10160,101688860,διὰ,because,473,
10161,101688861,τοῦτο,this,473,
10162,101688862,καὶ,and,473,
10163,101688863,ἐμὲ,me,473,
10164,101688864,οὐδαμοῦ,nowhere,473,
10165,101688865,ἀπέτρεψεν,dissuaded,473,
10166,101688866,τὸ,the,473,
10167,101688867,σημεῖον,sign,473,
10168,101688868,",",",",473,
10169,101688869,καὶ,and,473,
10170,101688870,ἔγωγε,I at least,473,
10171,101688871,τοῖς,the,473,
10172,101688872,καταψηφισαμένοις,having voted against,473,
10173,101688873,μου,my,473,
10174,101688874,καὶ,and,473,
10175,101688875,τοῖς,to the,473,
10176,101688876,κατηγόροις,accusers,473,
10177,101688877,οὐ,not,473,
10178,101688878,πάνυ,very,473,
10179,101688879,χαλεπαίνω,am angry,473,
10180,101688880,.,.,473,
10181,101688881,καίτοι,yet,474,
10182,101688882,οὐ,not,474,
10183,101688883,ταύτῃ,this,474,
10184,101688884,τῇ,the,474,
10185,101688885,διανοίᾳ,mind,474,
10186,101688886,κατεψηφίζοντό,they voted against,474,
10187,101688887,μου,of me,474,
10188,101688888,καὶ,and,474,
10189,101688889,κατηγόρουν,were accusing,474,
10190,101688890,",",",",474,
10191,101688891,ἀλλ’,but,474,
10192,101688892,οἰόμενοι,thinking,474,
10193,101688893,βλάπτειν,to harm,474,
10194,101688894,.,.,474,
10195,101688895,τοῦτο,this,475,
10196,101688896,αὐτοῖς,to them,475,
10197,101688897,ἄξιον,worthy,475,
10198,101688898,μέμφεσθαι,to blame,475,
10199,101688899,.,.,475,
10200,101688900,τοσόνδε,as much,476,
10201,101688901,μέντοι,however,476,
10202,101688902,αὐτῶν,them,476,
10203,101688903,δέομαι,I beg,476,
10204,101688904,.,.,476,
10205,101688905,τοὺς,the,477,
10206,101688906,ὑεῖς,sons,477,
10207,101688907,μου,my,477,
10208,101688908,",",",",477,
10209,101688909,ἐπειδὰν,when,477,
10210,101688910,ἡβήσωσι,they come of age,477,
10211,101688911,",",",",477,
10212,101688912,τιμωρήσασθε,punish,477,
10213,101688913,",",",",477,
10214,101688914,ὦ,O,477,
10215,101688915,ἄνδρες,men,477,
10216,101688916,",",",",477,
10217,101688917,τα-,these,477,
10218,101688918,ταὐτὰ,these,477,
10219,101688919,ταῦτα,these things,477,
10220,101688920,λυποῦντες,while causing distress,477,
10221,101688921,ἅπερ,which,477,
10222,101688922,ἐγὼ,I,477,
10223,101688923,ὑμᾶς,you,477,
10224,101688924,ἐλύπουν,grieved,477,
10225,101688925,",",",",477,
10226,101688926,ἐὰν,if,477,
10227,101688927,ὑμῖν,you,477,
10228,101688928,δοκῶσιν,seem,477,
10229,101688929,ἢ,or,477,
10230,101688930,χρημάτων,money,477,
10231,101688931,ἢ,or,477,
10232,101688932,ἄλλου,other,477,
10233,101688933,του,anything,477,
10234,101688934,πρότερον,before,477,
10235,101688935,ἐπιμελεῖσθαι,to care for,477,
10236,101688936,ἢ,than,477,
10237,101688937,ἀρετῆς,virtue,477,
10238,101688938,",",",",477,
10239,101688939,καὶ,and,477,
10240,101688940,ἐὰν,if,477,
10241,101688941,δοκῶσί,they seem,477,
10242,101688942,τι,something,477,
10243,101688943,εἶναι,to be,477,
10244,101688944,μηδὲν,nothing,477,
10245,101688945,ὄντες,being,477,
10246,101688946,",",",",477,
10247,101688947,ὀνειδίζετε,reproach,477,
10248,101688948,αὐτοῖς,them,477,
10249,101688949,ὥσπερ,just as,477,
10250,101688950,ἐγὼ,I,477,
10251,101688951,ὑμῖν,you,477,
10252,101688952,",",",",477,
10253,101688953,ὅτι,that,477,
10254,101688954,οὐκ,not,477,
10255,101688955,ἐπιμελοῦνται,care,477,
10256,101688956,ὧν,of which,477,
10257,101688957,δεῖ,necessary,477,
10258,101688958,",",",",477,
10259,101688959,καὶ,and,477,
10260,101688960,οἴονταί,they think,477,
10261,101688961,τι,something,477,
10262,101688962,εἶναι,to be,477,
10263,101688963,ὄντες,being,477,
10264,101688964,οὐδενὸς,of nothing,477,
10265,101688965,ἄξιοι,worthy,477,
10266,101688966,.,.,477,
10267,101688967,καὶ,and,478,
10268,101688968,ἐὰν,if,478,
10269,101688969,ταῦτα,these,478,
10270,101688970,ποιῆτε,do,478,
10271,101688971,",",",",478,
10272,101688972,δίκαια,justly,478,
10273,101688973,πεπονθὼς,having suffered,478,
10274,101688974,ἐγὼ,I,478,
10275,101688975,ἔσομαι,I will be,478,
10276,101688976,ὑφ’,by,478,
10277,101688977,ὑμῶν,you,478,
10278,101688978,αὐτός,myself,478,
10279,101688979,τε,and,478,
10280,101688980,καὶ,and,478,
10281,101688981,οἱ,the,478,
10282,101688982,ὑεῖς,sons,478,
10283,101688983,.,.,478,
10284,101688984,ἀλλὰ,but,479,
10285,101688985,γὰρ,for,479,
10286,101688986,ἤδη,already,479,
10287,101688987,ὥρα,hour,479,
10288,101688988,ἀπιέναι,to depart,479,
10289,101688989,",",",",479,
10290,101688990,ἐμοὶ,to me,479,
10291,101688991,μὲν,on my part,479,
10292,101688992,ἀποθανουμένῳ,to die,479,
10293,101688993,",",",",479,
10294,101688994,ὑμῖν,to you,479,
10295,101688995,δὲ,but,479,
10296,101688996,βιωσομένοις,living,479,
10297,101688997,.,.,479,
10298,101688998,ὁπότεροι,whichever,480,
10299,101688999,δὲ,but,480,
10300,101689000,ἡμῶν,of us,480,
10301,101689001,ἔρχονται,come,480,
10302,101689002,ἐπὶ,towards,480,
10303,101689003,ἄμεινον,better,480,
10304,101689004,πρᾶγμα,matter,480,
10305,101689005,",",",",480,
10306,101689006,ἄδηλον,unknown,480,
10307,101689007,παντὶ,everyone,480,
10308,101689008,πλὴν,except,480,
10309,101689009,ἢ,except,480,
10310,101689010,τῷ,to,480,
10311,101689011,θεῷ,god,480,
10312,101689012,.,.,480,
