,greek_id,english_word,sent_id,greek_word
0,100114975,Thus,7172,ὣς
1,100114976,they,7172,οἳ
2,100114977,they,7172,μὲν
3,100114978,into,7172,κατὰ
4,100114979,city,7172,ἄστυ
5,100114980,having fled,7172,πεφυζότες
6,100114981,like,7172,ἠΰτε
7,100114982,fawns,7172,νεβροὶ
8,100114983,sweat,7172,ἱδρῶ
9,100114984,rested,7172,ἀπεψύχοντο
10,100114985,drinking,7172,πίον
11,100114986,and,7172,τ’
12,100114987,healing,7172,ἀκέοντό
13,100114988,and,7172,τε
14,100114989,thirst,7172,δίψαν
15,100114990,leaning,7172,κεκλιμένοι
16,100114991,fair,7172,καλῇσιν
17,100114992,ramparts,7172,ἐπάλξεσιν
18,100114994,But,7173,αὐτὰρ
19,100114995,the Achaeans,7173,Ἀχαιοὶ
20,100114996,wall,7173,τείχεος
21,100114997,close,7173,ἆσσον
22,100114998,went,7173,ἴσαν
23,100114999,shields,7173,σάκε’
24,100115000,shoulders,7173,ὤμοισι
25,100115001,slung,7173,κλίναντες
26,100115003,Hector,7174,Ἕκτορα
27,100115004,And,7174,δ’
28,100115005,his,7174,αὐτοῦ
29,100115007,destructive,7174,ὀλοιὴ
30,100115008,fate,7174,μοῖρα
31,100115009,bound,7174,πέδησεν
32,100115006,remain,7174,μεῖναι
33,100115010,Ilium,7174,Ἰλίου
34,100115011,before,7174,προπάροιθε
35,100115012,gates,7174,πυλάων
36,100115013,and,7174,τε
37,100115014,Scaean,7174,Σκαιάων
38,100115012,gates,7174,πυλάων
39,100115016,But,7175,αὐτὰρ
40,100115017,Peleus',7175,Πηλείωνα
41,100115017,son,7175,Πηλείωνα
42,100115018,addressed,7175,προσηύδα
43,100115019,Phoebus,7175,Φοῖβος
44,100115020,Apollo,7175,Ἀπόλλων
45,100115023,Why,7176,τίπτέ
46,100115024,me,7176,με
47,100115025,of,7176,Πηλέος
48,100115026,son,7176,υἱὲ
49,100115025,Peleus,7176,Πηλέος
50,100115027,feet,7176,ποσὶν
51,100115028,swift,7176,ταχέεσσι
52,100115029,pursuing,7176,διώκεις
53,100115030,yourself,7176,αὐτὸς
54,100115031,mortal,7176,θνητὸς
55,100115032,are,7176,ἐὼν
56,100115033,immortal,7176,θεὸν
57,100115034,god,7176,ἄμβροτον
58,100115029,are,7176,διώκεις
59,100115032,being,7176,ἐὼν
60,100115036,not,7177,οὐ
61,100115037,And,7177,-δέ
62,100115038,yet,7177,νύ
63,100115039,yet,7177,πώ
64,100115040,me,7177,με
65,100115041,recognized,7177,ἔγνως
66,100115042,as,7177,ὡς
67,100115043,a god,7177,θεός
68,100115044,god,7177,εἰμι
69,100115046,you,7177,σὺ
70,100115047,but,7177,δ’
71,100115048,reckless,7177,ἀσπερχὲς
72,100115049,persist,7177,μενεαίνεις
73,100115051,Yet,7178,ἦ
74,100115052,it,7178,νύ
75,100115053,you,7178,τοι
76,100115054,not,7178,οὔ
77,100115055,at all,7178,τι
78,100115056,concerns,7178,μέλει
79,100115058,toil,7178,πόνος
80,100115057,of the Trojans,7178,Τρώων
81,100115060,whom,7178,οὓς
82,100115061,you frightened,7178,ἐφόβησας
83,100115063,whom,7178,οἳ
84,100115064,indeed,7178,δή
85,100115065,have come,7178,τοι
86,100115066,to,7178,εἰς
87,100115067,the city,7178,ἄστυ
88,100115070,you,7178,σὺ
89,100115071,and,7178,δὲ
90,100115072,here,7178,δεῦρο
91,100115073,have lingered,7178,λιάσθης
92,100115078,kill,7179,κτενέεις
93,100115075,not,7179,οὐ
94,100115077,me,7179,με
95,100115080,for,7179,ἐπεὶ
96,100115084,am,7179,εἰμι
97,100115081,not,7179,οὔ
98,100115083,fated,7179,μόρσιμός
99,100115082,for,7179,τοι
100,100115087,him,7180,τὸν
101,100115088,But,7180,δὲ
102,100115089,greatly,7180,μέγ’
103,100115090,grieved,7180,ὀχθήσας
104,100115091,spoke,7180,προσέφη
105,100115092,footed,7180,πόδας
106,100115093,swift,7180,ὠκὺς
107,100115094,Achilles,7180,Ἀχιλλεύς
108,100115087,him,7180,τὸν
109,100115097,struck,7181,ἔβλαψάς
110,100115098,me,7181,μ’
111,100115099,Hecaeergus,7181,ἑκάεργε
112,100115100,of,7181,θεῶν
113,100115100,gods,7181,θεῶν
114,100115101,most ruinous,7181,ὀλοώτατε
115,100115102,all,7181,πάντων
116,100115105,turned,7181,τρέψας
117,100115105,me,7181,τρέψας
118,100115106,back,7181,ἀπὸ
119,100115106,from,7181,ἀπὸ
120,100115107,the wall,7181,τείχεος
121,100115103,here,7181,ἐνθάδε
122,100115104,now,7181,νῦν
123,100115112,Many,7182,πολλοὶ
124,100115110,would,7182,κ’
125,100115111,still,7182,ἔτι
126,100115115,have seized,7182,εἷλον
127,100115113,the land,7182,γαῖαν
128,100115116,before,7182,πρὶν
129,100115118,reaching,7182,εἰσαφικέσθαι
130,100115117,Ilium,7182,Ἴλιον
131,100115120,Now,7183,νῦν
132,100115121,but,7183,δ’
133,100115122,my,7183,ἐμὲ
134,100115123,my,7183,μὲν
135,100115124,great,7183,μέγα
136,100115125,glory,7183,κῦδος
137,100115126,take away,7183,ἀφείλεο
138,100115128,those,7183,τοὺς
139,100115129,save,7183,δὲ
140,100115130,have saved,7183,σάωσας
141,100115131,easily,7183,ῥηϊδίως
142,100115133,since,7183,ἐπεὶ
143,100115134,did not,7183,οὔ
144,100115135,any,7183,τι
145,100115136,vengeance,7183,τίσιν
146,100115137,did,7183,γ’
147,100115138,fear,7183,ἔδεισας
148,100115139,from behind,7183,ὀπίσσω
149,100115141,only,7184,ἦ
150,100115142,you,7184,σ’
151,100115143,would,7184,ἂν
152,100115144,pay,7184,τισαίμην
153,100115146,if,7184,εἴ
154,100115147,me,7184,μοι
155,100115148,power,7184,δύναμίς
156,100115149,only,7184,γε
157,100115150,come,7184,παρείη
158,100115177,Thus,7186,ὣς
159,100115178,Achilles,7186,Ἀχιλεὺς
160,100115179,swiftened,7186,λαιψηρὰ
161,100115180,feet,7186,πόδας
162,100115181,and,7186,καὶ
163,100115182,knees,7186,γούνατ’
164,100115186,But,7187,δ’
165,100115187,the,7187,ὃ
166,100115188,old,7187,γέρων
167,100115189,man,7187,Πρίαμος
168,100115190,Priam,7187,πρῶτος
169,100115191,first,7187,ἴδεν
170,100115192,saw,7187,ὀφθαλμοῖσι
171,100115185,him,7187,τὸν
172,100115193,with,7187,παμφαίνονθ’
173,100115194,his,7187,ὥς
174,100115195,eyes,7187,τ’
175,100115196,shining,7187,ἀστέρ’
176,100115197,forth,7187,ἐπεσσύμενον
177,100115198,like,7187,πεδίοιο
178,100115199,a,7187,","
179,100115200,star,7187,ὅς
180,100115201,speeding,7187,ῥά
181,100115202,across,7187,τ’
182,100115203,the,7187,ὀπώρης
183,100115204,plain,7187,εἶσιν
184,100115205,such,7187,","
185,100115206,stars,7187,ἀρίζηλοι
186,100115207,as,7187,δέ
187,100115208,there,7187,οἱ
188,100115209,are,7187,αὐγαὶ
189,100115210,in,7187,φαίνονται
190,100115211,autumn,7187,πολλοῖσι
191,100115212,whose,7187,μετ’
192,100115213,brilliant,7187,ἀστράσι
193,100115214,rays,7187,νυκτὸς
194,100115215,are,7187,ἀμολγῷ
195,100115216,visible,7187,","
196,100115217,to,7187,ὅν
197,100115218,many,7187,τε
198,100115219,amidst,7187,κύν’
199,100115220,the,7187,Ὠρίωνος
200,100115221,stars,7187,ἐπίκλησιν
201,100115222,of,7187,καλέουσι
202,100115223,the,7187,.
203,100115224,dark,7187,
204,100115225,night,7187,
205,100115226,they,7187,
206,100115227,call,7187,
207,100115228,him,7187,
208,100115229,by,7187,
209,100115230,the,7187,
210,100115231,name,7187,
211,100115232,'the,7187,
212,100115233,Dog,7187,
213,100115234,of,7187,
214,100115235,Orion.',7187,
215,100115226,he,7188,ὅ
216,100115228,is,7188,ἐστί
217,100115224,brilliant,7188,λαμπρότατος
218,100115230,bad,7188,κακὸν
219,100115233,omen,7188,σῆμα
220,100115234,has been fashioned,7188,τέτυκται
221,100115226,him,7188,ὅ
222,100115238,brings,7188,φέρει
223,100115239,great,7188,πολλὸν
224,100115240,fever,7188,πυρετὸν
225,100115241,fearful,7188,δειλοῖσι
226,100115242,mortals,7188,βροτοῖσιν
227,100115244,Thus,7189,ὣς
228,100115245,the,7189,τοῦ
229,100115246,bronze,7189,χαλκὸς
230,100115247,gleamed,7189,ἔλαμπε
231,100115248,around,7189,περὶ
232,100115249,chest,7189,στήθεσσι
233,100115250,running,7189,θέοντος
234,100115251,.,7189,.
235,100115252,groaned,7190,ᾤμωξεν
236,100115253,and,7190,δ’
237,100115254,The,7190,ὃ
238,100115255,old man,7190,γέρων
239,100115257,head,7190,κεφαλὴν
240,100115258,and,7190,δ’
241,100115259,he,7190,ὅ
242,100115261,struck,7190,κόψατο
243,100115262,hands,7190,χερσὶν
244,100115263,high,7190,ὑψόσ’
245,100115264,above,7190,ἀνασχόμενος
246,100115266,loud,7190,μέγα
247,100115267,and,7190,δ’
248,100115268,raising,7190,οἰμώξας
249,100115269,spoke,7190,ἐγεγώνει
250,100115270,beseeching,7190,λισσόμενος
251,100115271,dear,7190,φίλον
252,100115272,son,7190,υἱόν
253,100115275,But,7191,δὲ
254,100115274,he,7191,ὃ
255,100115278,stood,7191,ἑστήκει
256,100115276,before,7191,προπάροιθε
257,100115277,gates,7191,πυλάων
258,100115279,motionless,7191,ἄμοτον
259,100115280,eager,7191,μεμαὼς
260,100115282,fight,7191,μάχεσθαι
261,100115281,Achilles,7191,Ἀχιλῆϊ
262,100115285,But,7192,δ’
263,100115286,the,7192,ὃ
264,100115287,old,7192,γέρων
265,100115287,man,7192,γέρων
266,100115291,stretching,7192,ὀρεγνύς
267,100115284,his,7192,τὸν
268,100115290,hands,7192,χεῖρας
269,100115289,addressed,7192,προσηύδα
270,100115284,him,7192,τὸν
271,100115288,plea,7192,ἐλεεινὰ
272,100115294,Hector,7193,Ἕκτορ
273,100115295,not,7193,μή
274,100115297,stay,7193,μίμνε
275,100115298,dear,7193,φίλον
276,100115299,child,7193,τέκος
277,100115300,man,7193,ἀνέρα
278,100115301,this,7193,τοῦτον
279,100115302,alone,7193,οἶος
280,100115303,by,7193,ἄνευθ’
281,100115304,being,7193,ἄλλων
282,100115306,lest,7193,ἵνα
283,100115307,soon,7193,μὴ
284,100115308,suffer,7193,τάχα
285,100115309,fate,7193,πότμον
286,100115310,conquered,7193,ἐπίσπῃς
287,100115311,Achilles,7193,Πηλεΐωνι
288,100115312,conquered,7193,δαμείς
289,100115314,since,7193,ἐπεὶ
290,100115315,he,7193,ἦ
291,100115316,vastly,7193,πολὺ
292,100115317,stronger,7193,φέρτερός
293,100115318,and,7193,ἐστι
294,100115319,cruel,7193,σχέτλιος
295,100115320,than,7193,.
296,100115321,Would,7194,αἴθε
297,100115322,gods,7194,θεοῖσι
298,100115323,dear,7194,φίλος
299,100115324,much,7194,τοσσόνδε
300,100115325,become,7194,γένοιτο
301,100115326,as,7194,ὅσσον
302,100115327,me,7194,ἐμοί
303,100115329,Soon,7195,τάχα
304,100115330,would,7195,κέν
305,100115331,him,7195,ἑ
306,100115332,dogs,7195,κύνες
307,100115333,and,7195,καὶ
308,100115334,vultures,7195,γῦπες
309,100115335,eaten,7195,ἔδοιεν
310,100115336,lying,7195,κείμενον
311,100115330,have,7195,κέν
312,100115340,me,7196,μοι
313,100115341,sweet,7196,αἰνὸν
314,100115342,from,7196,ἀπὸ
315,100115343,mind,7196,πραπίδων
316,100115344,grief,7196,ἄχος
317,100115345,came,7196,ἔλθοι
318,100115347,Who,7197,ὅς
319,100115348,me,7197,μ’
320,100115349,sons,7197,υἱῶν
321,100115350,many,7197,πολλῶν
322,100115351,both,7197,τε
323,100115352,and,7197,καὶ
324,100115353,noble,7197,ἐσθλῶν
325,100115354,bed,7197,εὖνιν
326,100115355,set up,7197,ἔθηκε
327,100115356,killing,7197,κτείνων
328,100115357,and,7197,καὶ
329,100115358,selling,7197,περνὰς
330,100115359,islands,7197,νήσων
331,100115360,on,7197,ἔπι
332,100115361,distant,7197,τηλεδαπάων
333,100115363,For,7198,καὶ
334,100115364,now,7198,γὰρ
335,100115365,now,7198,νῦν
336,100115366,two,7198,δύο
337,100115367,sons,7198,παῖδε
338,100115368,Lycaon,7198,Λυκάονα
339,100115369,and,7198,καὶ
340,100115370,Polydorus,7198,Πολύδωρον
341,100115371,not,7198,οὐ
342,100115372,I cannot,7198,δύναμαι
343,100115373,see,7198,ἰδέειν
344,100115374,Trojans,7198,Τρώων
345,100115375,in,7198,εἰς
346,100115376,city,7198,ἄστυ
347,100115377,gathering,7198,ἀλέντων
348,100115379,my,7198,τούς
349,100115380,me,7198,μοι
350,100115381,Laodice,7198,Λαοθόη
351,100115382,bore,7198,τέκετο
352,100115383,wife,7198,κρείουσα
353,100115384,of women,7198,γυναικῶν
354,100115386,But,7199,ἀλλ’
355,100115387,if,7199,εἰ
356,100115388,they,7199,μὲν
357,100115389,are,7199,ζώουσι
358,100115390,inside,7199,μετὰ
359,100115391,the,7199,στρατῷ
360,100115393,or,7199,ἦ
361,100115394,if,7199,τ’
362,100115395,shall,7199,ἂν
363,100115396,later,7199,ἔπειτα
364,100115397,them,7199,χαλκοῦ
365,100115398,from,7199,τε
366,100115399,bronze,7199,χρυσοῦ
367,100115400,and,7199,τ’
368,100115401,ransom,7199,ἀπολυσόμεθ’
369,100115402,from,7199,","
370,100115403,gold,7199,ἔστι
371,100115404,for,7199,γὰρ
372,100115405,they,7199,ἔνδον
373,100115406,are,7199,.
374,100115407,inside,7199,
375,100115408,For,7200,γὰρ
376,100115407,many,7200,πολλὰ
377,100115407,things,7200,πολλὰ
378,100115411,old,7200,γέρων
379,100115412,famous-sounding,7200,ὀνομάκλυτος
380,100115413,Altes,7200,Ἄλτης
381,100115409,promise,7200,ὤπασε
382,100115410,son,7200,παιδὶ
383,100115415,if,7201,εἰ
384,100115416,And,7201,δ’
385,100115417,indeed,7201,ἤδη
386,100115418,they,7201,τεθνᾶσι
387,100115419,and,7201,καὶ
388,100115420,in,7201,εἰν
389,100115421,Hades,7201,Ἀΐδαο
390,100115422,houses,7201,δόμοισιν
391,100115424,grief,7201,ἄλγος
392,100115425,my,7201,ἐμῷ
393,100115426,heart,7201,θυμῷ
394,100115427,and,7201,καὶ
395,100115428,mother,7201,μητέρι
396,100115429,whom,7201,τοὶ
397,100115430,bore,7201,τεκόμεσθα
398,100115432,men,7202,λαοῖσιν
399,100115433,But,7202,δ’
400,100115434,other,7202,ἄλλοισι
401,100115435,fleeting,7202,μινυνθαδιώτερον
402,100115436,grief,7202,ἄλγος
403,100115437,will be,7202,ἔσσεται
404,100115439,unless,7202,ἢν
405,100115440,not,7202,μὴ
406,100115441,also,7202,καὶ
407,100115442,you,7202,σὺ
408,100115443,die,7202,θάνῃς
409,100115444,Achilles,7202,Ἀχιλῆϊ
410,100115445,conquered,7202,δαμασθείς
411,100115447,But,7203,ἀλλ’
412,100115448,enter,7203,εἰσέρχεο
413,100115449,wall,7203,τεῖχος
414,100115450,my,7203,ἐμὸν
415,100115451,child,7203,τέκος
416,100115453,so,7203,ὄφρα
417,100115454,may,7203,σαώσῃς
418,100115455,Trojans,7203,Τρῶας
419,100115456,and,7203,καὶ
420,100115457,Trojan,7203,Τρῳάς
421,100115459,not,7203,μὴ
422,100115460,do,7203,δὲ
423,100115461,great,7203,μέγα
424,100115462,glory,7203,κῦδος
425,100115463,provoke,7203,ὀρέξῃς
426,100115464,son,7203,Πηλεΐδῃ
427,100115466,yourself,7203,αὐτὸς
428,100115467,but,7203,δὲ
429,100115468,dear,7203,φίλης
430,100115469,life,7203,αἰῶνος
431,100115470,forgotten,7203,ἀμερθῇς
432,100115473,And,7204,δ’
433,100115479,have pity,7204,ἐλέησον
434,100115474,on me,7204,ἐμὲ
435,100115475,the,7204,τὸν
436,100115476,wretched,7204,δύστηνον
437,100115477,still,7204,ἔτι
438,100115478,conscious,7204,φρονέοντ’
439,100115473,destined,7204,δ’
440,100115475,my,7204,τὸν
441,100115476,wretched,7204,δύστηνον
442,100115480,fate,7204,δύσμορον
443,100115482,whom,7204,ὅν
444,100115484,Cronion's,7204,πατὴρ
445,100115485,son,7204,Κρονίδης
446,100115486,to die,7204,ἐπὶ
447,100115488,on the threshold,7204,οὐδῷ
448,100115487,of old age,7204,γήραος
449,100115493,evils,7204,κακὰ
450,100115494,many,7204,πόλλ’
451,100115495,seeing,7204,ἐπιδόντα
452,100115496,his sons,7204,υἷάς
453,100115498,being destroyed,7204,ὀλλυμένους
454,100115501,his daughters,7204,θύγατρας
455,100115499,dragged away,7204,ἑλκηθείσας
456,100115504,his chambers,7204,θαλάμους
457,100115505,being plundered,7204,κεραϊζομένους
458,100115503,and,7204,καὶ
459,100115508,his helpless,7204,νήπια
460,100115509,children,7204,τέκνα
461,100115510,being cast,7204,βαλλόμενα
462,100115511,before,7204,προτὶ
463,100115512,the ground,7204,γαίῃ
464,100115513,in the midst of,7204,ἐν
465,100115515,the battle,7204,δηϊοτῆτι
466,100115507,and,7204,καὶ
467,100115519,his daughters-in-law,7204,νυοὺς
468,100115517,being dragged away,7204,ἑλκομένας
469,100115520,destructive,7204,ὀλοῇς
470,100115521,by,7204,ὑπὸ
471,100115522,the hands,7204,χερσὶν
472,100115523,of the Achaeans,7204,Ἀχαιῶν
473,100115525,he,7205,αὐτὸν
474,100115526,But,7205,δ’
475,100115527,shall,7205,ἂν
476,100115528,last,7205,πύματόν
477,100115529,him,7205,με
478,100115530,dogs,7205,κύνες
479,100115531,first,7205,πρώτῃσι
480,100115532,dogs,7205,θύρῃσιν
481,100115533,devoured,7205,ὠμησταὶ
482,100115534,devour,7205,ἐρύουσιν
483,100115536,whenever,7205,ἐπεί
484,100115537,one,7205,κέ
485,100115538,one,7205,τις
486,100115539,sharp,7205,ὀξέϊ
487,100115540,sharp,7205,χαλκῷ
488,100115541,striking,7205,τύψας
489,100115542,or,7205,ἠὲ
490,100115543,casting,7205,βαλὼν
491,100115544,face,7205,ῥεθέων
492,100115545,from,7205,ἐκ
493,100115546,life,7205,θυμὸν
494,100115547,taken,7205,ἕληται
495,100115549,those,7205,οὓς
496,100115550,nourished,7205,τρέφον
497,100115551,in,7205,ἐν
498,100115552,halls,7205,μεγάροισι
499,100115553,table-keepers,7205,τραπεζῆας
500,100115554,door-keepers,7205,θυραωρούς
501,100115556,those,7205,οἵ
502,100115557,having,7205,κ’
503,100115558,my,7205,ἐμὸν
504,100115559,blood,7205,αἷμα
505,100115560,drunk,7205,πιόντες
506,100115561,groaning,7205,ἀλύσσοντες
507,100115562,around,7205,περὶ
508,100115563,house,7205,θυμῷ
509,100115564,lie,7205,κείσοντ’
510,100115565,in,7205,ἐν
511,100115566,doorway,7205,προθύροισι
512,100115588,But,7208,ἀλλ’
513,100115589,when,7208,ὅτε
514,100115591,gray,7208,πολιόν
515,100115593,hair,7208,κάρη
516,100115594,gray,7208,πολιόν
517,100115596,beard,7208,γένειον
518,100115597,shame,7208,αἰδῶ
519,100115599,shame,7208,αἰσχύνωσι
520,100115600,dogs,7208,κύνες
521,100115601,slain,7208,κταμένοιο
522,100115602,old man,7208,γέροντος
523,100115604,that,7208,τοῦτο
524,100115606,pitiable,7208,οἴκτιστον
525,100115607,becomes,7208,πέλεται
526,100115608,cowardly,7208,δειλοῖσι
527,100115609,mortals,7208,βροτοῖσιν
528,100115612,And,7209,ἦ
529,100115613,indeed,7209,ῥ’
530,100115614,the,7209,ὃ
531,100115615,old man,7209,γέρων
532,100115618,and,7209,δ’
533,100115619,then,7209,ἄρ’
534,100115620,out,7209,ἀνὰ
535,100115622,pulled,7209,ἕλκετο
536,100115621,hair,7209,τρίχας
537,100115617,grey,7209,πολιὰς
538,100115623,with his hands,7209,χερσὶ
539,100115624,pulling,7209,τίλλων
540,100115625,from,7209,ἐκ
541,100115626,his,7209,κεφαλῆς
542,100115626,head,7209,κεφαλῆς
543,100115628,But,7210,οὐ
544,100115629,But,7210,-δ’
545,100115630,Hector's,7210,Ἕκτορι
546,100115631,heart,7210,θυμὸν
547,100115632,persuade,7210,ἔπειθε
548,100115635,And,7211,δ’
549,100115634,the mother,7211,μήτηρ
550,100115637,from another side,7211,ἑτέρωθεν
551,100115636,again,7211,αὖθ’
552,100115638,lamented,7211,ὀδύρετο
553,100115640,pouring,7211,χέουσα
554,100115639,tears,7211,δάκρυ
555,100115642,loosening,7211,ἀνιεμένη
556,100115641,her bosom,7211,κόλπον
557,100115645,and,7211,δὲ
558,100115644,the other,7211,ἑτέρηφι
559,100115646,breast,7211,μαζὸν
560,100115647,held back,7211,ἀνέσχε
561,100115649,And,7212,καί
562,100115650,him,7212,μιν
563,100115651,tears,7212,δάκρυ
564,100115652,shedding,7212,χέουσ’
565,100115653,words,7212,ἔπεα
566,100115654,winged,7212,πτερόεντα
567,100115655,spoke,7212,προσηύδα
568,100115658,Hector,7213,Ἕκτορ
569,100115659,son,7213,τέκνον
570,100115660,my,7213,ἐμὸν
571,100115661,these,7213,τάδε
572,100115662,and,7213,τ’
573,100115663,revere,7213,αἴδεο
574,100115664,and,7213,καί
575,100115665,me,7213,μ’
576,100115666,have pity on,7213,ἐλέησον
577,100115667,that,7213,αὐτήν
578,100115669,if,7213,εἴ
579,100115670,ever,7213,ποτέ
580,100115671,I,7213,τοι
581,100115672,no,7213,λαθικηδέα
582,100115673,breast,7213,μαζὸν
583,100115674,held,7213,ἐπέσχον
584,100115677,Remember,7214,μνῆσαι
585,100115676,them,7214,τῶν
586,100115678,dear,7214,φίλε
587,100115679,child,7214,τέκνον
588,100115680,defend,7214,ἄμυνε
589,100115676,the,7214,τῶν
590,100115683,godlike,7214,ἄνδρα
591,100115682,man,7214,δήϊον
592,100115686,who,7214,ἐών
593,100115686,is,7214,ἐών
594,100115685,inside,7214,ἐντὸς
595,100115684,the,7214,τείχεος
596,100115684,wall,7214,τείχεος
597,100115689,but,7214,δὲ
598,100115688,do,7214,μὴ
599,100115688,not,7214,μὴ
600,100115691,stand,7214,ἵστασο
601,100115690,forth,7214,πρόμος
602,100115693,as,7214,σχέτλιος
603,100115690,a,7214,πρόμος
604,100115693,reckless,7214,σχέτλιος
605,100115690,champion,7214,πρόμος
606,100115692,against,7214,τούτῳ
607,100115692,him,7214,τούτῳ
608,100115697,For,7215,γάρ
609,100115695,if,7215,εἴ
610,100115696,even,7215,περ
611,100115698,you,7215,σε
612,100115699,kill,7215,κατακτάνῃ
613,100115704,I,7215,ἔγωγε
614,100115705,shall mourn,7215,κλαύσομαι
615,100115701,no longer,7215,οὔ
616,100115703,no longer,7215,ἔτ’
617,100115702,you,7215,σ’
618,100115706,in,7215,ἐν
619,100115707,bed,7215,λεχέεσσι
620,100115704,my,7215,ἔγωγε
621,100115713,my,7215,αὐτή
622,100115708,beloved,7215,φίλον
623,100115709,child,7215,θάλος
624,100115711,whom,7215,ὃν
625,100115712,bore,7215,τέκον
626,100115713,myself,7215,αὐτή
627,100115715,nor,7215,οὐ
628,100115716,nor,7215,-δ’
629,100115717,wife,7215,ἄλοχος
630,100115718,rich in gifts,7215,πολύδωρος
631,100115720,Far,7216,ἄνευθε
632,100115721,from,7216,δέ
633,100115722,you,7216,σε
634,100115723,great,7216,μέγα
635,100115724,mighty,7216,νῶϊν
636,100115726,near,7216,παρὰ
637,100115727,the,7216,νηυσὶ
638,100115725,Argives,7216,Ἀργείων
639,100115727,ships,7216,νηυσὶ
640,100115728,dogs,7216,κύνες
641,100115729,swift,7216,ταχέες
642,100115730,devour,7216,κατέδονται
643,100115722,you,7216,σε
644,100115733,Thus,7217,ὣς
645,100115734,his,7217,τώ
646,100115735,dear,7217,γε
647,100115736,weeping,7217,κλαίοντε
648,100115737,spoke,7217,προσαυδήτην
649,100115738,dear,7217,φίλον
650,100115739,son,7217,υἱὸν
651,100115740,many,7217,πολλὰ
652,100115741,pleading,7217,λισσομένω
653,100115744,And,7218,-δ’
654,100115743,not,7218,οὐ
655,100115747,persuade,7218,ἔπειθον
656,100115745,Hector,7218,Ἕκτορι
657,100115746,spirit,7218,θυμὸν
658,100115749,but,7218,ἀλλ’
659,100115750,he,7218,ὅ
660,100115752,remained,7218,μίμν’
661,100115756,waiting,7218,ἰόντα
662,100115753,Achilles,7218,Ἀχιλῆα
663,100115754,great,7218,πελώριον
664,100115755,near,7218,ἆσσον
665,100115758,Just,7219,ὡς
666,100115759,as,7219,δὲ
667,100115760,viper,7219,δράκων
668,100115761,on,7219,ἐπὶ
669,100115762,hole,7219,χειῇ
670,100115763,mountain,7219,ὀρέστερος
671,100115764,man,7219,ἄνδρα
672,100115765,awaits,7219,μένῃσι
673,100115766,having,7219,βεβρωκὼς
674,100115767,deadly,7219,κακὰ
675,100115768,poisons,7219,φάρμακ’
676,100115770,has,7219,ἔδυ
677,100115773,him,7219,μιν
678,100115774,anger,7219,χόλος
679,100115775,noxious,7219,αἰνός
680,100115777,dreadfully,7219,σμερδαλέον
681,100115779,gazes,7219,δέδορκεν
682,100115780,winding,7219,ἑλισσόμενος
683,100115781,round,7219,περὶ
684,100115782,hole,7219,χειῇ
685,100115784,Thus,7220,ὣς
686,100115787,holding,7220,ἔχων
687,100115786,unquenchable,7220,ἄσβεστον
688,100115788,spirit,7220,μένος
689,100115785,Hector,7220,Ἕκτωρ
690,100115789,did not,7220,οὐχ
691,100115790,retreat,7220,ὑπεχώρει
692,100115791,from,7220,πύργῳ
693,100115792,the,7220,ἔπι
694,100115793,projecting,7220,προὔχοντι
695,100115791,tower,7220,πύργῳ
696,100115796,having leaned,7220,ἐρείσας
697,100115794,bright,7220,φαεινὴν
698,100115795,shield,7220,ἀσπίδ’
699,100115793,against,7220,προὔχοντι
700,100115798,Angered,7221,ὀχθήσας
701,100115799,then,7221,δ’
702,100115800,then,7221,ἄρα
703,100115801,spoke,7221,εἶπε
704,100115802,to,7221,πρὸς
705,100115803,his,7221,ὃν
706,100115804,great-hearted,7221,μεγαλήτορα
707,100115805,spirit,7221,θυμόν
708,100115808,Alas,7222,ὤ
709,100115809,for me,7222,μοι
710,100115810,me,7222,ἐγών
711,100115812,if,7222,εἰ
712,100115813,indeed,7222,μέν
713,100115814,to go,7222,κε
714,100115815,the gates,7222,πύλας
715,100115816,and,7222,καὶ
716,100115817,the walls,7222,τείχεα
717,100115820,let Polydamas,7222,Πουλυδάμας
718,100115821,me,7222,μοι
719,100115822,the first,7222,πρῶτος
720,100115823,to hold,7222,ἐλεγχείην
721,100115824,back,7222,ἀναθήσει
722,100115826,who,7222,ὅς
723,100115827,me,7222,μ’
724,100115828,ordered,7222,ἐκέλευε
725,100115829,the Trojans,7222,Τρωσὶ
726,100115830,toward,7222,ποτὶ
727,100115831,the city,7222,πτόλιν
728,100115832,lead,7222,ἡγήσασθαι
729,100115833,night,7222,νύχθ’
730,100115834,under,7222,ὕπο
731,100115835,this,7222,τήνδ’
732,100115836,the ruinous,7222,ὀλοὴν
733,100115837,when,7222,ὅτε
734,100115838,he,7222,τ’
735,100115839,saw,7222,ὤρετο
736,100115840,mighty,7222,δῖος
737,100115841,Achilles,7222,Ἀχιλλεύς
738,100115843,But,7223,ἀλλ’
739,100115844,I,7223,ἐγὼ
740,100115845,not,7223,οὐ
741,100115846,obey,7223,πιθόμην
742,100115849,And,7224,τ’
743,100115848,indeed,7224,ἦ
744,100115850,would,7224,ἂν
745,100115853,have been,7224,ἦεν
746,100115851,much,7224,πολὺ
747,100115852,better,7224,κέρδιον
748,100115855,Now,7225,νῦν
749,100115856,since,7225,δ’
750,100115857,since,7225,ἐπεὶ
751,100115858,destroyed,7225,ὤλεσα
752,100115859,the people,7225,λαὸν
753,100115860,recklessness,7225,ἀτασθαλίῃσιν
754,100115861,own,7225,ἐμῇσιν
755,100115863,fear,7225,αἰδέομαι
756,100115864,Trojans,7225,Τρῶας
757,100115865,and,7225,καὶ
758,100115866,Trojan women,7225,Τρῳάδας
759,100115867,trailing robes,7225,ἑλκεσιπέπλους
760,100115869,lest,7225,μή
761,100115870,ever,7225,ποτέ
762,100115871,someone,7225,τις
763,100115872,say,7225,εἴπῃσι
764,100115873,worse,7225,κακώτερος
765,100115874,else,7225,ἄλλος
766,100115875,than,7225,ἐμεῖο
767,100115878,Hector,7226,Ἕκτωρ
768,100115879,his,7226,ἧφι
769,100115880,strength,7226,βίηφι
770,100115881,obeyed,7226,πιθήσας
771,100115882,destroyed,7226,ὤλεσε
772,100115883,people,7226,λαόν
773,100115886,Thus,7227,ὣς
774,100115887,say,7227,ἐρέουσιν
775,100115890,But,7228,δὲ
776,100115889,me,7228,ἐμοὶ
777,100115891,at that time,7228,τότ’
778,100115892,would have been,7228,ἂν
779,100115893,far better,7228,πολὺ
780,100115894,better,7228,κέρδιον
781,100115895,been,7228,εἴη
782,100115900,to have gone,7228,νέεσθαι
783,100115896,face,7228,ἄντην
784,100115898,Achilles,7228,Ἀχιλῆα
785,100115899,having slain him,7228,κατακτείναντα
786,100115897,or,7228,ἢ
787,100115902,perhaps,7228,ἠέ
788,100115903,to have perished,7228,κεν
789,100115905,perished,7228,ὀλέσθαι
790,100115906,in glorious fashion,7228,ἐϋκλειῶς
791,100115907,before,7228,πρὸ
792,100115908,the city,7228,πόληος
793,100115911,But,7229,δέ
794,100115912,if,7229,κεν
795,100115915,lay,7229,καταθείομαι
796,100115913,shield,7229,ἀσπίδα
797,100115916,bossed,7229,ὀμφαλόεσσαν
798,100115918,helmet,7229,κόρυθα
799,100115919,sturdy,7229,βριαρήν
800,100115921,spear,7229,δόρυ
801,100115923,against,7229,πρὸς
802,100115924,wall,7229,τεῖχος
803,100115925,leaning,7229,ἐρείσας
804,100115926,myself,7229,αὐτὸς
805,100115927,go,7229,ἰὼν
806,100115930,face,7229,ἀντίος
807,100115928,Achilles,7229,Ἀχιλῆος
808,100115929,blameless,7229,ἀμύμονος
809,100115934,promise,7229,ὑπόσχωμαι
810,100115933,him,7229,οἱ
811,100115935,Helen,7229,Ἑλένην
812,100115939,her,7229,αὐτῇ
813,100115937,possessions,7229,κτήμαθ’
814,100115941,all,7229,πάντα
815,100115943,that,7229,ὅσσά
816,100115945,Alexander,7229,Ἀλέξανδρος
817,100115949,brought,7229,ἠγάγετο
818,100115948,ships,7229,νηυσὶν
819,100115946,hollow,7229,κοίλῃς
820,100115950,Troy,7229,Τροίηνδ’
821,100115952,which,7229,ἥ
822,100115954,were,7229,ἔπλετο
823,100115956,beginning,7229,ἀρχή
824,100115955,strife,7229,νείκεος
825,100115958,to give,7229,δωσέμεν
826,100115959,to the Atreidae,7229,Ἀτρεΐδῃσιν
827,100115960,lead,7229,ἄγειν
828,100115962,at the same time,7229,ἅμα
829,100115967,give back,7229,ἀποδάσσεσθαι
830,100115968,things,7229,ὅσα
831,100115965,Achaeans,7229,Ἀχαιοῖς
832,100115966,other,7229,ἄλλ’
833,100115971,this,7229,ἥδε
834,100115970,city,7229,πτόλις
835,100115972,holds,7229,κέκευθε
836,100115974,Trojans,7230,Τρωσὶν
837,100115975,And,7230,δ’
838,100115976,for,7230,αὖ
839,100115977,behind,7230,μετόπισθε
840,100115978,them,7230,γερούσιον
841,100115979,oath,7230,ὅρκον
842,100115980,choose,7230,ἕλωμαι
843,100115981,nothing,7230,μή
844,100115982,nothing,7230,τι
845,100115983,conceal,7230,κατακρύψειν
846,100115985,but,7230,ἀλλ’
847,100115986,unjustly,7230,ἄνδιχα
848,100115987,all,7230,πάντα
849,100115988,distribute,7230,δάσασθαι
850,100115989,possessions,7230,κτῆσιν
851,100115990,whatever,7230,ὅσην
852,100115991,city,7230,πτολίεθρον
853,100115992,fortified,7230,ἐπήρατον
854,100115993,within,7230,ἐντὸς
855,100115994,contains,7230,ἐέργει
856,100115996,But,7231,ἀλλὰ
857,100115998,surely,7231,ἤ
858,100115999,my,7231,μοι
859,100116003,heart,7231,θυμός
860,100116002,spoke,7231,διελέξατο
861,100116000,these,7231,ταῦτα
862,100116001,things,7231,φίλος
863,100115999,me,7231,μοι
864,100116005,not,7232,μή
865,100116006,me,7232,μιν
866,100116007,I,7232,ἐγὼ
867,100116009,come,7232,ἵκωμαι
868,100116010,let,7232,ἰών
869,100116012,he,7232,ὃ
870,100116013,but,7232,δέ
871,100116014,me,7232,μ’
872,100116015,not,7232,οὐκ
873,100116016,pity,7232,ἐλεήσει
874,100116017,nor,7232,οὐ
875,100116018,will,7232,-δέ
876,100116019,hold,7232,τί
877,100116020,me,7232,μ’
878,100116021,reverence,7232,αἰδέσεται
879,100116023,kill,7232,κτενέει
880,100116024,while,7232,δέ
881,100116025,me,7232,με
882,100116026,naked,7232,γυμνὸν
883,100116027,am,7232,ἐόντα
884,100116028,just,7232,αὔτως
885,100116029,like,7232,ὥς
886,100116030,a,7232,τε
887,100116031,woman,7232,γυναῖκα
888,100116033,since,7232,ἐπεί
889,100116034,have,7232,κ’
890,100116035,lost,7232,ἀπὸ
891,100116036,armor,7232,τεύχεα
892,100116039,not,7233,οὐ
893,100116041,possible,7233,πως
894,100116042,now,7233,νῦν
895,100116043,is,7233,ἔστιν
896,100116044,from,7233,ἀπὸ
897,100116045,oak,7233,δρυὸς
898,100116046,nor,7233,οὐ
899,100116047,nor,7233,-δ’
900,100116048,from,7233,ἀπὸ
901,100116049,rock,7233,πέτρης
902,100116050,us,7233,τῷ
903,100116051,to be together,7233,ὀαριζέμεναι
904,100116053,for,7233,ἅ
905,100116054,and,7233,τε
906,100116055,maiden,7233,παρθένος
907,100116056,young man,7233,ἠΐθεός
908,100116057,and,7233,τε
909,100116058,maiden,7233,παρθένος
910,100116059,young man,7233,ἠΐθεός
911,100116060,were,7233,τ’
912,100116061,together,7233,ὀαρίζετον
913,100116062,with each other,7233,ἀλλήλοιιν
914,100116064,better,7234,βέλτερον
915,100116065,urge,7234,αὖτ’
916,100116066,strife,7234,ἔριδι
917,100116067,urge,7234,ξυνελαυνέμεν
918,100116068,whatever,7234,ὅττι
919,100116069,speed,7234,τάχιστα
920,100116071,know,7235,εἴδομεν
921,100116072,whenever,7235,ὁπποτέρῳ
922,100116073,might,7235,κεν
923,100116074,Olympian,7235,Ὀλύμπιος
924,100116075,glory,7235,εὖχος
925,100116076,extend,7235,ὀρέξῃ
926,100116079,Thus,7236,ὣς
927,100116080,stood,7236,ὅρμαινε
928,100116081,waiting,7236,μένων
929,100116083,he,7236,ὃ
930,100116084,and,7236,δέ
931,100116088,Achilles,7236,Ἀχιλλεὺς
932,100116089,equal,7236,ἶσος
933,100116090,to Ares,7236,Ἐνυαλίῳ
934,100116086,in,7236,σχεδὸν
935,100116091,the helm,7236,κορυθάϊκι
936,100116092,of war,7236,πτολεμιστῇ
937,100116087,drew near,7236,ἦλθεν
938,100116093,shaking,7236,σείων
939,100116094,the Pelian,7236,Πηλιάδα
940,100116095,ash spear,7236,μελίην
941,100116096,upon,7236,κατὰ
942,100116097,his right,7236,δεξιὸν
943,100116098,shoulder,7236,ὦμον
944,100116099,a fearsome weapon,7236,δεινήν
945,100116101,Around,7237,ἀμφὶ
946,100116102,him,7237,δὲ
947,100116103,bronze,7237,χαλκὸς
948,100116104,flashed,7237,ἐλάμπετο
949,100116105,like,7237,εἴκελος
950,100116106,light,7237,αὐγῇ
951,100116107,of,7237,ἢ
952,100116108,burning,7237,πυρὸς
953,100116109,fire,7237,αἰθομένου
954,100116110,or,7237,ἢ
955,100116111,of,7237,ἠελίου
956,100116112,rising,7237,ἀνιόντος
957,100116113,sun,7237,.
958,100116117,as,7238,ὡς
959,100116118,soon,7238,ἐνόησεν
960,100116118,as,7238,ἐνόησεν
961,100116118,perceived,7238,ἐνόησεν
962,100116114,Hector,7238,Ἕκτορα
963,100116121,trembling,7238,τρόμος
964,100116120,seized,7238,ἕλε
965,100116121,him,7238,τρόμος
966,100116123,no,7239,οὐ
967,100116124,But,7239,-δ’
968,100116125,longer,7239,ἄρ’
969,100116126,longer,7239,ἔτ’
970,100116127,dared,7239,ἔτλη
971,100116128,there,7239,αὖθι
972,100116129,stay,7239,μένειν
973,100116131,behind,7239,ὀπίσω
974,100116132,and,7239,δὲ
975,100116133,gates,7239,πύλας
976,100116134,left,7239,λίπε
977,100116136,went,7239,βῆ
978,100116137,away,7239,δὲ
979,100116138,terrified,7239,φοβηθείς
980,100116140,son of Peleus,7240,Πηλεΐδης
981,100116141,But,7240,δ’
982,100116142,ran,7240,ἐπόρουσε
983,100116143,feet,7240,ποσὶ
984,100116144,swift,7240,κραιπνοῖσι
985,100116145,trusting,7240,πεποιθώς
986,100116148,falcon,7241,κίρκος
987,100116150,swiftest,7241,ἐλαφρότατος
988,100116151,of birds,7241,πετεηνῶν
989,100116149,over the mountains,7241,ὄρεσφιν
990,100116152,swiftly,7241,ῥηϊδίως
991,100116147,Just as,7241,ἠΰτε
992,100116153,cried out,7241,οἴμησε
993,100116154,after,7241,μετὰ
994,100116155,spotted,7241,τρήρωνα
995,100116156,dove,7241,πέλειαν
996,100116159,which,7241,δέ
997,100116162,fears,7241,φοβεῖται
998,100116161,being beneath,7241,ὕπαιθα
999,100116164,the falcon,7241,ὃ
1000,100116168,having,7241,λεληκὼς
1001,100116167,sharply,7241,ὀξὺ
1002,100116166,from close by,7241,ἐγγύθεν
1003,100116170,strikes,7241,ἐπαΐσσει
1004,100116169,dark,7241,ταρφέ’
1005,100116170,woods,7241,ἐπαΐσσει
1006,100116173,and,7241,τέ
1007,100116175,heart,7241,θυμὸς
1008,100116176,urges,7241,ἀνώγει
1009,100116174,him,7241,ἑ
1010,100116172,to have mercy,7241,ἑλέειν
1011,100116178,So,7242,ὣς
1012,100116179,he,7242,ἄρ’
1013,100116180,flew,7242,ὅ
1014,100116181,straight,7242,γ’
1015,100116182,in his fury,7242,ἐμμεμαὼς
1016,100116183,but,7242,ἰθὺς
1017,100116186,Hector,7242,τρέσε
1018,100116187,fled,7242,δ’
1019,100116190,beneath,7242,ὕπο
1020,100116189,the wall,7242,τεῖχος
1021,100116191,of the Trojans,7242,Τρώων
1022,100116194,and,7242,δὲ
1023,100116193,his swift,7242,λαιψηρὰ
1024,100116195,knees,7242,γούνατ’
1025,100116196,gave way,7242,ἐνώμα
1026,100116199,But,7243,δὲ
1027,100116198,they,7243,οἳ
1028,100116211,rushed,7243,ἐσσεύοντο
1029,100116200,past,7243,παρὰ
1030,100116201,watchtower,7243,σκοπιὴν
1031,100116202,and,7243,καὶ
1032,100116203,ash,7243,ἐρινεὸν
1033,100116204,windy,7243,ἠνεμόεντα
1034,100116205,wall,7243,τείχεος
1035,100116206,always,7243,αἰὲν
1036,100116207,beneath,7243,ὑπ’
1037,100116208,down,7243,ἐκ
1038,100116209,the,7243,κατ’
1039,100116210,chariot-track,7243,ἀμαξιτὸν
1040,100116214,and,7243,δ’
1041,100116215,reached,7243,ἵκανον
1042,100116213,spring,7243,κρουνὼ
1043,100116216,fair-flowing,7243,καλλιρρόω
1044,100116218,There,7244,ἔνθα
1045,100116219,forth,7244,δὲ
1046,100116220,springs,7244,πηγαὶ
1047,100116221,two,7244,δοιαὶ
1048,100116222,bubble,7244,ἀναΐσσουσι
1049,100116223,Skamandros,7244,Σκαμάνδρου
1050,100116224,swirling,7244,δινήεντος
1051,100116226,it,7245,ἣ
1052,100116227,it,7245,μὲν
1053,100116228,For,7245,γάρ
1054,100116230,water,7245,ὕδατι
1055,100116231,warm,7245,λιαρῷ
1056,100116232,flows,7245,ῥέει
1057,100116235,and,7245,δὲ
1058,100116234,around,7245,ἀμφὶ
1059,100116239,it,7245,αὐτῆς
1060,100116236,smoke,7245,καπνὸς
1061,100116237,arises,7245,γίγνεται
1062,100116240,just,7245,ὡς
1063,100116238,from,7245,ἐξ
1064,100116243,burning,7245,αἰθομένοιο
1065,100116242,fire,7245,πυρὸς
1066,100116246,But,7246,δ’
1067,100116245,the,7246,ἣ
1068,100116247,other,7246,ἑτέρη
1069,100116249,pours,7246,προρέει
1070,100116248,forth,7246,θέρεϊ
1071,100116250,like,7246,ἐϊκυῖα
1072,100116251,hail,7246,χαλάζῃ
1073,100116255,cold,7246,ψυχρῇ
1074,100116254,snow,7246,χιόνι
1075,100116256,like,7246,ἢ
1076,100116259,ice,7246,κρυστάλλῳ
1077,100116257,from,7246,ἐξ
1078,100116258,water,7246,ὕδατος
1079,100116261,There,7247,ἔνθα
1080,100116263,beside,7247,ἐπ’
1081,100116264,them,7247,αὐτάων
1082,100116265,washing basins,7247,πλυνοὶ
1083,100116266,broad,7247,εὐρέες
1084,100116269,beautiful,7247,καλοὶ
1085,100116268,lie,7247,ἔασι
1086,100116272,where,7247,ὅθι
1087,100116277,wives,7247,ἄλοχοι
1088,100116280,daughters,7247,θύγατρες
1089,100116276,Trojans,7247,Τρώων
1090,100116278,fair,7247,καλαί
1091,100116275,wash,7247,πλύνεσκον
1092,100116274,shimmering,7247,σιγαλόεντα
1093,100116273,garments,7247,εἵματα
1094,100116282,before,7247,πρὶν
1095,100116287,sons,7247,υἷας
1096,100116288,Achaeans,7247,Ἀχαιῶν
1097,100116286,came,7247,ἐλθεῖν
1098,100116295,But,7248,δ’
1099,100116294,he,7248,ὃ
1100,100116293,fleeing,7248,φεύγων
1101,100116292,ran past,7248,παραδραμέτην
1102,100116290,him,7248,τῇ
1103,100116297,pursued,7248,διώκων
1104,100116296,from behind,7248,ὄπισθε
1105,100116299,In front,7249,πρόσθε
1106,100116300,the,7249,μὲν
1107,100116301,better man,7249,ἐσθλὸς
1108,100116302,fled,7249,ἔφευγε
1109,100116304,he pursued,7249,δίωκε
1110,100116305,but,7249,δέ
1111,100116306,him,7249,μιν
1112,100116307,far,7249,μέγ’
1113,100116308,better,7249,ἀμείνων
1114,100116309,swiftly,7249,καρπαλίμως
1115,100116311,for,7249,ἐπεὶ
1116,100116312,do not,7249,οὐχ
1117,100116313,sacred victim,7249,ἱερήϊον
1118,100116314,or,7249,οὐ
1119,100116315,cattle,7249,-δὲ
1120,100116316,cattle,7249,βοείην
1121,100116317,contend,7249,ἀρνύσθην
1122,100116319,which,7249,ἅ
1123,100116320,that,7249,τε
1124,100116321,with their feet,7249,ποσσὶν
1125,100116322,prizes,7249,ἀέθλια
1126,100116323,become,7249,γίγνεται
1127,100116324,for men,7249,ἀνδρῶν
1128,100116326,but,7249,ἀλλὰ
1129,100116327,for,7249,περὶ
1130,100116328,life,7249,ψυχῆς
1131,100116329,god-like,7249,θέον
1132,100116330,Hector,7249,Ἕκτορος
1133,100116331,tamer of horses,7249,ἱπποδάμοιο
1134,100116333,as,7250,ὡς
1135,100116334,as,7250,δ’
1136,100116335,when,7250,ὅτ’
1137,100116336,prize-winning,7250,ἀεθλοφόροι
1138,100116337,around,7250,περὶ
1139,100116338,turning-posts,7250,τέρματα
1140,100116339,single-hoofed,7250,μώνυχες
1141,100116340,horses,7250,ἵπποι
1142,100116341,swiftly,7250,ῥίμφα
1143,100116343,run,7250,τρωχῶσι
1144,100116346,But,7251,δὲ
1145,100116345,the,7251,τὸ
1146,100116347,great,7251,μέγα
1147,100116349,prize,7251,ἄεθλον
1148,100116348,lies,7251,κεῖται
1149,100116350,either,7251,ἢ
1150,100116351,a,7251,τρίπος
1151,100116351,tripod,7251,τρίπος
1152,100116352,or,7251,ἠὲ
1153,100116353,the,7251,γυνὴ
1154,100116353,wife,7251,γυνὴ
1155,100116354,of,7251,ἀνδρὸς
1156,100116354,a,7251,ἀνδρὸς
1157,100116354,man,7251,ἀνδρὸς
1158,100116355,who,7251,κατατεθνηῶτος
1159,100116355,has,7251,κατατεθνηῶτος
1160,100116355,died,7251,κατατεθνηῶτος
1161,100116357,Thus,7252,ὣς
1162,100116358,did they whirl,7252,τὼ
1163,100116359,three times,7252,τρὶς
1164,100116360,Priam,7252,Πριάμοιο
1165,100116361,city,7252,πόλιν
1166,100116362,around,7252,πέρι
1167,100116363,whirl,7252,δινηθήτην
1168,100116364,swift,7252,καρπαλίμοισι
1169,100116365,feet,7252,πόδεσσι
1170,100116367,gods,7253,θεοὶ
1171,100116368,And,7253,δ’
1172,100116370,all,7253,πάντες
1173,100116369,the,7253,ἐς
1174,100116371,were seen,7253,ὁρῶντο
1175,100116373,them,7254,τοῖσι
1176,100116374,the,7254,δὲ
1177,100116377,father,7254,πατὴρ
1178,100116378,of,7254,ἀνδρῶν
1179,100116375,men,7254,μύθων
1180,100116379,and,7254,τε
1181,100116380,gods,7254,θεῶν
1182,100116376,began,7254,ἦρχε
1183,100116381,to,7254,τε
1184,100116384,By,7255,ὢ
1185,100116385,Alas,7255,πόποι
1186,100116386,I,7255,ἦ
1187,100116387,dear,7255,φίλον
1188,100116388,man,7255,ἄνδρα
1189,100116389,pursued,7255,διωκόμενον
1190,100116390,around,7255,περὶ
1191,100116391,wall,7255,τεῖχος
1192,100116392,eyes,7255,ὀφθαλμοῖσιν
1193,100116393,see,7255,ὁρῶμαι
1194,100116396,But,7256,δ’
1195,100116395,my,7256,ἐμὸν
1196,100116398,heart,7256,ἦτορ
1197,100116397,is weeping,7256,ὀλοφύρεται
1198,100116399,for Hector,7256,Ἕκτορος
1199,100116401,who,7256,ὅς
1200,100116403,often,7256,πολλὰ
1201,100116404,crying out,7256,βοῶν
1202,100116407,used to burn,7256,ἔκηεν
1203,100116406,the thighs,7256,μηρί’
1204,100116404,of oxen,7256,βοῶν
1205,100116405,on,7256,ἐπὶ
1206,100116410,the peaks,7256,κορυφῇσι
1207,100116408,of the,7256,Ἴδης
1208,100116411,many-folded,7256,πολυπτύχου
1209,100116408,Ida,7256,Ἴδης
1210,100116414,and,7256,δ’
1211,100116413,at other times,7256,ἄλλοτε
1212,100116415,again,7256,αὖτε
1213,100116416,on,7256,ἐν
1214,100116418,the highest,7256,ἀκροτάτῃ
1215,100116417,summit,7256,πόλει
1216,100116417,of the city,7256,πόλει
1217,100116420,Now,7257,νῦν
1218,100116421,again,7257,αὖτέ
1219,100116424,Achilles,7257,Ἀχιλλεὺς
1220,100116423,godlike,7257,δῖος
1221,100116430,pursued,7257,διώκει
1222,100116425,city,7257,ἄστυ
1223,100116428,feet,7257,ποσὶν
1224,100116429,swift,7257,ταχέεσσι
1225,100116427,the,7257,Πριάμοιο
1226,100116426,with,7257,πέρι
1227,100116422,his,7257,ἑ
1228,100116432,But,7258,ἀλλ’
1229,100116433,come,7258,ἄγετε
1230,100116434,deliberate,7258,φράζεσθε
1231,100116435,gods,7258,θεοὶ
1232,100116436,and,7258,καὶ
1233,100116437,take counsel,7258,μητιάασθε
1234,100116438,whether,7258,ἠέ
1235,100116439,him,7258,μιν
1236,100116440,from,7258,ἐκ
1237,100116441,death,7258,θανάτοιο
1238,100116442,save,7258,σαώσομεν
1239,100116444,whether,7258,ἦέ
1240,100116445,him,7258,μιν
1241,100116446,now,7258,ἤδη
1242,100116447,noble,7258,Πηλεΐδῃ
1243,100116448,Achilles,7258,Ἀχιλῆϊ
1244,100116449,subdue,7258,δαμάσσομεν
1245,100116450,noble,7258,ἐσθλὸν
1246,100116451,as,7258,ἐόντα
1247,100116454,him,7259,τὸν
1248,100116455,And,7259,δ’
1249,100116456,in turn,7259,αὖτε
1250,100116457,spoke,7259,προσέειπε
1251,100116458,goddess,7259,θεὰ
1252,100116459,grey-eyed,7259,γλαυκῶπις
1253,100116460,Athena,7259,Ἀθήνη
1254,100116463,O,7260,ὦ
1255,100116464,father,7260,πάτερ
1256,100116465,silver,7260,ἀργικέραυνε
1257,100116465,lightning,7260,ἀργικέραυνε
1258,100116466,dark-clouded,7260,κελαινεφὲς
1259,100116467,such,7260,οἷον
1260,100116467,things,7260,οἷον
1261,100116468,spoken,7260,ἔειπες
1262,100116470,mortal,7261,ἄνδρα
1263,100116471,mortal,7261,θνητὸν
1264,100116472,who were,7261,ἐόντα
1265,100116473,long ago,7261,πάλαι
1266,100116474,destined,7261,πεπρωμένον
1267,100116475,fate,7261,αἴσῃ
1268,100116476,now,7261,ἂψ
1269,100116477,wish,7261,ἐθέλεις
1270,100116478,death,7261,θανάτοιο
1271,100116479,bitter,7261,δυσηχέος
1272,100116480,release,7261,ἐξαναλῦσαι
1273,100116481,?,7261,;
1274,100116482,Do,7262,ἔρδ’
1275,100116484,But,7263,ἀτὰρ
1276,100116485,not,7263,οὔ
1277,100116486,you,7263,τοι
1278,100116487,all,7263,πάντες
1279,100116488,praise,7263,ἐπαινέομεν
1280,100116489,gods,7263,θεοὶ
1281,100116490,other,7263,ἄλλοι
1282,100116493,her,7264,τὴν
1283,100116495,answering,7264,ἀπαμειβόμενος
1284,100116497,cloud-gathering,7264,νεφεληγερέτα
1285,100116498,Zeus,7264,Ζεύς
1286,100116496,spoke,7264,προσέφη
1287,100116501,bold,7265,θάρσει
1288,100116502,Tritogeneia,7265,Τριτογένεια
1289,100116503,dear,7265,φίλον
1290,100116504,child,7265,τέκος
1291,100116506,not,7266,οὔ
1292,100116507,No,7266,νύ
1293,100116508,at all,7266,τι
1294,100116509,heart,7266,θυμῷ
1295,100116510,willing,7266,πρόφρονι
1296,100116511,speaking,7266,μυθέομαι
1297,100116513,wish,7266,ἐθέλω
1298,100116514,however,7266,δέ
1299,100116515,you,7266,τοι
1300,100116516,gentle,7266,ἤπιος
1301,100116517,be,7266,εἶναι
1302,100116519,Act,7267,ἔρξον
1303,100116520,where,7267,ὅπῃ
1304,100116521,now,7267,δή
1305,100116522,your,7267,τοι
1306,100116523,mind,7267,νόος
1307,100116524,has come to,7267,ἔπλετο
1308,100116526,not,7267,μὴ
1309,100116527,do,7267,δ’
1310,100116528,again,7267,ἔτ’
1311,100116529,ask,7267,ἐρώει
1312,100116532,Thus,7268,ὣς
1313,100116533,having spoken,7268,εἰπὼν
1314,100116534,urged,7268,ὄτρυνε
1315,100116535,forward,7268,πάρος
1316,100116536,eager,7268,μεμαυῖαν
1317,100116537,Athena,7268,Ἀθήνην
1318,100116539,went,7269,βῆ
1319,100116540,And,7269,δὲ
1320,100116541,down,7269,κατ’
1321,100116542,Olympus,7269,Οὐλύμποιο
1322,100116543,peaks,7269,καρήνων
1323,100116544,hastening,7269,ἀΐξασα
1324,100116546,Hector,7270,Ἕκτορα
1325,100116547,But,7270,δ’
1326,100116548,relentlessly,7270,ἀσπερχὲς
1327,100116549,shaking,7270,κλονέων
1328,100116550,pursued,7270,ἔφεπ’
1329,100116551,swift,7270,ὠκὺς
1330,100116552,Achilles,7270,Ἀχιλλεύς
1331,100116554,Just,7271,ὡς
1332,100116555,as,7271,δ’
1333,100116556,when,7271,ὅτε
1334,100116557,fawn,7271,νεβρὸν
1335,100116558,mountains,7271,ὄρεσφι
1336,100116559,dog,7271,κύων
1337,100116560,deer,7271,ἐλάφοιο
1338,100116561,chases,7271,δίηται
1339,100116562,rousing,7271,ὄρσας
1340,100116563,from,7271,ἐξ
1341,100116564,bed,7271,εὐνῆς
1342,100116565,through,7271,διά
1343,100116566,and,7271,τ’
1344,100116567,glens,7271,ἄγκεα
1345,100116568,and,7271,καὶ
1346,100116569,through,7271,διὰ
1347,100116570,thickets,7271,βήσσας
1348,100116573,And,7272,δ’
1349,100116574,even,7272,εἴ
1350,100116575,if,7272,πέρ
1351,100116577,slip,7272,λάθῃσι
1352,100116578,crouching,7272,καταπτήξας
1353,100116579,beneath,7272,ὑπὸ
1354,100116580,thickets,7272,θάμνῳ
1355,100116582,yet,7272,ἀλλά
1356,100116584,pursuing,7272,ἀνιχνεύων
1357,100116585,runs,7272,θέει
1358,100116586,steadfast,7272,ἔμπεδον
1359,100116587,until,7272,ὄφρά
1360,100116588,may,7272,κεν
1361,100116589,find,7272,εὕρῃ
1362,100116572,him,7272,τὸν
1363,100116591,Thus,7273,ὣς
1364,100116592,Hector,7273,Ἕκτωρ
1365,100116593,did not,7273,οὐ
1366,100116594,escape,7273,λῆθε
1367,100116595,swift-footed,7273,ποδώκεα
1368,100116596,son,7273,Πηλεΐωνα
1369,100116624,himself,7275,αὐτὸς
1370,100116625,He,7275,δὲ
1371,100116626,toward,7275,ποτὶ
1372,100116627,city,7275,πτόλιος
1373,100116628,flies,7275,πέτετ’
1374,100116629,constantly,7275,αἰεί
1375,100116631,Just,7276,ὡς
1376,100116632,as,7276,δ’
1377,100116633,in,7276,ἐν
1378,100116634,a dream,7276,ὀνείρῳ
1379,100116636,cannot,7276,δύναται
1380,100116638,pursue,7276,διώκειν
1381,100116637,fleeing,7276,φεύγοντα
1382,100116635,the,7276,οὐ
1383,100116640,cannot,7277,οὔ
1384,100116641,nor,7277,-τ’
1385,100116642,can,7277,ἄρ’
1386,100116643,he,7277,ὃ
1387,100116644,him,7277,τὸν
1388,100116645,flee,7277,δύναται
1389,100116646,flee,7277,ὑποφεύγειν
1390,100116647,nor,7277,οὔ
1391,100116648,can,7277,-θ’
1392,100116649,he,7277,ὃ
1393,100116650,pursue,7277,διώκειν
1394,100116652,Thus,7278,ὣς
1395,100116653,he,7278,ὃ
1396,100116656,was,7278,δύνατο
1397,100116654,him,7278,τὸν
1398,100116655,not,7278,οὐ
1399,100116656,able,7278,δύνατο
1400,100116657,seize,7278,μάρψαι
1401,100116658,with,7278,ποσίν
1402,100116658,his,7278,ποσίν
1403,100116658,feet,7278,ποσίν
1404,100116660,nor,7278,οὐ
1405,100116663,escape,7278,ἀλύξαι
1406,100116665,How,7279,πῶς
1407,100116667,could,7279,κεν
1408,100116668,Hector,7279,Ἕκτωρ
1409,100116669,fates,7279,κῆρας
1410,100116670,escaped,7279,ὑπεξέφυγεν
1411,100116671,death,7279,θανάτοιο
1412,100116673,if,7279,εἰ
1413,100116674,not,7279,μή
1414,100116675,him,7279,οἱ
1415,100116681,Apollo,7279,Ἀπόλλων
1416,100116682,close,7279,ἐγγύθεν
1417,100116684,who,7279,ὅς
1418,100116685,his,7279,οἱ
1419,100116686,strengthened,7279,ἐπῶρσε
1420,100116687,spirit,7279,μένος
1421,100116688,nimble,7279,λαιψηρά
1422,100116690,knees,7279,γοῦνα
1423,100116692,people,7280,λαοῖσιν
1424,100116693,But,7280,δ’
1425,100116694,shook,7280,ἀνένευε
1426,100116695,head,7280,καρήατι
1427,100116696,divine,7280,δῖος
1428,100116697,Achilles,7280,Ἀχιλλεύς
1429,100116699,not,7280,οὐ
1430,100116700,and,7280,-δ’
1431,100116701,allow,7280,ἔα
1432,100116702,send,7280,ἱέμεναι
1433,100116703,against,7280,ἐπὶ
1434,100116704,Hector,7280,Ἕκτορι
1435,100116705,bitter,7280,πικρὰ
1436,100116706,missiles,7280,βέλεμνα
1437,100116708,lest,7280,μή
1438,100116709,anyone,7280,τις
1439,100116710,snatch,7280,κῦδος
1440,100116711,glory,7280,ἄροιτο
1441,100116712,striking,7280,βαλών
1442,100116714,he,7280,ὃ
1443,100116715,and,7280,δὲ
1444,100116716,second,7280,δεύτερος
1445,100116717,come,7280,ἔλθοι
1446,100116719,But,7281,ἀλλ’
1447,100116720,when,7281,ὅτε
1448,100116721,indeed,7281,δὴ
1449,100116722,the,7281,τὸ
1450,100116723,fourth,7281,τέταρτον
1451,100116724,to,7281,ἐπὶ
1452,100116725,spouts,7281,κρουνοὺς
1453,100116726,had reached,7281,ἀφίκοντο
1454,100116728,and,7281,καὶ
1455,100116729,then,7281,τότε
1456,100116730,indeed,7281,δὴ
1457,100116731,golden,7281,χρύσεια
1458,100116732,Father,7281,πατὴρ
1459,100116733,held out,7281,ἐτίταινε
1460,100116734,scales,7281,τάλαντα
1461,100116736,in,7281,ἐν
1462,100116737,and,7281,δ’
1463,100116738,placed,7281,ἐτίθει
1464,100116739,two,7281,δύο
1465,100116740,fates,7281,κῆρε
1466,100116741,far-sounding,7281,τανηλεγέος
1467,100116742,death,7281,θανάτοιο
1468,100116744,one,7281,τὴν
1469,100116745,for,7281,μὲν
1470,100116746,Achilles,7281,Ἀχιλλῆος
1471,100116748,the other,7281,τὴν
1472,100116749,for,7281,δ’
1473,100116750,Hector,7281,Ἕκτορος
1474,100116751,taming,7281,ἱπποδάμοιο
1475,100116753,drew,7281,ἕλκε
1476,100116754,and,7281,δὲ
1477,100116755,middle,7281,μέσσα
1478,100116756,through,7281,λαβών
1479,100116761,fateful,7282,αἴσιμον
1480,100116760,Hector,7282,Ἕκτορος
1481,100116762,day,7282,ἦμαρ
1482,100116758,came,7282,ῥέπε
1483,100116759,and,7282,δ’
1484,100116764,departed,7282,ᾤχετο
1485,100116765,to,7282,δ’
1486,100116766,to,7282,εἰς
1487,100116767,Hades,7282,Ἀΐδαο
1488,100116770,but,7282,δέ
1489,100116772,Phoebus,7282,Φοῖβος
1490,100116773,Apollo,7282,Ἀπόλλων
1491,100116769,left,7282,λίπεν
1492,100116771,him,7282,ἑ
1493,100116775,son,7283,Πηλεΐωνα
1494,100116776,Then,7283,δ’
1495,100116777,reached,7283,ἵκανε
1496,100116778,goddess,7283,θεὰ
1497,100116779,gray-eyed,7283,γλαυκῶπις
1498,100116780,Athena,7283,Ἀθήνη
1499,100116783,and,7283,δ’
1500,100116784,standing,7283,ἱσταμένη
1501,100116782,nearby,7283,ἀγχοῦ
1502,100116785,words,7283,ἔπεα
1503,100116786,winged,7283,πτερόεντα
1504,100116787,addressed,7283,προσηύδα
1505,100116790,Now,7284,νῦν
1506,100116791,indeed,7284,δὴ
1507,100116793,hoped,7284,ἔολπα
1508,100116795,dear,7284,φίλε
1509,100116794,Zeus,7284,Διῒ
1510,100116796,shining,7284,φαίδιμ’
1511,100116797,Achilles,7284,Ἀχιλλεῦ
1512,100116798,bring,7284,οἴσεσθαι
1513,100116799,great,7284,μέγα
1514,100116800,glory,7284,κῦδος
1515,100116801,to the Achaeans,7284,Ἀχαιοῖσι
1516,100116805,killing,7284,δῃώσαντε
1517,100116804,Hector,7284,Ἕκτορα
1518,100116802,before,7284,προτὶ
1519,100116803,ships,7284,νῆας
1520,100116808,though,7284,περ
1521,100116807,unkillable,7284,ἄατόν
1522,100116809,being,7284,ἐόντα
1523,100116813,now,7285,νῦν
1524,100116814,yet,7285,ἔτι
1525,100116816,is,7285,ἔστι
1526,100116817,escape,7285,πεφυγμένον
1527,100116819,becoming,7285,γενέσθαι
1528,100116818,us,7285,ἄμμε
1529,100116821,nor,7285,οὐ
1530,100116823,would,7285,εἴ
1531,100116824,would,7285,κεν
1532,100116828,far-working,7285,ἑκάεργος
1533,100116829,Apollo,7285,Ἀπόλλων
1534,100116830,rolling,7285,προπροκυλινδόμενος
1535,100116831,father,7285,πατρὸς
1536,100116832,Zeus,7285,Διὸς
1537,100116833,aegis-bearer,7285,αἰγιόχοιο
1538,100116827,suffer,7285,πάθοι
1539,100116825,many,7285,μάλα
1540,100116826,things,7285,πολλὰ
1541,100116835,But,7286,ἀλλὰ
1542,100116836,you,7286,σὺ
1543,100116837,now,7286,μὲν
1544,100116838,now,7286,νῦν
1545,100116839,stand,7286,στῆθι
1546,100116840,and,7286,καὶ
1547,100116841,catch,7286,ἄμπνυε
1548,100116843,this,7286,τόνδε
1549,100116844,but,7286,δ’
1550,100116845,I,7286,ἐγώ
1551,100116846,man,7286,τοι
1552,100116847,as,7286,οἰχομένη
1553,100116848,persuade,7286,πεπιθήσω
1554,100116849,face,7286,ἐναντίβιον
1555,100116850,fight,7286,μαχέσασθαι
1556,100116853,So,7287,ὣς
1557,100116854,spoke,7287,φάτ’
1558,100116855,Athena,7287,Ἀθηναίη
1559,100116857,he,7287,ὃ
1560,100116858,and,7287,δ’
1561,100116859,obeyed,7287,ἐπείθετο
1562,100116861,rejoiced,7287,χαῖρε
1563,100116862,in,7287,δὲ
1564,100116863,spirit,7287,θυμῷ
1565,100116865,stood,7287,στῆ
1566,100116866,there,7287,δ’
1567,100116867,upon,7287,ἄρ’
1568,100116868,his,7287,ἐπὶ
1569,100116869,spear,7287,μελίης
1570,100116870,bronze-pointed,7287,χαλκογλώχινος
1571,100116871,one,7287,ἐρεισθείς
1572,100116874,But,7288,δ’
1573,100116873,she,7288,ἣ
1574,100116878,left,7288,ἔλειπε
1575,100116876,him,7288,τὸν
1576,100116880,caught,7288,κιχήσατο
1577,100116882,Hector,7288,Ἕκτορα
1578,100116883,divine,7288,δῖον
1579,100116885,resembling,7288,ἐϊκυῖα
1580,100116884,Deiphobus,7288,Δηϊφόβῳ
1581,100116886,body,7288,δέμας
1582,100116889,voice,7288,φωνήν
1583,100116891,nearby,7289,ἀγχοῦ
1584,100116893,Standing,7289,ἱσταμένη
1585,100116894,words,7289,ἔπεα
1586,100116895,winged,7289,πτερόεντα
1587,100116896,spoke,7289,προσηύδα
1588,100116899,Wretched,7290,ἠθεῖ’
1589,100116900,one,7290,ἦ
1590,100116905,swift,7290,ὠκὺς
1591,100116906,Achilles,7290,Ἀχιλλεὺς
1592,100116904,presses,7290,βιάζεται
1593,100116903,you,7290,σε
1594,100116901,very,7290,μάλα
1595,100116902,hard,7290,δή
1596,100116912,chasing,7290,διώκων
1597,100116903,you,7290,σε
1598,100116910,feet,7290,ποσὶν
1599,100116911,swift,7290,ταχέεσσι
1600,100116908,around,7290,πέρι
1601,100116907,city,7290,ἄστυ
1602,100116909,Priam,7290,Πριάμοιο
1603,100116914,But,7291,ἀλλ’
1604,100116915,come,7291,ἄγε
1605,100116916,come,7291,δὴ
1606,100116917,stand,7291,στέωμεν
1607,100116918,and,7291,καὶ
1608,100116919,defend,7291,ἀλεξώμεσθα
1609,100116920,remaining,7291,μένοντες
1610,100116923,her,7292,τὴν
1611,100116924,And,7292,δ’
1612,100116925,again,7292,αὖτε
1613,100116926,spoke,7292,προσέειπε
1614,100116927,great,7292,μέγας
1615,100116928,glistening,7292,κορυθαίολος
1616,100116929,Hector,7292,Ἕκτωρ
1617,100116932,Deiphobus,7293,Δηΐφοβ’
1618,100116934,for,7293,μέν
1619,100116940,you,7293,ἦσθα
1620,100116933,were,7293,ἦ
1621,100116935,to me,7293,μοι
1622,100116936,the,7293,τὸ
1623,100116938,very,7293,πολὺ
1624,100116939,dearest,7293,φίλτατος
1625,100116937,of those,7293,πάρος
1626,100116941,known,7293,γνωτῶν
1627,100116942,whom,7293,οὓς
1628,100116943,Hecabe,7293,Ἑκάβη
1629,100116944,and,7293,ἠδὲ
1630,100116945,Priam,7293,Πρίαμος
1631,100116946,bore,7293,τέκε
1632,100116947,as sons,7293,παῖδας
1633,100116949,Now,7294,νῦν
1634,100116950,however,7294,δ’
1635,100116951,even,7294,ἔτι
1636,100116952,more,7294,καὶ
1637,100116953,strongly,7294,μᾶλλον
1638,100116954,I think,7294,νοέω
1639,100116955,heart,7294,φρεσὶ
1640,100116956,honor,7294,τιμήσασθαι
1641,100116958,you,7294,ὃς
1642,100116959,dared,7294,ἔτλης
1643,100116960,my,7294,ἐμεῦ
1644,100116961,sake,7294,εἵνεκ’
1645,100116963,since,7294,ἐπεὶ
1646,100116964,saw,7294,ἴδες
1647,100116965,eyes,7294,ὀφθαλμοῖσι
1648,100116967,walls,7294,τείχεος
1649,100116968,leave,7294,ἐξελθεῖν
1650,100116970,others,7294,ἄλλοι
1651,100116971,while,7294,δ’
1652,100116972,inside,7294,ἔντοσθε
1653,100116973,remain,7294,μένουσι
1654,100116977,And,7295,δ’
1655,100116976,him,7295,τὸν
1656,100116978,in turn,7295,αὖτε
1657,100116979,spoke,7295,προσέειπε
1658,100116980,goddess,7295,θεὰ
1659,100116981,gray-eyed,7295,γλαυκῶπις
1660,100116982,Athena,7295,Ἀθήνη
1661,100116984,His,7296,
1662,100116985,revered,7296,ἠθεῖ’
1663,100116986,mother,7296,ἦ
1664,100116987,beseeched,7296,μὲν
1665,100116988,him,7296,πολλὰ
1666,100116989,father,7296,πατὴρ
1667,100116990,and,7296,καὶ
1668,100116991,his,7296,πότνια
1669,100116992,mother,7296,μήτηρ
1670,100116993,beseeched,7296,λίσσονθ’
1671,100116994,constantly,7296,ἑξείης
1672,100116995,kneeling,7296,γουνούμενοι
1673,100116997,at,7296,ἀμφὶ
1674,100116998,and,7296,δ’
1675,100116999,companions,7296,ἑταῖροι
1676,100117001,there,7296,αὖθι
1677,100117002,remain,7296,μένειν
1678,100117005,For,7297,γὰρ
1679,100117007,all,7297,ἅπαντες
1680,100117004,such,7297,τοῖον
1681,100117006,tremble,7297,ὑποτρομέουσιν
1682,100117006,beneath,7297,ὑποτρομέουσιν
1683,100117009,But,7298,ἀλλ’
1684,100117010,my,7298,ἐμὸς
1685,100117011,within,7298,ἔνδοθι
1686,100117012,spirit,7298,θυμὸς
1687,100117013,being consumed,7298,ἐτείρετο
1688,100117014,mourning,7298,πένθεϊ
1689,100117015,grievous,7298,λυγρῷ
1690,100117018,But,7299,δ’
1691,100117017,now,7299,νῦν
1692,100117020,eager,7299,μεμαῶτε
1693,100117019,straight,7299,ἰθὺς
1694,100117021,fight,7299,μαχώμεθα
1695,100117023,no,7299,μὴ
1696,100117025,any,7299,τι
1697,100117026,spears,7299,δούρων
1698,100117027,be,7299,ἔστω
1699,100117028,stinginess,7299,φειδωλή
1700,100117030,so that,7299,ἵνα
1701,100117031,know,7299,εἴδομεν
1702,100117032,whether,7299,εἴ
1703,100117033,whether,7299,κεν
1704,100117034,Achilles,7299,Ἀχιλλεὺς
1705,100117035,me,7299,νῶϊ
1706,100117036,slain,7299,κατακτείνας
1707,100117037,spoils,7299,ἔναρα
1708,100117038,bloody,7299,βροτόεντα
1709,100117039,carry,7299,φέρηται
1710,100117040,ships,7299,νῆας
1711,100117041,to,7299,ἔπι
1712,100117042,hollow,7299,γλαφυράς
1713,100117044,or,7299,ἦ
1714,100117045,whether,7299,κεν
1715,100117046,his,7299,σῷ
1716,100117047,spear,7299,δουρὶ
1717,100117048,subdued,7299,δαμήῃ
1718,100117051,So,7300,ὣς
1719,100117052,having spoken,7300,φαμένη
1720,100117053,she,7300,καὶ
1721,100117054,cunning,7300,κερδοσύνῃ
1722,100117055,thought,7300,ἡγήσατ’
1723,100117056,Athena,7300,Ἀθήνη
1724,100117059,But,7301,δ’
1725,100117060,when,7301,ὅτε
1726,100117058,they,7301,οἳ
1727,100117063,were,7301,ἦσαν
1728,100117066,come,7301,ἰόντες
1729,100117062,near,7301,σχεδὸν
1730,100117064,to,7301,ἐπ’
1731,100117065,one,7301,ἀλλήλοισιν
1732,100117065,another,7301,ἀλλήλοισιν
1733,100117066,while,7301,ἰόντες
1734,100117066,marching,7301,ἰόντες
1735,100117071,great,7301,μέγας
1736,100117072,crested,7301,κορυθαίολος
1737,100117073,helm,7301,Ἕκτωρ
1738,100117073,Hector,7301,Ἕκτωρ
1739,100117069,first,7301,πρότερος
1740,100117070,spoke,7301,προσέειπε
1741,100117070,to,7301,προσέειπε
1742,100117068,him,7301,τὸν
1743,100117076,no,7302,οὔ
1744,100117077,you,7302,σ’
1745,100117078,longer,7302,ἔτι
1746,100117081,fear,7302,φοβήσομαι
1747,100117079,of,7302,Πηλέος
1748,100117080,son,7302,υἱὲ
1749,100117079,Peleus,7302,Πηλέος
1750,100117083,as,7302,ὡς
1751,100117083,I,7302,ὡς
1752,100117096,have,7302,ποτ’
1753,100117097,done,7302,ἔτλην
1754,100117085,before,7302,πάρος
1755,100117087,three,7302,τρὶς
1756,100117088,times,7302,περὶ
1757,100117088,I,7302,περὶ
1758,100117088,went,7302,περὶ
1759,100117088,around,7302,περὶ
1760,100117090,great,7302,μέγα
1761,100117089,city,7302,ἄστυ
1762,100117091,of,7302,Πριάμου
1763,100117092,divine,7302,δίον
1764,100117091,Priam,7302,Πριάμου
1765,100117094,never,7302,οὐ
1766,100117096,dared,7302,ποτ’
1767,100117098,to,7302,μεῖναι
1768,100117098,stay,7302,μεῖναι
1769,100117099,while,7302,ἐπερχόμενον
1770,100117099,he,7302,ἐπερχόμενον
1771,100117099,approached,7302,ἐπερχόμενον
1772,100117101,Now,7303,νῦν
1773,100117102,again,7303,αὖτέ
1774,100117103,me,7303,με
1775,100117104,heart,7303,θυμὸς
1776,100117105,has released,7303,ἀνῆκε
1777,100117106,to stand,7303,στήμεναι
1778,100117107,against,7303,ἀντία
1779,100117108,you,7303,σεῖο
1780,100117110,choose,7304,ἕλοιμί
1781,100117112,or,7304,ἤ
1782,100117114,chosen,7304,ἁλοίην
1783,100117116,But,7305,ἀλλ’
1784,100117117,come,7305,ἄγε
1785,100117118,come,7305,δεῦρο
1786,100117119,gods,7305,θεοὺς
1787,100117120,approach,7305,ἐπιδώμεθα
1788,100117123,For,7306,γὰρ
1789,100117122,the,7306,τοὶ
1790,100117124,best,7306,ἄριστοι
1791,100117125,men,7306,μάρτυροι
1792,100117126,will be,7306,ἔσσονται
1793,100117127,and,7306,καὶ
1794,100117128,overseers,7306,ἐπίσκοποι
1795,100117129,agreements,7306,ἁρμονιάων
1796,100117132,For,7307,γὰρ
1797,100117133,I,7307,ἐγώ
1798,100117136,will dishonor,7307,ἀεικιῶ
1799,100117131,not,7307,οὐ
1800,100117135,utterly,7307,ἔκπαγλον
1801,100117134,you,7307,σ’
1802,100117138,if,7307,αἴ
1803,100117139,if,7307,κεν
1804,100117141,Zeus,7307,Ζεὺς
1805,100117142,were to grant,7307,δώῃ
1806,100117140,me,7307,ἐμοὶ
1807,100117143,old age,7307,καμμονίην
1808,100117145,your,7307,σὴν
1809,100117146,but,7307,δὲ
1810,100117147,life,7307,ψυχὴν
1811,100117148,I would take away,7307,ἀφέλωμαι
1812,100117150,But,7308,ἀλλ’
1813,100117151,since,7308,ἐπεὶ
1814,100117153,might,7308,κέ
1815,100117154,you,7308,σε
1816,100117155,strip,7308,συλήσω
1817,100117156,glorious,7308,κλυτὰ
1818,100117157,armor,7308,τεύχε’
1819,100117159,corpse,7308,νεκρὸν
1820,100117161,give,7308,δώσω
1821,100117162,back,7308,πάλιν
1822,100117160,Achaeans,7308,Ἀχαιοῖσιν
1823,100117165,But,7309,δὲ
1824,100117166,you,7309,σὺ
1825,100117167,desire,7309,ῥέζειν
1826,100117164,to,7309,ὣς
1827,100117171,But,7310,δ’
1828,100117172,when,7310,ἄρ’
1829,100117170,he,7310,τὸν
1830,100117174,had looked,7310,ἰδὼν
1831,100117173,with a dark glance,7310,ὑπόδρα
1832,100117170,him,7310,τὸν
1833,100117177,swift-footed,7310,ὠκὺς
1834,100117178,Achilles,7310,Ἀχιλλεύς
1835,100117175,spoke,7310,προσέφη
1836,100117170,to him,7310,τὸν
1837,100117181,Hector,7311,Ἕκτορ
1838,100117182,not,7311,μή
1839,100117183,me,7311,μοι
1840,100117184,wild,7311,ἄλαστε
1841,100117185,plots,7311,συνημοσύνας
1842,100117186,tell,7311,ἀγόρευε
1843,100117188,Just,7312,ὡς
1844,100117189,as,7312,οὐκ
1845,100117190,there,7312,ἔστι
1846,100117191,are,7312,λέουσι
1847,100117192,no,7312,καὶ
1848,100117193,sure,7312,ἀνδράσιν
1849,100117194,oaths,7312,ὅρκια
1850,100117195,for,7312,πιστά
1851,100117196,lions,7312,","
1852,100117197,and,7312,οὐ
1853,100117198,men,7312,-δὲ
1854,100117199,nor,7312,λύκοι
1855,100117200,do,7312,τε
1856,100117201,wolves,7312,καὶ
1857,100117202,and,7312,ἄρνες
1858,100117203,lambs,7312,ὁμόφρονα
1859,100117204,have,7312,θυμὸν
1860,100117205,a,7312,ἔχουσιν
1861,100117206,mind,7312,","
1862,100117207,in,7312,ἀλλὰ
1863,100117208,common,7312,κακὰ
1864,100117209,but,7312,φρονέουσι
1865,100117210,they,7312,διαμπερὲς
1866,100117211,always,7312,ἀλλήλοισιν
1867,100117212,plan,7312,","
1868,100117213,evil,7312,ὣς
1869,100117214,things,7312,οὐκ
1870,100117215,against,7312,ἔστ’
1871,100117216,one,7312,ἐμὲ
1872,100117217,another,7312,καὶ
1873,100117218,so,7312,σὲ
1874,100117219,it,7312,φιλήμεναι
1875,100117220,is,7312,","
1876,100117221,not,7312,οὐ
1877,100117222,possible,7312,-δέ
1878,100117223,for,7312,τι
1879,100117224,me,7312,νῶϊν
1880,100117225,and,7312,ὅρκια
1881,100117226,you,7312,ἔσσονται
1882,100117227,to,7312,","
1883,100117228,love,7312,πρίν
1884,100117229,one,7312,γ’
1885,100117230,another,7312,ἢ
1886,100117231,nor,7312,ἕτερόν
1887,100117232,will,7312,γε
1888,100117233,there,7312,πεσόντα
1889,100117234,be,7312,αἵματος
1890,100117235,any,7312,ἆσαι
1891,100117236,oaths,7312,Ἄρηα
1892,100117237,between,7312,ταλαύρινον
1893,100117238,us,7312,πολεμιστήν
1894,100117239,until,7312,.
1895,100117240,one,7312,
1896,100117241,of,7312,
1897,100117242,the,7312,
1898,100117243,two,7312,
1899,100117244,has,7312,
1900,100117245,fallen,7312,
1901,100117246,and,7312,
1902,100117247,drunk,7312,
1903,100117248,the,7312,
1904,100117249,blood,7312,
1905,100117250,of,7312,
1906,100117251,Ares,7312,
1907,100117252,the,7312,
1908,100117253,endurance-sustaining,7312,
1909,100117254,warrior,7312,
1910,100117240,every kind,7313,παντοίης
1911,100117241,excellence,7313,ἀρετῆς
1912,100117242,Remember,7313,μιμνήσκεο
1913,100117244,Now,7314,νῦν
1914,100117245,you,7314,σε
1915,100117246,indeed,7314,μάλα
1916,100117247,must,7314,χρὴ
1917,100117248,spear-wielder,7314,αἰχμητήν
1918,100117249,and,7314,τ’
1919,100117250,be,7314,ἔμεναι
1920,100117251,and,7314,καὶ
1921,100117252,courageous,7314,θαρσαλέον
1922,100117253,warrior,7314,πολεμιστήν
1923,100117255,No,7315,οὔ
1924,100117256,for you,7315,τοι
1925,100117257,now,7315,ἔτ’
1926,100117258,is,7315,ἔσθ’
1927,100117259,escape,7315,ὑπάλυξις
1928,100117261,soon,7315,ἄφαρ
1929,100117262,but,7315,δέ
1930,100117263,you,7315,σε
1931,100117264,Pallas,7315,Παλλὰς
1932,100117265,Athena,7315,Ἀθήνη
1933,100117268,subdue,7315,δαμάᾳ
1934,100117266,with,7315,ἔγχει
1935,100117267,my,7315,ἐμῷ
1936,100117266,spear,7315,ἔγχει
1937,100117270,Now,7316,νῦν
1938,100117271,you,7316,δ’
1939,100117272,in full,7316,ἀθρόα
1940,100117273,all,7316,πάντ’
1941,100117274,will pay back,7316,ἀποτίσεις
1942,100117275,griefs,7316,κήδε’
1943,100117276,my,7316,ἐμῶν
1944,100117277,companions,7316,ἑτάρων
1945,100117278,whom,7316,οὓς
1946,100117279,killed,7316,ἔκτανες
1947,100117280,spear,7316,ἔγχεϊ
1948,100117281,sacrificing,7316,θύων
1949,100117284,holding,7317,ἦ
1950,100117285,so,7317,ῥα
1951,100117287,And,7317,καὶ
1952,100117288,aloft,7317,ἀμπεπαλὼν
1953,100117289,advances,7317,προΐει
1954,100117290,long-shadowed,7317,δολιχόσκιον
1955,100117291,spear,7317,ἔγχος
1956,100117293,And,7318,καὶ
1957,100117295,indeed,7318,μὲν
1958,100117297,having,7318,ἰδὼν
1959,100117298,returned,7318,ἠλεύατο
1960,100117299,shining,7318,φαίδιμος
1961,100117300,Hector,7318,Ἕκτωρ
1962,100117303,For,7319,γὰρ
1963,100117302,he sat down,7319,ἕζετο
1964,100117304,having foreseen,7319,προϊδών
1965,100117306,the,7319,τὸ
1966,100117308,flew over,7319,ὑπέρπτατο
1967,100117309,bronze,7319,χάλκεον
1968,100117310,spear,7319,ἔγχος
1969,100117312,in,7319,ἐν
1970,100117313,earth,7319,γαίῃ
1971,100117318,And,7320,δ’
1972,100117317,from there,7320,ἀνὰ
1973,100117319,snatched,7320,ἥρπασε
1974,100117320,Pallas,7320,Παλλὰς
1975,100117321,Athena,7320,Ἀθήνη
1976,100117323,immediately,7320,ἂψ
1977,100117324,and,7320,δ’
1978,100117325,Achilles,7320,Ἀχιλῆϊ
1979,100117326,gave,7320,δίδου
1980,100117329,and,7320,δ’
1981,100117330,Hector,7320,Ἕκτορα
1982,100117331,shepherd,7320,ποιμένα
1983,100117332,of the people,7320,λαῶν
1984,100117328,perceive,7320,λάθε
1985,100117335,But,7321,δὲ
1986,100117334,Hector,7321,Ἕκτωρ
1987,100117336,spoke,7321,προσέειπεν
1988,100117337,blameless,7321,ἀμύμονα
1989,100117338,Peleus',7321,Πηλεΐωνα
1990,100117338,son,7321,Πηλεΐωνα
1991,100117341,erred,7322,ἤμβροτες
1992,100117343,not,7322,οὐ
1993,100117344,but,7322,-δ’
1994,100117345,surely,7322,ἄρα
1995,100117346,yet,7322,πώ
1996,100117347,tell,7322,τι
1997,100117348,Achilles,7322,θεοῖς
1998,100117350,Achilles,7322,Ἀχιλλεῦ
1999,100117351,son,7322,ἐκ
2000,100117352,Zeus,7322,Διὸς
2001,100117353,knew,7322,ἠείδης
2002,100117354,that,7322,τὸν
2003,100117355,his,7322,ἐμὸν
2004,100117356,fate,7322,μόρον
2005,100117349,like,7322,ἐπιείκελ’
2006,100117358,or rather,7322,ἦ
2007,100117359,you,7322,τοι
2008,100117360,said,7322,ἔφης
2009,100117361,so,7322,γε
2010,100117363,But,7323,ἀλλά
2011,100117364,man,7323,τις
2012,100117365,of smooth words,7323,ἀρτιεπὴς
2013,100117366,and,7323,καὶ
2014,100117367,cunning speaker,7323,ἐπίκλοπος
2015,100117368,was sailing,7323,ἔπλεο
2016,100117369,of words,7323,μύθων
2017,100117371,so that,7323,ὄφρά
2018,100117372,you,7323,σ’
2019,100117373,having advised,7323,ὑποδείσας
2020,100117374,spirit,7323,μένεος
2021,100117375,strength,7323,ἀλκῆς
2022,100117376,and,7323,τε
2023,100117377,escape the notice,7323,λάθωμαι
2024,100117380,indeed,7324,μέν
2025,100117381,my,7324,μοι
2026,100117382,flee,7324,φεύγοντι
2027,100117383,back,7324,μεταφρένῳ
2028,100117384,into,7324,ἐν
2029,100117385,spear,7324,δόρυ
2030,100117386,strike,7324,πήξεις
2031,100117388,but,7324,ἀλλ’
2032,100117389,straight,7324,ἰθὺς
2033,100117390,as hard,7324,μεμαῶτι
2034,100117391,into,7324,διὰ
2035,100117392,chest,7324,στήθεσφιν
2036,100117393,as hard,7324,ἔλασσον
2037,100117394,as,7324,εἴ
2038,100117395,me,7324,τοι
2039,100117396,given,7324,ἔδωκε
2040,100117397,god,7324,θεός
2041,100117399,Now,7325,νῦν
2042,100117400,indeed,7325,αὖτ’
2043,100117403,you turn aside,7325,ἄλευαι
2044,100117401,my,7325,ἐμὸν
2045,100117404,bronze,7325,χάλκεον
2046,100117402,spear,7325,ἔγχος
2047,100117406,Thus,7326,ὡς
2048,100117407,may,7326,δή
2049,100117408,him,7326,μιν
2050,100117413,bring,7326,κομίσαιο
2051,100117409,your,7326,σῷ
2052,100117411,skin,7326,χροῒ
2053,100117410,to,7326,ἐν
2054,100117412,own,7326,πᾶν
2055,100117415,And,7327,καί
2056,100117416,indeed,7327,κεν
2057,100117418,war,7327,πόλεμος
2058,100117417,lighter,7327,ἐλαφρότερος
2059,100117420,might become,7327,γένοιτο
2060,100117419,for the Trojans,7327,Τρώεσσι
2061,100117422,perishing,7327,καταφθιμένοιο
2062,100117421,the destroyer,7327,σεῖο
2063,100117425,For,7328,γάρ
2064,100117424,you,7328,σὺ
2065,100117426,to them,7328,σφισι
2066,100117427,calamity,7328,πῆμα
2067,100117428,greatest,7328,μέγιστον
2068,100117431,Then,7329,ἦ
2069,100117432,while,7329,ῥα
2070,100117434,and,7329,καὶ
2071,100117435,advancing,7329,ἀμπεπαλὼν
2072,100117436,hurled,7329,προΐει
2073,100117437,long-shadowed,7329,δολιχόσκιον
2074,100117438,spear,7329,ἔγχος
2075,100117440,and,7329,καὶ
2076,100117441,struck,7329,βάλε
2077,100117442,Peleus' son,7329,Πηλεΐδαο
2078,100117443,middle,7329,μέσον
2079,100117444,shield,7329,σάκος
2080,100117445,not,7329,οὐ
2081,100117446,and,7329,-δ’
2082,100117447,miss,7329,ἀφάμαρτε
2083,100117449,Far,7330,τῆλε
2084,100117450,away,7330,δ’
2085,100117451,was driven,7330,ἀπεπλάγχθη
2086,100117452,of,7330,σάκεος
2087,100117453,shield,7330,δόρυ
2088,100117451,astray,7330,ἀπεπλάγχθη
2089,100117455,was,7331,χώσατο
2090,100117457,Hector,7331,Ἕκτωρ
2091,100117458,that,7331,ὅττί
2092,100117462,swift-flying,7331,ὠκὺ
2093,100117463,arrow,7331,ἐτώσιον
2094,100117464,had escaped,7331,ἔκφυγε
2095,100117460,his,7331,οἱ
2096,100117465,hand,7331,χειρός
2097,100117467,standing,7331,στῆ
2098,100117469,downcast,7331,κατηφήσας
2099,100117471,not,7331,οὐ
2100,100117474,let go,7331,ἔχε
2101,100117475,olive-wood,7331,μείλινον
2102,100117476,spear,7331,ἔγχος
2103,100117479,And,7332,δ’
2104,100117480,called,7332,ἐκάλει
2105,100117478,Deiphobos,7332,Δηΐφοβον
2106,100117481,shield,7332,λευκάσπιδα
2107,100117483,shouted,7332,ἀΰσας
2108,100117485,Pray,7333,ᾔτεέ
2109,100117486,for him,7333,μιν
2110,100117487,the long spear,7333,δόρυ
2111,100117490,But,7334,ὃ
2112,100117491,But,7334,δ’
2113,100117492,not,7334,οὔ
2114,100117493,really,7334,τί
2115,100117494,he,7334,οἱ
2116,100117495,nearby,7334,ἐγγύθεν
2117,100117496,there,7334,ἦεν
2118,100117499,But,7335,δ’
2119,100117498,Hector,7335,Ἕκτωρ
2120,100117500,recognized,7335,ἔγνω
2121,100117502,in,7335,ἐνὶ
2122,100117501,his own,7335,ᾗσιν
2123,100117503,heart,7335,φρεσὶ
2124,100117505,and,7335,τε
2125,100117504,cried out,7335,φώνησέν
2126,100117509,Alas,7336,πόποι
2127,100117510,Truly,7336,ἦ
2128,100117511,Truly,7336,μάλα
2129,100117513,me,7336,με
2130,100117514,the gods,7336,θεοὶ
2131,100117515,death,7336,θάνατόνδε
2132,100117516,summoned,7336,κάλεσσαν
2133,100117519,For,7337,γὰρ
2134,100117520,myself,7337,ἔγωγ’
2135,100117521,thought,7337,ἐφάμην
2136,100117522,hero,7337,ἥρωα
2137,100117518,Deiphobus,7337,Δηΐφοβον
2138,100117523,come,7337,παρεῖναι
2139,100117525,But,7338,ἀλλ’
2140,100117526,he,7338,ὃ
2141,100117527,remained,7338,μὲν
2142,100117528,within,7338,ἐν
2143,100117529,the wall,7338,τείχει
2144,100117531,me,7338,ἐμὲ
2145,100117532,while,7338,δ’
2146,100117533,deceived,7338,ἐξαπάτησεν
2147,100117534,Athena,7338,Ἀθήνη
2148,100117536,Now,7339,νῦν
2149,100117538,indeed,7339,δὴ
2150,100117539,close,7339,ἐγγύθι
2151,100117540,to,7339,μοι
2152,100117541,death,7339,θάνατος
2153,100117542,evil,7339,κακός
2154,100117546,yet,7339,ἔτ’
2155,100117547,from,7339,ἄνευθεν
2156,100117547,afar,7339,ἄνευθεν
2157,100117551,cure,7339,ἀλέη
2158,100117554,For,7340,γάρ
2159,100117556,long ago,7340,πάλαι
2160,100117557,this,7340,τό
2161,100117559,dearer,7340,φίλτερον
2162,100117560,was,7340,ἦεν
2163,100117561,to Zeus,7340,Ζηνί
2164,100117562,and,7340,τε
2165,100117563,and,7340,καὶ
2166,100117564,Zeus,7340,Διὸς
2167,100117565,son,7340,υἷι
2168,100117566,archer,7340,ἑκηβόλῳ
2169,100117568,who,7340,οἵ
2170,100117569,me,7340,με
2171,100117570,before,7340,πάρος
2172,100117572,willingly,7340,πρόφρονες
2173,100117573,received,7340,εἰρύατο
2174,100117575,Now,7341,νῦν
2175,100117576,again,7341,αὖτέ
2176,100117578,fate,7341,μοῖρα
2177,100117579,comes,7341,κιχάνει
2178,100117577,me,7341,με
2179,100117581,not,7342,μὴ
2180,100117587,perish,7342,ἀπολοίμην
2181,100117583,without,7342,ἀσπουδί
2182,100117586,glory,7342,ἀκλειῶς
2183,100117589,but,7342,ἀλλὰ
2184,100117591,having,7342,ῥέξας
2185,100117590,great,7342,μέγα
2186,100117592,deed,7342,τι
2187,100117595,told,7342,πυθέσθαι
2188,100117594,future,7342,ἐσσομένοισι
2189,100117585,even,7342,καὶ
2190,100117593,generations,7342,καὶ
2191,100117598,Thus,7343,ὣς
2192,100117599,having,7343,ἄρα
2193,100117600,spoken,7343,φωνήσας
2194,100117601,drew,7343,εἰρύσσατο
2195,100117602,sword,7343,φάσγανον
2196,100117603,sharp,7343,ὀξύ
2197,100117605,which,7343,τό
2198,100117606,his,7343,οἱ
2199,100117607,beneath,7343,ὑπὸ
2200,100117608,his,7343,λαπάρην
2201,100117609,lay,7343,τέτατο
2202,100117610,great,7343,μέγα
2203,100117612,strong,7343,στιβαρόν
2204,100117615,cried,7343,οἴμησεν
2205,100117617,out,7343,ἀλεὶς
2206,100117618,like,7343,ὥς
2207,100117620,eagle,7343,αἰετὸς
2208,100117621,soaring,7343,ὑψιπετήεις
2209,100117623,which,7343,ὅς
2210,100117625,flies,7343,εἶσιν
2211,100117626,across,7343,πεδίον
2212,100117628,through,7343,διὰ
2213,100117629,dark,7343,νεφέων
2214,100117630,clouds,7343,ἐρεβεννῶν
2215,100117631,to,7343,ἁρπάξων
2216,100117633,snatch,7343,ἄρν’
2217,100117634,a,7343,ἀμαλὴν
2218,100117635,tender,7343,ἤ
2219,100117636,lamb,7343,πτῶκα
2220,100117637,or,7343,λαγωόν
2221,100117638,a,7343,.
2222,100117639,crouching,7343,
2223,100117640,hare,7343,
2224,100117639,Thus,7344,ὣς
2225,100117640,Hector,7344,Ἕκτωρ
2226,100117641,shouted,7344,οἴμησε
2227,100117642,shaking,7344,τινάσσων
2228,100117643,sword,7344,φάσγανον
2229,100117644,sharp,7344,ὀξύ
2230,100117646,made his charge,7345,ὁρμήθη
2231,100117647,and,7345,δ’
2232,100117648,Achilles,7345,Ἀχιλεύς
2233,100117650,fury,7345,μένεος
2234,100117651,and,7345,δ’
2235,100117652,filled,7345,ἐμπλήσατο
2236,100117653,spirit,7345,θυμὸν
2237,100117654,fierce,7345,ἀγρίου
2238,100117656,first,7345,πρόσθεν
2239,100117657,he,7345,δὲ
2240,100117658,shield,7345,σάκος
2241,100117659,breast,7345,στέρνοιο
2242,100117660,covered,7345,κάλυψε
2243,100117661,beautiful,7345,καλὸν
2244,100117662,intricately wrought,7345,δαιδάλεον
2245,100117664,helmet,7345,κόρυθι
2246,100117665,and,7345,δ’
2247,100117666,nodded,7345,ἐπένευε
2248,100117667,bright,7345,φαεινῇ
2249,100117668,four-crested,7345,τετραφάλῳ
2250,100117670,beautiful,7346,καλαὶ
2251,100117671,And,7346,δὲ
2252,100117672,shaking,7346,περισσείοντο
2253,100117673,tresses,7346,ἔθειραι
2254,100117674,golden,7346,χρύσεαι
2255,100117676,which,7346,ἃς
2256,100117677,Hephaestus,7346,Ἥφαιστος
2257,100117678,bound,7346,ἵει
2258,100117680,around,7346,ἀμφὶ
2259,100117681,dense,7346,θαμειάς
2260,100117679,ridge,7346,λόφον
2261,100117723,And,7348,δὲ
2262,100117724,yet,7348,καὶ
2263,100117728,possessed,7348,ἔχε
2264,100117725,another,7348,ἄλλο
2265,100117726,thing,7348,τόσον
2266,100117727,of,7348,μὲν
2267,100117730,bronze,7348,χάλκεα
2268,100117731,armor,7348,τεύχεα
2269,100117732,beautiful,7348,καλά
2270,100117734,gear,7348,τὰ
2271,100117735,Patroclus,7348,Πατρόκλοιο
2272,100117737,destroyed,7348,ἐνάριξε
2273,100117736,might,7348,βίην
2274,100117738,killing,7348,κατακτάς
2275,100117740,were,7349,φαίνετο
2276,100117741,And,7349,δ’
2277,100117742,the,7349,ᾗ
2278,100117743,keys,7349,κληῗδες
2279,100117740,visible,7349,φαίνετο
2280,100117747,holding,7349,ἔχουσι
2281,100117744,from,7349,ἀπ’
2282,100117745,their,7349,ὤμων
2283,100117746,shoulders,7349,αὐχέν’
2284,100117750,to,7349,ἵνα
2285,100117752,life,7349,ψυχῆς
2286,100117753,swiftest,7349,ὤκιστος
2287,100117754,destruction,7349,ὄλεθρος
2288,100117748,dark,7349,λαυκανίην
2289,100117748,door-latch,7349,λαυκανίην
2290,100117756,his,7350,τῇ
2291,100117757,so,7350,ῥ’
2292,100117758,thrust,7350,ἐπὶ
2293,100117759,his,7350,οἷ
2294,100117760,with all his might,7350,μεμαῶτ’
2295,100117761,driving,7350,ἔλασ’
2296,100117762,spear,7350,ἔγχεϊ
2297,100117763,divine,7350,δῖος
2298,100117764,Achilles,7350,Ἀχιλλεύς
2299,100117766,straight,7350,ἀντικρὺ
2300,100117767,And,7350,δ’
2301,100117768,soft,7350,ἁπαλοῖο
2302,100117769,through,7350,δι’
2303,100117770,neck,7350,αὐχένος
2304,100117771,came,7350,ἤλυθ’
2305,100117772,point,7350,ἀκωκή
2306,100117774,not,7351,οὐ
2307,100117775,But,7351,-δ’
2308,100117776,did,7351,ἄρ’
2309,100117777,from,7351,ἀπ’
2310,100117778,asparagus,7351,ἀσφάραγον
2311,100117779,spear,7351,μελίη
2312,100117780,cut,7351,τάμε
2313,100117781,heavy,7351,χαλκοβάρεια
2314,100117783,so,7351,ὄφρά
2315,100117784,that,7351,τί
2316,100117785,him,7351,μιν
2317,100117786,speak,7351,προτιείποι
2318,100117787,exchangeable,7351,ἀμειβόμενος
2319,100117788,words,7351,ἐπέεσσιν
2320,100117791,And,7352,δ’
2321,100117790,he fell,7352,ἤριπε
2322,100117792,into,7352,ἐν
2323,100117793,the dust,7352,κονίῃς
2324,100117796,But,7353,δ’
2325,100117798,divine,7353,δῖος
2326,100117799,Achilles,7353,Ἀχιλλεύς
2327,100117797,prayed,7353,ἐπεύξατο
2328,100117802,Hector,7354,Ἕκτορ
2329,100117803,But,7354,ἀτάρ
2330,100117804,that,7354,που
2331,100117805,said,7354,ἔφης
2332,100117806,Patroclus,7354,Πατροκλῆ’
2333,100117807,drive,7354,ἐξεναρίζων
2334,100117808,safely,7354,σῶς
2335,100117809,away,7354,ἔσσεσθ’
2336,100117811,me,7354,ἐμὲ
2337,100117812,do,7354,δ’
2338,100117813,not,7354,οὐδὲν
2339,100117814,ignore,7354,ὀπίζεο
2340,100117815,far,7354,νόσφιν
2341,100117816,away,7354,ἐόντα
2342,100117817,fool,7354,νήπιε
2343,100117819,such,7355,τοῖο
2344,100117820,But,7355,δ’
2345,100117821,far,7355,ἄνευθεν
2346,100117822,scout,7355,ἀοσσητὴρ
2347,100117823,better,7355,μέγ’
2348,100117824,better,7355,ἀμείνων
2349,100117825,ships,7355,νηυσὶν
2350,100117826,than,7355,ἔπι
2351,100117827,hollow,7355,γλαφυρῇσιν
2352,100117828,I,7355,ἐγὼ
2353,100117829,behind,7355,μετόπισθε
2354,100117830,left,7355,λελείμμην
2355,100117832,the,7355,ὅς
2356,100117833,your,7355,τοι
2357,100117834,knees,7355,γούνατ’
2358,100117835,released,7355,ἔλυσα
2359,100117839,dogs,7356,κύνες
2360,100117840,and,7356,ἠδ’
2361,100117841,birds of prey,7356,οἰωνοὶ
2362,100117842,will drag,7356,ἑλκήσουσ’
2363,100117843,away,7356,ἀϊκῶς
2364,100117837,you,7356,σὲ
2365,100117843,in a pitiful manner,7356,ἀϊκῶς
2366,100117846,but,7356,δὲ
2367,100117848,the Achaeans,7356,Ἀχαιοί
2368,100117847,will butcher,7356,κτεριοῦσιν
2369,100117845,you,7356,τὸν
2370,100117852,But,7357,δ’
2371,100117851,him,7357,τὸν
2372,100117854,spoke,7357,προσέφη
2373,100117856,Hector,7357,Ἕκτωρ
2374,100117853,few-spearings,7357,ὀλιγοδρανέων
2375,100117859,beg,7358,λίσσομ’
2376,100117860,for,7358,ὑπὲρ
2377,100117861,soul,7358,ψυχῆς
2378,100117862,and,7358,καὶ
2379,100117863,knees,7358,γούνων
2380,100117864,my,7358,σῶν
2381,100117865,and,7358,τε
2382,100117866,parents,7358,τοκήων
2383,100117867,not,7358,μή
2384,100117868,me,7358,με
2385,100117869,let,7358,ἔα
2386,100117870,beside,7358,παρὰ
2387,100117871,ships,7358,νηυσὶ
2388,100117872,dogs,7358,κύνας
2389,100117873,devour,7358,καταδάψαι
2390,100117874,Achaeans,7358,Ἀχαιῶν
2391,100117876,but,7358,ἀλλὰ
2392,100117877,you,7358,σὺ
2393,100117879,bronze,7358,χαλκόν
2394,100117880,and,7358,τε
2395,100117881,enough,7358,ἅλις
2396,100117882,gold,7358,χρυσόν
2397,100117883,and,7358,τε
2398,100117884,take,7358,δέδεξο
2399,100117885,gifts,7358,δῶρα
2400,100117886,which,7358,τά
2401,100117887,you,7358,τοι
2402,100117888,give,7358,δώσουσι
2403,100117889,father,7358,πατὴρ
2404,100117890,and,7358,καὶ
2405,100117891,Lady,7358,πότνια
2406,100117892,mother,7358,μήτηρ
2407,100117894,body,7358,σῶμα
2408,100117895,back,7358,δὲ
2409,100117896,home,7358,οἴκαδ’
2410,100117897,my,7358,ἐμὸν
2411,100117898,give,7358,δόμεναι
2412,100117901,so,7358,ὄφρα
2413,100117902,fire,7358,πυρός
2414,100117903,I,7358,με
2415,100117904,Trojans,7358,Τρῶες
2416,100117905,and,7358,καὶ
2417,100117906,Trojans,7358,Τρώων
2418,100117907,wives,7358,ἄλοχοι
2419,100117908,have,7358,λελάχωσι
2420,100117909,dead,7358,θανόντα
2421,100117912,him,7359,τὸν
2422,100117913,But,7359,δ’
2423,100117914,he,7359,ἄρ’
2424,100117915,from beneath his eyelids,7359,ὑπόδρα
2425,100117916,having looked,7359,ἰδὼν
2426,100117917,spoke,7359,προσέφη
2427,100117918,him,7359,πόδας
2428,100117919,swift-footed,7359,ὠκὺς
2429,100117920,Achilles,7359,Ἀχιλλεὺς
2430,100117923,not,7360,μή
2431,100117924,my,7360,με
2432,100117925,lick,7360,κύον
2433,100117926,knees,7360,γούνων
2434,100117927,lick,7360,γουνάζεο
2435,100117928,nor,7360,μὴ
2436,100117929,parents',7360,δὲ
2437,100117930,knees,7360,τοκήων
2438,100117932,For,7361,αἲ
2439,100117933,perhaps,7361,γάρ
2440,100117934,his,7361,πως
2441,100117935,strength,7361,αὐτόν
2442,100117936,and,7361,με
2443,100117937,his,7361,μένος
2444,100117938,spirit,7361,καὶ
2445,100117939,once,7361,θυμὸς
2446,100117940,tore,7361,ἀνήη
2447,100117941,him,7361,ὤμ’
2448,100117942,apart,7361,ἀποταμνόμενον
2449,100117943,cutting,7361,κρέα
2450,100117944,the,7361,ἔδμεναι
2451,100117945,flesh,7361,","
2452,100117946,to,7361,οἷα
2453,100117947,eat,7361,ἔοργας
2454,100117948,such,7361,","
2455,100117949,as,7361,ὡς
2456,100117950,you,7361,οὐκ
2457,100117951,have,7361,ἔσθ’
2458,100117952,done,7361,ὃς
2459,100117953,so,7361,σῆς
2460,100117954,that,7361,γε
2461,100117955,there,7361,κύνας
2462,100117956,is,7361,κεφαλῆς
2463,100117957,no,7361,ἀπαλάλκοι
2464,100117958,one,7361,","
2465,100117959,who,7361,οὐ
2466,100117960,could,7361,-δ’
2467,100117961,keep,7361,εἴ
2468,100117962,your,7361,κεν
2469,100117963,dogs,7361,δεκάκις
2470,100117964,away,7361,τε
2471,100117965,from,7361,καὶ
2472,100117966,your,7361,εἰκοσινήριτ’
2473,100117967,head,7361,ἄποινα
2474,100117968,nor,7361,στήσωσ’
2475,100117969,if,7361,ἐνθάδ’
2476,100117970,they,7361,ἄγοντες
2477,100117971,were,7361,","
2478,100117972,to,7361,ὑπόσχωνται
2479,100117973,bring,7361,δὲ
2480,100117974,here,7361,καὶ
2481,100117975,twenty,7361,ἄλλα
2482,100117976,times,7361,","
2483,100117977,ten,7361,οὐ
2484,100117978,ransoms,7361,-δ’
2485,100117979,and,7361,εἴ
2486,100117980,promise,7361,κέν
2487,100117981,other,7361,σ’
2488,100117982,things,7361,αὐτὸν
2489,100117983,as,7361,χρυσῷ
2490,100117984,well,7361,ἐρύσασθαι
2491,100117985,nor,7361,ἀνώγοι
2492,100117986,if,7361,Δαρδανίδης
2493,100117987,King,7361,Πρίαμος
2494,100117988,Priam,7361,.
2495,100117989,the,7361,
2496,100117990,son,7361,
2497,100117991,of,7361,
2498,100117992,Dardanus,7361,
2499,100117993,were,7361,
2500,100117994,to,7361,
2501,100117995,order,7361,
2502,100117996,them,7361,
2503,100117997,to,7361,
2504,100117998,drag,7361,
2505,100117999,you,7361,
2506,100118000,away,7361,
2507,100118001,in,7361,
2508,100118002,person,7361,
2509,100118003,with,7361,
2510,100118004,gold,7361,
2511,100117989,not,7362,οὐ
2512,100117990,But,7362,-δ’
2513,100117991,so,7362,ὧς
2514,100117992,your,7362,σέ
2515,100117993,honored,7362,γε
2516,100117994,mother,7362,πότνια
2517,100117995,sitting,7362,μήτηρ
2518,100117996,by,7362,ἐνθεμένη
2519,100117997,beds,7362,λεχέεσσι
2520,100117998,mourn,7362,γοήσεται
2521,100117999,you,7362,ὃν
2522,100118000,the one she bore,7362,τέκεν
2523,100118001,the one she bore,7362,αὐτή
2524,100118003,but,7362,ἀλλὰ
2525,100118004,dogs,7362,κύνες
2526,100118005,and,7362,τε
2527,100118006,and,7362,καὶ
2528,100118007,birds of prey,7362,οἰωνοὶ
2529,100118008,tear,7362,κατὰ
2530,100118009,apart,7362,πάντα
2531,100118010,all over,7362,δάσονται
2532,100118013,him,7363,τὸν
2533,100118014,And,7363,δὲ
2534,100118015,dying,7363,καταθνῄσκων
2535,100118016,spoke,7363,προσέφη
2536,100118017,helmeted,7363,κορυθαίολος
2537,100118018,Hector,7363,Ἕκτωρ
2538,100118021,not,7364,ἦ
2539,100118022,you,7364,σ’
2540,100118023,well,7364,εὖ
2541,100118024,recognize,7364,γιγνώσκων
2542,100118025,come before,7364,προτιόσσομαι
2543,100118027,not,7364,οὐ
2544,100118028,yet,7364,-δ’
2545,100118029,destined,7364,ἄρ’
2546,100118030,was going to,7364,ἔμελλον
2547,100118031,persuade,7364,πείσειν
2548,100118031,you,7364,πείσειν
2549,100118033,For,7365,ἦ
2550,100118034,For,7365,γὰρ
2551,100118035,your,7365,σοί
2552,100118036,indeed,7365,γε
2553,100118037,of iron,7365,σιδήρεος
2554,100118038,in,7365,ἐν
2555,100118039,heart,7365,φρεσὶ
2556,100118040,spirit,7365,θυμός
2557,100118042,Consider,7366,φράζεο
2558,100118043,now,7366,νῦν
2559,100118045,lest,7366,μή
2560,100118046,I,7366,τοί
2561,100118047,become,7366,τι
2562,100118048,divine,7366,θεῶν
2563,100118049,object,7366,μήνιμα
2564,100118050,of anger,7366,γένωμαι
2565,100118051,day,7366,ἤματι
2566,100118052,that,7366,τῷ
2567,100118053,when,7366,ὅτε
2568,100118054,might,7366,κέν
2569,100118055,you,7366,σε
2570,100118056,Paris,7366,Πάρις
2571,100118057,and,7366,καὶ
2572,100118058,Phoebus,7366,Φοῖβος
2573,100118059,Apollo,7366,Ἀπόλλων
2574,100118060,noble,7366,ἐσθλὸν
2575,100118061,though,7366,ἐόντ’
2576,100118062,destroy,7366,ὀλέσωσιν
2577,100118063,at,7366,ἐνὶ
2578,100118064,Scaean,7366,Σκαιῇσι
2579,100118065,gates,7366,πύλῃσιν
2580,100118068,Thus,7367,ὣς
2581,100118069,when,7367,ἄρα
2582,100118070,he,7367,μιν
2583,100118071,finished speaking,7367,εἰπόντα
2584,100118072,the end,7367,τέλος
2585,100118073,of death,7367,θανάτοιο
2586,100118074,covered,7367,κάλυψε
2587,100118070,him,7367,μιν
2588,100118076,his soul,7367,ψυχὴ
2589,100118080,having flown,7367,πταμένη
2590,100118079,from the pores,7367,ῥεθέων
2591,100118079,of his skin,7367,ῥεθέων
2592,100118083,went,7367,βεβήκει
2593,100118081,to Hades,7367,Ἄϊδος
2594,100118086,lamenting,7367,γοόωσα
2595,100118085,his fate,7367,πότμον
2596,100118087,having left behind,7367,λιποῦσ’
2597,100118088,his manhood,7367,ἀνδροτῆτα
2598,100118090,his youth,7367,ἥβην
2599,100118092,the,7368,τὸν
2600,100118093,And,7368,καὶ
2601,100118094,dead,7368,τεθνηῶτα
2602,100118095,spoke,7368,προσηύδα
2603,100118096,divine,7368,δῖος
2604,100118097,Achilles,7368,Ἀχιλλεύς
2605,100118100,Die,7369,τέθναθι
2606,100118102,doom,7370,κῆρα
2607,100118103,But,7370,δ’
2608,100118104,I,7370,ἐγὼ
2609,100118105,will,7370,τότε
2610,100118106,receive,7370,δέξομαι
2611,100118107,when,7370,ὁππότε
2612,100118110,Zeus,7370,Ζεὺς
2613,100118111,desires,7370,ἐθέλῃ
2614,100118112,accomplish,7370,τελέσαι
2615,100118113,and,7370,ἠδ’
2616,100118114,immortal,7370,ἀθάνατοι
2617,100118115,gods,7370,θεοὶ
2618,100118116,other,7370,ἄλλοι
2619,100118119,And,7371,ἦ
2620,100118120,so,7371,ῥα
2621,100118122,he,7371,καὶ
2622,100118123,from,7371,ἐκ
2623,100118124,the corpse,7371,νεκροῖο
2624,100118125,drew,7371,ἐρύσσατο
2625,100118126,bronze,7371,χάλκεον
2626,100118127,spear,7371,ἔγχος
2627,100118129,and,7371,καὶ
2628,100118130,it,7371,τό
2629,100118132,upright,7371,ἄνευθεν
2630,100118133,stood,7371,ἔθηχ’
2631,100118135,he,7371,ὃ
2632,100118136,but,7371,δ’
2633,100118137,from,7371,ἀπ’
2634,100118138,his shoulders,7371,ὤμων
2635,100118139,armor,7371,τεύχε’
2636,100118140,stripped,7371,ἐσύλα
2637,100118141,bloody,7371,αἱματόεντ’
2638,100118143,other,7372,ἄλλοι
2639,100118144,But,7372,δὲ
2640,100118145,ran,7372,περίδραμον
2641,100118146,sons,7372,υἷες
2642,100118147,of,7372,Ἀχαιῶν
2643,100118149,who,7372,οἳ
2644,100118150,and,7372,καὶ
2645,100118151,marvelled,7372,θηήσαντο
2646,100118152,stature,7372,φυὴν
2647,100118153,and,7372,καὶ
2648,100118154,form,7372,εἶδος
2649,100118155,noble,7372,ἀγητὸν
2650,100118156,of,7372,Ἕκτορος
2651,100118158,no,7373,οὐ
2652,100118159,But,7373,-δ’
2653,100118160,no,7373,ἄρα
2654,100118161,him,7373,οἵ
2655,100118162,no,7373,τις
2656,100118163,foolishness,7373,ἀνουτητί
2657,100118165,stood by,7373,παρέστη
2658,100118167,Thus,7374,ὧδε
2659,100118168,as,7374,δέ
2660,100118169,one,7374,τις
2661,100118170,speak,7374,εἴπεσκεν
2662,100118171,looked,7374,ἰδὼν
2663,100118172,at,7374,ἐς
2664,100118173,next,7374,πλησίον
2665,100118174,him,7374,ἄλλον
2666,100118177,Oh,7375,ὢ
2667,100118178,dear,7375,πόποι
2668,100118182,indeed,7375,δὴ
2669,100118185,Hector,7375,Ἕκτωρ
2670,100118181,much,7375,μάλα
2671,100118183,softer,7375,μαλακώτερος
2672,100118184,handle,7375,ἀμφαφάασθαι
2673,100118186,than,7375,ἢ
2674,100118187,when,7375,ὅτε
2675,100118191,fiery,7375,κηλέῳ
2676,100118188,ships,7375,νῆας
2677,100118189,burned,7375,ἐνέπρησεν
2678,100118190,torches,7375,πυρὶ
2679,100118194,Thus,7376,ὣς
2680,100118195,he,7376,ἄρα
2681,100118196,spoke,7376,τις
2682,100118197,spoke,7376,εἴπεσκε
2683,100118198,and,7376,καὶ
2684,100118199,struck,7376,οὐτήσασκε
2685,100118200,standing,7376,παραστάς
2686,100118203,But,7377,δ’
2687,100118204,when,7377,ἐπεὶ
2688,100118206,swift-footed,7377,ποδάρκης
2689,100118207,divine,7377,δῖος
2690,100118208,Achilles,7377,Ἀχιλλεύς
2691,100118202,him,7377,τὸν
2692,100118205,separated,7377,ἐξενάριξε
2693,100118210,standing,7377,στὰς
2694,100118211,among,7377,ἐν
2695,100118212,the Achaeans,7377,Ἀχαιοῖσιν
2696,100118215,he spoke,7377,ἀγόρευεν
2697,100118213,words,7377,ἔπεα
2698,100118214,winged,7377,πτερόεντ’
2699,100118218,Oh,7378,ὦ
2700,100118219,friends,7378,φίλοι
2701,100118220,of,7378,Ἀργείων
2702,100118221,leaders,7378,ἡγήτορες
2703,100118222,and,7378,ἠδὲ
2704,100118223,rulers,7378,μέδοντες
2705,100118220,Argives,7378,Ἀργείων
2706,100118224,since,7378,ἐπεὶ
2707,100118225,indeed,7378,δὴ
2708,100118228,the gods,7378,θεοὶ
2709,100118230,have granted,7378,ἔδωκαν
2710,100118226,that,7378,τόνδ’
2711,100118227,this man,7378,ἄνδρα
2712,100118229,be overcome,7378,δαμάσασθαι
2713,100118232,who,7378,ὃς
2714,100118233,many evils,7378,κακὰ
2715,100118235,has done,7378,ἔρρεξεν
2716,100118234,many,7378,πόλλ’
2717,100118237,not,7378,οὐ
2718,100118238,all,7378,σύμπαντες
2719,100118239,of,7378,οἱ
2720,100118240,the others,7378,ἄλλοι
2721,100118236,which,7378,ὅσ’
2722,100118242,if,7378,εἰ
2723,100118244,come,7378,ἄγετ’
2724,100118249,let us go,7378,πειρηθῶμεν
2725,100118245,around,7378,ἀμφὶ
2726,100118246,the city,7378,πόλιν
2727,100118247,with,7378,σὺν
2728,100118248,our armor,7378,τεύχεσι
2729,100118249,test,7378,πειρηθῶμεν
2730,100118251,so that,7378,ὄφρά
2731,100118252,may,7378,κ’
2732,100118253,yet,7378,ἔτι
2733,100118254,know,7378,γνῶμεν
2734,100118255,what,7378,Τρώων
2735,100118256,mind,7378,νόον
2736,100118257,the,7378,ὅν
2737,100118258,Trojans,7378,τιν’
2738,100118259,have,7378,ἔχουσιν
2739,100118261,whether,7378,ἢ
2740,100118262,they will leave,7378,καταλείψουσιν
2741,100118263,this,7378,πόλιν
2742,100118264,high citadel,7378,ἄκρην
2743,100118266,when,7378,πεσόντος
2744,100118268,or,7378,ἦε
2745,100118269,if,7378,μένειν
2746,100118270,they are eager,7378,μεμάασι
2747,100118269,to remain,7378,μένειν
2748,100118271,now,7378,καὶ
2749,100118272,that,7378,Ἕκτορος
2750,100118273,Hector,7378,οὐκέτ’
2751,100118274,is no longer,7378,ἐόντος
2752,100118273,here,7378,οὐκέτ’
2753,100118276,But,7379,ἀλλὰ
2754,100118277,did,7379,τί
2755,100118278,a,7379,ἤ
2756,100118279,to,7379,μοι
2757,100118280,these,7379,ταῦτα
2758,100118281,friendly,7379,φίλος
2759,100118282,speak,7379,διελέξατο
2760,100118283,spirit,7379,θυμός
2761,100118279,me,7379,μοι
2762,100118289,Unwept,7380,ἄκλαυτος
2763,100118290,unburied,7380,ἄθαπτος
2764,100118285,lies,7380,κεῖται
2765,100118291,Patroclus,7380,Πάτροκλος
2766,100118286,beside,7380,πὰρ
2767,100118287,ships,7380,νήεσσι
2768,100118293,him,7381,τοῦ
2769,100118294,But,7381,δ’
2770,100118295,not,7381,οὐκ
2771,100118296,forget,7381,ἐπιλήσομαι
2772,100118298,so long as,7381,ὄφρ’
2773,100118299,as,7381,ἂν
2774,100118300,I,7381,ἔγωγε
2775,100118301,alive,7381,ζωοῖσιν
2776,100118302,am,7381,μετέω
2777,100118303,and,7381,καί
2778,100118304,my,7381,μοι
2779,100118305,strong,7381,φίλα
2780,100118306,knees,7381,γούνατ’
2781,100118307,are,7381,ὀρώρῃ
2782,100118311,the dead,7382,θανόντων
2783,100118312,even,7382,περ
2784,100118313,forgotten,7382,καταλήθοντ’
2785,100118314,in,7382,εἰν
2786,100118315,Hades,7382,Ἀΐδαο
2787,100118316,however,7382,αὐτὰρ
2788,100118317,I,7382,ἐγὼ
2789,100118320,dear,7382,φίλου
2790,100118321,remember,7382,μεμνήσομ’
2791,100118322,companion,7382,ἑταίρου
2792,100118319,there,7382,κεῖθι
2793,100118310,But,7382,δὲ
2794,100118318,my,7382,καὶ
2795,100118324,Now,7383,νῦν
2796,100118326,sail,7383,ἄγ’
2797,100118327,singing,7383,ἀείδοντες
2798,100118328,paean,7383,παιήονα
2799,100118329,youths,7383,κοῦροι
2800,100118330,Achaeans,7383,Ἀχαιῶν
2801,100118331,ships,7383,νηυσὶν
2802,100118332,to,7383,ἔπι
2803,100118333,hollow,7383,γλαφυρῇσι
2804,100118334,let us,7383,νεώμεθα
2805,100118336,this,7383,τόνδε
2806,100118338,bring,7383,ἄγωμεν
2807,100118340,lifted,7384,ἠράμεθα
2808,100118341,great,7384,μέγα
2809,100118342,glory,7384,κῦδος
2810,100118344,slew,7385,ἐπέφνομεν
2811,100118345,Hector,7385,Ἕκτορα
2812,100118346,godlike,7385,δῖον
2813,100118348,you,7385,ᾧ
2814,100118349,Trojans,7385,Τρῶες
2815,100118350,within,7385,κατὰ
2816,100118351,city,7385,ἄστυ
2817,100118352,gods,7385,θεῷ
2818,100118353,as,7385,ὣς
2819,100118354,prayed,7385,εὐχετόωντο
2820,100118357,then,7386,ἦ
2821,100118358,then,7386,ῥα
2822,100118360,And,7386,καὶ
2823,100118364,began,7386,μήδετο
2824,100118361,Hector,7386,Ἕκτορα
2825,100118362,divine,7386,δῖον
2826,100118363,base,7386,ἀεικέα
2827,100118365,deeds,7386,ἔργα
2828,100118367,both,7387,ἀμφοτέρων
2829,100118368,from behind,7387,μετόπισθε
2830,100118369,feet,7387,ποδῶν
2831,100118370,pierced,7387,τέτρηνε
2832,100118371,tendons,7387,τένοντε
2833,100118372,into,7387,ἐς
2834,100118373,ankles,7387,σφυρὸν
2835,100118374,from,7387,ἐκ
2836,100118375,heels,7387,πτέρνης
2837,100118377,oxen,7387,βοέους
2838,100118378,and,7387,δ’
2839,100118379,stripped,7387,ἐξῆπτεν
2840,100118380,thongs,7387,ἱμάντας
2841,100118382,from,7387,ἐκ
2842,100118383,chariot,7387,δίφροιο
2843,100118384,and,7387,δ’
2844,100118385,bound,7387,ἔδησε
2845,100118387,head,7387,κάρη
2846,100118388,and,7387,δ’
2847,100118389,dragged,7387,ἕλκεσθαι
2848,100118390,allowed,7387,ἔασεν
2849,100118392,into,7388,ἐς
2850,100118393,chariot,7388,δίφρον
2851,100118394,and,7388,δ’
2852,100118395,lifting,7388,ἀναβὰς
2853,100118396,onward,7388,ἀνά
2854,100118397,and,7388,τε
2855,100118398,splendid,7388,κλυτὰ
2856,100118399,armor,7388,τεύχε’
2857,100118400,whipped,7388,ἀείρας
2858,100118401,horses,7388,μάστιξέν
2859,100118402,but,7388,ῥ’
2860,100118403,flew,7388,ἐλάαν
2861,100118405,they,7388,τὼ
2862,100118406,unwillingly,7388,δ’
2863,100118407,unwillingly,7388,οὐκ
2864,100118408,unwillingly,7388,ἀέκοντε
2865,100118409,flew,7388,πετέσθην
2866,100118411,him,7389,τοῦ
2867,100118412,as,7389,δ’
2868,100118413,was,7389,ἦν
2869,100118414,dragged,7389,ἑλκομένοιο
2870,100118415,dust,7389,κονίσαλος
2871,100118417,around,7389,ἀμφὶ
2872,100118418,him,7389,δὲ
2873,100118419,hair,7389,χαῖται
2874,100118420,dark,7389,κυάνεαι
2875,100118421,fell,7389,πίτναντο
2876,100118423,head,7389,κάρη
2877,100118424,while,7389,δ’
2878,100118425,whole,7389,ἅπαν
2879,100118426,in,7389,ἐν
2880,100118427,dust,7389,κονίῃσι
2881,100118428,lay,7389,κεῖτο
2882,100118429,still,7389,πάρος
2883,100118430,lovely,7389,χαρίεν
2884,100118432,Then,7390,τότε
2885,100118434,Zeus,7390,Ζεὺς
2886,100118436,gave,7390,δῶκεν
2887,100118435,hostile,7390,δυσμενέεσσι
2888,100118435,ones,7390,δυσμενέεσσι
2889,100118437,power,7390,ἀεικίσσασθαι
2890,100118437,to,7390,ἀεικίσσασθαι
2891,100118437,do,7390,ἀεικίσσασθαι
2892,100118437,violence,7390,ἀεικίσσασθαι
2893,100118439,in,7390,ἐν
2894,100118438,their,7390,ἑῇ
2895,100118438,own,7390,ἑῇ
2896,100118440,native,7390,πατρίδι
2897,100118440,land,7390,πατρίδι
2898,100118443,Thus,7391,ὣς
2899,100118444,his,7391,τοῦ
2900,100118445,entire,7391,μὲν
2901,100118446,was covered with dust,7391,κεκόνιτο
2902,100118447,head,7391,κάρη
2903,100118448,entire,7391,ἅπαν
2904,100118450,the,7392,ἣ
2905,100118451,And,7392,δέ
2906,100118452,indeed,7392,νυ
2907,100118453,mother,7392,μήτηρ
2908,100118454,plucked,7392,τίλλε
2909,100118455,hair,7392,κόμην
2910,100118457,away,7392,ἀπὸ
2911,100118458,and,7392,δὲ
2912,100118459,shining,7392,λιπαρὴν
2913,100118460,cast,7392,ἔρριψε
2914,100118461,veil,7392,καλύπτρην
2915,100118462,far,7392,τηλόσε
2916,100118464,wailed,7392,κώκυσεν
2917,100118465,and,7392,δὲ
2918,100118466,very,7392,μάλα
2919,100118467,loudly,7392,μέγα
2920,100118468,child,7392,παῖδ’
2921,100118469,seeing,7392,ἐσιδοῦσα
2922,100118471,groaned,7393,ᾤμωξεν
2923,100118472,And,7393,δ’
2924,100118473,pitifully,7393,ἐλεεινὰ
2925,100118474,father,7393,πατὴρ
2926,100118475,beloved,7393,φίλος
2927,100118477,around,7393,ἀμφὶ
2928,100118478,and,7393,δὲ
2929,100118479,people,7393,λαοὶ
2930,100118480,lamentation,7393,κωκυτῷ
2931,100118481,and,7393,τ’
2932,100118482,filled,7393,εἴχοντο
2933,100118484,wailing,7393,οἰμωγῇ
2934,100118485,throughout,7393,κατὰ
2935,100118486,city,7393,ἄστυ
2936,100118488,To,7394,τῷ
2937,100118489,him,7394,δὲ
2938,100118490,it,7394,μάλιστ’
2939,100118491,seemed,7394,ἄρ’
2940,100118492,most,7394,ἔην
2941,100118493,like,7394,ἐναλίγκιον
2942,100118494,this,7394,ὡς
2943,100118495,that,7394,εἰ
2944,100118496,all,7394,ἅπασα
2945,100118497,Ilios,7394,Ἴλιος
2946,100118498,of,7394,ὀφρυόεσσα
2947,100118499,the,7394,πυρὶ
2948,100118500,dark,7394,σμύχοιτο
2949,100118501,brows,7394,κατ’
2950,100118502,might,7394,ἄκρης
2951,100118503,be,7394,.
2952,100118504,blown,7394,
2953,100118505,up,7394,
2954,100118506,in,7394,
2955,100118507,fire,7394,
2956,100118508,from,7394,
2957,100118509,the,7394,
2958,100118510,very,7394,
2959,100118511,top,7394,
2960,100118504,The,7395,λαοὶ
2961,100118504,people,7395,λαοὶ
2962,100118505,however,7395,μέν
2963,100118508,with difficulty,7395,μόγις
2964,100118507,the,7395,γέροντα
2965,100118507,old man,7395,γέροντα
2966,100118509,held back,7395,ἔχον
2967,100118512,eager,7395,μεμαῶτα
2968,100118511,to go out,7395,ἐξελθεῖν
2969,100118510,groaned,7395,ἀσχαλόωντα
2970,100118513,gates,7395,πυλάων
2971,100118513,Dardanian,7395,πυλάων
2972,100118514,Dardanian,7395,Δαρδανιάων
2973,100118516,all,7396,πάντας
2974,100118517,them,7396,δ’
2975,100118518,begged,7396,ἐλλιτάνευε
2976,100118519,rolling,7396,κυλινδόμενος
2977,100118520,through,7396,κατὰ
2978,100118521,the dung,7396,κόπρον
2979,100118523,one after another,7396,ἐξονομακλήδην
2980,100118524,calling,7396,ὀνομάζων
2981,100118525,man,7396,ἄνδρα
2982,100118526,each,7396,ἕκαστον
2983,100118523,by name,7396,ἐξονομακλήδην
2984,100118529,go,7397,σχέσθε
2985,100118530,friends,7397,φίλοι
2986,100118532,and,7397,καί
2987,100118533,me,7397,μ’
2988,100118535,let,7397,ἐάσατε
2989,100118538,go,7397,ἐξελθόντα
2990,100118536,concerned,7397,κηδόμενοί
2991,100118539,city,7397,πόληος
2992,100118540,reach,7397,ἱκέσθ’
2993,100118542,ships,7397,νῆας
2994,100118543,Achaeans,7397,Ἀχαιῶν
2995,100118545,entreat,7398,λίσσωμ’
2996,100118546,man,7398,ἀνέρα
2997,100118547,this,7398,τοῦτον
2998,100118548,reckless,7398,ἀτάσθαλον
2999,100118549,violent,7398,ὀβριμοεργόν
3000,100118551,if,7398,ἤν
3001,100118552,indeed,7398,πως
3002,100118553,shame,7398,ἡλικίην
3003,100118554,feels,7398,αἰδέσσεται
3004,100118555,and,7398,ἠδ’
3005,100118556,pities,7398,ἐλεήσῃ
3006,100118557,years,7398,γῆρας
3007,100118559,And,7399,καὶ
3008,100118560,truly,7399,δέ
3009,100118561,truly,7399,νυ
3010,100118562,his,7399,τῷ
3011,100118563,truly,7399,γε
3012,100118564,father,7399,πατὴρ
3013,100118565,such,7399,τοιόσδε
3014,100118566,born,7399,τέτυκται
3015,100118567,Peleus,7399,Πηλεύς
3016,100118569,who,7399,ὅς
3017,100118570,him,7399,μιν
3018,100118571,begot,7399,ἔτικτε
3019,100118572,and,7399,καὶ
3020,100118573,raised,7399,ἔτρεφε
3021,100118575,become,7399,γενέσθαι
3022,100118574,bane,7399,πῆμα
3023,100118576,Trojans,7399,Τρωσί
3024,100118578,all,7400,μάλιστα
3025,100118579,But,7400,δ’
3026,100118580,me,7400,ἐμοὶ
3027,100118581,upon,7400,περὶ
3028,100118582,all,7400,πάντων
3029,100118583,grief,7400,ἄλγε’
3030,100118584,put,7400,ἔθηκε
3031,100118587,For,7401,γάρ
3032,100118586,so many,7401,τόσσους
3033,100118588,my,7401,μοι
3034,100118589,children,7401,παῖδας
3035,100118590,killed,7401,ἀπέκτανε
3036,100118591,while they were still growing,7401,τηλεθάοντας
3037,100118593,Of,7402,τῶν
3038,100118594,all,7402,πάντων
3039,100118595,not,7402,οὐ
3040,100118596,so much,7402,τόσσον
3041,100118597,grieve,7402,ὀδύρομαι
3042,100118598,grieved,7402,ἀχνύμενός
3043,100118599,though,7402,περ
3044,100118600,as,7402,ὡς
3045,100118601,one,7402,ἑνός
3046,100118603,that,7402,οὗ
3047,100118604,me,7402,μ’
3048,100118605,grief,7402,ἄχος
3049,100118606,sharp,7402,ὀξὺ
3050,100118607,shall not seize,7402,κατοίσεται
3051,100118608,Hades,7402,Ἄϊδος
3052,100118609,going within,7402,εἴσω
3053,100118611,Hector,7402,Ἕκτορος
3054,100118613,So,7403,ὡς
3055,100118614,would,7403,ὄφελεν
3056,100118615,died,7403,θανέειν
3057,100118616,in,7403,ἐν
3058,100118617,hands,7403,χερσὶν
3059,100118618,my,7403,ἐμῇσι
3060,100118620,To,7404,τώ
3061,100118621,might,7404,κε
3062,100118622,be sated,7404,κορεσσάμεθα
3063,100118623,both,7404,κλαίοντέ
3064,100118624,both,7404,τε
3065,100118625,both,7404,μυρομένω
3066,100118626,both,7404,τε
3067,100118627,mother,7404,μήτηρ
3068,100118628,both,7404,θ’
3069,100118630,who,7404,ἥ
3070,100118631,me,7404,μιν
3071,100118632,bore,7404,ἔτικτε
3072,100118633,wretched,7404,δυσάμμορος
3073,100118635,and,7404,ἠδ’
3074,100118636,I,7404,ἐγὼ
3075,100118637,myself,7404,αὐτός
3076,100118640,So,7405,ὣς
3077,100118641,spoke,7405,ἔφατο
3078,100118642,weeping,7405,κλαίων
3079,100118644,and,7405,ἐπὶ
3080,100118645,and,7405,δὲ
3081,100118646,groaned,7405,στενάχοντο
3082,100118647,citizens,7405,πολῖται
3083,100118649,Trojans,7406,Τρῳῇσιν
3084,100118650,And,7406,δ’
3085,100118651,Hecabe,7406,Ἑκάβη
3086,100118652,grievous,7406,ἁδινοῦ
3087,100118653,began,7406,ἐξῆρχε
3088,100118654,lament,7406,γόοιο
3089,100118657,Child,7407,τέκνον
3090,100118658,I,7407,ἐγὼ
3091,100118659,coward,7407,δειλή
3092,100118661,Why,7408,τί
3093,100118662,in,7408,νυ
3094,100118664,my,7408,αἰνὰ
3095,100118665,suffering,7408,παθοῦσα
3096,100118663,ask,7408,βείομαι
3097,100118666,your,7408,σεῦ
3098,100118667,death,7408,ἀποτεθνηῶτος
3099,100118669,who,7409,ὅ
3100,100118670,me,7409,μοι
3101,100118671,night,7409,νύκτάς
3102,100118672,and,7409,τε
3103,100118673,and,7409,καὶ
3104,100118674,day,7409,ἦμαρ
3105,100118675,blessing,7409,εὐχωλὴ
3106,100118676,throughout,7409,κατὰ
3107,100118677,city,7409,ἄστυ
3108,100118678,received,7409,πελέσκεο
3109,100118680,all,7409,πᾶσί
3110,100118681,and,7409,τ’
3111,100118682,blessings,7409,ὄνειαρ
3112,100118683,Trojans,7409,Τρωσί
3113,100118684,and,7409,τε
3114,100118685,and,7409,καὶ
3115,100118686,Trojan,7409,Τρῳῇσι
3116,100118687,throughout,7409,κατὰ
3117,100118688,citadel,7409,πτόλιν
3118,100118690,they,7409,οἵ
3119,100118691,you,7409,σε
3120,100118692,god,7409,θεὸν
3121,100118693,like,7409,ὣς
3122,100118694,received,7409,δειδέχατ’
3123,100118696,For,7410,ἦ
3124,100118697,even,7410,γὰρ
3125,100118699,to,7410,σφι
3126,100118700,very,7410,μάλα
3127,100118701,great,7410,μέγα
3128,100118702,glory,7410,κῦδος
3129,100118703,would,7410,ἔησθα
3130,100118704,alive,7410,ζωὸς
3131,100118705,are,7410,ἐών
3132,100118707,Now,7411,νῦν
3133,100118708,indeed,7411,αὖ
3134,100118709,death,7411,θάνατος
3135,100118710,and,7411,καὶ
3136,100118711,destiny,7411,μοῖρα
3137,100118712,approach,7411,κιχάνει
3138,100118715,Thus,7412,ὣς
3139,100118716,spoke,7412,ἔφατο
3140,100118717,weeping,7412,κλαίουσ’
3141,100118719,wife,7412,ἄλοχος
3142,100118720,but,7412,δ’
3143,100118721,not,7412,οὔ
3144,100118722,yet,7412,πώ
3145,100118723,anything,7412,τι
3146,100118724,learned,7412,πέπυστο
3147,100118725,Hector,7412,Ἕκτορος
3148,100118727,no,7413,οὐ
3149,100118728,For,7413,γάρ
3150,100118729,his,7413,οἵ
3151,100118730,true,7413,τις
3152,100118731,true,7413,ἐτήτυμος
3153,100118732,messenger,7413,ἄγγελος
3154,100118733,who has come,7413,ἐλθὼν
3155,100118734,reported,7413,ἤγγειλ’
3156,100118735,that,7413,ὅττί
3157,100118736,indeed,7413,ῥά
3158,100118737,him,7413,οἱ
3159,100118738,husband,7413,πόσις
3160,100118739,outside,7413,ἔκτοθι
3161,100118740,staying,7413,μίμνε
3162,100118741,gates,7413,πυλάων
3163,100118743,rather,7413,ἀλλ’
3164,100118744,she,7413,ἥ
3165,100118745,herself,7413,γ’
3166,100118746,web,7413,ἱστὸν
3167,100118747,was weaving,7413,ὕφαινε
3168,100118748,recesses,7413,μυχῷ
3169,100118749,house,7413,δόμου
3170,100118750,high,7413,ὑψηλοῖο
3171,100118751,double-cloth,7413,δίπλακα
3172,100118752,purple,7413,πορφυρέην
3173,100118754,on it,7413,ἐν
3174,100118755,and,7413,δὲ
3175,100118756,patterns,7413,θρόνα
3176,100118757,various,7413,ποικίλ’
3177,100118758,embroidering,7413,ἔπασσε
3178,100118760,summoned,7414,κέκλετο
3179,100118761,her,7414,δ’
3180,100118762,handmaidens,7414,ἀμφιπόλοισιν
3181,100118763,fair-tressed,7414,ἐϋπλοκάμοις
3182,100118764,to,7414,κατὰ
3183,100118765,house,7414,δῶμα
3184,100118766,to,7414,ἀμφὶ
3185,100118767,by,7414,πυρὶ
3186,100118768,set,7414,στῆσαι
3187,100118769,tripod,7414,τρίποδα
3188,100118770,great,7414,μέγαν
3189,100118772,so,7414,ὄφρα
3190,100118773,that,7414,πέλοιτο
3191,100118774,warm,7414,Ἕκτορι
3192,100118775,baths,7414,θερμὰ
3193,100118776,might,7414,λοετρὰ
3194,100118777,be,7414,μάχης
3195,100118778,ready,7414,ἐκ
3196,100118779,for,7414,νοστήσαντι
3197,100118780,Hector,7414,νηπίη
3198,100118782,when,7414,οὐ
3199,100118783,he,7414,-δ’
3200,100118784,returned,7414,ἐνόησεν
3201,100118785,from,7414,ὅ
3202,100118786,the,7414,μιν
3203,100118787,battle,7414,μάλα
3204,100118788,foolish,7414,τῆλε
3205,100118789,man,7414,λοετρῶν
3206,100118790,who,7414,χερσὶν
3207,100118791,did,7414,Ἀχιλλῆος
3208,100118792,not,7414,δάμασε
3209,100118793,realize,7414,γλαυκῶπις
3210,100118794,that,7414,Ἀθήνη
3211,100118795,far,7414,.
3212,100118796,from,7414,
3213,100118797,the,7414,
3214,100118798,baths,7414,
3215,100118799,he,7414,
3216,100118800,had,7414,
3217,100118801,been,7414,
3218,100118802,conquered,7414,
3219,100118803,by,7414,
3220,100118804,the,7414,
3221,100118805,hands,7414,
3222,100118806,of,7414,
3223,100118807,Athena,7414,
3224,100118808,the,7414,
3225,100118809,gray-eyed,7414,
3226,100118810,one,7414,
3227,100118811,by,7414,
3228,100118812,Achilles,7414,
3229,100118796,wailing,7415,κωκυτοῦ
3230,100118797,And,7415,δ’
3231,100118798,heard,7415,ἤκουσε
3232,100118800,groaning,7415,οἰμωγῆς
3233,100118801,from,7415,ἀπὸ
3234,100118802,tower,7415,πύργου
3235,100118805,But,7416,δ’
3236,100118804,her,7416,τῆς
3237,100118807,limb,7416,γυῖα
3238,100118806,twisted,7416,ἐλελίχθη
3239,100118810,and,7416,δέ
3240,100118813,shuttle,7416,κερκίς
3241,100118812,fell,7416,ἔκπεσε
3242,100118809,ground,7416,χαμαὶ
3243,100118815,she,7417,ἣ
3244,100118816,But,7417,δ’
3245,100118817,again,7417,αὖτις
3246,100118818,maidens,7417,δμῳῇσιν
3247,100118819,beautiful,7417,ἐϋπλοκάμοισι
3248,100118820,spoke,7417,μετηύδα
3249,100118823,Come,7418,δεῦτε
3250,100118826,follow,7418,ἕπεσθον
3251,100118825,me,7418,μοι
3252,100118824,two,7418,δύω
3253,100118828,that I may see,7418,ἴδωμ’
3254,100118829,what,7418,ὅτιν’
3255,100118830,deeds,7418,ἔργα
3256,100118831,accomplished,7418,τέτυκται
3257,100118833,revered,7419,αἰδοίης
3258,100118834,one,7419,ἑκυρῆς
3259,100118835,voice,7419,ὀπὸς
3260,100118836,heard,7419,ἔκλυον
3261,100118838,within,7419,ἐν
3262,100118840,my,7419,ἐμοὶ
3263,100118841,own,7419,αὐτῇ
3264,100118842,breast,7419,στήθεσι
3265,100118844,heart,7419,ἦτορ
3266,100118843,quivers,7419,πάλλεται
3267,100118849,and,7419,δὲ
3268,100118848,beneath,7419,νέρθε
3269,100118850,knees,7419,γοῦνα
3270,100118851,paralyzed,7419,πήγνυται
3271,100118853,near,7420,ἐγγὺς
3272,100118854,indeed,7420,δή
3273,100118855,thing,7420,τι
3274,100118856,bad,7420,κακὸν
3275,100118857,Priam,7420,Πριάμοιο
3276,100118858,children,7420,τέκεσσιν
3277,100118860,For,7421,αἲ
3278,100118861,let,7421,γὰρ
3279,100118862,from,7421,ἀπ’
3280,100118863,ear,7421,οὔατος
3281,100118864,be,7421,εἴη
3282,100118865,my,7421,ἐμεῦ
3283,100118866,word,7421,ἔπος
3284,100118868,But,7422,ἀλλὰ
3285,100118869,very,7422,μάλ’
3286,100118870,greatly,7422,αἰνῶς
3287,100118871,fear,7422,δείδω
3288,100118872,that,7422,μὴ
3289,100118875,noble,7422,θρασὺν
3290,100118876,Achilles,7422,Ἕκτορα
3291,100118877,having,7422,δῖος
3292,100118880,cut,7422,ἀποτμήξας
3293,100118879,only,7422,μοῦνον
3294,100118882,plain,7422,πεδίον
3295,100118881,of,7422,πόλιος
3296,100118874,the,7422,μοι
3297,100118873,city,7422,δή
3298,100118878,may,7422,Ἀχιλλεὺς
3299,100118884,wander,7422,δίηται
3300,100118886,and,7422,καὶ
3301,100118887,may,7422,δή
3302,100118889,put,7422,καταπαύσῃ
3303,100118888,an,7422,μιν
3304,100118890,end,7422,ἀγηνορίης
3305,100118891,to,7422,ἀλεγεινῆς
3306,100118892,his,7422,ἥ
3307,100118893,leadership,7422,μιν
3308,100118894,and,7422,ἔχεσκ’
3309,100118895,his,7422,","
3310,100118896,care,7422,ἐπεὶ
3311,100118897,for,7422,οὔ
3312,100118898,the,7422,ποτ’
3313,100118899,crowd,7422,ἐνὶ
3314,100118900,or,7422,πληθυῖ
3315,100118901,may,7422,μένεν
3316,100118902,hold,7422,ἀνδρῶν
3317,100118903,him,7422,","
3318,100118904,since,7422,ἀλλὰ
3319,100118905,he,7422,πολὺ
3320,100118906,never,7422,προθέεσκε
3321,100118907,used,7422,","
3322,100118908,to,7422,τὸ
3323,100118909,remain,7422,ὃν
3324,100118910,in,7422,μένος
3325,100118911,the,7422,οὐδενὶ
3326,100118912,throng,7422,εἴκων
3327,100118913,of,7422,
3328,100118914,men,7422,.
3329,100118915,but,7422,
3330,100118916,used,7422,
3331,100118917,to,7422,
3332,100118918,go,7422,
3333,100118919,far,7422,
3334,100118920,ahead,7422,
3335,100118921,his,7422,
3336,100118922,strength,7422,
3337,100118923,yielding,7422,
3338,100118924,to,7422,
3339,100118925,no,7422,
3340,100118926,one,7422,
3341,100118915,Thus,7423,ὣς
3342,100118916,having spoken,7423,φαμένη
3343,100118917,hall,7423,μεγάροιο
3344,100118918,rushed,7423,διέσσυτο
3345,100118919,maenad,7423,μαινάδι
3346,100118920,fury,7423,ἴση
3347,100118921,moving,7423,παλλομένη
3348,100118922,heart,7423,κραδίην
3349,100118924,At the same time,7424,ἅμα
3350,100118925,At the same time,7424,δ’
3351,100118926,handmaidens,7424,ἀμφίπολοι
3352,100118927,went,7424,κίον
3353,100118928,there,7424,αὐτῇ
3354,100118929,but,7424,αὐτὰρ
3355,100118930,when,7424,ἐπεὶ
3356,100118931,tower,7424,πύργόν
3357,100118932,and,7424,τε
3358,100118933,and,7424,καὶ
3359,100118934,men,7424,ἀνδρῶν
3360,100118935,reached,7424,ἷξεν
3361,100118936,crowd,7424,ὅμιλον
3362,100118937,stood,7424,ἔστη
3363,100118938,looking,7424,παπτήνασ’
3364,100118939,around,7424,ἐπὶ
3365,100118940,wall,7424,τείχεϊ
3366,100118942,whom,7424,τὸν
3367,100118943,whom,7424,δὲ
3368,100118944,perceived,7424,νόησεν
3369,100118945,dragged,7424,ἑλκόμενον
3370,100118946,before,7424,πρόσθεν
3371,100118947,city,7424,πόλιος
3372,100118949,Swiftly,7425,ταχέες
3373,100118950,however,7425,δέ
3374,100118951,him,7425,μιν
3375,100118952,horses,7425,ἵπποι
3376,100118953,drew,7425,ἕλκον
3377,100118954,without care,7425,ἀκηδέστως
3378,100118955,hollow,7425,κοίλας
3379,100118957,ships,7425,νῆας
3380,100118958,Achaeans,7425,Ἀχαιῶν
3381,100118961,And,7426,δὲ
3382,100118964,dark,7426,ἐρεβεννὴ
3383,100118965,night,7426,νὺξ
3384,100118966,covered,7426,ἐκάλυψεν
3385,100118960,her,7426,τὴν
3386,100118962,from,7426,κατ’
3387,100118963,before her eyes,7426,ὀφθαλμῶν
3388,100118969,and,7426,δ’
3389,100118968,she fell,7426,ἤριπε
3390,100118970,backward,7426,ἐξοπίσω
3391,100118973,and,7426,δὲ
3392,100118974,her soul,7426,ψυχὴν
3393,100118975,departed,7426,ἐκάπυσσε
3394,100118972,from her,7426,ἀπὸ
3395,100118981,threw,7427,βάλε
3396,100118977,far,7427,τῆλε
3397,100118978,from,7427,δ’
3398,100118979,his,7427,ἀπὸ
3399,100118980,head,7427,κρατὸς
3400,100118982,bonds,7427,δέσματα
3401,100118983,bright,7427,σιγαλόεντα
3402,100118987,and,7427,τε
3403,100118988,saw,7427,ἰδὲ
3404,100118989,woven,7427,πλεκτὴν
3405,100118990,veil,7427,ἀναδέσμην
3406,100118991,headband,7427,κρήδεμνόν
3407,100118992,net-like,7427,θ’
3408,100118996,veil,7427,οἱ
3409,100118994,which,7427,ὅ
3410,100118998,golden,7427,χρυσῆ
3411,100118999,Aphrodite,7427,Ἀφροδίτη
3412,100118997,gave,7427,δῶκε
3413,100118995,him,7427,ῥά
3414,100118993,on,7427,","
3415,100118984,that,7427,","
3416,100119000,day,7427,ἤματι
3417,100119002,when,7427,ὅτε
3418,100119004,armored,7427,κορυθαίολος
3419,100119006,Hector,7427,Ἕκτωρ
3420,100119005,led,7427,ἠγάγεθ’
3421,100119003,her,7427,μιν
3422,100119007,from,7427,ἐκ
3423,100119008,house,7427,δόμου
3424,100119009,of,7427,Ἠετίωνος
3425,100119010,Hettion,7427,","
3426,100119011,after,7427,ἐπεὶ
3427,100119012,sent,7427,πόρε
3428,100119013,many,7427,μυρία
3429,100119014,gifts,7427,ἕδνα
3430,100119016,around,7428,ἀμφὶ
3431,100119017,And,7428,δέ
3432,100119018,her,7428,μιν
3433,100119024,stood,7428,ἔσταν
3434,100119019,sisters,7428,γαλόῳ
3435,100119022,sea-nymphs,7428,εἰνατέρες
3436,100119023,abundance,7428,ἅλις
3437,100119026,who,7428,αἵ
3438,100119027,her,7428,ἑ
3439,100119030,had,7428,εἶχον
3440,100119028,beside,7428,μετὰ
3441,100119029,them,7428,σφίσιν
3442,100119031,doomed,7428,ἀτυζομένην
3443,100119032,destruction,7428,ἀπολέσθαι
3444,100119035,But,7429,δ’
3445,100119036,when,7429,ἐπεὶ
3446,100119034,she,7429,ἣ
3447,100119038,had drawn breath,7429,ἔμπνυτο
3448,100119039,and,7429,καὶ
3449,100119042,spirit,7429,θυμὸς
3450,100119043,was gathered,7429,ἀγέρθη
3451,100119040,into,7429,ἐς
3452,100119041,mind,7429,φρένα
3453,100119037,approached,7429,οὖν
3454,100119045,weeping,7429,γοόωσα
3455,100119039,and,7429,καὶ
3456,100119048,spoke,7429,ἔειπεν
3457,100119046,among,7429,μετὰ
3458,100119047,Trojans,7429,Τρῳῇσιν
3459,100119051,Hector,7430,Ἕκτορ
3460,100119052,am,7430,ἐγὼ
3461,100119053,wretched,7430,δύστηνος
3462,100119055,One,7431,ἰῇ
3463,100119056,of,7431,ἄρα
3464,100119057,must be born,7431,γεινόμεθ’
3465,100119058,to,7431,αἴσῃ
3466,100119059,destiny,7431,ἀμφότεροι
3467,100119061,you,7431,σὺ
3468,100119062,in,7431,μὲν
3469,100119063,Troy,7431,ἐν
3470,100119064,in,7431,Τροίῃ
3471,100119065,the,7431,Πριάμου
3472,100119066,house,7431,κατὰ
3473,100119067,of,7431,δῶμα
3474,100119069,but,7431,αὐτὰρ
3475,100119070,I,7431,ἐγὼ
3476,100119071,in,7431,Θήβῃσιν
3477,100119072,the,7431,ὑπὸ
3478,100119073,house,7431,Πλάκῳ
3479,100119074,of,7431,ὑληέσσῃ
3480,100119075,Hettion,7431,ἐν
3481,100119076,under,7431,δόμῳ
3482,100119077,the,7431,Ἠετίωνος
3483,100119078,wooded,7431,","
3484,100119079,Placus,7431,ὅ
3485,100119080,whom,7431,μ’
3486,100119081,a,7431,ἔτρεφε
3487,100119082,wretched,7431,τυτθὸν
3488,100119083,mother,7431,ἐοῦσαν
3489,100119084,bearing,7431,δύσμορος
3490,100119085,an,7431,αἰνόμορον
3491,100119086,ill-starred,7431,.
3492,100119087,child,7431,
3493,100119088,once,7431,
3494,100119089,nurtured,7431,
3495,100119087,So,7432,ὡς
3496,100119088,never,7432,μὴ
3497,100119089,might,7432,ὤφελλε
3498,100119090,been,7432,τεκέσθαι
3499,100119090,born,7432,τεκέσθαι
3500,100119092,Now,7433,νῦν
3501,100119093,you,7433,δὲ
3502,100119094,are,7433,σὺ
3503,100119095,going,7433,μὲν
3504,100119096,to,7433,Ἀΐδαο
3505,100119097,the,7433,δόμους
3506,100119098,halls,7433,ὑπὸ
3507,100119099,of,7433,κεύθεσι
3508,100119100,Hades,7433,γαίης
3509,100119101,under,7433,ἔρχεαι
3510,100119102,the,7433,","
3511,100119103,earth's,7433,αὐτὰρ
3512,100119104,deep,7433,ἐμὲ
3513,100119105,places,7433,στυγερῷ
3514,100119106,but,7433,ἐνὶ
3515,100119107,you,7433,πένθεϊ
3516,100119108,are,7433,λείπεις
3517,100119109,leaving,7433,χήρην
3518,100119110,me,7433,ἐν
3519,100119111,behind,7433,μεγάροισι
3520,100119112,in,7433,.
3521,100119113,hateful,7433,
3522,100119114,grief,7433,
3523,100119115,a,7433,
3524,100119116,widow,7433,
3525,100119117,in,7433,
3526,100119118,the,7433,
3527,100119119,halls,7433,
3528,100119113,child,7434,πάϊς
3529,100119114,For,7434,δ’
3530,100119115,still,7434,ἔτι
3531,100119116,infant,7434,νήπιος
3532,100119117,mere,7434,αὔτως
3533,100119119,whom,7434,ὃν
3534,100119120,borne,7434,τέκομεν
3535,100119121,you,7434,σύ
3536,100119122,and,7434,τ’
3537,100119123,I,7434,ἐγώ
3538,100119124,pair,7434,τε
3539,100119125,unhappy,7434,δυσάμμοροι
3540,100119129,You,7435,σὺ
3541,100119127,not,7435,οὔ
3542,100119131,will be,7435,ἔσσεαι
3543,100119133,blessing,7435,ὄνειαρ
3544,100119130,to,7435,τούτῳ
3545,100119132,Hector,7435,Ἕκτορ
3546,100119134,after,7435,ἐπεὶ
3547,100119135,you have died,7435,θάνες
3548,100119137,nor,7435,οὔ
3549,100119140,this,7435,οὗτος
3550,100119139,yours,7435,σοὶ
3551,100119142,if,7436,ἤν
3552,100119143,even,7436,περ
3553,100119144,For,7436,γὰρ
3554,100119145,war,7436,πόλεμόν
3555,100119146,a,7436,γε
3556,100119147,flee,7436,φύγῃ
3557,100119148,much-tearing,7436,πολύδακρυν
3558,100119149,Achaeans,7436,Ἀχαιῶν
3559,100119151,ever,7436,αἰεί
3560,100119152,him,7436,τοι
3561,100119153,thereafter,7436,τούτῳ
3562,100119155,toil,7436,πόνος
3563,100119157,grief,7436,κήδε’
3564,100119158,behind,7436,ὀπίσσω
3565,100119159,follow,7436,ἔσσοντ’
3566,100119162,For,7437,γάρ
3567,100119161,others,7437,ἄλλοι
3568,100119163,plow,7437,οἱ
3569,100119164,plow,7437,ἀπουρίσσουσιν
3570,100119165,fields,7437,ἀρούρας
3571,100119168,And,7438,δ’
3572,100119167,day,7438,ἦμαρ
3573,100119169,orphan-making,7438,ὀρφανικὸν
3574,100119170,all-blossoming,7438,παναφήλικα
3575,100119171,child,7438,παῖδα
3576,100119172,puts,7438,τίθησι
3577,100119176,reminded,7439,ὑπεμνήμυκε
3578,100119174,everything,7439,πάντα
3579,100119175,and,7439,δ’
3580,100119178,weeping,7439,δεδάκρυνται
3581,100119180,cheeks,7439,παρειαί
3582,100119179,as,7439,δὲ
3583,100119186,boy,7439,πάϊς
3584,100119185,goes,7439,ἄνεισι
3585,100119187,to,7439,ἐς
3586,100119188,father's,7439,πατρὸς
3587,100119189,companions,7439,ἑταίρους
3588,100119182,begging,7439,δευόμενος
3589,100119191,one,7439,ἄλλον
3590,100119193,cloak,7439,χλαίνης
3591,100119192,and,7439,μὲν
3592,100119196,another,7439,ἄλλον
3593,100119198,tunic,7439,χιτῶνος
3594,100119200,Of,7440,τῶν
3595,100119201,these,7440,δ’
3596,100119202,pitying,7440,ἐλεησάντων
3597,100119203,cup,7440,κοτύλην
3598,100119204,one,7440,τις
3599,100119205,little,7440,τυτθὸν
3600,100119206,held back,7440,ἐπέσχε
3601,100119208,lips,7441,χείλεα
3602,100119209,but,7441,μέν
3603,100119210,but,7441,τ’
3604,100119211,touched,7441,ἐδίην’
3605,100119213,palate,7441,ὑπερῴην
3606,100119214,but,7441,δ’
3607,100119215,not,7441,οὐκ
3608,100119216,touch,7441,ἐδίηνε
3609,100119218,him,7442,τὸν
3610,100119219,But,7442,δὲ
3611,100119220,and,7442,καὶ
3612,100119221,Amphithale,7442,ἀμφιθαλὴς
3613,100119222,son,7442,ἐκ
3614,100119223,of Daithus,7442,δαιτύος
3615,100119224,struck,7442,ἐστυφέλιξε
3616,100119225,hands,7442,χερσὶν
3617,100119226,struck,7442,πεπλήγων
3618,100119227,and,7442,καὶ
3619,100119228,reproaches,7442,ὀνειδείοισιν
3620,100119229,reproaches,7442,ἐνίσσων
3621,100119232,Go,7443,ἔρρ’
3622,100119233,now,7443,οὕτως
3623,100119235,not,7444,οὐ
3624,100119236,Your,7444,σός
3625,100119237,at least,7444,γε
3626,100119238,father,7444,πατὴρ
3627,100119239,sharing,7444,μεταδαίνυται
3628,100119240,us,7444,ἡμῖν
3629,100119244,And,7445,δέ
3630,100119243,tearful,7445,δακρυόεις
3631,100119247,son,7445,πάϊς
3632,100119251,Astyanax,7445,Ἀστυάναξ
3633,100119246,goes,7445,ἄνεισι
3634,100119248,to,7445,ἐς
3635,100119249,mother,7445,μητέρα
3636,100119250,widowed,7445,χήρην
3637,100119253,who,7445,ὃς
3638,100119254,before,7445,πρὶν
3639,100119255,used,7445,μὲν
3640,100119262,to eat,7445,ἔδεσκε
3641,100119261,like,7445,οἶον
3642,100119260,marrow,7445,μυελὸν
3643,100119266,fat,7445,δημόν
3644,100119264,of sheep,7445,οἰῶν
3645,100119257,upon,7445,ἐπὶ
3646,100119258,knees,7445,γούνασι
3647,100119256,her,7445,ἑοῦ
3648,100119259,father's,7445,πατρὸς
3649,100119268,But,7446,αὐτὰρ
3650,100119269,when,7446,ὅθ’
3651,100119270,sleep,7446,ὕπνος
3652,100119271,seized,7446,ἕλοι
3653,100119273,ceased,7446,παύσαιτό
3654,100119274,from,7446,τε
3655,100119275,babbling,7446,νηπιαχεύων
3656,100119277,lay down,7446,εὕδεσκ’
3657,100119278,on,7446,ἐν
3658,100119279,bed,7446,λέκτροισιν
3659,100119280,in,7446,ἐν
3660,100119281,arms,7446,ἀγκαλίδεσσι
3661,100119282,nurse,7446,τιθήνης
3662,100119283,couch,7446,εὐνῇ
3663,100119284,on,7446,ἔνι
3664,100119285,soft,7446,μαλακῇ
3665,100119287,filled,7446,ἐμπλησάμενος
3666,100119288,heart,7446,κῆρ
3667,100119286,vigor,7446,θαλέων
3668,100119290,Now,7447,νῦν
3669,100119291,he,7447,δ’
3670,100119292,would,7447,ἂν
3671,100119293,many,7447,πολλὰ
3672,100119294,suffer,7447,πάθῃσι
3673,100119295,dear,7447,φίλου
3674,100119296,from,7447,ἀπὸ
3675,100119297,father,7447,πατρὸς
3676,100119298,things,7447,ἁμαρτὼν
3677,100119299,Astyanax,7447,Ἀστυάναξ
3678,100119301,whom,7447,ὃν
3679,100119302,Trojans,7447,Τρῶες
3680,100119303,name,7447,ἐπίκλησιν
3681,100119304,call,7447,καλέουσιν
3682,100119307,For,7448,γάρ
3683,100119306,as,7448,οἶος
3684,100119308,for,7448,σφιν
3685,100119309,guard,7448,ἔρυσο
3686,100119310,gates,7448,πύλας
3687,100119311,and,7448,καὶ
3688,100119312,walls,7448,τείχεα
3689,100119313,long,7448,μακρά
3690,100119315,Now,7449,νῦν
3691,100119318,indeed,7449,μὲν
3692,100119319,beside,7449,παρὰ
3693,100119320,ships,7449,νηυσὶ
3694,100119321,hollow,7449,κορωνίσι
3695,100119322,far from,7449,νόσφι
3696,100119323,parents,7449,τοκήων
3697,100119324,alone,7449,αἰόλαι
3698,100119325,worms,7449,εὐλαὶ
3699,100119326,devour,7449,ἔδονται
3700,100119317,you,7449,σὲ
3701,100119328,when,7449,ἐπεί
3702,100119330,dogs,7449,κύνες
3703,100119331,have had their fill,7449,κορέσωνται
3704,100119332,naked,7449,γυμνόν
3705,100119334,However,7450,ἀτάρ
3706,100119335,garments,7450,τοι
3707,100119336,garments,7450,εἵματ’
3708,100119337,in,7450,ἐνὶ
3709,100119338,great,7450,μεγάροισι
3710,100119338,halls,7450,μεγάροισι
3711,100119339,lying,7450,κέονται
3712,100119340,finely,7450,λεπτά
3713,100119341,and,7450,τε
3714,100119342,and,7450,καὶ
3715,100119343,graceful,7450,χαρίεντα
3716,100119344,crafted,7450,τετυγμένα
3717,100119345,hands,7450,χερσὶ
3718,100119346,women,7450,γυναικῶν
3719,100119348,But,7451,ἀλλ’
3720,100119349,indeed,7451,ἤτοι
3721,100119350,these,7451,τάδε
3722,100119351,all,7451,πάντα
3723,100119352,burn,7451,καταφλέξω
3724,100119353,fire,7451,πυρὶ
3725,100119354,blazing,7451,κηλέῳ
3726,100119355,no,7451,οὐδὲν
3727,100119356,benefit,7451,σοί
3728,100119357,at all,7451,γ’
3729,100119358,benefit,7451,ὄφελος
3730,100119360,since,7451,ἐπεὶ
3731,100119361,not,7451,οὐκ
3732,100119362,stand firm,7451,ἐγκείσεαι
3733,100119363,them,7451,αὐτοῖς
3734,100119365,but,7451,ἀλλὰ
3735,100119366,with,7451,πρὸς
3736,100119367,Trojans,7451,Τρώων
3737,100119368,and,7451,καὶ
3738,100119369,Trojan,7451,Τρωϊάδων
3739,100119370,glory,7451,κλέος
3740,100119374,Thus,7452,ὣς
3741,100119375,spoke,7452,ἔφατο
3742,100119376,weeping,7452,κλαίουσ’
3743,100119379,and,7452,δὲ
3744,100119380,groaned,7452,στενάχοντο
3745,100119381,women,7452,γυναῖκες
