,greek_id,greek_word,gloss,sent_id
0,100114975,ὣς,thus,0
1,100114976,οἳ,they,0
2,100114977,μὲν,on the one hand,0
3,100114978,κατὰ,into,0
4,100114979,ἄστυ,city,0
5,100114980,πεφυζότες,having fled,0
6,100114981,ἠΰτε,like,0
7,100114982,νεβροὶ,fawns,0
8,100114983,ἱδρῶ,sweat,0
9,100114984,ἀπεψύχοντο,they refreshed themselves,0
10,100114985,πίον,drank,0
11,100114986,τ’,and,0
12,100114987,ἀκέοντό,they refreshed themselves,0
13,100114988,τε,and,0
14,100114989,δίψαν,thirst,0
15,100114990,κεκλιμένοι,leaning,0
16,100114991,καλῇσιν,fair,0
17,100114992,ἐπάλξεσιν,battlements,0
18,100114993,.,.,0
19,100114994,αὐτὰρ,but,1
20,100114995,Ἀχαιοὶ,Achaeans,1
21,100114996,τείχεος,wall,1
22,100114997,ἆσσον,quickly,1
23,100114998,ἴσαν,they went,1
24,100114999,σάκε’,shields,1
25,100115000,ὤμοισι,shoulders,1
26,100115001,κλίναντες,having leaned,1
27,100115002,.,.,1
28,100115003,Ἕκτορα,Hector,2
29,100115004,δ’,but,2
30,100115005,αὐτοῦ,him,2
31,100115006,μεῖναι,to remain,2
32,100115007,ὀλοιὴ,destructive,2
33,100115008,μοῖρα,fate,2
34,100115009,πέδησεν,bound,2
35,100115010,Ἰλίου,of Troy,2
36,100115011,προπάροιθε,before,2
37,100115012,πυλάων,of gates,2
38,100115013,τε,and,2
39,100115014,Σκαιάων,of the Scaean,2
40,100115015,.,.,2
41,100115016,αὐτὰρ,but,3
42,100115017,Πηλείωνα,son of Peleus,3
43,100115018,προσηύδα,addressed,3
44,100115019,Φοῖβος,bright,3
45,100115020,Ἀπόλλων,Apollo,3
46,100115021,.,.,3
47,100115022,,,4
48,100115023,τίπτέ,why,4
49,100115024,με,me,4
50,100115025,Πηλέος,of Peleus,4
51,100115026,υἱὲ,son,4
52,100115027,ποσὶν,with feet,4
53,100115028,ταχέεσσι,swift,4
54,100115029,διώκεις,pursue,4
55,100115030,αὐτὸς,yourself,4
56,100115031,θνητὸς,mortal,4
57,100115032,ἐὼν,being,4
58,100115033,θεὸν,god,4
59,100115034,ἄμβροτον,immortal,4
60,100115035,;,;,4
61,100115036,οὐ,not,5
62,100115037,-δέ,and,5
63,100115038,νύ,indeed,5
64,100115039,πώ,yet,5
65,100115040,με,me,5
66,100115041,ἔγνως,you knew,5
67,100115042,ὡς,that,5
68,100115043,θεός,a god,5
69,100115044,εἰμι,am,5
70,100115045,",",",",5
71,100115046,σὺ,you,5
72,100115047,δ’,and,5
73,100115048,ἀσπερχὲς,unremittingly,5
74,100115049,μενεαίνεις,you persist,5
75,100115050,.,.,5
76,100115051,ἦ,indeed,6
77,100115052,νύ,indeed,6
78,100115053,τοι,you,6
79,100115054,οὔ,not,6
80,100115055,τι,anything,6
81,100115056,μέλει,it matters,6
82,100115057,Τρώων,of Trojans,6
83,100115058,πόνος,toil,6
84,100115059,",",",",6
85,100115060,οὓς,whom,6
86,100115061,ἐφόβησας,you frightened,6
87,100115062,",",",",6
88,100115063,οἳ,who,6
89,100115064,δή,indeed,6
90,100115065,τοι,to you,6
91,100115066,εἰς,into,6
92,100115067,ἄστυ,city,6
93,100115068,ἄλεν,went,6
94,100115069,",",",",6
95,100115070,σὺ,you,6
96,100115071,δὲ,and,6
97,100115072,δεῦρο,here,6
98,100115073,λιάσθης,you came,6
99,100115074,.,.,6
100,100115075,οὐ,not,7
101,100115076,μέν,indeed,7
102,100115077,με,me,7
103,100115078,κτενέεις,you will kill,7
104,100115079,",",",",7
105,100115080,ἐπεὶ,since,7
106,100115081,οὔ,not,7
107,100115082,τοι,to you,7
108,100115083,μόρσιμός,fated,7
109,100115084,εἰμι,am,7
110,100115085,,,7
111,100115086,.,.,7
112,100115087,τὸν,him,8
113,100115088,δὲ,then,8
114,100115089,μέγ’,greatly,8
115,100115090,ὀχθήσας,angered,8
116,100115091,προσέφη,said,8
117,100115092,πόδας,feet,8
118,100115093,ὠκὺς,swift,8
119,100115094,Ἀχιλλεύς,Achilles,8
120,100115095,.,.,8
121,100115096,,,9
122,100115097,ἔβλαψάς,you harmed,9
123,100115098,μ’,me,9
124,100115099,ἑκάεργε,O much-worked,9
125,100115100,θεῶν,of gods,9
126,100115101,ὀλοώτατε,most destructive,9
127,100115102,πάντων,of all,9
128,100115103,ἐνθάδε,here,9
129,100115104,νῦν,now,9
130,100115105,τρέψας,having turned,9
131,100115106,ἀπὸ,from,9
132,100115107,τείχεος,of the wall,9
133,100115108,.,.,9
134,100115109,ἦ,if,10
135,100115110,κ’,would,10
136,100115111,ἔτι,still,10
137,100115112,πολλοὶ,many,10
138,100115113,γαῖαν,land,10
139,100115114,ὀδὰξ,sharply,10
140,100115115,εἷλον,would take,10
141,100115116,πρὶν,before,10
142,100115117,Ἴλιον,Ilium,10
143,100115118,εἰσαφικέσθαι,to arrive,10
144,100115119,.,.,10
145,100115120,νῦν,now,11
146,100115121,δ’,but,11
147,100115122,ἐμὲ,me,11
148,100115123,μὲν,indeed,11
149,100115124,μέγα,great,11
150,100115125,κῦδος,glory,11
151,100115126,ἀφείλεο,take away,11
152,100115127,",",",",11
153,100115128,τοὺς,them,11
154,100115129,δὲ,and,11
155,100115130,σάωσας,having saved,11
156,100115131,ῥηϊδίως,easily,11
157,100115132,",",",",11
158,100115133,ἐπεὶ,since,11
159,100115134,οὔ,not,11
160,100115135,τι,at all,11
161,100115136,τίσιν,vengeance,11
162,100115137,γ’,indeed,11
163,100115138,ἔδεισας,you feared,11
164,100115139,ὀπίσσω,later,11
165,100115140,.,.,11
166,100115141,ἦ,oh,12
167,100115142,σ’,you,12
168,100115143,ἂν,would,12
169,100115144,τισαίμην,I would punish,12
170,100115145,",",",",12
171,100115146,εἴ,if,12
172,100115147,μοι,me,12
173,100115148,δύναμίς,power,12
174,100115149,γε,indeed,12
175,100115150,παρείη,were to be present,12
176,100115151, , ,12
177,100115152,.,.,12
178,100115153,ὣς,so,13
179,100115154,εἰπὼν,having spoken,13
180,100115155,προτὶ,before,13
181,100115156,ἄστυ,city,13
182,100115157,μέγα,greatly,13
183,100115158,φρονέων,thinking,13
184,100115159,ἐβεβήκει,had gone,13
185,100115160,",",",",13
186,100115161,σευάμενος,rushing,13
187,100115162,ὥς,as,13
188,100115163,θ’,and,13
189,100115164,ἵππος,horse,13
190,100115165,ἀεθλοφόρος,prize-bearing,13
191,100115166,σὺν,with,13
192,100115167,ὄχεσφιν,chariots,13
193,100115168,",",",",13
194,100115169,ὅς,who,13
195,100115170,ῥά,indeed,13
196,100115171,τε,and,13
197,100115172,ῥεῖα,swiftly,13
198,100115173,θέῃσι,spreads,13
199,100115174,τιταινόμενος,stretching,13
200,100115175,πεδίοιο,of the plain,13
201,100115176,.,.,13
202,100115177,ὣς,thus,14
203,100115178,Ἀχιλεὺς,Achilles,14
204,100115179,λαιψηρὰ,swift,14
205,100115180,πόδας,feet,14
206,100115181,καὶ,and,14
207,100115182,γούνατ’,knees,14
208,100115183,ἐνώμα,fitted,14
209,100115184,.,.,14
210,100115185,τὸν,him,15
211,100115186,δ’,-,15
212,100115187,ὃ,the,15
213,100115188,γέρων,old man,15
214,100115189,Πρίαμος,Priam,15
215,100115190,πρῶτος,first,15
216,100115191,ἴδεν,saw,15
217,100115192,ὀφθαλμοῖσι,with his eyes,15
218,100115193,παμφαίνονθ’,shining brightly,15
219,100115194,ὥς,as,15
220,100115195,τ',-te,15
221,100115196,ἀστέρ’,star,15
222,100115197,ἐπεσσύμενον,rushing,15
223,100115198,πεδίοιο,of the plain,15
224,100115199,",",",",15
225,100115200,ὅς,which,15
226,100115201,ῥά,indeed,15
227,100115202,τ',and,15
228,100115203,ὀπώρης,of autumn,15
229,100115204,εἶσιν,are coming,15
230,100115205,",",",",15
231,100115206,ἀρίζηλοι,brightest,15
232,100115207,δέ,but,15
233,100115208,οἱ,their,15
234,100115209,αὐγαὶ,beams,15
235,100115210,φαίνονται,appear,15
236,100115211,πολλοῖσι,many,15
237,100115212,μετ’,among,15
238,100115213,ἀστράσι,stars,15
239,100115214,νυκτὸς,of night,15
240,100115215,ἀμολγῷ,dark,15
241,100115216,",",",",15
242,100115217,ὅν,whom,15
243,100115218,τε,and,15
244,100115219,κύν’,dog,15
245,100115220,Ὠρίωνος,of Orion,15
246,100115221,ἐπίκλησιν,as a name,15
247,100115222,καλέουσι,they call,15
248,100115223,.,.,15
249,100115224,λαμπρότατος,most radiant,16
250,100115225,μὲν,indeed,16
251,100115226,ὅ,he,16
252,100115227,γ’,indeed,16
253,100115228,ἐστί,is,16
254,100115229,",",",",16
255,100115230,κακὸν,evil,16
256,100115231,δέ,but,16
257,100115232,τε,and,16
258,100115233,σῆμα,omen,16
259,100115234,τέτυκται,has been fashioned,16
260,100115235,",",",",16
261,100115236,καί,and,16
262,100115237,τε,and,16
263,100115238,φέρει,bears,16
264,100115239,πολλὸν,much,16
265,100115240,πυρετὸν,fever,16
266,100115241,δειλοῖσι,cowardly,16
267,100115242,βροτοῖσιν,to mortals,16
268,100115243,.,.,16
269,100115244,ὣς,so,17
270,100115245,τοῦ,his,17
271,100115246,χαλκὸς,bronze,17
272,100115247,ἔλαμπε,shone,17
273,100115248,περὶ,around,17
274,100115249,στήθεσσι,breasts,17
275,100115250,θέοντος,running,17
276,100115251,.,.,17
277,100115252,ᾤμωξεν,cried out,18
278,100115253,δ’,and,18
279,100115254,ὃ,the,18
280,100115255,γέρων,old man,18
281,100115256,",",",",18
282,100115257,κεφαλὴν,head,18
283,100115258,δ’,and,18
284,100115259,ὅ,he,18
285,100115260,γε,indeed,18
286,100115261,κόψατο,struck,18
287,100115262,χερσὶν,with hands,18
288,100115263,ὑψόσ’,upwards,18
289,100115264,ἀνασχόμενος,holding up,18
290,100115265,",",",",18
291,100115266,μέγα,loudly,18
292,100115267,δ’,and,18
293,100115268,οἰμώξας,shouting loudly,18
294,100115269,ἐγεγώνει,cried aloud,18
295,100115270,λισσόμενος,begging,18
296,100115271,φίλον,beloved,18
297,100115272,υἱόν,son,18
298,100115273,.,.,18
299,100115274,ὃ,he,19
300,100115275,δὲ,but,19
301,100115276,προπάροιθε,before,19
302,100115277,πυλάων,of the gates,19
303,100115278,ἑστήκει,was standing,19
304,100115279,ἄμοτον,endlessly,19
305,100115280,μεμαὼς,being eager,19
306,100115281,Ἀχιλῆϊ,Achilles,19
307,100115282,μάχεσθαι,to fight,19
308,100115283,.,.,19
309,100115284,τὸν,him,20
310,100115285,δ',but,20
311,100115286,ὃ,the,20
312,100115287,γέρων,old man,20
313,100115288,ἐλεεινὰ,pitiably,20
314,100115289,προσηύδα,addressed,20
315,100115290,χεῖρας,hands,20
316,100115291,ὀρεγνύς,stretching,20
317,100115292,.,.,20
318,100115293,,,21
319,100115294,Ἕκτορ,Hector,21
320,100115295,μή,not,21
321,100115296,μοι,me,21
322,100115297,μίμνε,stay,21
323,100115298,φίλον,beloved,21
324,100115299,τέκος,child,21
325,100115300,ἀνέρα,man,21
326,100115301,τοῦτον,this,21
327,100115302,οἶος,alone,21
328,100115303,ἄνευθ',without,21
329,100115304,ἄλλων,others,21
330,100115305,",",",",21
331,100115306,ἵνα,so that,21
332,100115307,μὴ,not,21
333,100115308,τάχα,soon,21
334,100115309,πότμον,doom,21
335,100115310,ἐπίσπῃς,you may pursue,21
336,100115311,Πηλεΐωνι,to Peleus,21
337,100115312,δαμείς,conquering,21
338,100115313,",",",",21
339,100115314,ἐπεὶ,because,21
340,100115315,ἦ,for,21
341,100115316,πολὺ,much,21
342,100115317,φέρτερός,stronger,21
343,100115318,ἐστι,is,21
344,100115319,σχέτλιος,cruel,21
345,100115320,.,.,21
346,100115321,αἴθε,if only,22
347,100115322,θεοῖσι,to the gods,22
348,100115323,φίλος,dear,22
349,100115324,τοσσόνδε,so much,22
350,100115325,γένοιτο,become,22
351,100115326,ὅσσον,as much as,22
352,100115327,ἐμοί,to me,22
353,100115328,.,.,22
354,100115329,τάχα,soon,23
355,100115330,κέν,might,23
356,100115331,ἑ,him,23
357,100115332,κύνες,dogs,23
358,100115333,καὶ,and,23
359,100115334,γῦπες,vultures,23
360,100115335,ἔδοιεν,would eat,23
361,100115336,κείμενον,lying,23
362,100115337,.,.,23
363,100115338,ἦ,if,24
364,100115339,κέ,if,24
365,100115340,μοι,to me,24
366,100115341,αἰνὸν,praise,24
367,100115342,ἀπὸ,from,24
368,100115343,πραπίδων,of the mind,24
369,100115344,ἄχος,grief,24
370,100115345,ἔλθοι,should come,24
371,100115346,.,.,24
372,100115347,ὅς,who,25
373,100115348,μ’,me,25
374,100115349,υἱῶν,sons,25
375,100115350,πολλῶν,many,25
376,100115351,τε,and,25
377,100115352,καὶ,and,25
378,100115353,ἐσθλῶν,of noble,25
379,100115354,εὖνιν,bed,25
380,100115355,ἔθηκε,placed,25
381,100115356,κτείνων,killing,25
382,100115357,καὶ,and,25
383,100115358,περνὰς,selling,25
384,100115359,νήσων,of islands,25
385,100115360,ἔπι,on,25
386,100115361,τηλεδαπάων,distant,25
387,100115362,.,.,25
388,100115363,καὶ,for,26
389,100115364,γὰρ,for,26
390,100115365,νῦν,now,26
391,100115366,δύο,two,26
392,100115367,παῖδε,sons,26
393,100115368,Λυκάονα,Lycaon,26
394,100115369,καὶ,and,26
395,100115370,Πολύδωρον,Polydoros,26
396,100115371,οὐ,not,26
397,100115372,δύναμαι,I am able,26
398,100115373,ἰδέειν,to see,26
399,100115374,Τρώων,of Trojans,26
400,100115375,εἰς,into,26
401,100115376,ἄστυ,city,26
402,100115377,ἀλέντων,carrying off,26
403,100115378,",",",",26
404,100115379,τούς,them,26
405,100115380,μοι,me,26
406,100115381,Λαοθόη,Laodice,26
407,100115382,τέκετο,bore,26
408,100115383,κρείουσα,of the king,26
409,100115384,γυναικῶν,of women,26
410,100115385,.,.,26
411,100115386,ἀλλ’,but,27
412,100115387,εἰ,if,27
413,100115388,μὲν,on the one hand,27
414,100115389,ζώουσι,they live,27
415,100115390,μετὰ,among,27
416,100115391,στρατῷ,army,27
417,100115392,",",",",27
418,100115393,ἦ,or,27
419,100115394,τ’,and,27
420,100115395,ἂν,would,27
421,100115396,ἔπειτα,then,27
422,100115397,χαλκοῦ,bronze,27
423,100115398,τε,and,27
424,100115399,χρυσοῦ,gold,27
425,100115400,τ’,and,27
426,100115401,ἀπολυσόμεθ’,we will release,27
427,100115402,",",",",27
428,100115403,ἔστι,is,27
429,100115404,γὰρ,for,27
430,100115405,ἔνδον,inside,27
431,100115406,.,.,27
432,100115407,πολλὰ,many,28
433,100115408,γὰρ,for,28
434,100115409,ὤπασε,promised,28
435,100115410,παιδὶ,son,28
436,100115411,γέρων,old,28
437,100115412,ὀνομάκλυτος,famous-by-name,28
438,100115413,Ἄλτης,Altes,28
439,100115414,.,.,28
440,100115415,εἰ,if,29
441,100115416,δ',and,29
442,100115417,ἤδη,already,29
443,100115418,τεθνᾶσι,are dead,29
444,100115419,καὶ,and,29
445,100115420,εἰν,in,29
446,100115421,Ἀΐδαο,of Hades,29
447,100115422,δόμοισιν,houses,29
448,100115423,",",",",29
449,100115424,ἄλγος,grief,29
450,100115425,ἐμῷ,my,29
451,100115426,θυμῷ,to my spirit,29
452,100115427,καὶ,and,29
453,100115428,μητέρι,mother,29
454,100115429,τοὶ,we,29
455,100115430,τεκόμεσθα,we may be born,29
456,100115431,.,.,29
457,100115432,λαοῖσιν,to the peoples,30
458,100115433,δ’,and,30
459,100115434,ἄλλοισι,others,30
460,100115435,μινυνθαδιώτερον,more short-lived,30
461,100115436,ἄλγος,grief,30
462,100115437,ἔσσεται,will be,30
463,100115438,",",",",30
464,100115439,ἢν,if,30
465,100115440,μὴ,not,30
466,100115441,καὶ,and,30
467,100115442,σὺ,you,30
468,100115443,θάνῃς,you die,30
469,100115444,Ἀχιλῆϊ,Achilles,30
470,100115445,δαμασθείς,having been subdued,30
471,100115446,.,.,30
472,100115447,ἀλλ’,but,31
473,100115448,εἰσέρχεο,enter,31
474,100115449,τεῖχος,wall,31
475,100115450,ἐμὸν,my,31
476,100115451,τέκος,child,31
477,100115452,",",",",31
478,100115453,ὄφρα,so that,31
479,100115454,σαώσῃς,you might save,31
480,100115455,Τρῶας,Trojans,31
481,100115456,καὶ,and,31
482,100115457,Τρῳάς,Trojan women,31
483,100115458,",",",",31
484,100115459,μὴ,not,31
485,100115460,δὲ,but,31
486,100115461,μέγα,great,31
487,100115462,κῦδος,glory,31
488,100115463,ὀρέξῃς,you should not cause,31
489,100115464,Πηλεΐδῃ,son of Peleus,31
490,100115465,",",",",31
491,100115466,αὐτὸς,you,31
492,100115467,δὲ,but,31
493,100115468,φίλης,dear,31
494,100115469,αἰῶνος,lifetime,31
495,100115470,ἀμερθῇς,be unforgettable,31
496,100115471,.,.,31
497,100115472,πρὸς,toward,32
498,100115473,δ’,and,32
499,100115474,ἐμὲ,me,32
500,100115475,τὸν,the,32
501,100115476,δύστηνον,wretched,32
502,100115477,ἔτι,still,32
503,100115478,φρονέοντ',thinking,32
504,100115479,ἐλέησον,pity,32
505,100115480,δύσμορον,ill-fated,32
506,100115481,",",",",32
507,100115482,ὅν,whom,32
508,100115483,ῥα,indeed,32
509,100115484,πατὴρ,father,32
510,100115485,Κρονίδης,son of Cronus,32
511,100115486,ἐπὶ,on,32
512,100115487,γήραος,of old age,32
513,100115488,οὐδῷ,threshold,32
514,100115489,αἴσῃ,destiny,32
515,100115490,ἐν,in,32
516,100115491,ἀργαλέῃ,painful,32
517,100115492,φθίσει,destruction,32
518,100115493,κακὰ,evils,32
519,100115494,πόλλ’,many,32
520,100115495,ἐπιδόντα,having seen,32
521,100115496,υἷάς,sons,32
522,100115497,τ’,and,32
523,100115498,ὀλλυμένους,being destroyed,32
524,100115499,ἑλκηθείσας,being dragged,32
525,100115500,τε,and,32
526,100115501,θύγατρας,daughters,32
527,100115502,",",",",32
528,100115503,καὶ,and,32
529,100115504,θαλάμους,chambers,32
530,100115505,κεραϊζομένους,mixing,32
531,100115506,",",",",32
532,100115507,καὶ,and,32
533,100115508,νήπια,infant,32
534,100115509,τέκνα,children,32
535,100115510,βαλλόμενα,being thrown,32
536,100115511,προτὶ,against,32
537,100115512,γαίῃ,earth,32
538,100115513,ἐν,in,32
539,100115514,αἰνῇ,fierce,32
540,100115515,δηϊοτῆτι,battle,32
541,100115516,",",",",32
542,100115517,ἑλκομένας,being dragged,32
543,100115518,τε,and,32
544,100115519,νυοὺς,daughters,32
545,100115520,ὀλοῇς,destructive,32
546,100115521,ὑπὸ,by,32
547,100115522,χερσὶν,hands,32
548,100115523,Ἀχαιῶν,of the Achaeans,32
549,100115524,.,.,32
550,100115525,αὐτὸν,him,33
551,100115526,δ’,and,33
552,100115527,ἂν,would,33
553,100115528,πύματόν,last,33
554,100115529,με,me,33
555,100115530,κύνες,dogs,33
556,100115531,πρώτῃσι,first,33
557,100115532,θύρῃσιν,doors,33
558,100115533,ὠμησταὶ,ravening,33
559,100115534,ἐρύουσιν,will drag,33
560,100115535,",",",",33
561,100115536,ἐπεί,when,33
562,100115537,κέ,if,33
563,100115538,τις,someone,33
564,100115539,ὀξέϊ,sharp,33
565,100115540,χαλκῷ,with sharp bronze,33
566,100115541,τύψας,having struck,33
567,100115542,ἠὲ,or,33
568,100115543,βαλὼν,striking,33
569,100115544,ῥεθέων,of the face,33
570,100115545,ἐκ,from,33
571,100115546,θυμὸν,life,33
572,100115547,ἕληται,is taken,33
573,100115548,",",",",33
574,100115549,οὓς,whom,33
575,100115550,τρέφον,feeding,33
576,100115551,ἐν,in,33
577,100115552,μεγάροισι,halls,33
578,100115553,τραπεζῆας,table-serving,33
579,100115554,θυραωρούς,door-keepers,33
580,100115555,",",",",33
581,100115556,οἵ,who,33
582,100115557,κ',would,33
583,100115558,ἐμὸν,my,33
584,100115559,αἷμα,blood,33
585,100115560,πιόντες,drinking,33
586,100115561,ἀλύσσοντες,yelping,33
587,100115562,περὶ,around,33
588,100115563,θυμῷ,heart,33
589,100115564,κείσοντ’,would lie,33
590,100115565,ἐν,in,33
591,100115566,προθύροισι,doorway,33
592,100115567,.,.,33
593,100115568,νέῳ,new,34
594,100115569,δέ,but,34
595,100115570,τε,and,34
596,100115571,πάντ’,all,34
597,100115572,ἐπέοικεν,seems,34
598,100115573,ἄρηϊ,in war,34
599,100115574,κταμένῳ,having been slain,34
600,100115575,δεδαϊγμένῳ,wounded,34
601,100115576,ὀξέϊ,sharp,34
602,100115577,χαλκῷ,bronze,34
603,100115578,κεῖσθαι,to lie,34
604,100115579,.,.,34
605,100115580,πάντα,all,35
606,100115581,δὲ,but,35
607,100115582,καλὰ,beautiful,35
608,100115583,θανόντι,to the dying,35
609,100115584,περ,even,35
610,100115585,ὅττι,whatever,35
611,100115586,φανήῃ,appear,35
612,100115587,.,.,35
613,100115588,ἀλλ’,but,36
614,100115589,ὅτε,when,36
615,100115590,δὴ,indeed,36
616,100115591,πολιόν,gray,36
617,100115592,τε,and,36
618,100115593,κάρη,head,36
619,100115594,πολιόν,grey,36
620,100115595,τε,and,36
621,100115596,γένειον,beard,36
622,100115597,αἰδῶ,reverence,36
623,100115598,τ’,and,36
624,100115599,αἰσχύνωσι,shame,36
625,100115600,κύνες,dogs,36
626,100115601,κταμένοιο,having been killed,36
627,100115602,γέροντος,of the old man,36
628,100115603,",",",",36
629,100115604,τοῦτο,this,36
630,100115605,δὴ,indeed,36
631,100115606,οἴκτιστον,pitiable,36
632,100115607,πέλεται,becomes,36
633,100115608,δειλοῖσι,cowardly,36
634,100115609,βροτοῖσιν,to mortals,36
635,100115610,,,36
636,100115611,.,.,36
637,100115612,ἦ,and,37
638,100115613,ῥ’,indeed,37
639,100115614,ὃ,the,37
640,100115615,γέρων,old man,37
641,100115616,",",",",37
642,100115617,πολιὰς,gray,37
643,100115618,δ’,and,37
644,100115619,ἄρ’,then,37
645,100115620,ἀνὰ,up,37
646,100115621,τρίχας,hair,37
647,100115622,ἕλκετο,he drew,37
648,100115623,χερσὶ,with his hands,37
649,100115624,τίλλων,pulling,37
650,100115625,ἐκ,from,37
651,100115626,κεφαλῆς,head,37
652,100115627,.,.,37
653,100115628,οὐ,and,38
654,100115629,-δ’,but,38
655,100115630,Ἕκτορι,to Hector,38
656,100115631,θυμὸν,spirit,38
657,100115632,ἔπειθε,persuaded,38
658,100115633,.,.,38
659,100115634,μήτηρ,mother,39
660,100115635,δ’,and,39
661,100115636,αὖθ’,again,39
662,100115637,ἑτέρωθεν,from another direction,39
663,100115638,ὀδύρετο,laments,39
664,100115639,δάκρυ,tear,39
665,100115640,χέουσα,pouring,39
666,100115641,κόλπον,bosom,39
667,100115642,ἀνιεμένη,wailing,39
668,100115643,",",",",39
669,100115644,ἑτέρηφι,on the other,39
670,100115645,δὲ,and,39
671,100115646,μαζὸν,breast,39
672,100115647,ἀνέσχε,held up,39
673,100115648,.,.,39
674,100115649,καί,and,40
675,100115650,μιν,him,40
676,100115651,δάκρυ,tear,40
677,100115652,χέουσ’,pouring,40
678,100115653,ἔπεα,words,40
679,100115654,πτερόεντα,winged,40
680,100115655,προσηύδα,addressed,40
681,100115656,.,.,40
682,100115657,,,41
683,100115658,Ἕκτορ,Hector,41
684,100115659,τέκνον,child,41
685,100115660,ἐμὸν,my,41
686,100115661,τάδε,these,41
687,100115662,τ',and,41
688,100115663,αἴδεο,revere,41
689,100115664,καί,and,41
690,100115665,μ’,me,41
691,100115666,ἐλέησον,have pity on,41
692,100115667,αὐτήν,while,41
693,100115668,",",",",41
694,100115669,εἴ,if,41
695,100115670,ποτέ,ever,41
696,100115671,τοι,you,41
697,100115672,λαθικηδέα,forgetful-of-breasts,41
698,100115673,μαζὸν,breast,41
699,100115674,ἐπέσχον,held,41
700,100115675,.,.,41
701,100115676,τῶν,of-them,42
702,100115677,μνῆσαι,remember,42
703,100115678,φίλε,friend,42
704,100115679,τέκνον,child,42
705,100115680,ἄμυνε,defend,42
706,100115681,δὲ,and,42
707,100115682,δήϊον,destructive,42
708,100115683,ἄνδρα,man,42
709,100115684,τείχεος,of the wall,42
710,100115685,ἐντὸς,within,42
711,100115686,ἐών,being,42
712,100115687,",",",",42
713,100115688,μὴ,not,42
714,100115689,δὲ,and,42
715,100115690,πρόμος,champion,42
716,100115691,ἵστασο,stand,42
717,100115692,τούτῳ,against this,42
718,100115693,σχέτλιος,ruthless,42
719,100115694,.,.,42
720,100115695,εἴ,if,43
721,100115696,περ,even,43
722,100115697,γάρ,for,43
723,100115698,σε,you,43
724,100115699,κατακτάνῃ,kill,43
725,100115700,",",",",43
726,100115701,οὔ,not,43
727,100115702,σ’,you,43
728,100115703,ἔτ',still,43
729,100115704,ἔγωγε,I myself,43
730,100115705,κλαύσομαι,will mourn,43
731,100115706,ἐν,in,43
732,100115707,λεχέεσσι,on beds,43
733,100115708,φίλον,beloved,43
734,100115709,θάλος,scion,43
735,100115710,",",",",43
736,100115711,ὃν,whom,43
737,100115712,τέκον,I bore,43
738,100115713,αὐτή,myself,43
739,100115714,",",",",43
740,100115715,οὐ,not,43
741,100115716,-δ’,and,43
742,100115717,ἄλοχος,wife,43
743,100115718,πολύδωρος,much-gifted,43
744,100115719,.,.,43
745,100115720,ἄνευθε,far off,44
746,100115721,δέ,but,44
747,100115722,σε,you,44
748,100115723,μέγα,greatly,44
749,100115724,νῶϊν,us,44
750,100115725,Ἀργείων,of the Argives,44
751,100115726,παρὰ,beside,44
752,100115727,νηυσὶ,ships,44
753,100115728,κύνες,dogs,44
754,100115729,ταχέες,swift,44
755,100115730,κατέδονται,they will eat,44
756,100115731,,,44
757,100115732,.,.,44
758,100115733,ὣς,thus,45
759,100115734,τώ,him,45
760,100115735,γε,indeed,45
761,100115736,κλαίοντε,weeping,45
762,100115737,προσαυδήτην,addressed,45
763,100115738,φίλον,beloved,45
764,100115739,υἱὸν,son,45
765,100115740,πολλὰ,much,45
766,100115741,λισσομένω,pleading,45
767,100115742,.,.,45
768,100115743,οὐ,not,46
769,100115744,-δ’,but,46
770,100115745,Ἕκτορι,to Hector,46
771,100115746,θυμὸν,spirit,46
772,100115747,ἔπειθον,I persuaded,46
773,100115748,",",",",46
774,100115749,ἀλλ’,but,46
775,100115750,ὅ,he,46
776,100115751,γε,indeed,46
777,100115752,μίμν’,stayed,46
778,100115753,Ἀχιλῆα,Achilles,46
779,100115754,πελώριον,monstrous,46
780,100115755,ἆσσον,near,46
781,100115756,ἰόντα,coming,46
782,100115757,.,.,46
783,100115758,ὡς,thus,47
784,100115759,δὲ,then,47
785,100115760,δράκων,snake,47
786,100115761,ἐπὶ,on,47
787,100115762,χειῇ,cleft,47
788,100115763,ὀρέστερος,more savage,47
789,100115764,ἄνδρα,man,47
790,100115765,μένῃσι,waits,47
791,100115766,βεβρωκὼς,having eaten,47
792,100115767,κακὰ,harmful,47
793,100115768,φάρμακ’,poisons,47
794,100115769,",",",",47
795,100115770,ἔδυ,entered,47
796,100115771,δέ,and,47
797,100115772,τέ,and,47
798,100115773,μιν,him,47
799,100115774,χόλος,anger,47
800,100115775,αἰνός,fierce,47
801,100115776,",",",",47
802,100115777,σμερδαλέον,terribly,47
803,100115778,δὲ,and,47
804,100115779,δέδορκεν,looked,47
805,100115780,ἑλισσόμενος,coiling,47
806,100115781,περὶ,around,47
807,100115782,χειῇ,cave,47
808,100115783,.,.,47
809,100115784,ὣς,thus,48
810,100115785,Ἕκτωρ,Hector,48
811,100115786,ἄσβεστον,unquenchable,48
812,100115787,ἔχων,holding,48
813,100115788,μένος,strength,48
814,100115789,οὐχ,not,48
815,100115790,ὑπεχώρει,retreated,48
816,100115791,πύργῳ,to the tower,48
817,100115792,ἔπι,to,48
818,100115793,προὔχοντι,projecting,48
819,100115794,φαεινὴν,shining,48
820,100115795,ἀσπίδ’,shield,48
821,100115796,ἐρείσας,having leaned,48
822,100115797,.,.,48
823,100115798,ὀχθήσας,angered,49
824,100115799,δ’,but,49
825,100115800,ἄρα,then,49
826,100115801,εἶπε,spoke,49
827,100115802,πρὸς,to,49
828,100115803,ὃν,his,49
829,100115804,μεγαλήτορα,great-hearted,49
830,100115805,θυμόν,heart,49
831,100115806,.,.,49
832,100115807,,,50
833,100115808,ὤ,alas,50
834,100115809,μοι,me,50
835,100115810,ἐγών,I,50
836,100115811,",",",",50
837,100115812,εἰ,if,50
838,100115813,μέν,indeed,50
839,100115814,κε,if,50
840,100115815,πύλας,gates,50
841,100115816,καὶ,and,50
842,100115817,τείχεα,walls,50
843,100115818,δύω,entered,50
844,100115819,",",",",50
845,100115820,Πουλυδάμας,Polydamas,50
846,100115821,μοι,to me,50
847,100115822,πρῶτος,first,50
848,100115823,ἐλεγχείην,be found guilty,50
849,100115824,ἀναθήσει,should be put forward,50
850,100115825,",",",",50
851,100115826,ὅς,who,50
852,100115827,μ’,me,50
853,100115828,ἐκέλευε,ordered,50
854,100115829,Τρωσὶ,to the Trojans,50
855,100115830,ποτὶ,to,50
856,100115831,πτόλιν,city,50
857,100115832,ἡγήσασθαι,to lead,50
858,100115833,νύχθ’,night,50
859,100115834,ὕπο,under,50
860,100115835,τήνδ',this,50
861,100115836,ὀλοὴν,destructive,50
862,100115837,ὅτε,when,50
863,100115838,τ’,and,50
864,100115839,ὤρετο,he discovered,50
865,100115840,δῖος,godlike,50
866,100115841,Ἀχιλλεύς,Achilles,50
867,100115842,.,.,50
868,100115843,ἀλλ’,but,51
869,100115844,ἐγὼ,I,51
870,100115845,οὐ,not,51
871,100115846,πιθόμην,obeyed,51
872,100115847,.,.,51
873,100115848,ἦ,or,52
874,100115849,τ’,and,52
875,100115850,ἂν,if,52
876,100115851,πολὺ,much,52
877,100115852,κέρδιον,more profitable,52
878,100115853,ἦεν,was,52
879,100115854,.,.,52
880,100115855,νῦν,now,53
881,100115856,δ’,but,53
882,100115857,ἐπεὶ,now,53
883,100115858,ὤλεσα,destroyed,53
884,100115859,λαὸν,people,53
885,100115860,ἀτασθαλίῃσιν,recklessness,53
886,100115861,ἐμῇσιν,my,53
887,100115862,",",",",53
888,100115863,αἰδέομαι,I am ashamed,53
889,100115864,Τρῶας,Trojans,53
890,100115865,καὶ,and,53
891,100115866,Τρῳάδας,Trojan women,53
892,100115867,ἑλκεσιπέπλους,with trailing robes,53
893,100115868,",",",",53
894,100115869,μή,not,53
895,100115870,ποτέ,ever,53
896,100115871,τις,anyone,53
897,100115872,εἴπῃσι,say,53
898,100115873,κακώτερος,worse,53
899,100115874,ἄλλος,other,53
900,100115875,ἐμεῖο,of me,53
901,100115876,.,.,53
902,100115877,,,54
903,100115878,Ἕκτωρ,Hector,54
904,100115879,ἧφι,her,54
905,100115880,βίηφι,strength,54
906,100115881,πιθήσας,having obeyed,54
907,100115882,ὤλεσε,destroyed,54
908,100115883,λαόν,army,54
909,100115884,,,54
910,100115885,.,.,54
911,100115886,ὣς,thus,55
912,100115887,ἐρέουσιν,they will speak,55
913,100115888,.,.,55
914,100115889,ἐμοὶ,to me,56
915,100115890,δὲ,but,56
916,100115891,τότ’,then,56
917,100115892,ἂν,if,56
918,100115893,πολὺ,much,56
919,100115894,κέρδιον,more profitable,56
920,100115895,εἴη,were,56
921,100115896,ἄντην,face to face,56
922,100115897,ἢ,or,56
923,100115898,Ἀχιλῆα,Achilles,56
924,100115899,κατακτείναντα,having slain,56
925,100115900,νέεσθαι,to go,56
926,100115901,",",",",56
927,100115902,ἠέ,or,56
928,100115903,κεν,if,56
929,100115904,αὐτῷ,by him,56
930,100115905,ὀλέσθαι,to be destroyed,56
931,100115906,ἐϋκλειῶς,gloriously,56
932,100115907,πρὸ,before,56
933,100115908,πόληος,city,56
934,100115909,.,.,56
935,100115910,εἰ,if,57
936,100115911,δέ,but,57
937,100115912,κεν,if,57
938,100115913,ἀσπίδα,shield,57
939,100115914,μὲν,on the one hand,57
940,100115915,καταθείομαι,I will lay down,57
941,100115916,ὀμφαλόεσσαν,umbilicated,57
942,100115917,καὶ,and,57
943,100115918,κόρυθα,helmet,57
944,100115919,βριαρήν,vigorous,57
945,100115920,",",",",57
946,100115921,δόρυ,spear,57
947,100115922,δὲ,and,57
948,100115923,πρὸς,toward,57
949,100115924,τεῖχος,wall,57
950,100115925,ἐρείσας,having leaned,57
951,100115926,αὐτὸς,I myself,57
952,100115927,ἰὼν,going,57
953,100115928,Ἀχιλῆος,Achilles,57
954,100115929,ἀμύμονος,blameless,57
955,100115930,ἀντίος,opposite,57
956,100115931,ἔλθω,come,57
957,100115932,καί,and,57
958,100115933,οἱ,them,57
959,100115934,ὑπόσχωμαι,promise,57
960,100115935,Ἑλένην,Helen,57
961,100115936,καὶ,and,57
962,100115937,κτήμαθ’,possessions,57
963,100115938,ἅμ’,with,57
964,100115939,αὐτῇ,her,57
965,100115940,",",",",57
966,100115941,πάντα,all,57
967,100115942,μάλ’,very,57
968,100115943,ὅσσά,all that,57
969,100115944,τ',and,57
970,100115945,Ἀλέξανδρος,Alexander,57
971,100115946,κοίλῃς,hollow,57
972,100115947,ἐνὶ,in,57
973,100115948,νηυσὶν,ships,57
974,100115949,ἠγάγετο,brought,57
975,100115950,Τροίηνδ',to Troy,57
976,100115951,",",",",57
977,100115952,ἥ,which,57
978,100115953,τ',and,57
979,100115954,ἔπλετο,became,57
980,100115955,νείκεος,strife,57
981,100115956,ἀρχή,beginning,57
982,100115957,",",",",57
983,100115958,δωσέμεν,to give,57
984,100115959,Ἀτρεΐδῃσιν,to the sons of Atreus,57
985,100115960,ἄγειν,to lead,57
986,100115961,",",",",57
987,100115962,ἅμα,at the same time,57
988,100115963,δ’,and,57
989,100115964,ἀμφὶς,on both sides,57
990,100115965,Ἀχαιοῖς,to the Achaeans,57
991,100115966,ἄλλ’,other,57
992,100115967,ἀποδάσσεσθαι,to give back,57
993,100115968,ὅσα,whatever,57
994,100115969,τε,and,57
995,100115970,πτόλις,city,57
996,100115971,ἥδε,this,57
997,100115972,κέκευθε,has hidden,57
998,100115973,.,.,57
999,100115974,Τρωσὶν,to the Trojans,58
1000,100115975,δ’,and,58
1001,100115976,αὖ,and,58
1002,100115977,μετόπισθε,behind,58
1003,100115978,γερούσιον,elderly,58
1004,100115979,ὅρκον,oath,58
1005,100115980,ἕλωμαι,I choose,58
1006,100115981,μή,not,58
1007,100115982,τι,anything,58
1008,100115983,κατακρύψειν,to conceal,58
1009,100115984,",",",",58
1010,100115985,ἀλλ’,but,58
1011,100115986,ἄνδιχα,unjustly,58
1012,100115987,πάντα,all,58
1013,100115988,δάσασθαι,to divide,58
1014,100115989,κτῆσιν,possession,58
1015,100115990,ὅσην,as much as,58
1016,100115991,πτολίεθρον,city,58
1017,100115992,ἐπήρατον,well-fenced,58
1018,100115993,ἐντὸς,within,58
1019,100115994,ἐέργει,keeps,58
1020,100115995,.,.,58
1021,100115996,ἀλλὰ,but,59
1022,100115997,τί,at all,59
1023,100115998,ἤ,indeed,59
1024,100115999,μοι,me,59
1025,100116000,ταῦτα,these,59
1026,100116001,φίλος,dear,59
1027,100116002,διελέξατο,spoke,59
1028,100116003,θυμός,heart,59
1029,100116004,;,;,59
1030,100116005,μή,not,60
1031,100116006,μιν,him,60
1032,100116007,ἐγὼ,I,60
1033,100116008,μὲν,indeed,60
1034,100116009,ἵκωμαι,I come,60
1035,100116010,ἰών,coming,60
1036,100116011,",",",",60
1037,100116012,ὃ,he,60
1038,100116013,δέ,but,60
1039,100116014,μ’,me,60
1040,100116015,οὐκ,not,60
1041,100116016,ἐλεήσει,will pity,60
1042,100116017,οὐ,not,60
1043,100116018,-δέ,and,60
1044,100116019,τί,at all,60
1045,100116020,μ’,me,60
1046,100116021,αἰδέσεται,will feel shame,60
1047,100116022,",",",",60
1048,100116023,κτενέει,will kill,60
1049,100116024,δέ,but,60
1050,100116025,με,me,60
1051,100116026,γυμνὸν,naked,60
1052,100116027,ἐόντα,being,60
1053,100116028,αὔτως,just as,60
1054,100116029,ὥς,as,60
1055,100116030,τε,and,60
1056,100116031,γυναῖκα,woman,60
1057,100116032,",",",",60
1058,100116033,ἐπεί,when,60
1059,100116034,κ’,if,60
1060,100116035,ἀπὸ,off,60
1061,100116036,τεύχεα,armor,60
1062,100116037,δύω,put off,60
1063,100116038,.,.,60
1064,100116039,οὐ,not,61
1065,100116040,μέν,indeed,61
1066,100116041,πως,in any way,61
1067,100116042,νῦν,now,61
1068,100116043,ἔστιν,is,61
1069,100116044,ἀπὸ,from,61
1070,100116045,δρυὸς,oak,61
1071,100116046,οὐ,not,61
1072,100116047,-δ’,and,61
1073,100116048,ἀπὸ,from,61
1074,100116049,πέτρης,rock,61
1075,100116050,τῷ,them,61
1076,100116051,ὀαριζέμεναι,to have intercourse,61
1077,100116052,",",",",61
1078,100116053,ἅ,who,61
1079,100116054,τε,and,61
1080,100116055,παρθένος,maiden,61
1081,100116056,ἠΐθεός,youth,61
1082,100116057,τε,and,61
1083,100116058,παρθένος,maid,61
1084,100116059,ἠΐθεός,young man,61
1085,100116060,τ',and,61
1086,100116061,ὀαρίζετον,they were conversing,61
1087,100116062,ἀλλήλοιιν,to each other,61
1088,100116063,.,.,61
1089,100116064,βέλτερον,better,62
1090,100116065,αὖτ’,furthermore,62
1091,100116066,ἔριδι,strife,62
1092,100116067,ξυνελαυνέμεν,to drive together,62
1093,100116068,ὅττι,whatever,62
1094,100116069,τάχιστα,as quickly as possible,62
1095,100116070,.,.,62
1096,100116071,εἴδομεν,we have seen,63
1097,100116072,ὁπποτέρῳ,whichever,63
1098,100116073,κεν,if,63
1099,100116074,Ὀλύμπιος,Olympian,63
1100,100116075,εὖχος,glory,63
1101,100116076,ὀρέξῃ,extend,63
1102,100116077,,,63
1103,100116078,.,.,63
1104,100116079,ὣς,thus,64
1105,100116080,ὅρμαινε,was moving,64
1106,100116081,μένων,standing,64
1107,100116082,",",",",64
1108,100116083,ὃ,the,64
1109,100116084,δέ,but,64
1110,100116085,οἱ,he,64
1111,100116086,σχεδὸν,near,64
1112,100116087,ἦλθεν,came,64
1113,100116088,Ἀχιλλεὺς,Achilles,64
1114,100116089,ἶσος,equal,64
1115,100116090,Ἐνυαλίῳ,Enyalios,64
1116,100116091,κορυθάϊκι,with his helmet,64
1117,100116092,πτολεμιστῇ,warrior,64
1118,100116093,σείων,shaking,64
1119,100116094,Πηλιάδα,Peleian,64
1120,100116095,μελίην,spear,64
1121,100116096,κατὰ,down,64
1122,100116097,δεξιὸν,right,64
1123,100116098,ὦμον,shoulder,64
1124,100116099,δεινήν,fearsome,64
1125,100116100,.,.,64
1126,100116101,ἀμφὶ,around,65
1127,100116102,δὲ,and,65
1128,100116103,χαλκὸς,bronze,65
1129,100116104,ἐλάμπετο,shone,65
1130,100116105,εἴκελος,like,65
1131,100116106,αὐγῇ,glow,65
1132,100116107,ἢ,or,65
1133,100116108,πυρὸς,of fire,65
1134,100116109,αἰθομένου,of burning,65
1135,100116110,ἢ,or,65
1136,100116111,ἠελίου,of the sun,65
1137,100116112,ἀνιόντος,rising,65
1138,100116113,.,.,65
1139,100116114,Ἕκτορα,Hector,66
1140,100116115,δ’,but,66
1141,100116116,",",",",66
1142,100116117,ὡς,when,66
1143,100116118,ἐνόησεν,perceived,66
1144,100116119,",",",",66
1145,100116120,ἕλε,seized,66
1146,100116121,τρόμος,terror,66
1147,100116122,.,.,66
1148,100116123,οὐ,not,67
1149,100116124,-δ',and,67
1150,100116125,ἄρ’,now,67
1151,100116126,ἔτ',still,67
1152,100116127,ἔτλη,dared,67
1153,100116128,αὖθι,there,67
1154,100116129,μένειν,to remain,67
1155,100116130,",",",",67
1156,100116131,ὀπίσω,behind,67
1157,100116132,δὲ,and,67
1158,100116133,πύλας,gates,67
1159,100116134,λίπε,left,67
1160,100116135,",",",",67
1161,100116136,βῆ,went,67
1162,100116137,δὲ,and,67
1163,100116138,φοβηθείς,being afraid,67
1164,100116139,.,.,67
1165,100116140,Πηλεΐδης,son of Peleus,68
1166,100116141,δ’,and,68
1167,100116142,ἐπόρουσε,rushed,68
1168,100116143,ποσὶ,feet,68
1169,100116144,κραιπνοῖσι,swift,68
1170,100116145,πεποιθώς,trusting,68
1171,100116146,.,.,68
1172,100116147,ἠΰτε,when,69
1173,100116148,κίρκος,falcon,69
1174,100116149,ὄρεσφιν,on mountains,69
1175,100116150,ἐλαφρότατος,lightest,69
1176,100116151,πετεηνῶν,of birds,69
1177,100116152,ῥηϊδίως,easily,69
1178,100116153,οἴμησε,screamed,69
1179,100116154,μετὰ,after,69
1180,100116155,τρήρωνα,three-year-old,69
1181,100116156,πέλειαν,dove,69
1182,100116157,",",",",69
1183,100116158,ἣ,the,69
1184,100116159,δέ,but,69
1185,100116160,θ’,and,69
1186,100116161,ὕπαιθα,underneath,69
1187,100116162,φοβεῖται,is afraid,69
1188,100116163,",",",",69
1189,100116164,ὃ,he,69
1190,100116165,δ’,but,69
1191,100116166,ἐγγύθεν,from close by,69
1192,100116167,ὀξὺ,sharply,69
1193,100116168,λεληκὼς,hissing,69
1194,100116169,ταρφέ’,dark,69
1195,100116170,ἐπαΐσσει,strikes,69
1196,100116171,",",",",69
1197,100116172,ἑλέειν,to have pity,69
1198,100116173,τέ,and,69
1199,100116174,ἑ,him,69
1200,100116175,θυμὸς,heart,69
1201,100116176,ἀνώγει,urges,69
1202,100116177,.,.,69
1203,100116178,ὣς,Thus,70
1204,100116179,ἄρ’,then,70
1205,100116180,ὅ,he,70
1206,100116181,γ’,indeed,70
1207,100116182,ἐμμεμαὼς,furiously,70
1208,100116183,ἰθὺς,straight,70
1209,100116184,πέτετο,flew,70
1210,100116185,",",",",70
1211,100116186,τρέσε,fled,70
1212,100116187,δ’,and,70
1213,100116188,Ἕκτωρ,Hector,70
1214,100116189,τεῖχος,wall,70
1215,100116190,ὕπο,under,70
1216,100116191,Τρώων,of the Trojans,70
1217,100116192,",",",",70
1218,100116193,λαιψηρὰ,swift,70
1219,100116194,δὲ,and,70
1220,100116195,γούνατ’,knees,70
1221,100116196,ἐνώμα,bent,70
1222,100116197,.,.,70
1223,100116198,οἳ,they,71
1224,100116199,δὲ,but,71
1225,100116200,παρὰ,by,71
1226,100116201,σκοπιὴν,lookout,71
1227,100116202,καὶ,and,71
1228,100116203,ἐρινεὸν,fig,71
1229,100116204,ἠνεμόεντα,wind-swept,71
1230,100116205,τείχεος,of the wall,71
1231,100116206,αἰὲν,always,71
1232,100116207,ὑπ’,under,71
1233,100116208,ἐκ,out,71
1234,100116209,κατ',along,71
1235,100116210,ἀμαξιτὸν,chariot-traveling,71
1236,100116211,ἐσσεύοντο,were rushing,71
1237,100116212,",",",",71
1238,100116213,κρουνὼ,spring,71
1239,100116214,δ’,and,71
1240,100116215,ἵκανον,reached,71
1241,100116216,καλλιρρόω,fair-flowing,71
1242,100116217,.,.,71
1243,100116218,ἔνθα,there,72
1244,100116219,δὲ,and,72
1245,100116220,πηγαὶ,springs,72
1246,100116221,δοιαὶ,two,72
1247,100116222,ἀναΐσσουσι,flow,72
1248,100116223,Σκαμάνδρου,of Scamander,72
1249,100116224,δινήεντος,whirling,72
1250,100116225,.,.,72
1251,100116226,ἣ,she,73
1252,100116227,μὲν,indeed,73
1253,100116228,γάρ,for,73
1254,100116229,θ',and,73
1255,100116230,ὕδατι,water,73
1256,100116231,λιαρῷ,lukewarm,73
1257,100116232,ῥέει,flows,73
1258,100116233,",",",",73
1259,100116234,ἀμφὶ,around,73
1260,100116235,δὲ,and,73
1261,100116236,καπνὸς,smoke,73
1262,100116237,γίγνεται,arises,73
1263,100116238,ἐξ,from,73
1264,100116239,αὐτῆς,it,73
1265,100116240,ὡς,as,73
1266,100116241,εἰ,is,73
1267,100116242,πυρὸς,of fire,73
1268,100116243,αἰθομένοιο,of burning,73
1269,100116244,.,.,73
1270,100116245,ἣ,the,74
1271,100116246,δ’,but,74
1272,100116247,ἑτέρη,the other,74
1273,100116248,θέρεϊ,in summer,74
1274,100116249,προρέει,rushes forward,74
1275,100116250,ἐϊκυῖα,like,74
1276,100116251,χαλάζῃ,hail,74
1277,100116252,",",",",74
1278,100116253,ἢ,or,74
1279,100116254,χιόνι,snow,74
1280,100116255,ψυχρῇ,cold,74
1281,100116256,ἢ,or,74
1282,100116257,ἐξ,from,74
1283,100116258,ὕδατος,of water,74
1284,100116259,κρυστάλλῳ,ice,74
1285,100116260,.,.,74
1286,100116261,ἔνθα,there,75
1287,100116262,δ’,and,75
1288,100116263,ἐπ’,on,75
1289,100116264,αὐτάων,their,75
1290,100116265,πλυνοὶ,washing basins,75
1291,100116266,εὐρέες,broad,75
1292,100116267,ἐγγὺς,near,75
1293,100116268,ἔασι,are,75
1294,100116269,καλοὶ,beautiful,75
1295,100116270,λαΐνεοι,white,75
1296,100116271,",",",",75
1297,100116272,ὅθι,where,75
1298,100116273,εἵματα,garments,75
1299,100116274,σιγαλόεντα,shining,75
1300,100116275,πλύνεσκον,were washing,75
1301,100116276,Τρώων,of the Trojans,75
1302,100116277,ἄλοχοι,wives,75
1303,100116278,καλαί,fair,75
1304,100116279,τε,and,75
1305,100116280,θύγατρες,daughters,75
1306,100116281,τὸ,the,75
1307,100116282,πρὶν,before,75
1308,100116283,ἐπ’,in,75
1309,100116284,εἰρήνης,peace,75
1310,100116285,πρὶν,before,75
1311,100116286,ἐλθεῖν,to come,75
1312,100116287,υἷας,sons,75
1313,100116288,Ἀχαιῶν,of the Achaeans,75
1314,100116289,.,.,75
1315,100116290,τῇ,her,76
1316,100116291,ῥα,then,76
1317,100116292,παραδραμέτην,he ran past,76
1318,100116293,φεύγων,fleeing,76
1319,100116294,ὃ,he,76
1320,100116295,δ’,and,76
1321,100116296,ὄπισθε,behind,76
1322,100116297,διώκων,pursuing,76
1323,100116298,.,.,76
1324,100116299,πρόσθε,before,77
1325,100116300,μὲν,indeed,77
1326,100116301,ἐσθλὸς,the noble,77
1327,100116302,ἔφευγε,fled,77
1328,100116303,",",",",77
1329,100116304,δίωκε,pursued,77
1330,100116305,δέ,but,77
1331,100116306,μιν,him,77
1332,100116307,μέγ’,greatly,77
1333,100116308,ἀμείνων,better,77
1334,100116309,καρπαλίμως,swiftly,77
1335,100116310,",",",",77
1336,100116311,ἐπεὶ,for,77
1337,100116312,οὐχ,not,77
1338,100116313,ἱερήϊον,sacrifice,77
1339,100116314,οὐ,not,77
1340,100116315,-δὲ,or,77
1341,100116316,βοείην,oxen,77
1342,100116317,ἀρνύσθην,we sought,77
1343,100116318,",",",",77
1344,100116319,ἅ,which,77
1345,100116320,τε,and,77
1346,100116321,ποσσὶν,with their feet,77
1347,100116322,ἀέθλια,prizes,77
1348,100116323,γίγνεται,happen,77
1349,100116324,ἀνδρῶν,of men,77
1350,100116325,",",",",77
1351,100116326,ἀλλὰ,but,77
1352,100116327,περὶ,about,77
1353,100116328,ψυχῆς,of-life,77
1354,100116329,θέον,fleeing,77
1355,100116330,Ἕκτορος,of Hector,77
1356,100116331,ἱπποδάμοιο,tamer of horses,77
1357,100116332,.,.,77
1358,100116333,ὡς,as,78
1359,100116334,δ’,but,78
1360,100116335,ὅτ’,when,78
1361,100116336,ἀεθλοφόροι,prize-bearing,78
1362,100116337,περὶ,around,78
1363,100116338,τέρματα,boundaries,78
1364,100116339,μώνυχες,single-hoofed,78
1365,100116340,ἵπποι,horses,78
1366,100116341,ῥίμφα,swiftly,78
1367,100116342,μάλα,very,78
1368,100116343,τρωχῶσι,run,78
1369,100116344,.,.,78
1370,100116345,τὸ,the,79
1371,100116346,δὲ,but,79
1372,100116347,μέγα,great,79
1373,100116348,κεῖται,lies,79
1374,100116349,ἄεθλον,prize,79
1375,100116350,ἢ,and,79
1376,100116351,τρίπος,tripod,79
1377,100116352,ἠὲ,or,79
1378,100116353,γυνὴ,woman,79
1379,100116354,ἀνδρὸς,of a man,79
1380,100116355,κατατεθνηῶτος,dead,79
1381,100116356,.,.,79
1382,100116357,ὣς,thus,80
1383,100116358,τὼ,him,80
1384,100116359,τρὶς,three times,80
1385,100116360,Πριάμοιο,of Priam,80
1386,100116361,πόλιν,city,80
1387,100116362,πέρι,around,80
1388,100116363,δινηθήτην,they whirled,80
1389,100116364,καρπαλίμοισι,swift,80
1390,100116365,πόδεσσι,feet,80
1391,100116366,.,.,80
1392,100116367,θεοὶ,gods,81
1393,100116368,δ’,and,81
1394,100116369,ἐς,to,81
1395,100116370,πάντες,all,81
1396,100116371,ὁρῶντο,were seen,81
1397,100116372,.,.,81
1398,100116373,τοῖσι,to these,82
1399,100116374,δὲ,but,82
1400,100116375,μύθων,speeches,82
1401,100116376,ἦρχε,began,82
1402,100116377,πατὴρ,father,82
1403,100116378,ἀνδρῶν,of men,82
1404,100116379,τε,and,82
1405,100116380,θεῶν,of gods,82
1406,100116381,τε,and,82
1407,100116382,.,.,82
1408,100116383,,,83
1409,100116384,ὢ,oh,83
1410,100116385,πόποι,alas,83
1411,100116386,ἦ,am,83
1412,100116387,φίλον,dear,83
1413,100116388,ἄνδρα,man,83
1414,100116389,διωκόμενον,being pursued,83
1415,100116390,περὶ,around,83
1416,100116391,τεῖχος,wall,83
1417,100116392,ὀφθαλμοῖσιν,with eyes,83
1418,100116393,ὁρῶμαι,I am seen,83
1419,100116394,.,.,83
1420,100116395,ἐμὸν,my,84
1421,100116396,δ’,but,84
1422,100116397,ὀλοφύρεται,laments,84
1423,100116398,ἦτορ,heart,84
1424,100116399,Ἕκτορος,of Hector,84
1425,100116400,",",",",84
1426,100116401,ὅς,who,84
1427,100116402,μοι,me,84
1428,100116403,πολλὰ,many,84
1429,100116404,βοῶν,oxen,84
1430,100116405,ἐπὶ,on,84
1431,100116406,μηρί’,thighs,84
1432,100116407,ἔκηεν,burned,84
1433,100116408,Ἴδης,of Ida,84
1434,100116409,ἐν,in,84
1435,100116410,κορυφῇσι,summits,84
1436,100116411,πολυπτύχου,many-furrowed,84
1437,100116412,",",",",84
1438,100116413,ἄλλοτε,at other times,84
1439,100116414,δ’,and,84
1440,100116415,αὖτε,again,84
1441,100116416,ἐν,in,84
1442,100116417,πόλει,city,84
1443,100116418,ἀκροτάτῃ,highest,84
1444,100116419,.,.,84
1445,100116420,νῦν,now,85
1446,100116421,αὖτέ,then,85
1447,100116422,ἑ,him,85
1448,100116423,δῖος,godlike,85
1449,100116424,Ἀχιλλεὺς,Achilles,85
1450,100116425,ἄστυ,city,85
1451,100116426,πέρι,around,85
1452,100116427,Πριάμοιο,of Priam,85
1453,100116428,ποσὶν,with his feet,85
1454,100116429,ταχέεσσι,swift,85
1455,100116430,διώκει,pursues,85
1456,100116431,.,.,85
1457,100116432,ἀλλ’,but,86
1458,100116433,ἄγετε,come,86
1459,100116434,φράζεσθε,consider,86
1460,100116435,θεοὶ,gods,86
1461,100116436,καὶ,and,86
1462,100116437,μητιάασθε,plot against,86
1463,100116438,ἠέ,or,86
1464,100116439,μιν,him,86
1465,100116440,ἐκ,from,86
1466,100116441,θανάτοιο,of death,86
1467,100116442,σαώσομεν,we will save,86
1468,100116443,",",",",86
1469,100116444,ἦέ,or,86
1470,100116445,μιν,him,86
1471,100116446,ἤδη,already,86
1472,100116447,Πηλεΐδῃ,son of Peleus,86
1473,100116448,Ἀχιλῆϊ,to Achilles,86
1474,100116449,δαμάσσομεν,subdue,86
1475,100116450,ἐσθλὸν,good,86
1476,100116451,ἐόντα,being,86
1477,100116452, , ,86
1478,100116453,.,.,86
1479,100116454,τὸν,him,87
1480,100116455,δ’,but,87
1481,100116456,αὖτε,then,87
1482,100116457,προσέειπε,addressed,87
1483,100116458,θεὰ,goddess,87
1484,100116459,γλαυκῶπις,grey-eyed,87
1485,100116460,Ἀθήνη,Athena,87
1486,100116461,.,.,87
1487,100116462,,,88
1488,100116463,ὦ,oh,88
1489,100116464,πάτερ,father,88
1490,100116465,ἀργικέραυνε,bright-thundered,88
1491,100116466,κελαινεφὲς,dark-clouded,88
1492,100116467,οἷον,such,88
1493,100116468,ἔειπες,you said,88
1494,100116469,.,.,88
1495,100116470,ἄνδρα,man,89
1496,100116471,θνητὸν,mortal,89
1497,100116472,ἐόντα,being,89
1498,100116473,πάλαι,long ago,89
1499,100116474,πεπρωμένον,fated,89
1500,100116475,αἴσῃ,destiny,89
1501,100116476,ἂψ,again,89
1502,100116477,ἐθέλεις,want,89
1503,100116478,θανάτοιο,of death,89
1504,100116479,δυσηχέος,unhappy,89
1505,100116480,ἐξαναλῦσαι,to release,89
1506,100116481,;,?,89
1507,100116482,ἔρδ’,do,90
1508,100116483,.,.,90
1509,100116484,ἀτὰρ,but,91
1510,100116485,οὔ,not,91
1511,100116486,τοι,to you,91
1512,100116487,πάντες,all,91
1513,100116488,ἐπαινέομεν,praise,91
1514,100116489,θεοὶ,gods,91
1515,100116490,ἄλλοι,others,91
1516,100116491,,,91
1517,100116492,.,.,91
1518,100116493,τὴν,her,92
1519,100116494,δ’,but,92
1520,100116495,ἀπαμειβόμενος,answering,92
1521,100116496,προσέφη,spoke,92
1522,100116497,νεφεληγερέτα,cloud-gathering,92
1523,100116498,Ζεύς,Zeus,92
1524,100116499,.,.,92
1525,100116500,,,93
1526,100116501,θάρσει,take courage,93
1527,100116502,Τριτογένεια,daughter of Triton,93
1528,100116503,φίλον,dear,93
1529,100116504,τέκος,child,93
1530,100116505,.,.,93
1531,100116506,οὔ,not,94
1532,100116507,νύ,indeed,94
1533,100116508,τι,at all,94
1534,100116509,θυμῷ,with my spirit,94
1535,100116510,πρόφρονι,willing,94
1536,100116511,μυθέομαι,I speak,94
1537,100116512,",",",",94
1538,100116513,ἐθέλω,want,94
1539,100116514,δέ,but,94
1540,100116515,τοι,to you,94
1541,100116516,ἤπιος,gentle,94
1542,100116517,εἶναι,to be,94
1543,100116518,.,.,94
1544,100116519,ἔρξον,act,95
1545,100116520,ὅπῃ,where,95
1546,100116521,δή,indeed,95
1547,100116522,τοι,you,95
1548,100116523,νόος,mind,95
1549,100116524,ἔπλετο,it came to be,95
1550,100116525,",",",",95
1551,100116526,μὴ,not,95
1552,100116527,δ’,but,95
1553,100116528,ἔτ’,anymore,95
1554,100116529,ἐρώει,ask,95
1555,100116530,,,95
1556,100116531,.,.,95
1557,100116532,ὣς,thus,96
1558,100116533,εἰπὼν,having spoken,96
1559,100116534,ὄτρυνε,encouraged,96
1560,100116535,πάρος,forward,96
1561,100116536,μεμαυῖαν,eager,96
1562,100116537,Ἀθήνην,Athena,96
1563,100116538,.,.,96
1564,100116539,βῆ,went,97
1565,100116540,δὲ,and,97
1566,100116541,κατ’,down from,97
1567,100116542,Οὐλύμποιο,of Olympus,97
1568,100116543,καρήνων,heads,97
1569,100116544,ἀΐξασα,having run swiftly,97
1570,100116545,.,.,97
1571,100116546,Ἕκτορα,Hector,98
1572,100116547,δ’,and,98
1573,100116548,ἀσπερχὲς,unremittingly,98
1574,100116549,κλονέων,rushing,98
1575,100116550,ἔφεπ’,pursued,98
1576,100116551,ὠκὺς,swift,98
1577,100116552,Ἀχιλλεύς,Achilles,98
1578,100116553,.,.,98
1579,100116554,ὡς,just as,99
1580,100116555,δ’,and,99
1581,100116556,ὅτε,when,99
1582,100116557,νεβρὸν,fawn,99
1583,100116558,ὄρεσφι,among the mountains,99
1584,100116559,κύων,dog,99
1585,100116560,ἐλάφοιο,of the hart,99
1586,100116561,δίηται,pursues,99
1587,100116562,ὄρσας,rousing,99
1588,100116563,ἐξ,out of,99
1589,100116564,εὐνῆς,of the bed,99
1590,100116565,διά,through,99
1591,100116566,τ’,and,99
1592,100116567,ἄγκεα,glen,99
1593,100116568,καὶ,and,99
1594,100116569,διὰ,through,99
1595,100116570,βήσσας,ravines,99
1596,100116571,.,.,99
1597,100116572,τὸν,him,100
1598,100116573,δ’,and,100
1599,100116574,εἴ,even if,100
1600,100116575,πέρ,even,100
1601,100116576,τε,and,100
1602,100116577,λάθῃσι,be hidden,100
1603,100116578,καταπτήξας,crouching,100
1604,100116579,ὑπὸ,under,100
1605,100116580,θάμνῳ,under the brush,100
1606,100116581,",",",",100
1607,100116582,ἀλλά,but,100
1608,100116583,τ’,and,100
1609,100116584,ἀνιχνεύων,searching,100
1610,100116585,θέει,runs,100
1611,100116586,ἔμπεδον,steadfastly,100
1612,100116587,ὄφρά,until,100
1613,100116588,κεν,may,100
1614,100116589,εὕρῃ,finds,100
1615,100116590,.,.,100
1616,100116591,ὣς,so,101
1617,100116592,Ἕκτωρ,Hector,101
1618,100116593,οὐ,not,101
1619,100116594,λῆθε,escaped,101
1620,100116595,ποδώκεα,swift-footed,101
1621,100116596,Πηλεΐωνα,Peleus,101
1622,100116597,.,.,101
1623,100116598,ὁσσάκι,as often,102
1624,100116599,δ’,and,102
1625,100116600,ὁρμήσειε,should charge,102
1626,100116601,πυλάων,of the gates,102
1627,100116602,Δαρδανιάων,of the Dardanians,102
1628,100116603,ἀντίον,against,102
1629,100116604,ἀΐξασθαι,to charge,102
1630,100116605,ἐϋδμήτους,well-built,102
1631,100116606,ὑπὸ,under,102
1632,100116607,πύργους,towers,102
1633,100116608,",",",",102
1634,100116609,εἴ,if,102
1635,100116610,πως,how,102
1636,100116611,οἷ,them,102
1637,100116612,καθύπερθεν,from above,102
1638,100116613,ἀλάλκοιεν,might ward off,102
1639,100116614,βελέεσσι,with projectiles,102
1640,100116615,",",",",102
1641,100116616,τοσσάκι,so often,102
1642,100116617,μιν,him,102
1643,100116618,προπάροιθεν,before,102
1644,100116619,ἀποστρέψασκε,he would turn back,102
1645,100116620,παραφθὰς,having missed,102
1646,100116621,πρὸς,toward,102
1647,100116622,πεδίον,plain,102
1648,100116623,.,.,102
1649,100116624,αὐτὸς,he,103
1650,100116625,δὲ,but,103
1651,100116626,ποτὶ,to,103
1652,100116627,πτόλιος,city,103
1653,100116628,πέτετ’,flies,103
1654,100116629,αἰεί,always,103
1655,100116630,.,.,103
1656,100116631,ὡς,thus,104
1657,100116632,δ’,but,104
1658,100116633,ἐν,in,104
1659,100116634,ὀνείρῳ,in a dream,104
1660,100116635,οὐ,not,104
1661,100116636,δύναται,is able,104
1662,100116637,φεύγοντα,fleeing,104
1663,100116638,διώκειν,to pursue,104
1664,100116639,.,.,104
1665,100116640,οὔ,not,105
1666,100116641,-τ',and,105
1667,100116642,ἄρ’,now,105
1668,100116643,ὃ,he,105
1669,100116644,τὸν,him,105
1670,100116645,δύναται,is able,105
1671,100116646,ὑποφεύγειν,to flee from beneath,105
1672,100116647,οὔ,not,105
1673,100116648,-θ',and,105
1674,100116649,ὃ,he,105
1675,100116650,διώκειν,to pursue,105
1676,100116651,.,.,105
1677,100116652,ὣς,so,106
1678,100116653,ὃ,he,106
1679,100116654,τὸν,him,106
1680,100116655,οὐ,not,106
1681,100116656,δύνατο,was able,106
1682,100116657,μάρψαι,to seize,106
1683,100116658,ποσίν,with his feet,106
1684,100116659,",",",",106
1685,100116660,οὐ,not,106
1686,100116661,-δ’,and,106
1687,100116662,ὃς,and,106
1688,100116663,ἀλύξαι,to escape,106
1689,100116664,.,.,106
1690,100116665,πῶς,how,107
1691,100116666,δέ,but,107
1692,100116667,κεν,ken,107
1693,100116668,Ἕκτωρ,Hector,107
1694,100116669,κῆρας,fates,107
1695,100116670,ὑπεξέφυγεν,escaped,107
1696,100116671,θανάτοιο,of death,107
1697,100116672,",",",",107
1698,100116673,εἰ,if,107
1699,100116674,μή,not,107
1700,100116675,οἱ,him,107
1701,100116676,πύματόν,final,107
1702,100116677,τε,and,107
1703,100116678,καὶ,and,107
1704,100116679,ὕστατον,last,107
1705,100116680,ἤντετ’,he was about to meet,107
1706,100116681,Ἀπόλλων,Apollo,107
1707,100116682,ἐγγύθεν,from nearby,107
1708,100116683,",",",",107
1709,100116684,ὅς,who,107
1710,100116685,οἱ,him,107
1711,100116686,ἐπῶρσε,strengthened,107
1712,100116687,μένος,strength,107
1713,100116688,λαιψηρά,nimble,107
1714,100116689,τε,and,107
1715,100116690,γοῦνα,knees,107
1716,100116691,;,?,107
1717,100116692,λαοῖσιν,the people,108
1718,100116693,δ’,and,108
1719,100116694,ἀνένευε,nodded,108
1720,100116695,καρήατι,head,108
1721,100116696,δῖος,godlike,108
1722,100116697,Ἀχιλλεύς,Achilles,108
1723,100116698,",",",",108
1724,100116699,οὐ,not,108
1725,100116700,-δ’,and,108
1726,100116701,ἔα,allow,108
1727,100116702,ἱέμεναι,to send,108
1728,100116703,ἐπὶ,against,108
1729,100116704,Ἕκτορι,to Hector,108
1730,100116705,πικρὰ,bitter,108
1731,100116706,βέλεμνα,missiles,108
1732,100116707,",",",",108
1733,100116708,μή,not,108
1734,100116709,τις,anyone,108
1735,100116710,κῦδος,glory,108
1736,100116711,ἄροιτο,might seize,108
1737,100116712,βαλών,having thrown,108
1738,100116713,",",",",108
1739,100116714,ὃ,he,108
1740,100116715,δὲ,but,108
1741,100116716,δεύτερος,second,108
1742,100116717,ἔλθοι,should come,108
1743,100116718,.,.,108
1744,100116719,ἀλλ’,but,109
1745,100116720,ὅτε,when,109
1746,100116721,δὴ,indeed,109
1747,100116722,τὸ,the,109
1748,100116723,τέταρτον,fourth,109
1749,100116724,ἐπὶ,at,109
1750,100116725,κρουνοὺς,springs,109
1751,100116726,ἀφίκοντο,they arrived,109
1752,100116727,",",",",109
1753,100116728,καὶ,and,109
1754,100116729,τότε,then,109
1755,100116730,δὴ,indeed,109
1756,100116731,χρύσεια,golden,109
1757,100116732,πατὴρ,father,109
1758,100116733,ἐτίταινε,was stretching out,109
1759,100116734,τάλαντα,scales,109
1760,100116735,",",",",109
1761,100116736,ἐν,in,109
1762,100116737,δ',and,109
1763,100116738,ἐτίθει,placed,109
1764,100116739,δύο,two,109
1765,100116740,κῆρε,fates,109
1766,100116741,τανηλεγέος,long-enduring,109
1767,100116742,θανάτοιο,of death,109
1768,100116743,",",",",109
1769,100116744,τὴν,her,109
1770,100116745,μὲν,on the one hand,109
1771,100116746,Ἀχιλλῆος,Achilles',109
1772,100116747,",",",",109
1773,100116748,τὴν,her,109
1774,100116749,δ’,but,109
1775,100116750,Ἕκτορος,of Hector,109
1776,100116751,ἱπποδάμοιο,of horse-taming,109
1777,100116752,",",",",109
1778,100116753,ἕλκε,drew,109
1779,100116754,δὲ,and,109
1780,100116755,μέσσα,middle,109
1781,100116756,λαβών,having seized,109
1782,100116757,.,.,109
1783,100116758,ῥέπε,arrived,110
1784,100116759,δ',and,110
1785,100116760,Ἕκτορος,of Hector,110
1786,100116761,αἴσιμον,fated,110
1787,100116762,ἦμαρ,day,110
1788,100116763,",",",",110
1789,100116764,ᾤχετο,went,110
1790,100116765,δ',and,110
1791,100116766,εἰς,into,110
1792,100116767,Ἀΐδαο,of Hades,110
1793,100116768,",",",",110
1794,100116769,λίπεν,left,110
1795,100116770,δέ,and,110
1796,100116771,ἑ,him,110
1797,100116772,Φοῖβος,Phoebus,110
1798,100116773,Ἀπόλλων,Apollo,110
1799,100116774,.,.,110
1800,100116775,Πηλεΐωνα,Peleus,111
1801,100116776,δ’,and,111
1802,100116777,ἵκανε,reached,111
1803,100116778,θεὰ,goddess,111
1804,100116779,γλαυκῶπις,gray-eyed,111
1805,100116780,Ἀθήνη,Athena,111
1806,100116781,",",",",111
1807,100116782,ἀγχοῦ,nearby,111
1808,100116783,δ’,and,111
1809,100116784,ἱσταμένη,standing,111
1810,100116785,ἔπεα,words,111
1811,100116786,πτερόεντα,winged,111
1812,100116787,προσηύδα,addressed,111
1813,100116788,.,.,111
1814,100116789,,,112
1815,100116790,νῦν,now,112
1816,100116791,δὴ,now,112
1817,100116792,νῶι,me,112
1818,100116793,ἔολπα,I expected,112
1819,100116794,Διῒ,Zeus,112
1820,100116795,φίλε,friend,112
1821,100116796,φαίδιμ’,splendid,112
1822,100116797,Ἀχιλλεῦ,Achilles,112
1823,100116798,οἴσεσθαι,to bring,112
1824,100116799,μέγα,great,112
1825,100116800,κῦδος,glory,112
1826,100116801,Ἀχαιοῖσι,to the Achaeans,112
1827,100116802,προτὶ,before,112
1828,100116803,νῆας,ships,112
1829,100116804,Ἕκτορα,Hector,112
1830,100116805,δῃώσαντε,having slain,112
1831,100116806,μάχης,of battle,112
1832,100116807,ἄατόν,unharmed,112
1833,100116808,περ,even,112
1834,100116809,ἐόντα,being,112
1835,100116810,.,.,112
1836,100116811,οὔ,not,113
1837,100116812,οἱ,you,113
1838,100116813,νῦν,now,113
1839,100116814,ἔτι,yet,113
1840,100116815,γ’,,113
1841,100116816,ἔστι,is,113
1842,100116817,πεφυγμένον,having fled,113
1843,100116818,ἄμμε,us,113
1844,100116819,γενέσθαι,to become,113
1845,100116820,",",",",113
1846,100116821,οὐ,not,113
1847,100116822,-δ’,and,113
1848,100116823,εἴ,if,113
1849,100116824,κεν,if,113
1850,100116825,μάλα,very,113
1851,100116826,πολλὰ,many,113
1852,100116827,πάθοι,suffer,113
1853,100116828,ἑκάεργος,far-working,113
1854,100116829,Ἀπόλλων,Apollo,113
1855,100116830,προπροκυλινδόμενος,rolling forward,113
1856,100116831,πατρὸς,father's,113
1857,100116832,Διὸς,of Zeus,113
1858,100116833,αἰγιόχοιο,of the aegis-bearer,113
1859,100116834,.,.,113
1860,100116835,ἀλλὰ,but,114
1861,100116836,σὺ,you,114
1862,100116837,μὲν,indeed,114
1863,100116838,νῦν,now,114
1864,100116839,στῆθι,stand,114
1865,100116840,καὶ,and,114
1866,100116841,ἄμπνυε,breathe,114
1867,100116842,",",",",114
1868,100116843,τόνδε,this,114
1869,100116844,δ’,but,114
1870,100116845,ἐγώ,I,114
1871,100116846,τοι,you,114
1872,100116847,οἰχομένη,as I go,114
1873,100116848,πεπιθήσω,will persuade,114
1874,100116849,ἐναντίβιον,face to face,114
1875,100116850,μαχέσασθαι,to fight,114
1876,100116851,,,114
1877,100116852,.,.,114
1878,100116853,ὣς,thus,115
1879,100116854,φάτ’,said,115
1880,100116855,Ἀθηναίη,Athena,115
1881,100116856,",",",",115
1882,100116857,ὃ,he,115
1883,100116858,δ’,and,115
1884,100116859,ἐπείθετο,he obeyed,115
1885,100116860,",",",",115
1886,100116861,χαῖρε,rejoiced,115
1887,100116862,δὲ,and,115
1888,100116863,θυμῷ,heart,115
1889,100116864,",",",",115
1890,100116865,στῆ,stood,115
1891,100116866,δ’,and,115
1892,100116867,ἄρ’,now,115
1893,100116868,ἐπὶ,against,115
1894,100116869,μελίης,of the ash,115
1895,100116870,χαλκογλώχινος,bronze-pointed,115
1896,100116871,ἐρεισθείς,leaning,115
1897,100116872,.,.,115
1898,100116873,ἣ,she,116
1899,100116874,δ’,but,116
1900,100116875,ἄρα,then,116
1901,100116876,τὸν,him,116
1902,100116877,μὲν,on the one hand,116
1903,100116878,ἔλειπε,left,116
1904,100116879,",",",",116
1905,100116880,κιχήσατο,found,116
1906,100116881,δ’,and,116
1907,100116882,Ἕκτορα,Hector,116
1908,100116883,δῖον,divine,116
1909,100116884,Δηϊφόβῳ,Deiphobus,116
1910,100116885,ἐϊκυῖα,like,116
1911,100116886,δέμας,body,116
1912,100116887,καὶ,and,116
1913,100116888,ἀτειρέα,unmistakable,116
1914,100116889,φωνήν,voice,116
1915,100116890,.,.,116
1916,100116891,ἀγχοῦ,near,117
1917,100116892,δ’,and,117
1918,100116893,ἱσταμένη,standing,117
1919,100116894,ἔπεα,words,117
1920,100116895,πτερόεντα,winged,117
1921,100116896,προσηύδα,spoke to,117
1922,100116897,.,.,117
1923,100116898,,,118
1924,100116899,ἠθεῖ',cowardly,118
1925,100116900,ἦ,not,118
1926,100116901,μάλα,very,118
1927,100116902,δή,indeed,118
1928,100116903,σε,you,118
1929,100116904,βιάζεται,is forcing,118
1930,100116905,ὠκὺς,swift,118
1931,100116906,Ἀχιλλεὺς,Achilles,118
1932,100116907,ἄστυ,city,118
1933,100116908,πέρι,around,118
1934,100116909,Πριάμοιο,of Priam,118
1935,100116910,ποσὶν,with his feet,118
1936,100116911,ταχέεσσι,swift,118
1937,100116912,διώκων,pursuing,118
1938,100116913,.,.,118
1939,100116914,ἀλλ',but,119
1940,100116915,ἄγε,come,119
1941,100116916,δὴ,now,119
1942,100116917,στέωμεν,let us stand,119
1943,100116918,καὶ,and,119
1944,100116919,ἀλεξώμεσθα,we may ward off,119
1945,100116920,μένοντες,staying,119
1946,100116921,,,119
1947,100116922,.,.,119
1948,100116923,τὴν,her,120
1949,100116924,δ’,but,120
1950,100116925,αὖτε,again,120
1951,100116926,προσέειπε,addressed,120
1952,100116927,μέγας,great,120
1953,100116928,κορυθαίολος,helmeted,120
1954,100116929,Ἕκτωρ,Hector,120
1955,100116930,.,.,120
1956,100116931,,,121
1957,100116932,Δηΐφοβ’,Deiphobus,121
1958,100116933,ἦ,was,121
1959,100116934,μέν,indeed,121
1960,100116935,μοι,to me,121
1961,100116936,τὸ,the,121
1962,100116937,πάρος,before,121
1963,100116938,πολὺ,very,121
1964,100116939,φίλτατος,dearest,121
1965,100116940,ἦσθα,you were,121
1966,100116941,γνωτῶν,acquainted,121
1967,100116942,οὓς,whom,121
1968,100116943,Ἑκάβη,Hecuba,121
1969,100116944,ἠδὲ,and,121
1970,100116945,Πρίαμος,Priam,121
1971,100116946,τέκε,gave birth to,121
1972,100116947,παῖδας,sons,121
1973,100116948,.,.,121
1974,100116949,νῦν,now,122
1975,100116950,δ’,and,122
1976,100116951,ἔτι,still,122
1977,100116952,καὶ,even,122
1978,100116953,μᾶλλον,more,122
1979,100116954,νοέω,I think,122
1980,100116955,φρεσὶ,in my mind,122
1981,100116956,τιμήσασθαι,to honor,122
1982,100116957,",",",",122
1983,100116958,ὃς,you,122
1984,100116959,ἔτλης,you endured,122
1985,100116960,ἐμεῦ,me,122
1986,100116961,εἵνεκ’,for,122
1987,100116962,",",",",122
1988,100116963,ἐπεὶ,since,122
1989,100116964,ἴδες,you saw,122
1990,100116965,ὀφθαλμοῖσι,eyes,122
1991,100116966,",",",",122
1992,100116967,τείχεος,of the wall,122
1993,100116968,ἐξελθεῖν,to go out,122
1994,100116969,",",",",122
1995,100116970,ἄλλοι,others,122
1996,100116971,δ’,and,122
1997,100116972,ἔντοσθε,inside,122
1998,100116973,μένουσι,remain,122
1999,100116974,,,122
2000,100116975,.,.,122
2001,100116976,τὸν,him,123
2002,100116977,δ’,and,123
2003,100116978,αὖτε,then,123
2004,100116979,προσέειπε,addressed,123
2005,100116980,θεὰ,goddess,123
2006,100116981,γλαυκῶπις,bright-eyed,123
2007,100116982,Ἀθήνη,Athena,123
2008,100116983,.,.,123
2009,100116984,,,124
2010,100116985,ἠθεῖ’,soft,124
2011,100116986,ἦ,that,124
2012,100116987,μὲν,indeed,124
2013,100116988,πολλὰ,many,124
2014,100116989,πατὴρ,father,124
2015,100116990,καὶ,and,124
2016,100116991,πότνια,mistress,124
2017,100116992,μήτηρ,mother,124
2018,100116993,λίσσονθ’,beg,124
2019,100116994,ἑξείης,continuously,124
2020,100116995,γουνούμενοι,bending,124
2021,100116996,",",",",124
2022,100116997,ἀμφὶ,around,124
2023,100116998,δ’,and,124
2024,100116999,ἑταῖροι,companions,124
2025,100117000,",",",",124
2026,100117001,αὖθι,here,124
2027,100117002,μένειν,to remain,124
2028,100117003,.,.,124
2029,100117004,τοῖον,such,125
2030,100117005,γὰρ,for,125
2031,100117006,ὑποτρομέουσιν,they are terrified,125
2032,100117007,ἅπαντες,all,125
2033,100117008,.,.,125
2034,100117009,ἀλλ’,but,126
2035,100117010,ἐμὸς,my,126
2036,100117011,ἔνδοθι,within,126
2037,100117012,θυμὸς,spirit,126
2038,100117013,ἐτείρετο,was wasting,126
2039,100117014,πένθεϊ,mourning,126
2040,100117015,λυγρῷ,bitter,126
2041,100117016,.,.,126
2042,100117017,νῦν,now,127
2043,100117018,δ',but,127
2044,100117019,ἰθὺς,straight,127
2045,100117020,μεμαῶτε,being eager,127
2046,100117021,μαχώμεθα,let us fight,127
2047,100117022,",",",",127
2048,100117023,μὴ,not,127
2049,100117024,δέ,and,127
2050,100117025,τι,any,127
2051,100117026,δούρων,of spears,127
2052,100117027,ἔστω,there be,127
2053,100117028,φειδωλή,stinginess,127
2054,100117029,",",",",127
2055,100117030,ἵνα,so that,127
2056,100117031,εἴδομεν,know,127
2057,100117032,εἴ,whether,127
2058,100117033,κεν,if,127
2059,100117034,Ἀχιλλεὺς,Achilles,127
2060,100117035,νῶϊ,me,127
2061,100117036,κατακτείνας,having slain,127
2062,100117037,ἔναρα,spoils,127
2063,100117038,βροτόεντα,blood-stained,127
2064,100117039,φέρηται,carry,127
2065,100117040,νῆας,ships,127
2066,100117041,ἔπι,to,127
2067,100117042,γλαφυράς,hollow,127
2068,100117043,",",",",127
2069,100117044,ἦ,or,127
2070,100117045,κεν,if,127
2071,100117046,σῷ,your,127
2072,100117047,δουρὶ,spear,127
2073,100117048,δαμήῃ,be subdued,127
2074,100117049, , ,127
2075,100117050,.,.,127
2076,100117051,ὣς,thus,128
2077,100117052,φαμένη,having said,128
2078,100117053,καὶ,and,128
2079,100117054,κερδοσύνῃ,cunningly,128
2080,100117055,ἡγήσατ’,she led,128
2081,100117056,Ἀθήνη,Athena,128
2082,100117057,.,.,128
2083,100117058,οἳ,they,129
2084,100117059,δ’,but,129
2085,100117060,ὅτε,when,129
2086,100117061,δὴ,indeed,129
2087,100117062,σχεδὸν,almost,129
2088,100117063,ἦσαν,were,129
2089,100117064,ἐπ’,against,129
2090,100117065,ἀλλήλοισιν,one another,129
2091,100117066,ἰόντες,coming,129
2092,100117067,",",",",129
2093,100117068,τὸν,him,129
2094,100117069,πρότερος,first,129
2095,100117070,προσέειπε,spoke to,129
2096,100117071,μέγας,great,129
2097,100117072,κορυθαίολος,helmeted,129
2098,100117073,Ἕκτωρ,Hector,129
2099,100117074,.,.,129
2100,100117075,,,130
2101,100117076,οὔ,not,130
2102,100117077,σ’,you,130
2103,100117078,ἔτι,still,130
2104,100117079,Πηλέος,of Peleus,130
2105,100117080,υἱὲ,son,130
2106,100117081,φοβήσομαι,I will fear,130
2107,100117082,",",",",130
2108,100117083,ὡς,as,130
2109,100117084,τὸ,that,130
2110,100117085,πάρος,formerly,130
2111,100117086,περ,even,130
2112,100117087,τρὶς,three times,130
2113,100117088,περὶ,around,130
2114,100117089,ἄστυ,city,130
2115,100117090,μέγα,great,130
2116,100117091,Πριάμου,of Priam,130
2117,100117092,δίον,divine,130
2118,100117093,",",",",130
2119,100117094,οὐ,not,130
2120,100117095,-δέ,and,130
2121,100117096,ποτ’,ever,130
2122,100117097,ἔτλην,I dared,130
2123,100117098,μεῖναι,to remain,130
2124,100117099,ἐπερχόμενον,coming,130
2125,100117100,.,.,130
2126,100117101,νῦν,now,131
2127,100117102,αὖτέ,again,131
2128,100117103,με,me,131
2129,100117104,θυμὸς,heart,131
2130,100117105,ἀνῆκε,released,131
2131,100117106,στήμεναι,to stand,131
2132,100117107,ἀντία,opposing,131
2133,100117108,σεῖο,your,131
2134,100117109,.,.,131
2135,100117110,ἕλοιμί,I would take,132
2136,100117111,κεν,if,132
2137,100117112,ἤ,or,132
2138,100117113,κεν,if,132
2139,100117114,ἁλοίην,would I capture,132
2140,100117115,.,.,132
2141,100117116,ἀλλ’,but,133
2142,100117117,ἄγε,come,133
2143,100117118,δεῦρο,hither,133
2144,100117119,θεοὺς,gods,133
2145,100117120,ἐπιδώμεθα,let us look at,133
2146,100117121,.,.,133
2147,100117122,τοὶ,indeed,134
2148,100117123,γὰρ,for,134
2149,100117124,ἄριστοι,best,134
2150,100117125,μάρτυροι,witnesses,134
2151,100117126,ἔσσονται,will be,134
2152,100117127,καὶ,and,134
2153,100117128,ἐπίσκοποι,overseers,134
2154,100117129,ἁρμονιάων,harmonies,134
2155,100117130,.,.,134
2156,100117131,οὐ,not,135
2157,100117132,γὰρ,for,135
2158,100117133,ἐγώ,I,135
2159,100117134,σ’,you,135
2160,100117135,ἔκπαγλον,shamefully,135
2161,100117136,ἀεικιῶ,I will mistreat,135
2162,100117137,",",",",135
2163,100117138,αἴ,if,135
2164,100117139,κεν,if,135
2165,100117140,ἐμοὶ,to me,135
2166,100117141,Ζεὺς,Zeus,135
2167,100117142,δώῃ,should give,135
2168,100117143,καμμονίην,toil,135
2169,100117144,",",",",135
2170,100117145,σὴν,your,135
2171,100117146,δὲ,and,135
2172,100117147,ψυχὴν,life,135
2173,100117148,ἀφέλωμαι,I will take away,135
2174,100117149,.,.,135
2175,100117150,ἀλλ’,but,136
2176,100117151,ἐπεὶ,since,136
2177,100117152,ἄρ,indeed,136
2178,100117153,κέ,if,136
2179,100117154,σε,you,136
2180,100117155,συλήσω,I will strip,136
2181,100117156,κλυτὰ,famous,136
2182,100117157,τεύχε’,armor,136
2183,100117158,Ἀχιλλεῦ,Achilles,136
2184,100117159,νεκρὸν,dead body,136
2185,100117160,Ἀχαιοῖσιν,to the Achaeans,136
2186,100117161,δώσω,will give,136
2187,100117162,πάλιν,back,136
2188,100117163,.,.,136
2189,100117164,ὣς,when,137
2190,100117165,δὲ,but,137
2191,100117166,σὺ,you,137
2192,100117167,ῥέζειν,to want,137
2193,100117168,,,137
2194,100117169,.,.,137
2195,100117170,τὸν,him,138
2196,100117171,δ’,but,138
2197,100117172,ἄρ’,then,138
2198,100117173,ὑπόδρα,from below,138
2199,100117174,ἰδὼν,having seen,138
2200,100117175,προσέφη,spoke to,138
2201,100117176,πόδας,feet,138
2202,100117177,ὠκὺς,swift-footed,138
2203,100117178,Ἀχιλλεύς,Achilles,138
2204,100117179,.,.,138
2205,100117180,,,139
2206,100117181,Ἕκτορ,Hector,139
2207,100117182,μή,not,139
2208,100117183,μοι,to me,139
2209,100117184,ἄλαστε,unjust,139
2210,100117185,συνημοσύνας,secret plots,139
2211,100117186,ἀγόρευε,speak,139
2212,100117187,.,.,139
2213,100117188,ὡς,so,140
2214,100117189,οὐκ,not,140
2215,100117190,ἔστι,there is,140
2216,100117191,λέουσι,to lions,140
2217,100117192,καὶ,and,140
2218,100117193,ἀνδράσιν,men,140
2219,100117194,ὅρκια,oaths,140
2220,100117195,πιστά,trustworthy,140
2221,100117196,",",",",140
2222,100117197,οὐ,not,140
2223,100117198,-δὲ,and,140
2224,100117199,λύκοι,wolves,140
2225,100117200,τε,and,140
2226,100117201,καὶ,and,140
2227,100117202,ἄρνες,lambs,140
2228,100117203,ὁμόφρονα,one-minded,140
2229,100117204,θυμὸν,spirit,140
2230,100117205,ἔχουσιν,have,140
2231,100117206,",",",",140
2232,100117207,ἀλλὰ,but,140
2233,100117208,κακὰ,evil things,140
2234,100117209,φρονέουσι,think,140
2235,100117210,διαμπερὲς,continuously,140
2236,100117211,ἀλλήλοισιν,to one another,140
2237,100117212,",",",",140
2238,100117213,ὣς,thus,140
2239,100117214,οὐκ,not,140
2240,100117215,ἔστ’,is,140
2241,100117216,ἐμὲ,me,140
2242,100117217,καὶ,and,140
2243,100117218,σὲ,you,140
2244,100117219,φιλήμεναι,to love,140
2245,100117220,",",",",140
2246,100117221,οὐ,not,140
2247,100117222,-δέ,and,140
2248,100117223,τι,any,140
2249,100117224,νῶϊν,us two,140
2250,100117225,ὅρκια,oaths,140
2251,100117226,ἔσσονται,will be,140
2252,100117227,",",",",140
2253,100117228,πρίν,before,140
2254,100117229,γ’,indeed,140
2255,100117230,ἢ,than,140
2256,100117231,ἕτερόν,the other,140
2257,100117232,γε,indeed,140
2258,100117233,πεσόντα,fallen,140
2259,100117234,αἵματος,of blood,140
2260,100117235,ἆσαι,to drink,140
2261,100117236,Ἄρηα,Ares,140
2262,100117237,ταλαύρινον,enduring,140
2263,100117238,πολεμιστήν,warrior,140
2264,100117239,.,.,140
2265,100117240,παντοίης,of every kind,141
2266,100117241,ἀρετῆς,of excellence,141
2267,100117242,μιμνήσκεο,remember,141
2268,100117243,.,.,141
2269,100117244,νῦν,now,142
2270,100117245,σε,you,142
2271,100117246,μάλα,very,142
2272,100117247,χρὴ,it is fitting,142
2273,100117248,αἰχμητήν,spearman,142
2274,100117249,τ’,and,142
2275,100117250,ἔμεναι,to be,142
2276,100117251,καὶ,and,142
2277,100117252,θαρσαλέον,bold,142
2278,100117253,πολεμιστήν,warrior,142
2279,100117254,.,.,142
2280,100117255,οὔ,not,143
2281,100117256,τοι,to you,143
2282,100117257,ἔτ’,yet,143
2283,100117258,ἔσθ',is,143
2284,100117259,ὑπάλυξις,escape,143
2285,100117260,",",",",143
2286,100117261,ἄφαρ,immediately,143
2287,100117262,δέ,but,143
2288,100117263,σε,you,143
2289,100117264,Παλλὰς,Pallas,143
2290,100117265,Ἀθήνη,Athena,143
2291,100117266,ἔγχει,with a spear,143
2292,100117267,ἐμῷ,my,143
2293,100117268,δαμάᾳ,will subdue,143
2294,100117269,.,.,143
2295,100117270,νῦν,now,144
2296,100117271,δ’,but,144
2297,100117272,ἀθρόα,all together,144
2298,100117273,πάντ’,all,144
2299,100117274,ἀποτίσεις,you will pay back,144
2300,100117275,κήδε’,sorrows,144
2301,100117276,ἐμῶν,my,144
2302,100117277,ἑτάρων,companions,144
2303,100117278,οὓς,whom,144
2304,100117279,ἔκτανες,you killed,144
2305,100117280,ἔγχεϊ,with spear,144
2306,100117281,θύων,slaying,144
2307,100117282,,,144
2308,100117283,.,.,144
2309,100117284,ἦ,held,145
2310,100117285,ῥα,then,145
2311,100117286,",",",",145
2312,100117287,καὶ,and,145
2313,100117288,ἀμπεπαλὼν,springing,145
2314,100117289,προΐει,goes forward,145
2315,100117290,δολιχόσκιον,long-shadowed,145
2316,100117291,ἔγχος,spear,145
2317,100117292,.,.,145
2318,100117293,καὶ,and,146
2319,100117294,τὸ,him,146
2320,100117295,μὲν,indeed,146
2321,100117296,ἄντα,indeed,146
2322,100117297,ἰδὼν,seeing,146
2323,100117298,ἠλεύατο,came,146
2324,100117299,φαίδιμος,shining,146
2325,100117300,Ἕκτωρ,Hector,146
2326,100117301,.,.,146
2327,100117302,ἕζετο,sat,147
2328,100117303,γὰρ,for,147
2329,100117304,προϊδών,having foreseen,147
2330,100117305,",",",",147
2331,100117306,τὸ,the,147
2332,100117307,δ',and,147
2333,100117308,ὑπέρπτατο,soared above,147
2334,100117309,χάλκεον,bronze,147
2335,100117310,ἔγχος,spear,147
2336,100117311,",",",",147
2337,100117312,ἐν,in,147
2338,100117313,γαίῃ,ground,147
2339,100117314,δ’,and,147
2340,100117315,ἐπάγη,stuck,147
2341,100117316,.,.,147
2342,100117317,ἀνὰ,up,148
2343,100117318,δ’,and,148
2344,100117319,ἥρπασε,snatched,148
2345,100117320,Παλλὰς,Pallas,148
2346,100117321,Ἀθήνη,Athena,148
2347,100117322,",",",",148
2348,100117323,ἂψ,again,148
2349,100117324,δ’,and,148
2350,100117325,Ἀχιλῆϊ,to Achilles,148
2351,100117326,δίδου,was giving,148
2352,100117327,",",",",148
2353,100117328,λάθε,escaped,148
2354,100117329,δ’,and,148
2355,100117330,Ἕκτορα,Hector,148
2356,100117331,ποιμένα,shepherd,148
2357,100117332,λαῶν,of the people,148
2358,100117333,.,.,148
2359,100117334,Ἕκτωρ,Hector,149
2360,100117335,δὲ,but,149
2361,100117336,προσέειπεν,addressed,149
2362,100117337,ἀμύμονα,blameless,149
2363,100117338,Πηλεΐωνα,son of Peleus,149
2364,100117339,.,.,149
2365,100117340,,,150
2366,100117341,ἤμβροτες,I erred,150
2367,100117342,",",",",150
2368,100117343,οὐ,not,150
2369,100117344,-δ’,and,150
2370,100117345,ἄρα,then,150
2371,100117346,πώ,yet,150
2372,100117347,τι,anything,150
2373,100117348,θεοῖς,gods,150
2374,100117349,ἐπιείκελ’,like,150
2375,100117350,Ἀχιλλεῦ,Achilles,150
2376,100117351,ἐκ,from,150
2377,100117352,Διὸς,of Zeus,150
2378,100117353,ἠείδης,knew,150
2379,100117354,τὸν,that,150
2380,100117355,ἐμὸν,my,150
2381,100117356,μόρον,fate,150
2382,100117357,",",",",150
2383,100117358,ἦ,if,150
2384,100117359,τοι,you,150
2385,100117360,ἔφης,said,150
2386,100117361,γε,indeed,150
2387,100117362,.,.,150
2388,100117363,ἀλλά,but,151
2389,100117364,τις,someone,151
2390,100117365,ἀρτιεπὴς,well-spoken,151
2391,100117366,καὶ,and,151
2392,100117367,ἐπίκλοπος,crafty,151
2393,100117368,ἔπλεο,sailed,151
2394,100117369,μύθων,of words,151
2395,100117370,",",",",151
2396,100117371,ὄφρά,so that,151
2397,100117372,σ’,you,151
2398,100117373,ὑποδείσας,having shown,151
2399,100117374,μένεος,of fury,151
2400,100117375,ἀλκῆς,of strength,151
2401,100117376,τε,and,151
2402,100117377,λάθωμαι,be forgotten,151
2403,100117378,.,.,151
2404,100117379,οὐ,not,152
2405,100117380,μέν,indeed,152
2406,100117381,μοι,me,152
2407,100117382,φεύγοντι,fleeing,152
2408,100117383,μεταφρένῳ,back,152
2409,100117384,ἐν,in,152
2410,100117385,δόρυ,spear,152
2411,100117386,πήξεις,you will strike,152
2412,100117387,",",",",152
2413,100117388,ἀλλ’,but,152
2414,100117389,ἰθὺς,straight,152
2415,100117390,μεμαῶτι,eager,152
2416,100117391,διὰ,through,152
2417,100117392,στήθεσφιν,between your breasts,152
2418,100117393,ἔλασσον,drive,152
2419,100117394,εἴ,if,152
2420,100117395,τοι,you,152
2421,100117396,ἔδωκε,gave,152
2422,100117397,θεός,god,152
2423,100117398,.,.,152
2424,100117399,νῦν,now,153
2425,100117400,αὖτ’,also,153
2426,100117401,ἐμὸν,my,153
2427,100117402,ἔγχος,spear,153
2428,100117403,ἄλευαι,you ward off,153
2429,100117404,χάλκεον,bronze,153
2430,100117405,.,.,153
2431,100117406,ὡς,thus,154
2432,100117407,δή,indeed,154
2433,100117408,μιν,him,154
2434,100117409,σῷ,your,154
2435,100117410,ἐν,in,154
2436,100117411,χροῒ,skin,154
2437,100117412,πᾶν,all,154
2438,100117413,κομίσαιο,you might bring,154
2439,100117414,.,.,154
2440,100117415,καί,and,155
2441,100117416,κεν,ken,155
2442,100117417,ἐλαφρότερος,lighter,155
2443,100117418,πόλεμος,war,155
2444,100117419,Τρώεσσι,to the Trojans,155
2445,100117420,γένοιτο,would become,155
2446,100117421,σεῖο,of you,155
2447,100117422,καταφθιμένοιο,perishing,155
2448,100117423,.,.,155
2449,100117424,σὺ,you,156
2450,100117425,γάρ,for,156
2451,100117426,σφισι,to them,156
2452,100117427,πῆμα,calamity,156
2453,100117428,μέγιστον,greatest,156
2454,100117429,,,156
2455,100117430,.,.,156
2456,100117431,ἦ,then,157
2457,100117432,ῥα,then,157
2458,100117433,",",",",157
2459,100117434,καὶ,and,157
2460,100117435,ἀμπεπαλὼν,brandishing,157
2461,100117436,προΐει,advanced,157
2462,100117437,δολιχόσκιον,long-shadowed,157
2463,100117438,ἔγχος,spear,157
2464,100117439,",",",",157
2465,100117440,καὶ,and,157
2466,100117441,βάλε,threw,157
2467,100117442,Πηλεΐδαο,of Peleus' son,157
2468,100117443,μέσον,mid,157
2469,100117444,σάκος,shield,157
2470,100117445,οὐ,not,157
2471,100117446,-δ’,and,157
2472,100117447,ἀφάμαρτε,miss,157
2473,100117448,.,.,157
2474,100117449,τῆλε,far,158
2475,100117450,δ’,but,158
2476,100117451,ἀπεπλάγχθη,was driven far astray,158
2477,100117452,σάκεος,of the shield,158
2478,100117453,δόρυ,spear,158
2479,100117454,.,.,158
2480,100117455,χώσατο,he became angry,159
2481,100117456,δ’,and,159
2482,100117457,Ἕκτωρ,Hector,159
2483,100117458,ὅττί,what,159
2484,100117459,ῥά,indeed,159
2485,100117460,οἱ,to him,159
2486,100117461,βέλος,missile,159
2487,100117462,ὠκὺ,swift,159
2488,100117463,ἐτώσιον,swift,159
2489,100117464,ἔκφυγε,escaped,159
2490,100117465,χειρός,from the hand,159
2491,100117466,",",",",159
2492,100117467,στῆ,stood,159
2493,100117468,δὲ,,159
2494,100117469,κατηφήσας,being downcast,159
2495,100117470,",",",",159
2496,100117471,οὐ,not,159
2497,100117472,-δ’,and,159
2498,100117473,ἄλλ’,other,159
2499,100117474,ἔχε,held,159
2500,100117475,μείλινον,mulberry-wood,159
2501,100117476,ἔγχος,spear,159
2502,100117477,.,.,159
2503,100117478,Δηΐφοβον,Deiphobus,160
2504,100117479,δ’,and,160
2505,100117480,ἐκάλει,called,160
2506,100117481,λευκάσπιδα,white-shielded,160
2507,100117482,μακρὸν,long,160
2508,100117483,ἀΰσας,having called out,160
2509,100117484,.,.,160
2510,100117485,ᾔτεέ,asked,161
2511,100117486,μιν,him,161
2512,100117487,δόρυ,spear,161
2513,100117488,μακρόν,long,161
2514,100117489,.,.,161
2515,100117490,ὃ,but,162
2516,100117491,δ’,but,162
2517,100117492,οὔ,not,162
2518,100117493,τί,at all,162
2519,100117494,οἱ,him,162
2520,100117495,ἐγγύθεν,from nearby,162
2521,100117496,ἦεν,was,162
2522,100117497,.,.,162
2523,100117498,Ἕκτωρ,Hector,163
2524,100117499,δ’,but,163
2525,100117500,ἔγνω,recognized,163
2526,100117501,ᾗσιν,their own,163
2527,100117502,ἐνὶ,in,163
2528,100117503,φρεσὶ,minds,163
2529,100117504,φώνησέν,shouted,163
2530,100117505,τε,and,163
2531,100117506,.,.,163
2532,100117507,,,164
2533,100117508,ὢ,oh,164
2534,100117509,πόποι,alas,164
2535,100117510,ἦ,very,164
2536,100117511,μάλα,very,164
2537,100117512,δή,indeed,164
2538,100117513,με,me,164
2539,100117514,θεοὶ,gods,164
2540,100117515,θάνατόνδε,death,164
2541,100117516,κάλεσσαν,called,164
2542,100117517,.,.,164
2543,100117518,Δηΐφοβον,Deiphobus,165
2544,100117519,γὰρ,for,165
2545,100117520,ἔγωγ',I,165
2546,100117521,ἐφάμην,I said,165
2547,100117522,ἥρωα,hero,165
2548,100117523,παρεῖναι,to be present,165
2549,100117524,.,.,165
2550,100117525,ἀλλ’,but,166
2551,100117526,ὃ,he,166
2552,100117527,μὲν,indeed,166
2553,100117528,ἐν,in,166
2554,100117529,τείχει,wall,166
2555,100117530,",",",",166
2556,100117531,ἐμὲ,me,166
2557,100117532,δ’,but,166
2558,100117533,ἐξαπάτησεν,deceived,166
2559,100117534,Ἀθήνη,Athena,166
2560,100117535,.,.,166
2561,100117536,νῦν,now,167
2562,100117537,δὲ,but,167
2563,100117538,δὴ,indeed,167
2564,100117539,ἐγγύθι,near,167
2565,100117540,μοι,to me,167
2566,100117541,θάνατος,death,167
2567,100117542,κακός,bad,167
2568,100117543,",",",",167
2569,100117544,οὐ,not,167
2570,100117545,-δ’,but,167
2571,100117546,ἔτ',still,167
2572,100117547,ἄνευθεν,away,167
2573,100117548,",",",",167
2574,100117549,οὐ,not,167
2575,100117550,-δ’,and,167
2576,100117551,ἀλέη,remedy,167
2577,100117552,.,.,167
2578,100117553,ἦ,indeed,168
2579,100117554,γάρ,for,168
2580,100117555,ῥα,indeed,168
2581,100117556,πάλαι,long ago,168
2582,100117557,τό,him,168
2583,100117558,γε,indeed,168
2584,100117559,φίλτερον,more dear,168
2585,100117560,ἦεν,was,168
2586,100117561,Ζηνί,to Zeus,168
2587,100117562,τε,and,168
2588,100117563,καὶ,and,168
2589,100117564,Διὸς,of Zeus,168
2590,100117565,υἷι,son,168
2591,100117566,ἑκηβόλῳ,far-shooting,168
2592,100117567,",",",",168
2593,100117568,οἵ,those,168
2594,100117569,με,me,168
2595,100117570,πάρος,before,168
2596,100117571,γε,indeed,168
2597,100117572,πρόφρονες,willingly,168
2598,100117573,εἰρύατο,gathered,168
2599,100117574,.,.,168
2600,100117575,νῦν,now,169
2601,100117576,αὖτέ,again,169
2602,100117577,με,me,169
2603,100117578,μοῖρα,destiny,169
2604,100117579,κιχάνει,overtakes,169
2605,100117580,.,.,169
2606,100117581,μὴ,not,170
2607,100117582,μὰν,indeed,170
2608,100117583,ἀσπουδί,without haste,170
2609,100117584,γε,indeed,170
2610,100117585,καὶ,even,170
2611,100117586,ἀκλειῶς,without glory,170
2612,100117587,ἀπολοίμην,I should perish,170
2613,100117588,",",",",170
2614,100117589,ἀλλὰ,but,170
2615,100117590,μέγα,great,170
2616,100117591,ῥέξας,having done,170
2617,100117592,τι,something,170
2618,100117593,καὶ,and,170
2619,100117594,ἐσσομένοισι,future,170
2620,100117595,πυθέσθαι,to learn,170
2621,100117596, , ,170
2622,100117597,.,.,170
2623,100117598,ὣς,thus,171
2624,100117599,ἄρα,then,171
2625,100117600,φωνήσας,having called,171
2626,100117601,εἰρύσσατο,drew,171
2627,100117602,φάσγανον,sword,171
2628,100117603,ὀξύ,sharp,171
2629,100117604,",",",",171
2630,100117605,τό,which,171
2631,100117606,οἱ,to him,171
2632,100117607,ὑπὸ,under,171
2633,100117608,λαπάρην,flank,171
2634,100117609,τέτατο,was stretched,171
2635,100117610,μέγα,great,171
2636,100117611,τε,and,171
2637,100117612,στιβαρόν,heavy,171
2638,100117613,τε,and,171
2639,100117614,",",",",171
2640,100117615,οἴμησεν,uttered a cry,171
2641,100117616,δὲ,and,171
2642,100117617,ἀλεὶς,screaming,171
2643,100117618,ὥς,as,171
2644,100117619,τ’,and,171
2645,100117620,αἰετὸς,eagle,171
2646,100117621,ὑψιπετήεις,high-flying,171
2647,100117622,",",",",171
2648,100117623,ὅς,who,171
2649,100117624,τ’,and,171
2650,100117625,εἶσιν,soaring,171
2651,100117626,πεδίον,plain,171
2652,100117627,δὲ,and,171
2653,100117628,διὰ,through,171
2654,100117629,νεφέων,clouds,171
2655,100117630,ἐρεβεννῶν,dark,171
2656,100117631,ἁρπάξων,about to seize,171
2657,100117632,ἢ,or,171
2658,100117633,ἄρν',lamb,171
2659,100117634,ἀμαλὴν,tender,171
2660,100117635,ἤ,or,171
2661,100117636,πτῶκα,falling,171
2662,100117637,λαγωόν,hare,171
2663,100117638,.,.,171
2664,100117639,ὣς,thus,172
2665,100117640,Ἕκτωρ,Hector,172
2666,100117641,οἴμησε,shouted,172
2667,100117642,τινάσσων,shaking,172
2668,100117643,φάσγανον,sword,172
2669,100117644,ὀξύ,sharp,172
2670,100117645,.,.,172
2671,100117646,ὁρμήθη,charged,173
2672,100117647,δ’,and,173
2673,100117648,Ἀχιλεύς,Achilles,173
2674,100117649,",",",",173
2675,100117650,μένεος,fury,173
2676,100117651,δ’,and,173
2677,100117652,ἐμπλήσατο,filled,173
2678,100117653,θυμὸν,spirit,173
2679,100117654,ἀγρίου,fierce,173
2680,100117655,",",",",173
2681,100117656,πρόσθεν,before,173
2682,100117657,δὲ,and,173
2683,100117658,σάκος,shield,173
2684,100117659,στέρνοιο,of his breast,173
2685,100117660,κάλυψε,covered,173
2686,100117661,καλὸν,beautiful,173
2687,100117662,δαιδάλεον,ornate,173
2688,100117663,",",",",173
2689,100117664,κόρυθι,helmet,173
2690,100117665,δ’,and,173
2691,100117666,ἐπένευε,nodded,173
2692,100117667,φαεινῇ,shining,173
2693,100117668,τετραφάλῳ,four-crested,173
2694,100117669,.,.,173
2695,100117670,καλαὶ,beautiful,174
2696,100117671,δὲ,but,174
2697,100117672,περισσείοντο,they grew long,174
2698,100117673,ἔθειραι,hair,174
2699,100117674,χρύσεαι,golden,174
2700,100117675,",",",",174
2701,100117676,ἃς,whom,174
2702,100117677,Ἥφαιστος,Hephaestus,174
2703,100117678,ἵει,weaves,174
2704,100117679,λόφον,hill,174
2705,100117680,ἀμφὶ,around,174
2706,100117681,θαμειάς,thick,174
2707,100117682,.,.,174
2708,100117683,οἷος,such,175
2709,100117684,δ’,but,175
2710,100117685,ἀστὴρ,star,175
2711,100117686,εἶσι,goes,175
2712,100117687,μετ’,among,175
2713,100117688,ἀστράσι,stars,175
2714,100117689,νυκτὸς,of night,175
2715,100117690,ἀμολγῷ,unseen,175
2716,100117691,ἕσπερος,evening,175
2717,100117692,",",",",175
2718,100117693,ὃς,who,175
2719,100117694,κάλλιστος,most beautiful,175
2720,100117695,ἐν,in,175
2721,100117696,οὐρανῷ,sky,175
2722,100117697,ἵσταται,stands,175
2723,100117698,ἀστήρ,star,175
2724,100117699,",",",",175
2725,100117700,ὣς,as,175
2726,100117701,αἰχμῆς,spear,175
2727,100117702,ἀπέλαμπ’,shone,175
2728,100117703,εὐήκεος,of the good spear,175
2729,100117704,",",",",175
2730,100117705,ἣν,which,175
2731,100117706,ἄρ’,indeed,175
2732,100117707,Ἀχιλλεὺς,Achilles,175
2733,100117708,πάλλεν,threw,175
2734,100117709,δεξιτερῇ,right,175
2735,100117710,φρονέων,intending,175
2736,100117711,κακὸν,evil,175
2737,100117712,Ἕκτορι,to Hector,175
2738,100117713,δίῳ,famous,175
2739,100117714,εἰσορόων,looking at,175
2740,100117715,χρόα,skin,175
2741,100117716,καλόν,beautiful,175
2742,100117717,",",",",175
2743,100117718,ὅπῃ,where,175
2744,100117719,εἴξειε,he would have struck,175
2745,100117720,μάλιστα,most,175
2746,100117721,.,.,175
2747,100117722,τοῦ,his,176
2748,100117723,δὲ,and,176
2749,100117724,καὶ,and,176
2750,100117725,ἄλλο,another,176
2751,100117726,τόσον,so much,176
2752,100117727,μὲν,indeed,176
2753,100117728,ἔχε,hold,176
2754,100117729,χρόα,skin,176
2755,100117730,χάλκεα,bronze,176
2756,100117731,τεύχεα,armor,176
2757,100117732,καλά,beautiful,176
2758,100117733,",",",",176
2759,100117734,τὰ,them,176
2760,100117735,Πατρόκλοιο,of Patroclus,176
2761,100117736,βίην,might,176
2762,100117737,ἐνάριξε,slayed,176
2763,100117738,κατακτάς,having slain,176
2764,100117739,.,.,176
2765,100117740,φαίνετο,it appeared,177
2766,100117741,δ’,and,177
2767,100117742,ᾗ,indeed,177
2768,100117743,κληῗδες,keys,177
2769,100117744,ἀπ',from,177
2770,100117745,ὤμων,shoulders,177
2771,100117746,αὐχέν’,neck,177
2772,100117747,ἔχουσι,have,177
2773,100117748,λαυκανίην,leather,177
2774,100117749,",",",",177
2775,100117750,ἵνα,where,177
2776,100117751,τε,and,177
2777,100117752,ψυχῆς,of-soul,177
2778,100117753,ὤκιστος,swiftest,177
2779,100117754,ὄλεθρος,destruction,177
2780,100117755,.,.,177
2781,100117756,τῇ,her,178
2782,100117757,ῥ',indeed,178
2783,100117758,ἐπὶ,towards,178
2784,100117759,οἷ,him,178
2785,100117760,μεμαῶτ’,having been eager,178
2786,100117761,ἔλασ',drove,178
2787,100117762,ἔγχεϊ,spear,178
2788,100117763,δῖος,divine,178
2789,100117764,Ἀχιλλεύς,Achilles,178
2790,100117765,",",",",178
2791,100117766,ἀντικρὺ,straight,178
2792,100117767,δ’,and,178
2793,100117768,ἁπαλοῖο,delicate,178
2794,100117769,δι’,through,178
2795,100117770,αὐχένος,of the neck,178
2796,100117771,ἤλυθ’,came,178
2797,100117772,ἀκωκή,point,178
2798,100117773,.,.,178
2799,100117774,οὐ,not,179
2800,100117775,-δ’,and,179
2801,100117776,ἄρ’,now,179
2802,100117777,ἀπ’,from,179
2803,100117778,ἀσφάραγον,asparagus,179
2804,100117779,μελίη,spear,179
2805,100117780,τάμε,cut,179
2806,100117781,χαλκοβάρεια,bronze-heavy,179
2807,100117782,",",",",179
2808,100117783,ὄφρά,so that,179
2809,100117784,τί,something,179
2810,100117785,μιν,him,179
2811,100117786,προτιείποι,he might tell,179
2812,100117787,ἀμειβόμενος,exchanging,179
2813,100117788,ἐπέεσσιν,words,179
2814,100117789,.,.,179
2815,100117790,ἤριπε,fell,180
2816,100117791,δ’,and,180
2817,100117792,ἐν,in,180
2818,100117793,κονίῃς,dust,180
2819,100117794,.,.,180
2820,100117795,ὃ,he,181
2821,100117796,δ’,but,181
2822,100117797,ἐπεύξατο,prayed,181
2823,100117798,δῖος,divine,181
2824,100117799,Ἀχιλλεύς,Achilles,181
2825,100117800,.,.,181
2826,100117801,,,182
2827,100117802,Ἕκτορ,Hector,182
2828,100117803,ἀτάρ,but,182
2829,100117804,που,perhaps,182
2830,100117805,ἔφης,you said,182
2831,100117806,Πατροκλῆ',Patroclus,182
2832,100117807,ἐξεναρίζων,shaming,182
2833,100117808,σῶς,well,182
2834,100117809,ἔσσεσθ',you will be,182
2835,100117810,",",",",182
2836,100117811,ἐμὲ,me,182
2837,100117812,δ’,and,182
2838,100117813,οὐδὲν,not at all,182
2839,100117814,ὀπίζεο,neglect,182
2840,100117815,νόσφιν,apart,182
2841,100117816,ἐόντα,being,182
2842,100117817,νήπιε,fool,182
2843,100117818,.,.,182
2844,100117819,τοῖο,such,183
2845,100117820,δ’,and,183
2846,100117821,ἄνευθεν,from afar,183
2847,100117822,ἀοσσητὴρ,scout,183
2848,100117823,μέγ’,greatly,183
2849,100117824,ἀμείνων,better,183
2850,100117825,νηυσὶν,ships,183
2851,100117826,ἔπι,on,183
2852,100117827,γλαφυρῇσιν,hollow,183
2853,100117828,ἐγὼ,I,183
2854,100117829,μετόπισθε,behind,183
2855,100117830,λελείμμην,I was left behind,183
2856,100117831,",",",",183
2857,100117832,ὅς,who,183
2858,100117833,τοι,you,183
2859,100117834,γούνατ’,knees,183
2860,100117835,ἔλυσα,I loosened,183
2861,100117836,.,.,183
2862,100117837,σὲ,you,184
2863,100117838,μὲν,on the one hand,184
2864,100117839,κύνες,dogs,184
2865,100117840,ἠδ’,and,184
2866,100117841,οἰωνοὶ,vultures,184
2867,100117842,ἑλκήσουσ’,will drag,184
2868,100117843,ἀϊκῶς,cruelly,184
2869,100117844,",",",",184
2870,100117845,τὸν,him,184
2871,100117846,δὲ,but,184
2872,100117847,κτεριοῦσιν,they will strip,184
2873,100117848,Ἀχαιοί,Achaeans,184
2874,100117849,,,184
2875,100117850,.,.,184
2876,100117851,τὸν,him,185
2877,100117852,δ’,and,185
2878,100117853,ὀλιγοδρανέων,few-spear-hurling,185
2879,100117854,προσέφη,addressed,185
2880,100117855,κορυθαίολος,helmeted,185
2881,100117856,Ἕκτωρ,Hector,185
2882,100117857,.,.,185
2883,100117858,,,186
2884,100117859,λίσσομ',I beg,186
2885,100117860,ὑπὲρ,for,186
2886,100117861,ψυχῆς,soul,186
2887,100117862,καὶ,and,186
2888,100117863,γούνων,knees,186
2889,100117864,σῶν,your,186
2890,100117865,τε,and,186
2891,100117866,τοκήων,parents,186
2892,100117867,μή,not,186
2893,100117868,με,me,186
2894,100117869,ἔα,let,186
2895,100117870,παρὰ,beside,186
2896,100117871,νηυσὶ,ships,186
2897,100117872,κύνας,dogs,186
2898,100117873,καταδάψαι,devour,186
2899,100117874,Ἀχαιῶν,of the Achaeans,186
2900,100117875,",",",",186
2901,100117876,ἀλλὰ,but,186
2902,100117877,σὺ,you,186
2903,100117878,μὲν,indeed,186
2904,100117879,χαλκόν,bronze,186
2905,100117880,τε,and,186
2906,100117881,ἅλις,enough,186
2907,100117882,χρυσόν,gold,186
2908,100117883,τε,and,186
2909,100117884,δέδεξο,accept,186
2910,100117885,δῶρα,gifts,186
2911,100117886,τά,which,186
2912,100117887,τοι,to you,186
2913,100117888,δώσουσι,will give,186
2914,100117889,πατὴρ,father,186
2915,100117890,καὶ,and,186
2916,100117891,πότνια,Lady,186
2917,100117892,μήτηρ,mother,186
2918,100117893,",",",",186
2919,100117894,σῶμα,body,186
2920,100117895,δὲ,but,186
2921,100117896,οἴκαδ’,home,186
2922,100117897,ἐμὸν,my,186
2923,100117898,δόμεναι,to give,186
2924,100117899,πάλιν,back,186
2925,100117900,",",",",186
2926,100117901,ὄφρα,so that,186
2927,100117902,πυρός,by fire,186
2928,100117903,με,me,186
2929,100117904,Τρῶες,Trojans,186
2930,100117905,καὶ,and,186
2931,100117906,Τρώων,of Trojans,186
2932,100117907,ἄλοχοι,wives,186
2933,100117908,λελάχωσι,have as their lot,186
2934,100117909,θανόντα,dead,186
2935,100117910,,,186
2936,100117911,.,.,186
2937,100117912,τὸν,him,187
2938,100117913,δ’,and,187
2939,100117914,ἄρ’,then,187
2940,100117915,ὑπόδρα,slyly,187
2941,100117916,ἰδὼν,having seen,187
2942,100117917,προσέφη,spoke,187
2943,100117918,πόδας,feet,187
2944,100117919,ὠκὺς,swift,187
2945,100117920,Ἀχιλλεὺς,Achilles,187
2946,100117921,.,.,187
2947,100117922,,,188
2948,100117923,μή,not,188
2949,100117924,με,me,188
2950,100117925,κύον,dog,188
2951,100117926,γούνων,knees,188
2952,100117927,γουνάζεο,kneel,188
2953,100117928,μὴ,not,188
2954,100117929,δὲ,and,188
2955,100117930,τοκήων,parents,188
2956,100117931,.,.,188
2957,100117932,αἲ,for,189
2958,100117933,γάρ,for,189
2959,100117934,πως,somehow,189
2960,100117935,αὐτόν,himself,189
2961,100117936,με,me,189
2962,100117937,μένος,strength,189
2963,100117938,καὶ,and,189
2964,100117939,θυμὸς,anger,189
2965,100117940,ἀνήη,strikes,189
2966,100117941,ὤμ’,raw,189
2967,100117942,ἀποταμνόμενον,cutting off,189
2968,100117943,κρέα,meat,189
2969,100117944,ἔδμεναι,to eat,189
2970,100117945,",",",",189
2971,100117946,οἷα,such,189
2972,100117947,ἔοργας,you did,189
2973,100117948,",",",",189
2974,100117949,ὡς,so,189
2975,100117950,οὐκ,not,189
2976,100117951,ἔσθ',is,189
2977,100117952,ὃς,anyone,189
2978,100117953,σῆς,your,189
2979,100117954,γε,indeed,189
2980,100117955,κύνας,dogs,189
2981,100117956,κεφαλῆς,of the head,189
2982,100117957,ἀπαλάλκοι,would ward off,189
2983,100117958,",",",",189
2984,100117959,οὐ,not,189
2985,100117960,-δ’,neither,189
2986,100117961,εἴ,if,189
2987,100117962,κεν,if,189
2988,100117963,δεκάκις,ten times,189
2989,100117964,τε,and,189
2990,100117965,καὶ,and,189
2991,100117966,εἰκοσινήριτ’,twenty-year-old,189
2992,100117967,ἄποινα,ransom,189
2993,100117968,στήσωσ',set,189
2994,100117969,ἐνθάδ’,here,189
2995,100117970,ἄγοντες,bringing,189
2996,100117971,",",",",189
2997,100117972,ὑπόσχωνται,promise,189
2998,100117973,δὲ,and,189
2999,100117974,καὶ,also,189
3000,100117975,ἄλλα,other things,189
3001,100117976,",",",",189
3002,100117977,οὐ,not,189
3003,100117978,-δ’,nor,189
3004,100117979,εἴ,if,189
3005,100117980,κέν,if,189
3006,100117981,σ',you,189
3007,100117982,αὐτὸν,himself,189
3008,100117983,χρυσῷ,with gold,189
3009,100117984,ἐρύσασθαι,to rescue,189
3010,100117985,ἀνώγοι,would order,189
3011,100117986,Δαρδανίδης,son of Dardanus,189
3012,100117987,Πρίαμος,Priam,189
3013,100117988,.,.,189
3014,100117989,οὐ,not,190
3015,100117990,-δ’,but,190
3016,100117991,ὧς,thus,190
3017,100117992,σέ,you,190
3018,100117993,γε,indeed,190
3019,100117994,πότνια,Mistress,190
3020,100117995,μήτηρ,mother,190
3021,100117996,ἐνθεμένη,putting in,190
3022,100117997,λεχέεσσι,beds,190
3023,100117998,γοήσεται,will wail,190
3024,100117999,ὃν,whom,190
3025,100118000,τέκεν,bore,190
3026,100118001,αὐτή,she,190
3027,100118002,",",",",190
3028,100118003,ἀλλὰ,but,190
3029,100118004,κύνες,dogs,190
3030,100118005,τε,and,190
3031,100118006,καὶ,and,190
3032,100118007,οἰωνοὶ,vultures,190
3033,100118008,κατὰ,down,190
3034,100118009,πάντα,all,190
3035,100118010,δάσονται,will tear apart,190
3036,100118011,,,190
3037,100118012,.,.,190
3038,100118013,τὸν,him,191
3039,100118014,δὲ,but,191
3040,100118015,καταθνῄσκων,dying,191
3041,100118016,προσέφη,said to,191
3042,100118017,κορυθαίολος,helmeted,191
3043,100118018,Ἕκτωρ,Hector,191
3044,100118019,.,.,191
3045,100118020,,,192
3046,100118021,ἦ,not,192
3047,100118022,σ’,you,192
3048,100118023,εὖ,well,192
3049,100118024,γιγνώσκων,knowing,192
3050,100118025,προτιόσσομαι,I go before,192
3051,100118026,",",",",192
3052,100118027,οὐ,not,192
3053,100118028,-δ’,and,192
3054,100118029,ἄρ’,now,192
3055,100118030,ἔμελλον,I was going to,192
3056,100118031,πείσειν,to persuade,192
3057,100118032,.,.,192
3058,100118033,ἦ,for,193
3059,100118034,γὰρ,for,193
3060,100118035,σοί,to you,193
3061,100118036,γε,indeed,193
3062,100118037,σιδήρεος,of iron,193
3063,100118038,ἐν,in,193
3064,100118039,φρεσὶ,in heart,193
3065,100118040,θυμός,spirit,193
3066,100118041,.,.,193
3067,100118042,φράζεο,consider,194
3068,100118043,νῦν,now,194
3069,100118044,",",",",194
3070,100118045,μή,not,194
3071,100118046,τοί,you,194
3072,100118047,τι,any,194
3073,100118048,θεῶν,of the gods,194
3074,100118049,μήνιμα,an expression of anger,194
3075,100118050,γένωμαι,become,194
3076,100118051,ἤματι,day,194
3077,100118052,τῷ,that,194
3078,100118053,ὅτε,when,194
3079,100118054,κέν,if,194
3080,100118055,σε,you,194
3081,100118056,Πάρις,Paris,194
3082,100118057,καὶ,and,194
3083,100118058,Φοῖβος,Phoebus,194
3084,100118059,Ἀπόλλων,Apollo,194
3085,100118060,ἐσθλὸν,good,194
3086,100118061,ἐόντ',being,194
3087,100118062,ὀλέσωσιν,they destroy,194
3088,100118063,ἐνὶ,at,194
3089,100118064,Σκαιῇσι,Scian,194
3090,100118065,πύλῃσιν,gates,194
3091,100118066,,,194
3092,100118067,.,.,194
3093,100118068,ὣς,thus,195
3094,100118069,ἄρα,then,195
3095,100118070,μιν,him,195
3096,100118071,εἰπόντα,speaking,195
3097,100118072,τέλος,end,195
3098,100118073,θανάτοιο,of death,195
3099,100118074,κάλυψε,covered,195
3100,100118075,",",",",195
3101,100118076,ψυχὴ,soul,195
3102,100118077,δ’,but,195
3103,100118078,ἐκ,out of,195
3104,100118079,ῥεθέων,of the face,195
3105,100118080,πταμένη,flying,195
3106,100118081,Ἄϊδος,of Hades,195
3107,100118082,δὲ,and,195
3108,100118083,βεβήκει,has gone,195
3109,100118084,ὃν,his,195
3110,100118085,πότμον,fate,195
3111,100118086,γοόωσα,lamenting,195
3112,100118087,λιποῦσ',leaving,195
3113,100118088,ἀνδροτῆτα,manhood,195
3114,100118089,καὶ,and,195
3115,100118090,ἥβην,youth,195
3116,100118091,.,.,195
3117,100118092,τὸν,him,196
3118,100118093,καὶ,even,196
3119,100118094,τεθνηῶτα,dead,196
3120,100118095,προσηύδα,addressed,196
3121,100118096,δῖος,divine,196
3122,100118097,Ἀχιλλεύς,Achilles,196
3123,100118098,.,.,196
3124,100118099,,,197
3125,100118100,τέθναθι,die!,197
3126,100118101,.,.,197
3127,100118102,κῆρα,doom,198
3128,100118103,δ’,and,198
3129,100118104,ἐγὼ,I,198
3130,100118105,τότε,then,198
3131,100118106,δέξομαι,I will accept,198
3132,100118107,ὁππότε,when,198
3133,100118108,κεν,if,198
3134,100118109,δὴ,indeed,198
3135,100118110,Ζεὺς,Zeus,198
3136,100118111,ἐθέλῃ,wills,198
3137,100118112,τελέσαι,to accomplish,198
3138,100118113,ἠδ’,and,198
3139,100118114,ἀθάνατοι,immortal,198
3140,100118115,θεοὶ,gods,198
3141,100118116,ἄλλοι,other,198
3142,100118117,,,198
3143,100118118,.,.,198
3144,100118119,ἦ,and,199
3145,100118120,ῥα,then,199
3146,100118121,",",",",199
3147,100118122,καὶ,and,199
3148,100118123,ἐκ,from,199
3149,100118124,νεκροῖο,of the dead man,199
3150,100118125,ἐρύσσατο,drew out,199
3151,100118126,χάλκεον,bronze,199
3152,100118127,ἔγχος,spear,199
3153,100118128,",",",",199
3154,100118129,καὶ,and,199
3155,100118130,τό,it,199
3156,100118131,γ’,indeed,199
3157,100118132,ἄνευθεν,from a distance,199
3158,100118133,ἔθηχ',placed,199
3159,100118134,",",",",199
3160,100118135,ὃ,he,199
3161,100118136,δ’,and,199
3162,100118137,ἀπ',from,199
3163,100118138,ὤμων,shoulders,199
3164,100118139,τεύχε’,armor,199
3165,100118140,ἐσύλα,drag,199
3166,100118141,αἱματόεντ’,blood-stained,199
3167,100118142,.,.,199
3168,100118143,ἄλλοι,others,200
3169,100118144,δὲ,but,200
3170,100118145,περίδραμον,ran around,200
3171,100118146,υἷες,sons,200
3172,100118147,Ἀχαιῶν,of the Achaeans,200
3173,100118148,",",",",200
3174,100118149,οἳ,who,200
3175,100118150,καὶ,and,200
3176,100118151,θηήσαντο,marveled at,200
3177,100118152,φυὴν,appearance,200
3178,100118153,καὶ,and,200
3179,100118154,εἶδος,appearance,200
3180,100118155,ἀγητὸν,distinguished,200
3181,100118156,Ἕκτορος,of Hector,200
3182,100118157,.,.,200
3183,100118158,οὐ,not,201
3184,100118159,-δ’,and,201
3185,100118160,ἄρα,then,201
3186,100118161,οἵ,him,201
3187,100118162,τις,someone,201
3188,100118163,ἀνουτητί,in ignorance,201
3189,100118164,γε,indeed,201
3190,100118165,παρέστη,stood by,201
3191,100118166,.,.,201
3192,100118167,ὧδε,thus,202
3193,100118168,δέ,but,202
3194,100118169,τις,someone,202
3195,100118170,εἴπεσκεν,used to say,202
3196,100118171,ἰδὼν,having seen,202
3197,100118172,ἐς,to,202
3198,100118173,πλησίον,nearby,202
3199,100118174,ἄλλον,another,202
3200,100118175,.,.,202
3201,100118176,,,203
3202,100118177,ὢ,oh,203
3203,100118178,πόποι,alas,203
3204,100118179,",",",",203
3205,100118180,ἦ,that,203
3206,100118181,μάλα,very,203
3207,100118182,δὴ,indeed,203
3208,100118183,μαλακώτερος,softer,203
3209,100118184,ἀμφαφάασθαι,to handle,203
3210,100118185,Ἕκτωρ,Hector,203
3211,100118186,ἢ,than,203
3212,100118187,ὅτε,when,203
3213,100118188,νῆας,ships,203
3214,100118189,ἐνέπρησεν,set on fire,203
3215,100118190,πυρὶ,with fire,203
3216,100118191,κηλέῳ,burning,203
3217,100118192,,,203
3218,100118193,.,.,203
3219,100118194,ὣς,thus,204
3220,100118195,ἄρα,then,204
3221,100118196,τις,someone,204
3222,100118197,εἴπεσκε,was saying,204
3223,100118198,καὶ,and,204
3224,100118199,οὐτήσασκε,was striking,204
3225,100118200,παραστάς,having stood by,204
3226,100118201,.,.,204
3227,100118202,τὸν,him,205
3228,100118203,δ’,and,205
3229,100118204,ἐπεὶ,after,205
3230,100118205,ἐξενάριξε,dismissed,205
3231,100118206,ποδάρκης,swift-footed,205
3232,100118207,δῖος,divine,205
3233,100118208,Ἀχιλλεύς,Achilles,205
3234,100118209,",",",",205
3235,100118210,στὰς,having stood,205
3236,100118211,ἐν,in,205
3237,100118212,Ἀχαιοῖσιν,among the Achaeans,205
3238,100118213,ἔπεα,words,205
3239,100118214,πτερόεντ’,winged,205
3240,100118215,ἀγόρευεν,was speaking,205
3241,100118216,.,.,205
3242,100118217,,,206
3243,100118218,ὦ,O,206
3244,100118219,φίλοι,friends,206
3245,100118220,Ἀργείων,of the Argives,206
3246,100118221,ἡγήτορες,leaders,206
3247,100118222,ἠδὲ,and,206
3248,100118223,μέδοντες,rulers,206
3249,100118224,ἐπεὶ,since,206
3250,100118225,δὴ,indeed,206
3251,100118226,τόνδ',this,206
3252,100118227,ἄνδρα,man,206
3253,100118228,θεοὶ,gods,206
3254,100118229,δαμάσασθαι,to subdue,206
3255,100118230,ἔδωκαν,gave,206
3256,100118231,",",",",206
3257,100118232,ὃς,who,206
3258,100118233,κακὰ,evils,206
3259,100118234,πόλλ',many,206
3260,100118235,ἔρρεξεν,did,206
3261,100118236,ὅσ’,such,206
3262,100118237,οὐ,not,206
3263,100118238,σύμπαντες,all,206
3264,100118239,οἱ,the,206
3265,100118240,ἄλλοι,others,206
3266,100118241,",",",",206
3267,100118242,εἰ,if,206
3268,100118243,δ’,and,206
3269,100118244,ἄγετ',lead,206
3270,100118245,ἀμφὶ,around,206
3271,100118246,πόλιν,city,206
3272,100118247,σὺν,with,206
3273,100118248,τεύχεσι,armor,206
3274,100118249,πειρηθῶμεν,let us try,206
3275,100118250,",",",",206
3276,100118251,ὄφρά,so that,206
3277,100118252,κ',if,206
3278,100118253,ἔτι,still,206
3279,100118254,γνῶμεν,might know,206
3280,100118255,Τρώων,of the Trojans,206
3281,100118256,νόον,mind,206
3282,100118257,ὅν,which,206
3283,100118258,τιν',some,206
3284,100118259,ἔχουσιν,have,206
3285,100118260,",",",",206
3286,100118261,ἢ,or,206
3287,100118262,καταλείψουσιν,will abandon,206
3288,100118263,πόλιν,city,206
3289,100118264,ἄκρην,acropolis,206
3290,100118265,τοῦδε,this,206
3291,100118266,πεσόντος,after falling,206
3292,100118267,",",",",206
3293,100118268,ἦε,or,206
3294,100118269,μένειν,to remain,206
3295,100118270,μεμάασι,they are eager,206
3296,100118271,καὶ,and,206
3297,100118272,Ἕκτορος,Hector's,206
3298,100118273,οὐκέτ’,no longer,206
3299,100118274,ἐόντος,being,206
3300,100118275,.,.,206
3301,100118276,ἀλλὰ,but,207
3302,100118277,τί,at least,207
3303,100118278,ἤ,indeed,207
3304,100118279,μοι,to me,207
3305,100118280,ταῦτα,these things,207
3306,100118281,φίλος,dear,207
3307,100118282,διελέξατο,spoke out,207
3308,100118283,θυμός,heart,207
3309,100118284,;,.,207
3310,100118285,κεῖται,lies,208
3311,100118286,πὰρ,by,208
3312,100118287,νήεσσι,ships,208
3313,100118288,νέκυς,dead body,208
3314,100118289,ἄκλαυτος,unwept,208
3315,100118290,ἄθαπτος,unburied,208
3316,100118291,Πάτροκλος,Patroclus,208
3317,100118292,.,.,208
3318,100118293,τοῦ,of him,209
3319,100118294,δ’,but,209
3320,100118295,οὐκ,not,209
3321,100118296,ἐπιλήσομαι,I will forget,209
3322,100118297,",",",",209
3323,100118298,ὄφρ’,until,209
3324,100118299,ἂν,if,209
3325,100118300,ἔγωγε,I,209
3326,100118301,ζωοῖσιν,living,209
3327,100118302,μετέω,I will be,209
3328,100118303,καί,and,209
3329,100118304,μοι,to me,209
3330,100118305,φίλα,beloved,209
3331,100118306,γούνατ’,knees,209
3332,100118307,ὀρώρῃ,may rise,209
3333,100118308,.,.,209
3334,100118309,εἰ,is,210
3335,100118310,δὲ,and,210
3336,100118311,θανόντων,of the dead,210
3337,100118312,περ,even,210
3338,100118313,καταλήθοντ’,being hidden,210
3339,100118314,εἰν,in,210
3340,100118315,Ἀΐδαο,of Hades,210
3341,100118316,αὐτὰρ,but,210
3342,100118317,ἐγὼ,I,210
3343,100118318,καὶ,and,210
3344,100118319,κεῖθι,there,210
3345,100118320,φίλου,beloved,210
3346,100118321,μεμνήσομ’,I will remember,210
3347,100118322,ἑταίρου,companion,210
3348,100118323,.,.,210
3349,100118324,νῦν,now,211
3350,100118325,δ’,and,211
3351,100118326,ἄγ’,come,211
3352,100118327,ἀείδοντες,singing,211
3353,100118328,παιήονα,paean,211
3354,100118329,κοῦροι,youths,211
3355,100118330,Ἀχαιῶν,of the Achaeans,211
3356,100118331,νηυσὶν,ships,211
3357,100118332,ἔπι,toward,211
3358,100118333,γλαφυρῇσι,hollow,211
3359,100118334,νεώμεθα,let us sail,211
3360,100118335,",",",",211
3361,100118336,τόνδε,this one,211
3362,100118337,δ’,and,211
3363,100118338,ἄγωμεν,let us lead,211
3364,100118339,.,.,211
3365,100118340,ἠράμεθα,we took up,212
3366,100118341,μέγα,great,212
3367,100118342,κῦδος,glory,212
3368,100118343,.,.,212
3369,100118344,ἐπέφνομεν,we killed,213
3370,100118345,Ἕκτορα,Hector,213
3371,100118346,δῖον,divine,213
3372,100118347,",",",",213
3373,100118348,ᾧ,O,213
3374,100118349,Τρῶες,Trojans,213
3375,100118350,κατὰ,down,213
3376,100118351,ἄστυ,city,213
3377,100118352,θεῷ,gods,213
3378,100118353,ὣς,as,213
3379,100118354,εὐχετόωντο,they prayed,213
3380,100118355, , ,213
3381,100118356,.,.,213
3382,100118357,ἦ,then,214
3383,100118358,ῥα,then,214
3384,100118359,",",",",214
3385,100118360,καὶ,and,214
3386,100118361,Ἕκτορα,Hector,214
3387,100118362,δῖον,divine,214
3388,100118363,ἀεικέα,shameless,214
3389,100118364,μήδετο,planned,214
3390,100118365,ἔργα,deeds,214
3391,100118366,.,.,214
3392,100118367,ἀμφοτέρων,both,215
3393,100118368,μετόπισθε,behind,215
3394,100118369,ποδῶν,feet,215
3395,100118370,τέτρηνε,he bored,215
3396,100118371,τένοντε,tendon,215
3397,100118372,ἐς,into,215
3398,100118373,σφυρὸν,ankle,215
3399,100118374,ἐκ,from,215
3400,100118375,πτέρνης,heel,215
3401,100118376,",",",",215
3402,100118377,βοέους,ox-hide,215
3403,100118378,δ’,and,215
3404,100118379,ἐξῆπτεν,snapped,215
3405,100118380,ἱμάντας,thongs,215
3406,100118381,",",",",215
3407,100118382,ἐκ,from,215
3408,100118383,δίφροιο,chariot,215
3409,100118384,δ’,and,215
3410,100118385,ἔδησε,bound,215
3411,100118386,",",",",215
3412,100118387,κάρη,head,215
3413,100118388,δ’,and,215
3414,100118389,ἕλκεσθαι,to be dragged,215
3415,100118390,ἔασεν,let,215
3416,100118391,.,.,215
3417,100118392,ἐς,into,216
3418,100118393,δίφρον,chariot,216
3419,100118394,δ’,and,216
3420,100118395,ἀναβὰς,having mounted,216
3421,100118396,ἀνά,up,216
3422,100118397,τε,and,216
3423,100118398,κλυτὰ,glorious,216
3424,100118399,τεύχε’,arms,216
3425,100118400,ἀείρας,having raised,216
3426,100118401,μάστιξέν,struck,216
3427,100118402,ῥ’,then,216
3428,100118403,ἐλάαν,driving,216
3429,100118404,",",",",216
3430,100118405,τὼ,to him,216
3431,100118406,δ’,and,216
3432,100118407,οὐκ,not,216
3433,100118408,ἀέκοντε,unwillingly,216
3434,100118409,πετέσθην,I flew,216
3435,100118410,.,.,216
3436,100118411,τοῦ,his,217
3437,100118412,δ’,-,217
3438,100118413,ἦν,was,217
3439,100118414,ἑλκομένοιο,of the dragged,217
3440,100118415,κονίσαλος,dust,217
3441,100118416,",",",",217
3442,100118417,ἀμφὶ,around,217
3443,100118418,δὲ,and,217
3444,100118419,χαῖται,hair,217
3445,100118420,κυάνεαι,dark-blue,217
3446,100118421,πίτναντο,became heavy,217
3447,100118422,",",",",217
3448,100118423,κάρη,head,217
3449,100118424,δ’,and,217
3450,100118425,ἅπαν,all,217
3451,100118426,ἐν,in,217
3452,100118427,κονίῃσι,dust,217
3453,100118428,κεῖτο,lay,217
3454,100118429,πάρος,before,217
3455,100118430,χαρίεν,charming,217
3456,100118431,.,.,217
3457,100118432,τότε,then,218
3458,100118433,δὲ,but,218
3459,100118434,Ζεὺς,Zeus,218
3460,100118435,δυσμενέεσσι,enemies,218
3461,100118436,δῶκεν,gave,218
3462,100118437,ἀεικίσσασθαι,to act violently,218
3463,100118438,ἑῇ,own,218
3464,100118439,ἐν,in,218
3465,100118440,πατρίδι,native,218
3466,100118441,γαίῃ,land,218
3467,100118442,.,.,218
3468,100118443,ὣς,so,219
3469,100118444,τοῦ,his,219
3470,100118445,μὲν,indeed,219
3471,100118446,κεκόνιτο,was covered with dust,219
3472,100118447,κάρη,head,219
3473,100118448,ἅπαν,all,219
3474,100118449,.,.,219
3475,100118450,ἣ,the,220
3476,100118451,δέ,but,220
3477,100118452,νυ,indeed,220
3478,100118453,μήτηρ,mother,220
3479,100118454,τίλλε,plucked,220
3480,100118455,κόμην,hair,220
3481,100118456,",",",",220
3482,100118457,ἀπὸ,away,220
3483,100118458,δὲ,and,220
3484,100118459,λιπαρὴν,shiny,220
3485,100118460,ἔρριψε,threw,220
3486,100118461,καλύπτρην,head-covering,220
3487,100118462,τηλόσε,far,220
3488,100118463,",",",",220
3489,100118464,κώκυσεν,wailed,220
3490,100118465,δὲ,and,220
3491,100118466,μάλα,very,220
3492,100118467,μέγα,loudly,220
3493,100118468,παῖδ’,son,220
3494,100118469,ἐσιδοῦσα,seeing,220
3495,100118470,.,.,220
3496,100118471,ᾤμωξεν,cried out,221
3497,100118472,δ’,and,221
3498,100118473,ἐλεεινὰ,pitifully,221
3499,100118474,πατὴρ,father,221
3500,100118475,φίλος,beloved,221
3501,100118476,",",",",221
3502,100118477,ἀμφὶ,around,221
3503,100118478,δὲ,and,221
3504,100118479,λαοὶ,the people,221
3505,100118480,κωκυτῷ,lament,221
3506,100118481,τ’,and,221
3507,100118482,εἴχοντο,held,221
3508,100118483,καὶ,and,221
3509,100118484,οἰμωγῇ,groaning,221
3510,100118485,κατὰ,throughout,221
3511,100118486,ἄστυ,city,221
3512,100118487,.,.,221
3513,100118488,τῷ,to him,222
3514,100118489,δὲ,but,222
3515,100118490,μάλιστ’,most,222
3516,100118491,ἄρ’,then,222
3517,100118492,ἔην,was,222
3518,100118493,ἐναλίγκιον,like the sea,222
3519,100118494,ὡς,as,222
3520,100118495,εἰ,if,222
3521,100118496,ἅπασα,all,222
3522,100118497,Ἴλιος,Ilium,222
3523,100118498,ὀφρυόεσσα,eyebrowed,222
3524,100118499,πυρὶ,with fire,222
3525,100118500,σμύχοιτο,it might burn,222
3526,100118501,κατ’,down from,222
3527,100118502,ἄκρης,of the promontory,222
3528,100118503,.,.,222
3529,100118504,λαοὶ,the people,223
3530,100118505,μέν,indeed,223
3531,100118506,ῥα,indeed,223
3532,100118507,γέροντα,old man,223
3533,100118508,μόγις,with difficulty,223
3534,100118509,ἔχον,held,223
3535,100118510,ἀσχαλόωντα,being distressed,223
3536,100118511,ἐξελθεῖν,to go out,223
3537,100118512,μεμαῶτα,eager,223
3538,100118513,πυλάων,of gates,223
3539,100118514,Δαρδανιάων,Dardanian,223
3540,100118515,.,.,223
3541,100118516,πάντας,all,224
3542,100118517,δ’,and,224
3543,100118518,ἐλλιτάνευε,was praying to,224
3544,100118519,κυλινδόμενος,rolling,224
3545,100118520,κατὰ,into,224
3546,100118521,κόπρον,dung,224
3547,100118522,",",",",224
3548,100118523,ἐξονομακλήδην,one by one,224
3549,100118524,ὀνομάζων,calling,224
3550,100118525,ἄνδρα,man,224
3551,100118526,ἕκαστον,each,224
3552,100118527,.,.,224
3553,100118528,,,225
3554,100118529,σχέσθε,stop,225
3555,100118530,φίλοι,friends,225
3556,100118531,",",",",225
3557,100118532,καί,and,225
3558,100118533,μ’,me,225
3559,100118534,οἶον,such,225
3560,100118535,ἐάσατε,let,225
3561,100118536,κηδόμενοί,while being concerned,225
3562,100118537,περ,even,225
3563,100118538,ἐξελθόντα,having gone out,225
3564,100118539,πόληος,city,225
3565,100118540,ἱκέσθ’,to come,225
3566,100118541,ἐπὶ,to,225
3567,100118542,νῆας,ships,225
3568,100118543,Ἀχαιῶν,of the Achaeans,225
3569,100118544,.,.,225
3570,100118545,λίσσωμ',I entreat,226
3571,100118546,ἀνέρα,man,226
3572,100118547,τοῦτον,this,226
3573,100118548,ἀτάσθαλον,unjust,226
3574,100118549,ὀβριμοεργόν,strong-handed,226
3575,100118550,",",",",226
3576,100118551,ἤν,if,226
3577,100118552,πως,if somehow,226
3578,100118553,ἡλικίην,age,226
3579,100118554,αἰδέσσεται,he/she respects,226
3580,100118555,ἠδ’,and,226
3581,100118556,ἐλεήσῃ,have_pity_on,226
3582,100118557,γῆρας,old age,226
3583,100118558,.,.,226
3584,100118559,καὶ,and,227
3585,100118560,δέ,but,227
3586,100118561,νυ,indeed,227
3587,100118562,τῷ,him,227
3588,100118563,γε,indeed,227
3589,100118564,πατὴρ,father,227
3590,100118565,τοιόσδε,such,227
3591,100118566,τέτυκται,has been fashioned,227
3592,100118567,Πηλεύς,Peleus,227
3593,100118568,",",",",227
3594,100118569,ὅς,who,227
3595,100118570,μιν,him,227
3596,100118571,ἔτικτε,begot,227
3597,100118572,καὶ,and,227
3598,100118573,ἔτρεφε,nourished,227
3599,100118574,πῆμα,bane,227
3600,100118575,γενέσθαι,to become,227
3601,100118576,Τρωσί,for the Trojans,227
3602,100118577,.,.,227
3603,100118578,μάλιστα,most,228
3604,100118579,δ’,but,228
3605,100118580,ἐμοὶ,me,228
3606,100118581,περὶ,above,228
3607,100118582,πάντων,of all,228
3608,100118583,ἄλγε',griefs,228
3609,100118584,ἔθηκε,put,228
3610,100118585,.,.,228
3611,100118586,τόσσους,so many,229
3612,100118587,γάρ,for,229
3613,100118588,μοι,to me,229
3614,100118589,παῖδας,sons,229
3615,100118590,ἀπέκτανε,killed,229
3616,100118591,τηλεθάοντας,having grown up,229
3617,100118592,.,.,229
3618,100118593,τῶν,of-them,230
3619,100118594,πάντων,of all,230
3620,100118595,οὐ,not,230
3621,100118596,τόσσον,so much,230
3622,100118597,ὀδύρομαι,I mourn,230
3623,100118598,ἀχνύμενός,being in pain,230
3624,100118599,περ,even,230
3625,100118600,ὡς,as,230
3626,100118601,ἑνός,of one,230
3627,100118602,",",",",230
3628,100118603,οὗ,that,230
3629,100118604,μ’,me,230
3630,100118605,ἄχος,grief,230
3631,100118606,ὀξὺ,sharp,230
3632,100118607,κατοίσεται,will seize,230
3633,100118608,Ἄϊδος,of Hades,230
3634,100118609,εἴσω,inside,230
3635,100118610,",",",",230
3636,100118611,Ἕκτορος,of Hector,230
3637,100118612,.,.,230
3638,100118613,ὡς,so,231
3639,100118614,ὄφελεν,would have,231
3640,100118615,θανέειν,to die,231
3641,100118616,ἐν,in,231
3642,100118617,χερσὶν,hands,231
3643,100118618,ἐμῇσι,my,231
3644,100118619,.,.,231
3645,100118620,τώ,for,232
3646,100118621,κε,if,232
3647,100118622,κορεσσάμεθα,be satisfied,232
3648,100118623,κλαίοντέ,weeping,232
3649,100118624,τε,and,232
3650,100118625,μυρομένω,wailing,232
3651,100118626,τε,and,232
3652,100118627,μήτηρ,mother,232
3653,100118628,θ’,and,232
3654,100118629,",",",",232
3655,100118630,ἥ,who,232
3656,100118631,μιν,me,232
3657,100118632,ἔτικτε,gave birth to,232
3658,100118633,δυσάμμορος,wretched,232
3659,100118634,",",",",232
3660,100118635,ἠδ',and,232
3661,100118636,ἐγὼ,I,232
3662,100118637,αὐτός,I myself,232
3663,100118638,,,232
3664,100118639,.,.,232
3665,100118640,ὣς,so,233
3666,100118641,ἔφατο,said,233
3667,100118642,κλαίων,weeping,233
3668,100118643,",",",",233
3669,100118644,ἐπὶ,and,233
3670,100118645,δὲ,and,233
3671,100118646,στενάχοντο,they groaned,233
3672,100118647,πολῖται,citizens,233
3673,100118648,.,.,233
3674,100118649,Τρῳῇσιν,to the Trojans,234
3675,100118650,δ’,and,234
3676,100118651,Ἑκάβη,Hecabe,234
3677,100118652,ἁδινοῦ,painful,234
3678,100118653,ἐξῆρχε,led,234
3679,100118654,γόοιο,of lament,234
3680,100118655,.,.,234
3681,100118656,,,235
3682,100118657,τέκνον,child,235
3683,100118658,ἐγὼ,I,235
3684,100118659,δειλή,cowardly,235
3685,100118660,.,.,235
3686,100118661,τί,why,236
3687,100118662,νυ,indeed,236
3688,100118663,βείομαι,ask,236
3689,100118664,αἰνὰ,hard,236
3690,100118665,παθοῦσα,suffering,236
3691,100118666,σεῦ,your,236
3692,100118667,ἀποτεθνηῶτος,dead,236
3693,100118668,;,;,236
3694,100118669,ὅ,who,237
3695,100118670,μοι,to me,237
3696,100118671,νύκτάς,nights,237
3697,100118672,τε,and,237
3698,100118673,καὶ,and,237
3699,100118674,ἦμαρ,day,237
3700,100118675,εὐχωλὴ,vow,237
3701,100118676,κατὰ,down,237
3702,100118677,ἄστυ,city,237
3703,100118678,πελέσκεο,became,237
3704,100118679,",",",",237
3705,100118680,πᾶσί,all,237
3706,100118681,τ',and,237
3707,100118682,ὄνειαρ,blessings,237
3708,100118683,Τρωσί,to the Trojans,237
3709,100118684,τε,and,237
3710,100118685,καὶ,and,237
3711,100118686,Τρῳῇσι,Trojan,237
3712,100118687,κατὰ,throughout,237
3713,100118688,πτόλιν,city,237
3714,100118689,",",",",237
3715,100118690,οἵ,who,237
3716,100118691,σε,you,237
3717,100118692,θεὸν,deity,237
3718,100118693,ὣς,as,237
3719,100118694,δειδέχατ’,received,237
3720,100118695,.,.,237
3721,100118696,ἦ,for,238
3722,100118697,γὰρ,for,238
3723,100118698,καί,even,238
3724,100118699,σφι,to them,238
3725,100118700,μάλα,very,238
3726,100118701,μέγα,great,238
3727,100118702,κῦδος,glory,238
3728,100118703,ἔησθα,you would be,238
3729,100118704,ζωὸς,living,238
3730,100118705,ἐών,being,238
3731,100118706,.,.,238
3732,100118707,νῦν,now,239
3733,100118708,αὖ,now,239
3734,100118709,θάνατος,death,239
3735,100118710,καὶ,and,239
3736,100118711,μοῖρα,destiny,239
3737,100118712,κιχάνει,approaches,239
3738,100118713,,,239
3739,100118714,.,.,239
3740,100118715,ὣς,thus,240
3741,100118716,ἔφατο,he said,240
3742,100118717,κλαίουσ’,weeping,240
3743,100118718,",",",",240
3744,100118719,ἄλοχος,wife,240
3745,100118720,δ’,and,240
3746,100118721,οὔ,not,240
3747,100118722,πώ,yet,240
3748,100118723,τι,any,240
3749,100118724,πέπυστο,learned,240
3750,100118725,Ἕκτορος,of Hector,240
3751,100118726,.,.,240
3752,100118727,οὐ,for not,241
3753,100118728,γάρ,for,241
3754,100118729,οἵ,her,241
3755,100118730,τις,any,241
3756,100118731,ἐτήτυμος,truthful,241
3757,100118732,ἄγγελος,messenger,241
3758,100118733,ἐλθὼν,having come,241
3759,100118734,ἤγγειλ’,announced,241
3760,100118735,ὅττί,that,241
3761,100118736,ῥά,indeed,241
3762,100118737,οἱ,him,241
3763,100118738,πόσις,husband,241
3764,100118739,ἔκτοθι,outside,241
3765,100118740,μίμνε,stays,241
3766,100118741,πυλάων,gates,241
3767,100118742,",",",",241
3768,100118743,ἀλλ’,but,241
3769,100118744,ἥ,she,241
3770,100118745,γ’,indeed,241
3771,100118746,ἱστὸν,web,241
3772,100118747,ὕφαινε,was weaving,241
3773,100118748,μυχῷ,in the recess,241
3774,100118749,δόμου,of the house,241
3775,100118750,ὑψηλοῖο,of the high,241
3776,100118751,δίπλακα,double-cloth,241
3777,100118752,πορφυρέην,purple,241
3778,100118753,",",",",241
3779,100118754,ἐν,in,241
3780,100118755,δὲ,and,241
3781,100118756,θρόνα,thrones,241
3782,100118757,ποικίλ’,variegated,241
3783,100118758,ἔπασσε,she decorated,241
3784,100118759,.,.,241
3785,100118760,κέκλετο,he summoned,242
3786,100118761,δ’,and,242
3787,100118762,ἀμφιπόλοισιν,to the handmaidens,242
3788,100118763,ἐϋπλοκάμοις,beautiful-tressed,242
3789,100118764,κατὰ,into,242
3790,100118765,δῶμα,house,242
3791,100118766,ἀμφὶ,around,242
3792,100118767,πυρὶ,fire,242
3793,100118768,στῆσαι,to set up,242
3794,100118769,τρίποδα,tripod,242
3795,100118770,μέγαν,great,242
3796,100118771,",",",",242
3797,100118772,ὄφρα,so that,242
3798,100118773,πέλοιτο,might be,242
3799,100118774,Ἕκτορι,to Hector,242
3800,100118775,θερμὰ,warm,242
3801,100118776,λοετρὰ,baths,242
3802,100118777,μάχης,of battle,242
3803,100118778,ἐκ,from,242
3804,100118779,νοστήσαντι,having returned,242
3805,100118780,νηπίη,foolishly,242
3806,100118781,",",",",242
3807,100118782,οὐ,not,242
3808,100118783,-δ’,and,242
3809,100118784,ἐνόησεν,he perceived,242
3810,100118785,ὅ,who,242
3811,100118786,μιν,him,242
3812,100118787,μάλα,very,242
3813,100118788,τῆλε,far,242
3814,100118789,λοετρῶν,of baths,242
3815,100118790,χερσὶν,with hands,242
3816,100118791,Ἀχιλλῆος,of Achilles,242
3817,100118792,δάμασε,conquered,242
3818,100118793,γλαυκῶπις,grey-eyed,242
3819,100118794,Ἀθήνη,Athena,242
3820,100118795,.,.,242
3821,100118796,κωκυτοῦ,of lamentation,243
3822,100118797,δ’,and,243
3823,100118798,ἤκουσε,heard,243
3824,100118799,καὶ,and,243
3825,100118800,οἰμωγῆς,groans,243
3826,100118801,ἀπὸ,from,243
3827,100118802,πύργου,of the tower,243
3828,100118803,.,.,243
3829,100118804,τῆς,her,244
3830,100118805,δ’,but,244
3831,100118806,ἐλελίχθη,twisted,244
3832,100118807,γυῖα,limb,244
3833,100118808,",",",",244
3834,100118809,χαμαὶ,to the ground,244
3835,100118810,δέ,and,244
3836,100118811,οἱ,her,244
3837,100118812,ἔκπεσε,fell out,244
3838,100118813,κερκίς,shuttle,244
3839,100118814,.,.,244
3840,100118815,ἣ,she,245
3841,100118816,δ’,but,245
3842,100118817,αὖτις,again,245
3843,100118818,δμῳῇσιν,maids,245
3844,100118819,ἐϋπλοκάμοισι,beautiful-haired,245
3845,100118820,μετηύδα,addressed,245
3846,100118821,.,.,245
3847,100118822,,,246
3848,100118823,δεῦτε,come,246
3849,100118824,δύω,two,246
3850,100118825,μοι,me,246
3851,100118826,ἕπεσθον,follow,246
3852,100118827,",",",",246
3853,100118828,ἴδωμ’,let me see,246
3854,100118829,ὅτιν’,what,246
3855,100118830,ἔργα,deeds,246
3856,100118831,τέτυκται,has been done,246
3857,100118832,.,.,246
3858,100118833,αἰδοίης,reverend,247
3859,100118834,ἑκυρῆς,of a queen,247
3860,100118835,ὀπὸς,voice,247
3861,100118836,ἔκλυον,heard,247
3862,100118837,",",",",247
3863,100118838,ἐν,in,247
3864,100118839,δ’,but,247
3865,100118840,ἐμοὶ,to me,247
3866,100118841,αὐτῇ,very,247
3867,100118842,στήθεσι,breasts,247
3868,100118843,πάλλεται,flutters,247
3869,100118844,ἦτορ,heart,247
3870,100118845,ἀνὰ,up,247
3871,100118846,στόμα,mouth,247
3872,100118847,",",",",247
3873,100118848,νέρθε,below,247
3874,100118849,δὲ,and,247
3875,100118850,γοῦνα,knees,247
3876,100118851,πήγνυται,is fixed,247
3877,100118852,.,.,247
3878,100118853,ἐγγὺς,near,248
3879,100118854,δή,indeed,248
3880,100118855,τι,something,248
3881,100118856,κακὸν,evil,248
3882,100118857,Πριάμοιο,of Priam,248
3883,100118858,τέκεσσιν,children,248
3884,100118859,.,.,248
3885,100118860,αἲ,for,249
3886,100118861,γὰρ,for,249
3887,100118862,ἀπ',from,249
3888,100118863,οὔατος,of the ear,249
3889,100118864,εἴη,might be,249
3890,100118865,ἐμεῦ,of me,249
3891,100118866,ἔπος,word,249
3892,100118867,.,.,249
3893,100118868,ἀλλὰ,but,250
3894,100118869,μάλ’,very,250
3895,100118870,αἰνῶς,very,250
3896,100118871,δείδω,fear,250
3897,100118872,μὴ,not,250
3898,100118873,δή,indeed,250
3899,100118874,μοι,to me,250
3900,100118875,θρασὺν,bold,250
3901,100118876,Ἕκτορα,Hector,250
3902,100118877,δῖος,divine,250
3903,100118878,Ἀχιλλεὺς,Achilles,250
3904,100118879,μοῦνον,alone,250
3905,100118880,ἀποτμήξας,having cut off,250
3906,100118881,πόλιος,city,250
3907,100118882,πεδίον,plain,250
3908,100118883,δὲ,and,250
3909,100118884,δίηται,wanders,250
3910,100118885,",",",",250
3911,100118886,καὶ,and,250
3912,100118887,δή,indeed,250
3913,100118888,μιν,him,250
3914,100118889,καταπαύσῃ,let him cease,250
3915,100118890,ἀγηνορίης,of his leadership,250
3916,100118891,ἀλεγεινῆς,painful,250
3917,100118892,ἥ,if,250
3918,100118893,μιν,him,250
3919,100118894,ἔχεσκ’,he held,250
3920,100118895,",",",",250
3921,100118896,ἐπεὶ,since,250
3922,100118897,οὔ,not,250
3923,100118898,ποτ',ever,250
3924,100118899,ἐνὶ,in,250
3925,100118900,πληθυῖ,crowd,250
3926,100118901,μένεν,remained,250
3927,100118902,ἀνδρῶν,of men,250
3928,100118903,",",",",250
3929,100118904,ἀλλὰ,but,250
3930,100118905,πολὺ,much,250
3931,100118906,προθέεσκε,was eager,250
3932,100118907,",",",",250
3933,100118908,τὸ,his,250
3934,100118909,ὃν,which,250
3935,100118910,μένος,strength,250
3936,100118911,οὐδενὶ,to no one,250
3937,100118912,εἴκων,yielding,250
3938,100118913,,,250
3939,100118914,.,.,250
3940,100118915,ὣς,thus,251
3941,100118916,φαμένη,having said,251
3942,100118917,μεγάροιο,of the hall,251
3943,100118918,διέσσυτο,rushed,251
3944,100118919,μαινάδι,like a maenad,251
3945,100118920,ἴση,equal,251
3946,100118921,παλλομένη,shaking,251
3947,100118922,κραδίην,heart,251
3948,100118923,.,.,251
3949,100118924,ἅμα,at the same time,252
3950,100118925,δ’,and,252
3951,100118926,ἀμφίπολοι,attendants,252
3952,100118927,κίον,went,252
3953,100118928,αὐτῇ,there,252
3954,100118929,αὐτὰρ,but,252
3955,100118930,ἐπεὶ,when,252
3956,100118931,πύργόν,tower,252
3957,100118932,τε,and,252
3958,100118933,καὶ,and,252
3959,100118934,ἀνδρῶν,of men,252
3960,100118935,ἷξεν,reached,252
3961,100118936,ὅμιλον,crowd,252
3962,100118937,ἔστη,stood,252
3963,100118938,παπτήνασ’,looking,252
3964,100118939,ἐπὶ,on,252
3965,100118940,τείχεϊ,wall,252
3966,100118941,",",",",252
3967,100118942,τὸν,him,252
3968,100118943,δὲ,and,252
3969,100118944,νόησεν,perceived,252
3970,100118945,ἑλκόμενον,being dragged,252
3971,100118946,πρόσθεν,before,252
3972,100118947,πόλιος,of the city,252
3973,100118948,.,.,252
3974,100118949,ταχέες,swift,253
3975,100118950,δέ,but,253
3976,100118951,μιν,him,253
3977,100118952,ἵπποι,horses,253
3978,100118953,ἕλκον,were dragging,253
3979,100118954,ἀκηδέστως,heedlessly,253
3980,100118955,κοίλας,hollow,253
3981,100118956,ἐπὶ,toward,253
3982,100118957,νῆας,ships,253
3983,100118958,Ἀχαιῶν,of the Achaeans,253
3984,100118959,.,.,253
3985,100118960,τὴν,her,254
3986,100118961,δὲ,and,254
3987,100118962,κατ’,from,254
3988,100118963,ὀφθαλμῶν,eyes,254
3989,100118964,ἐρεβεννὴ,dark,254
3990,100118965,νὺξ,night,254
3991,100118966,ἐκάλυψεν,covered,254
3992,100118967,",",",",254
3993,100118968,ἤριπε,fell,254
3994,100118969,δ’,and,254
3995,100118970,ἐξοπίσω,behind,254
3996,100118971,",",",",254
3997,100118972,ἀπὸ,from,254
3998,100118973,δὲ,and,254
3999,100118974,ψυχὴν,soul,254
4000,100118975,ἐκάπυσσε,he departed,254
4001,100118976,.,.,254
4002,100118977,τῆλε,far,255
4003,100118978,δ’,but,255
4004,100118979,ἀπὸ,away,255
4005,100118980,κρατὸς,head,255
4006,100118981,βάλε,threw,255
4007,100118982,δέσματα,bands,255
4008,100118983,σιγαλόεντα,shining,255
4009,100118984,",",",",255
4010,100118985,ἄμπυκα,breastplate,255
4011,100118986,κεκρύφαλόν,net,255
4012,100118987,τε,and,255
4013,100118988,ἰδὲ,see,255
4014,100118989,πλεκτὴν,woven,255
4015,100118990,ἀναδέσμην,headband,255
4016,100118991,κρήδεμνόν,head-covering,255
4017,100118992,θ’,and,255
4018,100118993,",",",",255
4019,100118994,ὅ,which,255
4020,100118995,ῥά,indeed,255
4021,100118996,οἱ,him,255
4022,100118997,δῶκε,gave,255
4023,100118998,χρυσῆ,golden,255
4024,100118999,Ἀφροδίτη,Aphrodite,255
4025,100119000,ἤματι,day,255
4026,100119001,τῷ,that,255
4027,100119002,ὅτε,when,255
4028,100119003,μιν,him,255
4029,100119004,κορυθαίολος,helm-bearer,255
4030,100119005,ἠγάγεθ’,led,255
4031,100119006,Ἕκτωρ,Hector,255
4032,100119007,ἐκ,from,255
4033,100119008,δόμου,house,255
4034,100119009,Ἠετίωνος,of Hettion,255
4035,100119010,",",",",255
4036,100119011,ἐπεὶ,since,255
4037,100119012,πόρε,gave,255
4038,100119013,μυρία,myriad,255
4039,100119014,ἕδνα,gifts,255
4040,100119015,.,.,255
4041,100119016,ἀμφὶ,around,256
4042,100119017,δέ,but,256
4043,100119018,μιν,him,256
4044,100119019,γαλόῳ,sisters,256
4045,100119020,τε,and,256
4046,100119021,καὶ,and,256
4047,100119022,εἰνατέρες,nymphs,256
4048,100119023,ἅλις,sufficiently,256
4049,100119024,ἔσταν,stood,256
4050,100119025,",",",",256
4051,100119026,αἵ,who,256
4052,100119027,ἑ,her,256
4053,100119028,μετὰ,with,256
4054,100119029,σφίσιν,them,256
4055,100119030,εἶχον,kept,256
4056,100119031,ἀτυζομένην,about-to-be-slain,256
4057,100119032,ἀπολέσθαι,to perish,256
4058,100119033,.,.,256
4059,100119034,ἣ,she,257
4060,100119035,δ’,but,257
4061,100119036,ἐπεὶ,then,257
4062,100119037,οὖν,then,257
4063,100119038,ἔμπνυτο,she drew breath,257
4064,100119039,καὶ,and,257
4065,100119040,ἐς,into,257
4066,100119041,φρένα,mind,257
4067,100119042,θυμὸς,spirit,257
4068,100119043,ἀγέρθη,was gathered,257
4069,100119044,ἀμβλήδην,suddenly,257
4070,100119045,γοόωσα,lamenting,257
4071,100119046,μετὰ,among,257
4072,100119047,Τρῳῇσιν,Trojans,257
4073,100119048,ἔειπεν,said,257
4074,100119049,.,.,257
4075,100119050,,,258
4076,100119051,Ἕκτορ,Hector,258
4077,100119052,ἐγὼ,I,258
4078,100119053,δύστηνος,wretched,258
4079,100119054,.,.,258
4080,100119055,ἰῇ,one,259
4081,100119056,ἄρα,then,259
4082,100119057,γεινόμεθ',let us be,259
4083,100119058,αἴσῃ,by fate,259
4084,100119059,ἀμφότεροι,both,259
4085,100119060,",",",",259
4086,100119061,σὺ,you,259
4087,100119062,μὲν,on the one hand,259
4088,100119063,ἐν,in,259
4089,100119064,Τροίῃ,Troy,259
4090,100119065,Πριάμου,of Priam,259
4091,100119066,κατὰ,in,259
4092,100119067,δῶμα,house,259
4093,100119068,",",",",259
4094,100119069,αὐτὰρ,but,259
4095,100119070,ἐγὼ,I,259
4096,100119071,Θήβῃσιν,Thebes,259
4097,100119072,ὑπὸ,under,259
4098,100119073,Πλάκῳ,Plakos,259
4099,100119074,ὑληέσσῃ,wooded,259
4100,100119075,ἐν,in,259
4101,100119076,δόμῳ,house,259
4102,100119077,Ἠετίωνος,of Haetion,259
4103,100119078,",",",",259
4104,100119079,ὅ,he,259
4105,100119080,μ’,me,259
4106,100119081,ἔτρεφε,nurtured,259
4107,100119082,τυτθὸν,as a baby,259
4108,100119083,ἐοῦσαν,being,259
4109,100119084,δύσμορος,ill-fated,259
4110,100119085,αἰνόμορον,ill-fated,259
4111,100119086,.,.,259
4112,100119087,ὡς,so,260
4113,100119088,μὴ,not,260
4114,100119089,ὤφελλε,would that,260
4115,100119090,τεκέσθαι,to be born,260
4116,100119091,.,.,260
4117,100119092,νῦν,now,261
4118,100119093,δὲ,but,261
4119,100119094,σὺ,you,261
4120,100119095,μὲν,indeed,261
4121,100119096,Ἀΐδαο,of Hades,261
4122,100119097,δόμους,houses,261
4123,100119098,ὑπὸ,under,261
4124,100119099,κεύθεσι,depths,261
4125,100119100,γαίης,of the earth,261
4126,100119101,ἔρχεαι,you are going,261
4127,100119102,",",",",261
4128,100119103,αὐτὰρ,but,261
4129,100119104,ἐμὲ,me,261
4130,100119105,στυγερῷ,hateful,261
4131,100119106,ἐνὶ,in,261
4132,100119107,πένθεϊ,mourning,261
4133,100119108,λείπεις,leave,261
4134,100119109,χήρην,widow,261
4135,100119110,ἐν,in,261
4136,100119111,μεγάροισι,halls,261
4137,100119112,.,.,261
4138,100119113,πάϊς,child,262
4139,100119114,δ’,but,262
4140,100119115,ἔτι,still,262
4141,100119116,νήπιος,childish,262
4142,100119117,αὔτως,in this way,262
4143,100119118,",",",",262
4144,100119119,ὃν,whom,262
4145,100119120,τέκομεν,we begot,262
4146,100119121,σύ,you,262
4147,100119122,τ',and,262
4148,100119123,ἐγώ,I,262
4149,100119124,τε,and,262
4150,100119125,δυσάμμοροι,unhappy,262
4151,100119126,.,.,262
4152,100119127,οὔ,not,263
4153,100119128,-τε,and,263
4154,100119129,σὺ,you,263
4155,100119130,τούτῳ,to this,263
4156,100119131,ἔσσεαι,will be,263
4157,100119132,Ἕκτορ,Hector,263
4158,100119133,ὄνειαρ,blessing,263
4159,100119134,ἐπεὶ,after,263
4160,100119135,θάνες,you died,263
4161,100119136,",",",",263
4162,100119137,οὔ,not,263
4163,100119138,-τε,and,263
4164,100119139,σοὶ,for you,263
4165,100119140,οὗτος,this,263
4166,100119141,.,.,263
4167,100119142,ἤν,if,264
4168,100119143,περ,even,264
4169,100119144,γὰρ,for,264
4170,100119145,πόλεμόν,war,264
4171,100119146,γε,indeed,264
4172,100119147,φύγῃ,fleeing,264
4173,100119148,πολύδακρυν,tearful,264
4174,100119149,Ἀχαιῶν,of the Achaeans,264
4175,100119150,",",",",264
4176,100119151,αἰεί,always,264
4177,100119152,τοι,you,264
4178,100119153,τούτῳ,this,264
4179,100119154,γε,indeed,264
4180,100119155,πόνος,toil,264
4181,100119156,καὶ,and,264
4182,100119157,κήδε’,sorrows,264
4183,100119158,ὀπίσσω,afterwards,264
4184,100119159,ἔσσοντ',they will be,264
4185,100119160,.,.,264
4186,100119161,ἄλλοι,others,265
4187,100119162,γάρ,for,265
4188,100119163,οἱ,they,265
4189,100119164,ἀπουρίσσουσιν,they plow,265
4190,100119165,ἀρούρας,fields,265
4191,100119166,.,.,265
4192,100119167,ἦμαρ,day,266
4193,100119168,δ’,and,266
4194,100119169,ὀρφανικὸν,orphan,266
4195,100119170,παναφήλικα,fatherless,266
4196,100119171,παῖδα,son,266
4197,100119172,τίθησι,places,266
4198,100119173,.,.,266
4199,100119174,πάντα,all,267
4200,100119175,δ’,and,267
4201,100119176,ὑπεμνήμυκε,has reminded,267
4202,100119177,",",",",267
4203,100119178,δεδάκρυνται,have been bathed in tears,267
4204,100119179,δὲ,and,267
4205,100119180,παρειαί,cheeks,267
4206,100119181,",",",",267
4207,100119182,δευόμενος,begging,267
4208,100119183,δέ,and,267
4209,100119184,τ’,and,267
4210,100119185,ἄνεισι,comes,267
4211,100119186,πάϊς,son,267
4212,100119187,ἐς,to,267
4213,100119188,πατρὸς,father's,267
4214,100119189,ἑταίρους,companions,267
4215,100119190,",",",",267
4216,100119191,ἄλλον,one,267
4217,100119192,μὲν,on the one hand,267
4218,100119193,χλαίνης,cloak,267
4219,100119194,ἐρύων,seeking,267
4220,100119195,",",",",267
4221,100119196,ἄλλον,another,267
4222,100119197,δὲ,and,267
4223,100119198,χιτῶνος,tunic,267
4224,100119199,.,.,267
4225,100119200,τῶν,of them,268
4226,100119201,δ’,but,268
4227,100119202,ἐλεησάντων,of those having pity,268
4228,100119203,κοτύλην,pint,268
4229,100119204,τις,someone,268
4230,100119205,τυτθὸν,milk,268
4231,100119206,ἐπέσχε,held back,268
4232,100119207,.,.,268
4233,100119208,χείλεα,lips,269
4234,100119209,μέν,on the one hand,269
4235,100119210,τ’,and,269
4236,100119211,ἐδίην',saw,269
4237,100119212,",",",",269
4238,100119213,ὑπερῴην,palate,269
4239,100119214,δ’,but,269
4240,100119215,οὐκ,not,269
4241,100119216,ἐδίηνε,saw,269
4242,100119217,.,.,269
4243,100119218,τὸν,him,270
4244,100119219,δὲ,but,270
4245,100119220,καὶ,and,270
4246,100119221,ἀμφιθαλὴς,having strength on both sides,270
4247,100119222,ἐκ,from,270
4248,100119223,δαιτύος,of the feast,270
4249,100119224,ἐστυφέλιξε,beat,270
4250,100119225,χερσὶν,with hands,270
4251,100119226,πεπλήγων,striking,270
4252,100119227,καὶ,and,270
4253,100119228,ὀνειδείοισιν,insulting,270
4254,100119229,ἐνίσσων,uttering,270
4255,100119230,.,.,270
4256,100119231,,,271
4257,100119232,ἔρρ',go,271
4258,100119233,οὕτως,so,271
4259,100119234,.,.,271
4260,100119235,οὐ,not,272
4261,100119236,σός,your,272
4262,100119237,γε,indeed,272
4263,100119238,πατὴρ,father,272
4264,100119239,μεταδαίνυται,shares,272
4265,100119240,ἡμῖν,us,272
4266,100119241,,,272
4267,100119242,.,.,272
4268,100119243,δακρυόεις,tearful,273
4269,100119244,δέ,but,273
4270,100119245,τ',and,273
4271,100119246,ἄνεισι,ascends,273
4272,100119247,πάϊς,son,273
4273,100119248,ἐς,into,273
4274,100119249,μητέρα,mother,273
4275,100119250,χήρην,bereft,273
4276,100119251,Ἀστυάναξ,Astyanax,273
4277,100119252,",",",",273
4278,100119253,ὃς,who,273
4279,100119254,πρὶν,before,273
4280,100119255,μὲν,indeed,273
4281,100119256,ἑοῦ,his own,273
4282,100119257,ἐπὶ,on,273
4283,100119258,γούνασι,knees,273
4284,100119259,πατρὸς,of father,273
4285,100119260,μυελὸν,marrow,273
4286,100119261,οἶον,like,273
4287,100119262,ἔδεσκε,used to eat,273
4288,100119263,καὶ,and,273
4289,100119264,οἰῶν,of sheep,273
4290,100119265,πίονα,fatty,273
4291,100119266,δημόν,fat,273
4292,100119267,.,.,273
4293,100119268,αὐτὰρ,but,274
4294,100119269,ὅθ',when,274
4295,100119270,ὕπνος,sleep,274
4296,100119271,ἕλοι,seized,274
4297,100119272,",",",",274
4298,100119273,παύσαιτό,he might cease,274
4299,100119274,τε,and,274
4300,100119275,νηπιαχεύων,babbling,274
4301,100119276,",",",",274
4302,100119277,εὕδεσκ’,was sleeping,274
4303,100119278,ἐν,in,274
4304,100119279,λέκτροισιν,beds,274
4305,100119280,ἐν,in,274
4306,100119281,ἀγκαλίδεσσι,in the arms,274
4307,100119282,τιθήνης,of the nurse,274
4308,100119283,εὐνῇ,couch,274
4309,100119284,ἔνι,in,274
4310,100119285,μαλακῇ,soft,274
4311,100119286,θαλέων,blossoms,274
4312,100119287,ἐμπλησάμενος,having filled,274
4313,100119288,κῆρ,heart,274
4314,100119289,.,.,274
4315,100119290,νῦν,now,275
4316,100119291,δ’,but,275
4317,100119292,ἂν,if,275
4318,100119293,πολλὰ,many,275
4319,100119294,πάθῃσι,suffer,275
4320,100119295,φίλου,dear,275
4321,100119296,ἀπὸ,from,275
4322,100119297,πατρὸς,from father,275
4323,100119298,ἁμαρτὼν,sinning,275
4324,100119299,Ἀστυάναξ,Astyanax,275
4325,100119300,",",",",275
4326,100119301,ὃν,whom,275
4327,100119302,Τρῶες,Trojans,275
4328,100119303,ἐπίκλησιν,as a nickname,275
4329,100119304,καλέουσιν,they call,275
4330,100119305,.,.,275
4331,100119306,οἶος,such,276
4332,100119307,γάρ,for,276
4333,100119308,σφιν,for them,276
4334,100119309,ἔρυσο,guard,276
4335,100119310,πύλας,gates,276
4336,100119311,καὶ,and,276
4337,100119312,τείχεα,walls,276
4338,100119313,μακρά,long,276
4339,100119314,.,.,276
4340,100119315,νῦν,now,277
4341,100119316,δὲ,but,277
4342,100119317,σὲ,you,277
4343,100119318,μὲν,indeed,277
4344,100119319,παρὰ,by,277
4345,100119320,νηυσὶ,ships,277
4346,100119321,κορωνίσι,curved,277
4347,100119322,νόσφι,away from,277
4348,100119323,τοκήων,parents,277
4349,100119324,αἰόλαι,wandering,277
4350,100119325,εὐλαὶ,worms,277
4351,100119326,ἔδονται,they eat,277
4352,100119327,",",",",277
4353,100119328,ἐπεί,when,277
4354,100119329,κε,if,277
4355,100119330,κύνες,dogs,277
4356,100119331,κορέσωνται,be filled,277
4357,100119332,γυμνόν,naked,277
4358,100119333,.,.,277
4359,100119334,ἀτάρ,but,278
4360,100119335,τοι,to you,278
4361,100119336,εἵματ’,garments,278
4362,100119337,ἐνὶ,in,278
4363,100119338,μεγάροισι,in the great halls,278
4364,100119339,κέονται,are laid up,278
4365,100119340,λεπτά,fine,278
4366,100119341,τε,and,278
4367,100119342,καὶ,and,278
4368,100119343,χαρίεντα,charming,278
4369,100119344,τετυγμένα,crafted,278
4370,100119345,χερσὶ,hands,278
4371,100119346,γυναικῶν,of women,278
4372,100119347,.,.,278
4373,100119348,ἀλλ’,but,279
4374,100119349,ἤτοι,surely,279
4375,100119350,τάδε,these,279
4376,100119351,πάντα,all,279
4377,100119352,καταφλέξω,I will burn down,279
4378,100119353,πυρὶ,with fire,279
4379,100119354,κηλέῳ,burning,279
4380,100119355,οὐδὲν,no,279
4381,100119356,σοί,to you,279
4382,100119357,γ’,indeed,279
4383,100119358,ὄφελος,advantage,279
4384,100119359,",",",",279
4385,100119360,ἐπεὶ,because,279
4386,100119361,οὐκ,not,279
4387,100119362,ἐγκείσεαι,you will submit,279
4388,100119363,αὐτοῖς,them,279
4389,100119364,",",",",279
4390,100119365,ἀλλὰ,but,279
4391,100119366,πρὸς,towards,279
4392,100119367,Τρώων,of the Trojans,279
4393,100119368,καὶ,and,279
4394,100119369,Τρωϊάδων,of Trojan women,279
4395,100119370,κλέος,glory,279
4396,100119371,εἶναι,to be,279
4397,100119372,,,279
4398,100119373,.,.,279
4399,100119374,ὣς,so,280
4400,100119375,ἔφατο,said,280
4401,100119376,κλαίουσ’,weeping,280
4402,100119377,",",",",280
4403,100119378,ἐπὶ,after,280
4404,100119379,δὲ,and,280
4405,100119380,στενάχοντο,were lamenting,280
4406,100119381,γυναῖκες,women,280
4407,100119382,.,.,280
